t,v,w
0.0,-1.929437229309386,0.9101151095828509
0.04999999999999716,-1.9266929168329416,0.9023029840261362
0.10000000000000142,-1.923932186028037,0.894526810675525
0.14999999999999858,-1.9211574229999506,0.8867865353533518
0.20000000000000284,-1.918370690597229,0.8790820951876411
0.25,-1.9155737728924656,0.8714134198397485
0.29999999999999716,-1.9127682134475297,0.8637804325631747
0.3500000000000014,-1.9099553482409142,0.8561830511171147
0.3999999999999986,-1.9071363340105576,0.8486211885549803
0.45000000000000284,-1.904312172658652,0.84109475390528
0.5,-1.9014837322731335,0.8336036527597914
0.5499999999999972,-1.8986517652417565,0.8261477877818564
0.6000000000000014,-1.8958169238670548,0.818727059145832
0.6499999999999986,-1.8929797738325034,0.8113413649171772
0.7000000000000028,-1.890140805820497,0.8039906013813328
0.75,-1.8873004455401534,0.7966746633284079
0.7999999999999972,-1.8844590623864235,0.7893934442997134
0.8500000000000014,-1.8816169769206907,0.78214683680134
0.8999999999999986,-1.8787744673362132,0.7749347324892571
0.9500000000000028,-1.8759317750487523,0.7677570223297913
1.0,-1.8730891095330147,0.7606135967388087
1.0499999999999972,-1.87024665250862,0.7535043457024706
1.1000000000000014,-1.8674045615647958,0.7464291588820339
1.1499999999999986,-1.8645629733005482,0.7393879257048329
1.2000000000000028,-1.861722006046383,0.7323805354432867
1.25,-1.8588817622244627,0.7254068772835245
1.2999999999999972,-1.8560423303962152,0.7184668403850049
1.3500000000000014,-1.853203787039641,0.7115603139323214
1.3999999999999986,-1.8503661980927346,0.7046871871802234
1.4500000000000028,-1.8475296202944482,0.6978473494927414
1.5,-1.84469410235031,0.6910406903771935
1.5499999999999972,-1.8418596859461076,0.6842670995137375
1.6000000000000014,-1.8390264066298658,0.6775264667810497
1.6499999999999986,-1.836194294579591,0.670818682278633
1.7000000000000028,-1.8333633752718927,0.6641436363461913
1.75,-1.8305336700645556,0.6575012195804468
1.7999999999999972,-1.8277051967043718,0.6508913228497295
1.8500000000000014,-1.8248779697700264,0.6443138373066262
1.8999999999999986,-1.822052001058517,0.6377686543989344
1.9500000000000028,-1.819227299922465,0.6312556658791396
2.0,-1.816403873564684,0.6247747638126013
2.049999999999997,-1.8135817272955403,0.6183258405846133
2.1000000000000014,-1.8107608647579005,0.6119087889064801
2.1499999999999986,-1.8079412881238333,0.605523501820733
2.200000000000003,-1.8051229982666817,0.5991698727055934
2.25,-1.8023059949116513,0.5928477952787803
2.299999999999997,-1.7994902767676524,0.5865571636007415
2.3500000000000014,-1.7966758416427664,0.5802978720773808
2.3999999999999986,-1.7938626865454128,0.5740698154623461
2.450000000000003,-1.7910508077730165,0.5678728888589306
2.5,-1.7882402009897445,0.5617069877216363
2.549999999999997,-1.7854308612946788,0.5555720078574421
2.6000000000000014,-1.7826227832816215,0.549467845426812
2.6499999999999986,-1.77981596109157,0.5433943969444768
2.700000000000003,-1.77701038845877,0.5373515592800159
2.75,-1.774206058751138,0.5313392296582665
2.799999999999997,-1.7714029650057492,0.5253573056595788
2.8500000000000014,-1.7686010999599922,0.5194056852199374
2.8999999999999986,-1.7658004560789196,0.513484266630966
2.950000000000003,-1.7630010255792599,0.5075929485398308
3.0,-1.7602028004504906,0.5017316299490523
3.049999999999997,-1.7574057724733336,0.49590021021623987
3.1000000000000014,-1.754609933235975,0.4900985890537583
3.1499999999999986,-1.7518152741482886,0.484326666528334
3.200000000000003,-1.7490217864542967,0.47858434306060976
3.25,-1.7462294612430809,0.4728715194246536
3.299999999999997,-1.7434382894583202,0.4671880967474292
3.3500000000000014,-1.740648261906625,0.4615339765082323
3.3999999999999986,-1.7378593692648034,0.4559090605380971
3.450000000000003,-1.7350716020861845,0.4503132510191784
3.5,-1.7322849508061091,0.44474645048411143
3.549999999999997,-1.7294994057466822,0.4392085618153538
3.6000000000000014,-1.7267149571208733,0.43369948824451143
3.6499999999999986,-1.7239315950360368,0.42821913335165196
3.700000000000003,-1.7211493094969195,0.4227674010646067
3.75,-1.7183680904082117,0.4173441956582644
3.799999999999997,-1.7155879275766919,0.41194942175385774
3.8500000000000014,-1.7128088107130126,0.4065829843182437
3.8999999999999986,-1.7100307294331616,0.4012447886631806
3.950000000000003,-1.7072536732596388,0.3959347404446015
4.0,-1.7044776316223749,0.39065274566188624
4.049999999999997,-1.7017025938594212,0.3853987106571323
4.100000000000001,-1.6989285492174342,0.3801725421144258
4.149999999999999,-1.696155486851973,0.3749741470591133
4.200000000000003,-1.6933833958276345,0.36980343285707473
4.25,-1.6906122651180333,0.36466030721399906
4.299999999999997,-1.687842083605651,0.3595446781746619
4.350000000000001,-1.6850728400815589,0.35445645412220683
4.399999999999999,-1.6823045232450309,0.3493955437774302
4.450000000000003,-1.6795371217030546,0.34436185619806964
4.5,-1.6767706239697477,0.33935530077809756
4.549999999999997,-1.6740050184656905,0.33437578724701905
4.600000000000001,-1.6712402935171784,0.3294232256691747
4.649999999999999,-1.668476437355403,0.3244975264430491
4.700000000000003,-1.665713438115566,0.31959860030058496
4.75,-1.6629512838359266,0.314726358306503
4.799999999999997,-1.660189962456795,0.3098807118576277
4.850000000000001,-1.6574294618194667,0.30506157268221973
4.899999999999999,-1.6546697696651063,0.3002688528393144
4.950000000000003,-1.6519108736335806,0.2955024647180675
5.0,-1.6491527612622463,0.2907623210371073
5.049999999999997,-1.646395419984689,0.28604833484389375
5.100000000000001,-1.6436388371294226,0.28136041951408514
5.149999999999999,-1.6408829999185433,0.2766984887509115
5.200000000000003,-1.6381278954663445,0.2720624565845562
5.25,-1.6353735107778906,0.2674522373715444
5.299999999999997,-1.6326198327475532,0.2628677457941397
5.350000000000001,-1.6298668481575083,0.25830889685974845
5.399999999999999,-1.6271145436761951,0.2537756059003321
5.450000000000003,-1.624362905856739,0.24926778857182766
5.5,-1.6216119211353357,0.24478536085357636
5.549999999999997,-1.6188615758295999,0.2403282390477607
5.600000000000001,-1.6161118561368768,0.23589633977884983
5.649999999999999,-1.6133627481325175,0.23148957999305383
5.700000000000003,-1.6106142377681147,0.22710787695778617
5.75,-1.6078663108697067,0.22275114826113562
5.799999999999997,-1.6051189531359376,0.2184193118113467
5.850000000000001,-1.6023721501361863,0.21411228583630926
5.899999999999999,-1.599625887308653,0.20982998888305737
5.950000000000003,-1.5968801499584102,0.20557233981727743
6.0,-1.5941349232554127,0.20133925782282566
6.049999999999997,-1.5913901922324705,0.19713066240125532
6.100000000000001,-1.5886459417831809,0.19294647337135354
6.149999999999999,-1.5859021566598193,0.18878661086868784
6.200000000000003,-1.5831588214711914,0.18465099534516277
6.25,-1.5804159206804407,0.18053954756858664
6.299999999999997,-1.577673438602816,0.1764521886222484
6.350000000000001,-1.5749313594033933,0.17238883990450474
6.399999999999999,-1.5721896670947568,0.16834942312837797
6.450000000000003,-1.5694483455346322,0.16433386032116437
6.5,-1.5667073784234749,0.1603420738240534
6.549999999999997,-1.5639667493020133,0.1563739862917578
6.600000000000001,-1.5612264415487425,0.1524295206921547
6.649999999999999,-1.5584864383773707,0.14850860030593824
6.700000000000003,-1.555746722834215,0.14461114872628333
6.75,-1.5530072777955475,0.1407370898585211
6.799999999999997,-1.5502680859648903,0.13688634791982604
6.850000000000001,-1.5475291298702554,0.13305884743891525
6.899999999999999,-1.544790391861333,0.1292545132557594
6.950000000000003,-1.542051854106624,0.12547327052130633
7.0,-1.5393134985905166,0.1217150446972169
7.049999999999997,-1.5365753071103034,0.1179797615556134
7.100000000000001,-1.5338372612731428,0.11426734717884106
7.149999999999999,-1.5310993424929575,0.11057772795924233
7.200000000000003,-1.528361531987272,0.10691083059894446
7.25,-1.5256238107739892,0.10326658210966061
7.299999999999997,-1.5228861596680994,0.09964490981250444
7.350000000000001,-1.5201485592783262,0.09604574133781867
7.399999999999999,-1.517410990003704,0.09246900462501775
7.450000000000003,-1.514673432030085,0.0889146279224447
7.5,-1.5119358653265782,0.0853825397872426
7.549999999999997,-1.509198269641914,0.08187266908524087
7.600000000000001,-1.5064606245007361,0.07838494499085649
7.649999999999999,-1.5037229091998179,0.07491929698701058
7.700000000000003,-1.5009851028041992,0.0714756548650605
7.75,-1.4982471841432465,0.06805394872474763
7.799999999999997,-1.4955091318066296,0.06465410897416143
7.850000000000001,-1.4927709241402158,0.06127606632971972
7.899999999999999,-1.4900325392418796,0.05791975181616553
7.950000000000003,-1.4872939549572233,0.054585096766580986
8.0,-1.4845551488752087,0.05127203282241835
8.049999999999997,-1.4818160983236992,0.047980491933548676
8.100000000000001,-1.479076780364905,0.04471040635832817
8.149999999999999,-1.4763371717907319,0.041461708663682796
8.200000000000003,-1.4735972491180345,0.03823433172521141
8.25,-1.470856988583766,0.03502820872730765
8.299999999999997,-1.4681163661400234,0.031843273163301086
8.350000000000001,-1.4653753574489898,0.028679458835617858
8.399999999999999,-1.4626339378777642,0.025536699855961232
8.450000000000003,-1.4598920824930808,0.02241493064551247
8.5,-1.457149766055915,0.019314085935152367
8.549999999999997,-1.4544069630159702,0.016234100765703852
8.600000000000001,-1.4516636475060454,0.01317491048819604
8.649999999999999,-1.4489197933362776,0.010136450764150248
8.700000000000003,-1.4461753739882601,0.007118657565888283
8.75,-1.4434303626090277,0.004121467176863519
8.799999999999997,-1.4406847320049112,0.0011448161920151927
8.850000000000001,-1.437938454635252,-0.0018113584818535968
8.899999999999999,-1.4351915026059798,-0.004747119625673743
8.950000000000003,-1.4324438476630434,-0.007662529707683332
9.0,-1.4296954611856953,-0.010557650882975653
9.049999999999997,-1.4269463141796221,-0.013432544993021558
9.100000000000001,-1.4241963772699224,-0.016287273565165596
9.149999999999999,-1.4214456206939217,-0.019121897812095386
9.200000000000003,-1.4186940142938234,-0.02193647863128368
9.25,-1.4159415275091938,-0.024731076604402505
9.299999999999997,-1.41318812936927,-0.027505751996708835
9.350000000000001,-1.4104337884850926,-0.030260564756401157
9.399999999999999,-1.4076784730414535,-0.03299557451394627
9.450000000000003,-1.4049221507886578,-0.03571084058137577
9.5,-1.4021647890340918,-0.03840642195155146
9.549999999999997,-1.3994063546335929,-0.041082377297399005
9.600000000000001,-1.396646813982616,-0.04373876497110924
9.649999999999999,-1.3938861330071903,-0.04637564300330631
9.700000000000003,-1.3911242771546608,-0.04899306910218187
9.75,-1.3883612113842094,-0.0515911006525947
9.799999999999997,-1.3855969001571484,-0.05416979471513486
9.850000000000001,-1.3828313074269794,-0.056729208025151655
9.899999999999999,-1.3800643966292132,-0.05926939699174443
9.950000000000003,-1.3772961306709426,-0.06179041769671553
10.0,-1.3745264719201584,-0.06429232589348444
10.049999999999997,-1.3717553821948083,-0.06677517700596217
10.100000000000001,-1.3689828227515841,-0.06923902612738503
10.149999999999999,-1.3662087542744323,-0.07168392801910684
10.200000000000003,-1.3634331368627808,-0.07410993710934842
10.25,-1.360655930019473,-0.0765171074919037
10.299999999999997,-1.3578770926384,-0.07890549292480095
10.350000000000001,-1.3550965829918227,-0.08127514682891838
10.399999999999999,-1.3523143587173747,-0.08362612228655292
10.450000000000003,-1.3495303768047362,-0.08595847203994096
10.5,-1.3467445935819695,-0.08827224848973
10.549999999999997,-1.3439569647015068,-0.0905675036933998
10.600000000000001,-1.3411674451257776,-0.09284428936363197
10.649999999999999,-1.338375989112469,-0.09510265686662668
10.700000000000003,-1.3355825501994016,-0.09734265722036509
10.75,-1.3327870811890168,-0.09956434109281606
10.799999999999997,-1.329989534132457,-0.10176775880008603
10.850000000000001,-1.3271898603132313,-0.10395296030451018
10.899999999999999,-1.3243880102304526,-0.10611999521268384
10.950000000000003,-1.3215839335816286,-0.1082689127734321
11.0,-1.3187775792450023,-0.11039976187571654
11.049999999999997,-1.3159688952614164,-0.11251259104647697
11.100000000000001,-1.3131578288156995,-0.11460744844840685
11.149999999999999,-1.3103443262175467,-0.11668438187766036
11.200000000000003,-1.3075283328818872,-0.11874343876148945
11.25,-1.3047097933087206,-0.12078466615580902
11.299999999999997,-1.3018886510624046,-0.12280811074268826
11.350000000000001,-1.299064848750375,-0.12481381882776607
11.399999999999999,-1.2962383280012841,-0.12680183633758868
11.450000000000003,-1.2934090294425342,-0.12877220881686732
11.5,-1.29057689267719,-0.13072498142565356
11.549999999999997,-1.2877418562602494,-0.13266019893643022
11.600000000000001,-1.2849038576742509,-0.13457790573111564
11.649999999999999,-1.2820628333041957,-0.13647814579797854
11.700000000000003,-1.279218718411763,-0.13836096272846132
11.75,-1.2763714471087952,-0.14022639971390907
11.799999999999997,-1.2735209523300297,-0.1420744995422016
11.850000000000001,-1.27066716580505,-0.14390530459428577
11.899999999999999,-1.2678100180294307,-0.1457188568406053
11.950000000000003,-1.2649494382350537,-0.14751519783742512
12.0,-1.2620853543595596,-0.14929436872304724
12.049999999999997,-1.2592176930149128,-0.15105641021391483
12.100000000000001,-1.2563463794550471,-0.15280136260060154
12.149999999999999,-1.2534713375425581,-0.1545292657436823
12.200000000000003,-1.2505924897144156,-0.15624015906948266
12.25,-1.2477097569466566,-0.15793408156570246
12.299999999999997,-1.2448230587180265,-0.15961107177691056
12.350000000000001,-1.2419323129725326,-0.16127116779990652
12.399999999999999,-1.2390374360808685,-0.16291440727894546
12.450000000000003,-1.2361383428006767,-0.16454082740082157
12.5,-1.2332349462355996,-0.1661504648898063
12.549999999999997,-1.230327157793083,-0.16774335600243695
12.600000000000001,-1.2274148871408854,-0.1693195365221505
12.649999999999999,-1.2244980421622464,-0.17087904175375843
12.700000000000003,-1.2215765289096674,-0.1724219065177573
12.75,-1.2186502515572533,-0.1739481651444701
12.799999999999997,-1.2157191123515652,-0.1754578514680131
12.850000000000001,-1.212783011560928,-0.17695099882008247
12.899999999999999,-1.2098418474231347,-0.1784276400235553
12.950000000000003,-1.2068955160914965,-0.17988780738589877
13.0,-1.203943911579166,-0.18133153269238167
13.049999999999997,-1.2009869257016805,-0.18275884719908161
13.100000000000001,-1.198024448017652,-0.18416978162568137
13.149999999999999,-1.1950563657675382,-0.18556436614804778
13.200000000000003,-1.1920825638104182,-0.1869426303905855
13.25,-1.1891029245587057,-0.18830460341835925
13.299999999999997,-1.1861173279107105,-0.1896503137289753
13.350000000000001,-1.1831256511809753,-0.19097978924421616
13.399999999999999,-1.180127769028299,-0.19229305730141835
13.450000000000003,-1.177123553381354,-0.19359014464458607
13.5,-1.1741128733618127,-0.19487107741523094
13.549999999999997,-1.1710955952048774,-0.19613588114292888
13.600000000000001,-1.1680715821771173,-0.1973845807355847
13.649999999999999,-1.165040694491505,-0.19861720046939382
13.700000000000003,-1.1620027892195428,-0.19983376397849095
13.75,-1.1589577202003618,-0.20103429424427527
13.799999999999997,-1.155905337946674,-0.20221881358440003
13.850000000000001,-1.15284548954745,-0.20338734364141534
13.899999999999999,-1.1497780185671929,-0.20453990537105216
13.950000000000003,-1.1467027649416666,-0.20567651903013384
14.0,-1.1436195648699368,-0.2067972041641031
14.049999999999997,-1.140528250702573,-0.2079019795941497
14.099999999999994,-1.1374286508258515,-0.20899086340392506
14.150000000000006,-1.134320589541798,-0.21006387292582848
14.200000000000003,-1.1312038869438912,-0.21112102472684963
14.25,-1.1280783587882508,-0.2121623345939507
14.299999999999997,-1.124943816360117,-0.2131878175189719
14.349999999999994,-1.1218000663354233,-0.21419748768304164
14.400000000000006,-1.1186469106372516,-0.2151913584404741
14.450000000000003,-1.1154841462869582,-0.21616944230213406
14.5,-1.1123115652497302,-0.2171317509182494
14.549999999999997,-1.1091289542743406,-0.2180782950606502
14.599999999999994,-1.1059360947268477,-0.2190090846044127
14.650000000000006,-1.102732762417973,-0.2199241285088851
14.700000000000003,-1.0995187274238774,-0.22082343479807148
14.75,-1.0962937539000512,-0.22170701054034916
14.799999999999997,-1.0930575998880043,-0.22257486182749328
14.849999999999994,-1.0898100171144391,-0.22342699375298125
14.900000000000006,-1.086550750782568,-0.22426341038954922
14.950000000000003,-1.0832795393552175,-0.22508411476597043
15.0,-1.07999611432935,-0.2258891088430245
15.049999999999997,-1.076700200001608,-0.22667839348862528
15.099999999999994,-1.0733915132244665,-0.22745196845207327
15.150000000000006,-1.070069763152566,-0.22820983233739683
15.200000000000003,-1.0667346509787605,-0.22895198257574528
15.25,-1.063385869659406,-0.22967841539679482
15.299999999999997,-1.060023103628381,-0.23038912579912588
15.349999999999994,-1.056646028499304,-0.23108410751953049
15.400000000000006,-1.0532543107553907,-0.23176335300120313
15.450000000000003,-1.049847607426353,-0.23242685336076935
15.5,-1.0464255657517199,-0.23307459835410255
15.549999999999997,-1.042987822829922,-0.23370657634087694
15.599999999999994,-1.0395340052524429,-0.2343227742478028
15.650000000000006,-1.0360637287223062,-0.23492317753048733
15.700000000000003,-1.0325765976561279,-0.23550777013386082
15.75,-1.0290722047689134,-0.23607653445110602
15.799999999999997,-1.0255501306407415,-0.23662945128102467
15.849999999999994,-1.022009943264422,-0.23716649978377194
15.900000000000006,-1.0184511975731676,-0.23768765743488637
15.950000000000003,-1.0148734349472612,-0.23819289997753862
16.0,-1.0112761826986443,-0.23868220137291893
16.049999999999997,-1.0076589535322884,-0.23915553374867873
16.099999999999994,-1.0040212449831472,-0.23961286734533752
16.150000000000006,-1.0003625388274147,-0.24005417046056163
16.200000000000003,-0.9966823004667402,-0.24047940939121581
16.25,-0.9929799782839744,-0.24088854837308502
16.299999999999997,-0.9892550029689288,-0.24128154951815584
16.349999999999994,-0.985506786812548,-0.24165837274934346
16.400000000000006,-0.9817347229677923,-0.24201897573254247
16.450000000000003,-0.9779381846754269,-0.24236331380587334
16.5,-0.9741165244528036,-0.24269133990598987
16.549999999999997,-0.970269073243604,-0.24300300449130502
16.599999999999994,-0.966395139526387,-0.24329825546198505
16.650000000000006,-0.962494008379649,-0.24357703807655287
16.700000000000003,-0.958564940500964,-0.24383929486493314
16.75,-0.9546071711776138,-0.24408496553776218
16.799999999999997,-0.9506199092059598,-0.2443139868917751
16.849999999999994,-0.9466023357566277,-0.24452629271107237
16.900000000000006,-0.9425536031823909,-0.24472181366405638
16.950000000000003,-0.9384728337654402,-0.24490047719581665
17.0,-0.9343591184005049,-0.24506220741572876
17.049999999999997,-0.9302115152100684,-0.24520692498001911
17.099999999999994,-0.9260290480876683,-0.24533454696903215
17.150000000000006,-0.9218107051650076,-0.2454449867589216
17.200000000000003,-0.9175554371983194,-0.2455381538874699
17.25,-0.9132621558691228,-0.24561395391372315
17.299999999999997,-0.9089297319941786,-0.24567228827110826
17.349999999999994,-0.9045569936391012,-0.2457130541136805
17.400000000000006,-0.9001427241297086,-0.24573614415512618
17.450000000000003,-0.8956856599547798,-0.24574144650012336
17.5,-0.8911844885534576,-0.24572884446763743
17.549999999999997,-0.8866378459800605,-0.24569821640570244
17.599999999999994,-0.882044314438566,-0.24564943549721105
17.650000000000006,-0.877402419678477,-0.24558236955620416
17.700000000000003,-0.8727106282432028,-0.24549688081412008
17.75,-0.8679673445614523,-0.24539282569542745
17.799999999999997,-0.8631709078714548,-0.24527005458202839
17.849999999999994,-0.8583195889670943,-0.24512841156577914
17.900000000000006,-0.8534115867542497,-0.2449677341884314
17.950000000000003,-0.8484450246047814,-0.24478785316825208
18.0,-0.8434179464946864,-0.244588592112529
18.049999999999997,-0.8383283129119478,-0.2443697672151175
18.099999999999994,-0.8331739965185397,-0.24413118693812483
18.150000000000006,-0.8279527775498837,-0.24387265167676872
18.200000000000003,-0.8226623389338112,-0.2435939534063798
18.25,-0.8173002611097337,-0.24329487531044625
18.299999999999997,-0.8118640165272661,-0.24297519138852355
18.349999999999994,-0.8063509638019737,-0.24263466604274947
18.400000000000006,-0.8007583415042167,-0.24227305364161514
18.450000000000003,-0.7950832615552201,-0.24189009805954992
18.5,-0.7893227022025194,-0.24148553219077223
18.549999999999997,-0.7834735005447815,-0.2410590774357508
18.599999999999994,-0.777532344573683,-0.24061044315850008
18.650000000000006,-0.7714957646980268,-0.24013932611280492
18.700000000000003,-0.765360124712566,-0.23964540983533342
18.75,-0.7591216121710912,-0.2391283640034448
18.799999999999997,-0.7527762281201806,-0.2385878437553412
18.849999999999994,-0.7463197761466133,-0.23802348897003672
18.900000000000006,-0.7397478506877796,-0.23743492350443202
18.950000000000003,-0.7330558245504729,-0.23682175438457972
19.0,-0.7262388355791966,-0.23618357094801004
19.049999999999997,-0.7192917724105472,-0.23551994393375084
19.099999999999994,-0.7122092592453293,-0.23483042451642486
19.150000000000006,-0.7049856395647885,-0.23411454328053466
19.200000000000003,-0.6976149587117233,-0.23337180913075292
19.25,-0.6900909452512142,-0.23260170813372158
19.299999999999997,-0.682406991019301,-0.23180370228652358
19.349999999999994,-0.6745561297611329,-0.23097722820662725
19.400000000000006,-0.6665310142529107,-0.2301216957377127
19.450000000000003,-0.6583238917943532,-0.22923648646537012
19.5,-0.6499265779504612,-0.22832095213621043
19.549999999999997,-0.6413304284130725,-0.2273744129734501
19.599999999999994,-0.6325263088441455,-0.2263961558815185
19.650000000000006,-0.6235045625539533,-0.22538543253169233
19.700000000000003,-0.6142549758585453,-0.224341457320182
19.75,-0.6047667409520614,-0.2232634051894844
19.799999999999997,-0.5950284161209851,-0.22215040930317137
19.849999999999994,-0.5850278831194528,-0.22100155856360768
19.900000000000006,-0.5747523015176234,-0.21981589496138967
19.950000000000003,-0.5641880598293093,-0.21859241074456823
20.0,-0.5533207232211154,-0.2173300453949752
20.049999999999997,-0.5421349776039354,-0.21602768239821954
20.099999999999994,-0.530614569909703,-0.21468414579316983
20.150000000000006,-0.5187422443628931,-0.21329819648600948
20.200000000000003,-0.506499674568816,-0.21186852831326036
20.25,-0.4938673912609636,-0.21039376383754743
20.299999999999997,-0.4808247055797079,-0.20887244985935527
20.349999999999994,-0.46734962779716305,-0.20730305262765117
20.400000000000006,-0.4534187814612887,-0.20568395273207435
20.450000000000003,-0.4390073130103332,-0.20401343965948704
20.5,-0.42408879701142016,-0.2022897059981391
20.549999999999997,-0.40863513731045603,-0.20051084127361923
20.599999999999994,-0.39261646455184857,-0.1986748254022931
20.650000000000006,-0.3760010307445645,-0.1967795217502229
20.700000000000003,-0.3587551018263573,-0.19482266978883225
20.75,-0.34084284952315935,-0.19280187734307322
20.799999999999997,-0.3222262442305571,-0.19071461243387436
20.849999999999994,-0.3028649511764506,-0.18855819472456456
20.900000000000006,-0.2827162327787327,-0.18632978659122246
20.950000000000003,-0.2617348609123185,-0.1840263838500212
21.0,-0.23987304377217955,-0.1816448061912463
21.049999999999997,-0.21708037319173162,-0.17918168739049406
21.099999999999994,-0.1933037996792221,-0.1766334653934543
21.150000000000006,-0.16848764409903455,-0.1739963724026101
21.200000000000003,-0.1425736568781408,-0.17126642513323106
21.25,-0.11550113788211257,-0.1684394154533693
21.299999999999997,-0.08720713269000693,-0.16551090167943372
21.349999999999994,-0.05762672389258523,-0.1624762008665526
21.400000000000006,-0.026693439201394976,-0.15933038251247086
21.450000000000003,0.005660198502478869,-0.1560682641860393
21.5,0.039501950689017,-0.15268440969682007
21.549999999999997,0.07489894064529498,-0.14917313054053324
21.599999999999994,0.11191649473209626,-0.14552849148435104
21.650000000000006,0.15061671187589645,-0.14174432129296594
21.700000000000003,0.19105672618780745,-0.13781422973501975
21.75,0.23328663082483392,-0.13373163214070916
21.799999999999997,0.27734703835903113,-0.12948978289189395
21.849999999999994,0.3232662653375507,-0.125081819297582
21.900000000000006,0.3710571478469439,-0.12050081731646853
21.950000000000003,0.42071352211882207,-0.11573986050483448
22.0,0.4722064405632697,-0.11079212335829758
22.049999999999997,0.5254802393614935,-0.10565096984274074
22.099999999999994,0.5804486278574487,-0.10031006733774507
22.150000000000006,0.6369910295041354,-0.09476351541742432
22.200000000000003,0.694949463581188,-0.08900598785782099
22.25,0.7541263079850213,-0.0830328850036178
22.299999999999997,0.8142833150774725,-0.076840492205227
22.349999999999994,0.8751422521042891,-0.0704261385535263
22.400000000000006,0.9363874925708201,-0.06378834874773744
22.450000000000003,0.9976707860039247,-0.056926979830251655
22.5,1.0586182785171,-0.04984333393203023
22.549999999999997,1.1188396536636491,-0.04254023830340798
22.599999999999994,1.1779390325256254,-0.03502208491027658
22.650000000000006,1.2355270453060334,-0.027294823802478472
22.700000000000003,1.291233301838659,-0.019365907216615512
22.75,1.3447183820578372,-0.011244184714486417
22.799999999999997,1.3956844657164245,-0.002939753208536619
22.849999999999994,1.4438838313695592,0.005536230954152147
22.900000000000006,1.4891246639594036,0.01417176801562549
22.950000000000003,1.531273884947452,0.022954247431195958
23.0,1.5702570138884093,0.03187068507138514
23.049999999999997,1.6060553396641497,0.04090795360657137
23.099999999999994,1.6387008865075878,0.050052996265469094
23.150000000000006,1.6682697835207705,0.05929301640352865
23.200000000000003,1.6948746833559964,0.06861563787393686
23.25,1.71865683771915,0.0780090337343394
23.299999999999997,1.7397783453669686,0.08746202308722056
23.349999999999994,1.7584149664424114,0.09696413767451731
23.400000000000006,1.7747497674486232,0.10650566115529068
23.450000000000003,1.7889677408245357,0.11607764479580006
23.5,1.8012514425328028,0.12567190365576372
23.549999999999997,1.8117776149734615,0.1352809973544908
23.599999999999994,1.8207147109908628,0.14489819924617614
23.650000000000006,1.8282212048902078,0.154517457418836
23.700000000000003,1.8344445638927753,0.16413335043490598
23.75,1.8395207536564575,0.17374104021365347
23.799999999999997,1.843574160065307,0.18333622395819307
23.849999999999994,1.8467178228894876,0.19291508657904766
23.900000000000006,1.8490538924373383,0.20247425467529204
23.950000000000003,1.850674236081203,0.21201075280762435
24.0,1.851661136341617,0.2215219625333894
24.049999999999997,1.8520880353942735,0.2310055844661266
24.099999999999994,1.8520202921354765,0.24045960346429246
24.150000000000006,1.8515159272723731,0.24988225693750743
24.200000000000003,1.8506263394159723,0.25927200617631774
24.25,1.8493969810513253,0.26862751055606293
24.299999999999997,1.8478679877762159,0.2779476044309303
24.349999999999994,1.846074757574346,0.2872312765155556
24.400000000000006,1.8440484793413356,0.2964776515444344
24.450000000000003,1.8418166116058918,0.3056859740006147
24.5,1.8394033135489838,0.3148555937120518
24.549999999999997,1.8368298311568863,0.3239859531246367
24.599999999999994,1.834114841759272,0.3330765760737629
24.650000000000006,1.8312747603880062,0.3421270578902847
24.700000000000003,1.8283240114134456,0.3511370566910502
24.75,1.8252752688245002,0.3601062857183266
24.799999999999997,1.8221396683552955,0.3690345066060036
24.849999999999994,1.81892699445377,0.3779215234632405
24.900000000000006,1.8156458448567583,0.38676717767807295
24.950000000000003,1.8123037752969022,0.39557134335437677
25.0,1.808907426629314,0.40433392330546597
25.049999999999997,1.8054626364371003,0.4130548455365275
25.099999999999994,1.801974536958931,0.42173406015609677
25.150000000000006,1.7984476409812393,0.43037153666392486
25.200000000000003,1.7948859171535314,0.43896726156894267
25.25,1.7912928560179016,0.44752123629665996
25.299999999999997,1.787671527892808,0.4560334753503153
25.349999999999994,1.7840246336157102,0.464504004694486
25.400000000000006,1.780354549028299,0.47293286033373166
25.450000000000003,1.7766633639806182,0.4813200870622421
25.5,1.7729529165352316,0.4896657373634466
25.549999999999997,1.7692248229685423,0.49796987044115304
25.599999999999994,1.765480504092308,0.5062325513660824
25.650000000000006,1.761721208353253,0.5144538503236675
25.700000000000003,1.7579480321114709,0.522633841950746
25.75,1.7541619374481403,0.53077260475031
25.799999999999997,1.7503637678091142,0.5388702205748239
25.849999999999994,1.7465542617524756,0.5469267741697971
25.900000000000006,1.742734065034475,0.5549423527703236
25.950000000000003,1.7389037412388542,0.5629170457442028
26.0,1.735063781128826,0.5708509442760437
26.049999999999997,1.7312146108785138,0.5787441410874377
26.099999999999994,1.7273565993210205,0.5865967301888917
26.150000000000006,1.723490064333154,0.5944088066597377
26.200000000000003,1.719615278461854,0.6021804664526959
26.25,1.7157324738842838,0.6099118062201707
26.299999999999997,1.711841846782126,0.6176029231597183
26.349999999999994,1.7079435612006364,0.6252539148764223
26.400000000000006,1.7040377524542798,0.6328648792601972
26.450000000000003,1.7001245301331545,0.6404359143762702
26.5,1.6962039807577383,0.6479671183673013
26.549999999999997,1.692276170123661,0.6554585893657865
26.599999999999994,1.68834114537311,0.6629104254155471
26.650000000000006,1.6843989368250083,0.6703227244012503
26.700000000000003,1.6804495595922002,0.6776955839850297
26.75,1.676493015010455,0.6850291015493829
26.799999999999997,1.6725292919011057,0.6923233741456191
26.849999999999994,1.6685583676865068,0.6995784984472144
26.900000000000006,1.6645802093751967,0.7067945707075048
26.950000000000003,1.6605947744316225,0.7139716867212134
27.0,1.6566020115435207,0.7211099417893655
27.049999999999997,1.6526018612984783,0.7282094306871953
27.099999999999994,1.6485942567798424,0.7352702476346932
27.150000000000006,1.644579124090933,0.7422924862694796
27.200000000000003,1.6405563828154661,0.749276239621731
27.25,1.6365259464211546,0.7562216000909071
27.299999999999997,1.6324877226126449,0.7631286594240628
27.349999999999994,1.6284416136392181,0.769997508695546
27.400000000000006,1.624387516562051,0.7768282382879061
27.450000000000003,1.6203253234852775,0.7836209378738592
27.5,1.6162549217545852,0.7903756963991658
27.549999999999997,1.612176194126658,0.7970926020662975
27.599999999999994,1.6080890189123784,0.8037717423187799
27.650000000000006,1.6039932700963708,0.8104132038261088
27.700000000000003,1.5998888174351606,0.817017072469148
27.75,1.5957755265359577,0.8235834333259281
27.799999999999997,1.5916532589178378,0.8301123706577678
27.849999999999994,1.5875218720568842,0.8366039678956524
27.900000000000006,1.5833812194166632,0.8430583076268059
27.950000000000003,1.5792311504652483,0.8494754715814006
28.0,1.575071510679852,0.8558555406193522
28.049999999999997,1.570902141539999,0.8621985947171523
28.099999999999994,1.5667228805100564,0.8685047129546939
28.150000000000006,1.5625335610118276,0.8747739735020498
28.200000000000003,1.5583340123878302,0.881006453606164
28.25,1.55412405985579,0.8872022295774227
28.299999999999997,1.5499035244548034,0.893361376776068
28.349999999999994,1.5456722229835678,0.8994839695984255
28.400000000000006,1.5414299679309935,0.9055700814629128
28.450000000000003,1.5371765673994857,0.9116197847958021
28.5,1.532911825021105,0.9176331510167056
28.549999999999997,1.5286355398667915,0.923610250523761
28.599999999999994,1.5243475063487824,0.9295511526784863
28.650000000000006,1.5200475141163188,0.9354559257902807
28.700000000000003,1.5157353479447027,0.9413246371005449
28.75,1.5114107876177303,0.9471573527663966
28.799999999999997,1.5070736078034945,0.9529541378439532
28.849999999999994,1.5027235779235284,0.9587150562711616
28.900000000000006,1.4983604620152216,0.9644401708501443
28.950000000000003,1.493984018587428,0.9701295432290407
29.0,1.489594000469147,0.9757832338833139
29.049999999999997,1.4851901546511477,0.9814013020965018
29.099999999999994,1.4807722221203685,0.9869838059403797
29.150000000000006,1.476339937686913,0.9925308022545125
29.200000000000003,1.4718930298034356,0.9980423466251648
29.25,1.4674312203766846,1.0035184933635424
29.299999999999997,1.4629542245709553,1.0089592954833344
29.349999999999994,1.4584617506031747,1.0143648046775249
29.400000000000006,1.4539534995293246,1.0197350712944437
29.450000000000003,1.449429165021876,1.0250701443130237
29.5,1.4448884331378984,1.0303700713172272
29.549999999999997,1.4403309820774661,1.0356348984696122
29.599999999999994,1.4357564819319728,1.0408646704839948
29.650000000000006,1.43116459442193,1.0460594305971762
29.700000000000003,1.4265549726238043,1.0512192205396882
29.75,1.421927260685413,1.0563440805055213
29.799999999999997,1.4172810935293745,1.0614340491207865
29.849999999999994,1.4126160965440764,1.0664891634112705
29.900000000000006,1.4079318852615899,1.0715094587688327
29.950000000000003,1.4032280650219275,1.0764949689165981
30.0,1.3985042306230033,1.0814457258728898
30.049999999999997,1.3937599659556186,1.0863617599138522
30.099999999999994,1.3889948436227535,1.0912430995347016
30.150000000000006,1.3842084245424058,1.0960897714095492
30.200000000000003,1.379400257533166,1.1009018003497335
30.25,1.3745698788816854,1.1056792092605918
30.299999999999997,1.3697168118911205,1.110422019096607
30.349999999999994,1.3648405664096084,1.1151302488148542
30.400000000000006,1.3599406383377495,1.1198039153266703
30.450000000000003,1.3550165091140283,1.1244430334474704
30.5,1.3500676451770293,1.1290476158446194
30.549999999999997,1.3450934974032438,1.1336176729832783
30.599999999999994,1.3400935005191823,1.1381532130701233
30.650000000000006,1.3350670724864362,1.1426542419948467
30.700000000000003,1.3300136138582461,1.1471207632693308
30.75,1.3249325071060467,1.1515527779643873
30.799999999999997,1.3198231159143627,1.155950284643947
30.849999999999994,1.3146847844423286,1.160313279296577
30.900000000000006,1.3095168365499998,1.1646417552641988
30.950000000000003,1.3043185749875061,1.1689357031678702
31.0,1.2990892805449716,1.1731951108304879
31.049999999999997,1.2938282111609993,1.1774199631962614
31.099999999999994,1.2885346009873724,1.1816102422467958
31.150000000000006,1.283207659407474,1.1857659269136167
31.200000000000003,1.2778465700057657,1.1898869929869584
31.25,1.2724504894854909,1.1939734130206234
31.299999999999997,1.2670185465315802,1.1980251562327175
31.349999999999994,1.2615498406155397,1.202042188402044
31.400000000000006,1.2560434407388814,1.206024471759936
31.450000000000003,1.250498384111435,1.209971964877287
31.5,1.244913674760616,1.213884622546527
31.549999999999997,1.2392882820674722,1.2177623956582768
31.599999999999994,1.2336211392250402,1.2216052310723973
31.650000000000006,1.227911141614223,1.225413071483129
31.700000000000003,1.2221571450920847,1.2291858552780055
31.75,1.216357964187087,1.2329235163901946
31.799999999999997,1.2105123701954073,1.2366259841439122
31.849999999999994,1.2046190891720667,1.2402931830925155
31.900000000000006,1.1986767998101404,1.2439250328488722
31.950000000000003,1.19268413120084,1.2475214479075654
32.0,1.1866396604667329,1.2510823374584705
32.05,1.1805419102597983,1.254607605191209
32.099999999999994,1.1743893461154038,1.2580971490899497
32.150000000000006,1.1681803736526264,1.261550861217996
32.2,1.1619133356106264,1.2649686274915544
32.25,1.1555865087100043,1.2683503274420467
32.3,1.1491981003272311,1.2716958339662763
32.349999999999994,1.1427462449693313,1.2750050130637172
32.400000000000006,1.1362290005350133,1.2782777235601432
32.45,1.129644344347369,1.2815138168167544
32.5,1.1229901689421016,1.284713136423909
32.55,1.1162642775939786,1.2878755178784946
32.599999999999994,1.1094643795628436,1.291000788243912
32.650000000000006,1.1025880850390197,1.2940887657915658
32.7,1.0956328997663276,1.297139259622678
32.75,1.0885962193191796,1.3001520692691524
32.8,1.0814753230082885,1.3031269842721263
32.849999999999994,1.0742673673874565,1.3060637837367446
32.900000000000006,1.0669693793316237,1.3089622358615767
32.95,1.0595782486538945,1.3118220974409842
33.0,1.05209072022656,1.3146431133386152
33.05,1.0445033855681898,1.3174250159300618
33.099999999999994,1.0368126738556762,1.3201675245125644
33.150000000000006,1.0290148423165988,1.322870344679486
33.2,1.021105965953484,1.3255331676570992
33.25,1.013081926547358,1.328155669601031
33.3,1.004938400883463,1.330737510849506
33.349999999999994,0.9966708481370345,1.333278335130298
33.400000000000006,0.9882744963516469,1.3357777687180485
33.45,0.9797443279367137,1.3382354195383452
33.5,0.9710750641042956,1.3406508762146503
33.55,0.9622611481583333,1.3430237070538624
33.599999999999994,0.95329672754176,1.3453534589659315
33.650000000000006,0.9441756345385794,1.347639656312578
33.7,0.934891365518895,1.3498817996797505
33.75,0.9254370586049496,1.3520793645680038
33.8,0.9158054696254476,1.3542317999944973
33.849999999999994,0.9059889462137035,1.3563385269997694
33.900000000000006,0.8959793998924424,1.3583989370518752
33.95,0.8857682759742884,1.3604123903398362
34.0,0.8753465210920888,1.3623782139476615
34.05,0.864704548157141,1.3642956998994697
34.099999999999994,0.8538321985261386,1.3661641030654066
34.150000000000006,0.842718701139138,1.367982638917197
34.2,0.8313526283711429,1.3697504811212027
34.25,0.819721848318987,1.3714667589558345
34.3,0.8078134732231937,1.373130554539047
34.349999999999994,0.7956138037015213,1.3747408998504562
34.400000000000006,0.7831082684472024,1.3762967735313163
34.45,0.7702813590207944,1.3777970974442275
34.5,0.7571165593405396,1.37924073297296
34.55,0.7435962694528625,1.380626477041229
34.599999999999994,0.7297017231429935,1.3819530578276022
34.650000000000006,0.7154128989269152,1.3832191301519978
34.7,0.7007084239514638,1.3844232705074513
34.75,0.6855654703215887,1.3855639717089976
34.8,0.6699596433751945,1.3866396371296958
34.849999999999994,0.6538648614402092,1.3876485744920142
34.900000000000006,0.6372532266400827,1.3885889891811
34.95,0.6200948863686797,1.389458977044936
35.0,0.6023578851409175,1.390256516645133
35.05,0.5840080066510099,1.3909794609212995
35.099999999999994,0.5650086060477825,1.3916255282316987
35.150000000000006,0.5453204326813113,1.3921922927335328
35.2,0.524901443906044,1.3926771740679535
35.25,0.5037066109661736,1.3930774263181829
35.3,0.48168771856862236,1.3933901262144344
35.349999999999994,0.4587931605035862,1.3936121605672633
35.400000000000006,0.43496773464622385,1.39374021292232
35.45,0.4101524419190104,1.393770749445204
35.5,0.38428429537620135,1.3937000040664185
35.55,0.35729614756473743,1.3935239629447629
35.599999999999994,0.3291165468062968,1.393238348344672
35.650000000000006,0.2996696361302565,1.392838602071172
35.7,0.2688751123721279,1.3923198686678
35.75,0.23664826754361135,1.3916769786610124
35.8,0.20290014007723708,1.3909044322326543
35.849999999999994,0.16753781002301346,1.389996383823678
35.900000000000006,0.1304648797456436,1.388946628321384
35.95,0.0915821900636808,1.3877485896627875
36.0,0.0507888308591093,1.3863953129014868
36.05,0.007983514507512128,1.3848794610364532
36.099999999999994,-0.036933610761608525,1.3831933181878358
36.150000000000006,-0.0840586235306217,1.381328801022499
36.2,-0.13348088060809432,1.3792774806696357
36.25,-0.1852793730109425,1.3770306177046499
36.3,-0.23951831524740555,1.3745792130855858
36.349999999999994,-0.29624192369597674,1.3719140781532184
36.400000000000006,-0.35546838603814024,1.3690259268875011
36.45,-0.4171830939606035,1.3659054934634687
36.5,-0.48133130964463633,1.3625436776649331
36.55,-0.5478105640857122,1.3589317197798463
36.599999999999994,-0.6164632380833647,1.3550614051074805
36.650000000000006,-0.6870699429811906,1.350925296076038
36.7,-0.7593444757722831,1.3465169871888005
36.75,-0.832931238598919,1.3418313746874297
36.8,-0.9074060434413102,1.3368649291952688
36.849999999999994,-0.9822811241039057,1.331615956110898
36.900000000000006,-1.0570149144707297,1.3260848257550302
36.95,-1.1310267150048399,1.3202741539165614
37.0,-1.203715789760869,1.314188914139211
37.05,-1.2744837926439485,1.3078364662601663
37.099999999999994,-1.3427588332955465,1.3012264913759097
37.150000000000006,-1.4080190936959425,1.294370831071213
37.2,-1.46981380697416,1.2872832374081218
37.25,-1.5277796592603103,1.2799790485086402
37.3,-1.5816512395605347,1.2724748112247604
37.349999999999994,-1.6312649294281583,1.2647878763227747
37.400000000000006,-1.6765564358933813,1.2569359923222663
37.45,-1.7175528710958283,1.2489369217760022
37.5,-1.754360757364606,1.2408080990565593
37.55,-1.7871515408893823,1.2325663426495819
37.599999999999994,-1.8161461500315579,1.2242276286088494
37.650000000000006,-1.8415999009855821,1.215806926090536
37.7,-1.8637887177695234,1.207318091329245
37.75,-1.8829972738002165,1.1987738132901453
37.8,-1.8995093367140086,1.1901856024969018
37.849999999999994,-1.913600339746745,1.1815638139789097
37.900000000000006,-1.925532022754737,1.1729176956031826
37.95,-1.9355488789607853,1.1642554539470267
38.0,-1.9438760961918802,1.1555843310583682
38.05,-1.950718677281118,1.1469106867346348
38.099999999999994,-1.9562614478682232,1.1382400821873502
38.150000000000006,-1.9606696983169367,1.1295773620643235
38.2,-1.9640902505583313,1.120926732735076
38.25,-1.9666527842393815,1.112291835499316
38.3,-1.9684712960553516,1.1036758139633438
38.349999999999994,-1.9696455998987579,1.0950813752658706
38.400000000000006,-1.9702628030365115,1.0865108451475123
38.45,-1.9703987152430085,1.077966217071722
38.5,-1.970119164366119,1.0694491957416463
38.55,-1.9694812040259801,1.0609612354364824
38.599999999999994,-1.9685342078849835,1.0525035736281922
38.650000000000006,-1.9673208509465796,1.044077260347351
38.7,-1.9658779822952728,1.0356831837550924
38.75,-1.9642373961172026,1.0273220923537476
38.8,-1.9624265091659954,1.0189946142371276
38.849999999999994,-1.9604689533912512,1.0107012737461982
38.900000000000006,-1.958385092475708,1.0024425058597122
38.95,-1.9561924707155447,0.994218668613917
39.0,-1.953906202159541,0.98603005381182
39.05,-1.9515393072911444,0.9778768962512868
39.099999999999994,-1.949103003858012,0.9697593816727702
39.150000000000006,-1.9466069577698848,0.9616776536018254
39.2,-1.9440594993257359,0.9536318192386893
39.25,-1.9414678094118327,0.945621954526958
39.3,-1.9388380797428544,0.9376481085155928
39.349999999999994,-1.9361756507022307,0.9297103071129077
39.400000000000006,-1.9334851298757936,0.9218085563176139
39.45,-1.93077049396265,0.9139428450002044
39.5,-1.92803517638568,0.9061131472977486
39.55,-1.9252821426072377,0.8983194246763365
39.599999999999994,-1.922513954879226,0.8905616277077947
39.650000000000006,-1.9197328279164696,0.8828396976007321
39.7,-1.9169406767741202,0.8751535675203268
39.75,-1.914139158029844,0.8675031637264089
39.8,-1.9113297052162694,0.8598884065552186
39.849999999999994,-1.9085135593154192,0.8523092112666412
39.900000000000006,-1.905691795011786,0.8447654887756404
39.95,-1.9028653433018383,0.8372571462839732
40.0,-1.9000350109728283,0.8297840878260065
40.05,-1.89720149739092,0.8223462147405092
40.099999999999994,-1.8943654089761484,0.8149434260786296
40.150000000000006,-1.8915272716881466,0.8075756189568378
40.2,-1.8886875418006288,0.8002426888623788
40.25,-1.885846615203244,0.7929445299177391
40.3,-1.8830048354356703,0.7856810351097142
40.349999999999994,-1.8801625006298803,0.7784520964878963
40.400000000000006,-1.877319869511718,0.7712576053367282
40.45,-1.874477166591667,0.7640974523246997
40.5,-1.8716345866564537,0.756971527633769
40.55,-1.8687922986574936,0.7498797210716668
40.599999999999994,-1.8659504490787793,0.7428219221693793
40.650000000000006,-1.8631091648552847,0.7357980202657881
40.7,-1.8602685559030907,0.7288079045811813
40.75,-1.857428717313939,0.72185146428111
40.8,-1.8545897312596358,0.7149285885318721
40.849999999999994,-1.8517516686454616,0.7080391665487257
40.900000000000006,-1.8489145905463558,0.7011830876377901
40.95,-1.846078549455015,0.6943602412324631
41.0,-1.843243590367053,0.6875705169250692
41.05,-1.8404097517249467,0.6808138044943631
41.099999999999994,-1.8375770662395332,0.6740899939294256
41.150000000000006,-1.8347455616052812,0.6673989754504194
41.2,-1.8319152611233656,0.6607406395266108
41.25,-1.8290861842446824,0.6541148768920095
41.3,-1.8262583470433107,0.647521578558932
41.349999999999994,-1.8234317626295207,0.6409606358297535
41.400000000000006,-1.8206064415102101,0.6344319403070818
41.45,-1.8177823919036047,0.6279353839025522
41.5,-1.814959620014145,0.6214708588444173
41.55,-1.8121381302727024,0.6150382576840888
41.599999999999994,-1.8093179255465917,0.608637473301758
41.650000000000006,-1.8064990073232454,0.6022683989112146
41.7,-1.8036813758709316,0.5959309280639637
41.75,-1.800865030379429,0.5896249546527284
41.8,-1.7980499690832124,0.5833503729144142
41.849999999999994,-1.7952361893693638,0.577107077432606
41.900000000000006,-1.7924236878721314,0.5708949631396498
41.95,-1.789612460555822,0.5647139253183768
42.0,-1.7868025027874834,0.5585638596035103
42.05,-1.7839938094006593,0.5524446619827967
42.099999999999994,-1.78118637475132,0.546356228797894
42.150000000000006,-1.7783801927669454,0.5402984567450477
42.2,-1.7755752569896062,0.5342712428755824
42.25,-1.7727715606137802,0.5282744845962278
42.3,-1.7699690965195514,0.5223080796693049
42.349999999999994,-1.7671678573017573,0.5163719262127853
42.400000000000006,-1.7643678352955772,0.510465922700242
42.45,-1.7615690225989924,0.5045899679607048
42.5,-1.7587714110924992,0.49874396117843084
42.55,-1.755974992456404,0.4929278018926039
42.599999999999994,-1.7531797581859905,0.48714138999696815
42.650000000000006,-1.7503856996048108,0.4813846257394079
42.7,-1.7475928078763319,0.4756574097214775
42.75,-1.74480107401412,0.46995964289789044
42.8,-1.7420104888907455,0.4642912265759711
42.849999999999994,-1.739221043245553,0.45865206241507583
42.900000000000006,-1.7364327276914315,0.45304205242598594
42.95,-1.7336455327206977,0.4474610989702785
43.0,-1.7308594487101991,0.44190910475967626
43.05,-1.728074465925722,0.4363859728553812
43.099999999999994,-1.7252905745257858,0.43089160666739373
43.150000000000006,-1.7225077645648954,0.42542590995382007
43.2,-1.7197260259963068,0.41998878682016977
43.25,-1.7169453486743635,0.4145801417186454
43.3,-1.7141657223564553,0.4091998794474258
43.349999999999994,-1.7113871367046305,0.40384790514994484
43.400000000000006,-1.708609581286909,0.39852412431416595
43.45,-1.7058330455783235,0.39322844277185515
43.5,-1.7030575189617172,0.3879607666978521
43.55,-1.7002829907283263,0.3827210026093411
43.599999999999994,-1.6975094500781662,0.37750905736512225
43.650000000000006,-1.6947368861202434,0.3723248381648839
43.7,-1.6919652878726108,0.3671682525484767
43.75,-1.6891946442622772,0.3620392083951904
43.8,-1.686424944124991,0.35693761392303325
43.849999999999994,-1.683656176204906,0.3518633776880151
43.900000000000006,-1.6808883291541405,0.3468164085834337
43.95,-1.6781213915322386,0.3417966158391663
44.0,-1.675355351805543,0.33680390902096485
44.05,-1.672590198346487,0.33183819802975656
44.099999999999994,-1.6698259194328084,0.3268993931009498
44.150000000000006,-1.667062503246695,0.3219874048037451
44.2,-1.6642999378738657,0.3171021440404525
44.25,-1.6615382113025892,0.3122435220458141
44.3,-1.6587773114226452,0.3074114503863334
44.349999999999994,-1.6560172260242354,0.30260584095961074
44.400000000000006,-1.6532579427968392,0.29782660599368566
44.45,-1.650499449328023,0.29307365804638563
44.5,-1.6477417331022042,0.28834691000468177
44.55,-1.6449847814993688,0.28364627508405194
44.599999999999994,-1.6422285817937472,0.27897166682785074
44.650000000000006,-1.6394731211524483,0.2743229991066873
44.7,-1.6367183866340531,0.26970018611781005
44.75,-1.6339643651871705,0.26510314238449956
44.8,-1.6312110436489515,0.26053178275546895
44.849999999999994,-1.628458408743568,0.2559860224042726
44.900000000000006,-1.6257064470806522,0.25146577682872207
44.95,-1.6229551451537008,0.2469709618503115
45.0,-1.6202044893384402,0.24250149361364987
45.05,-1.6174544658911565,0.23805728858590255
45.099999999999994,-1.6147050609469882,0.23363826355624134
45.150000000000006,-1.6119562605181816,0.22924433563530278
45.2,-1.6092080504923105,0.22487542225465548
45.25,-1.606460416630457,0.2205314411662764
45.3,-1.6037133445653569,0.21621231044203584
45.349999999999994,-1.6009668197995062,0.21191794847319187
45.400000000000006,-1.598220827703229,0.20764827396989402
45.45,-1.5954753535127097,0.20340320596069594
45.5,-1.5927303823279817,0.19918266379207805
45.55,-1.5899858991108802,0.19498656712797954
45.599999999999994,-1.5872418886829547,0.19081483594934015
45.650000000000006,-1.5844983357233382,0.18666739055365206
45.7,-1.581755224766577,0.1825441515545213
45.75,-1.5790125402004183,0.17844503988124
45.8,-1.576270266263555,0.1743699767783683
45.849999999999994,-1.573528387043326,0.170318883805327
45.900000000000006,-1.570786886473372,0.1662916828360008
45.95,-1.5680457483312487,0.16228829605835213
46.0,-1.5653049562359882,0.15830864597404593
46.05,-1.5625644936456209,0.15435265539808543
46.099999999999994,-1.559824343854642,0.15042024745845903
46.150000000000006,-1.5570844899914338,0.14651134559579868
46.2,-1.5543449150156365,0.1426258735630495
46.25,-1.5516056017154678,0.1387637554251514
46.3,-1.548866532704988,0.13492491555873218
46.349999999999994,-1.5461276904213175,0.13110927865181282
46.400000000000006,-1.5433890571217932,0.12731676970352493
46.45,-1.5406506148810748,0.12354731402384046
46.5,-1.5379123455881898,0.11980083723331418
46.55,-1.5351742309435221,0.11607726526283857
46.599999999999994,-1.5324362524557424,0.1123765243534119
46.650000000000006,-1.5296983914386755,0.10869854105591933
46.7,-1.5269606290081066,0.10504324223092733
46.75,-1.5242229460785228,0.10141055504849174
46.8,-1.521485323359792,0.09780040698797937
46.849999999999994,-1.5187477413537709,0.09421272583790385
46.900000000000006,-1.5160101803508492,0.09064743969577543
46.95,-1.5132726204264209,0.08710447696796543
47.0,-1.5105350414372858,0.08358376636958507
47.05,-1.5077974230179776,0.08008523692437955
47.099999999999994,-1.5050597445770157,0.076608817964637
47.150000000000006,-1.5023219852930836,0.07315443913111297
47.2,-1.4995841241111236,0.06972203037297055
47.25,-1.4968461397383577,0.06631152194773648
47.3,-1.4941080106402194,0.06292284442127334
47.349999999999994,-1.4913697150362075,0.059555928667768425
47.400000000000006,-1.4886312308956486,0.056210705869739176
47.45,-1.4858925359333732,0.052887107518055886
47.5,-1.483153607605303,0.04958506541198164
47.55,-1.48041442310394,0.04630451165923002
47.599999999999994,-1.4776749593537675,0.04304537867604078
47.650000000000006,-1.474935193006547,0.039807599187273876
47.7,-1.47219510043652,0.036591106226522147
47.75,-1.4694546577355037,0.03339583313624301
47.8,-1.4667138407078852,0.030221713567909543
47.849999999999994,-1.4639726248655054,0.027068681482181303
47.900000000000006,-1.4612309854224332,0.023936671149095184
47.95,-1.4584888972896277,0.020825617148276826
48.0,-1.4557463350694824,0.017735454369172877
48.05,-1.4530032730502518,0.01466611801130454
48.099999999999994,-1.4502596852003562,0.01161754358454279
48.150000000000006,-1.4475155451625599,0.008589666909405737
48.2,-1.4447708262480212,0.005582424117378516
48.25,-1.4420255014302135,0.002595751651256203
48.3,-1.4392795433387064,-0.00037041373448983787
48.349999999999994,-1.4365329242528126,-0.00331613497332165
48.400000000000006,-1.433785616095089,-0.00624147468621999
48.45,-1.431037590424694,-0.009146495181244697
48.5,-1.428288818430594,-0.012031258453069649
48.55,-1.4255392709246164,-0.01489582618249176
48.599999999999994,-1.4227889183343434,-0.017740259735913505
48.650000000000006,-1.4200377306958454,-0.020564620164798375
48.7,-1.4172856776462461,-0.02336896820509874
48.75,-1.414532728416118,-0.026153364276655485
48.8,-1.4117788518217012,-0.028917868482568873
48.849999999999994,-1.4090240162569423,-0.03166254060853996
48.900000000000006,-1.4062681896853473,-0.03438744012218195
48.95,-1.4035113396316456,-0.0370926261723009
49.0,-1.4007534331732567,-0.039778157588144916
49.05,-1.3979944369315565,-0.04244409287862139
49.099999999999994,-1.3952343170629375,-0.04509049023148138
49.150000000000006,-1.392473039249657,-0.047717407512470535
49.2,-1.3897105686904647,-0.050324902264445644
49.25,-1.3869468700910095,-0.052913031706456226
49.3,-1.3841819076540143,-0.055481852732790285
49.349999999999994,-1.3814156450692114,-0.05803142191198332
49.400000000000006,-1.3786480455030385,-0.06056179548578993
49.45,-1.375879071588081,-0.06307302936811694
49.5,-1.373108685412256,-0.0655651791439174
49.55,-1.370336848507734,-0.0680383000680442
49.599999999999994,-1.3675635218395863,-0.07049244706406282
49.650000000000006,-1.36478866579415,-0.07292767472302175
49.7,-1.3620122401671066,-0.07534403730217988
49.75,-1.3592342041512626,-0.0777415887236898
49.8,-1.356454516324025,-0.08012038257323584
49.849999999999994,-1.3536731346345596,-0.08248047209862586
49.900000000000006,-1.3508900163906274,-0.08482191020833553
49.95,-1.348105118245088,-0.08714474947000418
50.0,-1.345318396182056,-0.08944904210888066
50.05,-1.3425298055027077,-0.0917348400062184
50.099999999999994,-1.3397393008107212,-0.09400219469761799
50.150000000000006,-1.3369468359973409,-0.09625115737131636
50.2,-1.3341523642260569,-0.0984817788664208
50.25,-1.331355837916885,-0.10069410967108688
50.3,-1.3285572087302375,-0.10288819992063833
50.349999999999994,-1.3257564275503695,-0.10506409939562787
50.400000000000006,-1.3229534444683901,-0.10722185751983723
50.45,-1.3201482087648244,-0.1093615233582148
50.5,-1.3173406688917133,-0.11148314561474923
50.55,-1.3145307724542334,-0.1135867726302775
50.599999999999994,-1.3117184661918277,-0.11567245238022562
50.650000000000006,-1.3089036959588247,-0.11774023247228002
50.7,-1.3060864067045375,-0.11979016014398816
50.75,-1.30326654245282,-0.12182228226028605
50.8,-1.3004440462810676,-0.12383664531095111
50.849999999999994,-1.297618860298641,-0.12583329540797797
50.900000000000006,-1.2947909256246974,-0.12781227828287547
50.95,-1.2919601823654097,-0.12977363928388247
51.0,-1.2891265695905523,-0.13171742337310033
51.05,-1.2862900253094354,-0.1336436751235397
51.099999999999994,-1.283450486446164,-0.13555243871607936
51.150000000000006,-1.2806078888142012,-0.13744375793633462
51.2,-1.2777621670902146,-0.13931767617143265
51.25,-1.2749132547871764,-0.1411742364066921
51.3,-1.2720610842267004,-0.1430134812222047
51.349999999999994,-1.2692055865105838,-0.14483545278931523
51.400000000000006,-1.2663466914915316,-0.14664019286699795
51.45,-1.2634843277430328,-0.14842774279812573
51.5,-1.2606184225283639,-0.15019814350562913
51.55,-1.2577489017686856,-0.1519514354885421
51.599999999999994,-1.2548756900102056,-0.15368765881793123
51.650000000000006,-1.2519987103903734,-0.15540685313270472
51.7,-1.2491178846030748,-0.157109057635298
51.75,-1.2462331328627922,-0.1587943110872317
51.8,-1.2433443738676935,-0.16046265180453897
51.849999999999994,-1.2404515247616124,-0.16211411765305758
51.900000000000006,-1.2375545010948832,-0.16374874604358286
51.95,-1.2346532167839892,-0.16536657392687779
52.0,-1.2317475840699803,-0.16696763778853468
52.05,-1.2288375134756209,-0.16855197364368557
52.099999999999994,-1.2259229137612166,-0.170119617031555
52.150000000000006,-1.2230036918790816,-0.1716706030098517
52.2,-1.2200797529265877,-0.17320496614899294
52.25,-1.217151000097751,-0.17472274052615752
52.3,-1.2142173346333007,-0.17622395971916094
52.349999999999994,-1.211278655769174,-0.17770865680014777
52.400000000000006,-1.2083348606833808,-0.1791768643290954
52.45,-1.2053858444411791,-0.1806286143471227
52.5,-1.2024314999384937,-0.18206393836959786
52.55,-1.1994717178435217,-0.18348286737903854
52.599999999999994,-1.196506386536447,-0.18488543181779776
52.650000000000006,-1.1935353920472023,-0.18627166158052866
52.7,-1.190558617991197,-0.1876415860064205
52.75,-1.1875759455029402,-0.18899523387119896
52.8,-1.1845872531674737,-0.19033263337888212
52.849999999999994,-1.1815924169495362,-0.19165381215328486
52.900000000000006,-1.1785913101203678,-0.1929587972292625
52.95,-1.1755838031820622,-0.1942476150436856
53.0,-1.17256976378938,-0.19552029142613592
53.05,-1.169549056668911,-0.1967768515893151
53.099999999999994,-1.1665215435354928,-0.19801732011915557
53.150000000000006,-1.1634870830057729,-0.19924172096462336
53.2,-1.1604455305087995,-0.20045007742720258
53.25,-1.157396738193526,-0.2016424121500505
53.3,-1.1543405548331043,-0.20281874710681097
53.349999999999994,-1.1512768257258377,-0.20397910359007534
53.400000000000006,-1.1482053925926576,-0.2051235021994774
53.45,-1.1451260934709833,-0.20625196282940977
53.5,-1.1420387626048185,-0.20736450465634854
53.55,-1.1389432303309268,-0.20846114612577116
53.599999999999994,-1.1358393229609276,-0.20954190493865385
53.650000000000006,-1.1327268626591394,-0.21060679803753288
53.7,-1.1296056673159978,-0.2116558415921133
53.75,-1.1264755504168562,-0.21268905098440966
53.8,-1.1233363209059821,-0.2137064407934001
53.849999999999994,-1.1201877830455362,-0.2147080247791766
53.900000000000006,-1.1170297362693302,-0.21569381586657255
53.95,-1.1138619750311305,-0.21666382612824733
54.0,-1.1106842886472776,-0.21761806676720818
54.05,-1.1074964611333762,-0.21855654809874747
54.099999999999994,-1.1042982710347904,-0.21947927953177337
54.150000000000006,-1.101089491250682,-0.22038626954951016
54.2,-1.0978698888512997,-0.22127752568954426
54.25,-1.0946392248882233,-0.22215305452319045
54.3,-1.0913972541972496,-0.22301286163415138
54.349999999999994,-1.0881437251935884,-0.22385695159644292
54.400000000000006,-1.0848783796590216,-0.22468532795155638
54.45,-1.0816009525206662,-0.2254979931848265
54.5,-1.07831117162095,-0.22629494870097475
54.55,-1.075008757478404,-0.22707619479879323
54.599999999999994,-1.0716934230388457,-0.2278417306449356
54.650000000000006,-1.068364873416508,-0.2285915542467777
54.7,-1.0650228056246434,-0.22932566242431068
54.75,-1.0616669082951102,-0.23004405078102572
54.8,-1.0582968613864236,-0.23074671367374924
54.849999999999994,-1.0549123358797197,-0.23143364418138493
54.900000000000006,-1.0515129934620575,-0.23210483407251567
54.95,-1.0480984861964506,-0.23276027377181854
55.0,-1.0446684561779886,-0.23339995232524136
55.05,-1.0412225351753672,-0.2340238573638883
55.099999999999994,-1.0377603442571195,-0.23463197506655936
55.150000000000006,-1.0342814934017932,-0.2352242901208845
55.2,-1.0307855810912767,-0.23580078568299195
55.25,-1.0272721938864395,-0.23636144333564643
55.3,-1.0237409059841962,-0.23690624304478936
55.349999999999994,-1.0201912787550627,-0.2374351631144103
55.400000000000006,-1.0166228602602088,-0.2379481801396753
55.45,-1.013035184746967,-0.23844526895823362
55.5,-1.0094277721216862,-0.2389264025996202
55.55,-1.0058001273987633,-0.23939155223266748
55.599999999999994,-1.002151740124611,-0.23984068711083542
55.650000000000006,-0.9984820837752507,-0.2402737745153632
55.7,-0.994790615126145,-0.24069077969614178
55.75,-0.9910767735927928,-0.24109166581020125
55.8,-0.9873399805405332,-0.24147639385769976
55.849999999999994,-0.9835796385619014,-0.2418449226152966
55.900000000000006,-0.9797951307197865,-0.24219720856678456
55.95,-0.9759858197545301,-0.24253320583084975
56.0,-0.9721510472529938,-0.2428528660858205
56.05,-0.9682901327774999,-0.24315613849125875
56.099999999999994,-0.9644023729524215,-0.24344296960623973
56.150000000000006,-0.9604870405060592,-0.2437133033041558
56.2,-0.9565433832652915,-0.24396708068387324
56.25,-0.952570623100331,-0.24420423997705862
56.3,-0.9485679548167456,-0.2444247164514832
56.349999999999994,-0.9445345449917231,-0.2446284423101006
56.400000000000006,-0.9404695307513665,-0.2448153465856829
56.45,-0.9363720184855937,-0.24498535503078683
56.5,-0.9322410824969966,-0.2451383900028087
56.55,-0.9280757635797743,-0.24527437034387223
56.599999999999994,-0.9238750675245986,-0.24539321125527827
56.650000000000006,-0.9196379635449953,-0.2454948241662297
56.7,-0.9153633826205311,-0.24557911659652623
56.75,-0.9110502157517756,-0.24564599201290727
56.8,-0.906697312121675,-0.2456953496786991
56.849999999999994,-0.9023034771576008,-0.24572708449640365
56.900000000000006,-0.897867470487949,-0.24574108684284182
56.95,-0.8933880037867457,-0.24573724239644165
57.0,-0.8888637384992549,-0.24571543195623513
57.05,-0.8842932834411011,-0.24567553125210018
57.099999999999994,-0.8796751922628923,-0.24561741074575474
57.150000000000006,-0.8750079607717666,-0.24554093542197847
57.2,-0.8702900241006706,-0.2454459645695036
57.25,-0.865519753715527,-0.24533235155098085
57.3,-0.8606954542497416,-0.24519994356138639
57.349999999999994,-0.8558153601547336,-0.24504858137419563
57.400000000000006,-0.850877632154357,-0.24487809907460356
57.45,-0.8458803534901909,-0.24468832377902466
57.5,-0.8408215259437207,-0.24447907534005311
57.55,-0.8356990656204017,-0.24425016603600927
57.599999999999994,-0.8305107984794796,-0.2440014002441387
57.650000000000006,-0.8252544555922434,-0.24373257409646693
57.7,-0.8199276681100839,-0.24344347511724332
57.75,-0.8145279619223291,-0.24313388184083484
57.8,-0.8090527519823113,-0.24280356340885098
57.849999999999994,-0.8034993362784844,-0.2424522791451949
57.900000000000006,-0.7978648894256375,-0.2420797781076452
57.95,-0.7921464558493437,-0.2416857986144723
58.0,-0.7863409425347094,-0.24127006774448873
58.05,-0.7804451113082644,-0.2408323008088154
58.099999999999994,-0.7744555706194174,-0.24037220079252494
58.150000000000006,-0.7683687667852943,-0.23988945776418705
58.2,-0.7621809746599716,-0.23938374825119957
58.25,-0.7558882876860685,-0.2388547345786321
58.3,-0.7494866072833944,-0.23830206416914335
58.349999999999994,-0.7429716315258093,-0.23772536880135217
58.400000000000006,-0.7363388430536455,-0.23712426382384902
58.45,-0.729583496164941,-0.23649834732182426
58.5,-0.7227006030243178,-0.235847199233065
58.55,-0.7156849189235986,-0.23517038040982793
58.599999999999994,-0.7085309265231693,-0.23446743162283443
58.650000000000006,-0.7012328189976393,-0.23373787250335112
58.7,-0.6937844820035289,-0.232981200419016
58.75,-0.6861794743804925,-0.2321968892787421
58.8,-0.6784110074909759,-0.2313843882616806
58.849999999999994,-0.6704719230961933,-0.230543120464846
58.900000000000006,-0.6623546696589103,-0.2296724814636025
58.95,-0.6540512769557336,-0.22877183777877452
59.0,-0.6455533288734847,-0.22784052524368187
59.05,-0.6368519342558001,-0.22687784726390137
59.099999999999994,-0.6279376956574353,-0.22588307296203064
59.150000000000006,-0.6188006758549394,-0.2248554351991648
59.2,-0.6094303619535508,-0.22379412846420382
59.25,-0.5998156269215009,-0.22269830662147835
59.3,-0.5899446883746481,-0.22156708050652102
59.349999999999994,-0.5798050644267897,-0.22039951535912172
59.400000000000006,-0.56938352641449,-0.2191946280820876
59.45,-0.5586660483003297,-0.21795138431339223
59.5,-0.5476377525557404,-0.21666869529864846
59.55,-0.5362828523248242,-0.2153454145500864
59.599999999999994,-0.5245845896747845,-0.21398033427747548
59.650000000000006,-0.512525169748042,-0.21257218157571725
59.7,-0.5000856906473381,-0.21111961435317553
59.75,-0.4872460689100766,-0.2096212169842343
59.8,-0.47398496046420935,-0.20807549566911998
59.849999999999994,-0.46027967700809025,-0.2064808734837444
59.900000000000006,-0.4461060978245431,-0.20483568510227798
59.95,-0.43143857712936307,-0.2031381711754316
60.0,-0.41624984717204644,-0.20138647234810292
60.05,-0.40051091745833234,-0.19957862290125822
60.099999999999994,-0.38419097065815966,-0.19771254400481444
60.150000000000006,-0.3672572560085444,-0.1957860365710538
60.2,-0.34967498133022074,-0.19379677370196272
60.25,-0.3314072051634036,-0.19174229272912083
60.3,-0.3124147310079265,-0.1896199868517072
60.349999999999994,-0.2926560062451785,-0.18742709638724217
60.400000000000006,-0.2720870290455045,-0.18516069966133408
60.45,-0.25066126744972383,-0.1828177035775192
60.5,-0.22832959588458043,-0.1803948339269533
60.55,-0.20504025565879985,-0.17788862552102286
60.599999999999994,-0.18073884751954394,-0.17529541225879786
60.650000000000006,-0.15536836615800426,-0.17261131727667758
60.7,-0.12886928866312503,-0.1698322433707123
60.75,-0.10117973135056095,-0.16695386393413902
60.8,-0.07223569214062776,-0.16397161471489535
60.849999999999994,-0.04197139869910189,-0.160880686771469
60.900000000000006,-0.010319785823915822,-0.15767602109143106
60.95,0.022786871062390773,-0.15435230543603692
61.0,0.05741613617150184,-0.15090397408638123
61.05,0.09363437433599867,-0.1473252112907684
61.099999999999994,0.13150545767086894,-0.14360995934671728
61.150000000000006,0.1710891822991585,-0.13975193238975273
61.2,0.2124393612686906,-0.1357446370973788
61.25,0.2556015648628528,-0.13158140163920953
61.3,0.3006104891769116,-0.12725541429742537
61.349999999999994,0.3474869495020543,-0.1227597732244972
61.400000000000006,0.39623451817246563,-0.11808754877077085
61.45,0.4468358583317549,-0.1132318596709521
61.5,0.49924884626645966,-0.10818596408977406
61.55,0.5534026252140803,-0.1029433660563349
61.599999999999994,0.6091937909434233,-0.09749793713136137
61.650000000000006,0.6664829697514995,-0.09184405223168683
61.7,0.7250921059174816,-0.08597673738331547
61.75,0.7848028183324879,-0.07989182582369586
61.8,0.8453562028897663,-0.07358611740423475
61.849999999999994,0.9064544353321183,-0.06705753478504373
61.900000000000006,0.9677644573794206,-0.06030526864370158
61.95,1.028923901011473,-0.05332990325195502
62.0,1.0895492244804232,-0.04613351352947154
62.05,1.1492458132643528,-0.03871972524864594
62.099999999999994,1.2076195661181517,-0.03109373154354241
62.150000000000006,1.2642892762281168,-0.023262261248184854
62.2,1.318898968651643,-0.01523349768305687
62.25,1.371129300125863,-0.007016950008328819
62.3,1.4207071835040501,0.0013767172488596982
62.349999999999994,1.4674129633391135,0.009935887853107285
62.400000000000006,1.5110847169871777,0.01864821987685771
62.45,1.5516195465623028,0.027500882154822742
62.5,1.5889720142830381,0.03648078934059337
62.55,1.6231501148380194,0.04557482487918158
62.599999999999994,1.6542093441510213,0.05477004317465635
62.650000000000006,1.6822455025446597,0.06405384468001442
62.7,1.7073868667111953,0.07341412022227647
62.75,1.729786296308143,0.08283936330204984
62.8,1.7496137307511508,0.09231875116001738
62.849999999999994,1.7670494035149407,0.10184219696579154
62.900000000000006,1.7822779747004023,0.1114003765281174
62.95,1.7954836714870228,0.1209847334875272
63.0,1.8068464377928783,0.13058746711315575
63.05,1.8165390311417955,0.14020150668280718
63.099999999999994,1.8247249647733452,0.14982047607797033
63.150000000000006,1.83155717264978,0.15943865176018632
63.2,1.8371772695910167,0.1690509167814237
63.25,1.8417152837501967,0.1786527129695781
63.3,1.8452897500769148,0.1882399929542764
63.349999999999994,1.8480080681824511,0.19780917327696834
63.400000000000006,1.8499670438527387,0.2073570894711562
63.45,1.8512535488374735,0.21688095370434804
63.5,1.8519452475721043,0.22637831533893712
63.55,1.852111351709743,0.23584702458807894
63.599999999999994,1.8518133736105742,0.24528519930700116
63.650000000000006,1.8511058583144682,0.254691194862172
63.7,1.8500370801792387,0.264063576953006
63.75,1.848649695527436,0.2734010972167735
63.8,1.8469813465481328,0.2827026714215259
63.849999999999994,1.8450652145769038,0.29196736003954
63.900000000000006,1.8429305229344226,0.30119435099130615
63.95,1.840602990921047,0.31038294435449104
64.0,1.8381052414912256,0.31953253884133576
64.05,1.8354571656898369,0.32864261985987714
64.1,1.8326762472202205,0.3377127489879288
64.15,1.8297778506071884,0.3467425547030041
64.2,1.8267754763767368,0.355731724225648
64.25,1.8236809865421748,0.36467999634752657
64.3,1.8205048034973665,0.3735871551288067
64.35,1.8172560851961803,0.38245302436167766
64.4,1.8139428792606085,0.3912774627082215
64.45,1.8105722584206905,0.4000603594312075
64.5,1.8071504394556874,0.40880163064577396
64.55,1.803682887583326,0.4175012160284044
64.6,1.8001744080356348,0.4261590759271625
64.65,1.7966292263676624,0.4347751888238833
64.7,1.7930510588698294,0.44334954910499297
64.75,1.7894431742957162,0.45188216510292106
64.8,1.7858084479741472,0.46037305737473766
64.85,1.7821494092465693,0.46882225718876414
64.9,1.7784682830568752,0.47722980519352476
64.95,1.7747670264198263,0.4855957502465863
65.0,1.7710473604049082,0.4939201483836222
65.05,1.7673107981936442,0.5022030619104829
65.1,1.763558669699033,0.5104445586031964
65.15,1.7597921431747994,0.5186447110026978
65.2,1.7560122441886583,0.5268035957927294
65.25,1.7522198722868905,0.5349212932507845
65.3,1.748415815636461,0.5429978867632282
65.35,1.744600763894984,0.5510334623968238
65.4,1.7407753195273998,0.5590281085198544
65.45,1.7369400077607697,0.5669819154668689
65.5,1.7330952853445831,0.574894975241816
65.55,1.7292415482630035,0.5827673812549728
65.6,1.7253791385271595,0.5905992280896362
65.65,1.721508350159589,0.5983906112950348
65.7,1.7176294344689689,0.6061416272023559
65.75,1.713742604701054,0.6138523727611503
65.8,1.709848040141084,0.6215229453937164
65.85,1.7059458897336053,0.6291534428653467
65.9,1.7020362752774967,0.6367439631685788
65.95,1.6981192942468883,0.6442946044198138
66.0,1.6941950222824205,0.651805464766856
66.05,1.6902635153918555,0.659276642306106
66.1,1.6863248118942902,0.6667082350082838
66.15,1.682378934138044,0.6741003406516909
66.2,1.6784258900186497,0.6814530567621392
66.25,1.6744656743201785,0.6887664805587749
66.3,1.6704982699003181,0.6960407089051116
66.35,1.666523648737185,0.7032758382646725
66.4,1.6625417728536762,0.7104719646607045
66.45,1.658552595133293,0.7176291836394915
66.5,1.6545560600396982,0.724747590236847
66.55,1.6505521042508196,0.7318272789474128
66.6,1.6465406572170196,0.7388683436964338
66.65,1.642521641651743,0.7458708778137151
66.7,1.6384949739620476,0.7528349740094976
66.75,1.6344605646255568,0.7597607243520236
66.8,1.6304183185196135,0.7666482202465794
66.85,1.6263681352077268,0.7734975524158348
66.9,1.622309909187812,0.7803088108813099
66.95,1.6182435301062006,0.7870820849458237
67.0,1.6141688829409329,0.7938174631767909
67.05,1.61008584815743,0.8005150333902481
67.1,1.6059943018392882,0.8071748826355013
67.15,1.6018941157966122,0.8137970971803006
67.2,1.5977851576540258,0.8203817624964518
67.25,1.5936672909202398,0.8269289632457898
67.3,1.5895403750408426,0.8334387832664395
67.35,1.5854042654357767,0.8399113055593009
67.4,1.58125881352279,0.8463466122746982
67.45,1.577103866727994,0.8527447846991394
67.5,1.5729392684845231,0.859105903242136
67.55,1.568764858220168,0.8654300474230378
67.6,1.5645804713347384,0.8717172958578387
67.65,1.5603859391678176,0.877967726245916
67.7,1.5561810889574854,0.8841814153566632
67.75,1.5519657437904946,0.8903584390159857
67.8,1.5477397225443315,0.8964988720926229
67.85,1.5435028398215094,0.9026027884842676
67.9,1.5392549058764,0.9086702611034512
67.95,1.534995726534846,0.9147013618631694
68.0,1.5307251031067528,0.9206961616622167
68.05,1.5264428322918153,0.9266547303702055
68.1,1.5221487060784933,0.932577136812244
68.15,1.5178425116363083,0.9384634487532452
68.2,1.5135240312015121,0.9443137328818424
68.25,1.5091930419561275,0.9501280547938876
68.3,1.5048493159003506,0.9559064789755053
68.35,1.5004926197182613,0.9616490687856769
68.4,1.4961227146367673,0.9673558864383328
68.45,1.4917393562776837,0.9730269929839236
68.5,1.4873422945028225,0.9786624482904449
68.55,1.48293127325194,0.9842623110238912
68.6,1.4785060303733741,0.9898266386281095
68.65,1.474066297447171,0.9953554873040267
68.7,1.46961179960049,1.0008489119882211
68.75,1.4651422553150384,1.0063069663308097
68.8,1.4606573762262791,1.01172970267262
68.85,1.456156866914121,1.0171171720216177
68.9,1.4516404246847843,1.022469424028554
68.95,1.4471077393435092,1.0277865069618026
69.0,1.4425584929577457,1.0330684676813522
69.05,1.437992359610448,1.0383153516119112
69.1,1.4334090051430632,1.0435272027151001
69.15,1.4288080868877766,1.0487040634606795
69.2,1.4241892533885572,1.0538459747967803
69.25,1.4195521441105057,1.0589529761190921
69.3,1.4148963891369866,1.0640251052389644
69.35,1.4102216088539905,1.0690623983503753
69.4,1.4055274136211373,1.0740648899957186
69.45,1.4008134034287014,1.0790326130303591
69.5,1.3960791675399953,1.0839655985859007
69.55,1.3913242841184172,1.0888638760321152
69.6,1.386548319838423,1.093727472937471
69.65,1.381750829479633,1.0985564150282003
69.7,1.376931355503252,1.1033507261458406
69.75,1.37208942760992,1.108110428203185
69.8,1.3672245622780597,1.1128355411385684
69.85,1.3623362622817417,1.1175260828684135
69.9,1.3574240161870168,1.1221820692379634
69.95,1.3524872978256084,1.126803513970113
70.0,1.3475255657447942,1.1313904286122554
70.05,1.3425382626322295,1.1359428224810524
70.1,1.3375248147143934,1.140460702605031
70.15,1.3324846311272558,1.1449440736649072
70.2,1.3274171032576785,1.1493929379315277
70.25,1.3223216040539765,1.153807295201319
70.3,1.3171974873039558,1.1581871427291262
70.35,1.312044086878655,1.162532475158314
70.4,1.306860715939892,1.1668432844479988
70.45,1.3016466661096098,1.1711195597972752
70.5,1.2964012065988786,1.175361287566284
70.55,1.2911235832942778,1.1795684511939728
70.6,1.2858130177992368,1.1837410311123797
70.65,1.2804687064277567,1.187879004657268
70.7,1.2750898191477587,1.1919823459749295
70.75,1.2696754984711376,1.1960510259249588
70.8,1.2642248582873963,1.2000850119787942
70.85,1.2587369826375288,1.2040842681138078
70.9,1.2532109244246026,1.2080487547027097
70.95,1.2476457040572473,1.2119784283980255
71.0,1.242040308021996,1.2158732420113836
71.05,1.2363936873801527,1.2197331443873383
71.1,1.2307047561845639,1.2235580802714334
71.15,1.2249723898113405,1.2273479901721973
71.2,1.2191954232012419,1.2311028102167376
71.25,1.213372649005052,1.2348224719995837
71.3,1.2075028156268852,1.2385069024244049
71.35,1.2015846251589144,1.2421560235382039
71.4,1.195616731200556,1.2457697523575637
71.45,1.1895977365546395,1.2493480006864994
71.5,1.1835261907925363,1.2528906749254287
71.55,1.1774005876796456,1.256397675870756
71.6,1.1712193624519842,1.2598688985045194
71.65,1.164980888933951,1.2633042317735195
71.7,1.1586834764865765,1.2667035583573085
71.75,1.1523253667747748,1.2700667544243767
71.8,1.1459047303412233,1.2733936893758229
71.85,1.1394196629735625,1.2766842255757562
71.9,1.1328681818505675,1.2799382180676113
71.95,1.1262482214518315,1.2831555142755149
72.0,1.1195576292142893,1.2863359536897692
72.05,1.1127941609175915,1.2894793675354597
72.1,1.1059554757789123,1.2925855784231184
72.15,1.0990391312362169,1.295654399980299
72.2,1.0920425773973275,1.2986856364628356
72.25,1.0849631511302869,1.3016790823444666
72.3,1.0777980697685199,1.3046345218834086
72.35,1.070544424402109,1.3075517286643594
72.4,1.0631991727241372,1.3104304651142946
72.45,1.0557591313984587,1.3132704819902958
72.5,1.0482209679124403,1.3160715178375204
72.55,1.0405811918751533,1.3188332984152715
72.6,1.0328361457181325,1.3215555360889712
72.65,1.024981994752177,1.3242379291856683
72.7,1.0170147165296715,1.3268801613105259
72.75,1.008930089457559,1.3294819006215324
72.8,1.0007236806013464,1.3320427990594579
72.85,0.9923908326153437,1.3345624915298433
72.9,0.9839266497286712,1.3370405950335433
72.95,0.9753259827104088,1.3394767077420693
73.0,0.9665834127305102,1.3418704080136656
73.05,0.9576932340257638,1.3442212533457203
73.1,0.9486494352720625,1.3465287792587466
73.15,0.9394456795555086,1.3487924981067774
73.2,0.9300752828253658,1.3510118978085783
73.25,0.9205311907015092,1.3531864404936227
73.3,0.9108059534977675,1.3553155610562533
73.35,0.9008916993103181,1.357398665610903
73.4,0.8907801050070445,1.3594351298406397
73.45,0.880462364939413,1.3614242972306427
73.5,0.8699291571829395,1.3633654771774995
73.55,0.859170607095637,1.3652579429644365
73.6,0.8481762479659388,1.3671009295917484
73.65,0.8369349785024707,1.3688936314507785
73.7,0.8254350168977063,1.3706351998288113
73.75,0.813663851176062,1.3723247402311594
73.8,0.8016081855144623,1.3739613095055772
73.85,0.7892538822000295,1.3755439127528877
73.9,0.7765858988656018,1.3770715000063696
73.95,0.7635882206196625,1.3785429626610282
74.0,0.7502437866635241,1.3799571296323545
74.05,0.7365344109660538,1.3813127632225664
74.1,0.7224406965458656,1.382608554670647
74.15,0.7079419428941561,1.3838431193607292
74.2,0.6930160460600351,1.385014991661573
74.25,0.6776393909167266,1.3861226193680485
74.3,0.661786735134482,1.3871643577137167
74.35,0.6454310844084952,1.3881384629218474
74.4,0.6285435585327238,1.3890430852605886
74.45,0.6110932479798984,1.3898762615666036
74.5,0.5930470607525945,1.390635907200452
74.55,0.5743695594207319,1.3913198073964468
74.6,0.5550227884707352,1.3919256079699003
74.65,0.5349660923778129,1.3924508053458282
74.7,0.5141559251965696,1.3928927358756826
74.75,0.4925456529728388,1.3932485644129153
74.8,0.47008535094378545,1.3935152721247586
74.85,0.4467215983539511,1.3936896435271684
74.9,0.42239727482059847,1.3937682527433415
74.95,0.397051363590924,1.3937474490046131
75.0,0.37061876881582306,1.3936233414372583
75.05,0.34303015620082117,1.3933917832113223
75.1,0.31421182917672835,1.3930483551701094
75.15,0.2840856561622537,1.3925883491136972
75.2,0.25256906867530093,1.392006750979557
75.25,0.21957515509329203,1.3912982242512721
75.3,0.18501288085347453,1.3904570940359695
75.35,0.14878747287103228,1.3894773323862577
75.4,0.11080101391293722,1.3883525456070986
75.45,0.07095330145444488,1.387075964485653
75.5,0.029143034828179953,1.385640438615369
75.55,-0.014730596364667463,1.3840384362551514
75.6,-0.06076584159328776,1.3822620514678803
75.65,-0.10905575017918215,1.3803030206122617
75.7,-0.159684876838479,1.378152750602896
75.75,-0.212725252931265,1.3758023616799298
75.8,-0.26823156392913416,1.373242747702239
75.85,-0.3262355098079397,1.3704646571400962
75.9,-0.3867393829742543,1.3674587979185204
75.95,-0.44970898257469255,1.3642159689553368
76.0,-0.5150660974067017,1.3607272205375602
76.05,-0.5826809310305411,1.3569840444715604
76.1,-0.6523650044383875,1.3529785931289111
76.15,-0.7238652369046249,1.3487039240416634
76.2,-0.7968600464703531,1.344154263618122
76.25,-0.8709583892937314,1.3393252800266224
76.3,-0.9457026269441485,1.334214351672366
76.35,-1.020575931033552,1.3288208144887765
76.4,-1.0950145813962169,1.3231461691323807
76.45,-1.168424997133905,1.3171942287925111
76.5,-1.2402047147067543,1.3109711902577408
76.55,-1.3097658953589604,1.3044856153556679
76.6,-1.3765594363251181,1.2977483166641026
76.65,-1.4400975035878538,1.29077214971522
76.7,-1.4999723817849338,1.283571722584475
76.75,-1.5558699569479975,1.2761630413922058
76.8,-1.6075768334917993,1.2685631156109443
76.85,-1.6549808974119116,1.2607895493779493
76.9,-1.698065909815188,1.2528601440984346
76.95,-1.7369013100826567,1.2447925339458719
77.0,-1.7716287459932685,1.2366038703202147
77.05,-1.8024469179256306,1.2283105649901123
77.1,-1.8295961718925402,1.2199280955181766
77.15,-1.8533439798269398,1.2114708713854478
77.2,-1.8739720887902387,1.2029521553953069
77.25,-1.8917657728222126,1.1943840325399206
77.3,-1.9070053273576177,1.1857774174150348
77.35,-1.9199597275642464,1.1771420912015895
77.4,-1.9308822305112916,1.1684867598824857
77.45,-1.9400076266063635,1.159819126437046
77.5,-1.9475508226045974,1.1511459710157772
77.55,-1.9537064503440387,1.1424732343713706
77.6,-1.9586492279362047,1.1338061009981786
77.65,-1.9625348424450948,1.1251490794523222
77.7,-1.9655011674992198,1.1165060781660896
77.75,-1.9676696710776838,1.1078804757357972
77.8,-1.9691469053882709,1.0992751851684341
77.85,-1.9700260013467283,1.090692711942518
77.9,-1.9703881146752957,1.0821352059975864
77.95,-1.9703037896103772,1.0736045079383603
78.0,-1.9698342204371417,1.0651021898446522
78.05000000000001,-1.9690324014072327,1.056629591134045
78.1,-1.967944162853749,1.0481878499452497
78.15,-1.9666090962061682,1.0397779305068318
78.19999999999999,-1.9650613737210916,1.031400646937001
78.25,-1.9633304705611938,1.0230566838915125
78.30000000000001,-1.9614417977490504,1.0147466144428743
78.35,-1.959417254780435,1.0064709155380862
78.4,-1.9572757105167868,0.998229981346176
78.44999999999999,-1.9550334205450328,0.9900241347721562
78.5,-1.9527043886066808,0.9818536373815914
78.55000000000001,-1.9503006790353494,0.9737186979501241
78.6,-1.9478326864559012,0.9656194798252878
78.65,-1.9453093683241138,0.957556107263714
78.69999999999999,-1.9427384452451257,0.9495286708853351
78.75,-1.940126573414338,0.9415372323672182
78.80000000000001,-1.9374794929821004,0.9335818284830218
78.85,-1.9348021556552681,0.9256624745795453
78.9,-1.9320988344135175,0.9177791675692052
78.94999999999999,-1.9293732178335128,0.9099318885063081
79.0,-1.9266284911758889,0.9021206048055115
79.05000000000001,-1.9238674060944103,0.8943452721526721
79.1,-1.9210923405692915,0.8866058361512229
79.15,-1.9183053504433127,0.8789022337411421
79.19999999999999,-1.9155082137460782,0.8712343944223467
79.25,-1.9127024688248275,0.8636022413098515
79.30000000000001,-1.9098894471563386,0.8560056920441735
79.35,-1.9070703015905983,0.8484446595771468
79.4,-1.9042460306704283,0.8409190528504712
79.44999999999999,-1.9014174995797857,0.833428777381877
79.5,-1.898585458194935,0.8259737357716891
79.55000000000001,-1.895750556645331,0.8185538281407857
79.6,-1.8929133587332745,0.8111689525093992
79.65,-1.8900743535118867,0.8038190051248849
79.69999999999999,-1.8872339652784822,0.7965038807454498
79.75,-1.8843925622040423,0.7892234728858587
79.80000000000001,-1.8815504637882892,0.7819776740302965
79.85,-1.8787079473031347,0.7747663758168499
79.9,-1.8758652533643525,0.7675894691974506
79.94999999999999,-1.8730225907516769,0.7604468445765965
80.0,-1.8701801405806666,0.7533383919317059
80.05000000000001,-1.8673380599152307,0.7462640009175722
80.1,-1.8644964848972905,0.739223560957045
80.15,-1.861655533459422,0.7322169613197778
80.19999999999999,-1.8588153076771687,0.7252440911906266
80.25,-1.8559758958098662,0.7183048397290751
80.30000000000001,-1.8531373740720798,0.7113990961208687
80.35,-1.8502998081719497,0.7045267496228879
80.4,-1.8474632546477554,0.6976876896021464
80.44999999999999,-1.8446277620297238,0.6908818055696856
80.5,-1.8417933718504134,0.6841089872100291
80.55000000000001,-1.838960119523828,0.6773691244067781
80.6,-1.8361280351106761,0.6706621072648458
80.65,-1.8332971439848385,0.6639878261297676
80.69999999999999,-1.8304674674140682,0.6573461716044627
80.75,-1.8276390230661959,0.6507370345637756
80.80000000000001,-1.8248118254506018,0.6441603061670824
80.85,-1.8219858863034077,0.6376158778692077
80.9,-1.8191612149237166,0.6311036414298692
80.94999999999999,-1.8163378184672518,0.6246234889218366
81.0,-1.813515702202906,0.6181753127379672
81.05000000000001,-1.8106948697369831,0.6117590055972598
81.1,-1.8078753232092835,0.6053744605500527
81.15,-1.80505706346464,0.5990215709824709
81.19999999999999,-1.8022400902030382,0.5927002306202186
81.25,-1.7994244021110481,0.586410333531798
81.30000000000001,-1.7966099969769345,0.5801517741312259
81.35,-1.7937968717915116,0.5739244471803122
81.4,-1.7909850228365374,0.5677282477905518
81.44999999999999,-1.78817444576221,0.5615630714246814
81.5,-1.7853651356551354,0.5554288138979414
81.55000000000001,-1.7825570870979468,0.5493253713790778
81.6,-1.7797502942216206,0.5432526403911189
81.65,-1.776944750751388,0.5372105178119538
81.69999999999999,-1.7741404500470366,0.5311989008747366
81.75,-1.771337385138289,0.5252176871681385
81.80000000000001,-1.7685355487558612,0.5192667746364664
81.85,-1.7657349333587333,0.5133460615796661
81.9,-1.7629355311580852,0.5074554466532215
81.94999999999999,-1.7601373341383084,0.5015948288679657
82.0,-1.7573403340754414,0.495764107589814
82.05000000000001,-1.754544522553343,0.48996318253942805
82.1,-1.7517498909778695,0.4841919537918216
82.15,-1.7489564305892993,0.4784503217759134
82.19999999999999,-1.7461641324732062,0.4727381872740358
82.25,-1.743372987569972,0.46705545142140403
82.30000000000001,-1.7405829866830898,0.46140201570555134
82.35,-1.73779412048641,0.45577778196573593
82.4,-1.735006379530441,0.4501826523923214
82.44999999999999,-1.7322197542478213,0.4446165295261368
82.5,-1.7294342349580578,0.4390793162578176
82.55000000000001,-1.726649811871611,0.4335709158271321
82.6,-1.7238664750934012,0.42809123182229364
82.65,-1.7210842146258072,0.4226401681792633
82.69999999999999,-1.718303020371204,0.4172176291810427
82.75,-1.7155228821341024,0.41182351945696066
82.80000000000001,-1.7127437896229236,0.4064577439819532
82.85,-1.7099657324514552,0.4011202080758411
82.9,-1.7071887001400219,0.3958108174026025
82.94999999999999,-1.704412682116397,0.39052947796964566
83.0,-1.7016376677164882,0.3852760961270791
83.05000000000001,-1.6988636461848179,0.38005057856698293
83.1,-1.6960906066748156,0.3748528323226808
83.15,-1.6933185382489495,0.36968276476801276
83.19999999999999,-1.6905474298787047,0.36454028361661095
83.25,-1.6877772704444267,0.35942529692117714
83.30000000000001,-1.6850080487350434,0.3543377130727645
83.35,-1.6822397534476758,0.3492774408000622
83.4,-1.6794723731871446,0.344244389168684
83.44999999999999,-1.6767058964653865,0.33923846758046206
83.5,-1.6739403117007847,0.33425958577274484
83.55000000000001,-1.6711756072174186,0.3293076538177
83.6,-1.6684117712442448,0.3243825821216233
83.65,-1.6656487919142058,0.31948428142425245
83.69999999999999,-1.6628866572632819,0.31461266279808714
83.75,-1.660125355229478,0.3097676376477154
83.80000000000001,-1.6573648736517592,0.30494911770914584
83.85,-1.6546052002689335,0.3001570150491464
83.9,-1.6518463227184832,0.29539124206459
83.94999999999999,-1.649088228535351,0.2906517114818072
84.0,-1.6463309051506791,0.2859383363559453
84.05000000000001,-1.6435743398905065,0.28125103007033503
84.1,-1.6408185199744223,0.2765897063358646
84.15,-1.6380634325141803,0.27195427919036086
84.19999999999999,-1.6353090645122723,0.2673446629979784
84.25,-1.632555402860461,0.2627607724485962
84.30000000000001,-1.6298024343382789,0.25820252255722215
84.35,-1.627050145611485,0.25366982866340554
84.4,-1.6242985232304863,0.2491626064306579
84.44999999999999,-1.6215475536287232,0.24468077184588152
84.5,-1.6187972231210157,0.24022424121880695
84.55000000000001,-1.616047517901874,0.2357929311814386
84.6,-1.613298424043773,0.23138675868750894
84.65,-1.6105499274953892,0.2270056410119416
84.69999999999999,-1.6078020140797995,0.22264949575032314
84.75,-1.6050546694926453,0.21831824081838383
84.80000000000001,-1.6023078793002579,0.21401179445148744
84.85,-1.5995616289377446,0.20973007520413028
84.9,-1.5968159037070384,0.20547300194944973
84.94999999999999,-1.5940706887749088,0.20124049387874168
85.0,-1.5913259691709314,0.19703247050098824
85.05000000000001,-1.5885817297854208,0.1928488516423945
85.1,-1.5858379553673203,0.18868955744593557
85.15,-1.583094630522052,0.1845545083709134
85.19999999999999,-1.5803517397093234,0.1804436251925235
85.25,-1.5776092672408961,0.17635682900143235
85.30000000000001,-1.5748671972783044,0.17229404120336458
85.35,-1.572125513830536,0.16825518351870128
85.4,-1.5693842007516632,0.16424017798208837
85.44999999999999,-1.5666432417384328,0.16024894694205613
85.5,-1.5639026203278055,0.15628141306064966
85.55000000000001,-1.5611623198944495,0.15233749931307022
85.6,-1.558422323648186,0.14841712898732798
85.65,-1.5556826146313834,0.14452022568390624
85.69999999999999,-1.5529431757163024,0.14064671331543707
85.75,-1.5502039896023891,0.1367965161063887
85.80000000000001,-1.5474650388135158,0.13296955859276505
85.85,-1.5447263056951657,0.12916576562181703
85.9,-1.541987772411565,0.12538506235176636
85.94999999999999,-1.5392494209427574,0.12162737425154173
86.0,-1.5365112330816215,0.11789262710052763
86.05000000000001,-1.5337731904308298,0.11418074698832595
86.1,-1.5310352743997448,0.11049166031453073
86.15,-1.5282974662012574,0.10682529378851602
86.19999999999999,-1.5255597468485598,0.10318157442923724
86.25,-1.522822097151854,0.09956042956504618
86.30000000000001,-1.5200844977149965,0.09596178683351983
86.35,-1.5173469289320731,0.09238557418130336
86.4,-1.5146093709839048,0.08883171986396737
86.44999999999999,-1.5118718038344852,0.08530015244587971
86.5,-1.5091342072273437,0.08179080080009205
86.55000000000001,-1.5063965606818357,0.0783035941082415
86.6,-1.503658843489356,0.07483846186046755
86.65,-1.5009210347094748,0.07139533385534451
86.69999999999999,-1.4981831131659955,0.06797414019982974
86.75,-1.4954450574429299,0.06457481130922796
86.80000000000001,-1.492706845880391,0.061197277907172005
86.85,-1.4899684565703986,0.05784147102562007
86.9,-1.4872298673525994,0.05450732200486995
86.94999999999999,-1.4844910558098976,0.05119476249359056
87.0,-1.4817519992639923,0.047903724448870894
87.05000000000001,-1.4790126747708208,0.04463414013628688
87.1,-1.476273059115908,0.041385942129986454
87.15,-1.4735331288096143,0.038159063312793035
87.19999999999999,-1.470792860082284,0.03495343687632792
87.25,-1.4680522288792883,0.03176899632115188
87.30000000000001,-1.4653112108559645,0.028605675456926213
87.35,-1.462569781372443,0.025463408402593857
87.4,-1.459827915488366,0.022342129586580682
87.44999999999999,-1.4570855879574875,0.019241773747017517
87.5,-1.4543427732221608,0.016162275931983248
87.55000000000001,-1.4515994454077,0.013103571499769404
87.6,-1.448855578316622,0.010065596119166673
87.65,-1.4461111454227604,0.007048285769773704
87.69999999999999,-1.443366119865248,0.004051576742328752
87.75,-1.4406204744423676,0.0010754056390645064
87.80000000000001,-1.437874181605265,-0.0018802906259133565
87.85,-1.4351272134515214,-0.004815574826223448
87.9,-1.4323795417185823,-0.007730509422781279
87.94999999999999,-1.429631137777037,-0.010625156563346685
88.0,-1.4268819726237472,-0.013499578082045575
88.05000000000001,-1.42413201687482,-0.016353835498865446
88.1,-1.4213812407584192,-0.019187990019124128
88.15,-1.4186296141074133,-0.022002102532911176
88.19999999999999,-1.415877106351855,-0.024796233614501402
88.25,-1.4131236865112853,-0.02757044352173982
88.30000000000001,-1.4103693231868633,-0.03032479219539755
88.35,-1.4076139845533084,-0.033059339258497925
88.4,-1.4048576383506584,-0.035774144015612235
88.44999999999999,-1.4021002518758323,-0.03846926545212438
88.5,-1.399341791973996,-0.04114476223346386
88.55000000000001,-1.3965822250297233,-0.043800692704306234
88.6,-1.3938215169579484,-0.046437114887740466
88.65,-1.3910596331947025,-0.049054086484402404
88.69999999999999,-1.3882965386876285,-0.05165166487157353
88.75,-1.38553219788627,-0.05422990710224426
88.80000000000001,-1.3827665747321247,-0.05678886990414106
88.85,-1.3799996326484583,-0.05932860967871639
88.9,-1.3772313345298701,-0.06184918250010074
88.94999999999999,-1.374461642731607,-0.06435064411401585
89.0,-1.3716905190586117,-0.06683304993664814
89.05000000000001,-1.3689179247543053,-0.06929645505348161
89.1,-1.3661438204890914,-0.07174091421808894
89.15,-1.363368166348577,-0.07416648185088007
89.19999999999999,-1.3605909218214982,-0.07657321203780722
89.25,-1.3578120457873455,-0.07896115852902506
89.30000000000001,-1.3550314965036787,-0.08133037473750529
89.35,-1.3522492315931218,-0.08368091373760425
89.4,-1.3494652080300304,-0.08601282826358254
89.44999999999999,-1.3466793821268181,-0.0883261707080755
89.5,-1.343891709519936,-0.09062099312051314
89.55000000000001,-1.341102145155493,-0.0928973472054886
89.6,-1.338310643274504,-0.09515528432107355
89.65,-1.33551715739776,-0.09739485547707924
89.69999999999999,-1.3327216403103048,-0.09961611133326208
89.75,-1.3299240440455062,-0.10181910219747199
89.80000000000001,-1.3271243198687115,-0.10400387802374234
89.85,-1.324322418260473,-0.10617048841031974
89.9,-1.3215182888993309,-0.1083189825976324
89.94999999999999,-1.318711880644141,-0.11044940946619516
90.0,-1.3159031415159304,-0.11256181753444992
90.05000000000001,-1.3130920186792683,-0.1146562549565393
90.1,-1.310278458423138,-0.11673276952001212
90.15,-1.3074624061412914,-0.11879140864345888
90.19999999999999,-1.3046438063120722,-0.12083221937407516
90.25,-1.3018226024776907,-0.12285524838515119
90.30000000000001,-1.2989987372229306,-0.12486054197348553
90.35,-1.2961721521532727,-0.12684814605672085
90.4,-1.2933427878724157,-0.12881810617059958
90.44999999999999,-1.2905105839591724,-0.1307704674661375
90.5,-1.2876754789437257,-0.13270527470671248
90.55000000000001,-1.2848374102832203,-0.13462257226506674
90.6,-1.281996314336668,-0.13652240412021963
90.65,-1.2791521263391468,-0.13840481385428874
90.69999999999999,-1.2763047803752683,-0.1402698446492166
90.75,-1.2734542093518921,-0.14211753928340046
90.80000000000001,-1.2706003449700578,-0.1439479401282223
90.85,-1.2677431176961116,-0.1457610891444761
90.9,-1.264882456732001,-0.14755702787868985
90.94999999999999,-1.2620182899847072,-0.14933579745933867
91.0,-1.2591505440347897,-0.1510974385929463
91.05000000000001,-1.2562791441040075,-0.15284199156007175
91.1,-1.2534040140219918,-0.15456949621117727
91.15,-1.2505250761919324,-0.1562799919623747
91.19999999999999,-1.2476422515552483,-0.15797351779104624
91.25,-1.244755459555203,-0.1596501122313361
91.30000000000001,-1.2418646180994322,-0.16130981336950911
91.35,-1.238969643521342,-0.16295265883917215
91.4,-1.2360704505403421,-0.16457868581635435
91.44999999999999,-1.2331669522208697,-0.16618793101444204
91.5,-1.230259059930163,-0.16778043067896356
91.55000000000001,-1.2273466832947388,-0.16935622058221936
91.6,-1.2244297301555294,-0.1709153360177533
91.65,-1.2215081065216302,-0.17245781179465902
91.69999999999999,-1.2185817165226083,-0.17398368223171756
91.75,-1.215650462359318,-0.17549298115135986
91.80000000000001,-1.2127142442531713,-0.1769857418734492
91.85,-1.2097729603938063,-0.1784619972088777
91.9,-1.2068265068850956,-0.1799217794529711
91.94999999999999,-1.2038747776894294,-0.1813651203786954
92.0,-1.2009176645702162,-0.1827920512296592
92.05000000000001,-1.197955057032529,-0.18420260271290528
92.1,-1.1949868422618293,-0.18559680499148407
92.15,-1.192012905060697,-0.18697468767680223
92.19999999999999,-1.189033127783492,-0.1883362798207391
92.25,-1.1860473902688673,-0.18968160990752292
92.30000000000001,-1.1830555697700513,-0.19101070584535917
92.35,-1.1800575408828144,-0.19232359495780255
92.4,-1.1770531754710316,-0.19362030397486416
92.44999999999999,-1.1740423425897484,-0.19490085902384488
92.5,-1.1710249084056479,-0.1961652856198855
92.55000000000001,-1.1680007361148244,-0.19741360865622415
92.6,-1.1649696858577538,-0.19864585239415108
92.65,-1.1619316146313492,-0.19986204045264977
92.69999999999999,-1.1588863761979873,-0.2010621957977143
92.75,-1.1558338209913874,-0.20224634073133113
92.80000000000001,-1.1527737960192095,-0.2034144968801136
92.85,-1.1497061447622465,-0.20456668518357723
92.9,-1.1466307070700692,-0.20570292588204261
92.94999999999999,-1.143547319052978,-0.20682323850415296
93.0,-1.140455812970114,-0.2079276418539926
93.05000000000001,-1.1373560171135657,-0.20901615399779142
93.1,-1.1342477556883133,-0.21008879225020105
93.15,-1.1311308486878275,-0.21114557316012678
93.19999999999999,-1.1280051117651506,-0.2121865124960987
93.25,-1.1248703560992623,-0.21321162523116574
93.30000000000001,-1.1217263882565363,-0.21422092552729435
93.35,-1.1185730100470732,-0.21521442671925345
93.4,-1.1154100183756974,-0.21619214129796685
93.44999999999999,-1.1122372050873817,-0.21715408089331245
93.5,-1.109054356806864,-0.21810025625634774
93.55000000000001,-1.1058612547722018,-0.21903067724093941
93.6,-1.1026576746619958,-0.21994535278477456
93.65,-1.0994433864160138,-0.22084429088972926
93.69999999999999,-1.096218154048911,-0.22172749860157007
93.75,-1.0929817354567513,-0.2225949819889618
93.80000000000001,-1.0897338822159977,-0.22344674612175527
93.85,-1.0864743393746432,-0.22428279504852547
93.9,-1.0832028452351186,-0.22510313177333152
93.94999999999999,-1.079919131128608,-0.2259077582316667
94.0,-1.0766229211803777,-0.2266966752655661
94.05000000000001,-1.0733139320657057,-0.2274698825978382
94.1,-1.0699918727559772,-0.2282273788053843
94.15,-1.0666564442544875,-0.2289691612915689
94.19999999999999,-1.0633073393214727,-0.22969522625760214
94.25,-1.0599442421878598,-0.23040556867289272
94.30000000000001,-1.0565668282572023,-0.23110018224432927
94.35,-1.0531747637952393,-0.23177905938444485
94.4,-1.0497677056064865,-0.23244219117841786
94.44999999999999,-1.04634530069723,-0.23308956734985956
94.5,-1.0429071859242693,-0.23372117622533703
94.55000000000001,-1.039452987628711,-0.23433700469757685
94.6,-1.0359823212540817,-0.23493703818729303
94.65,-1.0324947909479831,-0.23552126060357909
94.69999999999999,-1.028989989146477,-0.23608965430280132
94.75,-1.0254674961403352,-0.23664220004592817
94.80000000000001,-1.0219268796222398,-0.23717887695422551
94.85,-1.0183676942139752,-0.23769966246324584
94.9,-1.0147894809725917,-0.23820453227503438
94.94999999999999,-1.0111917668744637,-0.238693460308472
95.0,-1.0075740642761035,-0.2391664186476703
95.05000000000001,-1.0039358703505277,-0.23962337748832965
95.1,-1.000276666497897,-0.24006430508196702
95.15,-0.9965959177290835,-0.24048916767791442
95.19999999999999,-0.9928930720207308,-0.24089792946298458
95.25,-0.9891675596402939,-0.2412905524986941
95.30000000000001,-0.9854187924394524,-0.2416669966559293
95.35,-0.9816461631141924,-0.24202721954693268
95.4,-0.9778490444297525,-0.2423711764544822
95.44999999999999,-0.9740267884085155,-0.24269882025812844
95.5,-0.9701787254788127,-0.24301010135734655
95.55000000000001,-0.9663041635824803,-0.24330496759145268
95.6,-0.9624023872388738,-0.24358336415612616
95.65,-0.9584726565629027,-0.24384523351636928
95.69999999999999,-0.9545142062344939,-0.24409051531572756
95.75,-0.950526244416729,-0.24431914628158274
95.80000000000001,-0.9465079516197245,-0.2445310601263204
95.85,-0.9424584795071361,-0.2447261874441628
95.9,-0.938376949641968,-0.24490445560344454
95.94999999999999,-0.9342624521681485,-0.24506578863409692
96.0,-0.9301140444241105,-0.24521010711009142
96.05000000000001,-0.9259307494843578,-0.2453373280265799
96.1,-0.9217115546247404,-0.2454473646714519
96.15,-0.9174554097068724,-0.24554012649101295
96.19999999999999,-0.9131612254768243,-0.2456155189494708
96.25,-0.9088278717728874,-0.24567344338189612
96.30000000000001,-0.9044541756368644,-0.24571379684030462
96.35,-0.90003891932295,-0.24573647193248585
96.4,-0.895580838197869,-0.24574135665317978
96.44999999999999,-0.8910786185254946,-0.24572833420717857
96.5,-0.8865308951287015,-0.24569728282390316
96.55000000000001,-0.8819362489207012,-0.2456480755629765
96.6,-0.877293204297562,-0.24558058011028494
96.65,-0.8726002263830273,-0.24549465856398542
96.69999999999999,-0.8678557181161151,-0.24539016720988283
96.75,-0.8630580171713004,-0.24526695628556275
96.80000000000001,-0.8582053927003445,-0.24512486973262587
96.85,-0.8532960418840462,-0.2449637449363262
96.9,-0.8483280862813372,-0.24478341245186983
96.94999999999999,-0.8432995679622155,-0.24458369571658048
97.0,-0.8382084454100253,-0.24436441074708537
97.05000000000001,-0.8330525891775127,-0.24412536582061725
97.1,-0.8278297772799287,-0.2438663611394672
97.15,-0.8225376903072021,-0.2435871884775561
97.19999999999999,-0.817173906235852,-0.24328763080802193
97.25,-0.8117358949198488,-0.24296746191064383
97.30000000000001,-0.8062210122380578,-0.24262644595784025
97.35,-0.8006264938741937,-0.2422643370778913
97.4,-0.7949494487033757,-0.24188087889393914
97.44999999999999,-0.7891868517573781,-0.2414758040372176
97.5,-0.7833355367385298,-0.2410488336328515
97.55000000000001,-0.7773921880498844,-0.2405996767564472
97.6,-0.7713533323067817,-0.24012802985956655
97.65,-0.7652153292922054,-0.239633576162039
97.69999999999999,-0.7589743623154199,-0.23911598500891607
97.75,-0.7526264279302117,-0.2385749111897121
97.80000000000001,-0.7461673249656484,-0.23800999421740154
97.85,-0.7395926428186052,-0.23742085756445555
97.9,-0.7328977489533446,-0.23680710785299885
97.94999999999999,-0.7260777755491802,-0.23616833399595075
98.0,-0.719127605232675,-0.23550410628577906
98.05000000000001,-0.7120418558259091,-0.23481397542724297
98.1,-0.7048148640370797,-0.23409747151022964
98.15,-0.6974406680140522,-0.23335410291849434
98.19999999999999,-0.6899129886754606,-0.23258335516980028
98.25,-0.6822252097275286,-0.23178468968261354
98.30000000000001,-0.6743703562679768,-0.23095754246414482
98.35,-0.6663410718711578,-0.23010132271413683
98.4,-0.6581295940409724,-0.22921541133837797
98.44999999999999,-0.6497277279101467,-0.22829915936547174
98.5,-0.6411268180561709,-0.22735188625991185
98.55000000000001,-0.6323177182956288,-0.22637287812399892
98.6,-0.6232907593098983,-0.2253613857805906
98.65,-0.6140357139463714,-0.2243166227280956
98.69999999999999,-0.604541760030575,-0.2232377629585117
98.75,-0.5947974405160884,-0.22212393862866125
98.80000000000001,-0.5847906207911918,-0.22097423757410242
98.85,-0.5745084429541034,-0.21978770065448977
98.9,-0.5639372768628846,-0.218563318918431
98.94999999999999,-0.5530626677621994,-0.21730003057514174
99.0,-0.5418692802877777,-0.21599671775944634
99.05000000000001,-0.5303408386515819,-0.21465220307592442
99.1,-0.5184600628173882,-0.21326524590727258
99.15,-0.5062086004892058,-0.21183453847126169
99.19999999999999,-0.4935669547553728,-0.2103587016100487
99.25,-0.4805144072614703,-0.20883628029508317
99.30000000000001,-0.4670289368280365,-0.2072657388304767
99.35,-0.45308713348774,-0.2056454557375335
99.4,-0.43866410799521127,-0.20397371830324418
99.44999999999999,-0.42373339696608125,-0.2022487167760098
99.5,-0.4082668639359476,-0.2004685381927984
99.55000000000001,-0.3922345968022915,-0.19863115982347745
99.6,-0.37560480233161425,-0.19673444222038175
99.65,-0.3583436986908511,-0.1947761218644707
99.69999999999999,-0.3404154073090855,-0.1927538034039543
99.75,-0.3217818458076936,-0.19066495148732757
99.80000000000001,-0.3024026242718564,-0.18850688220072118
99.85,-0.28223494779424585,-0.18627675412978878
99.9,-0.2612335290258979,-0.18397155907954763
99.94999999999999,-0.2393505154459633,-0.1815881125022861
100.0,-0.21653543723977028,-0.17912304370459034
