t,v,w,lognorm_local,opnorm_local
0.0,-1.929437229309386,0.9101151095828508,0.013337333903739416,2.9010451027796313
0.0499999999999971,-1.9266929168329416,0.9023029840261362,0.013629301028561512,2.8911134229743327
0.1000000000000014,-1.923932186028037,0.894526810675525,0.013924761435504744,2.8811412422148748
0.1499999999999985,-1.9211574229999504,0.8867865353533518,0.014223502936700858,2.871137521868993
0.2000000000000028,-1.918370690597229,0.8790820951876411,0.014525343054943381,2.861109998014379
0.25,-1.9155737728924656,0.8714134198397485,0.014830125047786046,2.851065351349535
0.2999999999999971,-1.9127682134475297,0.8637804325631747,0.015137714480005024,2.8410093532509637
0.3500000000000014,-1.9099553482409144,0.8561830511171147,0.015447996266874878,2.8309469913465444
0.3999999999999986,-1.9071363340105576,0.8486211885549803,0.015760872121981278,2.8208825775008544
0.4500000000000028,-1.904312172658652,0.84109475390528,0.01607625835287467,2.810819840699408
0.5,-1.9014837322731335,0.8336036527597914,0.016394083956026234,2.8007620069665267
0.5499999999999972,-1.8986517652417565,0.8261477877818564,0.016714288969493243,2.7907118681487035
0.6000000000000014,-1.8958169238670548,0.818727059145832,0.017036823047626697,2.780671841134985
0.6499999999999986,-1.8929797738325032,0.8113413649171772,0.017361644227212862,2.770644018862483
0.7000000000000028,-1.890140805820497,0.8039906013813328,0.0176887178587624,2.760630214263339
0.75,-1.8873004455401536,0.7966746633284079,0.01801801568035625,2.750631998145051
0.7999999999999972,-1.8844590623864237,0.7893934442997134,0.0183495150146215,2.740650731855105
0.8500000000000014,-1.8816169769206907,0.78214683680134,0.01868319807212032,2.730687595460006
0.8999999999999986,-1.8787744673362132,0.7749347324892571,0.019019051346757222,2.7207436120652484
0.9500000000000028,-1.8759317750487523,0.7677570223297913,0.019357065090803177,2.710819668814033
1.0,-1.8730891095330149,0.7606135967388087,0.019697232858844223,2.700916535026482
1.0499999999999972,-1.87024665250862,0.7535043457024706,0.02003955111143232,2.6910348778759223
1.1000000000000014,-1.867404561564796,0.7464291588820339,0.02038401887047774,2.681175275942953
1.1499999999999986,-1.864562973300548,0.7393879257048329,0.020730637419510204,2.6713382309400453
1.2000000000000028,-1.861722006046383,0.7323805354432867,0.021079410042866637,2.66152417785849
1.25,-1.8588817622244629,0.7254068772835245,0.02143034179867339,2.65173349375408
1.2999999999999972,-1.8560423303962152,0.7184668403850049,0.021783439321178707,2.641966505357874
1.3500000000000014,-1.853203787039641,0.7115603139323214,0.022138710648591912,2.6322234956723354
1.3999999999999986,-1.8503661980927344,0.7046871871802234,0.022496165073101527,2.6225047096908782
1.4500000000000028,-1.847529620294448,0.6978473494927414,0.022855813010186757,2.6128103593597656
1.5,-1.84469410235031,0.6910406903771935,0.023217665884723557,2.603140627884836
1.5499999999999972,-1.8418596859461076,0.6842670995137375,0.023581736031717485,2.593495673471401
1.6000000000000014,-1.8390264066298656,0.6775264667810497,0.023948036609780718,2.583875632573577
1.6499999999999986,-1.836194294579591,0.670818682278633,0.024316581525721834,2.574280622718765
1.7000000000000028,-1.8333633752718927,0.6641436363461913,0.024687385368829213,2.564710744964087
1.75,-1.8305336700645556,0.6575012195804468,0.025060463353614938,2.5551660860338328
1.7999999999999972,-1.827705196704372,0.6508913228497295,0.025435831269948136,2.545646720180268
1.8500000000000016,-1.8248779697700264,0.6443138373066262,0.025813505439645692,2.536152710804459
1.8999999999999984,-1.822052001058517,0.6377686543989344,0.026193502678708312,2.5266841118687915
1.9500000000000028,-1.819227299922465,0.6312556658791396,0.026575840264496397,2.5172409691286037
2.0,-1.816403873564684,0.6247747638126013,0.02696053590722987,2.507823321206674
2.049999999999997,-1.8135817272955403,0.6183258405846133,0.0273476077252759,2.498431200531116
2.1000000000000014,-1.8107608647579003,0.6119087889064801,0.02773707422375732,2.489064634154482
2.1499999999999986,-1.8079412881238333,0.605523501820733,0.0281289542760726,2.4797236444695634
2.200000000000003,-1.8051229982666817,0.5991698727055934,0.02852326710797348,2.4704082498352
2.25,-1.802305994911651,0.5928477952787803,0.02892003228388765,2.461118465123807
2.299999999999997,-1.7994902767676524,0.5865571636007415,0.0293192696952153,2.4518543022006476
2.3500000000000014,-1.7966758416427664,0.5802978720773808,0.029720999550363586,2.4426157703436377
2.3999999999999986,-1.7938626865454128,0.5740698154623461,0.030125242366309597,2.433402876611288
2.450000000000003,-1.7910508077730165,0.5678728888589306,0.030532018961512083,2.424215626165416
2.5,-1.7882402009897445,0.5617069877216363,0.030941350450012024,2.4150540225543575
2.549999999999997,-1.7854308612946788,0.5555720078574421,0.0313532582365839,2.405918067961709
2.6000000000000014,-1.7826227832816215,0.549467845426812,0.03176776401281531,2.396807763424953
2.6499999999999986,-1.77981596109157,0.5433943969444768,0.032184889754008544,2.3877231090277604
2.700000000000003,-1.77701038845877,0.5373515592800159,0.03260465771681063,2.3786641040692893
2.75,-1.774206058751138,0.5313392296582665,0.03302709043749019,2.3696307472133404
2.799999999999997,-1.7714029650057492,0.5253573056595788,0.03345221073078843,2.360623036619917
2.8500000000000014,-1.7686010999599922,0.5194056852199374,0.033880041689282256,2.351640970061354
2.8999999999999986,-1.7658004560789196,0.513484266630966,0.0343106066832031,2.3426845450249525
2.950000000000003,-1.76300102557926,0.5075929485398308,0.03474392936066365,2.333753758803785
3.0,-1.7602028004504906,0.5017316299490523,0.03518003364824986,2.3248486085771196
3.049999999999997,-1.7574057724733336,0.4959002102162398,0.035618943751939164,2.3159690914817785
3.1000000000000014,-1.754609933235975,0.4900985890537583,0.03606068415831483,2.3071152046755046
3.1499999999999986,-1.7518152741482886,0.484326666528334,0.03650527963604456,2.2982869453933317
3.200000000000003,-1.7490217864542967,0.4785843430606097,0.03695275523759981,2.289484310997832
3.25,-1.7462294612430809,0.4728715194246536,0.037403136301192234,2.2807072990239603
3.299999999999997,-1.7434382894583202,0.4671880967474292,0.03785644845290887,2.271955907219165
3.3500000000000014,-1.740648261906625,0.4615339765082323,0.03831271760902752,2.2632301335793454
3.3999999999999986,-1.7378593692648034,0.4559090605380971,0.03877196997849754,2.254529976381152
3.450000000000003,-1.7350716020861845,0.4503132510191784,0.039234232065573166,2.245855434211079
3.5,-1.7322849508061091,0.4447464504841114,0.03969953067258662,2.237206505991728
3.549999999999997,-1.7294994057466822,0.4392085618153538,0.04016789290285192,2.2285831910055984
3.6000000000000014,-1.7267149571208733,0.4336994882445114,0.04063934616368877,2.2199854889166852
3.6499999999999986,-1.7239315950360368,0.4282191333516519,0.04111391816956013,2.211413399790167
3.700000000000003,-1.7211493094969197,0.4227674010646067,0.04159163694531512,2.2028669241104044
3.75,-1.7183680904082117,0.4173441956582644,0.042072530829532134,2.19434606279745
3.799999999999997,-1.715587927576692,0.4119494217538577,0.042556628477955896,2.1858508172222653
3.8500000000000014,-1.7128088107130126,0.4065829843182437,0.043043958867024515,2.1773811892207755
3.8999999999999986,-1.7100307294331616,0.4012447886631806,0.04353455129748178,2.168937181106932
3.950000000000003,-1.7072536732596388,0.3959347404446015,0.04402843539807146,2.1605187956848777
4.0,-1.7044776316223749,0.3906527456618862,0.04452564112931041,2.1521260362603427
4.049999999999997,-1.7017025938594212,0.3853987106571323,0.045026198787337345,2.1437589066513563
4.100000000000001,-1.6989285492174342,0.3801725421144258,0.045530139007835375,2.135417411198358
4.149999999999999,-1.696155486851973,0.3749741470591133,0.04603749277002614,2.12710155477379
4.200000000000003,-1.6933833958276343,0.3698034328570747,0.04654829140073332,2.118811342791225
4.25,-1.6906122651180333,0.364660307213999,0.04706256657851447,2.1105467812141026
4.299999999999997,-1.687842083605651,0.3595446781746619,0.04758035033785986,2.1023078765640997
4.350000000000001,-1.6850728400815589,0.3544564541222068,0.04810167507345644,2.0940946359292196
4.399999999999999,-1.6823045232450309,0.3493955437774302,0.048626573544517014,2.085907066971597
4.450000000000003,-1.6795371217030546,0.3443618561980696,0.049155078879172795,2.0777451779350837
4.5,-1.6767706239697475,0.3393553007780975,0.049687224578929594,2.0696089776526367
4.549999999999997,-1.6740050184656905,0.334375787247019,0.05022304452318614,2.061498475553533
4.600000000000001,-1.6712402935171784,0.3294232256691747,0.05076257297381516,2.053413681670433
4.649999999999999,-1.668476437355403,0.3244975264430491,0.05130584457980538,2.045354606646338
4.700000000000003,-1.665713438115566,0.3195986003005849,0.05185289438196522,2.03732126174143
4.75,-1.6629512838359266,0.314726358306503,0.05240375781768823,2.029313658839817
4.799999999999997,-1.660189962456795,0.3098807118576277,0.05295847072577864,2.0213318104562275
4.850000000000001,-1.6574294618194667,0.3050615726822197,0.0535170693513385,2.013375729742623
4.899999999999999,-1.6546697696651065,0.3002688528393144,0.05407959035071494,2.0054454304947815
4.950000000000003,-1.6519108736335806,0.2955024647180675,0.054646070796509065,1.9975409271588271
5.0,-1.6491527612622463,0.2907623210371073,0.05521654818264424,1.9896622348377508
5.049999999999997,-1.646395419984689,0.2860483348438937,0.05579106042949645,1.981809369297892
5.100000000000001,-1.6436388371294226,0.2813604195140851,0.05636964588908458,1.973982346975424
5.149999999999999,-1.6408829999185433,0.2766984887509115,0.05695234335032151,1.9661811849828263
5.200000000000003,-1.6381278954663443,0.2720624565845562,0.057539192044326386,1.9584059011153572
5.25,-1.6353735107778906,0.2674522373715444,0.0581302316497976,1.9506565138575267
5.299999999999997,-1.6326198327475532,0.2628677457941397,0.058725502298446954,1.9429330423895879
5.350000000000001,-1.6298668481575085,0.2583088968597484,0.05932504458049415,1.9352355065940368
5.399999999999999,-1.6271145436761951,0.2537756059003321,0.059928899550223534,1.9275639270621203
5.450000000000003,-1.624362905856739,0.2492677885718276,0.060537108731600765,1.91991832510038
5.5,-1.6216119211353357,0.2447853608535763,0.06114971412395193,1.9122987227371988
5.549999999999997,-1.6188615758296,0.2403282390477607,0.061766758207703165,1.904705142729382
5.600000000000001,-1.6161118561368768,0.2358963397788498,0.06238828395018182,1.8971376085687597
5.649999999999999,-1.6133627481325177,0.2314895799930538,0.06301433481147861,1.8895961444888252
5.700000000000003,-1.6106142377681147,0.2271078769577861,0.06364495475037263,1.8820807754713749
5.75,-1.6078663108697069,0.2227511482611356,0.06428018823031521,1.8745915272532145
5.799999999999997,-1.6051189531359376,0.2184193118113467,0.06492008022547802,1.8671284263328576
5.850000000000001,-1.6023721501361865,0.2141122858363092,0.0655646762268597,1.8596914999772858
5.899999999999999,-1.599625887308653,0.2098299888830573,0.06621402224845624,1.8522807762287095
5.950000000000003,-1.5968801499584102,0.2055723398172774,0.06686816483349044,1.8448962839113878
6.0,-1.5941349232554127,0.2013392578228256,0.06752715106070391,1.8375380526384537
6.049999999999997,-1.5913901922324705,0.1971306624012553,0.0681910285507093,1.8302061128187863
6.100000000000001,-1.5886459417831809,0.1929464733713535,0.06885984547240284,1.8229004956639046
6.149999999999999,-1.5859021566598193,0.1887866108686878,0.0695336505494387,1.815621233194891
6.200000000000003,-1.5831588214711914,0.1846509953451627,0.07021249306676204,1.8083683582493468
6.25,-1.580415920680441,0.1805395475685866,0.07089642287720314,1.8011419044883725
6.299999999999997,-1.577673438602816,0.1764521886222484,0.07158549040813125,1.7939419064035742
6.350000000000001,-1.5749313594033931,0.1723888399045047,0.07227974666816674,1.7867683993241
6.399999999999999,-1.5721896670947568,0.1683494231283779,0.07297924325395336,1.7796214194236977
6.450000000000003,-1.5694483455346322,0.1643338603211643,0.07368403235698863,1.7725010037277924
6.5,-1.5667073784234749,0.1603420738240534,0.0743941667705119,1.7654071901205988
6.549999999999997,-1.5639667493020133,0.1563739862917578,0.07510969989645046,1.758340017352238
6.600000000000001,-1.5612264415487425,0.1524295206921547,0.07583068575242222,1.7512995250458856
6.649999999999999,-1.5584864383773709,0.1485086003059382,0.07655717897879494,1.744285753704933
6.700000000000003,-1.555746722834215,0.1446111487262833,0.07728923484580143,1.7372987447201609
6.75,-1.5530072777955477,0.1407370898585211,0.0780269092607087,1.7303385403769336
6.799999999999997,-1.5502680859648903,0.136886347919826,0.07877025877504269,1.7234051838623972
6.850000000000001,-1.5475291298702554,0.1330588474389152,0.07951934059186505,1.7164987192726953
6.899999999999999,-1.544790391861333,0.1292545132557594,0.08027421257310344,1.7096191916201846
6.950000000000003,-1.542051854106624,0.1254732705213063,0.08103493324693285,1.702766646840659
7.0,-1.5393134985905166,0.1217150446972169,0.08180156181520687,1.6959411318005817
7.049999999999997,-1.5365753071103034,0.1179797615556134,0.08257415816093999,1.6891426943043022
7.100000000000001,-1.5338372612731428,0.114267347178841,0.08335278285583661,1.682371383101288
7.149999999999999,-1.5310993424929575,0.1105777279592423,0.08413749716786771,1.6756272478933418
7.200000000000003,-1.528361531987272,0.1069108305989444,0.08492836306889431,1.6689103393418072
7.25,-1.5256238107739892,0.1032665821096606,0.08572544324233354,1.6622207090747718
7.299999999999997,-1.5228861596680994,0.0996449098125044,0.08652880109086981,1.6555584096942486
7.350000000000001,-1.5201485592783262,0.0960457413378186,0.0873385007442057,1.648923494783347
7.399999999999999,-1.517410990003704,0.0924690046250177,0.08815460706685448,1.642316018913414
7.450000000000003,-1.514673432030085,0.0889146279224447,0.08897718566597032,1.6357360376511545
7.5,-1.5119358653265782,0.0853825397872426,0.08980630289921504,1.6291836075657278
7.549999999999997,-1.509198269641914,0.0818726690852408,0.09064202588266031,1.6226587862358037
7.600000000000001,-1.506460624500736,0.0783849449908564,0.09148442249872213,1.6161616322565908
7.649999999999999,-1.503722909199818,0.0749192969870105,0.09233356140412669,1.6096922052468232
7.700000000000003,-1.5009851028041992,0.0714756548650605,0.09318951203790607,1.603250565855691
7.75,-1.4982471841432463,0.0680539487247476,0.09405234462941883,1.596836775769748
7.799999999999997,-1.4955091318066296,0.0646541089741614,0.09492213020639712,1.5904508977197422
7.850000000000001,-1.4927709241402158,0.0612760663297197,0.09579894060301544,1.5840929954874008
7.899999999999999,-1.4900325392418796,0.0579197518161655,0.09668284846797862,1.577763133912153
7.950000000000003,-1.4872939549572233,0.0545850967665809,0.0975739272726284,1.5714613788977816
8.0,-1.484555148875209,0.0512720328224183,0.09847225131906387,1.5651877974190105
8.049999999999997,-1.4818160983236992,0.0479804919335486,0.0993778957482746,1.5589424575280078
8.100000000000001,-1.479076780364905,0.0447104063583281,0.1002909365482821,1.5527254283608143
8.149999999999999,-1.476337171790732,0.0414617086636827,0.10121145056228972,1.5465367801436758
8.200000000000003,-1.4735972491180345,0.0382343317252114,0.10213951549683396,1.5403765841992902
8.25,-1.470856988583766,0.0350282087273076,0.10307520992993675,1.5342449129529583
8.299999999999997,-1.4681163661400234,0.031843273163301,0.10401861331925598,1.5281418399386195
8.350000000000001,-1.4653753574489898,0.0286794588356178,0.1049698060102285,1.5220674398047873
8.399999999999999,-1.4626339378777642,0.0255366998559612,0.10592886924420454,1.516021788320368
8.450000000000003,-1.4598920824930808,0.0224149306455124,0.10689588516656927,1.5100049623803495
8.5,-1.457149766055915,0.0193140859351523,0.10787093683484739,1.504017040011371
8.549999999999997,-1.4544069630159702,0.0162341007657038,0.10885410822678815,1.4980581003771514
8.600000000000001,-1.4516636475060454,0.013174910488196,0.1098454842484258,1.4921282237837774
8.649999999999999,-1.4489197933362776,0.0101364507641502,0.11084515074211358,1.4862274916848444
8.700000000000003,-1.44617537398826,0.0071186575658882,0.11185319449452423,1.4803559866864415
8.75,-1.4434303626090277,0.0041214671768635,0.11286970324461627,1.4745137925519725
8.799999999999997,-1.4406847320049112,0.0011448161920151,0.11389476569155992,1.4687009942068094
8.850000000000001,-1.437938454635252,-0.0018113584818535,0.11492847150261931,1.4629176777427664
8.899999999999999,-1.4351915026059798,-0.0047471196256737,0.1159709113209856,1.4571639304223913
8.950000000000003,-1.4324438476630434,-0.0076625297076833,0.11702217677355796,1.4514398406830706
9.0,-1.4296954611856951,-0.0105576508829756,0.1180823604786676,1.4457454981409208
9.049999999999995,-1.426946314179622,-0.0134325449930215,0.11915155605373946,1.44008099359449
9.1,-1.4241963772699224,-0.0162872735651655,0.12022985812288826,1.4344464190282302
9.15,-1.4214456206939217,-0.0191218978120953,0.12131736232444373,1.4288418676157544
9.200000000000005,-1.4186940142938234,-0.0219364786312836,0.12241416531839935,1.42326743372286
9.25,-1.4159415275091938,-0.0247310766044025,0.12352036479378134,1.4177232129103179
9.299999999999995,-1.41318812936927,-0.0275057519967088,0.12463605947593279,1.412209301936405
9.35,-1.4104337884850926,-0.0302605647564011,0.12576134913370687,1.4067257987591921
9.4,-1.4076784730414535,-0.0329955745139462,0.1268963345865663,1.4012728025385572
9.450000000000005,-1.4049221507886578,-0.0357108405813757,0.12804111771158194,1.395850413637935
9.5,-1.4021647890340918,-0.0384064219515514,0.12919580145032736,1.390458733625786
9.549999999999995,-1.3994063546335929,-0.041082377297399,0.13036048981566378,1.3850978652767665
9.6,-1.396646813982616,-0.0437387649711092,0.13153528789841018,1.3797679125726157
9.65,-1.3938861330071903,-0.0463756430033063,0.1327203018738947,1.3744689807027262
9.700000000000005,-1.3911242771546608,-0.0489930691021818,0.13391563900838147,1.369201176064405
9.75,-1.3883612113842094,-0.0515911006525947,0.13512140766536843,1.3639646062628088
9.799999999999995,-1.3855969001571484,-0.0541697947151348,0.1363377173117517,1.3587593801105582
9.85,-1.3828313074269794,-0.0567292080251516,0.13756467852385185,1.3535856076269963
9.9,-1.3800643966292132,-0.0592693969917444,0.13880240299329666,1.3484434000371157
9.950000000000005,-1.3772961306709426,-0.0617904176967155,0.14005100353275662,1.343332869770123
10.0,-1.3745264719201584,-0.0642923258934844,0.1413105940815306,1.3382541304576385
10.049999999999995,-1.3717553821948083,-0.0667751770059621,0.1425812897109723,1.3332072969315323
10.1,-1.368982822751584,-0.069239026127385,0.1438632066297601,1.3281924852213745
10.15,-1.3662087542744323,-0.0716839280191068,0.1451564621890012,1.3232098125515053
10.200000000000005,-1.3634331368627808,-0.0741099371093484,0.14646117488717048,1.3182593973377044
10.25,-1.360655930019473,-0.0765171074919037,0.14777746437487652,1.3133413591834715
10.299999999999995,-1.3578770926384,-0.0789054929248009,0.14910545145945525,1.3084558188758917
10.35,-1.355096582991823,-0.0812751468289183,0.15044525810938733,1.3036028983810888
10.4,-1.3523143587173747,-0.0836261222865529,0.15179700745853567,1.298782720839264
10.450000000000005,-1.3495303768047362,-0.0859584720399409,0.15316082381020146,1.2939954105593081
10.5,-1.3467445935819695,-0.08827224848973,0.15453683264099918,1.2892410930129803
10.549999999999995,-1.3439569647015068,-0.0905675036933998,0.15592516060454445,1.2845198948286576
10.6,-1.3411674451257776,-0.0928442893636319,0.15732593553495877,1.2798319437846424
10.65,-1.338375989112469,-0.0951026568666266,0.15873928645018653,1.275177368802033
10.700000000000005,-1.3355825501994016,-0.097342657220365,0.160165343555128,1.2705562999371371
10.75,-1.3327870811890168,-0.099564341092816,0.16160423824458614,1.2659688683734474
10.799999999999995,-1.329989534132457,-0.101767758800086,0.16305610310602892,1.261415206413164
10.85,-1.3271898603132313,-0.1039529603045101,0.16452107192217016,1.2568954474682605
10.9,-1.3243880102304526,-0.1061199952126838,0.16599927967336933,1.252409726051107
10.950000000000005,-1.3215839335816286,-0.1082689127734321,0.16749086253985632,1.24795817776463
11.0,-1.3187775792450025,-0.1103997618757165,0.168995957903781,1.2435409392920325
11.049999999999995,-1.3159688952614164,-0.1125125910464769,0.17051470435109792,1.2391581483860534
11.1,-1.3131578288156995,-0.1146074484484068,0.17204724167328334,1.234809943857796
11.15,-1.3103443262175467,-0.1166843818776603,0.1735937108689019,1.2304964655650974
11.200000000000005,-1.3075283328818872,-0.1187434387614894,0.1751542541450206,1.2262178544004718
11.25,-1.3047097933087206,-0.120784666155809,0.17672901491848356,1.22197425227862
11.299999999999995,-1.3018886510624046,-0.1228081107426882,0.17831813781705558,1.217765802123514
11.35,-1.299064848750375,-0.124813818827766,0.1799217686804458,1.2135926478550665
11.4,-1.296238328001284,-0.1268018363375886,0.18154005456122257,1.2094549343753938
11.450000000000005,-1.2934090294425342,-0.1287722088168673,0.1831731437256317,1.2053528075546867
11.5,-1.29057689267719,-0.1307249814256535,0.1848211856543358,1.2012864142166921
11.549999999999995,-1.2877418562602494,-0.1326601989364302,0.1864843310430839,1.1972559021238371
11.6,-1.2849038576742509,-0.1345779057311156,0.18816273180333565,1.1932614199619898
11.65,-1.2820628333041957,-0.1364781457979785,0.18985654106285277,1.1893031173248936
11.700000000000005,-1.279218718411763,-0.1383609627284613,0.19156591316628224,1.1853811446982758
11.75,-1.2763714471087952,-0.140226399713909,0.19329100367574883,1.1814956534436658
11.799999999999995,-1.2735209523300297,-0.1420744995422016,0.19503196937148287,1.1776467957819399
11.85,-1.27066716580505,-0.1439053045942857,0.1967889682525071,1.1738347247766148
11.9,-1.2678100180294307,-0.1457188568406053,0.19856215953741133,1.1700595943169156
11.950000000000005,-1.2649494382350537,-0.1475151978374251,0.20035170366523963,1.1663215591006575
12.0,-1.2620853543595596,-0.1492943687230472,0.20215776229652563,1.1626207746169535
12.049999999999995,-1.2592176930149128,-0.1510564102139148,0.20398049831450468,1.1589573971287987
12.1,-1.2563463794550471,-0.1528013626006015,0.2058200758265392,1.1553315836555524
12.15,-1.253471337542558,-0.1545292657436823,0.2076766601657953,1.1517434919553682
12.200000000000005,-1.2505924897144156,-0.1562401590694826,0.20955041789320591,1.148193280507599
12.25,-1.2477097569466566,-0.1579340815657024,0.21144151679976766,1.1446811084952269
12.299999999999995,-1.2448230587180265,-0.1596110717769105,0.21335012590921,1.1412071357873657
12.35,-1.2419323129725326,-0.1612711677999065,0.21527641548108478,1.137771522921875
12.4,-1.2390374360808685,-0.1629144072789454,0.2172205570143281,1.1343744310881405
12.450000000000005,-1.2361383428006767,-0.1645408274008215,0.21918272325133836,1.1310160221100796
12.5,-1.2332349462355996,-0.1661504648898063,0.22116308818263325,1.127696458429416
12.549999999999995,-1.230327157793083,-0.1677433560024369,0.22316182705213664,1.1244159030892935
12.6,-1.2274148871408854,-0.1693195365221505,0.2251791163631569,1.1211745197182863
12.65,-1.2244980421622464,-0.1708790417537584,0.22721513388511835,1.1179724725148714
12.700000000000005,-1.2215765289096674,-0.1724219065177573,0.2292700586611128,1.1148099262324307
12.75,-1.2186502515572533,-0.1739481651444701,0.23134407101633764,1.1116870461648598
12.799999999999995,-1.2157191123515652,-0.1754578514680131,0.23343735256749273,1.1086039981328486
12.85,-1.212783011560928,-0.1769509988200824,0.235550086233211,1.1055609484709255
12.9,-1.2098418474231347,-0.1784276400235553,0.23768245624560147,1.1025580640153312
12.950000000000005,-1.2068955160914965,-0.1798878073858987,0.23983464816298244,1.099595512092826
13.0,-1.203943911579166,-0.1813315326923816,0.242006848883893,1.0966734605105002
13.049999999999995,-1.2009869257016803,-0.1827588471990816,0.24419924666246837,1.0937920775466992
13.1,-1.198024448017652,-0.1841697816256813,0.24641203112527066,1.0909515319431438
13.15,-1.1950563657675382,-0.1855643661480477,0.2486453932896714,1.0881519928983567
13.200000000000005,-1.1920825638104182,-0.1869426303905855,0.250899525583881,1.0853936300624956
13.25,-1.1891029245587057,-0.1883046034183592,0.25317462186872924,1.0826766135336976
13.299999999999995,-1.1861173279107105,-0.1896503137289753,0.25547087746130254,1.0800011138560544
13.35,-1.1831256511809751,-0.1909797892442161,0.2577884891605456,1.077367302019327
13.4,-1.180127769028299,-0.1922930573014183,0.26012765527493986,1.0747753494605268
13.450000000000005,-1.177123553381354,-0.193590144644586,0.2624885756523816,1.0722254280674748
13.5,-1.1741128733618127,-0.1948710774152309,0.26487145171236803,1.0697177101844868
13.549999999999995,-1.1710955952048774,-0.1961358811429288,0.2672764864806302,1.0672523686202993
13.6,-1.1680715821771173,-0.1973845807355847,0.2697038846263294,1.0648295766583784
13.65,-1.165040694491505,-0.1986172004693938,0.27215385250195706,1.062449508069759
13.700000000000005,-1.1620027892195428,-0.1998337639784909,0.27462659818606955,1.060112337128547
13.75,-1.1589577202003618,-0.2010342942442752,0.27712233152900045,1.0578182386302504
13.799999999999995,-1.155905337946674,-0.2022188135844,0.2796412642016956,1.0555673879130756
13.85,-1.15284548954745,-0.2033873436414153,0.2821836097478169,1.0533599608823605
13.9,-1.1497780185671929,-0.2045399053710521,0.2847495836392694,1.0511961340383014
13.950000000000005,-1.1467027649416666,-0.2056765190301338,0.28733940333530744,1.0490760845071458
14.0,-1.1436195648699368,-0.2067972041641031,0.28995328834538264,1.046999990076017
14.049999999999995,-1.140528250702573,-0.2079019795941497,0.2925914602958958,1.044968029231547
14.099999999999994,-1.1374286508258515,-0.208990863403925,0.2952541430010266,1.0429803812025153
14.150000000000006,-1.134320589541798,-0.2100638729258284,0.29794156253781096,1.0410372260066485
14.200000000000005,-1.1312038869438912,-0.2111210247268496,0.3006539473256473,1.0391387445018057
14.25,-1.1280783587882508,-0.2121623345939507,0.30339152821041176,1.0372851184417229
14.299999999999995,-1.124943816360117,-0.2131878175189719,0.30615453855337227,1.035476530536525
14.349999999999994,-1.1218000663354233,-0.2141974876830416,0.30894321432509153,1.033713164518209
14.400000000000006,-1.1186469106372516,-0.2151913584404741,0.3117577942045155,1.0319952052113102
14.450000000000005,-1.1154841462869582,-0.216169442302134,0.3145985196834469,1.0303228386089722
14.5,-1.1123115652497302,-0.2171317509182494,0.31746563517661197,1.0286962519546292
14.549999999999995,-1.1091289542743406,-0.2180782950606502,0.32035938813753007,1.027115633829539
14.599999999999994,-1.1059360947268475,-0.2190090846044127,0.32328002918039694,1.0255811742463945
14.650000000000006,-1.102732762417973,-0.2199241285088851,0.3262278122082058,1.024093064749248
14.700000000000005,-1.0995187274238774,-0.2208234347980714,0.3292029945473352,1.0226514985199957
14.75,-1.0962937539000512,-0.2217070105403491,0.3322058370888193,1.0212566704916701
14.799999999999995,-1.0930575998880043,-0.2225748618274932,0.33523660443655273,1.0199087774687916
14.849999999999994,-1.0898100171144391,-0.2234269937529812,0.3382955650626568,1.0186080182550457
14.900000000000006,-1.086550750782568,-0.2242634103895492,0.34138299147025936,1.0173545937885486
14.950000000000005,-1.0832795393552177,-0.2250841147659704,0.3444991603639381,1.0161487072849753
15.0,-1.07999611432935,-0.2258891088430245,0.3476443528280816,1.0149905643888297
15.049999999999995,-1.076700200001608,-0.2266783934886252,0.3508188545134294,1.013880373333149
15.099999999999994,-1.0733915132244665,-0.2274519684520732,0.35402295583206544,1.012818345107926
15.150000000000006,-1.070069763152566,-0.2282098323373968,0.3572569521611259,1.0118046936375573
15.200000000000005,-1.0667346509787603,-0.2289519825757452,0.3605211440555137,1.0108396359676266
15.25,-1.063385869659406,-0.2296784153967948,0.363815837469894,1.009923392461335
15.299999999999995,-1.060023103628381,-0.2303891257991258,0.36714134399027065,1.0090561870059003
15.349999999999994,-1.056646028499304,-0.2310841075195304,0.37049798107543375,1.00823824722927
15.400000000000006,-1.0532543107553909,-0.2317633530012031,0.37388607230858684,1.0074698047274662
15.450000000000005,-1.049847607426353,-0.2324268533607693,0.37730594765946196,1.006751095302937
15.5,-1.04642556575172,-0.2330745983541025,0.380757943757239,1.0060823592142518
15.549999999999995,-1.042987822829922,-0.2337065763408769,0.38424240417459393,1.0054638414375214
15.599999999999994,-1.0395340052524429,-0.2343227742478028,0.3877596797232009,1.0048957919399097
15.650000000000006,-1.0360637287223062,-0.2349231775304873,0.39131012876103144,1.00437846596563
15.700000000000005,-1.032576597656128,-0.2355077701338608,0.3948941175117849,1.0039121243348226
15.75,-1.0290722047689134,-0.236076534451106,0.39851202039680717,1.0034970337557156
15.799999999999995,-1.0255501306407415,-0.2366294512810246,0.4021642203798428,1.0031334671504897
15.849999999999994,-1.022009943264422,-0.2371664997837719,0.4058511093249936,1.0028217039952732
15.900000000000006,-1.0184511975731676,-0.2376876574348863,0.4095730883682389,1.00256203067471
15.950000000000005,-1.0148734349472612,-0.2381928999775386,0.4133305683028984,1.0023547408515425
16.0,-1.0112761826986445,-0.2386822013729189,0.41712396997940865,1.0022001358516779
16.049999999999997,-1.0076589535322884,-0.2391555337486787,0.42095372471980286,1.0020985250652032
16.099999999999994,-1.0040212449831472,-0.2396128673453375,0.42482027474726997,1.0020502263638367
16.150000000000006,-1.0003625388274149,-0.2400541704605616,0.4287240736311916,1.0020555665353057
16.200000000000003,-0.9966823004667402,-0.2404794093912158,0.43266558674804484,1.0021148817351537
16.25,-0.9929799782839744,-0.240888548373085,0.43664529175855654,1.002228517956499
16.299999999999997,-0.9892550029689288,-0.2412815495181558,0.44066367910151727,1.0023968315182519
16.349999999999994,-0.985506786812548,-0.2416583727493434,0.4447212525046274,1.002620189572345
16.400000000000006,-0.9817347229677924,-0.2420189757325424,0.4488185295127773,1.0028989706304972
16.450000000000003,-0.9779381846754268,-0.2423633138058733,0.4529560420341337,1.003233565111068
16.5,-0.9741165244528036,-0.2426913399059898,0.4571343369044094,1.0036243759065637
16.549999999999997,-0.970269073243604,-0.243003004491305,0.46135397646968057,1.00407181897233
16.599999999999994,-0.966395139526387,-0.243298255461985,0.4656155391880954,1.004576323937018
16.650000000000006,-0.962494008379649,-0.2435770380765528,0.46991962025080836,1.0051383347353586
16.700000000000003,-0.958564940500964,-0.2438392948649331,0.47426683222244637,1.0057583102638177
16.75,-0.9546071711776138,-0.2440849655377621,0.47865780570138705,1.0064367250596695
16.799999999999997,-0.9506199092059598,-0.2443139868917751,0.4830931900001001,1.0071740700040408
16.849999999999994,-0.9466023357566276,-0.2445262927110723,0.4875736538457546,1.0079708530494322
16.900000000000006,-0.9425536031823908,-0.2447218136640563,0.49209988610125854,1.0088275999722376
16.950000000000003,-0.9384728337654402,-0.2449004771958166,0.49667259650683404,1.0097448551507306
17.0,-0.9343591184005048,-0.2450622074157287,0.5012925164421694,1.0107231823689606
17.049999999999997,-0.9302115152100684,-0.2452069249800191,0.5059603997091114,1.0117631656469703
17.099999999999994,-0.9260290480876684,-0.2453345469690321,0.5106770233347776,1.0128654100976773
17.150000000000006,-0.9218107051650076,-0.2454449867589216,0.5154431883948583,1.0140305428107144
17.200000000000003,-0.9175554371983194,-0.2455381538874699,0.5202597208567645,1.015259213763447
17.25,-0.9132621558691228,-0.2456139539137231,0.5251274724421421,1.0165520967592911
17.299999999999997,-0.9089297319941786,-0.2456722882711082,0.5300473215081071,1.017909890393356
17.349999999999994,-0.9045569936391012,-0.2457130541136805,0.535020173946388,1.0193333190453115
17.400000000000006,-0.9001427241297086,-0.2457361441551261,0.5400469640993418,1.0208231338992426
17.450000000000003,-0.8956856599547798,-0.2457414465001233,0.5451286556915822,1.0223801139900583
17.5,-0.8911844885534576,-0.2457288444676374,0.5502662427756799,1.024005067275872
17.549999999999997,-0.8866378459800605,-0.2456982164057024,0.5554607506900945,1.0256988317354885
17.599999999999994,-0.882044314438566,-0.245649435497211,0.56071323702713,1.0274622764899146
17.650000000000006,-0.877402419678477,-0.2455823695562041,0.5660247926083226,1.0292963029464777
17.700000000000003,-0.8727106282432028,-0.24549688081412,0.5713965424641945,1.031201845963791
17.75,-0.8679673445614523,-0.2453928256954274,0.5768296468147958,1.0331798750354144
17.799999999999997,-0.8631709078714548,-0.2452700545820283,0.5823253020468664,1.0352313954895642
17.849999999999994,-0.8583195889670943,-0.2451284115657791,0.5878847416827683,1.03735744970173
17.900000000000006,-0.8534115867542497,-0.2449677341884314,0.593509237335588,1.0395591183164152
17.950000000000003,-0.8484450246047814,-0.244787853168252,0.5992000996439305,1.041837521473526
18.0,-0.8434179464946864,-0.244588592112529,0.6049586791789514,1.044193820034143
18.049999999999997,-0.8383283129119478,-0.2443697672151175,0.6107863673150553,1.0466292167994906
18.09999999999999,-0.8331739965185397,-0.2441311869381248,0.6166845970544231,1.0491449577158563
18.15000000000001,-0.8279527775498837,-0.2438726516767687,0.6226548437940986,1.0517423330570486
18.200000000000003,-0.8226623389338112,-0.2435939534063798,0.6286986260227369,1.0544226785745985
18.25,-0.8173002611097337,-0.2432948753104462,0.6348175059322716,1.0571873766043625
18.299999999999997,-0.8118640165272661,-0.2429751913885235,0.6410130899276723,1.0600378571164253
18.34999999999999,-0.8063509638019737,-0.2426346660427494,0.647287029015585,1.0629755986931593
18.40000000000001,-0.8007583415042167,-0.2422730536416151,0.6536410190499641,1.0660021294180302
18.450000000000003,-0.7950832615552201,-0.2418900980595499,0.6600768008097572,1.0691190276550844
18.5,-0.7893227022025194,-0.2414855321907722,0.6665961598802397,1.072327922696104
18.549999999999997,-0.7834735005447815,-0.2410590774357508,0.673200926305678,1.0756304952489844
18.59999999999999,-0.777532344573683,-0.2406104431585,0.6798929739765471,1.0790284777370465
18.65000000000001,-0.7714957646980268,-0.2401393261128049,0.6866742197094731,1.0825236543745653
18.700000000000003,-0.765360124712566,-0.2396454098353334,0.6935466219723427,1.086117860978787
18.75,-0.7591216121710912,-0.2391283640034448,0.7005121792005086,1.0898129844729887
18.799999999999997,-0.7527762281201806,-0.2385878437553412,0.7075729276426205,1.0936109620286087
18.84999999999999,-0.7463197761466133,-0.2380234889700367,0.7147309386662221,1.09751377978707
18.90000000000001,-0.7397478506877796,-0.237434923504432,0.7219883154436993,1.101523471093454
18.950000000000003,-0.7330558245504729,-0.2368217543845797,0.7293471889283252,1.1056421141645674
19.0,-0.7262388355791966,-0.23618357094801,0.7368097130178086,1.1098718291029406
19.049999999999997,-0.7192917724105472,-0.2355199439337508,0.7443780587887285,1.1142147741558386
19.09999999999999,-0.7122092592453293,-0.2348304245164248,0.7520544076692774,1.118673141104069
19.15000000000001,-0.7049856395647885,-0.2341145432805346,0.7598409433995862,1.1232491496491617
19.200000000000003,-0.6976149587117233,-0.2333718091307529,0.7677398426082316,1.1279450406489753
19.25,-0.6900909452512142,-0.2326017081337215,0.7757532638100013,1.1327630680306808
19.299999999999997,-0.682406991019301,-0.2318037022865235,0.7838833346032102,1.1377054891860279
19.34999999999999,-0.6745561297611329,-0.2309772282066272,0.7921321368143411,1.1427745536263887
19.40000000000001,-0.6665310142529107,-0.2301216957377127,0.800501689303031,1.1479724896438128
19.450000000000003,-0.6583238917943532,-0.2292364864653701,0.8089939281008394,1.153301488688736
19.5,-0.6499265779504612,-0.2283209521362104,0.817610683512116,1.1587636871343883
19.549999999999997,-0.6413304284130725,-0.2273744129734501,0.8263536537539066,1.164361145051732
19.59999999999999,-0.6325263088441455,-0.2263961558815185,0.8352243746532833,1.1700958215661095
19.65000000000001,-0.6235045625539533,-0.2253854325316923,0.8442241848538138,1.175969546306858
19.700000000000003,-0.6142549758585453,-0.224341457320182,0.8533541859069425,1.1819839863929624
19.75,-0.6047667409520614,-0.2232634051894844,0.8626151965376254,1.1881406083203185
19.799999999999997,-0.5950284161209851,-0.2221504093031713,0.8720077002752246,1.1944406340281117
19.84999999999999,-0.5850278831194528,-0.2210015585636076,0.8815317855288451,1.2008849903219467
19.90000000000001,-0.5747523015176234,-0.2198158949613896,0.8911870770592936,1.2074742507181244
19.950000000000003,-0.5641880598293093,-0.2185924107445682,0.9009726576556831,1.2142085686454276
20.0,-0.5533207232211154,-0.2173300453949752,0.9108869786613703,1.221087600796145
20.049999999999997,-0.5421349776039354,-0.2160276823982195,0.9209277578090819,1.2281104192552135
20.09999999999999,-0.530614569909703,-0.2146841457931698,0.9310918626164113,1.2352754108533892
20.15000000000001,-0.5187422443628931,-0.2132981964860094,0.9413751773578166,1.2425801619856691
20.200000000000003,-0.506499674568816,-0.2118685283132603,0.9517724513652961,1.2500213269080085
20.25,-0.4938673912609636,-0.2103937638375474,0.9622771261146285,1.2575944772725447
20.299999999999997,-0.4808247055797079,-0.2088724498593552,0.9728811382251639,1.2652939303831072
20.34999999999999,-0.467349627797163,-0.2073030526276511,0.9835746951369226,1.2731125533487768
20.40000000000001,-0.4534187814612887,-0.2056839527320743,0.9943460198281647,1.2810415399847939
20.450000000000003,-0.4390073130103332,-0.204013439659487,1.0051810604998996,1.2890701569601104
20.5,-0.4240887970114201,-0.2022897059981391,1.0160631606830652,1.2971854553246982
20.549999999999997,-0.408635137310456,-0.2005108412736192,1.0269726847240814,1.3053719431764208
20.59999999999999,-0.3926164645518485,-0.1986748254022931,1.0378865930837344,1.3136112148604773
20.65000000000001,-0.3760010307445645,-0.1967795217502229,1.0487779613567403,1.321881531754912
20.700000000000003,-0.3587551018263573,-0.1948226697888322,1.059615436406104,1.3301573494129255
20.75,-0.3408428495231593,-0.1928018773430732,1.0703626225386937,1.3384087856488562
20.799999999999997,-0.3222262442305571,-0.1907146124338743,1.0809773902709279,1.346601024128113
20.84999999999999,-0.3028649511764506,-0.1885581947245645,1.0914111000086737,1.3546936482324377
20.90000000000001,-0.2827162327787327,-0.1863297865912224,1.1016077329796252,1.3626399005300178
20.950000000000003,-0.2617348609123185,-0.1840263838500212,1.111502922126899,1.3703858642322924
21.0,-0.2398730437721795,-0.1816448061912463,1.1210228765569528,1.3778695647627275
21.049999999999997,-0.2170803731917316,-0.179181687390494,1.130083194742703,1.385019992257914
21.09999999999999,-0.1933037996792221,-0.1766334653934543,1.1385875642892573,1.3917560498111998
21.15000000000001,-0.1684876440990345,-0.1739963724026101,1.1464263500332996,1.3979854380011731
21.200000000000003,-0.1425736568781408,-0.171266425133231,1.1534750780289011,1.403603494301559
21.25,-0.1155011378821125,-0.1684394154533693,1.1595928311587926,1.4084920170899684
21.299999999999997,-0.0872071326900069,-0.1655109016794337,1.1646205834373855,1.4125181191086522
21.34999999999999,-0.0576267238925852,-0.1624762008665526,1.1683795154517647,1.4155331755761529
21.40000000000001,-0.0266934392013949,-0.1593303825124708,1.170669373929978,1.4173719591954899
21.450000000000003,0.0056601985024788,-0.1560682641860393,1.171266965458956,1.4178520898888665
21.5,0.039501950689017,-0.15268440969682,1.1699249094469026,1.4167739734412337
21.549999999999997,0.0748989406452949,-0.1491731305405332,1.1663708202969487,1.4139214630171568
21.59999999999999,0.1119164947320962,-0.145528491484351,1.1603071453602731,1.4090635538346683
21.65000000000001,0.1506167118758964,-0.1417443212929659,1.1514119555884255,1.4019575176542098
21.700000000000003,0.1910567261878074,-0.1378142297350197,1.1393410718858357,1.392354003967365
21.75,0.2332866308248339,-0.1337316321407091,1.123732013709999,1.3800047825956614
21.799999999999997,0.2773470383590311,-0.1294897828918939,1.1042103786560378,1.3646739807902024
21.84999999999999,0.3232662653375507,-0.125081819297582,1.0803994026839057,1.3461538774046922
21.90000000000001,0.3710571478469439,-0.1205008173164685,1.0519336082667268,1.3242865519229507
21.950000000000003,0.420713522118822,-0.1157398605048344,1.0184776155849984,1.2989929281998163
22.0,0.4722064405632697,-0.1107921233582975,0.9797513535158253,1.2703109533463013
22.049999999999997,0.5254802393614935,-0.1056509698427407,0.9355630228318498,1.2384447003301582
22.09999999999999,0.5804486278574487,-0.100310067337745,0.8858511397442721,1.203825840323558
22.15000000000001,0.6369910295041354,-0.0947635154174243,0.8307366078863632,1.1671877153917498
22.200000000000003,0.694949463581188,-0.0890059878578209,0.7705845606761997,1.129649249512359
22.25,0.7541263079850213,-0.0830328850036178,0.7060727464073046,1.0927996671685367
22.299999999999997,0.8142833150774725,-0.076840492205227,0.6382569118513571,1.0587635116924952
22.34999999999999,0.8751422521042891,-0.0704261385535263,0.5686121726560363,1.0302078377842796
22.40000000000001,0.93638749257082,-0.0637883487477374,0.49901328784875987,1.0102341174920428
22.450000000000003,0.9976707860039248,-0.0569269798302516,0.4316054936332475,1.0020936707925754
22.5,1.0586182785171,-0.0498433339320302,0.3685356129150985,1.008709507881692
22.549999999999997,1.1188396536636491,-0.0425402383034079,0.31158524444421,1.032098765392644
22.59999999999999,1.1779390325256254,-0.0350220849102765,0.26184605201104294,1.0729128898720537
22.65000000000001,1.2355270453060334,-0.0272948238024784,0.21959840753868684,1.1303134547789586
22.700000000000003,1.291233301838659,-0.0193659072166155,0.18443802630949552,1.2022253337190558
22.75,1.3447183820578372,-0.0112441847144864,0.15554481303202186,1.285805841314702
22.799999999999997,1.3956844657164245,-0.0029397532085366,0.13194726390340128,1.3779169735917813
22.84999999999999,1.4438838313695592,0.0055362309541521,0.11270120679716025,1.4754767940562477
22.90000000000001,1.4891246639594036,0.0141717680156254,0.09697746166243297,1.5756708514740243
22.950000000000003,1.531273884947452,0.0229542474311959,0.08408728768343827,1.676056383291472
23.0,1.570257013888409,0.0318706850713851,0.07347556196516986,1.7745988035432743
23.049999999999997,1.6060553396641497,0.0409079536065713,0.06470144394745779,1.869669319779466
23.09999999999999,1.6387008865075878,0.050052996265469,0.057416785982666634,1.9600209968094524
23.15000000000001,1.6682697835207705,0.0592930164035286,0.05134662325633115,2.044752961744557
23.200000000000003,1.6948746833559964,0.0686156378739368,0.04627304754097343,2.1232683570678605
23.25,1.71865683771915,0.0780090337343394,0.04202244712931588,2.1952296614128572
23.299999999999997,1.7397783453669686,0.0874620230872205,0.038455627122358164,2.2605139943190586
23.34999999999999,1.7584149664424114,0.0969641376745173,0.03546023417927882,2.3191703854386034
23.40000000000001,1.7747497674486232,0.1065056611552906,0.032944964468226715,2.371380458757026
23.450000000000003,1.7889677408245357,0.1160776447958,0.030835128892104137,2.4174234864990134
23.5,1.8012514425328028,0.1256719036557637,0.029069244085846335,2.4576463126998997
23.549999999999997,1.8117776149734617,0.1352809973544908,0.027596397456751097,2.4924382592126055
23.59999999999999,1.8207147109908628,0.1448981992461761,0.026374197413501638,2.522210826492977
23.65000000000001,1.828221204890208,0.154517457418836,0.025367167787843245,2.547381793104097
23.700000000000003,1.834444563892775,0.1641333504349059,0.024545481234988148,2.568363194454614
23.75,1.8395207536564575,0.1737410402136534,0.023883952922940235,2.585552608221021
23.799999999999997,1.843574160065307,0.183336223958193,0.023361235422027875,2.5993271736631876
23.84999999999999,1.8467178228894876,0.1929150865790476,0.02295917019605827,2.610039807575622
23.90000000000001,1.8490538924373383,0.202474254675292,0.022662261835630537,2.6180171363246596
23.950000000000003,1.850674236081203,0.2120107528076243,0.02245724916491425,2.623558729954326
24.0,1.851661136341617,0.2215219625333894,0.022332753328187602,2.626937292610351
24.049999999999997,1.8520880353942737,0.2310055844661266,0.02227898745484079,2.6283995282797
24.09999999999999,1.8520202921354765,0.2404596034642924,0.022287515899255327,2.6281674590615176
24.15000000000001,1.8515159272723731,0.2498822569375074,0.02235105363757756,2.626440023500861
24.200000000000003,1.8506263394159723,0.2592720061763177,0.02246329838342527,2.623394824663015
24.25,1.849396981051325,0.2686275105560629,0.022618789510499684,2.6191899320240037
24.299999999999997,1.847867987776216,0.2779476044309303,0.022812789053560035,2.6139656686984876
24.34999999999999,1.846074757574346,0.2872312765155556,0.023041180982928226,2.6078463369771754
24.40000000000001,1.8440484793413356,0.2964776515444344,0.023300385673164028,2.600941851583025
24.450000000000003,1.841816611605892,0.3056859740006147,0.02358728705984638,2.5933492624004804
24.5,1.839403313548984,0.3148555937120518,0.023899170434160528,2.5851541575061745
24.549999999999997,1.8368298311568865,0.3239859531246367,0.024233669189452668,2.5764319438361305
24.59999999999999,1.834114841759272,0.3330765760737629,0.024588719127019185,2.567249007349843
24.65000000000001,1.8312747603880064,0.3421270578902847,0.02496251916541445,2.5576637575723926
24.700000000000003,1.8283240114134456,0.3511370566910502,0.025353497490233096,2.5477275632933822
24.75,1.8252752688245,0.3601062857183266,0.02576028233873648,2.5374855872749924
24.799999999999997,1.8221396683552955,0.3690345066060036,0.02618167674292458,2.526977528303103
24.84999999999999,1.81892699445377,0.3779215234632405,0.026616636661226357,2.516238278982119
24.90000000000001,1.8156458448567585,0.3867671776780729,0.027064252017252315,2.5052985074595937
24.950000000000003,1.8123037752969025,0.3955713433543767,0.027523730237460926,2.4941851708698812
25.0,1.808907426629314,0.4043339233054659,0.027994381940870294,2.4829219677798844
25.049999999999997,1.8054626364371005,0.4130548455365275,0.028475608485286446,2.471529736356333
25.09999999999999,1.801974536958931,0.4217340601560967,0.028966891117676696,2.4600268043900897
25.15000000000001,1.798447640981239,0.4303715366639248,0.02946778151270386,2.4484292967337407
25.200000000000003,1.7948859171535314,0.4389672615689426,0.029977893514214406,2.4367514051509245
25.25,1.7912928560179016,0.4475212362966599,0.0304968959205649,2.4250056250499408
25.299999999999997,1.787671527892808,0.4560334753503153,0.03102450617685547,2.4132029630859932
25.34999999999999,1.7840246336157102,0.464504004694486,0.031560484856040606,2.401353119168587
25.40000000000001,1.780354549028299,0.4729328603337316,0.03210463082702752,2.3894646460038365
25.450000000000003,1.7766633639806182,0.4813200870622421,0.03265677702168252,2.377545088934498
25.5,1.7729529165352316,0.4896657373634466,0.03321678672450629,2.36560110851168
25.549999999999997,1.7692248229685423,0.497969870441153,0.03378455031890463,2.3536385879388386
25.59999999999999,1.765480504092308,0.5062325513660824,0.03435998243272823,2.3416627272680457
25.65000000000001,1.761721208353253,0.5144538503236675,0.03494301943328768,2.3296781259977615
25.700000000000003,1.7579480321114709,0.522633841950746,0.03553361722855142,2.317688855517584
25.75,1.7541619374481403,0.53077260475031,0.036131749336847645,2.3056985226659417
25.799999999999997,1.7503637678091142,0.5388702205748239,0.03673740519225049,2.2937103255088065
25.84999999999999,1.7465542617524756,0.5469267741697971,0.03735058865703354,2.2817271023089796
25.90000000000001,1.742734065034475,0.5549423527703236,0.03797131671622549,2.269751374533862
25.950000000000003,1.7389037412388542,0.5629170457442028,0.03859961833246254,2.257785384643295
26.0,1.735063781128826,0.5708509442760437,0.039235533442086815,2.2458311293057664
26.049999999999997,1.7312146108785138,0.5787441410874377,0.03987911207582836,2.2338903886098835
26.09999999999999,1.7273565993210205,0.5865967301888917,0.04053041358949289,2.2219647517667047
26.15000000000001,1.723490064333154,0.5944088066597377,0.041189505991889135,2.210055639736331
26.200000000000003,1.719615278461854,0.6021804664526959,0.04185646535881371,2.1981643251577334
26.25,1.7157324738842838,0.6099118062201707,0.04253137532329067,2.186291949913337
26.299999999999997,1.711841846782126,0.6176029231597183,0.04321432663347117,2.174439540618361
26.34999999999999,1.7079435612006364,0.6252539148764223,0.04390541677064949,2.1626080222887554
26.40000000000001,1.7040377524542798,0.6328648792601972,0.04460474962077987,2.1507982304098583
26.450000000000003,1.7001245301331545,0.6404359143762702,0.04531243519368152,2.1390109216003634
26.5,1.6962039807577385,0.6479671183673013,0.046028589384830794,2.1272467830419695
26.549999999999997,1.692276170123661,0.6554585893657865,0.04675333377525968,2.1155064408240665
26.59999999999999,1.68834114537311,0.6629104254155471,0.04748679546562379,2.10379046733435
26.65000000000001,1.6843989368250083,0.6703227244012503,0.04822910694098562,2.0920993878101686
26.700000000000003,1.6804495595922002,0.6776955839850297,0.04898040596327534,2.0804336861513413
26.75,1.676493015010455,0.6850291015493829,0.049740835488767156,2.0687938100828345
26.799999999999997,1.6725292919011057,0.6923233741456191,0.050510543608231456,2.057180175744978
26.84999999999999,1.6685583676865068,0.6995784984472144,0.05128968350771457,2.045593171779403
26.90000000000001,1.664580209375197,0.7067945707075048,0.05207841344814927,2.034033162970703
26.950000000000003,1.6605947744316223,0.7139716867212134,0.05287689676222605,2.0225004934965365
27.0,1.6566020115435207,0.7211099417893655,0.053685301867151015,2.010995489832614
27.049999999999997,1.6526018612984783,0.7282094306871953,0.0545038022920964,1.9995184633534022
27.09999999999999,1.6485942567798424,0.7352702476346932,0.05533257671929956,1.9880697126645923
27.15000000000001,1.644579124090933,0.7422924862694796,0.05617180903791102,1.9766495256990404
27.200000000000003,1.640556382815466,0.749276239621731,0.057021688409810804,1.965258181604188
27.25,1.6365259464211546,0.7562216000909071,0.05788240934672316,1.9538959524456943
27.299999999999997,1.6324877226126449,0.7631286594240628,0.058754171798059036,1.942563104749076
27.34999999999999,1.628441613639218,0.769997508695546,0.05963718124899955,1.931259900898687
27.40000000000001,1.624387516562051,0.7768282382879061,0.06053164882841629,1.9199866004110797
27.450000000000003,1.6203253234852777,0.7836209378738592,0.061437791426290786,1.9087434610978815
27.5,1.6162549217545852,0.7903756963991658,0.062355831820360634,1.8975307401315658
27.549999999999997,1.612176194126658,0.7970926020662975,0.06328599881177535,1.8863486950260073
27.59999999999999,1.6080890189123784,0.8037717423187799,0.06422852736959929,1.8751975845423545
27.65000000000001,1.6039932700963708,0.8104132038261088,0.06518365878404192,1.8640776695296044
27.700000000000003,1.5998888174351606,0.817017072469148,0.0661516408283409,1.8529892137082191
27.75,1.5957755265359577,0.8235834333259281,0.06713272792926248,1.841932484404205
27.799999999999997,1.5916532589178378,0.8301123706577678,0.0681271813462168,1.8309077532403064
27.84999999999999,1.5875218720568842,0.8366039678956524,0.06913526935902238,1.8199152967902124
27.90000000000001,1.5833812194166632,0.8430583076268059,0.0701572674643807,1.8089553972011003
27.950000000000003,1.5792311504652483,0.8494754715814006,0.07119345858115199,1.7980283427892647
28.0,1.575071510679852,0.8558555406193522,0.07224413326455009,1.7871344286130966
28.049999999999997,1.570902141539999,0.8621985947171523,0.07330958992939644,1.7762739570272668
28.09999999999999,1.5667228805100564,0.8685047129546939,0.07439013508259926,1.765447238221579
28.15000000000001,1.5625335610118276,0.8747739735020498,0.07548608356504355,1.7546545907476372
28.200000000000003,1.5583340123878302,0.881006453606164,0.07659775880310002,1.7438963420361657
28.25,1.55412405985579,0.8872022295774227,0.07772549306997839,1.733172828907591
28.299999999999997,1.5499035244548034,0.893361376776068,0.078869627757173,1.7224843980782294
28.34999999999999,1.5456722229835678,0.8994839695984255,0.08003051365626226,1.7118314066642708
28.40000000000001,1.5414299679309935,0.9055700814629128,0.08120851125134541,1.7012142226855282
28.450000000000003,1.5371765673994855,0.911619784795802,0.08240399102241246,1.6906332255708136
28.5,1.532911825021105,0.9176331510167056,0.08361733375996236,1.6800888066666266
28.549999999999997,1.5286355398667917,0.923610250523761,0.08484893089119955,1.6695813697507569
28.59999999999999,1.5243475063487824,0.9295511526784864,0.08609918481815229,1.6591113315522659
28.65000000000001,1.5200475141163188,0.9354559257902808,0.08736850926807271,1.6486791222792594
28.700000000000003,1.5157353479447029,0.9413246371005448,0.08865732965649263,1.6382851861557453
28.75,1.5114107876177303,0.9471573527663966,0.08996608346332118,1.627929981968824
28.799999999999997,1.5070736078034943,0.9529541378439532,0.09129522062238396,1.6176139836274093
28.84999999999999,1.5027235779235284,0.9587150562711616,0.09264520392481805,1.6073376807335824
28.90000000000001,1.4983604620152216,0.9644401708501444,0.09401650943674547,1.5971015791676817
28.950000000000003,1.493984018587428,0.9701295432290408,0.09540962693166138,1.5869062016881694
29.0,1.489594000469147,0.975783233883314,0.09682506033798471,1.5767520885472692
29.049999999999997,1.4851901546511477,0.9814013020965018,0.09826332820222429,1.5666397981233766
29.09999999999999,1.4807722221203683,0.9869838059403796,0.09972496416822875,1.5565699075711623
29.15000000000001,1.476339937686913,0.9925308022545124,0.10121051747299069,1.5465430134903133
29.200000000000003,1.4718930298034356,0.9980423466251648,0.10272055345948608,1.5365597326138092
29.25,1.4674312203766846,1.0035184933635424,0.10425565410703262,1.5266207025166116
29.299999999999997,1.4629542245709553,1.0089592954833344,0.10581641857965789,1.5167265823456384
29.34999999999999,1.4584617506031747,1.0143648046775249,0.10740346379296772,1.5068780535718547
29.40000000000001,1.4539534995293246,1.0197350712944435,0.10901742500000809,1.4970758207653223
29.450000000000003,1.449429165021876,1.0250701443130237,0.11065895639661251,1.4873206123939982
29.5,1.4448884331378984,1.0303700713172272,0.11232873174672046,1.4776131816470894
29.549999999999997,1.440330982077466,1.0356348984696122,0.114027445028153,1.4679543072837147
29.59999999999999,1.4357564819319728,1.0408646704839948,0.11575581109931571,1.4583447945076313
29.65000000000001,1.43116459442193,1.0460594305971762,0.11751456638729424,1.4487854758687364
29.700000000000003,1.4265549726238045,1.0512192205396882,0.11930446959778673,1.439277212192053
29.75,1.421927260685413,1.0563440805055213,0.12112630244730628,1.42982089353484
29.799999999999997,1.4172810935293745,1.0614340491207863,0.12298087041805644,1.4204174401724772
29.84999999999999,1.4126160965440764,1.0664891634112703,0.12486900353586206,1.4110678036136945
29.90000000000001,1.40793188526159,1.0715094587688327,0.1267915571715024,1.4017729676457085
29.950000000000003,1.4032280650219275,1.076494968916598,0.12874941286575925,1.392533949409739
30.0,1.398504230623003,1.0814457258728898,0.13074347917844717,1.383351800507366
30.049999999999997,1.3937599659556186,1.0863617599138522,0.1327746925616474,1.374227608138085
30.09999999999999,1.3889948436227535,1.0912430995347016,0.13484401825731057,1.3651624962683742
30.15000000000001,1.3842084245424058,1.0960897714095492,0.13695245121932673,1.3561576268324926
30.200000000000003,1.379400257533166,1.1009018003497335,0.13910101706009903,1.3472142009651538
30.25,1.3745698788816854,1.1056792092605918,0.1412907730215682,1.3383334602661006
30.299999999999997,1.3697168118911205,1.110422019096607,0.1435228089705562,1.329516688096527
30.34999999999999,1.3648405664096084,1.1151302488148542,0.14579824841819325,1.3207652109071395
30.40000000000001,1.3599406383377497,1.1198039153266703,0.14811824956308828,1.3120803995975459
30.450000000000003,1.3550165091140285,1.1244430334474704,0.15048400635778378,1.303463670906499
30.5,1.3500676451770293,1.1290476158446194,0.15289674959790303,1.2949164888323654
30.549999999999997,1.3450934974032438,1.1336176729832783,0.15535774803326088,1.2864403660830255
30.59999999999999,1.3400935005191823,1.1381532130701233,0.15786830950004976,1.2780368655541985
30.65000000000001,1.3350670724864362,1.1426542419948469,0.1604297820730485,1.2697076018350113
30.700000000000003,1.330013613858246,1.1471207632693308,0.16304355523661743,1.2614542427393853
30.75,1.3249325071060467,1.1515527779643873,0.1657110610730497,1.2532785108615878
30.799999999999997,1.3198231159143627,1.155950284643947,0.16843377546664137,1.2451821851540243
30.84999999999999,1.3146847844423286,1.160313279296577,0.17121321932161415,1.2371671025251028
30.90000000000001,1.3095168365499998,1.1646417552641988,0.17405095979179114,1.2292351594546627
30.950000000000003,1.304318574987506,1.1689357031678702,0.1769486115196718,1.2213883136241968
31.0,1.2990892805449716,1.173195110830488,0.17990783788228454,1.213628585558732
31.049999999999997,1.293828211160999,1.1774199631962614,0.18293035224091944,1.2059580602769016
31.09999999999999,1.2885346009873724,1.1816102422467958,0.18601791919154304,1.1983788889453733
31.15000000000001,1.283207659407474,1.1857659269136167,0.18917235581240385,1.1908932905334213
31.200000000000003,1.2778465700057655,1.1898869929869584,0.19239553290500977,1.1835035534630294
31.25,1.2724504894854909,1.1939734130206234,0.1956893762243443,1.1762120372495082
31.299999999999997,1.2670185465315802,1.1980251562327175,0.19905586769385616,1.1690211741271854
31.34999999999999,1.2615498406155397,1.202042188402044,0.20249704660041515,1.1619334706543132
31.40000000000001,1.2560434407388814,1.206024471759936,0.20601501076410447,1.1549515092908826
31.450000000000003,1.250498384111435,1.209971964877287,0.20961191767737147,1.1480779499426261
31.5,1.244913674760616,1.213884622546527,0.21328998560774157,1.1413155314640362
31.549999999999997,1.2392882820674722,1.2177623956582768,0.21705149465797854,1.1346670731128163
31.59999999999999,1.2336211392250402,1.2216052310723973,0.22089878777726593,1.1281354759477693
31.65000000000001,1.227911141614223,1.225413071483129,0.22483427171671488,1.1217237241617335
31.700000000000003,1.2221571450920847,1.2291858552780055,0.2288604179222304,1.1154348863408043
31.75,1.216357964187087,1.2329235163901946,0.23297976335755766,1.1092721166407618
31.799999999999997,1.2105123701954073,1.2366259841439122,0.2371949112501326,1.1032386558713154
31.84999999999999,1.2046190891720667,1.2402931830925157,0.24150853175222695,1.0973378324785394
31.90000000000001,1.1986767998101404,1.2439250328488722,0.24592336250978117,1.091573063415684
31.950000000000003,1.19268413120084,1.2475214479075654,0.2504422091312902,1.085947854892417
32.0,1.1866396604667329,1.2510823374584703,0.2550679455491388,1.080465802992513
32.05,1.1805419102597985,1.254607605191209,0.2598035142658788,1.075130594150024
32.099999999999994,1.1743893461154038,1.2580971490899495,0.26465192647812713,1.0699460054740846
32.150000000000006,1.1681803736526264,1.261550861217996,0.2696162620710045,1.0649159049127384
32.2,1.1619133356106264,1.2649686274915544,0.27469966947638114,1.0600442512464563
32.25,1.1555865087100043,1.268350327442047,0.27990536538859895,1.0553350939024624
32.3,1.1491981003272311,1.2716958339662765,0.2852366343318414,1.0507925725814848
32.349999999999994,1.1427462449693313,1.2750050130637172,0.29069682807387737,1.046420916689191
32.400000000000006,1.1362290005350133,1.2782777235601432,0.2962893648815391,1.042224444565282
32.45,1.129644344347369,1.2815138168167544,0.3020177286139651,1.0382075625040357
32.5,1.1229901689421016,1.284713136423909,0.30788546765035096,1.0343747635609888
32.55,1.1162642775939786,1.2878755178784946,0.31389619364966853,1.030730626141385
32.599999999999994,1.1094643795628436,1.291000788243912,0.3200535801405017,1.0272798123670241
32.650000000000006,1.1025880850390195,1.2940887657915658,0.32636136093979695,1.024027066219099
32.7,1.0956328997663276,1.297139259622678,0.33282332839985335,1.0209772114556137
32.75,1.0885962193191796,1.3001520692691524,0.33944333148326844,1.0181351493028072
32.8,1.0814753230082883,1.3031269842721265,0.34622527366572686,1.0155058559207812
32.849999999999994,1.0742673673874563,1.3060637837367446,0.35317311066641055,1.0130943796440715
32.900000000000006,1.0669693793316235,1.308962235861577,0.36029084800535177,1.0109058379981803
32.95,1.0595782486538945,1.3118220974409842,0.3675825383861255,1.0089454144930305
33.0,1.05209072022656,1.3146431133386152,0.37505227890082915,1.0072183551937886
33.05,1.0445033855681898,1.3174250159300618,0.38270420805218874,1.005729965068454
33.099999999999994,1.0368126738556762,1.3201675245125644,0.39054250258473566,1.004485604109906
33.150000000000006,1.0290148423165988,1.322870344679486,0.3985713741132222,1.0034906832275956
33.2,1.021105965953484,1.3255331676570992,0.40679506553158984,1.0027506599006628
33.25,1.013081926547358,1.328155669601031,0.415217847179765,1.0022710335797629
33.3,1.004938400883463,1.330737510849506,0.42384401273811556,1.0020573408191435
33.349999999999994,0.9966708481370344,1.333278335130298,0.43267787481041686,1.0021151501133667
33.400000000000006,0.9882744963516468,1.3357777687180483,0.4417237601453803,1.002450056404267
33.45,0.9797443279367136,1.3382354195383452,0.45098600443401965,1.0030676752131271
33.5,0.9710750641042956,1.3406508762146505,0.46046894660508336,1.0039736363403
33.55,0.9622611481583332,1.3430237070538624,0.4701769225231789,1.0051735770594326
33.599999999999994,0.95329672754176,1.3453534589659315,0.48011425797375173,1.0066731347156703
33.650000000000006,0.9441756345385794,1.347639656312578,0.49028526079539325,1.008477938616434
33.7,0.934891365518895,1.3498817996797503,0.5006942119925955,1.0105936010791607
33.75,0.9254370586049496,1.3520793645680038,0.5113453556306085,1.0130257074723197
33.8,0.9158054696254476,1.3542317999944973,0.5222428872779132,1.015779805053556
33.849999999999994,0.9059889462137036,1.3563385269997694,0.5333909407203463,1.0188613903713835
33.900000000000006,0.8959793998924424,1.3583989370518752,0.5447935726233893,1.0222758949536843
33.95,0.8857682759742884,1.3604123903398362,0.5564547447646644,1.0260286689566855
34.0,0.8753465210920888,1.3623782139476617,0.568378303396245,1.0301249623909932
34.05,0.864704548157141,1.3642956998994695,0.5805679552248194,1.0345699034757072
34.099999999999994,0.8538321985261386,1.3661641030654066,0.5930272394156036,1.0393684735962045
34.150000000000006,0.842718701139138,1.367982638917197,0.6057594949316092,1.0445254782545306
34.2,0.8313526283711429,1.369750481121203,0.6187678224114618,1.0500455133015902
34.25,0.819721848318987,1.3714667589558345,0.6320550396642852,1.0559329256255998
34.3,0.8078134732231937,1.373130554539047,0.6456236297165764,1.0621917673391967
34.349999999999994,0.7956138037015213,1.3747408998504562,0.6594756801805413,1.0688257423554786
34.400000000000006,0.7831082684472024,1.3762967735313163,0.6736128125225728,1.075838144068105
34.45,0.7702813590207944,1.3777970974442275,0.6880360995904392,1.0832317826487783
34.5,0.7571165593405396,1.37924073297296,0.7027459695037539,1.0910089002431251
34.55,0.7435962694528625,1.380626477041229,0.7177420937191924,1.0991710720785242
34.599999999999994,0.7297017231429935,1.3819530578276022,0.7330232567438046,1.1077190911898596
34.650000000000006,0.7154128989269152,1.3832191301519978,0.74858720457996,1.1166528341159059
34.7,0.7007084239514638,1.3844232705074513,0.7644304685365555,1.1259711045138536
34.75,0.6855654703215887,1.3855639717089976,0.780548160524884,1.1356714511759733
34.8,0.6699596433751945,1.3866396371296958,0.7969337353651501,1.1457499564035563
34.849999999999994,0.6538648614402092,1.3876485744920142,0.813578714951569,1.1562009900922727
34.900000000000006,0.6372532266400827,1.3885889891811,0.8304723683505661,1.1670169242033452
34.95,0.6200948863686797,1.389458977044936,0.8476013410282541,1.1781878015308669
35.0,0.6023578851409175,1.390256516645133,0.8649492254114036,1.1897009518236483
35.05,0.5840080066510099,1.3909794609212995,0.8824960638737538,1.2015405473797223
35.099999999999994,0.5650086060477825,1.3916255282316987,0.9002177740034931,1.2136870892081826
35.150000000000006,0.5453204326813113,1.3921922927335328,0.9180854846506106,1.2261168137594696
35.2,0.524901443906044,1.3926771740679535,0.9360647697862174,1.2388010090870216
35.25,0.5037066109661736,1.3930774263181829,0.9541147656552048,1.251705228163559
35.3,0.4816877185686223,1.3933901262144344,0.9721871551143071,1.2647883860032254
35.349999999999994,0.4587931605035862,1.3936121605672631,0.9902250014944601,1.2780017263419436
35.400000000000006,0.4349677346462238,1.39374021292232,1.008161412925396,1.2912876430597
35.45,0.4101524419190104,1.393770749445204,1.0259180169858604,1.304578341518802
35.5,0.3842842953762013,1.3937000040664185,1.043403225049254,1.3177943258694322
35.55,0.3572961475647374,1.3935239629447629,1.0605102661465629,1.3308427006017554
35.599999999999994,0.3291165468062968,1.393238348344672,1.0771149720800233,1.3436152788512141
35.650000000000006,0.2996696361302565,1.392838602071172,1.0930732996056398,1.3559864970888384
35.7,0.2688751123721279,1.3923198686678,1.1082185827381816,1.3678111470841279
35.75,0.2366482675436113,1.3916769786610124,1.1223585199412498,1.378921953091241
35.8,0.202900140077237,1.3909044322326545,1.135271918913158,1.3891270473410873
35.849999999999994,0.1675378100230134,1.389996383823678,1.1467052481923412,1.3982074331457897
35.900000000000006,0.1304648797456436,1.388946628321384,1.1563690829019095,1.4059145762438796
35.95,0.0915821900636808,1.3877485896627877,1.1639345854861123,1.4119683366952114
36.0,0.0507888308591093,1.3863953129014868,1.1690302360965354,1.4160555525174519
36.05,0.0079835145075121,1.3848794610364532,1.1712391273077425,1.4178297211601556
36.099999999999994,-0.0369336107616085,1.3831933181878358,1.1700972712337845,1.4169124070937775
36.150000000000006,-0.0840586235306217,1.381328801022499,1.1650935422901743,1.4128972474726211
36.2,-0.1334808806080943,1.3792774806696355,1.1556721054755628,1.4053577507747699
36.25,-0.1852793730109425,1.37703061770465,1.1412384690594013,1.3938605073114547
36.3,-0.2395183152474055,1.3745792130855858,1.1211706641511594,1.3779859812638997
36.349999999999994,-0.2962419236959767,1.3719140781532184,1.0948375052345223,1.3573597590243909
36.400000000000006,-0.3554683860381402,1.3690259268875011,1.0616264392483936,1.331698009115909
36.45,-0.4171830939606035,1.365905493463469,1.0209841555807078,1.3008719530210773
36.5,-0.4813313096446363,1.3625436776649331,0.9724738900341643,1.2649972353805112
36.55,-0.5478105640857122,1.3589317197798465,0.9158541027919131,1.2245547993825674
36.599999999999994,-0.6164632380833647,1.3550614051074803,0.8511835305402735,1.1805490447134748
36.650000000000006,-0.6870699429811906,1.350925296076038,0.7789562304513693,1.1347037625549399
36.7,-0.7593444757722831,1.3465169871888003,0.7002637403926153,1.0896803018038546
36.75,-0.832931238598919,1.3418313746874295,0.6169622891379369,1.0492646417814848
36.8,-0.9074060434413102,1.3368649291952688,0.5317793298945096,1.0183998994003098
36.849999999999994,-0.9822811241039056,1.331615956110898,0.4482241725740949,1.0028552589103894
36.900000000000006,-1.0570149144707297,1.3260848257550302,0.37013050661410757,1.0083250221363824
36.95,-1.13102671500484,1.3202741539165614,0.3008086600925952,1.039032327241721
37.0,-1.203715789760869,1.314188914139211,0.24217540646076752,1.096449532054774
37.05,-1.2744837926439485,1.3078364662601665,0.19444234362988988,1.1789422649048613
37.099999999999994,-1.3427588332955465,1.3012264913759095,0.15652539501167106,1.282501890061556
37.150000000000006,-1.4080190936959425,1.294370831071213,0.1267555177576994,1.4019451565188699
37.2,-1.46981380697416,1.2872832374081218,0.10343340600754901,1.5319183860399879
37.25,-1.5277796592603103,1.2799790485086402,0.08509724960334221,1.6674862637345413
37.3,-1.5816512395605349,1.2724748112247604,0.07058775572640572,1.804393345612674
37.349999999999994,-1.6312649294281585,1.264787876322775,0.05902001675837707,1.939141636340019
37.400000000000006,-1.676556435893381,1.2569359923222665,0.04972858444440297,2.0689800179014908
37.45,-1.7175528710958283,1.2489369217760022,0.04221412919739426,2.1918527046692526
37.5,-1.754360757364606,1.2408080990565593,0.03610020105639387,2.306327174773554
37.55,-1.7871515408893823,1.232566342649582,0.031100641812828022,2.41151115118162
37.599999999999994,-1.816146150031558,1.2242276286088494,0.026995777869404113,2.5069647331995046
37.650000000000006,-1.841599900985582,1.215806926090536,0.023615223082411072,2.592612729799984
37.7,-1.8637887177695232,1.207318091329245,0.020825467426648335,2.668661516392169
37.75,-1.8829972738002163,1.198773813290145,0.018520876761315093,2.735523751055619
37.8,-1.8995093367140088,1.1901856024969018,0.016617114568624913,2.793753094838202
37.849999999999994,-1.913600339746745,1.1815638139789095,0.015046287912166873,2.843989894559748
37.900000000000006,-1.925532022754737,1.1729176956031826,0.013753328614800274,2.8869177831409334
37.95,-1.935548878960785,1.164255453947027,0.012693266737452604,2.9232304215757323
38.0,-1.94387609619188,1.1555843310583682,0.011829154750093303,2.953607159162896
38.05,-1.950718677281118,1.1469106867346348,0.01113047096365491,2.9786961853032627
38.099999999999994,-1.9562614478682232,1.1382400821873502,0.010571879562515745,2.999103726004205
38.150000000000006,-1.9606696983169367,1.1295773620643237,0.010132258669707635,3.0153879383441957
38.2,-1.9640902505583313,1.120926732735076,0.009793931884648093,3.0280563229204445
38.25,-1.9666527842393815,1.112291835499316,0.009542055778499191,3.037565667507327
38.3,-1.9684712960553516,1.1036758139633438,0.009364128039867057,3.044323727831214
38.349999999999994,-1.969645599898758,1.0950813752658706,0.009249589784755805,3.04869202759165
38.400000000000006,-1.9702628030365117,1.0865108451475125,0.009189501976474699,3.050989311877266
38.45,-1.9703987152430085,1.077966217071722,0.009176280633121002,3.0514953136741174
38.5,-1.970119164366119,1.0694491957416463,0.009203479012745855,3.050454593305284
38.55,-1.96948120402598,1.0609612354364824,0.00926560759664725,3.0480802881853433
38.599999999999994,-1.9685342078849837,1.0525035736281922,0.009357984678070395,3.0445576687337224
38.650000000000006,-1.9673208509465796,1.044077260347351,0.009476611877116136,3.040047439237904
38.7,-1.9658779822952728,1.0356831837550924,0.009618070065157297,3.0346887531703985
38.75,-1.9642373961172024,1.0273220923537476,0.009779432082129906,3.028601933770536
38.8,-1.9624265091659951,1.0189946142371276,0.009958189332332792,3.0218909049403355
38.849999999999994,-1.9604689533912512,1.0107012737461982,0.010152189896389966,3.0146453465413456
38.900000000000006,-1.958385092475708,1.0024425058597122,0.010359586234018343,3.0069425934734073
38.95,-1.9561924707155447,0.994218668613917,0.010578790900505569,2.9988493005776586
39.0,-1.953906202159541,0.98603005381182,0.010808438979112114,2.990422896266824
39.05,-1.9515393072911444,0.9778768962512868,0.011047356156954345,2.9817128474571652
39.099999999999994,-1.949103003858012,0.9697593816727702,0.011294531554739314,2.972761757300421
39.150000000000006,-1.9466069577698848,0.9616776536018254,0.011549094569798026,2.9636063157034744
39.2,-1.944059499325736,0.9536318192386892,0.011810295114003657,2.954278120896093
39.25,-1.9414678094118327,0.945621954526958,0.012077486728676874,2.944804388509381
39.3,-1.9388380797428544,0.9376481085155928,0.012350112141624075,2.9352085628561535
39.349999999999994,-1.9361756507022307,0.9297103071129076,0.01262769090032441,2.925510843418469
39.400000000000006,-1.9334851298757936,0.921808556317614,0.012909808772577825,2.9157286379820566
39.45,-1.93077049396265,0.9139428450002044,0.01319610865375037,2.905876952428505
39.5,-1.92803517638568,0.9061131472977486,0.013486282759772632,2.8959687259096807
39.55,-1.9252821426072375,0.8983194246763365,0.013780065918624294,2.886015118982096
39.599999999999994,-1.922513954879226,0.8905616277077947,0.014077229801275662,2.8760257612649824
39.650000000000006,-1.9197328279164696,0.8828396976007321,0.014377577956850403,2.866008964294907
39.7,-1.91694067677412,0.8751535675203268,0.014680941536862691,2.8559719044709815
39.75,-1.914139158029844,0.8675031637264089,0.014987175610374319,2.845920780306668
39.8,-1.9113297052162697,0.8598884065552186,0.015296155986308397,2.8358609476158536
39.849999999999994,-1.9085135593154192,0.8523092112666412,0.015607776471367385,2.825797035751803
39.900000000000006,-1.905691795011786,0.8447654887756404,0.015921946502374957,2.8157330475779645
39.95,-1.9028653433018383,0.8372571462839732,0.01623858910068404,2.805672445470751
40.0,-1.9000350109728283,0.8297840878260065,0.016557639103803604,2.7956182253283357
40.05,-1.89720149739092,0.8223462147405092,0.016879041635801992,2.785572980279172
40.099999999999994,-1.8943654089761484,0.8149434260786296,0.017202750783507546,2.7755389555431647
40.150000000000006,-1.8915272716881464,0.8075756189568378,0.017528728450194056,2.765518095691787
40.2,-1.8886875418006288,0.8002426888623788,0.017856943362427647,2.755512085376223
40.25,-1.885846615203244,0.7929445299177391,0.018187370209165384,2.7455223844405388
40.3,-1.8830048354356703,0.7856810351097142,0.01851998889511622,2.73555025820673
40.349999999999994,-1.8801625006298803,0.7784520964878963,0.01885478389288176,2.7255968036066864
40.400000000000006,-1.877319869511718,0.7712576053367282,0.019191743680539185,2.715662971740553
40.45,-1.874477166591667,0.7640974523246997,0.019530860253171897,2.7057495873588926
40.5,-1.8716345866564537,0.756971527633769,0.019872128698436176,2.6958573656957916
40.55,-1.8687922986574936,0.7498797210716668,0.020215546827610478,2.6859869270198247
40.599999999999994,-1.8659504490787793,0.7428219221693793,0.02056111485474377,2.676138809218145
40.650000000000006,-1.8631091648552849,0.7357980202657881,0.020908835117524213,2.6663134786846836
40.7,-1.8602685559030907,0.7288079045811813,0.021258711834355085,2.6565113397455007
40.75,-1.857428717313939,0.72185146428111,0.021610750892870324,2.646732742821736
40.8,-1.854589731259636,0.7149285885318721,0.021964959665765234,2.6369779915026235
40.849999999999994,-1.8517516686454616,0.7080391665487257,0.022321346850371068,2.627247348677099
40.900000000000006,-1.848914590546356,0.7011830876377901,0.022679922328879977,2.6175410418519105
40.95,-1.846078549455015,0.6943602412324631,0.023040697046541,2.6078592677663868
41.0,-1.843243590367053,0.6875705169250692,0.023403682905501988,2.598202196398895
41.05,-1.8404097517249467,0.6808138044943631,0.023768892672282566,2.588569974446884
41.099999999999994,-1.8375770662395332,0.6740899939294256,0.024136339897127317,2.578962728351197
41.150000000000006,-1.8347455616052812,0.6673989754504194,0.02450603884372064,2.5693805669256453
41.2,-1.8319152611233656,0.6607406395266108,0.02487800442794265,2.559823583644538
41.25,-1.8290861842446824,0.6541148768920095,0.025252252164518884,2.550291858633657
41.3,-1.8262583470433107,0.647521578558932,0.025628798120566457,2.540785460404014
41.349999999999994,-1.823431762629521,0.6409606358297535,0.02600765887516786,2.5313044473624142
41.400000000000006,-1.82060644151021,0.6344319403070818,0.026388851484216973,2.52184886912823
41.45,-1.817782391903605,0.6279353839025522,0.026772393449878806,2.5124187676818814
41.5,-1.814959620014145,0.6214708588444173,0.02715830269409065,2.5030141783670197
41.55,-1.8121381302727024,0.6150382576840888,0.027546597535602863,2.4936351307655955
41.599999999999994,-1.8093179255465917,0.608637473301758,0.027937296670124963,2.4842816494622886
41.650000000000006,-1.8064990073232456,0.6022683989112146,0.028330419153195986,2.474953754712712
41.7,-1.8036813758709316,0.5959309280639637,0.028725984385446796,2.4656514630278146
41.75,-1.800865030379429,0.5896249546527284,0.029124012099964444,2.45637478768531
41.8,-1.7980499690832124,0.5833503729144142,0.029524522351506054,2.447123739177498
41.849999999999994,-1.7952361893693638,0.577107077432606,0.02992753550733931,2.4378983256036477
41.900000000000006,-1.7924236878721314,0.5708949631396498,0.030333072239516805,2.428698553014028
41.95,-1.789612460555822,0.5647139253183768,0.03074115351841465,2.4195244257117334
42.0,-1.7868025027874834,0.5585638596035103,0.031151800607387023,2.4103759465176746
42.05,-1.783993809400659,0.5524446619827967,0.03156503505840644,2.4012531170034106
42.099999999999994,-1.78118637475132,0.546356228797894,0.03198087870857646,2.392155937695855
42.150000000000006,-1.7783801927669454,0.5402984567450477,0.032399353677417336,2.3830844082574227
42.2,-1.7755752569896062,0.5342712428755824,0.032820482364836104,2.3740385276446863
42.25,-1.7727715606137802,0.5282744845962278,0.03324428744970582,2.365018294248238
42.3,-1.7699690965195514,0.5223080796693049,0.03367079188898596,2.3560237060160922
42.349999999999994,-1.7671678573017573,0.5163719262127853,0.03410001891732525,2.347054760562692
42.400000000000006,-1.7643678352955772,0.510465922700242,0.03453199204709492,2.3381114552652935
42.45,-1.7615690225989924,0.5045899679607048,0.03496673506880707,2.3291937873492867
42.5,-1.7587714110924992,0.4987439611784308,0.03540427205187836,2.3203017539638315
42.55,-1.755974992456404,0.4929278018926039,0.03584462734570346,2.3114353522489997
42.599999999999994,-1.7531797581859905,0.4871413899969681,0.03628782558100781,2.302594579395447
42.650000000000006,-1.7503856996048108,0.4813846257394079,0.036733891671452676,2.293779432697549
42.7,-1.747592807876332,0.4756574097214775,0.03718285081546793,2.2849899096007946
42.75,-1.74480107401412,0.4699596428978904,0.037634728498292906,2.276226007744134
42.8,-1.7420104888907455,0.4642912265759711,0.038089550494205184,2.267487724997899
42.849999999999994,-1.739221043245553,0.4586520624150758,0.038547342868922994,2.258775059497823
42.900000000000006,-1.7364327276914315,0.4530420524259859,0.03900813198216516,2.250088009675658
42.95,-1.7336455327206977,0.4474610989702785,0.03947194449035777,2.241426574286766
43.0,-1.7308594487101991,0.4419091047596762,0.039938807349474886,2.232790752435081
43.05,-1.728074465925722,0.4363859728553812,0.040408747818005276,2.2241805435957414
43.099999999999994,-1.7252905745257858,0.4308916066673937,0.04088179346003531,2.215595947635678
43.150000000000006,-1.7225077645648954,0.42542590995382,0.04135797214844099,2.2070369648324166
43.2,-1.7197260259963068,0.4199887868201697,0.04183731206818314,2.1985035958912857
43.25,-1.7169453486743635,0.4145801417186454,0.042319841719699186,2.1899958419612395
43.3,-1.7141657223564553,0.4091998794474258,0.04280558992238664,2.1815137046494737
43.349999999999994,-1.7113871367046305,0.4038479051499448,0.04329458581817437,2.1730571860349484
43.400000000000006,-1.708609581286909,0.3985241243141659,0.04378685887517746,2.1646262886809735
43.45,-1.7058330455783235,0.3932284427718551,0.04428243889143182,2.1562210156469788
43.5,-1.7030575189617172,0.3879607666978521,0.04478135599870656,2.1478413704995383
43.55,-1.7002829907283263,0.3827210026093411,0.045283640666390824,2.139487357322771
43.599999999999994,-1.6975094500781662,0.3775090573651222,0.04578932370545312,2.1311589807281734
43.650000000000006,-1.6947368861202434,0.3723248381648839,0.04629843627247128,2.1228562458639697
43.7,-1.6919652878726108,0.3671682525484767,0.046811009873730824,2.114579158424034
43.75,-1.6891946442622772,0.3620392083951904,0.047327076369391534,2.1063277246564276
43.8,-1.686424944124991,0.3569376139230332,0.04784666797771963,2.0981019513716257
43.849999999999994,-1.683656176204906,0.3518633776880151,0.048369817279385184,2.0899018459504553
43.900000000000006,-1.6808883291541403,0.3468164085834337,0.04889655722182398,2.081727416351779
43.95,-1.6781213915322386,0.3417966158391663,0.04942692112366241,2.073578671119987
44.0,-1.675355351805543,0.3368039090209648,0.04996094267920606,2.0654556193922757
44.05,-1.672590198346487,0.3318381980297565,0.05049865596298942,2.0573582709058025
44.099999999999994,-1.6698259194328084,0.3268993931009498,0.05104009543438867,2.0492866360046786
44.150000000000006,-1.667062503246695,0.3219874048037451,0.05158529594229551,2.0412407256468654
44.2,-1.6642999378738657,0.3171021440404525,0.05213429272985188,2.033220551410971
44.25,-1.6615382113025892,0.3122435220458141,0.0526871214392465,2.0252261255029635
44.3,-1.6587773114226452,0.3074114503863334,0.053243818116572215,2.017257460762817
44.349999999999994,-1.6560172260242354,0.3026058409596107,0.0538044192167433,2.009314570671115
44.400000000000006,-1.6532579427968392,0.2978266059936856,0.05436896160847468,2.0013974693556045
44.45,-1.650499449328023,0.2930736580463856,0.054937482579321226,1.993506171597714
44.5,-1.6477417331022042,0.2883469100046817,0.05551001984077748,1.985640692839062
44.55,-1.6449847814993688,0.2836462750840519,0.05608661153343896,1.9778010491879343
44.599999999999994,-1.6422285817937472,0.2789716668278507,0.056667296232223496,1.9699872574257624
44.650000000000006,-1.6394731211524485,0.2743229991066873,0.057252112951653625,1.9621993350135927
44.7,-1.6367183866340531,0.26970018611781,0.057841101151200176,1.954437300098562
44.75,-1.6339643651871705,0.2651031423844995,0.05843430074068562,1.946701171520385
44.8,-1.6312110436489515,0.2605317827554689,0.05903175208575022,1.9389909688178395
44.849999999999994,-1.628458408743568,0.2559860224042726,0.059633496013377606,1.9313067122352745
44.900000000000006,-1.6257064470806522,0.251465776828722,0.060239573817482815,1.9236484227291348
44.95,-1.6229551451537008,0.2469709618503115,0.06085002726456019,1.9160161219745089
45.0,-1.6202044893384402,0.2425014936136498,0.06146489859939401,1.9084098323716905
45.05,-1.6174544658911565,0.2380572885859025,0.06208423055082926,1.9008295770527712
45.099999999999994,-1.6147050609469882,0.2336382635562413,0.06270806633760435,1.89327537988826
45.150000000000006,-1.6119562605181816,0.2292443356353027,0.06333644967424498,1.8857472654937228
45.2,-1.6092080504923103,0.2248754222546554,0.06396942477701976,1.8782452592364578
45.25,-1.606460416630457,0.2205314411662764,0.06460703636995631,1.8707693872421975
45.3,-1.6037133445653569,0.2162123104420358,0.06524932969092015,1.863319676401834
45.349999999999994,-1.6009668197995062,0.2119179484731918,0.06589635049775311,1.8558961543781878
45.400000000000006,-1.598220827703229,0.207648273969894,0.06654814507447471,1.8484988496127885
45.45,-1.5954753535127095,0.2034032059606959,0.06720476023754306,1.8411277913327089
45.5,-1.5927303823279817,0.199182663792078,0.06786624334217779,1.8337830095574068
45.55,-1.5899858991108802,0.1949865671279795,0.0685326422887437,1.8264645351056061
45.599999999999994,-1.587241888682955,0.1908148359493401,0.06920400552919417,1.819172399602215
45.650000000000006,-1.5844983357233382,0.186667390553652,0.0698803820735762,1.8119066354852578
45.7,-1.581755224766577,0.1825441515545213,0.07056182149659442,1.8046672760128468
45.75,-1.5790125402004185,0.17844503988124,0.071248373944236,1.7974543552701758
45.8,-1.576270266263555,0.1743699767783683,0.07194009014045422,1.7902679081765398
45.849999999999994,-1.573528387043326,0.170318883805327,0.07263702139391151,1.7831079704923873
45.900000000000006,-1.570786886473372,0.1662916828360008,0.07333921960478168,1.7759745788263812
45.95,-1.5680457483312489,0.1622882960583521,0.07404673727160925,1.7688677706425049
46.0,-1.5653049562359882,0.1583086459740459,0.07475962749822843,1.7617875842671613
46.05,-1.5625644936456209,0.1543526553980854,0.07547794400073689,1.7547340588963254
46.099999999999994,-1.559824343854642,0.150420247458459,0.07620174111452871,1.7477072346026807
46.150000000000006,-1.5570844899914338,0.1465113455957986,0.07693107380138142,1.7407071523427982
46.2,-1.5543449150156363,0.1426258735630495,0.07766599765659936,1.7337338539643183
46.25,-1.5516056017154678,0.1387637554251514,0.07840656891621083,1.726787382213151
46.3,-1.548866532704988,0.1349249155587321,0.07915284446422087,1.7198677807406701
46.349999999999994,-1.5461276904213177,0.1311092786518128,0.07990488183991383,1.7129750941109463
46.400000000000006,-1.5433890571217932,0.1273167697035249,0.08066273924521124,1.7061093678079553
46.45,-1.5406506148810748,0.1235473140238404,0.08142647555207784,1.6992706482428133
46.5,-1.5379123455881898,0.1198008372333141,0.08219615030997986,1.6924589827609973
46.55,-1.535174230943522,0.1160772652628385,0.08297182375339107,1.6856744196495714
46.599999999999994,-1.5324362524557424,0.1123765243534119,0.08375355680934622,1.6789170081444127
46.650000000000006,-1.5296983914386757,0.1086985410559193,0.08454141110504208,1.6721867984374204
46.7,-1.5269606290081066,0.1050432422309273,0.08533544897548258,1.6654838416837212
46.75,-1.5242229460785228,0.1014105550484917,0.08613573347116812,1.6588081900088676
46.8,-1.521485323359792,0.0978004069879793,0.08694232836582755,1.6521598965160063
46.849999999999994,-1.5187477413537709,0.0942127258379038,0.08775529816419067,1.6455390152930334
46.900000000000006,-1.5160101803508492,0.0906474396957754,0.08857470810979969,1.6389456014197357
46.95,-1.5132726204264209,0.0871044769679654,0.0894006241928589,1.6323797109748894
47.0,-1.5105350414372858,0.083583766369585,0.09023311315811934,1.6258414010433402
47.05,-1.5077974230179776,0.0800852369243795,0.09107224251279797,1.6193307297230473
47.099999999999994,-1.5050597445770155,0.076608817964637,0.09191808053452881,1.6128477561320855
47.150000000000006,-1.5023219852930836,0.0731544391311129,0.09277069627934323,1.606392540415613
47.2,-1.4995841241111236,0.0697220303729705,0.09363015958968031,1.5999651437527795
47.25,-1.4968461397383577,0.0663115219477364,0.09449654110241983,1.5935656283636026
47.3,-1.4941080106402194,0.0629228444212733,0.09536991225694166,1.5871940575157715
47.349999999999994,-1.4913697150362075,0.0595559286677684,0.09625034530320394,1.5808504955314058
47.400000000000006,-1.4886312308956486,0.0562107058697391,0.09713791330984148,1.5745350077937375
47.45,-1.4858925359333732,0.0528871075180558,0.09803269017227975,1.5682476607537323
47.5,-1.483153607605303,0.0495850654119816,0.0989347506208612,1.561988521936637
47.55,-1.48041442310394,0.04630451165923,0.09984417022898476,1.5557576599484375
47.599999999999994,-1.4776749593537677,0.0430453786760407,0.10076102542125032,1.5495551444822484
47.650000000000006,-1.474935193006547,0.0398075991872738,0.10168539348161063,1.5433810463245963
47.7,-1.47219510043652,0.0365911062265221,0.10261735256152307,1.5372354373616204
47.75,-1.4694546577355037,0.033395833136243,0.10355698168810196,1.5311183905851637
47.8,-1.4667138407078852,0.0302217135679095,0.10450436077226516,1.525029980098759
47.849999999999994,-1.4639726248655054,0.0270686814821813,0.10545957061687321,1.5189702811235066
47.900000000000006,-1.4612309854224332,0.0239366711490951,0.10642269292485776,1.5129393700038254
47.95,-1.4584888972896275,0.0208256171482768,0.10739381030733486,1.5069373242130832
48.0,-1.4557463350694824,0.0177354543691728,0.10837300629169942,1.5009642223590949
48.05,-1.4530032730502518,0.0146661180113045,0.1093603653296996,1.495020144189475
48.099999999999994,-1.4502596852003562,0.0116175435845427,0.1103559728054824,1.4891051705968619
48.150000000000006,-1.44751554516256,0.0085896669094057,0.11135991504361205,1.4832193836239689
48.2,-1.4447708262480212,0.0055824241173785,0.11237227931705422,1.4773628664684886
48.25,-1.4420255014302137,0.0025957516512562,0.11339315385512,1.4715357034878376
48.3,-1.4392795433387064,-0.0003704137344898,0.11442262785137244,1.4657379802037056
48.349999999999994,-1.4365329242528126,-0.0033161349733216,0.11546079147148186,1.4599697833064516
48.400000000000006,-1.433785616095089,-0.0062414746862199,0.11650773586103486,1.4542312006592875
48.45,-1.431037590424694,-0.0091464951812446,0.11756355315328572,1.4485223213022802
48.5,-1.428288818430594,-0.0120312584530696,0.11862833647684899,1.4428432354561507
48.55,-1.4255392709246164,-0.0148958261824917,0.11970217996332874,1.4371940345258527
48.599999999999994,-1.4227889183343434,-0.0177402597359135,0.12078517875487847,1.43157481110394
48.650000000000006,-1.4200377306958454,-0.0205646201647983,0.1218774290116877,1.4259856589737046
48.7,-1.417285677646246,-0.0233689682050987,0.12297902791939128,1.4204266731120803
48.75,-1.414532728416118,-0.0261533642766554,0.12409007369639447,1.4148979496923004
48.8,-1.4117788518217012,-0.0289178684825688,0.12521066560111224,1.4093995860863078
48.849999999999994,-1.4090240162569423,-0.0316625406085399,0.12634090393911432,1.4039316808669033
48.900000000000006,-1.4062681896853473,-0.0343874401221819,0.12748089007017402,1.3984943338096254
48.95,-1.4035113396316456,-0.0370926261723009,0.12863072641521403,1.3930876458943549
49.0,-1.4007534331732567,-0.0397781575881449,0.12979051646314566,1.3877117193066353
49.05,-1.3979944369315565,-0.0424440928786213,0.1309603647775957,1.3823666574386964
49.099999999999994,-1.3952343170629375,-0.0450904902314813,0.13214037700351622,1.3770525648901817
49.150000000000006,-1.392473039249657,-0.0477174075124705,0.13333065987367262,1.3717695474685618
49.2,-1.3897105686904647,-0.0503249022644456,0.13453132121500566,1.3665177121892307
49.25,-1.3869468700910097,-0.0529130317064562,0.13574246995486114,1.3612971672752732
49.3,-1.3841819076540145,-0.0554818527327902,0.13696421612708384,1.3561080221569037
49.349999999999994,-1.3814156450692114,-0.0580314219119833,0.13819667087797197,1.3509503874705542
49.400000000000006,-1.3786480455030383,-0.0605617954857899,0.1394399464720842,1.3458243750576142
49.45,-1.375879071588081,-0.0630730293681169,0.1406941562978986,1.340730097962818
49.5,-1.373108685412256,-0.0655651791439174,0.14195941487331942,1.3356676704322445
49.55,-1.370336848507734,-0.0680383000680442,0.14323583785102173,1.3306372079109712
49.599999999999994,-1.3675635218395863,-0.0704924470640628,0.1445235420236378,1.3256388270403234
49.650000000000006,-1.36478866579415,-0.0729276747230217,0.1458226453287771,1.320672645654742
49.7,-1.3620122401671066,-0.0753440373021798,0.14713326685387698,1.315738782778254
49.75,-1.3592342041512626,-0.0777415887236898,0.14845552684088137,1.3108373586205422
49.8,-1.356454516324025,-0.0801203825732358,0.14978954669074357,1.3059684945726004
49.849999999999994,-1.3536731346345596,-0.0824804720986258,0.15113544896775255,1.301132313201976
49.900000000000006,-1.3508900163906274,-0.0848219102083355,0.15249335740367845,1.2963289382475875
49.95,-1.348105118245088,-0.0871447494700041,0.1538633969017345,1.2915584946141212
50.0,-1.345318396182056,-0.0894490421088806,0.15524569354035828,1.2868211083659857
50.05,-1.3425298055027075,-0.0917348400062184,0.15664037457680446,1.2821169067208398
50.099999999999994,-1.3397393008107212,-0.0940021946976179,0.15804756845055404,1.2774460180426759
50.150000000000006,-1.3369468359973409,-0.0962511573713163,0.15946740478653823,1.2728085718344515
50.2,-1.3341523642260569,-0.0984817788664208,0.16090001439817417,1.2682046987302884
50.25,-1.331355837916885,-0.1006941096710868,0.1623455292902184,1.263634530487208
50.3,-1.3285572087302375,-0.1028881999206383,0.16380408266143562,1.2590981999764288
50.349999999999994,-1.3257564275503697,-0.1050640993956278,0.16527580890708643,1.2545958411741966
50.400000000000006,-1.32295344446839,-0.1072218575198372,0.16676084362123814,1.2501275891521777
50.45,-1.3201482087648244,-0.1093615233582148,0.16825932359889773,1.245693580067389
50.5,-1.3173406688917133,-0.1114831456147492,0.16977138683797763,1.2412939511516854
50.55,-1.3145307724542334,-0.1135867726302775,0.1712971725410934,1.2369288407007957
50.599999999999994,-1.3117184661918275,-0.1156724523802256,0.17283682111720336,1.2325983880629163
50.650000000000006,-1.3089036959588247,-0.11774023247228,0.1743904741830952,1.2283027336268633
50.7,-1.3060864067045377,-0.1197901601439881,0.17595827456472865,1.2240420188097922
50.75,-1.30326654245282,-0.121822282260286,0.1775403662984416,1.2198163860444868
50.8,-1.3004440462810676,-0.1238366453109511,0.1791368946320303,1.2156259787662345
50.849999999999994,-1.297618860298641,-0.1258332954079779,0.18074800602571633,1.2114709413992837
50.900000000000006,-1.2947909256246974,-0.1278122782828754,0.18237384815301078,1.2073514193429038
50.95,-1.2919601823654097,-0.1297736392838824,0.18401456990148934,1.2032675589570567
51.0,-1.2891265695905525,-0.1317174233731003,0.18567032137349418,1.1992195075476957
51.05,-1.2862900253094354,-0.1336436751235397,0.18734125388677875,1.1952074133516972
51.099999999999994,-1.283450486446164,-0.1355524387160793,0.18902751997511183,1.1912314255214551
51.150000000000006,-1.2806078888142012,-0.1374437579363346,0.1907292733888633,1.187291694109145
51.2,-1.2777621670902146,-0.1393176761714326,0.19244666909558783,1.1833883700506818
51.25,-1.2749132547871764,-0.1411742364066921,0.19417986328063375,1.1795216051493964
51.3,-1.2720610842267004,-0.1430134812222047,0.19592901334779758,1.1756915520594446
51.349999999999994,-1.2692055865105838,-0.1448354527893152,0.19769427792005162,1.1718983642689884
51.400000000000006,-1.2663466914915316,-0.1466401928669979,0.19947581684037322,1.1681421960831584
51.45,-1.2634843277430328,-0.1484277427981257,0.20127379117270372,1.1644232026068446
51.5,-1.260618422528364,-0.1501981435056291,0.20308836320306922,1.1607415397273406
51.55,-1.2577489017686856,-0.1519514354885421,0.20491969644089908,1.1570973640968645
51.599999999999994,-1.2548756900102056,-0.1536876588179312,0.20676795562057265,1.1534908331150164
51.650000000000006,-1.2519987103903734,-0.1554068531327047,0.20863330670323987,1.149922104911184
51.7,-1.2491178846030748,-0.157109057635298,0.21051591687894847,1.1463913383269593
51.75,-1.2462331328627922,-0.1587943110872317,0.21241595456912615,1.1428986928985991
51.8,-1.2433443738676937,-0.1604626518045389,0.2143335894294584,1.139444328839577
51.849999999999994,-1.2404515247616124,-0.1621141176530575,0.21626899235321445,1.1360284070232778
51.900000000000006,-1.2375545010948832,-0.1637487460435828,0.21822233547506553,1.1326510889658838
51.95,-1.2346532167839892,-0.1653665739268777,0.2201937921754535,1.1293125368095145
52.0,-1.2317475840699803,-0.1669676377885346,0.22218353708556193,1.126012913305664
52.05,-1.2288375134756209,-0.1685519736436855,0.2241917460929488,1.1227523817990117
52.099999999999994,-1.2259229137612166,-0.170119617031555,0.22621859634790428,1.119531106211658
52.150000000000006,-1.2230036918790816,-0.1716706030098517,0.22826426627059102,1.1163492510278634
52.2,-1.2200797529265877,-0.1732049661489929,0.23032893555904177,1.1132069812793475
52.25,-1.217151000097751,-0.1747227405261575,0.23241278519807895,1.1101044625312353
52.3,-1.2142173346333007,-0.1762239597191609,0.234515997469231,1.1070418608687158
52.349999999999994,-1.211278655769174,-0.1777086568001477,0.23663875596172207,1.1040193428845024
52.400000000000006,-1.2083348606833808,-0.1791768643290954,0.23878124558461367,1.101037075667172
52.45,-1.2053858444411791,-0.1806286143471227,0.24094365258018102,1.0980952267904756
52.5,-1.2024314999384935,-0.1820639383695978,0.24312616453861252,1.095193964303704
52.55,-1.1994717178435217,-0.1834828673790385,0.24532897041411603,1.0923334567232186
52.599999999999994,-1.196506386536447,-0.1848854318177977,0.24755226054253443,1.0895138730252198
52.650000000000006,-1.1935353920472025,-0.1862716615805286,0.249796226660555,1.0867353826398862
52.7,-1.190558617991197,-0.1876415860064205,0.25206106192662525,1.0839981554469613
52.75,-1.1875759455029402,-0.1889952338711989,0.25434696094366765,1.081302361772926
52.8,-1.1845872531674737,-0.1903326333788821,0.2566541197837094,1.0786481723898411
52.849999999999994,-1.1815924169495362,-0.1916538121532848,0.2589827360145327,1.0760357585160067
52.900000000000006,-1.1785913101203678,-0.1929587972292625,0.2613330087284625,1.0734652918185381
52.95,-1.1755838031820622,-0.1942476150436856,0.2637051385734122,1.0709369444179966
53.0,-1.17256976378938,-0.1955202914261359,0.26609932778630396,1.068450888895206
53.05,-1.169549056668911,-0.1967768515893151,0.2685157802289987,1.0660072983003777
53.099999999999994,-1.1665215435354928,-0.1980173201191555,0.2709547014268591,1.063606346164699
53.150000000000006,-1.1634870830057729,-0.1992417209646233,0.27341629861008077,1.061248206514515
53.2,-1.1604455305087995,-0.2004500774272025,0.2759007807579354,1.0589330538882606
53.25,-1.157396738193526,-0.2016424121500505,0.27840835864606167,1.0566610633562872
53.3,-1.1543405548331045,-0.2028187471068109,0.2809392448969533,1.054432410543748
53.349999999999994,-1.1512768257258377,-0.2039791035900753,0.28349365403379684,1.052247271656692
53.400000000000006,-1.1482053925926576,-0.2051235021994774,0.2860718025378079,1.0501058235115441
53.45,-1.1451260934709833,-0.2062519628294097,0.28867390890923456,1.0480082435681353
53.5,-1.1420387626048183,-0.2073645046563485,0.2913001937321801,1.045954709966455
53.55,-1.1389432303309268,-0.2084611461257711,0.29395087974342027,1.0439454015673075
53.599999999999994,-1.1358393229609276,-0.2095419049386538,0.2966261919053854,1.0419804979970568
53.650000000000006,-1.1327268626591394,-0.2106067980375328,0.29932635748348074,1.0400601796966502
53.7,-1.1296056673159978,-0.2116558415921133,0.3020516061279272,1.0381846279751081
53.75,-1.1264755504168562,-0.2126890509844096,0.30480216996031095,1.0363540250676824
53.8,-1.123336320905982,-0.2137064407934001,0.30757828366502366,1.0345685541988876
53.849999999999994,-1.1201877830455362,-0.2147080247791766,0.31038018458579497,1.0328283996506102
53.900000000000006,-1.1170297362693302,-0.2156938158665725,0.3132081128275117,1.0311337468355117
53.95,-1.1138619750311305,-0.2166638261282473,0.3160623113635268,1.0294847823759417
54.0,-1.1106842886472776,-0.2176180667672081,0.3189430261486689,1.0278816941885867
54.05,-1.1074964611333762,-0.2185565480987474,0.321850506238161,1.0263246715750827
54.099999999999994,-1.1042982710347904,-0.2194792795317733,0.3247850039126712,1.0248139053188299
54.150000000000006,-1.101089491250682,-0.2203862695495101,0.3277467748097105,1.023349587788239
54.2,-1.0978698888512997,-0.2212775256895442,0.33073607806161254,1.0219319130466724
54.25,-1.0946392248882233,-0.2221530545231904,0.33375317644032354,1.020561076969312
54.3,-1.0913972541972496,-0.2230128616341513,0.3367983365092395,1.0192372773672307
54.349999999999994,-1.0881437251935884,-0.2238569515964429,0.3398718287823369,1.0179607141189146
54.400000000000006,-1.0848783796590216,-0.2246853279515563,0.34297392789084163,1.0167315893095203
54.45,-1.0816009525206662,-0.2254979931848265,0.3461049127576896,1.0155501073781337
54.5,-1.07831117162095,-0.2262949487009747,0.34926506678004304,1.0144164752733182
54.55,-1.075008757478404,-0.2270761947987932,0.35245467802012004,1.0133309026172426
54.599999999999994,-1.0716934230388455,-0.2278417306449356,0.3556740394046144,1.0122936018786874
54.650000000000006,-1.068364873416508,-0.2285915542467777,0.35892344893297445,1.0113047885552273
54.7,-1.0650228056246434,-0.2293256624243106,0.3622032098948338,1.0103646813649108
54.75,-1.0616669082951102,-0.2300440507810257,0.36551363109687013,1.0094735024477528
54.8,-1.0582968613864236,-0.2307467136737492,0.3688550270993962,1.0086314775773693
54.849999999999994,-1.0549123358797197,-0.2314336441813849,0.372227718462978,1.0078388363830844
54.900000000000006,-1.0515129934620575,-0.2321048340725156,0.37563203200538875,1.0070958125828675
54.95,-1.0480984861964506,-0.2327602737718185,0.37906830106921396,1.006402644227442
55.0,-1.0446684561779886,-0.2333999523252413,0.38253686580042257,1.005759573955934
55.05,-1.0412225351753672,-0.2340238573638883,0.3860380734382369,1.0051668492634283
55.099999999999994,-1.0377603442571195,-0.2346319750665593,0.3895722786166276,1.0046247227808276
55.150000000000006,-1.0342814934017932,-0.2352242901208845,0.3931398436777772,1.004133452567384
55.2,-1.0307855810912767,-0.2358007856829919,0.39674113899785735,1.0036933024163217
55.25,-1.0272721938864395,-0.2363614433356464,0.4003765433254693,1.0033045421739606
55.3,-1.0237409059841962,-0.2369062430447893,0.4040464441331093,1.0029674480727573
55.349999999999994,-1.0201912787550629,-0.2374351631144103,0.40775123798201823,1.0026823030786978
55.400000000000006,-1.0166228602602088,-0.2379481801396753,0.4114913309007921,1.002449397253496
55.45,-1.013035184746967,-0.2384452689582336,0.41526713877811955,1.0022690281320392
55.5,-1.0094277721216862,-0.2389264025996202,0.41907908777003583,1.0021415011155543
55.55,-1.0058001273987631,-0.2393915522326674,0.42292761472206875,1.0020671298809776
55.599999999999994,-1.002151740124611,-0.2398406871108354,0.4268131676066699,1.0020462368069984
55.650000000000006,-0.9984820837752508,-0.2402737745153632,0.43073620597632095,1.002079153417298
55.7,-0.994790615126145,-0.2406907796961417,0.4346972014327036,1.002166220841472
55.75,-0.9910767735927928,-0.2410916658102012,0.4386966381123285,1.0023077902941728
55.8,-0.9873399805405332,-0.2414763938576997,0.44273501318901776,1.0025042235729877
55.849999999999994,-0.9835796385619014,-0.2418449226152966,0.44681283739362226,1.0027558935755936
55.900000000000006,-0.9797951307197864,-0.2421972085667845,0.450930635551367,1.003063184836736
55.95,-0.97598581975453,-0.2425332058308497,0.4550889471371953,1.0034264940855806
56.0,-0.9721510472529938,-0.2428528660858205,0.4592883268494858,1.0038462308239895
56.05,-0.9682901327775,-0.2431561384912587,0.463529345202493,1.0043228179262864
56.099999999999994,-0.9644023729524216,-0.2434429696062397,0.4678125891378544,1.0048566922610689
56.150000000000006,-0.9604870405060592,-0.2437133033041558,0.4721386626554813,1.005448305335619
56.2,-0.9565433832652916,-0.2439670806838732,0.4765081874641306,1.0060981239634768
56.25,-0.952570623100331,-0.2442042399770586,0.4809218036519214,1.0068066309557107
56.3,-0.9485679548167456,-0.2444247164514832,0.48538017037702064,1.0075743258364243
56.349999999999994,-0.9445345449917232,-0.2446284423101006,0.48988396657869193,1.0084017255830056
56.400000000000006,-0.9404695307513664,-0.2448153465856829,0.49443389170883234,1.0092893653916204
56.45,-0.9363720184855936,-0.2449853550307868,0.4990306664840749,1.0102377994684069
56.5,-0.9322410824969966,-0.2451383900028087,0.5036750336584627,1.0112476018467875
56.55,-0.9280757635797744,-0.2452743703438722,0.5083677588166113,1.0123193672312958
56.599999999999994,-0.9238750675245986,-0.2453932112552782,0.5131096311871874,1.0134537118682152
56.650000000000006,-0.9196379635449952,-0.2454948241662297,0.5179014644764164,1.0146512744433116
56.7,-0.9153633826205312,-0.2455791165965262,0.5227440977212101,1.015912717006801
56.75,-0.9110502157517756,-0.2456459920129072,0.5276383961613529,1.0172387259256623
56.8,-0.906697312121675,-0.2456953496786991,0.5325852521300124,1.0186300128632273
56.849999999999994,-0.9023034771576008,-0.2457270844964036,0.5375855859616601,1.020087315785901
56.900000000000006,-0.897867470487949,-0.2457410868428418,0.5426403469162501,1.0216113999966634
56.95,-0.8933880037867457,-0.2457372423964416,0.5477505141182595,1.0232030591948629
57.0,-0.8888637384992549,-0.2457154319562351,0.552917097508897,1.024863116561559
57.05,-0.8842932834411011,-0.2456755312521001,0.5581411388094646,1.0265924258694625
57.099999999999994,-0.8796751922628923,-0.2456174107457547,0.5634237124934697,1.0283918726162073
57.150000000000006,-0.8750079607717666,-0.2455409354219784,0.5687659267646573,1.030262375179385
57.2,-0.8702900241006706,-0.2454459645695036,0.5741689245376521,1.0322048859913688
57.25,-0.865519753715527,-0.2453323515509808,0.5796338844173313,1.0342203927315516
57.3,-0.8606954542497416,-0.2451999435613863,0.5851620216724269,1.0363099195330912
57.349999999999994,-0.8558153601547336,-0.2450485813741956,0.5907545891981328,1.0384745282007048
57.400000000000006,-0.850877632154357,-0.2448780990746035,0.5964128784616844,1.0407153194354
57.45,-0.8458803534901909,-0.2446883237790246,0.602138220423944,1.043033434061258
57.5,-0.8408215259437207,-0.2444790753400531,0.6079319864289886,1.0454300542485617
57.55,-0.8356990656204017,-0.2442501660360092,0.6137955890524964,1.04790640472655
57.599999999999994,-0.8305107984794796,-0.2440014002441387,0.6197304828983886,1.0504637539779789
57.650000000000006,-0.8252544555922434,-0.2437325740964669,0.6257381653316452,1.0531034154063883
57.7,-0.8199276681100839,-0.2434434751172433,0.6318201771334844,1.0558267484655164
57.75,-0.8145279619223291,-0.2431338818408348,0.6379781030631282,1.058635159738651
57.8,-0.8090527519823113,-0.2428035634088509,0.6442135723081439,1.0615301039537939
57.849999999999994,-0.8034993362784844,-0.2424522791451949,0.6505282588028257,1.0645130849183861
57.900000000000006,-0.7978648894256375,-0.2420797781076452,0.6569238813912115,1.0675856563548571
57.95,-0.7921464558493437,-0.2416857986144723,0.6634022038080786,1.070749422615479
58.0,-0.7863409425347094,-0.2412700677444887,0.6699650344475716,1.074006039251809
58.05,-0.7804451113082644,-0.2408323008088154,0.6766142258849356,1.0773572134103717
58.099999999999994,-0.7744555706194174,-0.2403722007925249,0.6833516741120688,1.080804704022098
58.150000000000006,-0.7683687667852943,-0.239889457764187,0.690179317442231,1.0843503217483217
58.2,-0.7621809746599716,-0.2393837482511995,0.6970991350331149,1.087995928640771
58.25,-0.7558882876860685,-0.2388547345786321,0.704113144970542,1.091743437466875
58.3,-0.7494866072833944,-0.2383020641691433,0.7112234018471577,1.0955948106447533
58.349999999999994,-0.7429716315258093,-0.2377253688013521,0.7184319937615244,1.0995520587242975
58.400000000000006,-0.7363388430536455,-0.237124263823849,0.7257410386528279,1.1036172383417675
58.45,-0.729583496164941,-0.2364983473218242,0.7331526798748252,1.1077924495649611
58.5,-0.7227006030243178,-0.235847199233065,0.7406690808994891,1.1120798325343557
58.55,-0.7156849189235986,-0.2351703804098279,0.7482924190258285,1.1164815632921978
58.599999999999994,-0.7085309265231693,-0.2344674316228344,0.7560248779523034,1.120999848676306
58.650000000000006,-0.7012328189976393,-0.2337378725033511,0.7638686390518736,1.1256369201379866
58.7,-0.6937844820035289,-0.232981200419016,0.7718258711666202,1.1303950263236642
58.75,-0.6861794743804925,-0.2321968892787421,0.7798987187137463,1.1352764242372635
58.8,-0.6784110074909759,-0.2313843882616806,0.7880892878661304,1.1402833687746714
58.849999999999994,-0.6704719230961933,-0.230543120464846,0.7963996305379907,1.1454181003922943
58.900000000000006,-0.6623546696589103,-0.2296724814636025,0.8048317258690655,1.1506828306383028
58.95,-0.6540512769557336,-0.2287718377787745,0.8133874588584008,1.1560797252371033
59.0,-0.6455533288734847,-0.2278405252436818,0.8220685957506015,1.161610884374187
59.05,-0.6368519342558001,-0.2268778472639013,0.8308767557224844,1.167278319779085
59.099999999999994,-0.6279376956574353,-0.2258830729620306,0.8398133783554806,1.1730839281479386
59.150000000000006,-0.6188006758549394,-0.2248554351991648,0.8488796863078775,1.1790294603831242
59.2,-0.6094303619535508,-0.2237941284642038,0.8580766425198405,1.185116486054601
59.25,-0.5998156269215009,-0.2226983066214783,0.867404901191822,1.1913463524048813
59.3,-0.5899446883746481,-0.221567080506521,0.8768647516719316,1.1977201371255948
59.349999999999994,-0.5798050644267897,-0.2203995153591217,0.8864560542684754,1.2042385940270948
59.400000000000006,-0.56938352641449,-0.2191946280820876,0.8961781668683513,1.2109020906019472
59.45,-0.5586660483003297,-0.2179513843133922,0.9060298610882801,1.2177105363468355
59.5,-0.5476377525557404,-0.2166686952986484,0.9160092265118095,1.2246633005536647
59.55,-0.5362828523248242,-0.2153454145500864,0.9261135613683096,1.2317591181077427
59.599999999999994,-0.5245845896747845,-0.2139803342774754,0.9363392477883168,1.238995981637045
59.650000000000006,-0.512525169748042,-0.2125721815757172,0.9466816095200596,1.246371018140027
59.7,-0.5000856906473381,-0.2111196143531755,0.9571347497123093,1.253880347978823
59.75,-0.4872460689100766,-0.2096212169842343,0.9676913660564641,1.2615189238587863
59.8,-0.4739849604642093,-0.2080754956691199,0.9783425402339808,1.2692803471237322
59.849999999999994,-0.4602796770080902,-0.2064808734837444,0.9890774982324831,1.2771566583795118
59.900000000000006,-0.4461060978245431,-0.2048356851022779,0.9998833376746917,1.2851380991185142
59.95,-0.431438577129363,-0.2031381711754316,1.0107447178497917,1.2932128406585992
60.0,-0.4162498471720464,-0.2013864723481029,1.02164350765033,1.3013666763386809
60.05,-0.4005109174583323,-0.1995786229012582,1.0325583861057426,1.3095826725411697
60.099999999999994,-0.3841909706581596,-0.1977125440048144,1.0434643896772082,1.3178407737555173
60.150000000000006,-0.3672572560085444,-0.1957860365710538,1.0543323999550718,1.3261173565822657
60.2,-0.3496749813302207,-0.1937967737019627,1.0651285649054922,1.334384727338668
60.25,-0.3314072051634036,-0.1917422927291208,1.0758136463848378,1.3426105578150045
60.3,-0.3124147310079265,-0.1896199868517072,1.0863422863318164,1.3507572538141164
60.349999999999994,-0.2926560062451785,-0.1874270963872421,1.0966621839322803,1.3587812514794955
60.400000000000006,-0.2720870290455045,-0.185160699661334,1.1067131762311713,1.3666322372071302
60.45,-0.2506612674497238,-0.1828177035775192,1.1164262152768551,1.3742522883139976
60.5,-0.2283295958845804,-0.1803948339269533,1.1257222361076655,1.3815749338292385
60.55,-0.2050402556587998,-0.1778886255210228,1.1345109119701249,1.3885241380827913
60.599999999999994,-0.1807388475195439,-0.1752954122587978,1.1426892964085416,1.3950132145841099
60.650000000000006,-0.1553683661580042,-0.1726113172766775,1.150140356694702,1.4009436845219536
60.7,-0.128869288663125,-0.1698322433707123,1.1567314099963921,1.4062041037348034
60.75,-0.1011797313505609,-0.166953863934139,1.1623124833745377,1.4106688950438333
60.8,-0.0722356921406277,-0.1639716147148953,1.1667146319738575,1.4141972404752485
60.849999999999994,-0.0419713986991018,-0.160880686771469,1.1697482676418147,1.4166321114666292
60.900000000000006,-0.0103197858239158,-0.157676021091431,1.1712015738948292,1.4177995463141464
60.95,0.0227868710623907,-0.1543523054360369,1.1708391140901413,1.4175083249067653
61.0,0.0574161361715018,-0.1509039740863812,1.168400779516663,1.415550243657216
61.05,0.0936343743359986,-0.1473252112907684,1.163601274742859,1.4117012613680178
61.099999999999994,0.1315054576708689,-0.1436099593467172,1.156130400943379,1.4057238728904513
61.150000000000006,0.1710891822991585,-0.1397519323897527,1.14565447608887,1.3973711755317406
61.2,0.2124393612686906,-0.1357446370973788,1.131819325710815,1.386393227071841
61.25,0.2556015648628528,-0.1315814016392095,1.114255390944392,1.3725464574409305
61.3,0.3006104891769116,-0.1272554142974253,1.0925856324156809,1.355607090592774
61.349999999999994,0.3474869495020543,-0.1227597732244972,1.0664370584609677,1.335389757028071
61.400000000000006,0.3962345181724656,-0.1180875487707708,1.0354568702657645,1.3117727198386466
61.45,0.4468358583317549,-0.1132318596709521,0.9993343842413441,1.2847313669063045
61.5,0.4992488462664596,-0.108185964089774,0.9578300374074992,1.254381764312447
61.55,0.5534026252140803,-0.1029433660563349,0.9108128428215295,1.2210359558849282
61.599999999999994,0.6091937909434233,-0.0974979371313613,0.8583074946717338,1.1852699866340397
61.650000000000006,0.6664829697514995,-0.0918440522316868,0.800551602305236,1.1480036506612499
61.7,0.7250921059174816,-0.0859767373833154,0.7380615800191817,1.1105865217722617
61.75,0.7848028183324879,-0.0798918258236958,0.6717012736852296,1.0748761284811892
61.8,0.8453562028897663,-0.0735861174042347,0.6027386314842716,1.0432794436140878
61.849999999999994,0.9064544353321184,-0.0670575347850437,0.5328614775152395,1.0187091895783777
61.900000000000006,0.9677644573794206,-0.0603052686437015,0.4641077580110994,1.0043918551878428
61.95,1.028923901011473,-0.053329903251955,0.39866548106979705,1.0034806444413886
62.0,1.0895492244804232,-0.0461335135294715,0.3385419660555387,1.0185058100490143
62.05,1.1492458132643528,-0.0387197252486459,0.28519653880297174,1.0508257095007187
62.099999999999994,1.2076195661181517,-0.0310937315435424,0.23930426245796502,1.100319315915426
62.150000000000006,1.2642892762281168,-0.0232622612481848,0.2007667210264568,1.165464824916142
62.2,1.318898968651643,-0.0152334976830568,0.1689305989883052,1.243731221023762
62.25,1.371129300125863,-0.0070169500083288,0.14286983905978676,1.3320718448884714
62.3,1.42070718350405,0.0013767172488596,0.12161082356114161,1.42734274745926
62.349999999999994,1.4674129633391135,0.0099358878531072,0.10426197707234579,1.5265801941188097
62.400000000000006,1.5110847169871775,0.0186482198768577,0.09006542873381325,1.627151999563964
62.45,1.5516195465623028,0.0275008821548227,0.07840278436882327,1.726822677767675
62.5,1.588972014283038,0.0364807893405933,0.06878011027879243,1.823767237354653
62.55,1.6231501148380194,0.0455748248791815,0.06080661806124781,1.916556184603682
62.599999999999994,1.6542093441510213,0.0547700431746563,0.054173841378880025,2.0041246310515137
62.650000000000006,1.6822455025446597,0.0640538446800144,0.04863780547005905,2.0857327574582225
62.7,1.707386866711195,0.0734141202222764,0.04400466793533577,2.1609220444970383
62.75,1.729786296308143,0.0828393633020498,0.04011950417114468,2.229470302758383
62.8,1.7496137307511508,0.0923187511600173,0.036857677101996236,2.2913477696936093
62.849999999999994,1.7670494035149409,0.1018421969657915,0.034118233784790786,2.346675976970398
62.900000000000006,1.7822779747004025,0.1114003765281174,0.03181885487949637,2.39569058129061
62.95,1.7954836714870228,0.1209847334875272,0.02989198075444472,2.438708873891488
63.0,1.8068464377928783,0.1305874671131557,0.02828182566899756,2.476102260619767
63.05,1.8165390311417955,0.1402015066828071,0.026942062518058946,2.508273660114431
63.099999999999994,1.8247249647733452,0.1498204760779703,0.025834015469203067,2.5356395145115855
63.150000000000006,1.83155717264978,0.1594386517601863,0.024925239127930928,2.5586159436410796
63.2,1.837177269591017,0.1690509167814237,0.02418839358650281,2.5776084883690964
63.25,1.8417152837501969,0.1786527129695781,0.02360034743559771,2.5930048649285946
63.3,1.8452897500769148,0.1882399929542764,0.023141457608118775,2.605170172150625
63.349999999999994,1.8480080681824511,0.1978091732769683,0.022794987350001267,2.614444041504606
63.400000000000006,1.8499670438527387,0.2073570894711562,0.02254663283927062,2.6211392827971283
63.45,1.8512535488374735,0.216880953704348,0.022384135856369714,2.625541646618018
63.5,1.8519452475721043,0.2263783153389371,0.022296965068749963,2.6279103915889404
63.55,1.852111351709743,0.2358470245880789,0.022276052383933685,2.6284794061361896
63.599999999999994,1.8518133736105744,0.2452851993070011,0.022313573777470754,2.6274586887745293
63.650000000000006,1.851105858314468,0.254691194862172,0.02240276625601843,2.625036037005797
63.7,1.8500370801792387,0.264063576953006,0.022537774347317685,2.621378833035241
63.75,1.848649695527436,0.2734010972167735,0.022713520847632774,2.6166358452351925
63.8,1.8469813465481328,0.2827026714215259,0.022925597598933863,2.6109389885402403
63.849999999999994,1.845065214576904,0.29196736003954,0.023170172883773793,2.604405005723277
63.900000000000006,1.8429305229344224,0.3011943509913061,0.023443912668458185,2.597137045735467
63.95,1.840602990921047,0.310382944354491,0.02374391343452095,2.589226125869238
64.0,1.8381052414912256,0.3195325388413357,0.024067644744727643,2.580752472183283
64.05,1.8354571656898369,0.3286426198598771,0.02441290001560804,2.5717867380553536
64.1,1.8326762472202205,0.3377127489879288,0.024777754231263587,2.5623911044308443
64.15,1.8297778506071884,0.3467425547030041,0.025160527546239247,2.5526202677390697
64.2,1.8267754763767368,0.355731724225648,0.025559753898881606,2.542522322892259
64.25,1.8236809865421748,0.3646799963475265,0.02597415389882374,2.5321395495276975
64.3,1.8205048034973663,0.3735871551288067,0.026402611369262627,2.521509109903586
64.35,1.8172560851961803,0.3824530243616776,0.02684415302142152,2.510663666767707
64.4,1.8139428792606085,0.3912774627082215,0.02729793081887492,2.4996319291995204
64.45,1.8105722584206905,0.4000603594312075,0.027763206656309644,2.4884391339659193
64.5,1.8071504394556872,0.4088016306457739,0.02823933903324756,2.477107469389823
64.55,1.803682887583326,0.4175012160284044,0.02872577145020966,2.4656564481529717
64.6,1.8001744080356348,0.4261590759271625,0.029222022294338554,2.454103234870198
64.65,1.7966292263676624,0.4347751888238833,0.029727676014880383,2.44246293370257
64.7,1.7930510588698294,0.4433495491049929,0.030242375417203593,2.4307488407342976
64.75,1.7894431742957162,0.451882165102921,0.03076581492803698,2.41897266533119
64.8,1.7858084479741472,0.4603730573747376,0.03129773470504264,2.407144724230739
64.85,1.7821494092465693,0.4688222571887641,0.031837915481268124,2.395274111687135
64.9,1.7784682830568752,0.4772298051935247,0.03238617404992245,2.3833688486083195
64.95,1.7747670264198263,0.4855957502465863,0.03294235930768127,2.3714360132749928
65.0,1.7710473604049082,0.4939201483836222,0.03350634878567516,2.359481855921185
65.05,1.7673107981936442,0.5022030619104829,0.03407804560672843,2.3475118991797026
65.1,1.763558669699033,0.5104445586031964,0.034657375815514424,2.335531026150825
65.15,1.7597921431747994,0.5186447110026978,0.035244286035280785,2.3235435576360284
65.2,1.7560122441886583,0.5268035957927294,0.035838741410825777,2.3115533198874765
65.25,1.7522198722868905,0.5349212932507845,0.036440723802621436,2.299563704055927
65.3,1.748415815636461,0.5429978867632282,0.037050230201489454,2.287577718371953
65.35,1.744600763894984,0.5510334623968238,0.03766727133714597,2.2755980339658195
65.4,1.7407753195273998,0.5590281085198544,0.03829187045732286,2.2636270251177266
65.45,1.7369400077607695,0.5669819154668689,0.03892406225711772,2.251666804630735
65.5,1.7330952853445831,0.574894975241816,0.03956389194078533,2.2397192549316345
65.55,1.7292415482630037,0.5827673812549728,0.04021141440041122,2.227786055428984
65.6,1.7253791385271595,0.5905992280896362,0.04086669349784688,2.215868706591043
65.65,1.721508350159589,0.5983906112950348,0.04152980143797859,2.2039685511482148
65.7,1.7176294344689689,0.6061416272023559,0.042200818222876746,2.1920867927739125
65.75,1.713742604701054,0.6138523727611503,0.04287983117766139,2.1802245125533912
65.8,1.709848040141084,0.6215229453937164,0.043566934540044434,2.1683826835114686
65.85,1.7059458897336053,0.6291534428653467,0.04426222910649565,2.1565621834361757
65.9,1.702036275277497,0.6367439631685788,0.04496582192884077,2.144763806205925
65.95,1.6981192942468883,0.6442946044198138,0.04567782605585483,2.13298827180198
66.0,1.6941950222824205,0.651805464766856,0.04639836031507673,2.1212362351654988
66.05,1.6902635153918557,0.659276642306106,0.04712754913065277,2.1095082940387195
66.1,1.6863248118942902,0.6667082350082838,0.04786552237352585,2.0978049959127127
66.15,1.682378934138044,0.6741003406516909,0.04861241524073548,2.086126844189061
66.2,1.6784258900186495,0.6814530567621392,0.049368368160991064,2.0744743036496516
66.25,1.6744656743201785,0.6887664805587749,0.050133526724023644,2.062847805317363
66.3,1.670498269900318,0.6960407089051116,0.05090804163153373,2.0512477507802473
66.35,1.666523648737185,0.7032758382646725,0.0516920686678151,2.039674516043132
66.4,1.6625417728536762,0.7104719646607045,0.052485768688381874,2.028128454962737
66.45,1.658552595133293,0.7176291836394915,0.053289307625128304,2.016609902315753
66.5,1.6545560600396982,0.724747590236847,0.054102856506744276,2.0051191765433463
66.55,1.6505521042508196,0.7318272789474128,0.0549265914932706,1.9936565822103844
66.6,1.6465406572170196,0.7388683436964338,0.05576069392382662,1.9822224122131573
66.65,1.642521641651743,0.7458708778137151,0.05660535037667239,1.970816949765334
66.7,1.6384949739620476,0.7528349740094976,0.05746075274088341,1.95944047018845
66.75,1.6344605646255568,0.7597607243520236,0.05832709829902105,1.948093242530074
66.8,1.6304183185196135,0.7666482202465794,0.05920458982027047,1.9367755310301953
66.85,1.6263681352077268,0.7734975524158348,0.060093435663603645,1.925487596453917
66.9,1.622309909187812,0.7803088108813099,0.060993849890598556,1.91422969730651
66.95,1.6182435301062006,0.7870820849458237,0.06190605238760997,1.9030020909450243
67.0,1.6141688829409329,0.7938174631767909,0.06283026899704988,1.8918050345990594
67.05,1.61008584815743,0.8005150333902481,0.06376673165758759,1.880638786311867
67.1,1.6059943018392882,0.8071748826355013,0.06471567855313062,1.8695036058117032
67.15,1.6018941157966122,0.8137970971803006,0.06567735427048936,1.858399755322279
67.2,1.5977851576540258,0.8203817624964518,0.06665200996567185,1.8473275003201521
67.25,1.5936672909202398,0.8269289632457898,0.06763990353879021,1.836287110246081
67.3,1.5895403750408426,0.8334387832664395,0.06864129981759633,1.8252788591765854
67.35,1.5854042654357767,0.8399113055593009,0.06965647074969308,1.8143030264613373
67.4,1.58125881352279,0.8463466122746982,0.07068569560349959,1.8033598973313627
67.45,1.577103866727994,0.8527447846991394,0.07172926117807481,1.7924497634825736
67.5,1.5729392684845231,0.859105903242136,0.07278746202192887,1.7815729236386768
67.55,1.568764858220168,0.8654300474230378,0.07386060066097538,1.7707296840971027
67.6,1.5645804713347384,0.8717172958578387,0.07494898783580152,1.7599203592612458
67.65,1.5603859391678176,0.877967726245916,0.07605294274845335,1.7491452721620118
67.7,1.5561810889574854,0.8841814153566632,0.07717279331895165,1.7384047549713821
67.75,1.5519657437904946,0.8903584390159857,0.07830887645177871,1.72769914951046
67.8,1.5477397225443317,0.8964988720926229,0.07946153831258694,1.7170288077542801
67.85,1.5435028398215094,0.9026027884842676,0.08063113461540607,1.7063940923354224
67.9,1.5392549058764,0.9086702611034512,0.08181803092063525,1.6957953770483833
67.95,1.534995726534846,0.9147013618631694,0.0830226029441293,1.6852330473564365
68.0,1.5307251031067528,0.9206961616622168,0.08424523687769914,1.6747075009026438
68.05,1.526442832291815,0.9266547303702056,0.08548632972136477,1.6642191480265434
68.1,1.5221487060784933,0.932577136812244,0.08674628962771178,1.653768412287954
68.15,1.5178425116363083,0.9384634487532452,0.08802553625872128,1.6433557309992284
68.2,1.513524031201512,0.9443137328818424,0.0893245011554482,1.632981555767256
68.25,1.5091930419561277,0.9501280547938876,0.09064362812094733,1.6226463530464057
68.3,1.5048493159003506,0.9559064789755052,0.09198337361685058,1.612350604703568
68.35,1.500492619718261,0.9616490687856768,0.09334420717401307,1.6020948085964142
68.4,1.4961227146367673,0.9673558864383328,0.09472661181766219,1.5918794791659143
68.45,1.4917393562776835,0.9730269929839236,0.09613108450748802,1.5817051480441469
68.5,1.4873422945028223,0.9786624482904448,0.09755813659312593,1.5715723646784074
68.55,1.48293127325194,0.9842623110238912,0.09900829428549526,1.5614816969725478
68.6,1.478506030373374,0.9898266386281096,0.10048209914445996,1.5514337319465032
68.65,1.474066297447171,0.9953554873040268,0.10198010858328932,1.5414290764149252
68.7,1.46961179960049,1.0008489119882211,0.10350289639040113,1.531468357685785
68.75,1.4651422553150384,1.0063069663308095,0.1050510532688745,1.5215522242798525
68.8,1.4606573762262791,1.01172970267262,0.1066251873942225,1.5116813466718855
68.85,1.456156866914121,1.0171171720216177,0.10822592499091872,1.5018564180543594
68.9,1.4516404246847845,1.022469424028554,0.10985391092816801,1.4920781551245759
68.95,1.4471077393435092,1.0277865069618026,0.11150980933541278,1.4823472988959279
69.0,1.4425584929577455,1.0330684676813522,0.1131943042380596,1.4726646155341077
69.05,1.437992359610448,1.0383153516119112,0.11490810021390445,1.463030897219016
69.1,1.4334090051430632,1.0435272027151,0.11665192307072583,1.4534469630331008
69.15,1.4288080868877766,1.0487040634606797,0.11842652054549913,1.4439136598768367
69.2,1.4241892533885572,1.0538459747967803,0.1202326630256723,1.4344318634120232
69.25,1.4195521441105057,1.058952976119092,0.12207114429292105,1.4250024790335407
69.3,1.4148963891369866,1.0640251052389644,0.12394278228977601,1.415626442870183
69.35,1.4102216088539905,1.0690623983503753,0.12584841990948734,1.4063047228151218
69.4,1.405527413621137,1.0740648899957186,0.12778892580945658,1.397038319586531
69.45,1.4008134034287014,1.0790326130303591,0.12976519524852484,1.3878282678188387
69.5,1.3960791675399953,1.0839655985859007,0.13177815094836567,1.378675637184996
69.55,1.3913242841184172,1.0888638760321152,0.13382874397917038,1.3695815335501311
69.6,1.386548319838423,1.093727472937471,0.13591795466976211,1.3605471001568288
69.65,1.381750829479633,1.0985564150282003,0.13804679354220584,1.3515735188422286
69.7,1.376931355503252,1.1033507261458406,0.14021630227090484,1.3426620112870216
69.75,1.37208942760992,1.108110428203185,0.1424275546660917,1.3338138402963415
69.8,1.3672245622780597,1.1128355411385684,0.1446816576815317,1.3250303111124027
69.85,1.3623362622817417,1.1175260828684137,0.14697975244614886,1.3163127727586468
69.9,1.3574240161870168,1.1221820692379634,0.14932301531917597,1.3076626194149852
69.95,1.3524872978256084,1.126803513970113,0.1517126589683041,1.2990812918235997
70.0,1.3475255657447942,1.1313904286122554,0.1541499334701692,1.2905702787245807
70.05,1.3425382626322295,1.1359428224810524,0.15663612743236807,1.2821311183205093
70.1,1.3375248147143934,1.140460702605031,0.1591725691360327,1.2737653997688887
70.15,1.3324846311272558,1.1449440736649072,0.16176062769781793,1.265474764701113
70.2,1.3274171032576785,1.1493929379315275,0.16440171424997052,1.2572609087664424
70.25,1.3223216040539765,1.153807295201319,0.16709728313694083,1.2491255831991908
70.3,1.3171974873039558,1.1581871427291262,0.16984883312678983,1.241070596407083
70.35,1.312044086878655,1.162532475158314,0.17265790863540315,1.2330978155784325
70.4,1.306860715939892,1.1668432844479988,0.17552610096128746,1.2252091683055124
70.45,1.3016466661096098,1.1711195597972752,0.17845504952845842,1.2174066442211529
70.5,1.2964012065988786,1.175361287566284,0.18144644313465821,1.2096922966452697
70.55,1.2911235832942778,1.1795684511939728,0.18450202120185624,1.202068244237669
70.6,1.2858130177992368,1.1837410311123795,0.18762357502568264,1.1945366726530997
70.65,1.280468706427757,1.187879004657268,0.19081294902013785,1.1870998361941394
70.7,1.2750898191477589,1.1919823459749297,0.1940720419536026,1.1797600594570978
70.75,1.2696754984711376,1.1960510259249588,0.19740280817184055,1.1725197389657012
70.8,1.2642248582873965,1.2000850119787942,0.20080725880335723,1.1653813447869084
70.85,1.2587369826375288,1.2040842681138078,0.20428746294214445,1.158347422122768
70.9,1.2532109244246026,1.2080487547027097,0.20784554880249567,1.1514205928718007
70.95,1.2476457040572473,1.2119784283980255,0.21148370484025825,1.1446035571529507
71.0,1.242040308021996,1.2158732420113836,0.215204180834555,1.1378990947847274
71.05,1.2363936873801529,1.2197331443873385,0.2190092889237039,1.1313100667117373
71.1,1.230704756184564,1.2235580802714334,0.22290140458876498,1.1248394163704065
71.15,1.2249723898113405,1.227347990172197,0.2268829675778786,1.1184901709853152
71.2,1.219195423201242,1.2311028102167376,0.23095648276431427,1.1122654427872094
71.25,1.213372649005052,1.2348224719995835,0.2351245209309499,1.1061684301434422
71.3,1.2075028156268852,1.2385069024244049,0.23938971947372037,1.1002024185913446
71.35,1.2015846251589144,1.242156023538204,0.24375478301648226,1.0943707817647748
71.4,1.195616731200556,1.2457697523575637,0.24822248392965748,1.0886769822039706
71.45,1.1895977365546395,1.2493480006864994,0.25279566274502857,1.0831245720387246
71.5,1.1835261907925363,1.2528906749254287,0.25747722845912957,1.077717193534895
71.55,1.1774005876796456,1.256397675870756,0.2622701587178013,1.072458579494343
71.6,1.1712193624519842,1.2598688985045194,0.2671774998747106,1.0673525534985489
71.65,1.164980888933951,1.2633042317735197,0.27220236691691574,1.0624030299864338
71.7,1.1586834764865763,1.2667035583573083,0.27734794325094525,1.0576140141572634
71.75,1.1523253667747748,1.2700667544243769,0.2826174803433013,1.0529896016900022
71.8,1.1459047303412233,1.2733936893758229,0.28801429720984134,1.0485339782710463
71.85,1.1394196629735625,1.2766842255757562,0.2935417797490742,1.0442514189229462
71.9,1.1328681818505677,1.279938218067611,0.2992033799150733,1.0401462871275104
71.95,1.1262482214518317,1.2831555142755149,0.3050026147264014,1.0362230337375162
72.0,1.1195576292142893,1.2863359536897692,0.31094306510815,1.0324861956722118
72.05,1.1127941609175915,1.2894793675354597,0.31702837456491817,1.0289403943927242
72.1,1.1059554757789123,1.2925855784231184,0.3232622476832197,1.0255903341545232
72.15,1.0990391312362169,1.295654399980299,0.3296484484623977,1.0224408000350322
72.2,1.0920425773973277,1.2986856364628356,0.33619079847359845,1.019496655735422
72.25,1.0849631511302869,1.3016790823444666,0.3428931748466393,1.0167628411564307
72.3,1.07779806976852,1.3046345218834086,0.34975950808463524,1.014244369748717
72.35,1.070544424402109,1.3075517286643594,0.3567937797059922,1.0119463256386514
72.4,1.0631991727241372,1.3104304651142946,0.3640000197126581,1.009873860530606
72.45,1.055759131398459,1.3132704819902958,0.37138230388238,1.008032190386482
72.5,1.0482209679124403,1.3160715178375204,0.37894475088091506,1.0064265918824686
72.55,1.0405811918751533,1.3188332984152715,0.38669151918765693,1.0050623986416507
72.6,1.0328361457181323,1.3215555360889712,0.39462680382482,1.0039449972389736
72.65,1.024981994752177,1.3242379291856683,0.4027548328759957,1.0030798229721403
72.7,1.0170147165296717,1.326880161310526,0.4110798637744754,1.0024723553880617
72.75,1.008930089457559,1.3294819006215324,0.4196061793349852,1.0021281135493705
72.8,1.0007236806013464,1.332042799059458,0.4283380834942791,1.002052651019082
72.85,0.9923908326153436,1.3345624915298433,0.4372798967161507,1.0022515505334906
72.9,0.9839266497286712,1.3370405950335431,0.44643595100464645,1.0027304183237318
72.95,0.9753259827104088,1.3394767077420693,0.4558105844553541,1.0034948780347261
73.0,0.9665834127305102,1.3418704080136656,0.4654081352583218,1.0045505641763384
73.05,0.9576932340257638,1.3442212533457203,0.4752329350471507,1.005903115025178
73.1,0.9486494352720624,1.3465287792587466,0.48528930146672333,1.0075581648761662
73.15,0.9394456795555086,1.3487924981067774,0.4955815298065318,1.0095213355205461
73.2,0.9300752828253658,1.3510118978085783,0.5061138835171745,1.011798226800862
73.25,0.9205311907015092,1.353186440493623,0.5168905833937985,1.0143944060632082
73.3,0.9108059534977676,1.3553155610562533,0.5279157951714932,1.0173153962920918
73.35,0.900891699310318,1.357398665610903,0.5391936152331605,1.0205666626730188
73.4,0.8907801050070445,1.3594351298406395,0.5507280540794248,1.0241535972815474
73.45,0.880462364939413,1.3614242972306427,0.5625230171517519,1.0280815015442528
73.5,0.8699291571829395,1.3633654771774997,0.5745822825329775,1.0323555660558
73.55,0.859170607095637,1.3652579429644365,0.5869094749726739,1.0369808472658357
73.6,0.8481762479659388,1.3671009295917484,0.5995080355966353,1.0419622404684834
73.65,0.8369349785024707,1.3688936314507785,0.612381186558504,1.047304448434078
73.7,0.8254350168977063,1.370635199828811,0.6255318897751264,1.0530119449156343
73.75,0.813663851176062,1.3723247402311594,0.6389627987532137,1.059088932139269
73.8,0.8016081855144623,1.3739613095055772,0.6526762023605097,1.065539291245812
73.85,0.7892538822000295,1.3755439127528877,0.6666739592167131,1.0723665244873444
73.9,0.7765858988656018,1.3770715000063696,0.6809574211741376,1.079573687794101
73.95,0.7635882206196625,1.3785429626610282,0.695527344121254,1.087163312110274
74.0,0.7502437866635241,1.3799571296323545,0.710383784068946,1.095137311647559
74.05,0.7365344109660538,1.3813127632225664,0.7255259761639532,1.103496876917966
74.1,0.7224406965458656,1.382608554670647,0.7409521939102944,1.1122423500771856
74.15,0.7079419428941561,1.3838431193607292,0.7566595854603794,1.12137307973076
74.2,0.6930160460600351,1.385014991661573,0.7726439833552411,1.1308872519211175
74.25,0.6776393909167266,1.3861226193680485,0.7888996835392516,1.1407816935174369
74.3,0.661786735134482,1.3871643577137167,0.8054191888396552,1.151051643665396
74.35,0.6454310844084952,1.3881384629218474,0.8221929113756252,1.1616904883133454
74.4,0.6285435585327238,1.3890430852605886,0.8392088275355993,1.1726894521091356
74.45,0.6110932479798984,1.3898762615666036,0.8564520782261689,1.1840372411531126
74.5,0.5930470607525945,1.390635907200452,0.8739045060428883,1.1957196291953776
74.55,0.5743695594207319,1.3913198073964468,0.8915441198378373,1.207718978881553
74.6,0.5550227884707352,1.3919256079699005,0.9093444758599823,1.220013688589651
74.65,0.5349660923778129,1.3924508053458282,0.9272739632290443,1.2325775542801087
74.7,0.5141559251965696,1.3928927358756826,0.9452949799896677,1.2453790346352689
74.75,0.4925456529728388,1.3932485644129151,0.9633629844149378,1.2583804066489608
74.8,0.4700853509437854,1.3935152721247586,0.9814254046458757,1.271536797827326
74.85,0.4467215983539511,1.3936896435271684,0.9994203882605377,1.2847950804085766
74.9,0.4223972748205984,1.3937682527433417,1.0172753721062056,1.2980926126926895
74.95,0.397051363590924,1.3937474490046131,1.0349054519129322,1.3113558129676612
75.0,0.370618768815823,1.3936233414372583,1.0522115311430984,1.3244985530191176
75.05,0.3430301562008211,1.3933917832113225,1.0690782296551138,1.3374203613660673
75.1,0.3142118291767283,1.3930483551701094,1.0853715356788345,1.350004431944752
75.15,0.2840856561622537,1.3925883491136972,1.1009361901554868,1.3621154430222753
75.2,0.2525690686753009,1.392006750979557,1.1155928018288233,1.3735972051064942
75.25,0.219575155093292,1.391298224251272,1.1291347061229182,1.3842701774847481
75.3,0.1850128808534745,1.3904570940359695,1.1413246028418995,1.3939289233978174
75.35,0.1487874728710322,1.3894773323862577,1.151891039740615,1.4023396172325613
75.4,0.1108010139129372,1.3883525456070986,1.1605248544704416,1.4092377781077166
75.45,0.0709533014544448,1.387075964485653,1.1668757506395733,1.4143264888579843
75.5,0.0291430348281799,1.385640438615369,1.170549270130391,1.4172754754929862
75.55,-0.0147305963646674,1.3840384362551514,1.1711045399414617,1.4177215797237421
75.6,-0.0607658415932877,1.3822620514678805,1.1680533254622842,1.4152713688140817
75.65,-0.1090557501791821,1.3803030206122615,1.1608611223047751,1.409506908790911
75.7,-0.159684876838479,1.378152750602896,1.1489512759223186,1.3999960987119573
75.75,-0.212725252931265,1.3758023616799298,1.1317134438154182,1.3863094491280845
75.8,-0.2682315639291341,1.373242747702239,1.1085181220046532,1.3680458142698757
75.85,-0.3262355098079397,1.3704646571400962,1.07873945953714,1.3448703808257574
75.9,-0.3867393829742543,1.3674587979185204,1.0417891948202542,1.3165691859334794
75.95,-0.4497089825746925,1.3642159689553368,0.9971652666727396,1.2831255310630019
76.0,-0.5150660974067017,1.3607272205375602,0.9445194318633169,1.2448246417048727
76.05,-0.5826809310305411,1.3569840444715604,0.8837488359546071,1.2023930739925421
76.1,-0.6523650044383875,1.3529785931289111,0.8151161859396823,1.157176792925693
76.15,-0.7238652369046249,1.3487039240416634,0.7393998125619738,1.1113521364759225
76.2,-0.7968600464703531,1.344154263618122,0.6580632047203673,1.0681383395096562
76.25,-0.8709583892937314,1.3393252800266224,0.5734033712318364,1.0319265924134675
76.3,-0.9457026269441484,1.334214351672366,0.488578534964591,1.0081566045732122
76.35,-1.020575931033552,1.3288208144887763,0.40734901373507665,1.0027106171419367
76.4,-1.0950145813962169,1.3231461691323807,0.3334017364347318,1.0207176963376585
76.45,-1.168424997133905,1.3171942287925111,0.26941931837965677,1.065110245860037
76.5,-1.2402047147067543,1.3109711902577408,0.216434814763038,1.135738979931815
76.55,-1.3097658953589604,1.304485615355668,0.17391322089726124,1.2296144370949917
76.6,-1.376559436325118,1.2977483166641026,0.1403850236240837,1.3419786283815316
76.65,-1.4400975035878538,1.29077214971522,0.1141150911706385,1.467461767026789
76.7,-1.4999723817849338,1.283571722584475,0.09350786147637194,1.600874905045317
76.75,-1.5558699569479977,1.2761630413922058,0.0772561846655017,1.7376124644529072
76.8,-1.6075768334917993,1.2685631156109445,0.06434738440129144,1.8738040115580712
76.85,-1.6549808974119116,1.2607895493779493,0.05401596619636415,2.006338317631236
76.9,-1.698065909815188,1.2528601440984346,0.045687579357099585,2.132828095787485
76.95,-1.7369013100826567,1.244792533945872,0.038930471745952745,2.251546341016798
77.0,-1.7716287459932685,1.236603870320215,0.033417861536733054,2.3613477780703356
77.05,-1.8024469179256304,1.2283105649901125,0.02890012087108588,2.461582686513132
77.1,-1.82959617189254,1.2199280955181766,0.02518460643734559,2.5520085463911175
77.15,-1.85334397982694,1.2114708713854478,0.022121110240687154,2.6327042014004856
77.2,-1.873972088790239,1.2029521553953069,0.01959133900939618,2.7039903931354448
77.25,-1.8917657728222128,1.1943840325399206,0.017501256359633562,2.766359405755947
77.3,-1.9070053273576175,1.1857774174150348,0.015775459145366665,2.8204153450135876
77.35,-1.9199597275642464,1.1771420912015895,0.014353006136836719,2.866825466021282
77.4,-1.9308822305112916,1.1684867598824855,0.013184291385673208,2.906282094514039
77.45,-1.9400076266063635,1.159819126437046,0.012228675831970048,2.9394741029851397
77.5,-1.9475508226045977,1.1511459710157772,0.011452674650250565,2.9670665873863458
77.55,-1.953706450344039,1.1424732343713706,0.010828556050762599,2.9896872885853853
77.6,-1.9586492279362049,1.1338061009981786,0.01033324782433327,3.0079183515907495
77.65,-1.9625348424450948,1.1251490794523222,0.00994747638296099,3.0222921556645455
77.7,-1.96550116749922,1.1165060781660896,0.009655083175149732,3.0332901328943276
77.75,-1.967669671077684,1.1078804757357972,0.009442477707973199,3.0413436883387948
77.8,-1.9691469053882709,1.099275185168434,0.00929819673407163,3.046836520528403
77.85,-1.9700260013467283,1.090692711942518,0.009212546657891932,3.0501078055054864
77.9,-1.9703881146752955,1.0821352059975864,0.009177311706324017,3.0514558460924657
77.95,-1.9703037896103772,1.0736045079383605,0.009185514467063725,3.051141900351732
78.0,-1.9698342204371415,1.0651021898446522,0.009231218424039251,3.049393991364811
78.05000000000001,-1.969032401407233,1.056629591134045,0.009309364395365565,3.0464105677841813
78.1,-1.967944162853749,1.0481878499452495,0.009415634506081098,3.0423639346999325
78.15,-1.966609096206168,1.0397779305068318,0.009546338648936649,3.0374034106670016
78.19999999999999,-1.9650613737210916,1.031400646937001,0.009698319405350521,3.0316581923162618
78.25,-1.9633304705611936,1.0230566838915125,0.009868872190628833,3.0252399254013285
78.30000000000001,-1.9614417977490504,1.0147466144428745,0.01005567800786356,3.0182449925040378
78.35,-1.959417254780435,1.0064709155380862,0.010256746684309037,3.0107565345848863
78.4,-1.9572757105167868,0.998229981346176,0.010470368852795143,3.002846227391961
78.44999999999999,-1.9550334205450328,0.9900241347721562,0.010695075251579707,2.9945758353930474
78.5,-1.9527043886066808,0.9818536373815914,0.010929602166113932,2.9859985660831048
78.55000000000001,-1.9503006790353496,0.973718697950124,0.01117286203852925,2.9771602467619727
78.6,-1.9478326864559012,0.9656194798252878,0.011423918435245916,2.9681003445462992
78.65,-1.9453093683241136,0.957556107263714,0.011681964697648808,2.958852848736049
78.69999999999999,-1.9427384452451255,0.9495286708853352,0.011946305711268607,2.949447032877686
78.75,-1.940126573414338,0.9415372323672182,0.012216342320020168,2.9399081120725827
78.80000000000001,-1.9374794929821004,0.9335818284830218,0.012491557987479007,2.9302578093457154
78.85,-1.934802155655268,0.9256624745795452,0.012771507369832227,2.9205148432624877
78.9,-1.9320988344135177,0.9177791675692052,0.013055806517358447,2.9106953474845367
78.94999999999999,-1.9293732178335128,0.909931888506308,0.013344124464933521,2.9008132315994204
79.0,-1.9266284911758889,0.9021206048055116,0.01363617600862857,2.890880491344783
79.05000000000001,-1.9238674060944103,0.8943452721526721,0.013931715496190647,2.8809074752697983
79.1,-1.9210923405692917,0.8866058361512229,0.014230531485055759,2.870903113927096
79.15,-1.9183053504433127,0.8789022337411421,0.014532442143361132,2.8608751168562256
79.19999999999999,-1.9155082137460784,0.8712343944223467,0.014837291287856921,2.8508301418938404
79.25,-1.9127024688248275,0.8636022413098515,0.015144944968225138,2.840773940715025
79.30000000000001,-1.9098894471563383,0.8560056920441735,0.015455288520538797,2.830711483963714
79.35,-1.9070703015905983,0.8484446595771468,0.01576822402382751,2.82064706885771
79.4,-1.9042460306704283,0.8409190528504712,0.016083668103261117,2.8105844117463556
79.44999999999999,-1.9014174995797857,0.833428777381877,0.016401550031586155,2.800526727748027
79.5,-1.898585458194935,0.8259737357716891,0.016721810087373442,2.790476799292685
79.55000000000001,-1.895750556645331,0.8185538281407857,0.017044398134537033,2.7804370351354297
79.6,-1.8929133587332745,0.8111689525093992,0.017369272392625385,2.770409521184312
79.65,-1.890074353511887,0.8038190051248849,0.017696398371691017,2.760396064294589
79.69999999999999,-1.8872339652784824,0.7965038807454498,0.018025747949228493,2.7503982300177876
79.75,-1.8843925622040425,0.7892234728858587,0.018357298569821563,2.7404173751534597
79.80000000000001,-1.8815504637882892,0.7819776740302965,0.01869103255084161,2.7304546758311243
79.85,-1.8787079473031347,0.7747663758168499,0.01902693647985253,2.720511151746688
79.9,-1.8758652533643525,0.7675894691974506,0.01936500069136384,2.710587687089243
79.94999999999999,-1.8730225907516769,0.7604468445765965,0.019705218812276267,2.7006850486183605
80.0,-1.8701801405806664,0.7533383919317059,0.020047587366829902,2.690803901287011
80.05000000000001,-1.8673380599152307,0.7462640009175722,0.020392105433121175,2.68094482174965
80.1,-1.8644964848972905,0.739223560957045,0.020738774344339364,2.6711083100471775
80.15,-1.861655533459422,0.7322169613197778,0.021087597428801234,2.661294799719667
80.19999999999999,-1.8588153076771687,0.7252440911906266,0.021438579783667786,2.651504666562558
80.25,-1.8559758958098664,0.7183048397290751,0.021791728077915722,2.6417382362119226
80.30000000000001,-1.85313737407208,0.7113990961208687,0.022147050380731954,2.6319957907185905
80.35,-1.8502998081719495,0.7045267496228879,0.02250455601201417,2.6222775742486903
80.4,-1.8474632546477552,0.6976876896021464,0.022864255412102612,2.612583798029097
80.44999999999999,-1.844627762029724,0.6908818055696856,0.023226160028252348,2.60291464463993
80.5,-1.8417933718504136,0.6841089872100291,0.023590282215684318,2.593270271742152
80.55000000000001,-1.838960119523828,0.6773691244067781,0.023956635151340316,2.583650815316246
80.6,-1.836128035110676,0.6706621072648458,0.02432523275871533,2.574056392477455
80.65,-1.8332971439848385,0.6639878261297676,0.02469608964235181,2.5644871039242356
80.69999999999999,-1.830467467414068,0.6573461716044627,0.025069221030768633,2.554943036068761
80.75,-1.827639023066196,0.6507370345637756,0.02544464272675543,2.5454242628917205
80.80000000000001,-1.8248118254506016,0.6441603061670824,0.025822371064104503,2.535930847557918
80.85,-1.8219858863034075,0.6376158778692077,0.02620242286996968,2.526462843824274
80.9,-1.8191612149237169,0.6311036414298692,0.026584815432150525,2.517020297267512
80.94999999999999,-1.816337818467252,0.6246234889218366,0.026969566470686608,2.5076032463552256
81.0,-1.813515702202906,0.6181753127379672,0.027356694113227862,2.4982117233808063
81.05000000000001,-1.8106948697369831,0.6117590055972598,0.027746216873715427,2.488845755279967
81.1,-1.8078753232092837,0.6053744605500527,0.028138153633965903,2.4795053643442686
81.15,-1.80505706346464,0.5990215709824709,0.02853252362780443,2.470190568844997
81.19999999999999,-1.8022400902030384,0.5927002306202186,0.02892934642743649,2.460901383578971
81.25,-1.799424402111048,0.586410333531798,0.029328641931788225,2.451637820346321
81.30000000000001,-1.7966099969769345,0.5801517741312259,0.029730430356578196,2.4423998883690174
81.35,-1.7937968717915116,0.5739244471803122,0.030134732225914545,2.433187594657663
81.4,-1.7909850228365374,0.5677282477905518,0.03054156836523587,2.424000944333225
81.44999999999999,-1.78817444576221,0.5615630714246814,0.03095095989543827,2.414839940909383
81.5,-1.7853651356551354,0.5554288138979414,0.031362928228049175,2.405704586540528
81.55000000000001,-1.7825570870979468,0.5493253713790778,0.031777495061327724,2.39659488223972
81.6,-1.7797502942216206,0.5432526403911189,0.03219468237718429,2.3875108280704227
81.65,-1.776944750751388,0.5372105178119538,0.03261451243882669,2.378452423315292
81.69999999999999,-1.7741404500470366,0.5311989008747366,0.033037007789050915,2.369419666624904
81.75,-1.771337385138289,0.5252176871681385,0.03346219124910516,2.3604125561489178
81.80000000000001,-1.7685355487558612,0.5192667746364664,0.03389008591806413,2.3514310896518733
81.85,-1.765734933358733,0.5133460615796661,0.034320715172657765,2.342475264615534
81.9,-1.7629355311580852,0.5074554466532215,0.03475410266750722,2.3335450783294247
81.94999999999999,-1.7601373341383084,0.5015948288679657,0.03519027233572451,2.324640527971042
82.0,-1.7573403340754414,0.495764107589814,0.03562924838983875,2.3157616106770016
82.05000000000001,-1.754544522553343,0.489963182539428,0.036071055323016195,2.306908323606234
82.1,-1.7517498909778697,0.4841919537918216,0.036515717910545295,2.2980806639962092
82.15,-1.7489564305892993,0.4784503217759134,0.03696326121156108,2.289278629213038
82.19999999999999,-1.7461641324732062,0.4727381872740358,0.03741371057098664,2.280502216796208
82.25,-1.743372987569972,0.467055451421404,0.03786709162167252,2.2717514244985857
82.30000000000001,-1.7405829866830898,0.4614020157055513,0.038323430286716316,2.2630262503222824
82.35,-1.73779412048641,0.4557777819657359,0.038782752781947066,2.2543266925508822
82.4,-1.735006379530441,0.4501826523923214,0.03924508561856203,2.245652749778453
82.44999999999999,-1.7322197542478213,0.4446165295261368,0.03971045560590312,2.2370044209357554
82.5,-1.7294342349580578,0.4390793162578176,0.04017888985436325,2.2283817053139736
82.55000000000001,-1.726649811871611,0.4335709158271321,0.04065041577841322,2.2197846025862775
82.6,-1.7238664750934012,0.4280912318222936,0.041125061099741865,2.211213112827454
82.65,-1.7210842146258072,0.4226401681792633,0.0416028538505011,2.2026672365318762
82.69999999999999,-1.718303020371204,0.4172176291810427,0.04208382237665175,2.1941469746299793
82.75,-1.7155228821341024,0.4118235194569606,0.04256799534140232,2.1856523285034486
82.80000000000001,-1.7127437896229236,0.4064577439819532,0.04305540172873833,2.1771832999992506
82.85,-1.7099657324514552,0.4011202080758411,0.043546070847036614,2.168739891442669
82.9,-1.707188700140022,0.3958108174026025,0.044040032332761124,2.1603221056494597
82.94999999999999,-1.704412682116397,0.3905294779696456,0.0445373161542384,2.1519299459372196
83.0,-1.7016376677164882,0.3852760961270791,0.045037952615507616,2.143563416136089
83.05000000000001,-1.698863646184818,0.3800505785669829,0.045541972360244896,2.1352225205988535
83.1,-1.6960906066748156,0.3748528323226808,0.04604940637575956,2.126907264210509
83.15,-1.6933185382489495,0.3696827647680127,0.04656028599705851,2.1186176523974023
83.19999999999999,-1.6905474298787049,0.3645402836166109,0.04707464291098019,2.110353691135938
83.25,-1.6877772704444267,0.3594252969211771,0.04759250916039487,2.1021153869609583
83.30000000000001,-1.6850080487350434,0.3543377130727645,0.04811391714846994,2.093902746973809
83.35,-1.6822397534476758,0.3492774408000622,0.04863889964300063,2.0857157788501555
83.4,-1.6794723731871446,0.344244389168684,0.04916748978080433,2.0775544908475494
83.44999999999999,-1.6767058964653865,0.339238467580462,0.049699721072178064,2.06941889181282
83.5,-1.6739403117007847,0.3342595857727448,0.050235627405418155,2.0613089911892826
83.55000000000001,-1.6711756072174186,0.3293076538177,0.05077524305140275,2.0532247990238037
83.6,-1.6684117712442448,0.3243825821216233,0.05131860266823541,2.0451663259737503
83.65,-1.6656487919142058,0.3194842814242524,0.051865741305950515,2.037133583313823
83.69999999999999,-1.662886657263282,0.3146126627980871,0.052416694411279365,2.029126582942816
83.75,-1.660125355229478,0.3097676376477154,0.052971497832477975,2.021145337390289
83.80000000000001,-1.6573648736517592,0.3049491177091458,0.053530187824214946,2.013189859823198
83.85,-1.6546052002689335,0.3001570150491464,0.0540928010525208,2.005260164052463
83.9,-1.6518463227184832,0.29539124206459,0.05465937459979747,1.997356264539507
83.94999999999999,-1.649088228535351,0.2906517114818072,0.05522994596988896,1.9894781764027685
84.0,-1.6463309051506791,0.2859383363559453,0.05580455309321246,1.981625915424188
84.05000000000001,-1.6435743398905065,0.281251030070335,0.05638323433195023,1.9737994980556925
84.1,-1.6408185199744223,0.2765897063358646,0.05696602848530228,1.9659989414256624
84.15,-1.6380634325141803,0.2719542791903608,0.05755297479479986,1.9582242633454103
84.19999999999999,-1.6353090645122723,0.2673446629979784,0.05814411294967986,1.9504754823156563
84.25,-1.632555402860461,0.2627607724485962,0.05873948309232046,1.94275261753301
84.30000000000001,-1.6298024343382789,0.2582025225572221,0.059339125823737175,1.9350556888964785
84.35,-1.627050145611485,0.2536698286634055,0.05994308220914071,1.9273847170139733
84.4,-1.6242985232304863,0.2491626064306579,0.06055139378355569,1.9197397232088511
84.44999999999999,-1.6215475536287232,0.2446807718458815,0.06116410255750035,1.9121207295264648
84.5,-1.6187972231210157,0.2402242412188069,0.06178125102272807,1.9045277587407463
84.55000000000001,-1.616047517901874,0.2357929311814386,0.06240288215803001,1.8969608343608069
84.6,-1.613298424043773,0.2313867586875089,0.06302903943509894,1.889419980637569
84.65,-1.6105499274953892,0.2270056410119416,0.06365976682445461,1.8819052225704274
84.69999999999999,-1.6078020140797995,0.2226494957503231,0.06429510880143068,1.8744165859139297
84.75,-1.6050546694926453,0.2183182408183838,0.06493511035222267,1.8669540971844987
84.80000000000001,-1.602307879300258,0.2140117944514874,0.06557981697999717,1.8595177836671772
84.85,-1.5995616289377446,0.2097300752041302,0.0662292747110631,1.8521076734223987
84.9,-1.5968159037070384,0.2054730019494497,0.06688353010110266,1.8447237952928042
84.94999999999999,-1.5940706887749088,0.2012404938787416,0.06754263024146483,1.837366178910071
85.0,-1.5913259691709314,0.1970324705009882,0.06820662276551896,1.8300348547017795
85.05000000000001,-1.5885817297854208,0.1928488516423945,0.06887555585506909,1.8227298538983143
85.1,-1.5858379553673203,0.1886895574459355,0.0695494782468288,1.8154512085397865
85.15,-1.583094630522052,0.1845545083709134,0.07022843923895673,1.808198951482988
85.19999999999999,-1.5803517397093234,0.1804436251925235,0.07091248869765192,1.800973116408371
85.25,-1.577609267240896,0.1763568290014323,0.07160167706380799,1.7937737378270633
85.30000000000001,-1.5748671972783044,0.1722940412033645,0.07229605535972802,1.7866008510878966
85.35,-1.572125513830536,0.1682551835187012,0.07299567519589764,1.7794544923844653
85.4,-1.5693842007516632,0.1642401779820883,0.07370058877781657,1.7723346987622113
85.44999999999999,-1.5666432417384328,0.1602489469420561,0.07441084891288849,1.7652415081255297
85.5,-1.5639026203278057,0.1562814130606496,0.07512650901736787,1.7581749592448914
85.55000000000001,-1.5611623198944495,0.1523374993130702,0.07584762312336474,1.7511350917639863
85.6,-1.558422323648186,0.1484171289873279,0.0765742458859047,1.7441219462068909
85.65,-1.5556826146313834,0.1445202256839062,0.07730643259004531,1.737135563985237
85.69999999999999,-1.5529431757163024,0.140646713315437,0.07804423915804726,1.7301759874054083
85.75,-1.5502039896023891,0.1367965161063887,0.07878772215659947,1.72324325967574
85.80000000000001,-1.5474650388135158,0.132969558592765,0.07953693880409769,1.7163374249137338
85.85,-1.5447263056951657,0.129165765621817,0.08029194697797563,1.7094585281532726
85.9,-1.541987772411565,0.1253850623517663,0.0810528052220877,1.7026066153518475
85.94999999999999,-1.5392494209427574,0.1216273742515417,0.08181957275414176,1.695781733397784
86.0,-1.5365112330816215,0.1178926271005276,0.08259230947318189,1.6889839301174665
86.05000000000001,-1.5337731904308298,0.1141807469883259,0.0833710759671187,1.682213254282567
86.1,-1.5310352743997448,0.1104916603145307,0.08415593352030794,1.6754697556172569
86.15,-1.5282974662012574,0.106825293788516,0.08494694412117333,1.6687534848054224
86.19999999999999,-1.5255597468485598,0.1031815744292372,0.08574417046987551,1.6620644934978588
86.25,-1.522822097151854,0.0995604295650461,0.0865476759860227,1.655402834319457
86.30000000000001,-1.5200844977149963,0.0959617868335198,0.08735752481642359,1.6487685608763685
86.35,-1.5173469289320731,0.0923855741813033,0.08817378184288004,1.6421617277631535
86.4,-1.5146093709839048,0.0888317198639673,0.08899651269001893,1.6355823905698919
86.44999999999999,-1.5118718038344852,0.0853001524458797,0.089825783733159,1.6290306058892863
86.5,-1.5091342072273437,0.081790800800092,0.09066166210621404,1.6225064313237147
86.55000000000001,-1.5063965606818357,0.0783035941082415,0.09150421570962836,1.6160099254922584
86.6,-1.503658843489356,0.0748384618604675,0.09235351321834334,1.6095411480376831
86.65,-1.5009210347094748,0.0713953338553445,0.09320962408979354,1.6031001596333785
86.69999999999999,-1.4981831131659955,0.0679741401998297,0.09407261857192814,1.596687021990254
86.75,-1.49544505744293,0.0645748113092279,0.0949425677112584,1.5903017978635736
86.80000000000001,-1.492706845880391,0.061197277907172,0.09581954336092693,1.5839445510597392
86.85,-1.4899684565703986,0.05784147102562,0.09670361818879616,1.5776153464430107
86.9,-1.4872298673525994,0.0545073220048699,0.09759486568555546,1.5713142499421584
86.94999999999999,-1.4844910558098976,0.0511947624935905,0.09849336017284167,1.5650413285570435
87.0,-1.4817519992639925,0.0479037244488708,0.09939917681137204,1.5587966503651276
87.05000000000001,-1.4790126747708208,0.0446341401362868,0.10031239160908775,1.5525802845278855
87.1,-1.476273059115908,0.0413859421299864,0.10123308142930112,1.5463923012971543
87.15,-1.4735331288096143,0.038159063312793,0.10216132399884886,1.5402327720213629
87.19999999999999,-1.470792860082284,0.0349534368763279,0.1030971979162443,1.5341017691516858
87.25,-1.4680522288792883,0.0317689963211518,0.1040407826598268,1.5279993662480773
87.30000000000001,-1.4653112108559645,0.0286056754569262,0.10499215859590538,1.521925637985204
87.35,-1.462569781372443,0.0254634084025938,0.105951406986893,1.515880660158256
87.4,-1.459827915488366,0.0223421295865806,0.10691860999942661,1.5098645096886427
87.44999999999999,-1.4570855879574875,0.0192417737470175,0.10789385071247302,1.5038772646295477
87.5,-1.4543427732221608,0.0161622759319832,0.10887721312541168,1.4979190041713648
87.55000000000001,-1.4515994454077,0.0131035714997694,0.10986878216609619,1.4919898086469736
87.6,-1.448855578316622,0.0100655961191666,0.11086864369888592,1.4860897595368836
87.65,-1.4461111454227604,0.0070482857697737,0.11187688453264694,1.4802189394742113
87.69999999999999,-1.443366119865248,0.0040515767423287,0.11289359242871741,1.4743774322494987
87.75,-1.4406204744423676,0.0010754056390645,0.11391885610883176,1.4685653228153623
87.80000000000001,-1.437874181605265,-0.0018802906259133,0.11495276526300224,1.4627826972909639
87.85,-1.4351272134515214,-0.0048155748262234,0.1159954105573507,1.4570296429662999
87.9,-1.4323795417185825,-0.0077305094227812,0.11704688364188863,1.4513062483062937
87.94999999999999,-1.429631137777037,-0.0106251565633466,0.11810727715823977,1.4456126029546912
88.0,-1.4268819726237472,-0.0134995780820455,0.11917668474729971,1.4399487977377519
88.05000000000001,-1.42413201687482,-0.0163538354988654,0.12025520105683092,1.4343149246677194
88.1,-1.4213812407584192,-0.0191879900191241,0.12134292174898596,1.4287110769460711
88.15,-1.4186296141074133,-0.0220021025329111,0.12243994350775463,1.4231373489665375
88.19999999999999,-1.415877106351855,-0.0247962336145014,0.12354636404633088,1.417593836317884
88.25,-1.4131236865112853,-0.0275704435217398,0.12466228211439499,1.4120806357864377
88.30000000000001,-1.4103693231868633,-0.0303247921953975,0.12578779750530455,1.406597845358371
88.35,-1.4076139845533084,-0.0330593392584979,0.12692301106319145,1.4011455642217068
88.4,-1.4048576383506584,-0.0357741440156122,0.12806802468995843,1.3957238927680637
88.44999999999999,-1.4021002518758323,-0.0384692654521243,0.12922294135217088,1.3903329325941147
88.5,-1.399341791973996,-0.0411447622334638,0.13038786508783926,1.3849727865027557
88.55000000000001,-1.3965822250297233,-0.0438006927043062,0.13156290101308685,1.3796435585039781
88.6,-1.3938215169579484,-0.0464371148877404,0.13274815532869744,1.3743453538154409
88.65,-1.3910596331947025,-0.0490540864844024,0.13394373532653972,1.3690782788627158
88.69999999999999,-1.3882965386876285,-0.0516516648715735,0.13514974939586236,1.3638424412792236
88.75,-1.38553219788627,-0.0542299071022442,0.13636630702945443,1.3586379499058303
88.80000000000001,-1.3827665747321247,-0.056788869904141,0.13759351882966891,1.3534649147901074
88.85,-1.3799996326484585,-0.0593286096787163,0.13883149651430163,1.3483234471852448
88.9,-1.37723133452987,-0.0618491825001007,0.14008035292232499,1.3432136595486053
88.94999999999999,-1.374461642731607,-0.0643506441140158,0.14134020201946595,1.338135665539927
89.0,-1.3716905190586115,-0.0668330499366481,0.1426111589036337,1.3330895800191358
89.05000000000001,-1.3689179247543053,-0.0692964550534816,0.14389333981018235,1.328075519043796
89.1,-1.3661438204890914,-0.0717409142180889,0.1451868621170133,1.3230935998661653
89.15,-1.363368166348577,-0.07416648185088,0.1464918443495079,1.3181439409298636
89.19999999999999,-1.3605909218214982,-0.0765732120378072,0.14780840618529123,1.3132266618661363
89.25,-1.3578120457873455,-0.078961158529025,0.14913666845882131,1.3083418834897116
89.30000000000001,-1.3550314965036787,-0.0813303747375052,0.15047675316580192,1.3034897277942468
89.35,-1.3522492315931218,-0.0836809137376042,0.15182878346741602,1.2986703179473547
89.4,-1.3494652080300304,-0.0860128282635825,0.15319288369437814,1.2938837782852037
89.44999999999999,-1.346679382126818,-0.0883261707080755,0.15456917935080378,1.2891302343066944
89.5,-1.343891709519936,-0.0906209931205131,0.15595779711789384,1.284409812667191
89.55000000000001,-1.341102145155493,-0.0928973472054886,0.15735886485743492,1.2797226411718226
89.6,-1.338310643274504,-0.0951552843210735,0.1587725116151123,1.2750688487683384
89.65,-1.33551715739776,-0.0973948554770792,0.1601988676236383,1.2704485655395166
89.69999999999999,-1.3327216403103048,-0.099616111333262,0.16163806430569394,1.2658619226951284
89.75,-1.3299240440455062,-0.1018191021974719,0.16309023427668815,1.2613090525634463
89.80000000000001,-1.3271243198687117,-0.1040038780237423,0.16455551134733362,1.256790088582305
89.85,-1.324322418260473,-0.1061704884103197,0.1660340305260436,1.2523051652897057
89.9,-1.3215182888993309,-0.1083189825976324,0.1675259280211506,1.2478544183139757
89.94999999999999,-1.318711880644141,-0.1104494094661951,0.16903134124295416,1.2434379843634689
90.0,-1.3159031415159304,-0.1125618175344499,0.17055040880559888,1.239056001215823
90.05000000000001,-1.3130920186792685,-0.1146562549565393,0.17208327052879138,1.2347086077067677
90.1,-1.310278458423138,-0.1167327695200121,0.17363006743936082,1.2303959437184915
90.15,-1.3074624061412914,-0.1187914086434588,0.1751909417726694,1.226118150167574
90.2,-1.3046438063120722,-0.1208322193740751,0.17676603697388527,1.2218753689924833
90.25,-1.3018226024776909,-0.1228552483851511,0.17835549769912235,1.2176677431406508
90.3,-1.2989987372229306,-0.1248605419734855,0.17995946981646202,1.2134954165551317
90.35,-1.2961721521532727,-0.1268481460567208,0.18157810040686417,1.2093585341608588
90.4,-1.2933427878724155,-0.1288181061705995,0.18321153776498544,1.2052572418505034
90.45,-1.2905105839591724,-0.1307704674661375,0.18485993139991405,1.2011916864699526
90.5,-1.2876754789437257,-0.1327052747067124,0.18652343203584135,1.1971620158034155
90.55,-1.2848374102832203,-0.1346225722650667,0.1882021916126822,1.1931683785581864
90.6,-1.281996314336668,-0.1365224041202196,0.1898963632866682,1.1892109243490634
90.65,-1.2791521263391468,-0.1384048138542887,0.19160610143092907,1.1852898036824542
90.7,-1.2763047803752685,-0.1402698446492166,0.19333156163608706,1.181405167940187
90.75,-1.273454209351892,-0.1421175392834004,0.19507290071088526,1.177557169363047
90.8,-1.2706003449700578,-0.1439479401282223,0.1968302766828756,1.1737459610340697
90.85,-1.2677431176961116,-0.1457610891444761,0.1986038487991968,1.1699716968615976
90.9,-1.264882456732001,-0.1475570278786898,0.20039377752746454,1.1662345315621598
90.95,-1.2620182899847072,-0.1493357974593386,0.20220022455681003,1.1625346206431793
91.0,-1.2591505440347897,-0.1510974385929463,0.2040233527990969,1.1588721203855508
91.05,-1.2562791441040075,-0.1528419915600717,0.20586332639035224,1.1552471878261232
91.1,-1.2534040140219918,-0.1545694962111772,0.20772031069244906,1.151659980740127
91.15,-1.2505250761919324,-0.1562799919623747,0.20959447229507733,1.148110657623582
91.2,-1.2476422515552483,-0.1579735177910462,0.21148597901804847,1.1445993776757257
91.25,-1.244755459555203,-0.1596501122313361,0.21339499991397398,1.1411263007815193
91.3,-1.2418646180994322,-0.1613098133695091,0.21532170527136604,1.1376915874942635
91.35,-1.238969643521342,-0.1629526588391721,0.21726626661820939,1.134295399018388
91.4,-1.236070450540342,-0.1645786858163543,0.21922885672605433,1.1309378971924553
91.45,-1.2331669522208697,-0.166187931014442,0.22120964961468603,1.127619244472449
91.5,-1.230259059930163,-0.1677804306789635,0.22320882055742805,1.1243396039153941
91.55,-1.2273466832947388,-0.1693562205822193,0.22522654608713655,1.1210991391633762
91.6,-1.2244297301555294,-0.1709153360177533,0.2272630040029516,1.1178980144280264
91.65,-1.2215081065216302,-0.172457811794659,0.22931837337786698,1.1147363944755369
91.7,-1.2185817165226085,-0.1739836822317175,0.23139283456719076,1.111614444612285
91.75,-1.215650462359318,-0.1754929811513598,0.23348656921796593,1.10853233067113
91.8,-1.212714244253171,-0.1769857418734492,0.2355997602794257,1.1054902189984754
91.85,-1.2097729603938063,-0.1784619972088777,0.23773259201456254,1.1024882764421653
91.9,-1.2068265068850956,-0.1799217794529711,0.23988525001289188,1.0995266703403115
91.95,-1.2038747776894294,-0.1813651203786954,0.24205792120449393,1.096605568511132
92.0,-1.2009176645702162,-0.1827920512296592,0.2442507938754215,1.0937251392438991
92.05,-1.197955057032529,-0.1842026027129052,0.24646405768456656,1.0908855512910953
92.1,-1.1949868422618293,-0.185596804991484,0.2486979036820795,1.0880869738618644
92.15,-1.192012905060697,-0.1869746876768022,0.2509525243294395,1.0853295766168818
92.2,-1.189033127783492,-0.1883362798207391,0.2532281135212765,1.0826135296647381
92.25,-1.1860473902688673,-0.1896816099075229,0.25552486660905316,1.0799390035599488
92.3,-1.183055569770051,-0.1910107058453591,0.2578429804267134,1.077306169302718
92.35,-1.1800575408828144,-0.1923235949578025,0.26018265331841267,1.074715198340555
92.4,-1.1770531754710316,-0.1936203039748641,0.2625440851684465,1.0721662625718904
92.45,-1.1740423425897484,-0.1949008590238448,0.2649274774334939,1.06965953435181
92.5,-1.171024908405648,-0.1961652856198855,0.26733303317730767,1.0671951865000298
92.55,-1.1680007361148244,-0.1974136086562241,0.26976095710797476,1.0647733923112692
92.6,-1.1649696858577538,-0.198645852394151,0.2722114556178774,1.062394325568147
92.65,-1.1619316146313492,-0.1998620404526497,0.2746847368264986,1.0600581605567514
92.7,-1.1588863761979873,-0.2010621957977143,0.2771810106262059,1.057765072085033
92.75,-1.1558338209913874,-0.2022463407313311,0.27970048873115927,1.0555152355041781
92.8,-1.1527737960192097,-0.2034144968801136,0.2822433847294948,1.0533088267331152
92.85,-1.1497061447622463,-0.2045666851835772,0.2848099141389341,1.0511460222863205
92.9,-1.1466307070700692,-0.2057029258820426,0.2874002944659737,1.049026999305094
92.95,-1.143547319052978,-0.2068232385041529,0.29001474526882604,1.0469519355924704
93.0,-1.140455812970114,-0.2079276418539926,0.29265348822426146,1.044921009651948
93.05,-1.1373560171135657,-0.2090161539977914,0.2953167471985381,1.042934400730213
93.1,-1.1342477556883133,-0.210088792250201,0.29800474832257884,1.0409922888640524
93.15,-1.1311308486878275,-0.2111455731601267,0.3007177200715837,1.039094854931634
93.2,-1.1280051117651506,-0.2121865124960987,0.3034558933492562,1.0372422807083623
93.25,-1.1248703560992623,-0.2132116252311657,0.30621950157683137,1.0354347489275078
93.3,-1.1217263882565365,-0.2142209255272943,0.3090087807870967,1.0336724433458047
93.35,-1.1185730100470732,-0.2152144267192534,0.31182396972360643,1.0319555488142456
93.4,-1.1154100183756974,-0.2161921412979668,0.3146653099452815,1.0302842513542756
93.45,-1.1122372050873817,-0.2171540808933124,0.31753304593661247,1.028658738239611
93.5,-1.109054356806864,-0.2181002562563477,0.3204274252236633,1.0270791980839131
93.55,-1.1058612547722018,-0.2190306772409394,0.32334869849610115,1.0255458209345425
93.6,-1.1026576746619958,-0.2199453527847745,0.32629711973546754,1.0240587983726352
93.65,-1.0994433864160138,-0.2208442908897292,0.3292729463499143,1.0226183236197444
93.7,-1.096218154048911,-0.22172749860157,0.3322764393156393,1.021224591651293
93.75,-1.0929817354567513,-0.2225949819889618,0.3353078633252526,1.0198777993170964
93.8,-1.0897338822159977,-0.2234467461217552,0.33836748694331487,1.018578145469212
93.85,-1.0864743393746432,-0.2242827950485254,0.34145558276929355,1.0173258310973847
93.9,-1.0832028452351186,-0.2251031317733315,0.3445724276081879,1.0161210594723655
93.95,-1.079919131128608,-0.2259077582316667,0.34771830264907777,1.014964036297375
94.0,-1.0766229211803775,-0.2266966752655661,0.3508934936518621,1.0138549698680048
94.05,-1.0733139320657057,-0.2274698825978382,0.3540982911424473,1.0127940712408516
94.1,-1.0699918727559772,-0.2282273788053843,0.3573329906166678,1.01178155441118
94.15,-1.0666564442544877,-0.2289691612915689,0.36059789275321125,1.010817636499925
94.2,-1.0633073393214727,-0.2296952262576021,0.36389330363583783,1.009902537950355
94.25,-1.0599442421878598,-0.2304055686728927,0.36721953498518,1.0090364827347076
94.3,-1.0565668282572025,-0.2311001822443292,0.3705769044004286,1.0082196985711438
94.35,-1.053174763795239,-0.2317790593844448,0.3739657356112015,1.0074524171513541
94.4,-1.0497677056064865,-0.2324421911784178,0.37738635873990434,1.0067348743791653
94.45,-1.04634530069723,-0.2330895673498595,0.38083911057491127,1.0060673106205076
94.5,-1.0429071859242691,-0.233721176225337,0.38432433485487466,1.005449970965112
94.55,-1.039452987628711,-0.2343370046975768,0.38784238256449965,1.0048831055003127
94.6,-1.0359823212540815,-0.234937038187293,0.3913936122421243,1.0043669695973383
94.65,-1.0324947909479831,-0.235521260603579,0.394978390299437,1.0039018242104953
94.7,-1.028989989146477,-0.2360896543028013,0.39859709135369276,1.003487936189645
94.75,-1.0254674961403352,-0.2366422000459281,0.4022500985727695,1.0031255786063948
94.8,-1.0219268796222398,-0.2371788769542255,0.4059378040334387,1.0028150310944297
94.85,-1.0183676942139752,-0.2376996624632458,0.40966060909321006,1.002556580204423
94.9,-1.0147894809725917,-0.2382045322750343,0.41341892477612235,1.002350519773981
94.95,-1.0111917668744637,-0.238693460308472,0.41721317217286247,1.0021971513130725
95.0,-1.0075740642761035,-0.2391664186476703,0.4210437828555904,1.0020967844054272
95.05,-1.0039358703505277,-0.2396233774883296,0.4249111993078592,1.002049737126374
95.1,-1.000276666497897,-0.240064305081967,0.4288158753700172,1.0020563364776236
95.15,-0.9965959177290836,-0.2404891676779144,0.43275827670048483,1.0021169188394874
95.2,-0.9928930720207308,-0.2408979294629845,0.43673888125329885,1.002231830441064
95.25,-0.989167559640294,-0.2412905524986941,0.4407581797723153,1.002401427848894
95.3,-0.9854187924394524,-0.2416669966559293,0.4448166763024637,1.002626078474641
95.35,-0.9816461631141924,-0.2420272195469326,0.4489148887184355,1.0029061611023204
95.4,-0.9778490444297524,-0.2423711764544822,0.4530533492711948,1.0032420664356325
95.45,-0.9740267884085156,-0.2426988202581284,0.4572326051526764,1.0036341976659509
95.5,-0.9701787254788128,-0.2430101013573465,0.4614532190790422,1.0040829710615278
95.55,-0.9663041635824804,-0.2433049675914526,0.46571576989283514,1.004588816578469
95.6,-0.9624023872388738,-0.2435833641561261,0.4700208531843677,1.0051521784940394
95.65,-0.9584726565629028,-0.2438452335163692,0.4743690819326478,1.00577351606286
95.7,-0.954514206234494,-0.2440905153157275,0.47876108716612575,1.0064533041965382
95.75,-0.950526244416729,-0.2443191462815827,0.48319751864350513,1.0071920341672722
95.8,-0.9465079516197245,-0.2445310601263204,0.4876790455548281,1.0079902143359596
95.85,-0.942458479507136,-0.2447261874441628,0.49220635724299533,1.0088483709053049
95.9,-0.938376949641968,-0.2449044556034445,0.4967801639458196,1.0097670486984016
95.95,-0.9342624521681484,-0.2450657886340969,0.5014011975586626,1.010746811963249
96.0,-0.9301140444241104,-0.2452101071100914,0.5060702124176047,1.011788245203584
96.05,-0.9259307494843578,-0.2453373280265799,0.5107879861030332,1.0128919540363912
96.1,-0.9217115546247404,-0.2454473646714519,0.5155553202634133,1.014058566076379
96.15,-0.9174554097068724,-0.2455401264910129,0.5203730414588961,1.0152887318476331
96.2,-0.9131612254768244,-0.2456155189494708,0.5252420020242765,1.0165831257225733
96.25,-0.9088278717728874,-0.2456734433818961,0.5301630809506616,1.0179424468882374
96.3,-0.9044541756368644,-0.2457137968403046,0.5351371847850154,1.0193674203397827
96.35,-0.90003891932295,-0.2457364719324858,0.5401652485465602,1.0208587979009645
96.4,-0.895580838197869,-0.2457413566531797,0.5452482366587498,1.022417359271166
96.45,-0.8910786185254946,-0.2457283342071785,0.5503871438952804,1.024043913098371
96.5,-0.8865308951287015,-0.2456972828239031,0.5555829963382816,1.0257392980772295
96.55,-0.8819362489207012,-0.2456480755629765,0.5608368523464797,1.0275043840711178
96.6,-0.877293204297562,-0.2455805801102849,0.5661498035307224,1.0293400732567581
96.65,-0.8726002263830273,-0.2454946585639854,0.5715229757337947,1.0312473012896572
96.7,-0.8678557181161151,-0.2453901672098828,0.5769575300109332,1.0332270384881679
96.75,-0.8630580171713004,-0.2452669562855627,0.5824546636068506,1.0352802910335435
96.8,-0.8582053927003445,-0.2451248697326258,0.5880156109244151,1.0374081021828112
96.85,-0.8532960418840462,-0.2449637449363262,0.5936416444793525,1.0396115534906758
96.9,-0.8483280862813372,-0.2447834124518698,0.5993340758344807,1.0418917660359575
96.95,-0.8432995679622155,-0.2445836957165804,0.6050942565059947,1.0442499016472822
97.0,-0.8382084454100253,-0.2443644107470853,0.6109235788332014,1.046687164121804
97.05,-0.8330525891775127,-0.2441253658206172,0.6168234768018374,1.0492048004297045
97.1,-0.8278297772799287,-0.2438663611394672,0.6227954268096648,1.0518041018960111
97.15,-0.8225376903072021,-0.2435871884775561,0.6288409483614036,1.054486405349913
97.2,-0.817173906235852,-0.2432876308080219,0.6349616046782165,1.0572530942301994
97.25,-0.8117358949198488,-0.2429674619106438,0.6411590032048593,1.0601055996336564
97.3,-0.8062210122380578,-0.2426264459578402,0.6474347959952376,1.0630454012912502
97.35,-0.8006264938741937,-0.2422643370778913,0.6537906799544065,1.0660740284546142
97.4,-0.7949494487033757,-0.2418808788939391,0.6602283969119987,1.0691930606727151
97.45,-0.7891868517573781,-0.2414758040372176,0.6667497334985943,1.0724041284356065
97.5,-0.7833355367385298,-0.2410488336328515,0.673356520792611,1.0757089136587488
97.55,-0.7773921880498844,-0.2405996767564472,0.680050633700829,1.079109149977494
97.6,-0.7713533323067817,-0.2401280298595665,0.6868339900305985,1.0826066228169289
97.65,-0.7652153292922054,-0.239633576162039,0.6937085492060266,1.0862031691971996
97.7,-0.7589743623154199,-0.239115985008916,0.7006763105739058,1.0899006772287512
97.75,-0.7526264279302117,-0.2385749111897121,0.7077393112377377,1.0937010852453282
97.8,-0.7461673249656484,-0.2380099942174015,0.7148996233497772,1.0976063805151866
97.85,-0.7395926428186052,-0.2374208575644555,0.7221593507814442,1.1016185974624595
97.9,-0.7328977489533446,-0.2368071078529988,0.7295206250815794,1.1057398153209677
97.95,-0.7260777755491802,-0.2361683339959507,0.7369856006196416,1.1099721551317663
98.0,-0.719127605232675,-0.235504106285779,0.7445564487968781,1.1143177759831588
98.05,-0.7120418558259091,-0.2348139754272429,0.7522353511924961,1.11877887037764
98.1,-0.7048148640370797,-0.2340974715102296,0.7600244914936476,1.123357658593916
98.15,-0.6974406680140522,-0.2333541029184943,0.7679260460373191,1.1280563818936067
98.2,-0.6899129886754606,-0.2325833551698002,0.7759421727686099,1.1328772944010366
98.25,-0.6822252097275286,-0.2317846896826135,0.7840749983930224,1.1378226534604423
98.3,-0.6743703562679768,-0.2309575424641448,0.7923266034697767,1.142894708247377
98.35,-0.6663410718711578,-0.2301013227141368,0.8006990051583021,1.148095686379796
98.4,-0.6581295940409724,-0.2292154113383779,0.8091941372903498,1.1534277782385463
98.45,-0.6497277279101467,-0.2282991593654717,0.8178138273949208,1.1588931186663078
98.5,-0.6411268180561709,-0.2273518862599118,0.8265597702516568,1.1644937656676642
98.55,-0.6323177182956288,-0.2263728781239989,0.8354334974896251,1.170231675680154
98.6,-0.6232907593098983,-0.2253613857805906,0.8444363426815383,1.1761086749260725
98.65,-0.6140357139463714,-0.2243166227280956,0.8535694013072872,1.1821264262863898
98.7,-0.604541760030575,-0.2232377629585117,0.8628334848739722,1.1882863910604213
98.75,-0.5947974405160884,-0.2221239386286612,0.872229068380976,1.1945897848865614
98.8,-0.5847906207911918,-0.2209742375741024,0.8817562302064763,1.201037526999221
98.85,-0.5745084429541034,-0.2197877006544897,0.8914145833644027,1.2076301818835498
98.9,-0.5639372768628846,-0.218563318918431,0.9012031969362718,1.2143678922611072
98.95,-0.5530626677621994,-0.2173000305751417,0.9111205063185128,1.221250302194629
99.0,-0.5418692802877777,-0.2159967177594463,0.9211642107405423,1.228276468936714
99.05,-0.5303408386515819,-0.2146522030759244,0.9313311562995783,1.2354447619638087
99.1,-0.5184600628173882,-0.2132652459072725,0.9416172025224868,1.2427527474316522
99.15,-0.5062086004892058,-0.2118345384712616,0.9520170702003004,1.2501970560595845
99.2,-0.4935669547553728,-0.2103587016100487,0.9625241679449813,1.2577732321977233
99.25,-0.4805144072614703,-0.2088362802950831,0.9731303945883123,1.2654755615519495
99.3,-0.4670289368280365,-0.2072657388304767,0.9838259141777077,1.2732968747370608
99.35,-0.45308713348774,-0.2056454557375335,0.9945988999222997,1.2812283234994335
99.4,-0.4386641079952112,-0.2039737183032441,1.0054352430051305,1.2892591261000643
99.45,-0.4237333969660812,-0.2022487167760098,1.016318221705788,1.2973762779824218
99.5,-0.4082668639359476,-0.2004685381927984,1.0272281257771978,1.3055642234761844
99.55,-0.3922345968022915,-0.1986311598234774,1.0381418304991923,1.313804483921519
99.6,-0.3756048023316142,-0.1967344422203817,1.049032314303935,1.3220752372599964
99.65,-0.3583436986908511,-0.1947761218644707,1.059868113355701,1.3303508438572504
99.7,-0.3404154073090855,-0.1927538034039543,1.0706127060013664,1.3386013131415688
99.75,-0.3217818458076936,-0.1906649514873275,1.0812238196332142,1.3467917056205427
99.8,-0.3024026242718564,-0.1885068822007211,1.091652652285363,1.3548814650557872
99.85,-0.2822349477942458,-0.1862767541297887,1.1018430013061544,1.3628236761435175
99.9,-0.2612335290258979,-0.1839715590795476,1.1117302918293603,1.3705642441149097
99.95,-0.2393505154459633,-0.1815881125022861,1.1212404986657294,1.3780409944324894
100.0,-0.2165354372397702,-0.1791230437045903,1.1302889568641143,1.3851826934800007
