window_size,window,t,v,w,is_node
1,1,0.0,-1.8633893588791945,0.9432517283983279,true
1,1,0.1,-1.89544272864903,0.9255172164439067,false
1,1,0.2,-1.919496813123561,0.9076567969126949,false
1,1,0.30000000000000004,-1.936988286851434,0.8897380169353477,false
1,1,0.4,-1.94918887726972,0.8718154825522532,false
1,1,0.5,-1.9571798455489053,0.853932609597479,false
1,1,0.6000000000000001,-1.9618542591546815,0.8361234570382327,false
1,1,0.7000000000000001,-1.9639344061985005,0.8184144483974491,false
1,1,0.8,-1.9639956125867923,0.8008258862964533,false
1,1,0.9,-1.9624911341049855,0.7833732296583147,false
1,1,1.0,-1.959775276510412,0.7660681400569517,false
1,2,1.0,-1.9125323535456933,0.6929179697822198,true
1,2,1.1,-1.9123845741984853,0.6767219363760988,false
1,2,1.2,-1.9108253168063958,0.6606527558866097,false
1,2,1.3,-1.9081543436904393,0.6447210074790334,false
1,2,1.4,-1.9046088889189816,0.6289347422756959,false
1,2,1.5,-1.9003760430981635,0.6133000165425627,false
1,2,1.6,-1.8956030163755015,0.5978213172932817,false
1,2,1.7000000000000002,-1.8904054856851813,0.5825018996820208,false
1,2,1.8,-1.8848742949959796,0.5673440531802902,false
1,2,1.9,-1.879080783573291,0.5523493108858057,false
1,2,2.0,-1.8730809954151633,0.5375186137718755,false
1,3,2.0,-1.7850999292832077,0.6076302784956488,true
1,3,2.1,-1.8013909583549537,0.5931500472713851,false
1,3,2.2,-1.8135198575493543,0.5786463288999661,false
1,3,2.3,-1.8221753279038773,0.5641542217184723,false
1,3,2.4,-1.827958867957347,0.5497026510710696,false
1,3,2.5,-1.831384763229248,0.5353152195047367,false
1,3,2.6,-1.8328856978669987,0.5210110225905025,false
1,3,2.7,-1.8328212752934772,0.5068053922596932,false
1,3,2.8,-1.8314876114377396,0.49271055055691326,false
1,3,2.9,-1.8291268615750589,0.478736170318228,false
1,3,3.0,-1.8259360453180233,0.4648898472972476,false
1,4,3.0,-1.7222571066428645,0.4630537913263451,true
1,4,3.1,-1.7357092940359073,0.4502235408366008,false
1,4,3.2,-1.7458675441492066,0.4373795793414128,false
1,4,3.3,-1.7532239477084406,0.42454990183544944,false
1,4,3.4,-1.7582156638281503,0.41175803699072144,false
1,4,3.5,-1.7612239199453565,0.39902359127053355,false
1,4,3.6,-1.762576424054503,0.38636278130253193,false
1,4,3.7,-1.762551752248748,0.37378893023533527,false
1,4,3.8,-1.7613846776032516,0.36131291526956877,false
1,4,3.9,-1.7592717470335115,0.3489435615051735,false
1,4,4.0,-1.7563766753155723,0.33668798237351766,false
1,5,4.0,-1.6694433869581868,0.3723335876818225,true
1,5,4.1,-1.6824255543241362,0.3606551557460269,false
1,5,4.2,-1.6924652186003715,0.34895718172719836,false
1,5,4.3,-1.6999584958260665,0.33726493676310637,false
1,5,4.4,-1.7052648213094512,0.3256000407575394,false
1,5,4.5,-1.7087043125393138,0.31398084003067944,false
1,5,4.6,-1.7105579164728784,0.3024227927674848,false
1,5,4.7,-1.7110693646391084,0.2909388413325272,false
1,5,4.8,-1.7104481811016932,0.2795397586087792,false
1,5,4.9,-1.708873195472752,0.2682344615606999,false
1,5,5.0,-1.706496186734425,0.2570302894677117,false
1,6,5.0,-1.6288245859175023,0.2992548548567516,true
1,6,5.1,-1.640597356370723,0.28849049997978476,false
1,6,5.2,-1.6498062996580563,0.2777091849327628,false
1,6,5.3,-1.6567699831150315,0.26693305466874295,false
1,6,5.4,-1.661781022569531,0.2561812878449493,false
1,6,5.5,-1.6651034967572242,0.24547037015355427,false
1,6,5.6,-1.6669724104423358,0.23481437941348665,false
1,6,5.7,-1.6675945649686292,0.22422526659098924,false
1,6,5.8,-1.667150319751029,0.21371312234577972,false
1,6,5.9,-1.6657958524227383,0.20328642293306928,false
1,6,6.0,-1.663665635054267,0.19295225241521688,false
1,7,6.0,-1.6058350378749668,0.1945719033519571,true
1,7,6.1,-1.6108106188922129,0.1848179405340598,false
1,7,6.2,-1.61425306051213,0.17509708606256338,false
1,7,6.3,-1.6163550083560647,0.165422250854942,false
1,7,6.4,-1.6172890710005001,0.15580457753697408,false
1,7,6.5,-1.617208499908827,0.14625363441986522,false
1,7,6.6,-1.616248356835475,0.1367775994043426,false
1,7,6.7,-1.6145269615058324,0.1273834304133628,false
1,7,6.8,-1.612147467304302,0.11807702062029357,false
1,7,6.9,-1.6091994580834814,0.10886333793208419,false
1,7,7.0,-1.6057604949349347,0.09974654899960077,false
1,8,7.0,-1.5177769971566275,0.10912919098280535,true
1,8,7.1,-1.5247668169997959,0.10079973039222813,false
1,8,7.2,-1.5302448227395047,0.09247433485022426,false
1,8,7.3,-1.534361540080028,0.08416613477960366,false
1,8,7.4,-1.5372580198118235,0.07588682699696145,false
1,8,7.5,-1.5390648088660448,0.06764677730042287,false
1,8,7.6,-1.5399015048004947,0.05945512894354721,false
1,8,7.7,-1.5398767506900857,0.05131991227450793,false
1,8,7.8,-1.5390885473669065,0.043248152076125534,false
1,8,7.9,-1.5376247815652253,0.03524597019668744,false
1,8,8.0,-1.5355638893747658,0.027318681912134078,false
1,9,8.0,-1.5900690618540554,0.11831699613929995,true
1,9,8.1,-1.5898541262387798,0.10929112277858495,false
1,9,8.2,-1.5888208560679482,0.10033724630203643,false
1,9,8.3,-1.58707385387037,0.09146184962348415,false
1,9,8.4,-1.5847050091165185,0.08267046858828028,false
1,9,8.5,-1.5817947396264995,0.07396780975457906,false
1,9,8.6,-1.5784132111264237,0.06535785599651789,false
1,9,8.7,-1.5746214973891006,0.05684396040467333,false
1,9,8.8,-1.570472658551582,0.04842892922689367,false
1,9,8.9,-1.5660127261652688,0.04011509473939191,false
1,9,9.0,-1.5612815911908173,0.03190437899901524,false
1,10,9.0,-1.5499533788298938,-0.01777946650168178,true
1,10,9.1,-1.5415682963556132,-0.025401324012374354,false
1,10,9.2,-1.5333716559324124,-0.03289131660656536,false
1,10,9.3,-1.5253381124975127,-0.04025201927317651,false
1,10,9.4,-1.5174458973689653,-0.04748577268527446,false
1,10,9.5,-1.509676253184894,-0.054594715024850436,false
1,10,9.6,-1.5020129661552293,-0.06158080885705021,false
1,10,9.7,-1.4944419772367024,-0.06844586389446099,false
1,10,9.8,-1.4869510576485971,-0.07519155633556271,false
1,10,9.9,-1.4795295370918955,-0.08181944533685008,false
1,10,10.0,-1.472168075330012,-0.08833098707832214,false
1,11,10.0,-1.2920992226910661,-0.08890094643767085,true
1,11,10.1,-1.2973279644136804,-0.09370091640289281,false
1,11,10.2,-1.3018261746965312,-0.09851024011879687,false
1,11,10.3,-1.305625643881314,-0.10332229769888898,false
1,11,10.4,-1.3087591388850894,-0.1081308140923126,false
1,11,10.5,-1.3112598968315852,-0.11292986312981282,false
1,11,10.6,-1.3131611882166474,-0.11771386721819428,false
1,11,10.7,-1.3144959477706564,-0.12247759334570432,false
1,11,10.8,-1.3152964693968254,-0.12721614603044748,false
1,11,10.9,-1.315594160326739,-0.13192495780004082,false
1,11,11.0,-1.3154193488686836,-0.13659977773802745,false
1,12,11.0,-1.4110576974651883,-0.09180359111046274,true
1,12,11.1,-1.4085032427421245,-0.09763668317330174,false
1,12,11.2,-1.4055839841691464,-0.10340188696569468,false
1,12,11.3,-1.40233194114565,-0.10909650565625847,false
1,12,11.4,-1.3987762377633368,-0.11471814224069042,false
1,12,11.5,-1.3949433121070238,-0.12026467176528605,false
1,12,11.6,-1.3908571224125064,-0.12573421566135418,false
1,12,11.7,-1.3865393465893696,-0.13112511812930525,false
1,12,11.8,-1.382009572687181,-0.13643592448472489,false
1,12,11.9,-1.377285478731204,-0.14166536136123734,false
1,12,12.0,-1.372383001013218,-0.14681231865446595,false
1,13,12.0,-1.263538817630297,-0.19040445285425286,true
1,13,12.1,-1.2602170230648753,-0.19415867921660968,false
1,13,12.2,-1.2566701922512136,-0.19785388510980298,false
1,13,12.3,-1.252910762459344,-0.20148849834810745,false
1,13,12.4,-1.2489502985855976,-0.20506106824642917,false
1,13,12.5,-1.244799530391696,-0.20857025690289352,false
1,13,12.6,-1.2404683906008482,-0.21201483089121817,false
1,13,12.7,-1.2359660531567174,-0.21539365336442687,false
1,13,12.8,-1.231300971084486,-0.2187056765657134,false
1,13,12.9,-1.2264809135078032,-0.2219499347376942,false
1,13,13.0,-1.2215130014728297,-0.22512553741772198,false
1,14,13.0,-1.0819874770978348,-0.18226222623284566,true
1,14,13.1,-1.083845751730302,-0.1844357856189714,false
1,14,13.2,-1.0854766822887711,-0.18660939594408063,false
1,14,13.3,-1.0868811812425605,-0.18878097681456354,false
1,14,13.4,-1.0880605618730828,-0.19094847332272477,false
1,14,13.5,-1.0890165023725273,-0.19310985936928635,false
1,14,13.6,-1.0897510098666465,-0.19526314063182332,false
1,14,13.7,-1.0902663847026954,-0.1974063571826279,false
1,14,13.8,-1.0905651853035399,-0.19953758576241573,false
1,14,13.9,-1.0906501938482587,-0.20165494171881296,false
1,14,14.0,-1.0905243829991589,-0.20375658062069812,false
1,15,14.0,-1.1910381754546808,-0.21601570124039943,true
1,15,14.1,-1.1877523133720083,-0.2189177045718134,false
1,15,14.2,-1.1842700984006829,-0.22176740142900128,false
1,15,14.3,-1.180599359939418,-0.22456341186171225,false
1,15,14.4,-1.1767474396702982,-0.22730443556093852,false
1,15,14.5,-1.172721200098596,-0.22998924684246885,false
1,15,14.6,-1.1685270343341028,-0.2326166897515092,false
1,15,14.7,-1.1641708767376304,-0.23518567329709786,false
1,15,14.8,-1.1596582141041745,-0.2376951668217509,false
1,15,14.9,-1.1549940970973465,-0.24014419550892513,false
1,15,15.0,-1.1501831516881442,-0.24253183602843031,false
1,16,15.0,-0.9992594354586194,-0.22520959230785323,true
1,16,15.1,-0.9966635274632547,-0.2262894055189524,false
1,16,15.2,-0.9939330011574138,-0.22733688766290885,false
1,16,15.3,-0.9910683460380039,-0.22835104419482447,false
1,16,15.4,-0.9880699579476281,-0.22933089192736097,false
1,16,15.5,-0.984938129246186,-0.2302754580439276,false
1,16,15.6,-0.981673038918273,-0.23118377902876167,false
1,16,15.7,-0.978274742560858,-0.23205489951367192,false
1,16,15.8,-0.9747431621909555,-0.23288787104068542,false
1,16,15.9,-0.9710780758080125,-0.23368175073926895,false
1,16,16.0,-0.9672791066404186,-0.2344355999161834,false
1,17,16.0,-1.0106424918719998,-0.2400089056645974,true
1,17,16.1,-1.0066675337108242,-0.2410782116179857,false
1,17,16.2,-1.0025522779285128,-0.2421025969900146,false
1,17,16.3,-0.9982969162033122,-0.24308110621735263,false
1,17,16.4,-0.9939014318927192,-0.24401279155284505,false
1,17,16.5,-0.9893655893023079,-0.2448967110498235,false
1,17,16.6,-0.9846889223969947,-0.24573192646035957,false
1,17,16.7,-0.9798707228393949,-0.24651750104245831,false
1,17,16.8,-0.9749100272324804,-0.24725249727013382,false
1,17,16.9,-0.9698056034351096,-0.24793597443919016,false
1,17,17.0,-0.9645559358089916,-0.24856698616033265,false
1,18,17.0,-0.9018255292404656,-0.23010134967109616,true
1,18,17.1,-0.8969211544931094,-0.23024160705532443,false
1,18,17.2,-0.8918676501259452,-0.2303351996431155,false
1,18,17.3,-0.8866613950555136,-0.23038108631603002,false
1,18,17.4,-0.8812984124826787,-0.230378198786649,false
1,18,17.5,-0.8757743418629097,-0.2303254384105102,false
1,18,17.6,-0.870084408245567,-0.23022167275264913,false
1,18,17.7,-0.864223388668099,-0.23006573188501414,false
1,18,17.8,-0.8581855752520389,-0.22985640438814575,false
1,18,17.9,-0.8519647346031105,-0.22959243302726773,false
1,18,18.0,-0.8455540630667456,-0.229272510069283,false
1,19,18.0,-0.9647101026005018,-0.21871055210624862,true
1,19,18.1,-0.9623151167793708,-0.21952224666764458,false
1,19,18.2,-0.959799470177554,-0.22030548258318902,false
1,19,18.3,-0.9571629203794549,-0.22105936147588717,false
1,19,18.4,-0.9544051514834913,-0.22178298900405546,false
1,19,18.5,-0.95152576512896,-0.2224754741171315,false
1,19,18.6,-0.9485242712867697,-0.22313592823363826,false
1,19,18.7,-0.9454000787716097,-0.22376346433951808,false
1,19,18.8,-0.9421524854282263,-0.22435719600465368,false
1,19,18.9,-0.9387806679392299,-0.22491623631495167,false
1,19,19.0,-0.9352836711962099,-0.22543969671687605,false
1,20,19.0,-0.7223108092923511,-0.2328411026619706,true
1,20,19.1,-0.7096936106284005,-0.23128069195406273,false
1,20,19.2,-0.6965331081091654,-0.2296136092709805,false
1,20,19.3,-0.6827869235907061,-0.22783546563005824,false
1,20,19.4,-0.6684080923437453,-0.2259414951484546,false
1,20,19.5,-0.6533444893129507,-0.2239265131905185,false
1,20,19.6,-0.6375381738744386,-0.22178486919772006,false
1,20,19.7,-0.6209246409267172,-0.2195103934384767,false
1,20,19.8,-0.6034319644864118,-0.2170963368017504,false
1,20,19.9,-0.5849798182016824,-0.21453530262993825,false
1,20,20.0,-0.5654783554243682,-0.21181916944290566,false
1,21,20.0,-0.6431483126570812,-0.2665967412024393,true
1,21,20.1,-0.6222924535703207,-0.2640257972558864,false
1,21,20.2,-0.6003070311999987,-0.2612774350799405,false
1,21,20.3,-0.5770783153110014,-0.25834209011252107,false
1,21,20.4,-0.5524783875433077,-0.2552091617565254,false
1,21,20.5,-0.5263631691654292,-0.25186688206894386,false
1,21,20.6,-0.4985701846627998,-0.2483021661385177,false
1,21,20.7,-0.46891604387494784,-0.2445004417795694,false
1,21,20.8,-0.43719363648552023,-0.24044545607405796,false
1,21,20.9,-0.40316905274175185,-0.23611905633885097,false
1,21,21.0,-0.36657827826284506,-0.23150094338309637,false
1,22,21.0,-0.19318488567826045,-0.2346057570064451,true
1,22,21.1,-0.13643375223248524,-0.22798312066175042,false
1,22,21.2,-0.07454220552777921,-0.2208656795456583,false
1,22,21.3,-0.006955026247040794,-0.21320741602781298,false
1,22,21.4,0.06689899589341172,-0.20495747066967704,false
1,22,21.5,0.1475786918319045,-0.19606015075646005,false
1,22,21.6,0.2355859714623302,-0.18645526944478086,false
1,22,21.7,0.3313004871521099,-0.17607898277244724,false
1,22,21.8,0.434890047560028,-0.16486532902994344,false
1,22,21.9,0.5461970833188644,-0.15274869043815134,false
1,22,22.0,0.6646091634486835,-0.13966736082055606,false
1,23,22.0,0.37424191013992003,-0.12125044122358931,true
1,23,22.1,0.4759340610131335,-0.11005357863651144,false
1,23,22.2,0.584814424389027,-0.09797334369267151,false
1,23,22.3,0.7001660764059587,-0.08495323005409763,false
1,23,22.4,0.8207210224051428,-0.07094617869901482,false
1,23,22.5,0.9446017187637917,-0.05591987763902771,false
1,23,22.6,1.0693475248800923,-0.03986219934013867,false
1,23,22.7,1.192058525155458,-0.022785834274534667,false
1,23,22.8,1.309661053189508,-0.004731001445647819,false
1,23,22.9,1.4192550805356825,0.014234718796736337,false
1,23,23.0,1.5184629878022355,0.034019812801499794,false
1,24,23.0,1.5769201481536128,0.050409116841059046,true
1,24,23.1,1.6555843483958703,0.07128092929406846,false
1,24,23.2,1.72158987567486,0.09266246934337584,false
1,24,23.3,1.7755033786841268,0.11443609688391743,false
1,24,23.4,1.8183922962740653,0.1364927025847439,false
1,24,23.5,1.8516001122303434,0.15873519091883054,false
1,24,23.6,1.8765569030082352,0.18108001529920154,false
1,24,23.7,1.8946444943670928,0.20345721002428296,false
1,24,23.8,1.907115817768794,0.22580944026254857,false
1,24,23.9,1.915057644295526,0.24809052902397122,false
1,24,24.0,1.919383090137039,0.27026380014225204,false
1,25,24.0,1.9617290694410625,0.25246077763057184,true
1,25,24.1,1.955760630314864,0.2749807136042186,false
1,25,24.2,1.9490972174476202,0.2972774783954226,false
1,25,24.3,1.9418949848164673,0.31934708667456724,false
1,25,24.4,1.9342733856977825,0.3411868377969137,false
1,25,24.5,1.926323796752017,0.36279501126494085,false
1,25,24.6,1.9181161432917126,0.38417063393220796,false
1,25,24.7,1.9097039661750868,0.40531330218888206,false
1,25,24.8,1.9011282862339383,0.42622304613606876,false
1,25,24.9,1.8924205472774085,0.44690022576116967,false
1,25,25.0,1.8836048562140426,0.4673454514794012,false
1,26,25.0,1.8148749530157198,0.43863009130384323,true
1,26,25.1,1.821467797597209,0.45849830320513435,false
1,26,25.2,1.8250766124519529,0.47826710735436095,false
1,26,25.3,1.8262459925517975,0.49791245276868884,false
1,26,25.4,1.8254294093707426,0.5174150308271185,false
1,26,25.5,1.8230001727874074,0.5367594544695238,false
1,26,25.6,1.8192630002859724,0.555933547807684,false
1,26,25.7,1.8144650685936685,0.57492774523363,false
1,26,25.8,1.8088059733487474,0.5937345915061084,false
1,26,25.9,1.802446373487363,0.6123483308349409,false
1,26,26.0,1.7955153042072312,0.6307645720648645,false
1,27,26.0,1.8816980462462976,0.572213782585656,true
1,27,26.1,1.8637704987175128,0.5915984442995001,false
1,27,26.2,1.8475453466536618,0.6106847706776284,false
1,27,26.3,1.8326464951074664,0.6294887496555494,false
1,27,26.4,1.8187864369108808,0.6480232317499504,false
1,27,26.5,1.8057433166762218,0.6662986538185252,false
1,27,26.6,1.7933445312475234,0.6843235792004706,false
1,27,26.7,1.7814548130328882,0.7021051053961556,false
1,27,26.8,1.7699674500824774,0.7196491747513045,false
1,27,26.9,1.7587977396060919,0.7369608131972111,false
1,27,27.0,1.7478780560758251,0.7540443150333145,false
1,28,27.0,1.6367064491153536,0.7512891080947524,true
1,28,27.1,1.6424805539163525,0.7672270393306296,false
1,28,27.2,1.6460051128052664,0.7830904562794738,false
1,28,27.3,1.6475845678976166,0.7988607092922098,false
1,28,27.4,1.6474884256875186,0.8145219153820284,false
1,28,27.5,1.645952475676379,0.8300606222478278,false
1,28,27.6,1.643181084568706,0.8454654913121514,false
1,28,27.7,1.6393500652465356,0.8607270070724033,false
1,28,27.8,1.6346097670901272,0.8758372161173459,false
1,28,27.9,1.6290881524965042,0.8907894964622318,false
1,28,28.0,1.6228937139430197,0.9055783561272328,false
1,29,28.0,1.6067854467648863,0.8468212909895946,true
1,29,28.1,1.60751796354448,0.8617606611681315,false
1,29,28.2,1.6067655380896966,0.8765902230116478,false
1,29,28.3,1.6047229895414175,0.8912980838412752,false
1,29,28.4,1.6015606068548738,0.9058741099281824,false
1,29,28.5,1.5974262100035068,0.9203096979850762,false
1,29,28.6,1.5924473930381233,0.9345975682142126,false
1,29,28.7,1.5867337835718436,0.9487315796103278,false
1,29,28.8,1.580379212063264,0.9627065669778649,false
1,29,28.9,1.5734637277376773,0.9765181983586498,false
1,29,29.0,1.5660554288170294,0.9901628511468417,false
1,30,29.0,1.480476467441037,0.9722651948155796,true
1,30,29.1,1.4831622224324361,0.9851358416385201,false
1,30,29.2,1.4843750674551872,0.997929852474845,false
1,30,29.3,1.4842600868050864,1.0106349628888507,false
1,30,29.4,1.4829504822992874,1.0232402740907145,false
1,30,29.5,1.4805673516622322,1.0357361326195986,false
1,30,29.6,1.477219878534319,1.0481140108716114,false
1,30,29.7,1.4730058088908007,1.060366391645944,false
1,30,29.8,1.4680121130712713,1.0724866588243376,false
1,30,29.9,1.462315755142102,1.084468995464893,false
1,30,30.0,1.4559845108813079,1.0963082899565917,false
1,31,30.0,1.3893349327888949,1.0892822957322503,true
1,31,30.1,1.388358028137508,1.1004422415497361,false
1,31,30.2,1.3863788477119805,1.1115067348994458,false
1,31,30.3,1.3834767817249383,1.122467657843666,false
1,31,30.4,1.379724769973283,1.1333176501245235,false
1,31,30.5,1.37518932430717,1.1440500444719217,false
1,31,30.6,1.3699306779452407,1.1546588032056297,false
1,31,30.7,1.3640030237465322,1.1651384571052983,false
1,31,30.8,1.3574548105842283,1.17548404720044,false
1,31,30.9,1.350329073321521,1.1856910698745664,false
1,31,31.0,1.342663777410385,1.195755425476209,false
1,32,31.0,1.3515776276365816,1.1572966677257217,true
1,32,31.1,1.3465758539404629,1.1675930495383802,false
1,32,31.2,1.340888408376769,1.1777648971157204,false
1,32,31.3,1.3345615700159406,1.1878070548769508,false
1,32,31.4,1.327636666880487,1.1977148063466105,false
1,32,31.5,1.3201503292178864,1.2074838267006647,false
1,32,31.6,1.3121347541085147,1.2171101380439442,false
1,32,31.7,1.3036179701631336,1.2265900674488461,false
1,32,31.8,1.2946240938576112,1.2359202076951628,false
1,32,31.9,1.2851735713015955,1.2450973805845882,false
1,32,32.0,1.2752834010052863,1.2541186026559685,false
1,33,32.0,1.194493791554082,1.2388101102042406,true
1,33,32.1,1.1885997634004637,1.2470647578084038,false
1,33,32.2,1.1820547953769154,1.2552018451012137,false
1,33,32.3,1.1748786986019686,1.263216360423647,false
1,33,32.4,1.1670885951026688,1.2711034981714326,false
1,33,32.5,1.1586988579234736,1.2788586323512348,false
1,33,32.6,1.1497210600464,1.2864772898270354,false
1,33,32.7,1.140163926069547,1.293955123311572,false
1,33,32.8,1.130033281082032,1.3012878841041233,false
1,33,32.9,1.1193319915663142,1.3084713945268218,false
1,33,33.0,1.1080598934388135,1.315501519966029,false
1,34,33.0,0.9895522877601498,1.337056712381783,true
1,34,33.1,0.9753606621335821,1.3426743696010968,false
1,34,33.2,0.9604059879010971,1.3481172710713765,false
1,34,33.3,0.9446547994142479,1.3533795545800782,false
1,34,33.4,0.9280679159513173,1.3584550683666716,false
1,34,33.5,0.9105998142611159,1.3633373180547792,false
1,34,33.6,0.8921978961919808,1.3680194077536252,false
1,34,33.7,0.8728016329744058,1.3724939743275157,false
1,34,33.8,0.8523415645736285,1.3767531136563917,false
1,34,33.9,0.8307381288441508,1.3807882975047991,false
1,34,34.0,0.8079002909752809,1.384590279376109,false
1,35,34.0,0.900606726609432,1.3980638159469712,true
1,35,34.1,0.8784186544418577,1.4023823666712143,false
1,35,34.2,0.8551150876433686,1.4064608200889857,false
1,35,34.3,0.8305979389160646,1.410290271560007,false
1,35,34.4,0.8047555121592811,1.413860921616103,false
1,35,34.5,0.7774604980545864,1.4171619488266671,false
1,35,34.6,0.7485676264861323,1.4201813636880065,false
1,35,34.7,0.717910921771855,1.4229058402862609,false
1,35,34.8,0.6853005023811416,1.4253205219909473,false
1,35,34.9,0.6505188655540711,1.4274087969200095,false
1,35,35.0,0.6133166019360358,1.4291520384178091,false
1,36,35.0,0.6474564028430315,1.3544978114305821,true
1,36,35.1,0.6175565612192248,1.356780828132503,false
1,36,35.2,0.5854054157786537,1.3587628757356007,false
1,36,35.3,0.5507621187549194,1.360424445323125,false
1,36,35.4,0.5133504262390493,1.3617438046147776,false
1,36,35.5,0.4728536523881777,1.3626966670345315,false
1,36,35.6,0.42890920333588073,1.3632558149223153,false
1,36,35.7,0.3811028967521066,1.3633906742026791,false
1,36,35.8,0.32896346883295746,1.363066840557733,false
1,36,35.9,0.2719579828109742,1.3622455621596394,false
1,36,36.0,0.20948933631664293,1.3608831925887368,false
1,37,36.0,-6.558618530540933e-5,1.3823640875773282,true
1,37,36.1,-0.09265876631239525,1.3782248489695252,false
1,37,36.2,-0.19441508691723217,1.373225689793547,false
1,37,36.3,-0.30589335455738026,1.367286191893638,false
1,37,36.4,-0.4273530174183159,1.3603226528612187,false
1,37,36.5,-0.5585684233517713,1.3522516749493625,false
1,37,36.6,-0.6986129037359577,1.342995588285471,false
1,37,36.7,-0.8456534949400415,1.3324898081651493,false
1,37,36.8,-0.9968295441834113,1.3206917024807752,false
1,37,36.9,-1.1483093555646067,1.3075897621794672,false
1,37,37.0,-1.2955997481129737,1.2932110600592681,false
1,38,37.0,-1.268700902381726,1.3447176364891125,true
1,38,37.1,-1.4138659667547784,1.328969784259771,false
1,38,37.2,-1.5463488833573114,1.3120619302285348,false
1,38,37.3,-1.6628325437292966,1.2941351452364795,false
1,38,37.4,-1.7615740851796675,1.2753528181634535,false
1,38,37.5,-1.8424276675283364,1.2558856579103534,false
1,38,37.6,-1.9065347671980166,1.235898225966878,false
1,38,37.7,-1.95585267050967,1.2155392937690996,false
1,38,37.8,-1.9926921962152881,1.1949366595756217,false
1,38,37.9,-2.0193665901234303,1.1741957768001403,false
1,38,38.0,-2.037977679439004,1.1534009778038046,false
1,39,38.0,-1.9261160738091783,1.1447997669400989,true
1,39,38.1,-1.9632101070561812,1.124987575734025,false
1,39,38.2,-1.9904437680568607,1.1050274661715263,false
1,39,38.3,-2.00976105278644,1.0850018148789469,false
1,39,38.4,-2.0228484796212753,1.0649757107600335,false
1,39,38.5,-2.031105148853555,1.0449996225513152,false
1,39,38.6,-2.035655827945452,1.025112103745324,false
1,39,38.7,-2.03738487235884,1.005342248362188,false
1,39,38.8,-2.036976791222767,0.9857117791908505,false
1,39,38.9,-2.034955632488787,0.9662367502236793,false
1,39,39.0,-2.031719594402769,0.946928895905719,false
1,40,39.0,-2.109821601590168,1.0155080787267945,true
1,40,39.1,-2.0922862699956903,0.9952215249380497,false
1,40,39.2,-2.0774750134576365,0.9752313014261805,false
1,40,39.3,-2.0646516561167947,0.9555138362482869,false
1,40,39.4,-2.053290589406046,0.9360514522464656,false
1,40,39.5,-2.0430125039781517,0.9168307087453496,false
1,40,39.6,-2.0335412909961144,0.8978412399797979,false
1,40,39.7,-2.024674527716096,0.8790749303261278,false
1,40,39.8,-2.016262921868982,0.8605253222521125,false
1,40,39.9,-2.008195799023298,0.842187187530525,false
1,40,40.0,-2.0003907422328613,0.8240562144084471,false
1,41,40.0,-1.9877320457334957,0.8430275535219565,true
1,41,40.1,-1.9846670632172403,0.825055293538163,false
1,41,40.2,-1.980711189924907,0.807247188296844,false
1,41,40.3,-1.9760739723993281,0.7896091959937642,false
1,41,40.4,-1.9709158116126881,0.7721455457284397,false
1,41,40.5,-1.9653593765228197,0.7548591461240176,false
1,41,40.6,-1.9594984627740561,0.737751898476684,false
1,41,40.7,-1.9534048148872354,0.7208249361207395,false
1,41,40.8,-1.947133352559835,0.7040788071329077,false
1,41,40.9,-1.9407261608005737,0.6875136137091175,false
1,41,41.0,-1.9342155300825608,0.6711291184970908,false
1,42,41.0,-1.8611237669245497,0.6829137695078156,true
1,42,41.1,-1.8703070446023686,0.6672180184458516,false
1,42,41.2,-1.8763060278756205,0.6515683103960264,false
1,42,41.3,-1.8797325731106296,0.6359906028438138,false
1,42,41.4,-1.881092777990977,0.6205055489656526,false
1,42,41.5,-1.8808000370658764,0.6051294474144993,false
1,42,41.6,-1.879188891419902,0.589875060368242,false
1,42,41.7,-1.8765282275359783,0.5747523008324726,false
1,42,41.8,-1.8730331041587989,0.5597687998701468,false
1,42,41.9,-1.8688749406629501,0.5449303687012864,false
1,42,42.0,-1.864190063160496,0.5302413716240818,false
1,43,42.0,-1.7942077594802224,0.5350262260116185,true
1,43,42.1,-1.8023335074041693,0.5210335915050817,false
1,43,42.2,-1.807767284479508,0.507081821805618,false
1,43,42.3,-1.8109776167808829,0.49319308521643745,false
1,43,42.4,-1.8123609609651197,0.4793854283393944,false
1,43,42.5,-1.8122488665660146,0.46567343529167016,false
1,43,42.6,-1.8109161316763702,0.4520688109464943,false
1,43,42.7,-1.808588984379686,0.43858088446047333,false
1,43,42.8,-1.8054527343544577,0.42521703624626783,false
1,43,42.9,-1.8016586200083526,0.41198305524023104,false
1,43,43.0,-1.7973297557223458,0.39888343489328393,false
1,44,43.0,-1.7447806115570708,0.4534550130272823,true
1,44,43.1,-1.753780690861691,0.4405096467649473,false
1,44,43.2,-1.760137799155042,0.4275891840081129,false
1,44,43.3,-1.764273600535919,0.41471568907922446,false
1,44,43.4,-1.7665529037035514,0.40190746220912854,false
1,44,43.5,-1.7672872572068539,0.38917957339055276,false
1,44,43.6,-1.7667400626945633,0.37654435155705496,false
1,44,43.7,-1.765132294863367,0.36401181996044035,false
1,44,43.8,-1.7626482389368532,0.3515900754973712,false
1,44,43.9,-1.7594408961157744,0.3392856139929236,false
1,44,44.0,-1.7556368746727717,0.32710360582118453,false
1,45,44.0,-1.7288396746453414,0.3228136970888296,true
1,45,44.1,-1.7284154909290481,0.3110170328458684,false
1,45,44.2,-1.7269761399650596,0.2993155577158952,false
1,45,44.3,-1.7246876654348504,0.2877170952943887,false
1,45,44.4,-1.721689697414974,0.2762280140490427,false
1,45,44.5,-1.7180992492463012,0.26485346240972896,false
1,45,44.6,-1.714014130960093,0.2535975690524062,false
1,45,44.7,-1.7095159521140113,0.24246361230526112,false
1,45,44.8,-1.7046727216729507,0.23145416265207622,false
1,45,44.9,-1.6995410723636586,0.22057120210851822,false
1,45,45.0,-1.6941681467171863,0.2098162239169407,false
1,46,45.0,-1.703618853389809,0.23555331334618995,true
1,46,45.1,-1.6990212759013987,0.22464743494905087,false
1,46,45.2,-1.694100443128724,0.21386519850950175,false
1,46,45.3,-1.6889085809467428,0.20320841353764071,false
1,46,45.4,-1.6834892763441278,0.19267843838987422,false
1,46,45.5,-1.6778789066867705,0.18227625601569758,false
1,46,45.6,-1.6721078391692379,0.17200253712926677,false
1,46,45.7,-1.666201433830736,0.1618576928489433,false
1,46,45.8,-1.6601808801120959,0.15184191854230714,false
1,46,45.9,-1.6540638932752794,0.1419552303433493,false
1,46,46.0,-1.6478652934257887,0.13219749557310514,false
1,47,46.0,-1.6183562625858707,0.1691464288348624,true
1,47,46.1,-1.6193826231509174,0.1594826651875417,false
1,47,46.2,-1.619378057399587,0.14988520057199822,false
1,47,46.3,-1.618480212949433,0.14036235325320714,false
1,47,46.4,-1.6168096491245711,0.13092119839365776,false
1,47,46.5,-1.614471440260997,0.1215677265034892,false
1,47,46.6,-1.6115568047894127,0.11230698584440045,false
1,47,46.7,-1.6081446856037453,0.10314320903535266,false
1,47,46.8,-1.6043032354116877,0.09407992465331441,false
1,47,46.9,-1.6000911813209422,0.08512005494134103,false
1,47,47.0,-1.5955590573640284,0.07626600089371266,false
1,48,47.0,-1.5201002214618742,0.036381447564707035,true
1,48,47.1,-1.5199830544577841,0.02859739121014505,false
1,48,47.2,-1.5191429017432527,0.020874870990441406,false
1,48,47.3,-1.5176595676707716,0.01321969003389788,false
1,48,47.4,-1.5156046527727147,0.00563691548580628,false
1,48,47.5,-1.5130421449184945,-0.0018690435716967237,false
1,48,47.6,-1.5100290423925402,-0.00929436436148584,false
1,48,47.7,-1.506615980747201,-0.016635744926132883,false
1,48,47.8,-1.5028478436591324,-0.02389034480762247,false
1,48,47.9,-1.4987643445948469,-0.03105573163531986,false
1,48,48.0,-1.4944005711237427,-0.03812983327052537,false
1,49,48.0,-1.4825948353563436,0.003065157449063133,true
1,49,48.1,-1.4830078988021957,-0.00413323721036587,false
1,49,48.2,-1.4826992001517967,-0.011279262467175971,false
1,49,48.3,-1.4817412759477468,-0.018367024455772013,false
1,49,48.4,-1.4802001260018502,-0.025391307208362465,false
1,49,48.5,-1.4781355328226804,-0.03234750917383764,false
1,49,48.6,-1.4756014420928818,-0.03923158343364753,false
1,49,48.7,-1.4726463771524034,-0.046039982017678414,false
1,49,48.8,-1.4693138669504784,-0.05276960450298024,false
1,49,48.9,-1.4656428723457333,-0.059417750914279005,false
1,49,49.0,-1.4616682000258945,-0.06598207882736926,false
1,50,49.0,-1.4027239792803257,-0.049297304264769075,true
1,50,49.1,-1.4048724754289539,-0.05538758649253529,false
1,50,49.2,-1.4062759118736352,-0.06144943779414494,false
1,50,49.3,-1.4069925973748376,-0.0674765072222976,false
1,50,49.4,-1.4070775896870293,-0.07346301012440709,false
1,50,49.5,-1.406582529758092,-0.07940369334531566,false
1,50,49.6,-1.4055555751957558,-0.08529379963780297,false
1,50,49.7,-1.4040414121280251,-0.09112903209891482,false
1,50,49.8,-1.4020813271811774,-0.09690551926459821,false
1,50,49.9,-1.3997133239607948,-0.10261978133520096,false
1,50,50.0,-1.3969722709869932,-0.10826869786969566,false
1,51,50.0,-1.3869063110229458,-0.06364603188435047,true
1,51,50.1,-1.3888333332113922,-0.06948505237177013,false
1,51,50.2,-1.3900620904969956,-0.07529567387047502,false
1,51,50.3,-1.390644865690322,-0.08107194609978874,false
1,51,50.4,-1.3906311959645348,-0.08680842920830015,false
1,51,50.5,-1.3900677127237488,-0.09250016405772622,false
1,51,50.6,-1.3889980657791259,-0.09814264165724346,false
1,51,50.7,-1.3874629150590196,-0.10373177244893386,false
1,51,50.8,-1.385499975004956,-0.10926385599480937,false
1,51,50.9,-1.383144098819238,-0.11473555148496963,false
1,51,51.0,-1.3804273917040062,-0.12014384937485682,false
1,52,51.0,-1.1794149396292974,-0.09413400672752986,true
1,52,51.1,-1.1884208750075298,-0.09787994184872391,false
1,52,51.2,-1.1968139651493714,-0.10167815003581622,false
1,52,51.3,-1.2045913631192355,-0.1055226144540235,false
1,52,51.4,-1.2117539663626722,-0.10940735370975396,false
1,52,51.5,-1.2183060948348647,-0.11332645445904765,false
1,52,51.6,-1.2242551441387923,-0.11727410070319284,false
1,52,51.7,-1.2296112246301931,-0.12124459961769099,false
1,52,51.8,-1.2343867964200523,-0.1252324038578187,false
1,52,51.9,-1.2385963089413032,-0.12923213036981995,false
1,52,52.0,-1.2422558523468097,-0.13323857580963364,false
1,53,52.0,-1.1473480094925947,-0.14396331576208282,true
1,53,52.1,-1.152175937864251,-0.14703058716798773,false
1,53,52.2,-1.1566060526152635,-0.15011779375790357,false
1,53,52.3,-1.160640376552636,-0.15322115109631732,false
1,53,52.4,-1.1642822849295047,-0.1563369273475241,false
1,53,52.5,-1.1675363715317115,-0.15946145467439113,false
1,53,52.6,-1.1704083132048666,-0.16259113931702315,false
1,53,52.7,-1.172904735130601,-0.16572247035753357,false
1,53,52.8,-1.1750330788567145,-0.16885202719686065,false
1,53,52.9,-1.1768014747699167,-0.17197648578630825,false
1,53,53.0,-1.1782186203843616,-0.17509262367020362,false
1,54,53.0,-1.0873921030985116,-0.18171131188267295,true
1,54,53.1,-1.0892698807918355,-0.1839385463365424,false
1,54,53.2,-1.0909130016245112,-0.18616558311371076,false
1,54,53.3,-1.0923226864213609,-0.18839027801810987,false
1,54,53.4,-1.0935005680795649,-0.19061051568806073,false
1,54,53.5,-1.0944486525061539,-0.19282421298278607,false
1,54,53.6,-1.0951692796801036,-0.19502932198631298,false
1,54,53.7,-1.0956650851992387,-0.19722383263440146,false
1,54,53.8,-1.0959389626260823,-0.19940577497318382,false
1,54,53.9,-1.0959940269005677,-0.20157322106080341,false
1,54,54.0,-1.0958335790421478,-0.2037242865255051,false
1,55,54.0,-1.1258507196259466,-0.22501103319851593,true
1,55,54.1,-1.1230298586751932,-0.22725167301718852,false
1,55,54.2,-1.120026394495087,-0.22944918382811277,false
1,55,54.3,-1.1168452641677296,-0.23160223096211116,false
1,55,54.4,-1.1134911466691124,-0.2337095336127532,false
1,55,54.5,-1.1099684562199181,-0.23576986204397435,false
1,55,54.6,-1.1062813368813698,-0.23778203476310517,false
1,55,54.7,-1.102433658181308,-0.23974491566998188,false
1,55,54.8,-1.0984290115683413,-0.24165741119081932,false
1,55,54.9,-1.0942707075043099,-0.2435184674036686,false
1,55,55.0,-1.089961773017138,-0.24532706716054656,false
1,56,55.0,-1.0522402265941209,-0.25143763829231175,true
1,56,55.1,-1.0472987660806747,-0.25279999667316516,false
1,56,55.2,-1.0422173885130226,-0.25410642779661424,false
1,56,55.3,-1.0369966280112126,-0.2553560619362444,false
1,56,55.4,-1.031636726438054,-0.256548039303525,false
1,56,55.5,-1.026137625878164,-0.25768150726218675,false
1,56,55.6,-1.0204989601878134,-0.25875561748992454,false
1,56,55.7,-1.0147200454798857,-0.25976952307867707,false
1,56,55.8,-1.0087998694012734,-0.2607223755635239,false
1,56,55.9,-1.002737079051112,-0.2616133218689668,false
1,56,56.0,-0.9965299673772423,-0.2624415011600054,false
1,57,56.0,-0.9270933712653001,-0.21766969647017087,true
1,57,56.1,-0.9240724990990989,-0.2181413448537987,false
1,57,56.2,-0.9209347466699661,-0.21858130916764293,false
1,57,56.3,-0.9176789394729289,-0.21898874510241156,false
1,57,56.4,-0.9143037765626372,-0.21936280320233412,false
1,57,56.5,-0.910807819521271,-0.2197026276937618,false
1,57,56.6,-0.9071894807809688,-0.22000735521832854,false
1,57,56.7,-0.9034470112241956,-0.22027611346511042,false
1,57,56.8,-0.8995784869770881,-0.22050801969552306,false
1,57,56.9,-0.8955817953014976,-0.2207021791539204,false
1,57,57.0,-0.8914546194810578,-0.22085768335600012,false
1,58,57.0,-0.975787673847884,-0.26299242561348035,true
1,58,57.1,-0.9691161537512214,-0.26356134490318756,false
1,58,57.2,-0.9622865458191414,-0.2640642171235585,false
1,58,57.3,-0.9552948216568332,-0.2645000594084229,false
1,58,57.4,-0.948136458410153,-0.2648678569283654,false
1,58,57.5,-0.9408064061877237,-0.2651665584460243,false
1,58,57.6,-0.9332990517049858,-0.265395071588346,false
1,58,57.7,-0.925608177711882,-0.26555225780126773,false
1,58,57.8,-0.9177269177088048,-0.26563692694828467,false
1,58,57.9,-0.9096477053896832,-0.2656478315098014,false
1,58,58.0,-0.9013622181752533,-0.26558366033500347,false
1,59,58.0,-0.717203678285931,-0.22746250422714084,true
1,59,58.1,-0.7048552800928015,-0.22589594951256742,false
1,59,58.2,-0.6919712037429062,-0.22422526609890167,false
1,59,58.3,-0.6785099852980259,-0.22244612036188055,false
1,59,58.4,-0.6644256944083519,-0.22055381029001025,false
1,59,58.5,-0.6496673780534571,-0.2185432247492697,false
1,59,58.6,-0.6341784255989877,-0.21640879759503742,false
1,59,58.7,-0.6178958434474259,-0.21414445589518288,false
1,59,58.8,-0.600749425950861,-0.2117435614189219,false
1,59,58.9,-0.5826608075440629,-0.20919884442223916,false
1,59,59.0,-0.5635423793198485,-0.20650232862192555,false
1,60,59.0,-0.6511332682543701,-0.21706666634996463,true
1,60,59.1,-0.6358904824831114,-0.21495762101914184,false
1,60,59.2,-0.6198707178110883,-0.21272080643894456,false
1,60,59.3,-0.6030057285486392,-0.21034973007836988,false
1,60,59.4,-0.5852193721047442,-0.20783728596981074,false
1,60,59.5,-0.5664265637948489,-0.20517568213296525,false
1,60,59.6,-0.5465320829859368,-0.20235635828258455,false
1,60,59.7,-0.5254292112520612,-0.19936989244085113,false
1,60,59.8,-0.5029981823856089,-0.19620589490374402,false
1,60,59.9,-0.479104424353896,-0.19285288783742724,false
1,60,60.0,-0.45359657538496784,-0.18929816861864726,false
1,61,60.0,-0.4401300181032084,-0.17466094445650182,true
1,61,60.1,-0.41319835838386576,-0.17087598013606423,false
1,61,60.2,-0.38429438886070183,-0.16686301306339021,false
1,61,60.3,-0.3532037199382571,-0.16260467200314305,false
1,61,60.4,-0.3196853548625534,-0.15808162804075138,false
1,61,60.5,-0.2834688281162888,-0.1532723519256419,false
1,61,60.6,-0.24425143373763503,-0.14815284721623212,false
1,61,60.7,-0.20169581446679438,-0.14269636137285702,false
1,61,60.8,-0.1554283397766859,-0.13687308008873178,false
1,61,60.9,-0.10503892582170504,-0.1306498150070796,false
1,61,61.0,-0.05008326259603843,-0.12398970224297028,false
1,62,61.0,-0.004822088352476633,-0.16386706392469977,true
1,62,61.1,0.06408575927226096,-0.155981726873267,false
1,62,61.2,0.13934596274640498,-0.14749382841156178,false
1,62,61.3,0.22144082778455504,-0.13834729868017645,false
1,62,61.4,0.3107598744072626,-0.12848243621366395,false
1,62,61.5,0.4075268810978095,-0.11783710347563156,false
1,62,61.6,0.511705718433348,-0.10634868054205474,false
1,62,61.7,0.6228893697898005,-0.09395695101044703,false
1,62,61.8,0.7401854860687019,-0.08060801439185072,false
1,62,61.9,0.8621237307425151,-0.06625914294017746,false
1,62,62.0,0.9866213606390553,-0.05088421572501772,false
1,63,62.0,1.1135638715339935,-0.10417715352687082,true
1,63,62.1,1.2417041539577185,-0.08619786850994934,false
1,63,62.2,1.3631640286671045,-0.06720397788564866,false
1,63,62.3,1.4748687360445634,-0.04727868711064154,false
1,63,62.4,1.57447231791914,-0.026529685075853193,false
1,63,62.5,1.660600483880159,-0.005081027036908613,false
1,63,62.6,1.7328925227546519,0.016936240339429434,false
1,63,62.7,1.7918617307910605,0.03939289591264791,false
1,63,62.8,1.8386473070449756,0.06216845288506329,false
1,63,62.9,1.8747420602262088,0.08515557261245914,false
1,63,63.0,1.9017580621095167,0.10826208959494095,false
1,64,63.0,1.7398847331179188,0.11607273842260957,true
1,64,63.1,1.7886749233667674,0.13781838040713898,false
1,64,63.2,1.8271341868039217,0.15980338405018996,false
1,64,63.3,1.8566241104797137,0.18193747105986918,false
1,64,63.4,1.8785333239506934,0.20414373370158595,false
1,64,63.5,1.8941685314003576,0.22635824402559898,false
1,64,63.6,1.9046941066037635,0.24852889759948468,false
1,64,63.7,1.9111082979540963,0.2706138900509358,false
1,64,63.8,1.9142433580663867,0.29258010552007047,false
1,64,63.9,1.9147791576928197,0.31440158680837926,false
1,64,64.0,1.9132629003637383,0.3360581740336008,false
1,65,64.0,1.7622840146863965,0.36316525125024535,true
1,65,64.1,1.7848580131499612,0.38318029285718935,false
1,65,64.2,1.8017657629619177,0.40322877335979823,false
1,65,64.3,1.8138978571621642,0.42326265595651785,false
1,65,64.4,1.822054947953412,0.44324202266706014,false
1,65,64.5,1.8269348379321213,0.4631341196601194,false
1,65,64.6,1.8291317993740173,0.482912351549383,false
1,65,64.7,1.8291432409227804,0.5025553137869205,false
1,65,64.8,1.8273801199490716,0.5220459127155246,false
1,65,64.9,1.8241786897592935,0.5413705950836439,false
1,65,65.0,1.8198121126871736,0.5605186911021128,false
1,66,65.0,1.858313772532062,0.49389124097002246,true
1,66,65.1,1.851905282146594,0.513690708602457,false
1,66,65.2,1.8449257702126027,0.5332835298809636,false
1,66,65.3,1.8374864439588283,0.5526665163736082,false
1,66,65.4,1.829675094702039,0.5718374107354256,false
1,66,65.5,1.8215610120726942,0.5907946886546563,false
1,66,65.6,1.8131988819707188,0.6095374024698064,false
1,66,65.7,1.804631865712721,0.6280650577672009,false
1,66,65.8,1.7958940258466862,0.6463775159951162,false
1,66,65.9,1.7870122341932813,0.6644749175587231,false
1,66,66.0,1.7780076714504456,0.6823576210198072,false
1,67,66.0,1.710250413477459,0.6207680871002204,true
1,67,66.1,1.7176034625226007,0.6383449147005108,false
1,67,66.2,1.722219280276017,0.6558473481695049,false
1,67,66.3,1.7245184024221698,0.6732528158949705,false
1,67,66.4,1.7248656975273835,0.6905425094009301,false
1,67,66.5,1.7235736796787975,0.7077008590940583,false
1,67,66.6,1.7209073559096708,0.7247150520816028,false
1,67,66.7,1.717089714738034,0.7415746014524716,false
1,67,66.8,1.7123072728806443,0.7582709696387031,false
1,67,66.9,1.706715330025892,0.7747972442377742,false
1,67,67.0,1.7004427452501034,0.7911478622777006,false
1,68,67.0,1.7545916025175385,0.8169489446733573,true
1,68,67.1,1.737040343384689,0.8333759975536522,false
1,68,67.2,1.7207600409747843,0.8495277581551153,false
1,68,67.3,1.7055015103885423,0.865416706490554,false
1,68,67.4,1.691067338925897,0.8810531952693589,false
1,68,67.5,1.677299787934404,0.8964458816969881,false
1,68,67.6,1.6640718372888974,0.9116020604699631,false
1,68,67.7,1.6512804659869844,0.9265279230668482,false
1,68,67.8,1.638841550043141,0.941228761357571,false
1,68,67.9,1.6266859472226758,0.9557091286725546,false
1,68,68.0,1.6147564640579646,0.9699729680464844,false
1,69,68.0,1.4631291381330827,0.9146664749321028,true
1,69,68.1,1.4728779610254388,0.9278334152531478,false
1,69,68.2,1.4804868716378747,0.9409832014905083,false
1,69,68.3,1.4861398164772404,0.9540971912142675,false
1,69,68.4,1.4900152774402038,0.9671585426977625,false
1,69,68.5,1.4922829861777729,0.9801521356264382,false
1,69,68.6,1.4931017467148604,0.9930644675053217,false
1,69,68.7,1.4926181670375334,1.0058835351922923,false
1,69,68.8,1.4909661038310085,1.0185987090901647,false
1,69,68.9,1.4882666424460507,1.0312006057545775,false
1,69,69.0,1.4846284593600427,1.043680963113807,false
1,70,69.0,1.3550738009721444,1.0396157867431666,true
1,70,69.1,1.3612007543099416,1.050858858869684,false
1,70,69.2,1.3658463825692617,1.062068776822798,false
1,70,69.3,1.3691057231296015,1.0732326418134395,false
1,70,69.4,1.3710726946817389,1.084338517001073,false
1,70,69.5,1.3718385217995976,1.0953754026447495,false
1,70,69.6,1.3714905461707159,1.1063331988034446,false
1,70,69.7,1.370111376907201,1.1172026590078978,false
1,70,69.8,1.3677783284019507,1.1279753378429345,false
1,70,69.9,1.364563094527238,1.1386435348841395,false
1,70,70.0,1.3605316111821348,1.1492002369585066,false
1,71,70.0,1.3178194168572777,1.1362973122578268,true
1,71,70.1,1.3168286512976952,1.1464568428025013,false
1,71,70.2,1.3149080731232827,1.1565284793371868,false
1,71,70.3,1.3121162123100265,1.166504614937262,false
1,71,70.4,1.308507739603934,1.1763782174422124,false
1,71,70.5,1.3041332737244113,1.186142788893514,false
1,71,70.6,1.2990392916155953,1.1957923239941362,false
1,71,70.7,1.2932681188402988,1.2053212684341834,false
1,71,70.8,1.2868579800685507,1.2147244777240391,false
1,71,70.9,1.27984309251182,1.2239971770012554,false
1,71,71.0,1.2722537879205056,1.2331349221296686,false
1,72,71.0,1.2078870453499508,1.1751929178165614,true
1,72,71.1,1.2078418662063253,1.184063844636352,false
1,72,71.2,1.2069280794767319,1.192865295170528,false
1,72,71.3,1.205179355862728,1.2015899721678422,false
1,72,71.4,1.2026283289161328,1.2102309360811756,false
1,72,71.5,1.1993062131449836,1.2187815911306208,false
1,72,71.6,1.1952424899280008,1.2272356682853263,false
1,72,71.7,1.190464653136551,1.2355872057715294,false
1,72,71.8,1.1849980059810512,1.2438305276334227,false
1,72,71.9,1.1788655005825508,1.2519602207915634,false
1,72,72.0,1.1720876120146286,1.2599711109633305,false
1,73,72.0,1.1579798417208564,1.2552089428756217,true
1,73,72.1,1.1513494364676304,1.263005252762793,false
1,73,72.2,1.1440793719046725,1.270680670420468,false
1,73,72.3,1.136182797875453,1.2782302813632465,false
1,73,72.4,1.1276702809057397,1.285649315899098,false
1,73,72.5,1.1185497077439037,1.2929331239431248,false
1,73,72.6,1.108826189481113,1.3000771491387266,false
1,73,72.7,1.0985019608278495,1.307076902271523,false
1,73,72.8,1.0875762692833582,1.3139279339125782,false
1,73,72.9,1.0760452489982772,1.3206258061800709,false
1,73,73.0,1.0639017740808143,1.3271660634615607,false
1,74,73.0,0.988704722279021,1.341536501734411,true
1,74,73.1,0.9740528896995222,1.3471114314754375,false
1,74,73.2,0.9586323582614265,1.3525076761921009,false
1,74,73.3,0.9424073372983214,1.3577193401922854,false
1,74,73.4,0.9253360859121974,1.362740216115543,false
1,74,73.5,0.9073702496371635,1.367563729712451,false
1,74,73.6,0.8884540849209507,1.3721828784476167,false
1,74,73.7,0.8685235518633371,1.3765901628559474,false
1,74,73.8,0.8475052522833312,1.3807775093953032,false
1,74,73.9,0.8253151862703876,1.384736183320162,false
1,74,74.0,0.8018572958942656,1.3884566898455473,false
1,75,74.0,0.8038582086357864,1.3625772065418709,true
1,75,74.1,0.7817469551864323,1.3662697113148692,false
1,75,74.2,0.7582515333595067,1.369726196086827,false
1,75,74.3,0.7332521680901725,1.3729351667461391,false
1,75,74.4,0.7066117086539411,1.3758840376809987,false
1,75,74.5,0.678173038278495,1.3785589689274722,false
1,75,74.6,0.647756064349005,1.3809446788840032,false
1,75,74.7,0.6151542362589875,1.3830242286827674,false
1,75,74.8,0.5801305432542148,1.3847787738702257,false
1,75,74.9,0.5424129599921583,1.386187278704909,false
1,75,75.0,0.5016893400716919,1.3872261882516195,false
1,76,75.0,0.371926492535351,1.3965132002575302,true
1,76,75.1,0.31548573767357846,1.3958429243468276,false
1,76,75.2,0.25376292350277235,1.3946364536606062,false
1,76,75.3,0.18610028932493153,1.3928463359912848,false
1,76,75.4,0.11177752777678984,1.390419144018932,false
1,76,75.5,0.030026566808346866,1.3872950042454983,false
1,76,75.6,-0.05993813846153996,1.3834073309374737,false
1,76,75.7,-0.1588661328887913,1.378682939476952,false
1,76,75.8,-0.26738509114458564,1.3730427903538363,false
1,76,75.9,-0.38587359252832576,1.3664036986517134,false
1,76,76.0,-0.5142881745681136,1.358681407033077,false
1,77,76.0,-0.5334781644010416,1.3873217411626988,true
1,77,76.1,-0.6754368897276569,1.378030067090643,false
1,77,76.2,-0.8249235597217395,1.36746901770653,false
1,77,76.3,-0.9791044422466663,1.3555910566928009,false
1,77,76.4,-1.1340956817485586,1.3423799036329416,false
1,77,76.5,-1.2852575646957805,1.3278588036031869,false
1,77,76.6,-1.4277649393997545,1.3120947323228995,false
1,77,76.7,-1.557332715649097,1.2951964868386905,false
1,77,76.8,-1.6708697961212151,1.277306278205385,false
1,77,76.9,-1.7668416187023033,1.258586597382708,false
1,77,77.0,-1.8452515276751411,1.2392056014614943,false
1,78,77.0,-1.677061232463593,1.2565195694969866,true
1,78,77.1,-1.770175355203175,1.2379089453548835,false
1,78,77.2,-1.8461270509980021,1.2186606356658278,false
1,78,77.3,-1.9061838095541832,1.1989315151348825,false
1,78,77.4,-1.9522998415806359,1.178862191892534,false
1,78,77.5,-1.9866989745533594,1.1585728108139268,false
1,78,77.6,-2.0115683052568873,1.1381622355348244,false
1,78,77.7,-2.0288770883119627,1.1177094622078756,false
1,78,77.8,-2.0402976762737626,1.0972761897329226,false
1,78,77.9,-2.0471941093305697,1.0769097593361354,false
1,78,78.0,-2.0506479107969033,1.0566459864622857,false
1,79,78.0,-2.0156522024137513,1.0188882137014377,true
1,79,78.1,-2.0215803316448846,0.9993272568996111,false
1,79,78.2,-2.024405084679915,0.9798702785397662,false
1,79,78.3,-2.0248638406057435,0.9605414364946339,false
1,79,78.4,-2.0235261726288876,0.9413587503512219,false
1,79,78.5,-2.0208281736176157,0.9223355236538681,false
1,79,78.6,-2.017101745566975,0.9034814634649362,false
1,79,78.7,-2.0125985122726546,0.8848035480382556,false
1,79,78.8,-2.007508791088229,0.8663066921085939,false
1,79,78.9,-2.0019763590786455,0.8479942533053517,false
1,79,79.0,-1.996109797666789,0.8298684157861431,false
1,80,79.0,-1.8687248602785256,0.9463617268167379,true
1,80,79.1,-1.900004728841536,0.9285591359510196,false
1,80,79.2,-1.92339618326657,0.9106377189839686,false
1,80,79.3,-1.9403325712700756,0.8926639636533453,false
1,80,79.4,-1.952075945735732,0.8746914871012116,false
1,80,79.5,-1.9596950029445503,0.8567628276331792,false
1,80,79.6,-1.9640696439942578,0.838911292399967,false
1,80,79.7,-1.9659097213655308,0.8211626766740968,false
1,80,79.8,-1.9657795104650095,0.8035367673701416,false
1,80,79.9,-1.9641228253176188,0.7860486054507642,false
1,80,80.0,-1.9612861154141166,0.7687095167857171,false
1,81,80.0,-1.8668447212976265,0.7551819346366915,true
1,81,80.1,-1.881395289042749,0.7388782216951454,false
1,81,80.2,-1.891627797783396,0.7225811847968658,false
1,81,80.3,-1.89836492372494,0.7063264761263325,false
1,81,80.4,-1.902296195954074,0.6901425623346275,false
1,81,80.5,-1.903989075229984,0.6740519517383576,false
1,81,80.6,-1.9039042818817014,0.658072288374242,false
1,81,80.7,-1.9024121618106766,0.642217290910771,false
1,81,80.8,-1.8998082615530612,0.6264975373068141,false
1,81,80.9,-1.8963272176816497,0.6109211082666899,false
1,81,81.0,-1.8921546446317279,0.5954941077603172,false
1,82,81.0,-1.83845227728977,0.6193206693508918,true
1,82,81.1,-1.8462156455423153,0.6043059022999074,false
1,82,81.2,-1.8511758376724659,0.5893433763570646,false
1,82,81.3,-1.8538561624316467,0.5744559303100951,false
1,82,81.4,-1.8546914839216442,0.5596618523568087,false
1,82,81.5,-1.8540391463876145,0.5449756749496433,false
1,82,81.6,-1.8521903470570444,0.5304088605726166,false
1,82,81.7,-1.8493809203050695,0.515970380380272,false
1,82,81.8,-1.8458010124719455,0.5016671945836844,false
1,82,81.9,-1.8416034538252026,0.4875046465516054,false
1,82,82.0,-1.8369108259189781,0.47348678331621874,false
1,83,82.0,-1.6625536066531623,0.47881832221969417,true
1,83,82.1,-1.6863463685418651,0.4663712731107162,false
1,83,82.2,-1.7055509717814414,0.4538188926220381,false
1,83,82.3,-1.7207279663736592,0.4412014293072451,false
1,83,82.4,-1.7324159875778442,0.42855378199315114,false
1,83,82.5,-1.741114111292639,0.4159058277407603,false
1,83,82.6,-1.7472722397247615,0.40328287075505226,false
1,83,82.7,-1.7512874885442005,0.3907061470619694,false
1,83,82.8,-1.7535046999762651,0.37819333834910196,false
1,83,82.9,-1.7542195400901415,0.36575906444435,false
1,83,83.0,-1.7536830160295827,0.3534153365274188,false
1,84,83.0,-1.667861240844588,0.41087182080391427,true
1,84,83.1,-1.6846267093336729,0.39890746572609725,false
1,84,83.2,-1.697871057006484,0.38689368807124,false
1,84,83.3,-1.708053743287917,0.37486099470245426,false
1,84,83.4,-1.7155995273120213,0.36283560929645714,false
1,84,83.5,-1.720891699496515,0.35083985678924406,false
1,84,83.6,-1.7242696906132269,0.33889258584361565,false
1,84,83.7,-1.7260297007889236,0.3270095953260627,false
1,84,83.8,-1.726427236750143,0.3152040423886705,false
1,84,83.9,-1.7256807137536572,0.30348681887021683,false
1,84,84.0,-1.7239755224141828,0.2918668894126033,false
1,85,84.0,-1.7542716102647316,0.29607315845009285,true
1,85,84.1,-1.7473625487949516,0.2842700971280883,false
1,85,84.2,-1.740485491700167,0.27261676635390836,false
1,85,84.3,-1.7336353861538023,0.2611117987389516,false
1,85,84.4,-1.7268080711219669,0.2497538789994504,false
1,85,84.5,-1.720000106566553,0.23854173621265046,false
1,85,84.6,-1.7132086364497157,0.2274741375342716,false
1,85,84.7,-1.7064312785982776,0.21654988308983153,false
1,85,84.8,-1.699666035963929,0.20576780181108523,false
1,85,84.9,-1.6929112249661067,0.19512674803509672,false
1,85,85.0,-1.6861654175041552,0.18462559872003664,false
1,86,85.0,-1.5730522714366058,0.2324061764964538,true
1,86,85.1,-1.5855354525604508,0.2226401362366697,false
1,86,85.2,-1.595620296497144,0.2128424927529881,false
1,86,85.3,-1.6035646174651323,0.20303426986809067,false
1,86,85.4,-1.6096124253502502,0.193234033703075,false
1,86,85.5,-1.6139901122929698,0.18345805625190353,false
1,86,85.6,-1.6169044089914069,0.1737205042554593,false
1,86,85.7,-1.6185416861912127,0.1640336389407707,false
1,86,85.8,-1.6190682232529339,0.1544080159946876,false
1,86,85.9,-1.6186311288147328,0.1448526784020715,false
1,86,86.0,-1.6173596647522155,0.13537533741468447,false
1,87,86.0,-1.6721483439170193,0.06514416504304954,true
1,87,86.1,-1.6563494169430926,0.0558291180450007,false
1,87,86.2,-1.6418534198149282,0.04672103326354832,false
1,87,86.3,-1.628445041997679,0.03780747318705136,false
1,87,86.4,-1.6159496407289142,0.029077870738973187,false
1,87,86.5,-1.6042244354291089,0.020523185140121344,false
1,87,86.6,-1.5931518682975097,0.01213563052205865,false
1,87,86.7,-1.5826345331351936,0.003908459816065423,false
1,87,86.8,-1.572591256814446,-0.0041642088430329325,false
1,87,86.9,-1.5629540396332466,-0.012087532651510528,false
1,87,87.0,-1.5536656436752683,-0.019866058705269578,false
1,88,87.0,-1.5463494767541903,0.02670833884429734,true
1,88,87.1,-1.5425440069495897,0.018771845237475653,false
1,88,87.2,-1.5384034401565951,0.010930002347855157,false
1,88,87.3,-1.53396831817026,0.0031849974779008016,false
1,88,87.4,-1.5292740621775833,-0.004461345727114862,false
1,88,87.5,-1.5243515940006742,-0.012007520578049857,false
1,88,87.6,-1.5192278913142243,-0.019452296372350953,false
1,88,87.7,-1.5139264806463233,-0.026794682525363697,false
1,88,87.8,-1.5084678728627896,-0.03403389721589512,false
1,88,87.9,-1.5028699462412012,-0.041169340008982924,false
1,88,88.0,-1.497148282315061,-0.04820056797011328,false
1,89,88.0,-1.4777993398247602,-0.006787155655740277,true
1,89,88.1,-1.4777235685551242,-0.013867058234570958,false
1,89,88.2,-1.4769825120802509,-0.02089124341341943,false
1,89,88.3,-1.4756427437836301,-0.027854331870118224,false
1,89,88.4,-1.4737647406743788,-0.03475156574595416,false
1,89,88.5,-1.4714032208893117,-0.04157874971391032,false
1,89,88.6,-1.4686075240304397,-0.04833219578821008,false
1,89,88.7,-1.4654220125440485,-0.05500867213580678,false
1,89,88.8,-1.4618864778080916,-0.061605355974604786,false
1,89,88.9,-1.4580365390837817,-0.0681197905141761,false
1,89,89.0,-1.4539040270893997,-0.07454984580366181,false
1,90,89.0,-1.3558918153087096,-0.0803532309490681,true
1,90,89.1,-1.3583087320111327,-0.08578768247456392,false
1,90,89.2,-1.360046330380867,-0.09120128501878819,false
1,90,89.3,-1.3611497295894976,-0.09658817291339324,false
1,90,89.4,-1.3616623379346047,-0.10194292944418408,false
1,90,89.5,-1.3616256086139589,-0.10726056669139353,false
1,90,89.6,-1.3610788737452195,-0.11253650364784155,false
1,90,89.7,-1.360059244306791,-0.11776654328778788,false
1,90,89.8,-1.3586015644772629,-0.12294684914481951,false
1,90,89.9,-1.3567384099023068,-0.12807392185208724,false
1,90,90.0,-1.3545001205970442,-0.1331445760042523,false
1,91,90.0,-1.3057552547667581,-0.11222626186181558,true
1,91,90.1,-1.3080184128520924,-0.11696663885381135,false
1,91,90.2,-1.3097020090183222,-0.12169031545108489,false
1,91,90.3,-1.3108378143802364,-0.12639224792607726,false
1,91,90.4,-1.3114569278677477,-0.13106771786377294,false
1,91,90.5,-1.3115895536397113,-0.13571232255356064,false
1,91,90.6,-1.3112648278888737,-0.14032196364217173,false
1,91,90.7,-1.3105106893847804,-0.14489283448733847,false
1,91,90.8,-1.3093537880890804,-0.14942140659653863,false
1,91,90.9,-1.3078194263649978,-0.15390441548117267,false
1,91,91.0,-1.3059315276303043,-0.15833884620530006,false
1,92,91.0,-1.3148803484091094,-0.13904068927251054,true
1,92,91.1,-1.3140550041378016,-0.14365376933310028,false
1,92,91.2,-1.3128274558119823,-0.14822359073268782,false
1,92,91.3,-1.311223343319845,-0.1527469027384509,false
1,92,91.4,-1.3092668701637846,-0.1572207068946967,false
1,92,91.5,-1.3069808011301607,-0.16164224198053503,false
1,92,91.6,-1.3043864780976286,-0.16600896914287178,false
1,92,91.7,-1.3015038501323473,-0.17031855735162707,false
1,92,91.8,-1.2983515145295754,-0.17456886929006185,false
1,92,91.9,-1.294946765945385,-0.17875794776389548,false
1,92,92.0,-1.2913056512093717,-0.18288400268818575,false
1,93,92.0,-1.227848583215335,-0.13919148866344835,true
1,93,92.1,-1.2309322449049866,-0.14302370763528402,false
1,93,92.2,-1.2335295748103021,-0.14685384661436182,false
1,93,92.3,-1.2356570156042228,-0.1506775379739175,false
1,93,92.4,-1.2373315578953468,-0.15449059951302502,false
1,93,92.5,-1.2385705333883181,-0.15828903715316567,false
1,93,92.6,-1.2393914305008649,-0.16206904582204182,false
1,93,92.7,-1.2398117322697206,-0.1658270087434256,false
1,93,92.8,-1.2398487758818315,-0.16955949534632458,false
1,93,92.9,-1.2395196327864364,-0.173263257997268,false
1,93,93.0,-1.238841008067316,-0.17693522774710616,false
1,94,93.0,-1.0337774581347945,-0.17380969590676554,true
1,94,93.1,-1.0365457343457243,-0.1756074652240748,false
1,94,93.2,-1.039142527994998,-0.17741664162218324,false
1,94,93.3,-1.0415649922253734,-0.17923555623105528,false
1,94,93.4,-1.0438106826610534,-0.18106252817691704,false
1,94,93.5,-1.0458775477089832,-0.1828958683167521,false
1,94,93.6,-1.0477639166900752,-0.18473388284638567,false
1,94,93.7,-1.0494684860255794,-0.18657487676421894,false
1,94,93.8,-1.050990303711132,-0.18841715717490845,false
1,94,93.9,-1.0523287523140175,-0.1902590364195485,false
1,94,94.0,-1.0534835307282144,-0.19209883502117103,false
1,95,94.0,-0.9946027414460465,-0.22795286083524888,true
1,95,94.1,-0.9916836653442143,-0.22896839003559258,false
1,95,94.2,-0.9886304383253606,-0.2299490996161279,false
1,95,94.3,-0.9854433528184536,-0.23089401667884862,false
1,95,94.4,-0.9821225833774897,-0.2318021776071957,false
1,95,94.5,-0.9786681766155426,-0.23267262687146045,false
1,95,94.6,-0.9750800409459286,-0.23350441574984565,false
1,95,94.7,-0.9713579360627832,-0.23429660096372834,false
1,95,94.8,-0.9675014620879587,-0.23504824322503354,false
1,95,94.9,-0.9635100483053255,-0.23575840569294731,false
1,95,95.0,-0.9593829413971915,-0.23642615233646597,false
1,96,95.0,-1.107684602063882,-0.20778149971481852,true
1,96,95.1,-1.1067959520513764,-0.20999085534956785,false
1,96,95.2,-1.105697793167938,-0.21217489944957926,false
1,96,95.3,-1.1043946026838976,-0.21433191777032656,false
1,96,95.4,-1.102890835348642,-0.21646024959372562,false
1,96,95.5,-1.1011908988529095,-0.21855828701492072,false
1,96,95.6,-1.09929913143789,-0.2206244740193083,false
1,96,95.7,-1.0972197815456077,-0.22265730537054193,false
1,96,95.8,-1.0949569893910536,-0.22465532532907684,false
1,96,95.9,-1.0925147703259308,-0.226617126219521,false
1,96,96.0,-1.0898969998563057,-0.2285413468636969,false
1,97,96.0,-1.0256350726673422,-0.24122685982307643,true
1,97,96.1,-1.0216377535374637,-0.24242455891452275,false
1,97,96.2,-1.0174982672904418,-0.24357618206357573,false
1,97,96.3,-1.0132172105756911,-0.2446807669068263,false
1,97,96.4,-1.008794964915704,-0.24573736262691956,false
1,97,96.5,-1.0042316870891113,-0.2467450278521638,false
1,97,96.6,-0.9995272990548966,-0.24770282848137096,false
1,97,96.7,-0.9946814773026412,-0.24860983542974688,false
1,97,96.8,-0.9896936415079396,-0.24946512229059906,false
1,97,96.9,-0.984562942365253,-0.2502677629065301,false
1,97,97.0,-0.9792882484623305,-0.25101682884262394,false
1,98,97.0,-0.7740831022381067,-0.2779771677896563,true
1,98,97.1,-0.7595104612286974,-0.27655137399282914,false
1,98,97.2,-0.7443722981384601,-0.2749998985593428,false
1,98,97.3,-0.7286214346489666,-0.27331826663407655,false
1,98,97.4,-0.7122055220895003,-0.2715015804782336,false
1,98,97.5,-0.6950663755034795,-0.2695444721909145,false
1,98,97.6,-0.6771392106067886,-0.2674410502382467,false
1,98,97.7,-0.6583517688319386,-0.26518483887892763,false
1,98,97.8,-0.6386233136130804,-0.2627687094367479,false
1,98,97.9,-0.6178634789349492,-0.26018480221420637,false
1,98,98.0,-0.595970949066125,-0.25742443766648415,false
1,99,98.0,-0.6712672073236214,-0.26842696921196313,true
1,99,98.1,-0.652016812104915,-0.26610760671843836,false
1,99,98.2,-0.6317877888413419,-0.26362437645706716,false
1,99,98.3,-0.6104850644321428,-0.26096908177207867,false
1,99,98.4,-0.5880019670143791,-0.2581326625748833,false
1,99,98.5,-0.5642186191052136,-0.2551050881495978,false
1,99,98.6,-0.5390001032943634,-0.25187523499088194,false
1,99,98.7,-0.5121943765965936,-0.24843074758802403,false
1,99,98.8,-0.4836299129059596,-0.24475787987822967,false
1,99,98.9,-0.45311306070833623,-0.2408413149515235,false
1,99,99.0,-0.4204251179437693,-0.23666396055063482,false
1,100,99.0,-0.6838078574737383,-0.21409578436478638,true
1,100,99.1,-0.6709003827555248,-0.21231861709797423,false
1,100,99.2,-0.6573902113234313,-0.21043343853389632,false
1,100,99.3,-0.6432287532041353,-0.2084352971368081,false
1,100,99.4,-0.6283620787265106,-0.2063188082758794,false
1,100,99.5,-0.6127302400353143,-0.2040781054114453,false
1,100,99.6,-0.5962664962678531,-0.20170678498802758,false
1,100,99.7,-0.5788964284213821,-0.1991978441343747,false
1,100,99.8,-0.5605369282750481,-0.19654361014166605,false
1,100,99.9,-0.5410950441193425,-0.19373566054775807,false
1,100,100.0,-0.5204666646652232,-0.19076473249925163,false
2,1,0.0,-1.8633893588791945,0.9432517283983279,true
2,1,0.1,-1.89544272864903,0.9255172164439067,false
2,1,0.2,-1.919496813123561,0.9076567969126949,false
2,1,0.30000000000000004,-1.936988286851434,0.8897380169353477,false
2,1,0.4,-1.94918887726972,0.8718154825522532,false
2,1,0.5,-1.9571798455489053,0.853932609597479,false
2,1,0.6000000000000001,-1.9618542591546815,0.8361234570382327,false
2,1,0.7000000000000001,-1.9639344061985005,0.8184144483974491,false
2,1,0.8,-1.9639956125867923,0.8008258862964533,false
2,1,0.9,-1.9624911341049855,0.7833732296583147,false
2,1,1.0,-1.959775276510412,0.7660681400569517,false
2,1,1.1,-1.9561234974424415,0.7489193218006227,false
2,1,1.2,-1.9517491775511477,0.7319331868765473,false
2,1,1.3,-1.9468172356185773,0.715114376017503,false
2,1,1.4,-1.9414549772669583,0.6984661641787124,false
2,1,1.5,-1.9357606283382112,0.6819907745693758,false
2,1,1.6,-1.9298099871333114,0.6656896211093192,false
2,1,1.7000000000000002,-1.9236615783388782,0.6495634952763167,false
2,1,1.8,-1.9173606296725456,0.6336127099649408,false
2,1,1.9,-1.9109421321222306,0.6178372102225882,false
2,1,2.0,-1.9044331914150363,0.6022366585153094,false
2,2,2.0,-1.7850999292832077,0.6076302784956488,true
2,2,2.1,-1.8013909583549537,0.5931500472713851,false
2,2,2.2,-1.8135198575493543,0.5786463288999661,false
2,2,2.3,-1.8221753279038773,0.5641542217184723,false
2,2,2.4,-1.827958867957347,0.5497026510710696,false
2,2,2.5,-1.831384763229248,0.5353152195047367,false
2,2,2.6,-1.8328856978669987,0.5210110225905025,false
2,2,2.7,-1.8328212752934772,0.5068053922596932,false
2,2,2.8,-1.8314876114377396,0.49271055055691326,false
2,2,2.9,-1.8291268615750589,0.478736170318228,false
2,2,3.0,-1.8259360453180233,0.4648898472972476,false
2,2,3.1,-1.8220748712258248,0.4511774923948944,false
2,2,3.2,-1.8176724726041855,0.4376036542758603,false
2,2,3.3,-1.812833087088168,0.42417178277928047,false
2,2,3.4,-1.8076407748583714,0.4108844428350721,false
2,2,3.5,-1.802163296006111,0.3977434875176894,false
2,2,3.6,-1.79645527181968,0.3847501976695926,false
2,2,3.7,-1.7905607474891323,0.3719053943558788,false
2,2,3.8,-1.7845152610500108,0.35920952934430705,false
2,2,3.9,-1.7783475089232639,0.34666275787199524,false
2,2,4.0,-1.772080684160593,0.3342649971666192,false
2,3,4.0,-1.6694433869581868,0.3723335876818225,true
2,3,4.1,-1.6824255543241362,0.3606551557460269,false
2,3,4.2,-1.6924652186003715,0.34895718172719836,false
2,3,4.3,-1.6999584958260665,0.33726493676310637,false
2,3,4.4,-1.7052648213094512,0.3256000407575394,false
2,3,4.5,-1.7087043125393138,0.31398084003067944,false
2,3,4.6,-1.7105579164728784,0.3024227927674848,false
2,3,4.7,-1.7110693646391084,0.2909388413325272,false
2,3,4.8,-1.7104481811016932,0.2795397586087792,false
2,3,4.9,-1.708873195472752,0.2682344615606999,false
2,3,5.0,-1.706496186734425,0.2570302894677117,false
2,3,5.1,-1.7034454186473322,0.24593324707458172,false
2,3,5.2,-1.6998289266815452,0.2349482146158081,false
2,3,5.3,-1.6957374856554013,0.22407912760257917,false
2,3,5.4,-1.691247233291364,0.2133291296623304,false
2,3,5.5,-1.6864219538116936,0.20270070178038,false
2,3,5.6,-1.6813150425429135,0.19219577114589492,false
2,3,5.7,-1.6759711811684723,0.18181580254394314,false
2,3,5.8,-1.6704277566258516,0.1715618749235496,false
2,3,5.9,-1.6647160567136727,0.1614347454477141,false
2,3,6.0,-1.6588622736425782,0.15143490301871218,false
2,4,6.0,-1.6058350378749668,0.1945719033519571,true
2,4,6.1,-1.6108106188922129,0.1848179405340598,false
2,4,6.2,-1.61425306051213,0.17509708606256338,false
2,4,6.3,-1.6163550083560647,0.165422250854942,false
2,4,6.4,-1.6172890710005001,0.15580457753697408,false
2,4,6.5,-1.617208499908827,0.14625363441986522,false
2,4,6.6,-1.616248356835475,0.1367775994043426,false
2,4,6.7,-1.6145269615058324,0.1273834304133628,false
2,4,6.8,-1.612147467304302,0.11807702062029357,false
2,4,6.9,-1.6091994580834814,0.10886333793208419,false
2,4,7.0,-1.6057604949349347,0.09974654899960077,false
2,4,7.1,-1.601897568779151,0.09073012854744127,false
2,4,7.2,-1.597668434326419,0.081816955118957,false
2,4,7.3,-1.5931228147989862,0.07300939448083753,false
2,4,7.4,-1.5883034761407344,0.06430937197393305,false
2,4,7.5,-1.5832471754258584,0.05571843506959075,false
2,4,7.6,-1.5779854917438465,0.047237807320454406,false
2,4,7.7,-1.57254554970805,0.03886843480044073,false
2,4,7.8,-1.5669506464545646,0.03061102602355666,false
2,4,7.9,-1.561220792967064,0.02246608622405081,false
2,4,8.0,-1.5553731800679562,0.014433946776603524,false
2,5,8.0,-1.5900690618540554,0.11831699613929995,true
2,5,8.1,-1.5898541262387798,0.10929112277858495,false
2,5,8.2,-1.5888208560679482,0.10033724630203643,false
2,5,8.3,-1.58707385387037,0.09146184962348415,false
2,5,8.4,-1.5847050091165185,0.08267046858828028,false
2,5,8.5,-1.5817947396264995,0.07396780975457906,false
2,5,8.6,-1.5784132111264237,0.06535785599651789,false
2,5,8.7,-1.5746214973891006,0.05684396040467333,false
2,5,8.8,-1.570472658551582,0.04842892922689367,false
2,5,8.9,-1.5660127261652688,0.04011509473939191,false
2,5,9.0,-1.5612815911908173,0.03190437899901524,false
2,5,9.1,-1.5563137962810796,0.023798349430146755,false
2,5,9.2,-1.5511392369511912,0.01579826716423458,false
2,5,9.3,-1.5457837781356323,0.007905128991467423,false
2,5,9.4,-1.540269793580311,0.0001197037132838006,false
2,5,9.5,-1.5346166358172924,-0.007557436391426642,false
2,5,9.6,-1.5288410443446663,-0.015125888349495662,false
2,5,9.7,-1.5229574992456005,-0.022585394961998958,false
2,5,9.8,-1.5169785269427163,-0.02993582446216079,false
2,5,9.9,-1.510914964174673,-0.03717715292892422,false
2,5,10.0,-1.5047761856534991,-0.044309449078561026,false
2,6,10.0,-1.2920992226910661,-0.08890094643767085,true
2,6,10.1,-1.2973279644136804,-0.09370091640289281,false
2,6,10.2,-1.3018261746965312,-0.09851024011879687,false
2,6,10.3,-1.305625643881314,-0.10332229769888898,false
2,6,10.4,-1.3087591388850894,-0.1081308140923126,false
2,6,10.5,-1.3112598968315852,-0.11292986312981282,false
2,6,10.6,-1.3131611882166474,-0.11771386721819428,false
2,6,10.7,-1.3144959477706564,-0.12247759334570432,false
2,6,10.8,-1.3152964693968254,-0.12721614603044748,false
2,6,10.9,-1.315594160326739,-0.13192495780004082,false
2,6,11.0,-1.3154193488686836,-0.13659977773802745,false
2,6,11.1,-1.3148011397481723,-0.1412366585750918,false
2,6,11.2,-1.3137673109717618,-0.14583194274409328,false
2,6,11.3,-1.3123442463087194,-0.15038224775983378,false
2,6,11.4,-1.3105568978130693,-0.1548844512290994,false
2,6,11.5,-1.3084287732442637,-0.1593356757450886,false
2,6,11.6,-1.3059819437420486,-0.16373327387359451,false
2,6,11.7,-1.3032370676340865,-0.168074813396609,false
2,6,11.8,-1.3002134267766554,-0.17235806294242653,false
2,6,11.9,-1.2969289723301454,-0.17658097809970508,false
2,6,12.0,-1.2934003773394043,-0.18074168808600655,false
2,7,12.0,-1.263538817630297,-0.19040445285425286,true
2,7,12.1,-1.2602170230648753,-0.19415867921660968,false
2,7,12.2,-1.2566701922512136,-0.19785388510980298,false
2,7,12.3,-1.252910762459344,-0.20148849834810745,false
2,7,12.4,-1.2489502985855976,-0.20506106824642917,false
2,7,12.5,-1.244799530391696,-0.20857025690289352,false
2,7,12.6,-1.2404683906008482,-0.21201483089121817,false
2,7,12.7,-1.2359660531567174,-0.21539365336442687,false
2,7,12.8,-1.231300971084486,-0.2187056765657134,false
2,7,12.9,-1.2264809135078032,-0.2219499347376942,false
2,7,13.0,-1.2215130014728297,-0.22512553741772198,false
2,7,13.1,-1.2164037423125837,-0.228231663104214,false
2,7,13.2,-1.211159062353061,-0.23126755327693577,false
2,7,13.3,-1.2057843378188053,-0.23423250675275317,false
2,7,13.4,-1.2002844238412809,-0.2371258743574144,false
2,7,13.5,-1.194663681509981,-0.23994705389335308,false
2,7,13.6,-1.1889260029349678,-0.24269548538323907,false
2,7,13.7,-1.1830748343116337,-0.24537064656896948,false
2,7,13.8,-1.1771131969949065,-0.2479720486459378,false
2,7,13.9,-1.1710437066017556,-0.25049923221268916,false
2,7,14.0,-1.164868590168465,-0.252951763416426,false
2,8,14.0,-1.1910381754546808,-0.21601570124039943,true
2,8,14.1,-1.1877523133720083,-0.2189177045718134,false
2,8,14.2,-1.1842700984006829,-0.22176740142900128,false
2,8,14.3,-1.180599359939418,-0.22456341186171225,false
2,8,14.4,-1.1767474396702982,-0.22730443556093852,false
2,8,14.5,-1.172721200098596,-0.22998924684246885,false
2,8,14.6,-1.1685270343341028,-0.2326166897515092,false
2,8,14.7,-1.1641708767376304,-0.23518567329709786,false
2,8,14.8,-1.1596582141041745,-0.2376951668217509,false
2,8,14.9,-1.1549940970973465,-0.24014419550892513,false
2,8,15.0,-1.1501831516881442,-0.24253183602843031,false
2,8,15.1,-1.1452295903850336,-0.24485721231781699,false
2,8,15.2,-1.1401372230718712,-0.24711949149596724,false
2,8,15.3,-1.1349094672956523,-0.2493178799035811,false
2,8,15.4,-1.1295493578676639,-0.2514516192639441,false
2,8,15.5,-1.1240595556596462,-0.2535199829562448,false
2,8,15.6,-1.118442355491276,-0.25552227239275194,false
2,8,15.7,-1.1126996930169333,-0.2574578134903311,false
2,8,15.8,-1.1068331505285416,-0.259325953226048,false
2,8,15.9,-1.1008439615974783,-0.2611260562659496,false
2,8,16.0,-1.0947330144823315,-0.262857501655507,false
2,9,16.0,-1.0106424918719998,-0.2400089056645974,true
2,9,16.1,-1.0066675337108242,-0.2410782116179857,false
2,9,16.2,-1.0025522779285128,-0.2421025969900146,false
2,9,16.3,-0.9982969162033122,-0.24308110621735263,false
2,9,16.4,-0.9939014318927192,-0.24401279155284505,false
2,9,16.5,-0.9893655893023079,-0.2448967110498235,false
2,9,16.6,-0.9846889223969947,-0.24573192646035957,false
2,9,16.7,-0.9798707228393949,-0.24651750104245831,false
2,9,16.8,-0.9749100272324804,-0.24725249727013382,false
2,9,16.9,-0.9698056034351096,-0.24793597443919016,false
2,9,17.0,-0.9645559358089916,-0.24856698616033265,false
2,9,17.1,-0.9591592092440646,-0.24914457772994883,false
2,9,17.2,-0.9536132917958831,-0.24966778336750584,false
2,9,17.3,-0.9479157157531701,-0.2501356233069982,false
2,9,17.4,-0.9420636569359035,-0.25054710072822495,false
2,9,17.5,-0.9360539120038279,-0.2509011985118587,false
2,9,17.6,-0.9298828735317487,-0.251196875800262,false
2,9,17.7,-0.9235465025809086,-0.2514330643437865,false
2,9,17.8,-0.9170402984646667,-0.25160866460981596,false
2,9,17.9,-0.9103592653709979,-0.251722541629057,false
2,9,18.0,-0.9034978754633125,-0.25177352055048874,false
2,10,18.0,-0.9647101026005018,-0.21871055210624862,true
2,10,18.1,-0.9623151167793708,-0.21952224666764458,false
2,10,18.2,-0.959799470177554,-0.22030548258318902,false
2,10,18.3,-0.9571629203794549,-0.22105936147588717,false
2,10,18.4,-0.9544051514834913,-0.22178298900405546,false
2,10,18.5,-0.95152576512896,-0.2224754741171315,false
2,10,18.6,-0.9485242712867697,-0.22313592823363826,false
2,10,18.7,-0.9454000787716097,-0.22376346433951808,false
2,10,18.8,-0.9421524854282263,-0.22435719600465368,false
2,10,18.9,-0.9387806679392299,-0.22491623631495167,false
2,10,19.0,-0.9352836711962099,-0.22543969671687605,false
2,10,19.1,-0.9316603971698074,-0.22592668577078032,false
2,10,19.2,-0.9279095932077063,-0.22637630780879395,false
2,10,19.3,-0.9240298396821595,-0.22678766149236518,false
2,10,19.4,-0.9200195369005626,-0.2271598382638435,false
2,10,19.5,-0.9158768911835996,-0.22749192068569282,false
2,10,19.6,-0.9115999000054814,-0.22778298066005306,false
2,10,19.7,-0.90718633607962,-0.22803207752040436,false
2,10,19.8,-0.9026337302605566,-0.22823825598602268,false
2,10,19.9,-0.8979393531188827,-0.22840054396873644,false
2,10,20.0,-0.8931001950300332,-0.22851795022018634,false
2,11,20.0,-0.6431483126570812,-0.2665967412024393,true
2,11,20.1,-0.6222924535703207,-0.2640257972558864,false
2,11,20.2,-0.6003070311999987,-0.2612774350799405,false
2,11,20.3,-0.5770783153110014,-0.25834209011252107,false
2,11,20.4,-0.5524783875433077,-0.2552091617565254,false
2,11,20.5,-0.5263631691654292,-0.25186688206894386,false
2,11,20.6,-0.4985701846627998,-0.2483021661385177,false
2,11,20.7,-0.46891604387494784,-0.2445004417795694,false
2,11,20.8,-0.43719363648552023,-0.24044545607405796,false
2,11,20.9,-0.40316905274175185,-0.23611905633885097,false
2,11,21.0,-0.36657827826284506,-0.23150094338309637,false
2,11,21.1,-0.32712376592305054,-0.22656839560827194,false
2,11,21.2,-0.28447107446514985,-0.22129596382679873,false
2,11,21.3,-0.23824589625651493,-0.21565513898170327,false
2,11,21.4,-0.18803199497280473,-0.20961399874052944,false
2,11,21.5,-0.13337086258876862,-0.20313684491147854,false
2,11,21.6,-0.07376431152682933,-0.19618385272581074,false
2,11,21.7,-0.00868176606850285,-0.18871076642249246,false
2,11,21.8,0.062425288948755486,-0.1806686945697975,false
2,11,21.9,0.14009845373373775,-0.17200408429119096,false
2,11,22.0,0.2248331791303418,-0.16265898624097108,false
2,12,22.0,0.37424191013992003,-0.12125044122358931,true
2,12,22.1,0.4759340610131335,-0.11005357863651144,false
2,12,22.2,0.584814424389027,-0.09797334369267151,false
2,12,22.3,0.7001660764059587,-0.08495323005409763,false
2,12,22.4,0.8207210224051428,-0.07094617869901482,false
2,12,22.5,0.9446017187637917,-0.05591987763902771,false
2,12,22.6,1.0693475248800923,-0.03986219934013867,false
2,12,22.7,1.192058525155458,-0.022785834274534667,false
2,12,22.8,1.309661053189508,-0.004731001445647819,false
2,12,22.9,1.4192550805356825,0.014234718796736337,false
2,12,23.0,1.5184629878022355,0.034019812801499794,false
2,12,23.1,1.605687591115718,0.054515081763445786,false
2,12,23.2,1.6802163428497507,0.07560153203710933,false
2,12,23.3,1.7421639990465227,0.09715840506837521,false
2,12,23.4,1.7922971807765433,0.1190700341536377,false
2,12,23.5,1.8318076445550955,0.14123075547483324,false
2,12,23.6,1.862094221463222,0.1635477067431436,false
2,12,23.7,1.8845897767830364,0.18594179548980458,false
2,12,23.8,1.900644896001561,0.20834733327351537,false
2,12,23.9,1.9114632236926115,0.23071085135195354,false
2,12,24.0,1.9180758467213108,0.25298952216720183,false
2,13,24.0,1.9617290694410625,0.25246077763057184,true
2,13,24.1,1.955760630314864,0.2749807136042186,false
2,13,24.2,1.9490972174476202,0.2972774783954226,false
2,13,24.3,1.9418949848164673,0.31934708667456724,false
2,13,24.4,1.9342733856977825,0.3411868377969137,false
2,13,24.5,1.926323796752017,0.36279501126494085,false
2,13,24.6,1.9181161432917126,0.38417063393220796,false
2,13,24.7,1.9097039661750868,0.40531330218888206,false
2,13,24.8,1.9011282862339383,0.42622304613606876,false
2,13,24.9,1.8924205472774085,0.44690022576116967,false
2,13,25.0,1.8836048562140426,0.4673454514794012,false
2,13,25.1,1.874699688487148,0.4875595232259529,false
2,13,25.2,1.8657191873769108,0.5075433836782155,false
2,13,25.3,1.8566741549803678,0.5272980822511049,false
2,13,25.4,1.8475728090811834,0.5468247473165584,false
2,13,25.5,1.838421362128862,0.566124564710895,false
2,13,25.6,1.8292244648907385,0.5851987610576931,false
2,13,25.7,1.819985547003738,0.6040485907851502,false
2,13,25.8,1.8107070788415505,0.62267532598299,false
2,13,25.9,1.801390773213411,0.6410802484457193,false
2,13,26.0,1.7920377409549357,0.6592646434021475,false
2,14,26.0,1.8816980462462976,0.572213782585656,true
2,14,26.1,1.8637704987175128,0.5915984442995001,false
2,14,26.2,1.8475453466536618,0.6106847706776284,false
2,14,26.3,1.8326464951074664,0.6294887496555494,false
2,14,26.4,1.8187864369108808,0.6480232317499504,false
2,14,26.5,1.8057433166762218,0.6662986538185252,false
2,14,26.6,1.7933445312475234,0.6843235792004706,false
2,14,26.7,1.7814548130328882,0.7021051053961556,false
2,14,26.8,1.7699674500824774,0.7196491747513045,false
2,14,26.9,1.7587977396060919,0.7369608131972111,false
2,14,27.0,1.7478780560758251,0.7540443150333145,false
2,14,27.1,1.7371541020748165,0.7709033868503122,false
2,14,27.2,1.7265820356116663,0.7875412602508989,false
2,14,27.3,1.7161262535239212,0.80396078056541,false
2,14,27.4,1.7057576703739086,0.8201644769773099,false
2,14,27.5,1.6954523744799155,0.8361546181664645,false
2,14,27.6,1.6851905729825103,0.8519332566095164,false
2,14,27.7,1.6749557597856546,0.8675022639520655,false
2,14,27.8,1.6647340562960198,0.8828633593207638,false
2,14,27.9,1.654513686790109,0.8980181320280375,false
2,14,28.0,1.6442845591295245,0.9129680598043769,false
2,15,28.0,1.6067854467648863,0.8468212909895946,true
2,15,28.1,1.60751796354448,0.8617606611681315,false
2,15,28.2,1.6067655380896966,0.8765902230116478,false
2,15,28.3,1.6047229895414175,0.8912980838412752,false
2,15,28.4,1.6015606068548738,0.9058741099281824,false
2,15,28.5,1.5974262100035068,0.9203096979850762,false
2,15,28.6,1.5924473930381233,0.9345975682142126,false
2,15,28.7,1.5867337835718436,0.9487315796103278,false
2,15,28.8,1.580379212063264,0.9627065669778649,false
2,15,28.9,1.5734637277376773,0.9765181983586498,false
2,15,29.0,1.5660554288170294,0.9901628511468417,false
2,15,29.1,1.558212095693158,1.0036375049870088,false
2,15,29.2,1.549982629255733,1.016939649528065,false
2,15,29.3,1.5414083048278484,1.0300672051814201,false
2,15,29.4,1.5325238566774058,1.0430184551641473,false
2,15,29.5,1.5233584100736763,1.0557919872684947,false
2,15,29.6,1.513936278230075,1.0683866439687328,false
2,15,29.7,1.5042776408430847,1.0808014796431393,false
2,15,29.8,1.494399119735604,1.0930357238458523,false
2,15,29.9,1.4843142656302708,1.105088749706613,false
2,15,30.0,1.4740339685019594,1.1169600466645244,false
2,16,30.0,1.3893349327888949,1.0892822957322503,true
2,16,30.1,1.388358028137508,1.1004422415497361,false
2,16,30.2,1.3863788477119805,1.1115067348994458,false
2,16,30.3,1.3834767817249383,1.122467657843666,false
2,16,30.4,1.379724769973283,1.1333176501245235,false
2,16,30.5,1.37518932430717,1.1440500444719217,false
2,16,30.6,1.3699306779452407,1.1546588032056297,false
2,16,30.7,1.3640030237465322,1.1651384571052983,false
2,16,30.8,1.3574548105842283,1.17548404720044,false
2,16,30.9,1.350329073321521,1.1856910698745664,false
2,16,31.0,1.342663777410385,1.195755425476209,false
2,16,31.1,1.3344921637807332,1.2056733704761597,false
2,16,31.2,1.3258430834943549,1.2154414730966827,false
2,16,31.3,1.316741314681312,1.225056572257031,false
2,16,31.4,1.3072078566518173,1.2345157396235282,false
2,16,31.5,1.297260197884646,1.2438162445159084,false
2,16,31.6,1.286912555930224,1.2529555213996493,false
2,16,31.7,1.2761760882197353,1.2619311396826716,false
2,16,31.8,1.2650590734162983,1.270740775530763,false
2,16,31.9,1.2535670633436042,1.2793821854168423,false
2,16,32.0,1.2417030057328344,1.2878531811226708,false
2,17,32.0,1.194493791554082,1.2388101102042406,true
2,17,32.1,1.1885997634004637,1.2470647578084038,false
2,17,32.2,1.1820547953769154,1.2552018451012137,false
2,17,32.3,1.1748786986019686,1.263216360423647,false
2,17,32.4,1.1670885951026688,1.2711034981714326,false
2,17,32.5,1.1586988579234736,1.2788586323512348,false
2,17,32.6,1.1497210600464,1.2864772898270354,false
2,17,32.7,1.140163926069547,1.293955123311572,false
2,17,32.8,1.130033281082032,1.3012878841041233,false
2,17,32.9,1.1193319915663142,1.3084713945268218,false
2,17,33.0,1.1080598934388135,1.315501519966029,false
2,17,33.1,1.0962137024955039,1.3223741403819802,false
2,17,33.2,1.0837869025516427,1.3290851211077437,false
2,17,33.3,1.070769606445197,1.3356302827162212,false
2,17,33.4,1.0571483848021475,1.3420053696901475,false
2,17,33.5,1.042906057026771,1.3482060175833548,false
2,17,33.6,1.0280214383660937,1.3542277183104259,false
2,17,33.7,1.012469036085632,1.360065783144581,false
2,17,33.8,0.9962186867589145,1.3657153029383267,false
2,17,33.9,0.979235125385881,1.3711711050059514,false
2,17,34.0,0.9614774754784547,1.376427706018959,false
2,18,34.0,0.900606726609432,1.3980638159469712,true
2,18,34.1,0.8784186544418577,1.4023823666712143,false
2,18,34.2,0.8551150876433686,1.4064608200889857,false
2,18,34.3,0.8305979389160646,1.410290271560007,false
2,18,34.4,0.8047555121592811,1.413860921616103,false
2,18,34.5,0.7774604980545864,1.4171619488266671,false
2,18,34.6,0.7485676264861323,1.4201813636880065,false
2,18,34.7,0.717910921771855,1.4229058402862609,false
2,18,34.8,0.6853005023811416,1.4253205219909473,false
2,18,34.9,0.6505188655540711,1.4274087969200095,false
2,18,35.0,0.6133166019360358,1.4291520384178091,false
2,18,35.1,0.573407500826867,1.4305293053796306,false
2,18,35.2,0.5304630407446905,1.431516997071297,false
2,18,35.3,0.4841063251962303,1.4320884573522823,false
2,18,35.4,0.43390563933461496,1.4322135242800242,false
2,18,35.5,0.37936799939783994,1.4318580235373337,false
2,18,35.6,0.3199333876975587,1.4309832089011214,false
2,18,35.7,0.25497087424489284,1.4295451614575447,false
2,18,35.8,0.1837786047469706,1.4274941735228668,false
2,18,35.9,0.10559077933468676,1.4247741661225268,false
2,18,36.0,0.019596335272448737,1.4213222240978298,false
2,19,36.0,-6.558618530540933e-5,1.3823640875773282,true
2,19,36.1,-0.09265876631239525,1.3782248489695252,false
2,19,36.2,-0.19441508691723217,1.373225689793547,false
2,19,36.3,-0.30589335455738026,1.367286191893638,false
2,19,36.4,-0.4273530174183159,1.3603226528612187,false
2,19,36.5,-0.5585684233517713,1.3522516749493625,false
2,19,36.6,-0.6986129037359577,1.342995588285471,false
2,19,36.7,-0.8456534949400415,1.3324898081651493,false
2,19,36.8,-0.9968295441834113,1.3206917024807752,false
2,19,36.9,-1.1483093555646067,1.3075897621794672,false
2,19,37.0,-1.2955997481129737,1.2932110600592681,false
2,19,37.1,-1.434103596603911,1.2776246317475939,false
2,19,37.2,-1.5598009335520475,1.2609390151363578,false
2,19,37.3,-1.669841805570511,1.2432937970928375,false
2,19,37.4,-1.7628573149176223,1.2248469699616285,false
2,19,37.5,-1.838919338551046,1.2057611491400504,false
2,19,37.6,-1.8992258722707345,1.186191622319363,false
2,19,37.7,-1.9456675584596694,1.1662780409564004,false
2,19,37.8,-1.9804186466060558,1.1461401222616507,false
2,19,37.9,-2.005632491586495,1.1258766866948222,false
2,19,38.0,-2.023258457600404,1.1055669309125649,false
2,20,38.0,-1.9261160738091783,1.1447997669400989,true
2,20,38.1,-1.9632101070561812,1.124987575734025,false
2,20,38.2,-1.9904437680568607,1.1050274661715263,false
2,20,38.3,-2.00976105278644,1.0850018148789469,false
2,20,38.4,-2.0228484796212753,1.0649757107600335,false
2,20,38.5,-2.031105148853555,1.0449996225513152,false
2,20,38.6,-2.035655827945452,1.025112103745324,false
2,20,38.7,-2.03738487235884,1.005342248362188,false
2,20,38.8,-2.036976791222767,0.9857117791908505,false
2,20,38.9,-2.034955632488787,0.9662367502236793,false
2,20,39.0,-2.031719594402769,0.946928895905719,false
2,20,39.1,-2.0275697441767644,0.9277966800369671,false
2,20,39.2,-2.022733002136127,0.9088461004624035,false
2,20,39.3,-2.0173801050611972,0.8900813008672243,false
2,20,39.4,-2.011639423652556,0.8715050331273356,false
2,20,39.5,-2.0056074773747636,0.8531190053777807,false
2,20,39.6,-1.9993568788187774,0.8349241434518532,false
2,20,39.7,-1.9929423080254312,0.8169207870321853,false
2,20,39.8,-1.9864049924530236,0.7991088367783136,false
2,20,39.9,-1.97977606115577,0.7814878647223943,false
2,20,40.0,-1.9730790545861912,0.7640571971711783,false
2,21,40.0,-1.9877320457334957,0.8430275535219565,true
2,21,40.1,-1.9846670632172403,0.825055293538163,false
2,21,40.2,-1.980711189924907,0.807247188296844,false
2,21,40.3,-1.9760739723993281,0.7896091959937642,false
2,21,40.4,-1.9709158116126881,0.7721455457284397,false
2,21,40.5,-1.9653593765228197,0.7548591461240176,false
2,21,40.6,-1.9594984627740561,0.737751898476684,false
2,21,40.7,-1.9534048148872354,0.7208249361207395,false
2,21,40.8,-1.947133352559835,0.7040788071329077,false
2,21,40.9,-1.9407261608005737,0.6875136137091175,false
2,21,41.0,-1.9342155300825608,0.6711291184970908,false
2,21,41.1,-1.9276262703120353,0.6549248257647013,false
2,21,41.2,-1.920977471596653,0.6389000434166242,false
2,21,41.3,-1.9142838444674506,0.6230539304345808,false
2,21,41.4,-1.9075567407422307,0.607385533217505,false
2,21,41.5,-1.9008049319493412,0.5918938134612135,false
2,21,41.6,-1.8940352036596089,0.5765776695818009,false
2,21,41.7,-1.8872528099377248,0.5614359532052902,false
2,21,41.8,-1.880461821400658,0.5464674818811326,false
2,21,41.9,-1.8736653922529969,0.5316710489006848,false
2,21,42.0,-1.866865965531111,0.5170454308922618,false
2,22,42.0,-1.7942077594802224,0.5350262260116185,true
2,22,42.1,-1.8023335074041693,0.5210335915050817,false
2,22,42.2,-1.807767284479508,0.507081821805618,false
2,22,42.3,-1.8109776167808829,0.49319308521643745,false
2,22,42.4,-1.8123609609651197,0.4793854283393944,false
2,22,42.5,-1.8122488665660146,0.46567343529167016,false
2,22,42.6,-1.8109161316763702,0.4520688109464943,false
2,22,42.7,-1.808588984379686,0.43858088446047333,false
2,22,42.8,-1.8054527343544577,0.42521703624626783,false
2,22,42.9,-1.8016586200083526,0.41198305524023104,false
2,22,43.0,-1.7973297557223458,0.39888343489328393,false
2,22,43.1,-1.7925661901326124,0.3859216165923912,false
2,22,43.2,-1.787449143609766,0.3731001887634493,false
2,22,43.3,-1.7820445189794525,0.36042104908383077,false
2,22,43.4,-1.7764057865119796,0.34788553627350766,false
2,22,43.5,-1.7705763405785462,0.33549453697111153,false
2,22,43.6,-1.7645914164030472,0.3232485723066781,false
2,22,43.7,-1.7584796442389563,0.31114786798860483,false
2,22,43.8,-1.7522643069169501,0.29919241103802785,false
2,22,43.9,-1.745964356023717,0.287381995726169,false
2,22,44.0,-1.7395952324413118,0.27571626078963996,false
2,23,44.0,-1.7288396746453414,0.3228136970888296,true
2,23,44.1,-1.7284154909290481,0.3110170328458684,false
2,23,44.2,-1.7269761399650596,0.2993155577158952,false
2,23,44.3,-1.7246876654348504,0.2877170952943887,false
2,23,44.4,-1.721689697414974,0.2762280140490427,false
2,23,44.5,-1.7180992492463012,0.26485346240972896,false
2,23,44.6,-1.714014130960093,0.2535975690524062,false
2,23,44.7,-1.7095159521140113,0.24246361230526112,false
2,23,44.8,-1.7046727216729507,0.23145416265207622,false
2,23,44.9,-1.6995410723636586,0.22057120210851822,false
2,23,45.0,-1.6941681467171863,0.2098162239169407,false
2,23,45.1,-1.6885931854050287,0.199190315619566,false
2,23,45.2,-1.682848857997211,0.1886942281752543,false
2,23,45.3,-1.6769623736241341,0.1783284334086777,false
2,23,45.4,-1.6709564053150532,0.16809317173688645,false
2,23,45.5,-1.6648498577066286,0.1579884918130471,false
2,23,45.6,-1.658658503776676,0.1480142834616006,false
2,23,45.7,-1.6523955124882315,0.138170305051409,false
2,23,45.8,-1.646071885836899,0.12845620626032492,false
2,23,45.9,-1.6396968208173472,0.11887154702209465,false
2,23,46.0,-1.6332780092575612,0.1094158133105708,false
2,24,46.0,-1.6183562625858707,0.1691464288348624,true
2,24,46.1,-1.6193826231509174,0.1594826651875417,false
2,24,46.2,-1.619378057399587,0.14988520057199822,false
2,24,46.3,-1.618480212949433,0.14036235325320714,false
2,24,46.4,-1.6168096491245711,0.13092119839365776,false
2,24,46.5,-1.614471440260997,0.1215677265034892,false
2,24,46.6,-1.6115568047894127,0.11230698584440045,false
2,24,46.7,-1.6081446856037453,0.10314320903535266,false
2,24,46.8,-1.6043032354116877,0.09407992465331441,false
2,24,46.9,-1.6000911813209422,0.08512005494134103,false
2,24,47.0,-1.5955590573640284,0.07626600089371266,false
2,24,47.1,-1.5907503034144208,0.06751971603425903,false
2,24,47.2,-1.585702235199629,0.05888277017756987,false
2,24,47.3,-1.5804468938449665,0.050356404391480765,false
2,24,47.4,-1.5750117853409467,0.04194157828288436,false
2,24,47.5,-1.569420521086891,0.03363901062120052,false
2,24,47.6,-1.5636933706409273,0.025449214203808475,false
2,24,47.7,-1.5578477373007718,0.017372525761132795,false
2,24,47.8,-1.551898566359013,0.009409131599274345,false
2,24,47.9,-1.5458586949627182,0.0015590895868635123,false
2,24,48.0,-1.5397391515533494,-0.00617765198911609,false
2,25,48.0,-1.4825948353563436,0.003065157449063133,true
2,25,48.1,-1.4830078988021957,-0.00413323721036587,false
2,25,48.2,-1.4826992001517967,-0.011279262467175971,false
2,25,48.3,-1.4817412759477468,-0.018367024455772013,false
2,25,48.4,-1.4802001260018502,-0.025391307208362465,false
2,25,48.5,-1.4781355328226804,-0.03234750917383764,false
2,25,48.6,-1.4756014420928818,-0.03923158343364753,false
2,25,48.7,-1.4726463771524034,-0.046039982017678414,false
2,25,48.8,-1.4693138669504784,-0.05276960450298024,false
2,25,48.9,-1.4656428723457333,-0.059417750914279005,false
2,25,49.0,-1.4616682000258945,-0.06598207882736926,false
2,25,49.1,-1.457420896796584,-0.07246056449547629,false
2,25,49.2,-1.4529286196816,-0.07885146776644378,false
2,25,49.3,-1.4482159793152598,-0.08515330052833345,false
2,25,49.4,-1.4433048556127646,-0.09136479840712491,false
2,25,49.5,-1.4382146857853817,-0.09748489543818199,false
2,25,49.6,-1.432962725516232,-0.1035127014394634,false
2,25,49.7,-1.4275642846067775,-0.10944748182636532,false
2,25,49.8,-1.422032938706543,-0.11528863962351299,false
2,25,49.9,-1.4163807188993311,-0.12103569944622253,false
2,25,50.0,-1.4106182809775736,-0.12668829324260883,false
2,26,50.0,-1.3869063110229458,-0.06364603188435047,true
2,26,50.1,-1.3888333332113922,-0.06948505237177013,false
2,26,50.2,-1.3900620904969956,-0.07529567387047502,false
2,26,50.3,-1.390644865690322,-0.08107194609978874,false
2,26,50.4,-1.3906311959645348,-0.08680842920830015,false
2,26,50.5,-1.3900677127237488,-0.09250016405772622,false
2,26,50.6,-1.3889980657791259,-0.09814264165724346,false
2,26,50.7,-1.3874629150590196,-0.10373177244893386,false
2,26,50.8,-1.385499975004956,-0.10926385599480937,false
2,26,50.9,-1.383144098819238,-0.11473555148496963,false
2,26,51.0,-1.3804273917040062,-0.12014384937485682,false
2,26,51.1,-1.3773793440813054,-0.12548604436637234,false
2,26,51.2,-1.3740269774594882,-0.13075970987128777,false
2,26,51.3,-1.3703949970893214,-0.13596267403407453,false
2,26,51.4,-1.3665059468281269,-0.14109299734303085,false
2,26,51.5,-1.3623803627091027,-0.14614895182147328,false
2,26,51.6,-1.3580369226102256,-0.15112900176296018,false
2,26,51.7,-1.3534925901514687,-0.1560317859543826,false
2,26,51.8,-1.3487627515408098,-0.1608561013168339,false
2,26,51.9,-1.343861344558902,-0.1656008878851939,false
2,26,52.0,-1.3388009792385107,-0.1702652150422711,false
2,27,52.0,-1.1473480094925947,-0.14396331576208282,true
2,27,52.1,-1.152175937864251,-0.14703058716798773,false
2,27,52.2,-1.1566060526152635,-0.15011779375790357,false
2,27,52.3,-1.160640376552636,-0.15322115109631732,false
2,27,52.4,-1.1642822849295047,-0.1563369273475241,false
2,27,52.5,-1.1675363715317115,-0.15946145467439113,false
2,27,52.6,-1.1704083132048666,-0.16259113931702315,false
2,27,52.7,-1.172904735130601,-0.16572247035753357,false
2,27,52.8,-1.1750330788567145,-0.16885202719686065,false
2,27,52.9,-1.1768014747699167,-0.17197648578630825,false
2,27,53.0,-1.1782186203843616,-0.17509262367020362,false
2,27,53.1,-1.1792936655145065,-0.17819732390682902,false
2,27,53.2,-1.1800361051150388,-0.1812875779427575,false
2,27,53.3,-1.1804556803095916,-0.18436048752112807,false
2,27,53.4,-1.1805622878974917,-0.1874132657074986,false
2,27,53.5,-1.1803658984259089,-0.1904432371180014,false
2,27,53.6,-1.1798764827439832,-0.19344783743389957,false
2,27,53.7,-1.179103946815093,-0.19642461228459382,false
2,27,53.8,-1.1780580744517464,-0.19937121557794135,false
2,27,53.9,-1.1767484775523318,-0.20228540735268602,false
2,27,54.0,-1.175184553357434,-0.2051650512230926,false
2,28,54.0,-1.1258507196259466,-0.22501103319851593,true
2,28,54.1,-1.1230298586751932,-0.22725167301718852,false
2,28,54.2,-1.120026394495087,-0.22944918382811277,false
2,28,54.3,-1.1168452641677296,-0.23160223096211116,false
2,28,54.4,-1.1134911466691124,-0.2337095336127532,false
2,28,54.5,-1.1099684562199181,-0.23576986204397435,false
2,28,54.6,-1.1062813368813698,-0.23778203476310517,false
2,28,54.7,-1.102433658181308,-0.23974491566998188,false
2,28,54.8,-1.0984290115683413,-0.24165741119081932,false
2,28,54.9,-1.0942707075043099,-0.2435184674036686,false
2,28,55.0,-1.089961773017138,-0.24532706716054656,false
2,28,55.1,-1.0855049495472133,-0.2470822272097082,false
2,28,55.2,-1.0809026909305366,-0.24878299532002424,false
2,28,55.3,-1.0761571613708867,-0.2504284474080181,false
2,28,55.4,-1.071270233261043,-0.2520176846667945,false
2,28,55.5,-1.066243484719592,-0.2535498306948444,false
2,28,55.6,-1.0610781967149565,-0.25502402862152956,false
2,28,55.7,-1.055775349651954,-0.25643943822491105,false
2,28,55.8,-1.0503356192983506,-0.25779523303648916,false
2,28,55.9,-1.044759371929478,-0.25909059742634133,false
2,28,56.0,-1.0390466585679514,-0.2603247236610715,false
2,29,56.0,-0.9270933712653001,-0.21766969647017087,true
2,29,56.1,-0.9240724990990989,-0.2181413448537987,false
2,29,56.2,-0.9209347466699661,-0.21858130916764293,false
2,29,56.3,-0.9176789394729289,-0.21898874510241156,false
2,29,56.4,-0.9143037765626372,-0.21936280320233412,false
2,29,56.5,-0.910807819521271,-0.2197026276937618,false
2,29,56.6,-0.9071894807809688,-0.22000735521832854,false
2,29,56.7,-0.9034470112241956,-0.22027611346511042,false
2,29,56.8,-0.8995784869770881,-0.22050801969552306,false
2,29,56.9,-0.8955817953014976,-0.2207021791539204,false
2,29,57.0,-0.8914546194810578,-0.22085768335600012,false
2,29,57.1,-0.8871944225849888,-0.22097360824616594,false
2,29,57.2,-0.8827984299803244,-0.22104901221393852,false
2,29,57.3,-0.8782636104486115,-0.2210829339583273,false
2,29,57.4,-0.8735866557466485,-0.22107439018776354,false
2,29,57.5,-0.8687639584322315,-0.22102237314173204,false
2,29,57.6,-0.8637915877548432,-0.22092584791860423,false
2,29,57.7,-0.8586652633874055,-0.22078374959234906,false
2,29,57.8,-0.8533803267481914,-0.2205949800987509,false
2,29,57.9,-0.8479317096312853,-0.2203584048694683,false
2,29,58.0,-0.8423138998290258,-0.22007284918968834,false
2,30,58.0,-0.717203678285931,-0.22746250422714084,true
2,30,58.1,-0.7048552800928015,-0.22589594951256742,false
2,30,58.2,-0.6919712037429062,-0.22422526609890167,false
2,30,58.3,-0.6785099852980259,-0.22244612036188055,false
2,30,58.4,-0.6644256944083519,-0.22055381029001025,false
2,30,58.5,-0.6496673780534571,-0.2185432247492697,false
2,30,58.6,-0.6341784255989877,-0.21640879759503742,false
2,30,58.7,-0.6178958434474259,-0.21414445589518288,false
2,30,58.8,-0.600749425950861,-0.2117435614189219,false
2,30,58.9,-0.5826608075440629,-0.20919884442223916,false
2,30,59.0,-0.5635423793198485,-0.20650232862192555,false
2,30,59.1,-0.5432960516355148,-0.2036452460969706,false
2,30,59.2,-0.5218118430273881,-0.20061794069015976,false
2,30,59.3,-0.49896627507460445,-0.19740975830879445,false
2,30,59.4,-0.4746205534532614,-0.19400892235010733,false
2,30,59.5,-0.44861851812730663,-0.19040239231921907,false
2,30,59.6,-0.42078435176122725,-0.1865757035902276,false
2,30,59.7,-0.39092004701467564,-0.182512786223986,false
2,30,59.8,-0.3588026533712891,-0.17819576086134425,false
2,30,59.9,-0.3241813569366411,-0.17360471005302644,false
2,30,60.0,-0.2867744985236266,-0.16871742410962867,false
2,31,60.0,-0.4401300181032084,-0.17466094445650182,true
2,31,60.1,-0.41319835838386576,-0.17087598013606423,false
2,31,60.2,-0.38429438886070183,-0.16686301306339021,false
2,31,60.3,-0.3532037199382571,-0.16260467200314305,false
2,31,60.4,-0.3196853548625534,-0.15808162804075138,false
2,31,60.5,-0.2834688281162888,-0.1532723519256419,false
2,31,60.6,-0.24425143373763503,-0.14815284721623212,false
2,31,60.7,-0.20169581446679438,-0.14269636137285702,false
2,31,60.8,-0.1554283397766859,-0.13687308008873178,false
2,31,60.9,-0.10503892582170504,-0.1306498150070796,false
2,31,61.0,-0.05008326259603843,-0.12398970224297028,false
2,31,61.1,0.009911170533370192,-0.11685193967402172,false
2,31,61.2,0.0754333982337784,-0.10919160573743258,false
2,31,61.3,0.14696905604443128,-0.10095962229144037,false
2,31,61.4,0.22496926020084224,-0.09210294915941437,false
2,31,61.5,0.30980491510030084,-0.08256512690551843,false
2,31,61.6,0.4017035828784092,-0.07228731273588167,false
2,31,61.7,0.5006679042477267,-0.06120997255715033,false
2,31,61.8,0.6063786965964145,-0.04927538336963598,false
2,31,61.9,0.7180929261097276,-0.036431040269624335,false
2,31,62.0,0.8345564110181986,-0.02263392525317419,false
2,32,62.0,1.1135638715339935,-0.10417715352687082,true
2,32,62.1,1.2417041539577185,-0.08619786850994934,false
2,32,62.2,1.3631640286671045,-0.06720397788564866,false
2,32,62.3,1.4748687360445634,-0.04727868711064154,false
2,32,62.4,1.57447231791914,-0.026529685075853193,false
2,32,62.5,1.660600483880159,-0.005081027036908613,false
2,32,62.6,1.7328925227546519,0.016936240339429434,false
2,32,62.7,1.7918617307910605,0.03939289591264791,false
2,32,62.8,1.8386473070449756,0.06216845288506329,false
2,32,62.9,1.8747420602262088,0.08515557261245914,false
2,32,63.0,1.9017580621095167,0.10826208959494095,false
2,32,63.1,1.9212588278820546,0.13141116904234035,false
2,32,63.2,1.9346593429213248,0.15454024272166933,false
2,32,63.3,1.943180559120315,0.17759929912023367,false
2,32,63.4,1.9478409326602297,0.20054895210259754,false
2,32,63.5,1.9494695649168572,0.22335855560225898,false
2,32,63.6,1.9487296537377197,0.24600450686881345,false
2,32,63.7,1.9461450464198777,0.26846879549915126,false
2,32,63.8,1.9421258421361838,0.2907378042875979,false
2,32,63.9,1.9369911107324496,0.31280134120385233,false
2,32,64.0,1.9309880726912574,0.33465187064714275,false
2,33,64.0,1.7622840146863965,0.36316525125024535,true
2,33,64.1,1.7848580131499612,0.38318029285718935,false
2,33,64.2,1.8017657629619177,0.40322877335979823,false
2,33,64.3,1.8138978571621642,0.42326265595651785,false
2,33,64.4,1.822054947953412,0.44324202266706014,false
2,33,64.5,1.8269348379321213,0.4631341196601194,false
2,33,64.6,1.8291317993740173,0.482912351549383,false
2,33,64.7,1.8291432409227804,0.5025553137869205,false
2,33,64.8,1.8273801199490716,0.5220459127155246,false
2,33,64.9,1.8241786897592935,0.5413705950836439,false
2,33,65.0,1.8198121126871736,0.5605186911021128,false
2,33,65.1,1.8145011411603305,0.5794818649024838,false
2,33,65.2,1.8084235096420123,0.5982536611649297,false
2,33,65.3,1.8017219487083314,0.6168291348340552,false
2,33,65.4,1.794510882157508,0.6352045508828986,false
2,33,65.5,1.7868819412009713,0.6533771421202146,false
2,33,65.6,1.7789084566313207,0.6713449145025266,false
2,33,65.7,1.77064909056358,0.6891064909819721,false
2,33,65.8,1.7621507566712336,0.7066609864165084,false
2,33,65.9,1.7534509594697583,0.7240079074069312,false
2,33,66.0,1.744579663504025,0.7411470720763539,false
2,34,66.0,1.710250413477459,0.6207680871002204,true
2,34,66.1,1.7176034625226007,0.6383449147005108,false
2,34,66.2,1.722219280276017,0.6558473481695049,false
2,34,66.3,1.7245184024221698,0.6732528158949705,false
2,34,66.4,1.7248656975273835,0.6905425094009301,false
2,34,66.5,1.7235736796787975,0.7077008590940583,false
2,34,66.6,1.7209073559096708,0.7247150520816028,false
2,34,66.7,1.717089714738034,0.7415746014524716,false
2,34,66.8,1.7123072728806443,0.7582709696387031,false
2,34,66.9,1.706715330025892,0.7747972442377742,false
2,34,67.0,1.7004427452501034,0.7911478622777006,false
2,34,67.1,1.6935961573355867,0.8073183777626876,false
2,34,67.2,1.6862636391643842,0.8233052670000962,false
2,34,67.3,1.6785178157096066,0.839105766358129,false
2,34,67.4,1.6704184954067318,0.8547177375180475,false
2,34,67.5,1.6620148727845168,0.8701395558216014,false
2,34,67.6,1.6533473609916955,0.8853700178847971,false
2,34,67.7,1.6444491094975064,0.900408265201495,false
2,34,67.8,1.6353472568482295,0.9152537209672559,false
2,34,67.9,1.6260639622107111,0.9299060378034024,false
2,34,68.0,1.6166172532788943,0.9443650544506886,false
2,35,68.0,1.4631291381330827,0.9146664749321028,true
2,35,68.1,1.4728779610254388,0.9278334152531478,false
2,35,68.2,1.4804868716378747,0.9409832014905083,false
2,35,68.3,1.4861398164772404,0.9540971912142675,false
2,35,68.4,1.4900152774402038,0.9671585426977625,false
2,35,68.5,1.4922829861777729,0.9801521356264382,false
2,35,68.6,1.4931017467148604,0.9930644675053217,false
2,35,68.7,1.4926181670375334,1.0058835351922923,false
2,35,68.8,1.4909661038310085,1.0185987090901647,false
2,35,68.9,1.4882666424460507,1.0312006057545775,false
2,35,69.0,1.4846284593600427,1.043680963113807,false
2,35,69.1,1.480148441820647,1.0560325211914625,false
2,35,69.2,1.4749124657800041,1.0682489101760315,false
2,35,69.3,1.468996256839047,1.0803245468721738,false
2,35,69.4,1.4624662789328353,1.0922545399657295,false
2,35,69.5,1.4553806117655677,1.104034604102118,false
2,35,69.6,1.4477897907992228,1.115660982481629,false
2,35,69.7,1.4397375933544452,1.127130377484052,false
2,35,69.8,1.431261761603016,1.138439888722835,false
2,35,69.9,1.4223946584142253,1.1495869578740088,false
2,35,70.0,1.4131638556090302,1.1605693196104365,false
2,36,70.0,1.3178194168572777,1.1362973122578268,true
2,36,70.1,1.3168286512976952,1.1464568428025013,false
2,36,70.2,1.3149080731232827,1.1565284793371868,false
2,36,70.3,1.3121162123100265,1.166504614937262,false
2,36,70.4,1.308507739603934,1.1763782174422124,false
2,36,70.5,1.3041332737244113,1.186142788893514,false
2,36,70.6,1.2990392916155953,1.1957923239941362,false
2,36,70.7,1.2932681188402988,1.2053212684341834,false
2,36,70.8,1.2868579800685507,1.2147244777240391,false
2,36,70.9,1.27984309251182,1.2239971770012554,false
2,36,71.0,1.2722537879205056,1.2331349221296686,false
2,36,71.1,1.2641166512880335,1.2421335622868552,false
2,36,71.2,1.255454666632028,1.250989204136383,false
2,36,71.3,1.246287362129553,1.259698177601335,false
2,36,71.4,1.2366309484716822,1.2682570031921963,false
2,36,71.5,1.22649844559002,1.2766623607924363,false
2,36,71.6,1.2158997939197616,1.284911059766237,false
2,36,71.7,1.2048419471293281,1.2930000102223451,false
2,36,71.8,1.1933289437941974,1.3009261952437723,false
2,36,71.9,1.1813619558487451,1.3086866438731155,false
2,36,72.0,1.168939311837538,1.3162784046259337,false
2,37,72.0,1.1579798417208564,1.2552089428756217,true
2,37,72.1,1.1513494364676304,1.263005252762793,false
2,37,72.2,1.1440793719046725,1.270680670420468,false
2,37,72.3,1.136182797875453,1.2782302813632465,false
2,37,72.4,1.1276702809057397,1.285649315899098,false
2,37,72.5,1.1185497077439037,1.2929331239431248,false
2,37,72.6,1.108826189481113,1.3000771491387266,false
2,37,72.7,1.0985019608278495,1.307076902271523,false
2,37,72.8,1.0875762692833582,1.3139279339125782,false
2,37,72.9,1.0760452489982772,1.3206258061800709,false
2,37,73.0,1.0639017740808143,1.3271660634615607,false
2,37,73.1,1.051135285917498,1.3335442018913302,false
2,37,73.2,1.037731588754665,1.3397556373276445,false
2,37,73.3,1.0236726072987934,1.345795671521799,false
2,37,73.4,1.0089360994223058,1.3516594561129343,false
2,37,73.5,0.9934953161824863,1.3573419540180507,false
2,37,73.6,0.9773186002460036,1.3628378977134568,false
2,37,73.7,0.960368912425955,1.3681417438197985,false
2,37,73.8,0.9426032743420659,1.3732476233052469,false
2,37,73.9,0.9239721131612424,1.3781492865074219,false
2,37,74.0,0.9044184919131718,1.3828400420408018,false
2,38,74.0,0.8038582086357864,1.3625772065418709,true
2,38,74.1,0.7817469551864323,1.3662697113148692,false
2,38,74.2,0.7582515333595067,1.369726196086827,false
2,38,74.3,0.7332521680901725,1.3729351667461391,false
2,38,74.4,0.7066117086539411,1.3758840376809987,false
2,38,74.5,0.678173038278495,1.3785589689274722,false
2,38,74.6,0.647756064349005,1.3809446788840032,false
2,38,74.7,0.6151542362589875,1.3830242286827674,false
2,38,74.8,0.5801305432542148,1.3847787738702257,false
2,38,74.9,0.5424129599921583,1.386187278704909,false
2,38,75.0,0.5016893400716919,1.3872261882516195,false
2,38,75.1,0.4576018186445182,1.3878690537409646,false
2,38,75.2,0.4097408916991248,1.3880861077017401,false
2,38,75.3,0.35763951791220255,1.3878437876860625,false
2,38,75.4,0.30076787760302653,1.3871042118082624,false
2,38,75.5,0.2385298764540244,1.385824617040013,false
2,38,75.6,0.1702631701459678,1.383956784042646,false
2,38,75.7,0.09524549101506138,1.3814464927631962,false
2,38,75.8,0.012711445314885453,1.3782330842504467,false
2,38,75.9,-0.07811429467396885,1.3742492496237906,false
2,38,76.0,-0.17795958887345165,1.3694212292958001,false
2,39,76.0,-0.5334781644010416,1.3873217411626988,true
2,39,76.1,-0.6754368897276569,1.378030067090643,false
2,39,76.2,-0.8249235597217395,1.36746901770653,false
2,39,76.3,-0.9791044422466663,1.3555910566928009,false
2,39,76.4,-1.1340956817485586,1.3423799036329416,false
2,39,76.5,-1.2852575646957805,1.3278588036031869,false
2,39,76.6,-1.4277649393997545,1.3120947323228995,false
2,39,76.7,-1.557332715649097,1.2951964868386905,false
2,39,76.8,-1.6708697961212151,1.277306278205385,false
2,39,76.9,-1.7668416187023033,1.258586597382708,false
2,39,77.0,-1.8452515276751411,1.2392056014614943,false
2,39,77.1,-1.9073157830315621,1.2193242915326394,false
2,39,77.2,-1.955000777895371,1.1990875339021878,false
2,39,77.3,-1.9905819492497188,1.178619388877367,false
2,39,77.4,-2.0163148665823365,1.1580220413452078,false
2,39,77.5,-2.0342382152320426,1.1373771430652826,false
2,39,77.6,-2.046085984849747,1.1167484240998922,false
2,39,77.7,-2.0532726894427835,1.096184727128389,false
2,39,77.8,-2.0569190225597795,1.0757229479270047,false
2,39,77.9,-2.0578948684901506,1.0553906256616115,false
2,39,78.0,-2.05686582708483,1.035208096211874,false
2,40,78.0,-2.0156522024137513,1.0188882137014377,true
2,40,78.1,-2.0215803316448846,0.9993272568996111,false
2,40,78.2,-2.024405084679915,0.9798702785397662,false
2,40,78.3,-2.0248638406057435,0.9605414364946339,false
2,40,78.4,-2.0235261726288876,0.9413587503512219,false
2,40,78.5,-2.0208281736176157,0.9223355236538681,false
2,40,78.6,-2.017101745566975,0.9034814634649362,false
2,40,78.7,-2.0125985122726546,0.8848035480382556,false
2,40,78.8,-2.007508791088229,0.8663066921085939,false
2,40,78.9,-2.0019763590786455,0.8479942533053517,false
2,40,79.0,-1.996109797666789,0.8298684157861431,false
2,40,79.1,-1.9899911324120994,0.811930479989484,false
2,40,79.2,-1.9836823745340006,0.7941810811153291,false
2,40,79.3,-1.9772304552801352,0.7766203537502843,false
2,40,79.4,-1.9706709397510018,0.7592480559161581,false
2,40,79.5,-1.964030819010429,0.7420636625955809,false
2,40,79.6,-1.9573306086524407,0.7250664363123431,false
2,40,79.7,-1.9505859266223577,0.7082554804619016,false
2,40,79.8,-1.9438086804491117,0.6916297796662225,false
2,40,79.9,-1.9370079615899494,0.6751882303585427,false
2,40,80.0,-1.9301907200772215,0.6589296640023531,false
2,41,80.0,-1.8668447212976265,0.7551819346366915,true
2,41,80.1,-1.881395289042749,0.7388782216951454,false
2,41,80.2,-1.891627797783396,0.7225811847968658,false
2,41,80.3,-1.89836492372494,0.7063264761263325,false
2,41,80.4,-1.902296195954074,0.6901425623346275,false
2,41,80.5,-1.903989075229984,0.6740519517383576,false
2,41,80.6,-1.9039042818817014,0.658072288374242,false
2,41,80.7,-1.9024121618106766,0.642217290910771,false
2,41,80.8,-1.8998082615530612,0.6264975373068141,false
2,41,80.9,-1.8963272176816497,0.6109211082666899,false
2,41,81.0,-1.8921546446317279,0.5954941077603172,false
2,41,81.1,-1.8874370329371768,0.5802210799793929,false
2,41,81.2,-1.8822898348438715,0.565105340994987,false
2,41,81.3,-1.8768039806883428,0.5501492412649296,false
2,41,81.4,-1.8710510804597331,0.5353543727093089,false
2,41,81.5,-1.8650875477360798,0.5207217317045987,false
2,41,81.6,-1.858957853802223,0.5062518472193086,false
2,41,81.7,-1.8526970871986423,0.49194488149080706,false
2,41,81.8,-1.846332962837658,0.47780070912725825,false
2,41,81.9,-1.8398873972244036,0.46381897928399596,false
2,41,82.0,-1.833377742888655,0.4499991645721001,false
2,42,82.0,-1.6625536066531623,0.47881832221969417,true
2,42,82.1,-1.6863463685418651,0.4663712731107162,false
2,42,82.2,-1.7055509717814414,0.4538188926220381,false
2,42,82.3,-1.7207279663736592,0.4412014293072451,false
2,42,82.4,-1.7324159875778442,0.42855378199315114,false
2,42,82.5,-1.741114111292639,0.4159058277407603,false
2,42,82.6,-1.7472722397247615,0.40328287075505226,false
2,42,82.7,-1.7512874885442005,0.3907061470619694,false
2,42,82.8,-1.7535046999762651,0.37819333834910196,false
2,42,82.9,-1.7542195400901415,0.36575906444435,false
2,42,83.0,-1.7536830160295827,0.3534153365274188,false
2,42,83.1,-1.7521065943775787,0.34117196234548414,false
2,42,83.2,-1.7496673833361642,0.3290369009284648,false
2,42,83.3,-1.746513053334724,0.3170165682190141,false
2,42,83.4,-1.74276632059807,0.305116097273683,false
2,42,83.5,-1.7385289184603943,0.2933395577802865,false
2,42,83.6,-1.7338850444356246,0.2816901399772022,false
2,42,83.7,-1.7289043081331932,0.2701703079464185,false
2,42,83.8,-1.7236442245735228,0.25878192688563223,false
2,42,83.9,-1.7181523055918253,0.24752636847846948,false
2,42,84.0,-1.7124678032338474,0.23640459795918747,false
2,43,84.0,-1.7542716102647316,0.29607315845009285,true
2,43,84.1,-1.7473625487949516,0.2842700971280883,false
2,43,84.2,-1.740485491700167,0.27261676635390836,false
2,43,84.3,-1.7336353861538023,0.2611117987389516,false
2,43,84.4,-1.7268080711219669,0.2497538789994504,false
2,43,84.5,-1.720000106566553,0.23854173621265046,false
2,43,84.6,-1.7132086364497157,0.2274741375342716,false
2,43,84.7,-1.7064312785982776,0.21654988308983153,false
2,43,84.8,-1.699666035963929,0.20576780181108523,false
2,43,84.9,-1.6929112249661067,0.19512674803509672,false
2,43,85.0,-1.6861654175041552,0.18462559872003664,false
2,43,85.1,-1.679427393930754,0.17426325116078925,false
2,43,85.2,-1.6726961048331679,0.16403862111048695,false
2,43,85.3,-1.6659706399060275,0.15395064123243252,false
2,43,85.4,-1.6592502025447973,0.14399825982150782,false
2,43,85.5,-1.6525340890626998,0.1341804397458767,false
2,43,85.6,-1.6458216716510816,0.12449615756917219,false
2,43,85.7,-1.6391123843760076,0.11494440282089428,false
2,43,85.8,-1.632405711641638,0.10552417738880734,false
2,43,85.9,-1.6257011786609765,0.0962344950120144,false
2,43,86.0,-1.6189983435626636,0.08707438085733428,false
2,44,86.0,-1.6721483439170193,0.06514416504304954,true
2,44,86.1,-1.6563494169430926,0.0558291180450007,false
2,44,86.2,-1.6418534198149282,0.04672103326354832,false
2,44,86.3,-1.628445041997679,0.03780747318705136,false
2,44,86.4,-1.6159496407289142,0.029077870738973187,false
2,44,86.5,-1.6042244354291089,0.020523185140121344,false
2,44,86.6,-1.5931518682975097,0.01213563052205865,false
2,44,86.7,-1.5826345331351936,0.003908459816065423,false
2,44,86.8,-1.572591256814446,-0.0041642088430329325,false
2,44,86.9,-1.5629540396332466,-0.012087532651510528,false
2,44,87.0,-1.5536656436752683,-0.019866058705269578,false
2,44,87.1,-1.544677675642034,-0.0275038179915491,false
2,44,87.2,-1.5359490509194789,-0.0350044029417814,false
2,44,87.3,-1.5274447543613492,-0.04237103175430947,false
2,44,87.4,-1.5191348340126762,-0.04960660199766129,false
2,44,87.5,-1.510993579158412,-0.056713735475201955,false
2,44,87.6,-1.5029988452919127,-0.063694815925816,false
2,44,87.7,-1.4951314969731526,-0.07055202082112058,false
2,44,87.8,-1.487374945865622,-0.07728734827470217,false
2,44,87.9,-1.479714766052341,-0.08390263988630992,false
2,44,88.0,-1.4721383724263044,-0.09039960019152136,false
2,45,88.0,-1.4777993398247602,-0.006787155655740277,true
2,45,88.1,-1.4777235685551242,-0.013867058234570958,false
2,45,88.2,-1.4769825120802509,-0.02089124341341943,false
2,45,88.3,-1.4756427437836301,-0.027854331870118224,false
2,45,88.4,-1.4737647406743788,-0.03475156574595416,false
2,45,88.5,-1.4714032208893117,-0.04157874971391032,false
2,45,88.6,-1.4686075240304397,-0.04833219578821008,false
2,45,88.7,-1.4654220125440485,-0.05500867213580678,false
2,45,88.8,-1.4618864778080916,-0.061605355974604786,false
2,45,88.9,-1.4580365390837817,-0.0681197905141761,false
2,45,89.0,-1.4539040270893997,-0.07454984580366181,false
2,45,89.1,-1.4495173467805214,-0.08089368329050788,false
2,45,89.2,-1.4449018160900031,-0.08714972385589301,false
2,45,89.3,-1.4400799790082106,-0.09331661907250172,false
2,45,89.4,-1.4350718925738446,-0.09939322542307405,false
2,45,89.5,-1.4298953881896315,-0.10537858122024771,false
2,45,89.6,-1.4245663082523383,-0.11127188597672748,false
2,45,89.7,-1.419098719456721,-0.11707248198756054,false
2,45,89.8,-1.4135051043496192,-0.12277983790159959,false
2,45,89.9,-1.407796532814321,-0.12839353407586812,false
2,45,90.0,-1.4019828151885092,-0.13391324952361294,false
2,46,90.0,-1.3057552547667581,-0.11222626186181558,true
2,46,90.1,-1.3080184128520924,-0.11696663885381135,false
2,46,90.2,-1.3097020090183222,-0.12169031545108489,false
2,46,90.3,-1.3108378143802364,-0.12639224792607726,false
2,46,90.4,-1.3114569278677477,-0.13106771786377294,false
2,46,90.5,-1.3115895536397113,-0.13571232255356064,false
2,46,90.6,-1.3112648278888737,-0.14032196364217173,false
2,46,90.7,-1.3105106893847804,-0.14489283448733847,false
2,46,90.8,-1.3093537880890804,-0.14942140659653863,false
2,46,90.9,-1.3078194263649978,-0.15390441548117267,false
2,46,91.0,-1.3059315276303043,-0.15833884620530006,false
2,46,91.1,-1.3037126277209885,-0.16272191886066675,false
2,46,91.2,-1.3011838847007113,-0.16705107415679699,false
2,46,91.3,-1.2983651033377772,-0.17132395927667354,false
2,46,91.4,-1.2952747709535108,-0.17553841411501767,false
2,46,91.5,-1.2919301018071743,-0.17969245798724587,false
2,46,91.6,-1.288347087612065,-0.1837842768725487,false
2,46,91.7,-1.2845405521688074,-0.18781221123384914,false
2,46,91.8,-1.2805242084520516,-0.1917747444402634,false
2,46,91.9,-1.2763107167953345,-0.19567049180369578,false
2,46,92.0,-1.2719117430869216,-0.19949819022995133,false
2,47,92.0,-1.227848583215335,-0.13919148866344835,true
2,47,92.1,-1.2309322449049866,-0.14302370763528402,false
2,47,92.2,-1.2335295748103021,-0.14685384661436182,false
2,47,92.3,-1.2356570156042228,-0.1506775379739175,false
2,47,92.4,-1.2373315578953468,-0.15449059951302502,false
2,47,92.5,-1.2385705333883181,-0.15828903715316567,false
2,47,92.6,-1.2393914305008649,-0.16206904582204182,false
2,47,92.7,-1.2398117322697206,-0.1658270087434256,false
2,47,92.8,-1.2398487758818315,-0.16955949534632458,false
2,47,92.9,-1.2395196327864364,-0.173263257997268,false
2,47,93.0,-1.238841008067316,-0.17693522774710616,false
2,47,93.1,-1.2378291575700606,-0.18057250926929502,false
2,47,93.2,-1.236499821173,-0.18417237515100196,false
2,47,93.3,-1.2348681705488058,-0.18773225968217983,false
2,47,93.4,-1.2329487697737307,-0.19124975227155194,false
2,47,93.5,-1.2307555471910814,-0.19472259060264605,false
2,47,93.6,-1.228301777014303,-0.198148653627923,false
2,47,93.7,-1.2256000692539395,-0.20152595448488542,false
2,47,93.8,-1.2226623666641774,-0.20485263340496318,false
2,47,93.9,-1.2194999475225252,-0.20812695067403675,false
2,47,94.0,-1.2161234331756248,-0.21134727969270017,false
2,48,94.0,-0.9946027414460465,-0.22795286083524888,true
2,48,94.1,-0.9916836653442143,-0.22896839003559258,false
2,48,94.2,-0.9886304383253606,-0.2299490996161279,false
2,48,94.3,-0.9854433528184536,-0.23089401667884862,false
2,48,94.4,-0.9821225833774897,-0.2318021776071957,false
2,48,94.5,-0.9786681766155426,-0.23267262687146045,false
2,48,94.6,-0.9750800409459286,-0.23350441574984565,false
2,48,94.7,-0.9713579360627832,-0.23429660096372834,false
2,48,94.8,-0.9675014620879587,-0.23504824322503354,false
2,48,94.9,-0.9635100483053255,-0.23575840569294731,false
2,48,95.0,-0.9593829413971915,-0.23642615233646597,false
2,48,95.1,-0.9551191930905422,-0.23705054619849011,false
2,48,95.2,-0.950717647113004,-0.23763064755632288,false
2,48,95.3,-0.9461769253497307,-0.23816551197251257,false
2,48,95.4,-0.9414954130826334,-0.2386541882289829,false
2,48,95.5,-0.93667124318236,-0.23909571613630978,false
2,48,95.6,-0.9317022791109845,-0.23948912420881896,false
2,48,95.7,-0.9265860965792597,-0.23983342719488213,false
2,48,95.8,-0.9213199636862889,-0.24012762345036393,false
2,48,95.9,-0.9159008193512784,-0.24037069214160092,false
2,48,96.0,-0.9103252498263338,-0.24056159026255572,false
2,49,96.0,-1.0256350726673422,-0.24122685982307643,true
2,49,96.1,-1.0216377535374637,-0.24242455891452275,false
2,49,96.2,-1.0174982672904418,-0.24357618206357573,false
2,49,96.3,-1.0132172105756911,-0.2446807669068263,false
2,49,96.4,-1.008794964915704,-0.24573736262691956,false
2,49,96.5,-1.0042316870891113,-0.2467450278521638,false
2,49,96.6,-0.9995272990548966,-0.24770282848137096,false
2,49,96.7,-0.9946814773026412,-0.24860983542974688,false
2,49,96.8,-0.9896936415079396,-0.24946512229059906,false
2,49,96.9,-0.984562942365253,-0.2502677629065301,false
2,49,97.0,-0.9792882484623305,-0.25101682884262394,false
2,49,97.1,-0.9738681320507132,-0.25171138675289884,false
2,49,97.2,-0.9683008535555653,-0.2523504956299806,false
2,49,97.3,-0.9625843446549104,-0.2529332039265285,false
2,49,97.4,-0.9567161897430361,-0.2534585465354036,false
2,49,97.5,-0.9506936055750727,-0.2539255416138867,false
2,49,97.6,-0.9445134188692145,-0.2543331872354095,false
2,49,97.7,-0.938172041619346,-0.25468045785022814,false
2,49,97.8,-0.931665443843509,-0.25496630053421504,false
2,49,97.9,-0.9249891234621846,-0.25518963100244096,false
2,49,98.0,-0.9181380729641494,-0.25534932936142263,false
2,50,98.0,-0.6712672073236214,-0.26842696921196313,true
2,50,98.1,-0.652016812104915,-0.26610760671843836,false
2,50,98.2,-0.6317877888413419,-0.26362437645706716,false
2,50,98.3,-0.6104850644321428,-0.26096908177207867,false
2,50,98.4,-0.5880019670143791,-0.2581326625748833,false
2,50,98.5,-0.5642186191052136,-0.2551050881495978,false
2,50,98.6,-0.5390001032943634,-0.25187523499088194,false
2,50,98.7,-0.5121943765965936,-0.24843074758802403,false
2,50,98.8,-0.4836299129059596,-0.24475787987822967,false
2,50,98.9,-0.45311306070833623,-0.2408413149515235,false
2,50,99.0,-0.4204251179437693,-0.23666396055063482,false
2,50,99.1,-0.38531915162909064,-0.23220671805229032,false
2,50,99.2,-0.3475166324227661,-0.2274482230660371,false
2,50,99.3,-0.3067040222718981,-0.22236455673208108,false
2,50,99.4,-0.26252955874688344,-0.21692892852221868,false
2,50,99.5,-0.21460063930286397,-0.21111133425852846,false
2,50,99.6,-0.1624824443041425,-0.20487819774695384,false
2,50,99.7,-0.10569877547700084,-0.19819201167849623,false
2,50,99.8,-0.04373655348056801,-0.19101100432357027,false
2,50,99.9,0.02394396821574643,-0.18328887428599303,false
2,50,100.0,0.09789047118175978,-0.1749746574671452,false
3,1,0.0,-1.8633893588791945,0.9432517283983279,true
3,1,0.1,-1.89544272864903,0.9255172164439067,false
3,1,0.2,-1.919496813123561,0.9076567969126949,false
3,1,0.30000000000000004,-1.936988286851434,0.8897380169353477,false
3,1,0.4,-1.94918887726972,0.8718154825522532,false
3,1,0.5,-1.9571798455489053,0.853932609597479,false
3,1,0.6000000000000001,-1.9618542591546815,0.8361234570382327,false
3,1,0.7000000000000001,-1.9639344061985005,0.8184144483974491,false
3,1,0.8,-1.9639956125867923,0.8008258862964533,false
3,1,0.9,-1.9624911341049855,0.7833732296583147,false
3,1,1.0,-1.959775276510412,0.7660681400569517,false
3,1,1.1,-1.9561234974424415,0.7489193218006227,false
3,1,1.2,-1.9517491775511477,0.7319331868765473,false
3,1,1.3,-1.9468172356185773,0.715114376017503,false
3,1,1.4,-1.9414549772669583,0.6984661641787124,false
3,1,1.5,-1.9357606283382112,0.6819907745693758,false
3,1,1.6,-1.9298099871333114,0.6656896211093192,false
3,1,1.7000000000000002,-1.9236615783388782,0.6495634952763167,false
3,1,1.8,-1.9173606296725456,0.6336127099649408,false
3,1,1.9,-1.9109421321222306,0.6178372102225882,false
3,1,2.0,-1.9044331914150363,0.6022366585153094,false
3,1,2.1,-1.8978548336658434,0.5868105004283968,false
3,1,2.2,-1.891223391856262,0.5715580153424239,false
3,1,2.3,-1.8845515709314031,0.5564783555689014,false
3,1,2.4,-1.8778492666802362,0.5415705766159331,false
3,1,2.5,-1.8711241960097587,0.5268336606296959,false
3,1,2.6,-1.8643823826912347,0.5122665345793043,false
3,1,2.7,-1.857628532273865,0.49786808438685204,false
3,1,2.8,-1.8508663219184265,0.4836371659248318,false
3,1,2.9,-1.8440986248383624,0.4695726135893934,false
3,1,3.0,-1.8373276844089828,0.45567324699444006,false
3,2,3.0,-1.7222571066428645,0.4630537913263451,true
3,2,3.1,-1.7357092940359073,0.4502235408366008,false
3,2,3.2,-1.7458675441492066,0.4373795793414128,false
3,2,3.3,-1.7532239477084406,0.42454990183544944,false
3,2,3.4,-1.7582156638281503,0.41175803699072144,false
3,2,3.5,-1.7612239199453565,0.39902359127053355,false
3,2,3.6,-1.762576424054503,0.38636278130253193,false
3,2,3.7,-1.762551752248748,0.37378893023533527,false
3,2,3.8,-1.7613846776032516,0.36131291526956877,false
3,2,3.9,-1.7592717470335115,0.3489435615051735,false
3,2,4.0,-1.7563766753155723,0.33668798237351766,false
3,2,4.1,-1.7528353144176436,0.3245518699508087,false
3,2,4.2,-1.7487600845187319,0.31253974001283497,false
3,2,4.3,-1.7442438351771683,0.300655137290358,false
3,2,4.4,-1.7393631542033456,0.28890080638746835,false
3,2,4.5,-1.7341811684341635,0.27727883348821225,false
3,2,4.6,-1.7287498926766705,0.26579076346998887,false
3,2,4.7,-1.723112186165534,0.2544376964732639,false
3,2,4.8,-1.7173033737534555,0.24322036741036296,false
3,2,4.9,-1.7113525842022914,0.2321392113669639,false
3,2,5.0,-1.7052838519208555,0.2211944173753998,false
3,2,5.1,-1.6991170222349488,0.21038597262467543,false
3,2,5.2,-1.6928684942991865,0.19971369881729467,false
3,2,5.3,-1.686551830332429,0.18917728208318166,false
3,2,5.4,-1.6801782550840578,0.1787762976101557,false
3,2,5.5,-1.673757065329298,0.16851022994213194,false
3,2,5.6,-1.6672959657100264,0.15837848972420457,false
3,2,5.7,-1.660801344320412,0.14838042753228609,false
3,2,5.8,-1.654278499013037,0.13851534530894888,false
3,2,5.9,-1.6477318233998164,0.12878250583216597,false
3,2,6.0,-1.641164959877021,0.11918114056605443,false
3,3,6.0,-1.6058350378749668,0.1945719033519571,true
3,3,6.1,-1.6108106188922129,0.1848179405340598,false
3,3,6.2,-1.61425306051213,0.17509708606256338,false
3,3,6.3,-1.6163550083560647,0.165422250854942,false
3,3,6.4,-1.6172890710005001,0.15580457753697408,false
3,3,6.5,-1.617208499908827,0.14625363441986522,false
3,3,6.6,-1.616248356835475,0.1367775994043426,false
3,3,6.7,-1.6145269615058324,0.1273834304133628,false
3,3,6.8,-1.612147467304302,0.11807702062029357,false
3,3,6.9,-1.6091994580834814,0.10886333793208419,false
3,3,7.0,-1.6057604949349347,0.09974654899960077,false
3,3,7.1,-1.601897568779151,0.09073012854744127,false
3,3,7.2,-1.597668434326419,0.081816955118957,false
3,3,7.3,-1.5931228147989862,0.07300939448083753,false
3,3,7.4,-1.5883034761407344,0.06430937197393305,false
3,3,7.5,-1.5832471754258584,0.05571843506959075,false
3,3,7.6,-1.5779854917438465,0.047237807320454406,false
3,3,7.7,-1.57254554970805,0.03886843480044073,false
3,3,7.8,-1.5669506464545646,0.03061102602355666,false
3,3,7.9,-1.561220792967064,0.02246608622405081,false
3,3,8.0,-1.5553731800679562,0.014433946776603524,false
3,3,8.1,-1.5494225786568465,0.006514790438110277,false
3,3,8.2,-1.5433816828898514,-0.0012913269961922162,false
3,3,8.3,-1.5372614040675348,-0.008984458109296909,false
3,3,8.4,-1.5310711220918525,-0.016564747909503415,false
3,3,8.5,-1.5248189004973003,-0.02403242012796409,false
3,3,8.6,-1.5185116702765895,-0.03138776544083405,false
3,3,8.7,-1.51215538701441,-0.038631131337096766,false
3,3,8.8,-1.5057551652152537,-0.04576291339361467,false
3,3,8.9,-1.4993153931598973,-0.05278354775373604,false
3,3,9.0,-1.4928398311446525,-0.059693504635591976,false
3,4,9.0,-1.5499533788298938,-0.01777946650168178,true
3,4,9.1,-1.5415682963556132,-0.025401324012374354,false
3,4,9.2,-1.5333716559324124,-0.03289131660656536,false
3,4,9.3,-1.5253381124975127,-0.04025201927317651,false
3,4,9.4,-1.5174458973689653,-0.04748577268527446,false
3,4,9.5,-1.509676253184894,-0.054594715024850436,false
3,4,9.6,-1.5020129661552293,-0.06158080885705021,false
3,4,9.7,-1.4944419772367024,-0.06844586389446099,false
3,4,9.8,-1.4869510576485971,-0.07519155633556271,false
3,4,9.9,-1.4795295370918955,-0.08181944533685008,false
3,4,10.0,-1.472168075330012,-0.08833098707832214,false
3,4,10.1,-1.464858469591022,-0.09472754680163188,false
3,4,10.2,-1.4575934916745745,-0.1010104091350769,false
3,4,10.3,-1.4503667497778165,-0.10718078696662602,false
3,4,10.4,-1.443172570958694,-0.11323982908286306,false
3,4,10.5,-1.4360059008813175,-0.11918862675617081,false
3,4,10.6,-1.4288622180745005,-0.1250282194331711,false
3,4,10.7,-1.4217374604102109,-0.13075959965319287,false
3,4,10.8,-1.4146279618960884,-0.13638371730541204,false
3,4,10.9,-1.4075303981930223,-0.14190148331654462,false
3,4,11.0,-1.4004417395288484,-0.14731377284696548,false
3,4,11.1,-1.3933592098934517,-0.15262142806138973,false
3,4,11.2,-1.3862802515775945,-0.15782526053038676,false
3,4,11.3,-1.3792024942645336,-0.16292605331068502,false
3,4,11.4,-1.3721237280054663,-0.16792456274520004,false
3,4,11.5,-1.3650418795115036,-0.17282152001776735,false
3,4,11.6,-1.357954991279803,-0.17761763249250576,false
3,4,11.7,-1.3508612031425917,-0.18231358486343283,false
3,4,11.8,-1.3437587358874714,-0.186910040136277,false
3,4,11.9,-1.33664587664753,-0.19140764046128425,false
3,4,12.0,-1.3295209658019762,-0.1958070078331157,false
3,5,12.0,-1.263538817630297,-0.19040445285425286,true
3,5,12.1,-1.2602170230648753,-0.19415867921660968,false
3,5,12.2,-1.2566701922512136,-0.19785388510980298,false
3,5,12.3,-1.252910762459344,-0.20148849834810745,false
3,5,12.4,-1.2489502985855976,-0.20506106824642917,false
3,5,12.5,-1.244799530391696,-0.20857025690289352,false
3,5,12.6,-1.2404683906008482,-0.21201483089121817,false
3,5,12.7,-1.2359660531567174,-0.21539365336442687,false
3,5,12.8,-1.231300971084486,-0.2187056765657134,false
3,5,12.9,-1.2264809135078032,-0.2219499347376942,false
3,5,13.0,-1.2215130014728297,-0.22512553741772198,false
3,5,13.1,-1.2164037423125837,-0.228231663104214,false
3,5,13.2,-1.211159062353061,-0.23126755327693577,false
3,5,13.3,-1.2057843378188053,-0.23423250675275317,false
3,5,13.4,-1.2002844238412809,-0.2371258743574144,false
3,5,13.5,-1.194663681509981,-0.23994705389335308,false
3,5,13.6,-1.1889260029349678,-0.24269548538323907,false
3,5,13.7,-1.1830748343116337,-0.24537064656896948,false
3,5,13.8,-1.1771131969949065,-0.2479720486459378,false
3,5,13.9,-1.1710437066017556,-0.25049923221268916,false
3,5,14.0,-1.164868590168465,-0.252951763416426,false
3,5,14.1,-1.1585897013933317,-0.2553292302752365,false
3,5,14.2,-1.1522085339967905,-0.25763123915834707,false
3,5,14.3,-1.1457262332298748,-0.2598574114061273,false
3,5,14.4,-1.1391436055587776,-0.2620073800719811,false
3,5,14.5,-1.132461126548351,-0.2640807867686201,false
3,5,14.6,-1.1256789469609088,-0.2660772786015264,false
3,5,14.7,-1.1187968970788265,-0.26799650517265106,false
3,5,14.8,-1.1118144892502875,-0.26983811563755755,false
3,5,14.9,-1.104730918647153,-0.2716017557992885,false
3,5,15.0,-1.0975450622123633,-0.27328706522220386,false
3,6,15.0,-0.9992594354586194,-0.22520959230785323,true
3,6,15.1,-0.9966635274632547,-0.2262894055189524,false
3,6,15.2,-0.9939330011574138,-0.22733688766290885,false
3,6,15.3,-0.9910683460380039,-0.22835104419482447,false
3,6,15.4,-0.9880699579476281,-0.22933089192736097,false
3,6,15.5,-0.984938129246186,-0.2302754580439276,false
3,6,15.6,-0.981673038918273,-0.23118377902876167,false
3,6,15.7,-0.978274742560858,-0.23205489951367192,false
3,6,15.8,-0.9747431621909555,-0.23288787104068542,false
3,6,15.9,-0.9710780758080125,-0.23368175073926895,false
3,6,16.0,-0.9672791066404186,-0.2344355999161834,false
3,6,16.1,-0.9633457119998253,-0.23514848255537074,false
3,6,16.2,-0.9592771716607341,-0.2358194637245646,false
3,6,16.3,-0.9550725756759677,-0.23644760788455232,false
3,6,16.4,-0.9507308115310587,-0.23703197709619253,false
3,6,16.5,-0.9462505505321405,-0.23757162911940174,false
3,6,16.6,-0.9416302333124622,-0.23806561539735638,false
3,6,16.7,-0.9368680543319994,-0.2385129789181061,false
3,6,16.8,-0.9319619452326204,-0.23891275194464617,false
3,6,16.9,-0.9269095568976747,-0.23926395360324074,false
3,6,17.0,-0.9217082400494585,-0.23956558731840952,false
3,6,17.1,-0.9163550242005145,-0.23981663808146944,false
3,6,17.2,-0.9108465947548195,-0.24001606953784335,false
3,6,17.3,-0.9051792680322502,-0.2401628208764846,false
3,6,17.4,-0.8993489639638819,-0.2402558035026957,false
3,6,17.5,-0.8933511761761861,-0.24029389747330993,false
3,6,17.6,-0.8871809391485068,-0.24027594767062374,false
3,6,17.7,-0.8808327920896615,-0.2402007596885753,false
3,6,17.8,-0.8743007391353991,-0.24006709540141402,false
3,6,17.9,-0.8675782054178859,-0.23987366818144773,false
3,6,18.0,-0.8606579885003659,-0.2396191377283242,false
3,7,18.0,-0.9647101026005018,-0.21871055210624862,true
3,7,18.1,-0.9623151167793708,-0.21952224666764458,false
3,7,18.2,-0.959799470177554,-0.22030548258318902,false
3,7,18.3,-0.9571629203794549,-0.22105936147588717,false
3,7,18.4,-0.9544051514834913,-0.22178298900405546,false
3,7,18.5,-0.95152576512896,-0.2224754741171315,false
3,7,18.6,-0.9485242712867697,-0.22313592823363826,false
3,7,18.7,-0.9454000787716097,-0.22376346433951808,false
3,7,18.8,-0.9421524854282263,-0.22435719600465368,false
3,7,18.9,-0.9387806679392299,-0.22491623631495167,false
3,7,19.0,-0.9352836711962099,-0.22543969671687605,false
3,7,19.1,-0.9316603971698074,-0.22592668577078032,false
3,7,19.2,-0.9279095932077063,-0.22637630780879395,false
3,7,19.3,-0.9240298396821595,-0.22678766149236518,false
3,7,19.4,-0.9200195369005626,-0.2271598382638435,false
3,7,19.5,-0.9158768911835996,-0.22749192068569282,false
3,7,19.6,-0.9115999000054814,-0.22778298066005306,false
3,7,19.7,-0.90718633607962,-0.22803207752040436,false
3,7,19.8,-0.9026337302605566,-0.22823825598602268,false
3,7,19.9,-0.8979393531188827,-0.22840054396873644,false
3,7,20.0,-0.8931001950300332,-0.22851795022018634,false
3,7,20.1,-0.888112944599927,-0.2285894618063381,false
3,7,20.2,-0.882973965230169,-0.22861404139438088,false
3,7,20.3,-0.8776792696025717,-0.2285906243353423,false
3,7,20.4,-0.8722244918366816,-0.22851811552373696,false
3,7,20.5,-0.8666048570443627,-0.22839538601331136,false
3,7,20.6,-0.8608151479717232,-0.22822126936542114,false
3,7,20.7,-0.8548496683801746,-0.2279945577037367,false
3,7,20.8,-0.8487022027744366,-0.22771399744577683,false
3,7,20.9,-0.8423659720349995,-0.22737828467816643,false
3,7,21.0,-0.8358335844549526,-0.22698606013844214,false
3,8,21.0,-0.19318488567826045,-0.2346057570064451,true
3,8,21.1,-0.13643375223248524,-0.22798312066175042,false
3,8,21.2,-0.07454220552777921,-0.2208656795456583,false
3,8,21.3,-0.006955026247040794,-0.21320741602781298,false
3,8,21.4,0.06689899589341172,-0.20495747066967704,false
3,8,21.5,0.1475786918319045,-0.19606015075646005,false
3,8,21.6,0.2355859714623302,-0.18645526944478086,false
3,8,21.7,0.3313004871521099,-0.17607898277244724,false
3,8,21.8,0.434890047560028,-0.16486532902994344,false
3,8,21.9,0.5461970833188644,-0.15274869043815134,false
3,8,22.0,0.6646091634486835,-0.13966736082055606,false
3,8,22.1,0.7889337958968197,-0.12556827539369528,false
3,8,22.2,0.9173126290642711,-0.11041270495773997,false
3,8,22.3,1.0472213744723162,-0.09418233844989235,false
3,8,22.4,1.1755985506081015,-0.07688475667369316,false
3,8,22.5,1.2991185521495958,-0.05855701839727137,false
3,8,22.6,1.4145739886780755,-0.03926616687973132,false
3,8,22.7,1.5192794443869384,-0.01910604766084195,false
3,8,22.8,1.6113862453155083,0.001809223901458351,false
3,8,22.9,1.690025279028733,0.02335388497633918,false
3,8,23.0,1.7552596021943299,0.045399507069977356,false
3,8,23.1,1.8078931342998044,0.06782276370376425,false
3,8,23.2,1.8492139894967434,0.09051102530637563,false
3,8,23.3,1.8807450386180298,0.11336554731518318,false
3,8,23.4,1.9040461830487836,0.13630256417781467,false
3,8,23.5,1.9205826938705561,0.15925286465832067,false
3,8,23.6,1.9316534753586558,0.1821604479794436,false
3,8,23.7,1.9383641002033352,0.2049807504510323,false
3,8,23.8,1.9416285648434006,0.22767878112665157,false
3,8,23.9,1.9421867422975727,0.25022736766589493,false
3,8,24.0,1.940628516360448,0.27260561111834597,false
3,9,24.0,1.9617290694410625,0.25246077763057184,true
3,9,24.1,1.955760630314864,0.2749807136042186,false
3,9,24.2,1.9490972174476202,0.2972774783954226,false
3,9,24.3,1.9418949848164673,0.31934708667456724,false
3,9,24.4,1.9342733856977825,0.3411868377969137,false
3,9,24.5,1.926323796752017,0.36279501126494085,false
3,9,24.6,1.9181161432917126,0.38417063393220796,false
3,9,24.7,1.9097039661750868,0.40531330218888206,false
3,9,24.8,1.9011282862339383,0.42622304613606876,false
3,9,24.9,1.8924205472774085,0.44690022576116967,false
3,9,25.0,1.8836048562140426,0.4673454514794012,false
3,9,25.1,1.874699688487148,0.4875595232259529,false
3,9,25.2,1.8657191873769108,0.5075433836782155,false
3,9,25.3,1.8566741549803678,0.5272980822511049,false
3,9,25.4,1.8475728090811834,0.5468247473165584,false
3,9,25.5,1.838421362128862,0.566124564710895,false
3,9,25.6,1.8292244648907385,0.5851987610576931,false
3,9,25.7,1.819985547003738,0.6040485907851502,false
3,9,25.8,1.8107070788415505,0.62267532598299,false
3,9,25.9,1.801390773213411,0.6410802484457193,false
3,9,26.0,1.7920377409549357,0.6592646434021475,false
3,9,26.1,1.7826486111041548,0.6772297945474646,false
3,9,26.2,1.7732236238086159,0.6949769800827679,false
3,9,26.3,1.7637627021800086,0.7125074695345018,false
3,9,26.4,1.7542655078490563,0.729822521177898,false
3,9,26.5,1.7447314838610806,0.7469233799280226,false
3,9,26.6,1.7351598877057237,0.7638112755923444,false
3,9,26.7,1.7255498166281376,0.780487421402024,false
3,9,26.8,1.7159002268748667,0.7969530127570439,false
3,9,26.9,1.7062099481489872,0.8132092261341184,false
3,9,27.0,1.6964776942581186,0.8292572181169825,false
3,10,27.0,1.6367064491153536,0.7512891080947524,true
3,10,27.1,1.6424805539163525,0.7672270393306296,false
3,10,27.2,1.6460051128052664,0.7830904562794738,false
3,10,27.3,1.6475845678976166,0.7988607092922098,false
3,10,27.4,1.6474884256875186,0.8145219153820284,false
3,10,27.5,1.645952475676379,0.8300606222478278,false
3,10,27.6,1.643181084568706,0.8454654913121514,false
3,10,27.7,1.6393500652465356,0.8607270070724033,false
3,10,27.8,1.6346097670901272,0.8758372161173459,false
3,10,27.9,1.6290881524965042,0.8907894964622318,false
3,10,28.0,1.6228937139430197,0.9055783561272328,false
3,10,28.1,1.6161181503927582,0.9201992588696688,false
3,10,28.2,1.6088387661577654,0.9346484744683714,false
3,10,28.3,1.601120584360346,0.9489229507826661,false
3,10,28.4,1.593018185041423,0.9630202048460489,false
3,10,28.5,1.584577288103662,0.9769382304182245,false
3,10,28.6,1.5758361061855233,0.9906754196488301,false
3,10,28.7,1.5668264940924577,1.0042304967624551,false
3,10,28.8,1.557574920868312,1.017602461932655,false
3,10,28.9,1.5481032888654656,1.0307905437579075,false
3,10,29.0,1.538429621856639,1.0437941589770314,false
3,10,29.1,1.5285686417017832,1.0566128782620756,false
3,10,29.2,1.5185322505700387,1.0692463971024704,false
3,10,29.3,1.50832993335076,1.0816945109462877,false
3,10,29.4,1.4979690927358134,1.0939570938946548,false
3,10,29.5,1.487455327543576,1.1060340803559916,false
3,10,29.6,1.4767926631843145,1.117925449160131,false
3,10,29.7,1.4659837417236523,1.1296312097108367,false
3,10,29.8,1.4550299777651006,1.141151389820859,false
3,10,29.9,1.4439316853205737,1.152486024928331,false
3,10,30.0,1.4326881799455335,1.1636351484387049,false
3,11,30.0,1.3893349327888949,1.0892822957322503,true
3,11,30.1,1.388358028137508,1.1004422415497361,false
3,11,30.2,1.3863788477119805,1.1115067348994458,false
3,11,30.3,1.3834767817249383,1.122467657843666,false
3,11,30.4,1.379724769973283,1.1333176501245235,false
3,11,30.5,1.37518932430717,1.1440500444719217,false
3,11,30.6,1.3699306779452407,1.1546588032056297,false
3,11,30.7,1.3640030237465322,1.1651384571052983,false
3,11,30.8,1.3574548105842283,1.17548404720044,false
3,11,30.9,1.350329073321521,1.1856910698745664,false
3,11,31.0,1.342663777410385,1.195755425476209,false
3,11,31.1,1.3344921637807332,1.2056733704761597,false
3,11,31.2,1.3258430834943549,1.2154414730966827,false
3,11,31.3,1.316741314681312,1.225056572257031,false
3,11,31.4,1.3072078566518173,1.2345157396235282,false
3,11,31.5,1.297260197884646,1.2438162445159084,false
3,11,31.6,1.286912555930224,1.2529555213996493,false
3,11,31.7,1.2761760882197353,1.2619311396826716,false
3,11,31.8,1.2650590734162983,1.270740775530763,false
3,11,31.9,1.2535670633436042,1.2793821854168423,false
3,11,32.0,1.2417030057328344,1.2878531811226708,false
3,11,32.1,1.2294673380807752,1.296151605916224,false
3,11,32.2,1.216858052842034,1.3042753116324217,false
3,11,32.3,1.2038707340090407,1.3122221363882431,false
3,11,32.4,1.1904985648809727,1.319989882664615,false
3,11,32.5,1.1767323064966557,1.3275762954861658,false
3,11,32.6,1.1625602458113906,1.334979040425331,false
3,11,32.7,1.1479681122333825,1.342195681148793,false
3,11,32.8,1.132938960597524,1.3492236562112097,false
3,11,32.9,1.1174530180341777,1.3560602547829508,false
3,11,33.0,1.1014874914756576,1.3627025909743486,false
3,12,33.0,0.9895522877601498,1.337056712381783,true
3,12,33.1,0.9753606621335821,1.3426743696010968,false
3,12,33.2,0.9604059879010971,1.3481172710713765,false
3,12,33.3,0.9446547994142479,1.3533795545800782,false
3,12,33.4,0.9280679159513173,1.3584550683666716,false
3,12,33.5,0.9105998142611159,1.3633373180547792,false
3,12,33.6,0.8921978961919808,1.3680194077536252,false
3,12,33.7,0.8728016329744058,1.3724939743275157,false
3,12,33.8,0.8523415645736285,1.3767531136563917,false
3,12,33.9,0.8307381288441508,1.3807882975047991,false
3,12,34.0,0.8079002909752809,1.384590279376109,false
3,12,34.1,0.7837239389300211,1.388148987448645,false
3,12,34.2,0.7580900053405548,1.3914534023662009,false
3,12,34.3,0.7308622708599143,1.3944914172843192,false
3,12,34.4,0.7018847987411179,1.3972496771558565,false
3,12,34.5,0.6709789462692669,1.3997133937807593,false
3,12,34.6,0.6379398970891984,1.4018661326620572,false
3,12,34.7,0.6025326619531965,1.40368956723699,false
3,12,34.8,0.5644875080875995,1.4051631956527086,false
3,12,34.9,0.5234948059241714,1.4062640150420656,false
3,12,35.0,0.47919933698681905,1.4069661484158604,false
3,12,35.1,0.4311942048631346,1.4072404201342936,false
3,12,35.2,0.3790146578004663,1.4070538779507609,false
3,12,35.3,0.32213240427696105,1.4063692636166454,false
3,12,35.4,0.2599514357769758,1.4051444411890541,false
3,12,35.5,0.1918070360831416,1.4033318042558738,false
3,12,35.6,0.11697063976421854,1.4008777027654702,false
3,12,35.7,0.03466458286341523,1.3977219602669786,false
3,12,35.8,-0.05590742153891454,1.3937975968362837,false
3,12,35.9,-0.1555062354456428,1.3890309348086354,false
3,12,36.0,-0.2647702128823095,1.383342343193981,false
3,13,36.0,-6.558618530540933e-5,1.3823640875773282,true
3,13,36.1,-0.09265876631239525,1.3782248489695252,false
3,13,36.2,-0.19441508691723217,1.373225689793547,false
3,13,36.3,-0.30589335455738026,1.367286191893638,false
3,13,36.4,-0.4273530174183159,1.3603226528612187,false
3,13,36.5,-0.5585684233517713,1.3522516749493625,false
3,13,36.6,-0.6986129037359577,1.342995588285471,false
3,13,36.7,-0.8456534949400415,1.3324898081651493,false
3,13,36.8,-0.9968295441834113,1.3206917024807752,false
3,13,36.9,-1.1483093555646067,1.3075897621794672,false
3,13,37.0,-1.2955997481129737,1.2932110600592681,false
3,13,37.1,-1.434103596603911,1.2776246317475939,false
3,13,37.2,-1.5598009335520475,1.2609390151363578,false
3,13,37.3,-1.669841805570511,1.2432937970928375,false
3,13,37.4,-1.7628573149176223,1.2248469699616285,false
3,13,37.5,-1.838919338551046,1.2057611491400504,false
3,13,37.6,-1.8992258722707345,1.186191622319363,false
3,13,37.7,-1.9456675584596694,1.1662780409564004,false
3,13,37.8,-1.9804186466060558,1.1461401222616507,false
3,13,37.9,-2.005632491586495,1.1258766866948222,false
3,13,38.0,-2.023258457600404,1.1055669309125649,false
3,13,38.1,-2.0349593820593186,1.0852728847619897,false
3,13,38.2,-2.0420966953118467,1.065042271081339,false
3,13,38.3,-2.0457534209207155,1.0449112873715638,false
3,13,38.4,-2.0467737963235972,1.0249070671699163,false
3,13,38.5,-2.0458066106646653,1.0050497359997055,false
3,13,38.6,-2.0433455547376167,0.9853540653733127,false
3,13,38.7,-2.0397637966919486,0.9658307702094412,false
3,13,38.8,-2.035342182167326,0.9464875091292073,false
3,13,38.9,-2.0302915209734445,0.9273296466397151,false
3,13,39.0,-2.0247698372018874,0.9083608292857024,false
3,14,39.0,-2.109821601590168,1.0155080787267945,true
3,14,39.1,-2.0922862699956903,0.9952215249380497,false
3,14,39.2,-2.0774750134576365,0.9752313014261805,false
3,14,39.3,-2.0646516561167947,0.9555138362482869,false
3,14,39.4,-2.053290589406046,0.9360514522464656,false
3,14,39.5,-2.0430125039781517,0.9168307087453496,false
3,14,39.6,-2.0335412909961144,0.8978412399797979,false
3,14,39.7,-2.024674527716096,0.8790749303261278,false
3,14,39.8,-2.016262921868982,0.8605253222521125,false
3,14,39.9,-2.008195799023298,0.842187187530525,false
3,14,40.0,-2.0003907422328613,0.8240562144084471,false
3,14,40.1,-1.992786128410458,0.8061287779637017,false
3,14,40.2,-1.9853357108168082,0.7884017706360077,false
3,14,40.3,-1.978004661719987,0.7708724765882317,false
3,14,40.4,-1.9707666659750986,0.7535384781800079,false
3,14,40.5,-1.9636017763844948,0.7363975860874814,false
3,14,40.6,-1.9564948245959537,0.7194477869119544,false
3,14,40.7,-1.9494342392440103,0.7026872037743687,false
3,14,40.8,-1.9424111639822368,0.686114066586319,false
3,14,40.9,-1.9354187972427874,0.6697266895551964,false
3,14,41.0,-1.9284518965266475,0.6535234541139905,false
3,14,41.1,-1.9215064051867925,0.637502795930552,false
3,14,41.2,-1.914579170686833,0.6216631949930822,false
3,14,41.3,-1.9076677313681731,0.6060031680214282,false
3,14,41.4,-1.9007701546646643,0.5905212626413018,false
3,14,41.5,-1.8938849140529366,0.5752160528980844,false
3,14,41.6,-1.8870107952404074,0.5600861357910203,false
3,14,41.7,-1.8801468244753268,0.5451301285865281,false
3,14,41.8,-1.873292213634403,0.5303466667278286,false
3,14,41.9,-1.866446318064007,0.5157344022020606,false
3,14,42.0,-1.8596086041379398,0.5012920022592133,false
3,15,42.0,-1.7942077594802224,0.5350262260116185,true
3,15,42.1,-1.8023335074041693,0.5210335915050817,false
3,15,42.2,-1.807767284479508,0.507081821805618,false
3,15,42.3,-1.8109776167808829,0.49319308521643745,false
3,15,42.4,-1.8123609609651197,0.4793854283393944,false
3,15,42.5,-1.8122488665660146,0.46567343529167016,false
3,15,42.6,-1.8109161316763702,0.4520688109464943,false
3,15,42.7,-1.808588984379686,0.43858088446047333,false
3,15,42.8,-1.8054527343544577,0.42521703624626783,false
3,15,42.9,-1.8016586200083526,0.41198305524023104,false
3,15,43.0,-1.7973297557223458,0.39888343489328393,false
3,15,43.1,-1.7925661901326124,0.3859216165923912,false
3,15,43.2,-1.787449143609766,0.3731001887634493,false
3,15,43.3,-1.7820445189794525,0.36042104908383077,false
3,15,43.4,-1.7764057865119796,0.34788553627350766,false
3,15,43.5,-1.7705763405785462,0.33549453697111153,false
3,15,43.6,-1.7645914164030472,0.3232485723066781,false
3,15,43.7,-1.7584796442389563,0.31114786798860483,false
3,15,43.8,-1.7522643069169501,0.29919241103802785,false
3,15,43.9,-1.745964356023717,0.287381995726169,false
3,15,44.0,-1.7395952324413118,0.27571626078963996,false
3,15,44.1,-1.733169528746363,0.2641947196030759,false
3,15,44.2,-1.726697524016203,0.2528167846652738,false
3,15,44.3,-1.7201876158059914,0.24158178749244055,false
3,15,44.4,-1.7136466693034758,0.23048899479970092,false
3,15,44.5,-1.7070802997856116,0.2195376216805953,false
3,15,44.6,-1.7004931013514546,0.20872684235625688,false
3,15,44.7,-1.693888832361125,0.19805579895493383,false
3,15,44.8,-1.6872705659611646,0.18752360869328635,false
3,15,44.9,-1.6806408124293821,0.17712936975918453,false
3,15,45.0,-1.6740016187501632,0.16687216613810554,false
3,16,45.0,-1.703618853389809,0.23555331334618995,true
3,16,45.1,-1.6990212759013987,0.22464743494905087,false
3,16,45.2,-1.694100443128724,0.21386519850950175,false
3,16,45.3,-1.6889085809467428,0.20320841353764071,false
3,16,45.4,-1.6834892763441278,0.19267843838987422,false
3,16,45.5,-1.6778789066867705,0.18227625601569758,false
3,16,45.6,-1.6721078391692379,0.17200253712926677,false
3,16,45.7,-1.666201433830736,0.1618576928489433,false
3,16,45.8,-1.6601808801120959,0.15184191854230714,false
3,16,45.9,-1.6540638932752794,0.1419552303433493,false
3,16,46.0,-1.6478652934257887,0.13219749557310514,false
3,16,46.1,-1.6415974865514578,0.1225684580930209,false
3,16,46.2,-1.6352708640038622,0.11306775944883374,false
3,16,46.3,-1.6288941342280017,0.10369495651819434,false
3,16,46.4,-1.622474598284793,0.09444953625412783,false
3,16,46.5,-1.6160183787834683,0.08533092801535384,false
3,16,46.6,-1.6095306102127471,0.07633851389041937,false
3,16,46.7,-1.6030155972935018,0.0674716373528412,false
3,16,46.8,-1.5964769468352495,0.05872961052666849,false
3,16,46.9,-1.589917677630526,0.050111720294061274,false
3,16,47.0,-1.583340312134933,0.041617233436943055,false
3,16,47.1,-1.576746953030094,0.03324540097210405,false
3,16,47.2,-1.5701393472292549,0.02499546181211812,false
3,16,47.3,-1.5635189394416478,0.016866645862103062,false
3,16,47.4,-1.556886917045781,0.008858176643883985,false
3,16,47.5,-1.550244247720028,0.0009692735238342309,false
3,16,47.6,-1.543591711030003,-0.00680084639198791,false
3,16,47.7,-1.536929924966899,-0.014452966642277632,false
3,16,47.8,-1.530259368261533,-0.021987870030068496,false
3,16,47.9,-1.5235803991589385,-0.029406337440257953,false
3,16,48.0,-1.5168932712227328,-0.03670914682387077,false
3,17,48.0,-1.4825948353563436,0.003065157449063133,true
3,17,48.1,-1.4830078988021957,-0.00413323721036587,false
3,17,48.2,-1.4826992001517967,-0.011279262467175971,false
3,17,48.3,-1.4817412759477468,-0.018367024455772013,false
3,17,48.4,-1.4802001260018502,-0.025391307208362465,false
3,17,48.5,-1.4781355328226804,-0.03234750917383764,false
3,17,48.6,-1.4756014420928818,-0.03923158343364753,false
3,17,48.7,-1.4726463771524034,-0.046039982017678414,false
3,17,48.8,-1.4693138669504784,-0.05276960450298024,false
3,17,48.9,-1.4656428723457333,-0.059417750914279005,false
3,17,49.0,-1.4616682000258945,-0.06598207882736926,false
3,17,49.1,-1.457420896796584,-0.07246056449547629,false
3,17,49.2,-1.4529286196816,-0.07885146776644378,false
3,17,49.3,-1.4482159793152598,-0.08515330052833345,false
3,17,49.4,-1.4433048556127646,-0.09136479840712491,false
3,17,49.5,-1.4382146857853817,-0.09748489543818199,false
3,17,49.6,-1.432962725516232,-0.1035127014394634,false
3,17,49.7,-1.4275642846067775,-0.10944748182636532,false
3,17,49.8,-1.422032938706543,-0.11528863962351299,false
3,17,49.9,-1.4163807188993311,-0.12103569944622253,false
3,17,50.0,-1.4106182809775736,-0.12668829324260883,false
3,17,50.1,-1.4047550562229634,-0.1322461476056201,false
3,17,50.2,-1.3987993854493312,-0.13770907248208838,false
3,17,50.3,-1.3927586379702313,-0.14307695112283852,false
3,17,50.4,-1.3866393170417466,-0.148349731133776,false
3,17,50.5,-1.3804471532099043,-0.1535274165025626,false
3,17,50.6,-1.374187186868371,-0.15861006048894244,false
3,17,50.7,-1.3678638412103317,-0.1635977592790083,false
3,17,50.8,-1.3614809866416204,-0.16849064631474056,false
3,17,50.9,-1.3550419976121368,-0.17328888722007146,false
3,17,51.0,-1.3485498027203815,-0.17799267525360238,false
3,18,51.0,-1.1794149396292974,-0.09413400672752986,true
3,18,51.1,-1.1884208750075298,-0.09787994184872391,false
3,18,51.2,-1.1968139651493714,-0.10167815003581622,false
3,18,51.3,-1.2045913631192355,-0.1055226144540235,false
3,18,51.4,-1.2117539663626722,-0.10940735370975396,false
3,18,51.5,-1.2183060948348647,-0.11332645445904765,false
3,18,51.6,-1.2242551441387923,-0.11727410070319284,false
3,18,51.7,-1.2296112246301931,-0.12124459961769099,false
3,18,51.8,-1.2343867964200523,-0.1252324038578187,false
3,18,51.9,-1.2385963089413032,-0.12923213036981995,false
3,18,52.0,-1.2422558523468097,-0.13323857580963364,false
3,18,52.1,-1.2453828265613018,-0.13724672873030108,false
3,18,52.2,-1.2479956323964176,-0.1412517787448545,false
3,18,52.3,-1.250113387813937,-0.14524912290422226,false
3,18,52.4,-1.2517556712290894,-0.14923436955062358,false
3,18,52.5,-1.2529422927089795,-0.15320333991747212,false
3,18,52.6,-1.2536930930524164,-0.15715206774854193,false
3,18,52.7,-1.2540277700372773,-0.16107679720368384,false
3,18,52.8,-1.2539657305820342,-0.16497397930728314,false
3,18,52.9,-1.2535259671753751,-0.16884026718037437,false
3,18,53.0,-1.2527269566645176,-0.17267251027917394,false
3,18,53.1,-1.2515865793396574,-0.17646774784287633,false
3,18,53.2,-1.2501220561896509,-0.18022320173281867,false
3,18,53.3,-1.2483499022138995,-0.18393626882430159,false
3,18,53.4,-1.2462858937405445,-0.18760451309204856,false
3,18,53.5,-1.2439450478064409,-0.19122565751091952,false
3,18,53.6,-1.2413416117871579,-0.19479757587537147,false
3,18,53.7,-1.2384890616147934,-0.19831828462447063,false
3,18,53.8,-1.2354001070791105,-0.20178593474410716,false
3,18,53.9,-1.2320867028667233,-0.2051988038044801,false
3,18,54.0,-1.228560064148744,-0.20855528817888122,false
3,19,54.0,-1.1258507196259466,-0.22501103319851593,true
3,19,54.1,-1.1230298586751932,-0.22725167301718852,false
3,19,54.2,-1.120026394495087,-0.22944918382811277,false
3,19,54.3,-1.1168452641677296,-0.23160223096211116,false
3,19,54.4,-1.1134911466691124,-0.2337095336127532,false
3,19,54.5,-1.1099684562199181,-0.23576986204397435,false
3,19,54.6,-1.1062813368813698,-0.23778203476310517,false
3,19,54.7,-1.102433658181308,-0.23974491566998188,false
3,19,54.8,-1.0984290115683413,-0.24165741119081932,false
3,19,54.9,-1.0942707075043099,-0.2435184674036686,false
3,19,55.0,-1.089961773017138,-0.24532706716054656,false
3,19,55.1,-1.0855049495472133,-0.2470822272097082,false
3,19,55.2,-1.0809026909305366,-0.24878299532002424,false
3,19,55.3,-1.0761571613708867,-0.2504284474080181,false
3,19,55.4,-1.071270233261043,-0.2520176846667945,false
3,19,55.5,-1.066243484719592,-0.2535498306948444,false
3,19,55.6,-1.0610781967149565,-0.25502402862152956,false
3,19,55.7,-1.055775349651954,-0.25643943822491105,false
3,19,55.8,-1.0503356192983506,-0.25779523303648916,false
3,19,55.9,-1.044759371929478,-0.25909059742634133,false
3,19,56.0,-1.0390466585679514,-0.2603247236610715,false
3,19,56.1,-1.0331972081927887,-0.26149680892590177,false
3,19,56.2,-1.027210419787709,-0.26260605230112916,false
3,19,56.3,-1.0210853530919521,-0.2636516516820204,false
3,19,56.4,-1.0148207179085114,-0.264632800630008,false
3,19,56.5,-1.0084148618140165,-0.2655486851417623,false
3,19,56.6,-1.0018657561014879,-0.26639848032132774,false
3,19,56.7,-0.9951709797715433,-0.2671813469390026,false
3,19,56.8,-0.9883277013691335,-0.26789642785898865,false
3,19,56.9,-0.9813326584411566,-0.26854284431601194,false
3,19,57.0,-0.9741821343649931,-0.26911969201908814,false
3,20,57.0,-0.975787673847884,-0.26299242561348035,true
3,20,57.1,-0.9691161537512214,-0.26356134490318756,false
3,20,57.2,-0.9622865458191414,-0.2640642171235585,false
3,20,57.3,-0.9552948216568332,-0.2645000594084229,false
3,20,57.4,-0.948136458410153,-0.2648678569283654,false
3,20,57.5,-0.9408064061877237,-0.2651665584460243,false
3,20,57.6,-0.9332990517049858,-0.265395071588346,false
3,20,57.7,-0.925608177711882,-0.26555225780126773,false
3,20,57.8,-0.9177269177088048,-0.26563692694828467,false
3,20,57.9,-0.9096477053896832,-0.2656478315098014,false
3,20,58.0,-0.9013622181752533,-0.26558366033500347,false
3,20,58.1,-0.8928613141120657,-0.2654430318921059,false
3,20,58.2,-0.8841349613117461,-0.26522448695614204,false
3,20,58.3,-0.8751721589882439,-0.26492648066581076,false
3,20,58.4,-0.8659608490156998,-0.2645473738721611,false
3,20,58.5,-0.8564878167730945,-0.2640854236918844,false
3,20,58.6,-0.8467385798604561,-0.26353877316650115,false
3,20,58.7,-0.8366972630609337,-0.26290543991554005,false
3,20,58.8,-0.8263464576786015,-0.26218330365663317,false
3,20,58.9,-0.8156670630977434,-0.2613700924479676,false
3,20,59.0,-0.8046381080789456,-0.26046336748837196,false
3,20,59.1,-0.7932365489228687,-0.2594605062870277,false
3,20,59.2,-0.781437041185203,-0.2583586839878748,false
3,20,59.3,-0.7692116811058286,-0.25715485260262827,false
3,20,59.4,-0.75652971231004,-0.25584571787024923,false
3,20,59.5,-0.7433571926369363,-0.2544277134189207,false
3,20,59.6,-0.7296566151355564,-0.25289697185814713,false
3,20,59.7,-0.7153864763279881,-0.251249292372486,false
3,20,59.8,-0.7005007837552873,-0.24948010432344983,false
3,20,59.9,-0.6849484935823976,-0.24758442629098748,false
3,20,60.0,-0.668672867631432,-0.24555681989924982,false
3,21,60.0,-0.4401300181032084,-0.17466094445650182,true
3,21,60.1,-0.41319835838386576,-0.17087598013606423,false
3,21,60.2,-0.38429438886070183,-0.16686301306339021,false
3,21,60.3,-0.3532037199382571,-0.16260467200314305,false
3,21,60.4,-0.3196853548625534,-0.15808162804075138,false
3,21,60.5,-0.2834688281162888,-0.1532723519256419,false
3,21,60.6,-0.24425143373763503,-0.14815284721623212,false
3,21,60.7,-0.20169581446679438,-0.14269636137285702,false
3,21,60.8,-0.1554283397766859,-0.13687308008873178,false
3,21,60.9,-0.10503892582170504,-0.1306498150070796,false
3,21,61.0,-0.05008326259603843,-0.12398970224297028,false
3,21,61.1,0.009911170533370192,-0.11685193967402172,false
3,21,61.2,0.0754333982337784,-0.10919160573743258,false
3,21,61.3,0.14696905604443128,-0.10095962229144037,false
3,21,61.4,0.22496926020084224,-0.09210294915941437,false
3,21,61.5,0.30980491510030084,-0.08256512690551843,false
3,21,61.6,0.4017035828784092,-0.07228731273588167,false
3,21,61.7,0.5006679042477267,-0.06120997255715033,false
3,21,61.8,0.6063786965964145,-0.04927538336963598,false
3,21,61.9,0.7180929261097276,-0.036431040269624335,false
3,21,62.0,0.8345564110181986,-0.02263392525317419,false
3,21,62.1,0.9539608391718458,-0.00785536705331429,false
3,21,62.2,1.0739789944132525,0.007914074589409457,false
3,21,62.3,1.1919037657767135,0.02466054734547435,false
3,21,62.4,1.3048912045770862,0.04234463937922589,false
3,21,62.5,1.410270559654763,0.06090170731150396,false
3,21,62.6,1.5058514396903455,0.0802450914943049,false
3,21,62.7,1.5901501958207076,0.10027180685303537,false
3,21,62.8,1.6624827252680514,0.12086967814498063,false
3,21,62.9,1.722917067875092,0.14192461670280723,false
3,21,63.0,1.7721218844273128,0.16332689239049059,false
3,22,63.0,1.7398847331179188,0.11607273842260957,true
3,22,63.1,1.7886749233667674,0.13781838040713898,false
3,22,63.2,1.8271341868039217,0.15980338405018996,false
3,22,63.3,1.8566241104797137,0.18193747105986918,false
3,22,63.4,1.8785333239506934,0.20414373370158595,false
3,22,63.5,1.8941685314003576,0.22635824402559898,false
3,22,63.6,1.9046941066037635,0.24852889759948468,false
3,22,63.7,1.9111082979540963,0.2706138900509358,false
3,22,63.8,1.9142433580663867,0.29258010552007047,false
3,22,63.9,1.9147791576928197,0.31440158680837926,false
3,22,64.0,1.9132629003637383,0.3360581740336008,false
3,22,64.1,1.910130301381127,0.35753434334867923,false
3,22,64.2,1.9057256499299302,0.37881824454471474,false
3,22,64.3,1.9003195392736334,0.3999009194538779,false
3,22,64.4,1.894123874998799,0.42077567619652645,false
3,22,64.5,1.8873042223280674,0.4414375932218507,false
3,22,64.6,1.87998976841884,0.46188312896533473,false
3,22,64.7,1.8722812524392713,0.48210981608236225,false
3,22,64.8,1.8642572188908932,0.5021160226566517,false
3,22,64.9,1.8559789168734457,0.5219007660360153,false
3,22,65.0,1.847494121837744,0.5414635678039266,false
3,22,65.1,1.838840108550618,0.5608043407935975,false
3,22,65.2,1.830045960093135,0.5799233010088645,false
3,22,65.3,1.8211343599038585,0.5988208988841502,false
3,22,65.4,1.8121229825450813,0.6174977655555204,false
3,22,65.5,1.8030255735388876,0.635954670786381,false
3,22,65.6,1.7938527884796913,0.654192489948075,false
3,22,65.7,1.784612845798358,0.6722121780426175,false
3,22,65.8,1.7753120352056813,0.6900147492089554,false
3,22,65.9,1.765955114264418,0.7076012605049765,false
3,22,66.0,1.7565456181347798,0.724972799028348,false
3,23,66.0,1.710250413477459,0.6207680871002204,true
3,23,66.1,1.7176034625226007,0.6383449147005108,false
3,23,66.2,1.722219280276017,0.6558473481695049,false
3,23,66.3,1.7245184024221698,0.6732528158949705,false
3,23,66.4,1.7248656975273835,0.6905425094009301,false
3,23,66.5,1.7235736796787975,0.7077008590940583,false
3,23,66.6,1.7209073559096708,0.7247150520816028,false
3,23,66.7,1.717089714738034,0.7415746014524716,false
3,23,66.8,1.7123072728806443,0.7582709696387031,false
3,23,66.9,1.706715330025892,0.7747972442377742,false
3,23,67.0,1.7004427452501034,0.7911478622777006,false
3,23,67.1,1.6935961573355867,0.8073183777626876,false
3,23,67.2,1.6862636391643842,0.8233052670000962,false
3,23,67.3,1.6785178157096066,0.839105766358129,false
3,23,67.4,1.6704184954067318,0.8547177375180475,false
3,23,67.5,1.6620148727845168,0.8701395558216014,false
3,23,67.6,1.6533473609916955,0.8853700178847971,false
3,23,67.7,1.6444491094975064,0.900408265201495,false
3,23,67.8,1.6353472568482295,0.9152537209672559,false
3,23,67.9,1.6260639622107111,0.9299060378034024,false
3,23,68.0,1.6166172532788943,0.9443650544506886,false
3,23,68.1,1.6070217223686354,0.9586307598337637,false
3,23,68.2,1.5972890973723453,0.9727032631769145,false
3,23,68.3,1.5874287097515198,0.9865827690845992,false
3,23,68.4,1.5774478779012888,1.000269556693419,false
3,23,68.5,1.5673522209772277,1.0137639621614623,false
3,23,68.6,1.5571459155639762,1.0270663638918418,false
3,23,68.7,1.5468319053162722,1.0401771699944933,false
3,23,68.8,1.5364120718468035,1.05309680757801,false
3,23,68.9,1.5258873736087755,1.0658257135348936,false
3,23,69.0,1.5152579582687282,1.0783643265419807,false
3,24,69.0,1.3550738009721444,1.0396157867431666,true
3,24,69.1,1.3612007543099416,1.050858858869684,false
3,24,69.2,1.3658463825692617,1.062068776822798,false
3,24,69.3,1.3691057231296015,1.0732326418134395,false
3,24,69.4,1.3710726946817389,1.084338517001073,false
3,24,69.5,1.3718385217995976,1.0953754026447495,false
3,24,69.6,1.3714905461707159,1.1063331988034446,false
3,24,69.7,1.370111376907201,1.1172026590078978,false
3,24,69.8,1.3677783284019507,1.1279753378429345,false
3,24,69.9,1.364563094527238,1.1386435348841395,false
3,24,70.0,1.3605316111821348,1.1492002369585066,false
3,24,70.1,1.355744064113197,1.1596390602659628,false
3,24,70.2,1.3502550046609245,1.169954193518509,false
3,24,70.3,1.3441135419787953,1.1801403429300057,false
3,24,70.4,1.3373635859052955,1.1901926796213862,false
3,24,70.5,1.330044119787431,1.2001067897892153,false
3,24,70.6,1.3221894870293895,1.2098786278142533,false
3,24,70.7,1.313829678933929,1.2195044723545874,false
3,24,70.8,1.3049906145360113,1.2289808853684643,false
3,24,70.9,1.2956944056513864,1.2383046739391306,false
3,24,71.0,1.2859596023474413,1.2474728547222889,false
3,24,71.1,1.2758014155651338,1.2564826208014708,false
3,24,71.2,1.2652319147527418,1.2653313107136825,false
3,24,71.3,1.254260199181671,1.2740163793937473,false
3,24,71.4,1.2428925421604184,1.2825353707781153,false
3,24,71.5,1.231132507694535,1.290885891805291,false
3,24,71.6,1.218981039298498,1.299065587548661,false
3,24,71.7,1.2064365206816772,1.3070721172169146,false
3,24,71.8,1.193494807929227,1.3149031307562657,false
3,24,71.9,1.1801492325970178,1.3225562457863034,false
3,24,72.0,1.166390574848731,1.330029024596668,false
3,25,72.0,1.1579798417208564,1.2552089428756217,true
3,25,72.1,1.1513494364676304,1.263005252762793,false
3,25,72.2,1.1440793719046725,1.270680670420468,false
3,25,72.3,1.136182797875453,1.2782302813632465,false
3,25,72.4,1.1276702809057397,1.285649315899098,false
3,25,72.5,1.1185497077439037,1.2929331239431248,false
3,25,72.6,1.108826189481113,1.3000771491387266,false
3,25,72.7,1.0985019608278495,1.307076902271523,false
3,25,72.8,1.0875762692833582,1.3139279339125782,false
3,25,72.9,1.0760452489982772,1.3206258061800709,false
3,25,73.0,1.0639017740808143,1.3271660634615607,false
3,25,73.1,1.051135285917498,1.3335442018913302,false
3,25,73.2,1.037731588754665,1.3397556373276445,false
3,25,73.3,1.0236726072987934,1.345795671521799,false
3,25,73.4,1.0089360994223058,1.3516594561129343,false
3,25,73.5,0.9934953161824863,1.3573419540180507,false
3,25,73.6,0.9773186002460036,1.3628378977134568,false
3,25,73.7,0.960368912425955,1.3681417438197985,false
3,25,73.8,0.9426032743420659,1.3732476233052469,false
3,25,73.9,0.9239721131612424,1.3781492865074219,false
3,25,74.0,0.9044184919131718,1.3828400420408018,false
3,25,74.1,0.88387720594881,1.3873126884988711,false
3,25,74.2,0.8622737226642225,1.3915594376747402,false
3,25,74.3,0.8395229376037037,1.395571827805677,false
3,25,74.4,0.8155277154643189,1.3993406250908809,false
3,25,74.5,0.7901771793791088,1.402855711432917,false
3,25,74.6,0.7633447062815407,1.4061059560072335,false
3,25,74.7,0.7348855804366755,1.4090790678686653,false
3,25,74.8,0.7046342519310679,1.4117614263601785,false
3,25,74.9,0.6724011430732764,1.4141378856058275,false
3,25,75.0,0.6379689450570699,1.416191548868084,false
3,26,75.0,0.371926492535351,1.3965132002575302,true
3,26,75.1,0.31548573767357846,1.3958429243468276,false
3,26,75.2,0.25376292350277235,1.3946364536606062,false
3,26,75.3,0.18610028932493153,1.3928463359912848,false
3,26,75.4,0.11177752777678984,1.390419144018932,false
3,26,75.5,0.030026566808346866,1.3872950042454983,false
3,26,75.6,-0.05993813846153996,1.3834073309374737,false
3,26,75.7,-0.1588661328887913,1.378682939476952,false
3,26,75.8,-0.26738509114458564,1.3730427903538363,false
3,26,75.9,-0.38587359252832576,1.3664036986517134,false
3,26,76.0,-0.5142881745681136,1.358681407033077,false
3,26,76.1,-0.6519527550236061,1.3497954075943102,false
3,26,76.2,-0.7973417523668054,1.3396757229353782,false
3,26,76.3,-0.9479203016156607,1.328271424639177,false
3,26,76.4,-1.100132747923276,1.3155599485492804,false
3,26,76.5,-1.2496276055503388,1.3015554155496523,false
3,26,76.6,-1.3917466081665142,1.2863136000328415,false
3,26,76.7,-1.5221917199609343,1.2699314485093587,false
3,26,76.8,-1.6376755072479117,1.2525403905672936,false
3,26,76.9,-1.7363397993133665,1.2342946590728017,false
3,26,77.0,-1.8178250277243717,1.215357429531894,false
3,26,77.1,-1.8830251566214447,1.1958879481420914,false
3,26,77.2,-1.9336707802138973,1.1760319164490487,false
3,26,77.3,-1.9718971866922885,1.155915941831373,false
3,26,77.4,-1.9999003451653492,1.135645635656025,false
3,26,77.5,-2.019715572888208,1.1153063201561726,false
3,26,77.6,-2.0331065088338662,1.094965232438943,false
3,26,77.7,-2.0415327220182635,1.0746743430510524,false
3,26,77.8,-2.0461639366965843,1.0544732148680813,false
3,26,77.9,-2.047916604134073,1.0343915930750383,false
3,26,78.0,-2.047497401630213,1.0144516003810173,false
3,27,78.0,-2.0156522024137513,1.0188882137014377,true
3,27,78.1,-2.0215803316448846,0.9993272568996111,false
3,27,78.2,-2.024405084679915,0.9798702785397662,false
3,27,78.3,-2.0248638406057435,0.9605414364946339,false
3,27,78.4,-2.0235261726288876,0.9413587503512219,false
3,27,78.5,-2.0208281736176157,0.9223355236538681,false
3,27,78.6,-2.017101745566975,0.9034814634649362,false
3,27,78.7,-2.0125985122726546,0.8848035480382556,false
3,27,78.8,-2.007508791088229,0.8663066921085939,false
3,27,78.9,-2.0019763590786455,0.8479942533053517,false
3,27,79.0,-1.996109797666789,0.8298684157861431,false
3,27,79.1,-1.9899911324120994,0.811930479989484,false
3,27,79.2,-1.9836823745340006,0.7941810811153291,false
3,27,79.3,-1.9772304552801352,0.7766203537502843,false
3,27,79.4,-1.9706709397510018,0.7592480559161581,false
3,27,79.5,-1.964030819010429,0.7420636625955809,false
3,27,79.6,-1.9573306086524407,0.7250664363123431,false
3,27,79.7,-1.9505859266223577,0.7082554804619016,false
3,27,79.8,-1.9438086804491117,0.6916297796662225,false
3,27,79.9,-1.9370079615899494,0.6751882303585427,false
3,27,80.0,-1.9301907200772215,0.6589296640023531,false
3,27,80.1,-1.923362274240233,0.6428528647489621,false
3,27,80.2,-1.9165266964829386,0.6269565828890423,false
3,27,80.3,-1.9096871057892295,0.6112395451175888,false
3,27,80.4,-1.9028458899292036,0.5957004623801363,false
3,27,80.5,-1.8960048745922262,0.5803380358795306,false
3,27,80.6,-1.8891654523799668,0.5651509616810552,false
3,27,80.7,-1.8823286813842588,0.5501379342473911,false
3,27,80.8,-1.8754953606741465,0.5352976491548613,false
3,27,80.9,-1.8686660882181274,0.5206288051820772,false
3,27,81.0,-1.8618413054183778,0.5061301059165375,false
3,28,81.0,-1.83845227728977,0.6193206693508918,true
3,28,81.1,-1.8462156455423153,0.6043059022999074,false
3,28,81.2,-1.8511758376724659,0.5893433763570646,false
3,28,81.3,-1.8538561624316467,0.5744559303100951,false
3,28,81.4,-1.8546914839216442,0.5596618523568087,false
3,28,81.5,-1.8540391463876145,0.5449756749496433,false
3,28,81.6,-1.8521903470570444,0.5304088605726166,false
3,28,81.7,-1.8493809203050695,0.515970380380272,false
3,28,81.8,-1.8458010124719455,0.5016671945836844,false
3,28,81.9,-1.8416034538252026,0.4875046465516054,false
3,28,82.0,-1.8369108259189781,0.47348678331621874,false
3,28,82.1,-1.8318213240562111,0.45961661457588115,false
3,28,82.2,-1.8264135594035107,0.44589632104581833,false
3,28,82.3,-1.8207504568443966,0.4323274215315866,false
3,28,82.4,-1.8148823980845794,0.4189109066212374,false
3,28,82.5,-1.8088497442686633,0.4056473455296603,false
3,28,82.6,-1.8026848539806517,0.3925369714334405,false
3,28,82.7,-1.796413694047553,0.37957974961868357,false
3,28,82.8,-1.7900571235874554,0.3667754319189694,false
3,28,82.9,-1.7836319168839578,0.35412360022766337,false
3,28,83.0,-1.7771515780694944,0.34162370130677827,false
3,28,83.1,-1.770626990142529,0.32927507466217737,false
3,28,83.2,-1.7640669322916571,0.3170769748927329,false
3,28,83.3,-1.757478492579458,0.3050285896322236,false
3,28,83.4,-1.7508673974812794,0.29312905397302425,false
3,28,83.5,-1.7442382753348562,0.2813774620782299,false
3,28,83.6,-1.7375948672242176,0.2697728765441682,false
3,28,83.7,-1.7309401960179305,0.2583143359605332,false
3,28,83.8,-1.7242767020607248,0.24700086102441954,false
3,28,83.9,-1.7176063522597995,0.23583145949239973,false
3,28,84.0,-1.710930727916644,0.2248051301975407,false
3,29,84.0,-1.7542716102647316,0.29607315845009285,true
3,29,84.1,-1.7473625487949516,0.2842700971280883,false
3,29,84.2,-1.740485491700167,0.27261676635390836,false
3,29,84.3,-1.7336353861538023,0.2611117987389516,false
3,29,84.4,-1.7268080711219669,0.2497538789994504,false
3,29,84.5,-1.720000106566553,0.23854173621265046,false
3,29,84.6,-1.7132086364497157,0.2274741375342716,false
3,29,84.7,-1.7064312785982776,0.21654988308983153,false
3,29,84.8,-1.699666035963929,0.20576780181108523,false
3,29,84.9,-1.6929112249661067,0.19512674803509672,false
3,29,85.0,-1.6861654175041552,0.18462559872003664,false
3,29,85.1,-1.679427393930754,0.17426325116078925,false
3,29,85.2,-1.6726961048331679,0.16403862111048695,false
3,29,85.3,-1.6659706399060275,0.15395064123243252,false
3,29,85.4,-1.6592502025447973,0.14399825982150782,false
3,29,85.5,-1.6525340890626998,0.1341804397458767,false
3,29,85.6,-1.6458216716510816,0.12449615756917219,false
3,29,85.7,-1.6391123843760076,0.11494440282089428,false
3,29,85.8,-1.632405711641638,0.10552417738880734,false
3,29,85.9,-1.6257011786609765,0.0962344950120144,false
3,29,86.0,-1.6189983435626636,0.08707438085733428,false
3,29,86.1,-1.6122967908331005,0.07804287116480221,false
3,29,86.2,-1.605596125849937,0.06913901295070547,false
3,29,86.3,-1.5988959703085968,0.060361863758669726,false
3,29,86.4,-1.5921959583803391,0.05171049145102413,false
3,29,86.5,-1.5854957334700661,0.0431839740340697,false
3,29,86.6,-1.5787949454661327,0.034781399512015566,false
3,29,86.7,-1.5720932483938976,0.026501865765281726,false
3,29,86.8,-1.565390298400552,0.01834448044963198,false
3,29,86.9,-1.5586857520116097,0.010308360913230194,false
3,29,87.0,-1.551979264609894,0.0023926341292312553,false
3,30,87.0,-1.5463494767541903,0.02670833884429734,true
3,30,87.1,-1.5425440069495897,0.018771845237475653,false
3,30,87.2,-1.5384034401565951,0.010930002347855157,false
3,30,87.3,-1.53396831817026,0.0031849974779008016,false
3,30,87.4,-1.5292740621775833,-0.004461345727114862,false
3,30,87.5,-1.5243515940006742,-0.012007520578049857,false
3,30,87.6,-1.5192278913142243,-0.019452296372350953,false
3,30,87.7,-1.5139264806463233,-0.026794682525363697,false
3,30,87.8,-1.5084678728627896,-0.03403389721589512,false
3,30,87.9,-1.5028699462412012,-0.041169340008982924,false
3,30,88.0,-1.497148282315061,-0.04820056797011328,false
3,30,88.1,-1.4913164595247268,-0.0551272748356483,false
3,30,88.2,-1.4853863094325854,-0.06194927285237879,false
3,30,88.3,-1.4793681399043317,-0.06866647694397442,false
3,30,88.4,-1.4732709292670734,-0.07527889090318067,false
3,30,88.5,-1.4671024950560372,-0.08178659534575132,false
3,30,88.6,-1.4608696405728752,-0.08818973719535039,false
3,30,88.7,-1.4545782821111193,-0.09448852049818725,false
3,30,88.8,-1.4482335593643672,-0.10068319839221625,false
3,30,88.9,-1.4418399312232564,-0.1067740660786313,false
3,30,89.0,-1.4354012588887866,-0.11276145466342166,false
3,30,89.1,-1.4289208779813027,-0.11864572575423228,false
3,30,89.2,-1.422401661104768,-0.12442726671297664,false
3,30,89.3,-1.4158460721326493,-0.13010648647785386,false
3,30,89.4,-1.4092562133124311,-0.1356838118798674,false
3,30,89.5,-1.402633866137995,-0.1411596843888544,false
3,30,89.6,-1.3959805268105092,-0.14653455723260791,false
3,30,89.7,-1.3892974369968043,-0.1518088928400859,false
3,30,89.8,-1.382585610497404,-0.1569831605661039,false
3,30,89.9,-1.3758458563525848,-0.16205783466043852,false
3,30,90.0,-1.36907879884234,-0.1670333924490426,false
3,31,90.0,-1.3057552547667581,-0.11222626186181558,true
3,31,90.1,-1.3080184128520924,-0.11696663885381135,false
3,31,90.2,-1.3097020090183222,-0.12169031545108489,false
3,31,90.3,-1.3108378143802364,-0.12639224792607726,false
3,31,90.4,-1.3114569278677477,-0.13106771786377294,false
3,31,90.5,-1.3115895536397113,-0.13571232255356064,false
3,31,90.6,-1.3112648278888737,-0.14032196364217173,false
3,31,90.7,-1.3105106893847804,-0.14489283448733847,false
3,31,90.8,-1.3093537880890804,-0.14942140659653863,false
3,31,90.9,-1.3078194263649978,-0.15390441548117267,false
3,31,91.0,-1.3059315276303043,-0.15833884620530006,false
3,31,91.1,-1.3037126277209885,-0.16272191886066675,false
3,31,91.2,-1.3011838847007113,-0.16705107415679699,false
3,31,91.3,-1.2983651033377772,-0.17132395927667354,false
3,31,91.4,-1.2952747709535108,-0.17553841411501767,false
3,31,91.5,-1.2919301018071743,-0.17969245798724587,false
3,31,91.6,-1.288347087612065,-0.1837842768725487,false
3,31,91.7,-1.2845405521688074,-0.18781221123384914,false
3,31,91.8,-1.2805242084520516,-0.1917747444402634,false
3,31,91.9,-1.2763107167953345,-0.19567049180369578,false
3,31,92.0,-1.2719117430869216,-0.19949819022995133,false
3,31,92.1,-1.2673380161194725,-0.2032566884758658,false
3,31,92.2,-1.2625993834314053,-0.20694493799707786,false
3,31,92.3,-1.2577048651413583,-0.21056198436588516,false
3,31,92.4,-1.2526627054126935,-0.2141069592348488,false
3,31,92.5,-1.247480421296055,-0.21757907281918765,false
3,31,92.6,-1.2421648487878754,-0.22097760686932003,false
3,31,92.7,-1.236722186014475,-0.22430190810397588,false
3,31,92.8,-1.2311580335077652,-0.22755138207396094,false
3,31,92.9,-1.2254774315819907,-0.23072548742677051,false
3,31,93.0,-1.2196848948536074,-0.23382373054271247,false
3,32,93.0,-1.0337774581347945,-0.17380969590676554,true
3,32,93.1,-1.0365457343457243,-0.1756074652240748,false
3,32,93.2,-1.039142527994998,-0.17741664162218324,false
3,32,93.3,-1.0415649922253734,-0.17923555623105528,false
3,32,93.4,-1.0438106826610534,-0.18106252817691704,false
3,32,93.5,-1.0458775477089832,-0.1828958683167521,false
3,32,93.6,-1.0477639166900752,-0.18473388284638567,false
3,32,93.7,-1.0494684860255794,-0.18657487676421894,false
3,32,93.8,-1.050990303711132,-0.18841715717490845,false
3,32,93.9,-1.0523287523140175,-0.1902590364195485,false
3,32,94.0,-1.0534835307282144,-0.19209883502117103,false
3,32,94.1,-1.0544546349171982,-0.19393488443659065,false
3,32,94.2,-1.0552423378666995,-0.19576552960776328,false
3,32,94.3,-1.0558471689590976,-0.1975891313078672,false
3,32,94.4,-1.0562698929683316,-0.19940406827923338,false
3,32,94.5,-1.0565114888596114,-0.20120873916203036,false
3,32,94.6,-1.0565731285622368,-0.20300156421423396,false
3,32,94.7,-1.056456155866937,-0.20478098682487375,false
3,32,94.8,-1.056162065581692,-0.20654547482384136,false
3,32,94.9,-1.0556924830623697,-0.20829352159266967,false
3,32,95.0,-1.0550491442169994,-0.21002364698164414,false
3,32,95.1,-1.0542338760653838,-0.2117343980393959,false
3,32,95.2,-1.053248577919251,-0.21342434956175374,false
3,32,95.3,-1.0520952032324205,-0.21509210446710675,false
3,32,95.4,-1.0507757421556667,-0.21673629400586153,false
3,32,95.5,-1.049292204817183,-0.21835557781177603,false
3,32,95.6,-1.0476466053368343,-0.21994864380302748,false
3,32,95.7,-1.045840946570778,-0.22151420794083485,false
3,32,95.8,-1.0438772055725183,-0.22305101385331924,false
3,32,95.9,-1.0417573197469956,-0.22455783233205634,false
3,32,96.0,-1.0394831736658845,-0.22603346070846755,false
3,33,96.0,-1.0256350726673422,-0.24122685982307643,true
3,33,96.1,-1.0216377535374637,-0.24242455891452275,false
3,33,96.2,-1.0174982672904418,-0.24357618206357573,false
3,33,96.3,-1.0132172105756911,-0.2446807669068263,false
3,33,96.4,-1.008794964915704,-0.24573736262691956,false
3,33,96.5,-1.0042316870891113,-0.2467450278521638,false
3,33,96.6,-0.9995272990548966,-0.24770282848137096,false
3,33,96.7,-0.9946814773026412,-0.24860983542974688,false
3,33,96.8,-0.9896936415079396,-0.24946512229059906,false
3,33,96.9,-0.984562942365253,-0.2502677629065301,false
3,33,97.0,-0.9792882484623305,-0.25101682884262394,false
3,33,97.1,-0.9738681320507132,-0.25171138675289884,false
3,33,97.2,-0.9683008535555653,-0.2523504956299806,false
3,33,97.3,-0.9625843446549104,-0.2529332039265285,false
3,33,97.4,-0.9567161897430361,-0.2534585465354036,false
3,33,97.5,-0.9506936055750727,-0.2539255416138867,false
3,33,97.6,-0.9445134188692145,-0.2543331872354095,false
3,33,97.7,-0.938172041619346,-0.25468045785022814,false
3,33,97.8,-0.931665443843509,-0.25496630053421504,false
3,33,97.9,-0.9249891234621846,-0.25518963100244096,false
3,33,98.0,-0.9181380729641494,-0.25534932936142263,false
3,33,98.1,-0.9111067424760088,-0.25544423557077833,false
3,33,98.2,-0.9038889988035721,-0.2554731445815163,false
3,33,98.3,-0.8964780799580683,-0.2554348011142137,false
3,33,98.4,-0.8888665446166769,-0.255327894035866,false
3,33,98.5,-0.8810462158936598,-0.25515105028911467,false
3,33,98.6,-0.8730081187139848,-0.25490282832180466,false
3,33,98.7,-0.8647424099839325,-0.2545817109582784,false
3,33,98.8,-0.8562383006406713,-0.2541860976463556,false
3,33,98.9,-0.847483968532685,-0.2537142960054346,false
3,33,99.0,-0.8384664609323654,-0.2531645125914173,false
3,34,99.0,-0.6838078574737383,-0.21409578436478638,true
3,34,99.1,-0.6709003827555248,-0.21231861709797423,false
3,34,99.2,-0.6573902113234313,-0.21043343853389632,false
3,34,99.3,-0.6432287532041353,-0.2084352971368081,false
3,34,99.4,-0.6283620787265106,-0.2063188082758794,false
3,34,99.5,-0.6127302400353143,-0.2040781054114453,false
3,34,99.6,-0.5962664962678531,-0.20170678498802758,false
3,34,99.7,-0.5788964284213821,-0.1991978441343747,false
3,34,99.8,-0.5605369282750481,-0.19654361014166605,false
3,34,99.9,-0.5410950441193425,-0.19373566054775807,false
3,34,100.0,-0.5204666646652232,-0.19076473249925163,false
4,1,0.0,-1.8633893588791945,0.9432517283983279,true
4,1,0.1,-1.89544272864903,0.9255172164439067,false
4,1,0.2,-1.919496813123561,0.9076567969126949,false
4,1,0.30000000000000004,-1.936988286851434,0.8897380169353477,false
4,1,0.4,-1.94918887726972,0.8718154825522532,false
4,1,0.5,-1.9571798455489053,0.853932609597479,false
4,1,0.6000000000000001,-1.9618542591546815,0.8361234570382327,false
4,1,0.7000000000000001,-1.9639344061985005,0.8184144483974491,false
4,1,0.8,-1.9639956125867923,0.8008258862964533,false
4,1,0.9,-1.9624911341049855,0.7833732296583147,false
4,1,1.0,-1.959775276510412,0.7660681400569517,false
4,1,1.1,-1.9561234974424415,0.7489193218006227,false
4,1,1.2,-1.9517491775511477,0.7319331868765473,false
4,1,1.3,-1.9468172356185773,0.715114376017503,false
4,1,1.4,-1.9414549772669583,0.6984661641787124,false
4,1,1.5,-1.9357606283382112,0.6819907745693758,false
4,1,1.6,-1.9298099871333114,0.6656896211093192,false
4,1,1.7000000000000002,-1.9236615783388782,0.6495634952763167,false
4,1,1.8,-1.9173606296725456,0.6336127099649408,false
4,1,1.9,-1.9109421321222306,0.6178372102225882,false
4,1,2.0,-1.9044331914150363,0.6022366585153094,false
4,1,2.1,-1.8978548336658434,0.5868105004283968,false
4,1,2.2,-1.891223391856262,0.5715580153424239,false
4,1,2.3,-1.8845515709314031,0.5564783555689014,false
4,1,2.4,-1.8778492666802362,0.5415705766159331,false
4,1,2.5,-1.8711241960097587,0.5268336606296959,false
4,1,2.6,-1.8643823826912347,0.5122665345793043,false
4,1,2.7,-1.857628532273865,0.49786808438685204,false
4,1,2.8,-1.8508663219184265,0.4836371659248318,false
4,1,2.9,-1.8440986248383624,0.4695726135893934,false
4,1,3.0,-1.8373276844089828,0.45567324699444006,false
4,1,3.1,-1.8305552494768953,0.44193787620643316,false
4,1,3.2,-1.8237826797102692,0.42836530584389904,false
4,1,3.3,-1.8170110277763003,0.414954338292069,false
4,1,3.4,-1.810241103563019,0.40170377622656495,false
4,1,3.5,-1.8034735244625497,0.3886124245965506,false
4,1,3.6,-1.7967087548140253,0.3756790921842476,false
4,1,3.7,-1.7899471368997706,0.36290259283183474,false
4,1,3.8,-1.7831889153472393,0.3502817464067319,false
4,1,3.9,-1.7764342563729847,0.33781537956076385,false
4,1,4.0,-1.7696832629842463,0.3255023263266606,false
4,2,4.0,-1.6694433869581868,0.3723335876818225,true
4,2,4.1,-1.6824255543241362,0.3606551557460269,false
4,2,4.2,-1.6924652186003715,0.34895718172719836,false
4,2,4.3,-1.6999584958260665,0.33726493676310637,false
4,2,4.4,-1.7052648213094512,0.3256000407575394,false
4,2,4.5,-1.7087043125393138,0.31398084003067944,false
4,2,4.6,-1.7105579164728784,0.3024227927674848,false
4,2,4.7,-1.7110693646391084,0.2909388413325272,false
4,2,4.8,-1.7104481811016932,0.2795397586087792,false
4,2,4.9,-1.708873195472752,0.2682344615606999,false
4,2,5.0,-1.706496186734425,0.2570302894677117,false
4,2,5.1,-1.7034454186473322,0.24593324707458172,false
4,2,5.2,-1.6998289266815452,0.2349482146158081,false
4,2,5.3,-1.6957374856554013,0.22407912760257917,false
4,2,5.4,-1.691247233291364,0.2133291296623304,false
4,2,5.5,-1.6864219538116936,0.20270070178038,false
4,2,5.6,-1.6813150425429135,0.19219577114589492,false
4,2,5.7,-1.6759711811684723,0.18181580254394314,false
4,2,5.8,-1.6704277566258516,0.1715618749235496,false
4,2,5.9,-1.6647160567136727,0.1614347454477141,false
4,2,6.0,-1.6588622736425782,0.15143490301871218,false
4,2,6.1,-1.6528883439488797,0.1415626129835149,false
4,2,6.2,-1.6468126499784945,0.13181795446576394,false
4,2,6.3,-1.6406506048988578,0.12220085154405182,false
4,2,6.4,-1.634415140113762,0.11271109930036957,false
4,2,6.5,-1.62811711114662,0.10334838559518729,false
4,2,6.6,-1.6217656355649015,0.09411230928377932,false
4,2,6.7,-1.6153683743481027,0.08500239546895658,false
4,2,6.8,-1.6089317662375486,0.0760181082852656,false
4,2,6.9,-1.602461223021587,0.06715886162612732,false
4,2,7.0,-1.595961292372685,0.05842402815577868,false
4,2,7.1,-1.5894357937313919,0.04981294689002468,false
4,2,7.2,-1.5828879317954225,0.041324929581785706,false
4,2,7.3,-1.576320391392384,0.03295926610760041,false
4,2,7.4,-1.5697354168671591,0.024715229018235217,false
4,2,7.5,-1.5631348785782104,0.016592077389195485,false
4,2,7.6,-1.5565203286526688,0.008589060084261023,false
4,2,7.7,-1.549893047782433,0.0007054185263742491,false
4,2,7.8,-1.5432540845394738,-0.00705961094538064,false
4,2,7.9,-1.536604288437166,-0.014706795066904966,false
4,2,8.0,-1.529944337756595,-0.022236901933261555,false
4,3,8.0,-1.5900690618540554,0.11831699613929995,true
4,3,8.1,-1.5898541262387798,0.10929112277858495,false
4,3,8.2,-1.5888208560679482,0.10033724630203643,false
4,3,8.3,-1.58707385387037,0.09146184962348415,false
4,3,8.4,-1.5847050091165185,0.08267046858828028,false
4,3,8.5,-1.5817947396264995,0.07396780975457906,false
4,3,8.6,-1.5784132111264237,0.06535785599651789,false
4,3,8.7,-1.5746214973891006,0.05684396040467333,false
4,3,8.8,-1.570472658551582,0.04842892922689367,false
4,3,8.9,-1.5660127261652688,0.04011509473939191,false
4,3,9.0,-1.5612815911908173,0.03190437899901524,false
4,3,9.1,-1.5563137962810796,0.023798349430146755,false
4,3,9.2,-1.5511392369511912,0.01579826716423458,false
4,3,9.3,-1.5457837781356323,0.007905128991467423,false
4,3,9.4,-1.540269793580311,0.0001197037132838006,false
4,3,9.5,-1.5346166358172924,-0.007557436391426642,false
4,3,9.6,-1.5288410443446663,-0.015125888349495662,false
4,3,9.7,-1.5229574992456005,-0.022585394961998958,false
4,3,9.8,-1.5169785269427163,-0.02993582446216079,false
4,3,9.9,-1.510914964174673,-0.03717715292892422,false
4,3,10.0,-1.5047761856534991,-0.044309449078561026,false
4,3,10.1,-1.4985703002471378,-0.05133286110666049,false
4,3,10.2,-1.4923043199521724,-0.058247605296953685,false
4,3,10.3,-1.485984305387808,-0.06505395615211554,false
4,3,10.4,-1.4796154910588784,-0.07175223783542507,false
4,3,10.5,-1.473202393203799,-0.07834281674146175,false
4,3,10.6,-1.4667489026613436,-0.08482609503937001,false
4,3,10.7,-1.4602583648547645,-0.09120250505410851,false
4,3,10.8,-1.4537336486991632,-0.09747250436994838,false
4,3,10.9,-1.447177205983926,-0.1036365715566939,false
4,3,11.0,-1.4405911225622152,-0.10969520243301921,false
4,3,11.1,-1.4339771624899111,-0.11564890679326054,false
4,3,11.2,-1.4273368060932163,-0.12149820553424703,false
4,3,11.3,-1.4206712828039678,-0.12724362812753495,false
4,3,11.4,-1.4139815994814369,-0.132885710389935,false
4,3,11.5,-1.4072685648363128,-0.13842499251167167,false
4,3,11.6,-1.4005328104842667,-0.14386201730703974,false
4,3,11.7,-1.3937748090808724,-0.14919732865715818,false
4,3,11.8,-1.386994889924907,-0.1544314701184824,false
4,3,11.9,-1.3801932523616034,-0.15956498367421384,false
4,3,12.0,-1.373369977269909,-0.16459840860873023,false
4,4,12.0,-1.263538817630297,-0.19040445285425286,true
4,4,12.1,-1.2602170230648753,-0.19415867921660968,false
4,4,12.2,-1.2566701922512136,-0.19785388510980298,false
4,4,12.3,-1.252910762459344,-0.20148849834810745,false
4,4,12.4,-1.2489502985855976,-0.20506106824642917,false
4,4,12.5,-1.244799530391696,-0.20857025690289352,false
4,4,12.6,-1.2404683906008482,-0.21201483089121817,false
4,4,12.7,-1.2359660531567174,-0.21539365336442687,false
4,4,12.8,-1.231300971084486,-0.2187056765657134,false
4,4,12.9,-1.2264809135078032,-0.2219499347376942,false
4,4,13.0,-1.2215130014728297,-0.22512553741772198,false
4,4,13.1,-1.2164037423125837,-0.228231663104214,false
4,4,13.2,-1.211159062353061,-0.23126755327693577,false
4,4,13.3,-1.2057843378188053,-0.23423250675275317,false
4,4,13.4,-1.2002844238412809,-0.2371258743574144,false
4,4,13.5,-1.194663681509981,-0.23994705389335308,false
4,4,13.6,-1.1889260029349678,-0.24269548538323907,false
4,4,13.7,-1.1830748343116337,-0.24537064656896948,false
4,4,13.8,-1.1771131969949065,-0.2479720486459378,false
4,4,13.9,-1.1710437066017556,-0.25049923221268916,false
4,4,14.0,-1.164868590168465,-0.252951763416426,false
4,4,14.1,-1.1585897013933317,-0.2553292302752365,false
4,4,14.2,-1.1522085339967905,-0.25763123915834707,false
4,4,14.3,-1.1457262332298748,-0.2598574114061273,false
4,4,14.4,-1.1391436055587776,-0.2620073800719811,false
4,4,14.5,-1.132461126548351,-0.2640807867686201,false
4,4,14.6,-1.1256789469609088,-0.2660772786015264,false
4,4,14.7,-1.1187968970788265,-0.26799650517265106,false
4,4,14.8,-1.1118144892502875,-0.26983811563755755,false
4,4,14.9,-1.104730918647153,-0.2716017557992885,false
4,4,15.0,-1.0975450622123633,-0.27328706522220386,false
4,4,15.1,-1.0902554757614848,-0.2748936743488971,false
4,4,15.2,-1.082860389188926,-0.2764212016030316,false
4,4,15.3,-1.0753576997138632,-0.2778692504605413,false
4,4,15.4,-1.0677449630839044,-0.27923740647109735,false
4,4,15.5,-1.0600193826357613,-0.2805252342110376,false
4,4,15.6,-1.052177796091518,-0.2817322741480784,false
4,4,15.7,-1.0442166599461424,-0.28285803939705556,false
4,4,15.8,-1.0361320312764042,-0.2839020123446555,false
4,4,15.9,-1.0279195467729083,-0.2848636411195742,false
4,4,16.0,-1.0195743987651018,-0.28574233588275355,false
4,5,16.0,-1.0106424918719998,-0.2400089056645974,true
4,5,16.1,-1.0066675337108242,-0.2410782116179857,false
4,5,16.2,-1.0025522779285128,-0.2421025969900146,false
4,5,16.3,-0.9982969162033122,-0.24308110621735263,false
4,5,16.4,-0.9939014318927192,-0.24401279155284505,false
4,5,16.5,-0.9893655893023079,-0.2448967110498235,false
4,5,16.6,-0.9846889223969947,-0.24573192646035957,false
4,5,16.7,-0.9798707228393949,-0.24651750104245831,false
4,5,16.8,-0.9749100272324804,-0.24725249727013382,false
4,5,16.9,-0.9698056034351096,-0.24793597443919016,false
4,5,17.0,-0.9645559358089916,-0.24856698616033265,false
4,5,17.1,-0.9591592092440646,-0.24914457772994883,false
4,5,17.2,-0.9536132917958831,-0.24966778336750584,false
4,5,17.3,-0.9479157157531701,-0.2501356233069982,false
4,5,17.4,-0.9420636569359035,-0.25054710072822495,false
4,5,17.5,-0.9360539120038279,-0.2509011985118587,false
4,5,17.6,-0.9298828735317487,-0.251196875800262,false
4,5,17.7,-0.9235465025809086,-0.2514330643437865,false
4,5,17.8,-0.9170402984646667,-0.25160866460981596,false
4,5,17.9,-0.9103592653709979,-0.251722541629057,false
4,5,18.0,-0.9034978754633125,-0.25177352055048874,false
4,5,18.1,-0.8964500280339527,-0.2517603818729135,false
4,5,18.2,-0.8892090042305152,-0.2516818563171401,false
4,5,18.3,-0.8817674168127827,-0.2515366192984174,false
4,5,18.4,-0.874117154326229,-0.2513232849537405,false
4,5,18.5,-0.8662493189952956,-0.25104039967298425,false
4,5,18.6,-0.8581541575441657,-0.2506864350763801,false
4,5,18.7,-0.8498209840425226,-0.25025978037351676,false
4,5,18.8,-0.841238093746351,-0.24975873403067725,false
4,5,18.9,-0.8323926667564221,-0.24918149466376185,false
4,5,19.0,-0.8232706601463519,-0.24852615106309592,false
4,5,19.1,-0.8138566870141886,-0.24779067124386633,false
4,5,19.2,-0.8041338806818372,-0.24697289040151033,false
4,5,19.3,-0.7940837419999712,-0.24607049763479577,false
4,5,19.4,-0.7836859674062917,-0.245081021280232,false
4,5,19.5,-0.7729182550249344,-0.24400181267942522,false
4,5,19.6,-0.7617560856762936,-0.24283002817556884,false
4,5,19.7,-0.7501724751801357,-0.2415626091058785,false
4,5,19.8,-0.7381376937699596,-0.24019625952281023,false
4,5,19.9,-0.7256189477812358,-0.23872742133759084,false
4,5,20.0,-0.7125800180173754,-0.23715224653410014,false
4,6,20.0,-0.6431483126570812,-0.2665967412024393,true
4,6,20.1,-0.6222924535703207,-0.2640257972558864,false
4,6,20.2,-0.6003070311999987,-0.2612774350799405,false
4,6,20.3,-0.5770783153110014,-0.25834209011252107,false
4,6,20.4,-0.5524783875433077,-0.2552091617565254,false
4,6,20.5,-0.5263631691654292,-0.25186688206894386,false
4,6,20.6,-0.4985701846627998,-0.2483021661385177,false
4,6,20.7,-0.46891604387494784,-0.2445004417795694,false
4,6,20.8,-0.43719363648552023,-0.24044545607405796,false
4,6,20.9,-0.40316905274175185,-0.23611905633885097,false
4,6,21.0,-0.36657827826284506,-0.23150094338309637,false
4,6,21.1,-0.32712376592305054,-0.22656839560827194,false
4,6,21.2,-0.28447107446514985,-0.22129596382679873,false
4,6,21.3,-0.23824589625651493,-0.21565513898170327,false
4,6,21.4,-0.18803199497280473,-0.20961399874052944,false
4,6,21.5,-0.13337086258876862,-0.20313684491147854,false
4,6,21.6,-0.07376431152682933,-0.19618385272581074,false
4,6,21.7,-0.00868176606850285,-0.18871076642249246,false
4,6,21.8,0.062425288948755486,-0.1806686945697975,false
4,6,21.9,0.14009845373373775,-0.17200408429119096,false
4,6,22.0,0.2248331791303418,-0.16265898624097108,false
4,6,22.1,0.31702087857105354,-0.15257175968927442,false
4,6,22.2,0.4168689081357209,-0.14167840268408957,false
4,6,22.3,0.5242978528649572,-0.12991471148748948,false
4,6,22.4,0.6388218129981231,-0.11721945140837878,false
4,6,22.5,0.7594277287266477,-0.10353862324860105,false
4,6,22.6,0.8844831227336355,-0.08883070183859643,false
4,6,22.7,1.0117132696664048,-0.07307239718280174,false
4,6,22.8,1.1382898248160223,-0.05626409926853697,false
4,6,22.9,1.2610536240651267,-0.03843385896882828,false
4,6,23.0,1.3768525857667793,-0.019638735054306914,false
4,6,23.1,1.48292546103742,3.724583021441283e-5,false
4,6,23.2,1.5772314531624931,0.020488461935257007,false
4,6,23.3,1.6586375997250626,0.04159545004154644,false
4,6,23.4,1.726927647083854,0.06323350336919667,false
4,6,23.5,1.7826587397557208,0.0852805491040513,false
4,6,23.6,1.8269326456376511,0.10762320470237008,false
4,6,23.7,1.8611531973501159,0.13016058044112933,false
4,6,23.8,1.886820673016089,0.1528059725294002,false
4,6,23.9,1.9053854089601345,0.17548692376553493,false
4,6,24.0,1.9181606028785037,0.1981442195431165,false
4,7,24.0,1.9617290694410625,0.25246077763057184,true
4,7,24.1,1.955760630314864,0.2749807136042186,false
4,7,24.2,1.9490972174476202,0.2972774783954226,false
4,7,24.3,1.9418949848164673,0.31934708667456724,false
4,7,24.4,1.9342733856977825,0.3411868377969137,false
4,7,24.5,1.926323796752017,0.36279501126494085,false
4,7,24.6,1.9181161432917126,0.38417063393220796,false
4,7,24.7,1.9097039661750868,0.40531330218888206,false
4,7,24.8,1.9011282862339383,0.42622304613606876,false
4,7,24.9,1.8924205472774085,0.44690022576116967,false
4,7,25.0,1.8836048562140426,0.4673454514794012,false
4,7,25.1,1.874699688487148,0.4875595232259529,false
4,7,25.2,1.8657191873769108,0.5075433836782155,false
4,7,25.3,1.8566741549803678,0.5272980822511049,false
4,7,25.4,1.8475728090811834,0.5468247473165584,false
4,7,25.5,1.838421362128862,0.566124564710895,false
4,7,25.6,1.8292244648907385,0.5851987610576931,false
4,7,25.7,1.819985547003738,0.6040485907851502,false
4,7,25.8,1.8107070788415505,0.62267532598299,false
4,7,25.9,1.801390773213411,0.6410802484457193,false
4,7,26.0,1.7920377409549357,0.6592646434021475,false
4,7,26.1,1.7826486111041548,0.6772297945474646,false
4,7,26.2,1.7732236238086159,0.6949769800827679,false
4,7,26.3,1.7637627021800086,0.7125074695345018,false
4,7,26.4,1.7542655078490563,0.729822521177898,false
4,7,26.5,1.7447314838610806,0.7469233799280226,false
4,7,26.6,1.7351598877057237,0.7638112755923444,false
4,7,26.7,1.7255498166281376,0.780487421402024,false
4,7,26.8,1.7159002268748667,0.7969530127570439,false
4,7,26.9,1.7062099481489872,0.8132092261341184,false
4,7,27.0,1.6964776942581186,0.8292572181169825,false
4,7,27.1,1.6867020707147935,0.8450981245169018,false
4,7,27.2,1.676881579875504,0.8607330595576118,false
4,7,27.3,1.6670146240704888,0.8761631151038182,false
4,7,27.4,1.6570995070719052,0.8913893599161862,false
4,7,27.5,1.6471344341663952,0.9064128389186707,false
4,7,27.6,1.63711751103396,0.9212345724662729,false
4,7,27.7,1.6270467415843737,0.9358555556030074,false
4,7,27.8,1.6169200248619942,0.9502767573011329,false
4,7,27.9,1.6067351510973298,0.9644991196736264,false
4,7,28.0,1.5964897969572442,0.9785235571525313,false
4,8,28.0,1.6067854467648863,0.8468212909895946,true
4,8,28.1,1.60751796354448,0.8617606611681315,false
4,8,28.2,1.6067655380896966,0.8765902230116478,false
4,8,28.3,1.6047229895414175,0.8912980838412752,false
4,8,28.4,1.6015606068548738,0.9058741099281824,false
4,8,28.5,1.5974262100035068,0.9203096979850762,false
4,8,28.6,1.5924473930381233,0.9345975682142126,false
4,8,28.7,1.5867337835718436,0.9487315796103278,false
4,8,28.8,1.580379212063264,0.9627065669778649,false
4,8,28.9,1.5734637277376773,0.9765181983586498,false
4,8,29.0,1.5660554288170294,0.9901628511468417,false
4,8,29.1,1.558212095693158,1.0036375049870088,false
4,8,29.2,1.549982629255733,1.016939649528065,false
4,8,29.3,1.5414083048278484,1.0300672051814201,false
4,8,29.4,1.5325238566774058,1.0430184551641473,false
4,8,29.5,1.5233584100736763,1.0557919872684947,false
4,8,29.6,1.513936278230075,1.0683866439687328,false
4,8,29.7,1.5042776408430847,1.0808014796431393,false
4,8,29.8,1.494399119735604,1.0930357238458523,false
4,8,29.9,1.4843142656302708,1.105088749706613,false
4,8,30.0,1.4740339685019594,1.1169600466645244,false
4,8,30.1,1.4635668024047277,1.1286491968547114,false
4,8,30.2,1.452919314204406,1.1401558545648223,false
4,8,30.3,1.442096264308638,1.1514797282627915,false
4,8,30.4,1.4311008262853695,1.162620564769489,false
4,8,30.5,1.4199347511992384,1.1735781352111987,false
4,8,30.6,1.408598501565976,1.1843522224386207,false
4,8,30.7,1.3970913590164789,1.1949426096425009,false
4,8,30.8,1.385411509061399,1.2053490699321916,false
4,8,30.9,1.3735561057401582,1.2155713566733821,false
4,8,31.0,1.3615213184117732,1.2256091944057845,false
4,8,31.1,1.349302362486122,1.2354622701814084,false
4,8,31.2,1.3368935154915973,1.2451302251798302,false
4,8,31.3,1.324288119517823,1.2546126464690397,false
4,8,31.4,1.3114785707505505,1.2639090587894328,false
4,8,31.5,1.2984562965211244,1.2730189162446182,false
4,8,31.6,1.285211720016849,1.2819415937861556,false
4,8,31.7,1.271734212533477,1.290676378380288,false
4,8,31.8,1.2580120328895297,1.2992224597432631,false
4,8,31.9,1.2440322533569412,1.307578920527975,false
4,8,32.0,1.2297806711862098,1.3157447258383397,false
4,9,32.0,1.194493791554082,1.2388101102042406,true
4,9,32.1,1.1885997634004637,1.2470647578084038,false
4,9,32.2,1.1820547953769154,1.2552018451012137,false
4,9,32.3,1.1748786986019686,1.263216360423647,false
4,9,32.4,1.1670885951026688,1.2711034981714326,false
4,9,32.5,1.1586988579234736,1.2788586323512348,false
4,9,32.6,1.1497210600464,1.2864772898270354,false
4,9,32.7,1.140163926069547,1.293955123311572,false
4,9,32.8,1.130033281082032,1.3012878841041233,false
4,9,32.9,1.1193319915663142,1.3084713945268218,false
4,9,33.0,1.1080598934388135,1.315501519966029,false
4,9,33.1,1.0962137024955039,1.3223741403819802,false
4,9,33.2,1.0837869025516427,1.3290851211077437,false
4,9,33.3,1.070769606445197,1.3356302827162212,false
4,9,33.4,1.0571483848021475,1.3420053696901475,false
4,9,33.5,1.042906057026771,1.3482060175833548,false
4,9,33.6,1.0280214383660937,1.3542277183104259,false
4,9,33.7,1.012469036085632,1.360065783144581,false
4,9,33.8,0.9962186867589145,1.3657153029383267,false
4,9,33.9,0.979235125385881,1.3711711050059514,false
4,9,34.0,0.9614774754784547,1.376427706018959,false
4,9,34.1,0.9428986473420166,1.3814792601622359,false
4,9,34.2,0.9234446294894303,1.3863195016769976,false
4,9,34.3,0.9030536553947489,1.3909416807727215,false
4,9,34.4,0.8816552245698532,1.3953384917202545,false
4,9,34.5,0.8591689531761514,1.3995019917374742,false
4,9,34.6,0.8355032250274452,1.4034235090423242,false
4,9,34.7,0.8105536088961572,1.4070935381705698,false
4,9,34.8,0.7842010025679971,1.4105016203323832,false
4,9,34.9,0.7563094582869516,1.4136362062091266,false
4,9,35.0,0.7267236384925151,1.4164844981683877,false
4,9,35.1,0.6952658458310244,1.4190322684054886,false
4,9,35.2,0.6617325686695099,1.4212636490168133,false
4,9,35.3,0.625890485059307,1.4231608895041554,false
4,9,35.4,0.5874718781310351,1.4247040767570396,false
4,9,35.5,0.5461694405279872,1.4258708122639774,false
4,9,35.6,0.5016304947662944,1.4266358413390738,false
4,9,35.7,0.4534507462029769,1.4269706298082874,false
4,9,35.8,0.40116784006927886,1.4268428853511226,false
4,9,35.9,0.3442552505790872,1.4262160242840913,false
4,9,36.0,0.2821174417526496,1.4250485911517534,false
4,10,36.0,-6.558618530540933e-5,1.3823640875773282,true
4,10,36.1,-0.09265876631239525,1.3782248489695252,false
4,10,36.2,-0.19441508691723217,1.373225689793547,false
4,10,36.3,-0.30589335455738026,1.367286191893638,false
4,10,36.4,-0.4273530174183159,1.3603226528612187,false
4,10,36.5,-0.5585684233517713,1.3522516749493625,false
4,10,36.6,-0.6986129037359577,1.342995588285471,false
4,10,36.7,-0.8456534949400415,1.3324898081651493,false
4,10,36.8,-0.9968295441834113,1.3206917024807752,false
4,10,36.9,-1.1483093555646067,1.3075897621794672,false
4,10,37.0,-1.2955997481129737,1.2932110600592681,false
4,10,37.1,-1.434103596603911,1.2776246317475939,false
4,10,37.2,-1.5598009335520475,1.2609390151363578,false
4,10,37.3,-1.669841805570511,1.2432937970928375,false
4,10,37.4,-1.7628573149176223,1.2248469699616285,false
4,10,37.5,-1.838919338551046,1.2057611491400504,false
4,10,37.6,-1.8992258722707345,1.186191622319363,false
4,10,37.7,-1.9456675584596694,1.1662780409564004,false
4,10,37.8,-1.9804186466060558,1.1461401222616507,false
4,10,37.9,-2.005632491586495,1.1258766866948222,false
4,10,38.0,-2.023258457600404,1.1055669309125649,false
4,10,38.1,-2.0349593820593186,1.0852728847619897,false
4,10,38.2,-2.0420966953118467,1.065042271081339,false
4,10,38.3,-2.0457534209207155,1.0449112873715638,false
4,10,38.4,-2.0467737963235972,1.0249070671699163,false
4,10,38.5,-2.0458066106646653,1.0050497359997055,false
4,10,38.6,-2.0433455547376167,0.9853540653733127,false
4,10,38.7,-2.0397637966919486,0.9658307702094412,false
4,10,38.8,-2.035342182167326,0.9464875091292073,false
4,10,38.9,-2.0302915209734445,0.9273296466397151,false
4,10,39.0,-2.0247698372018874,0.9083608292857024,false
4,10,39.1,-2.0188955356079417,0.8895834189073177,false
4,10,39.2,-2.012757357210472,0.8709988173863124,false
4,10,39.3,-2.0064218606273427,0.8526077096159916,false
4,10,39.4,-1.9999390219870679,0.8344102451478541,false
4,10,39.5,-1.9933464168675445,0.8164061739924926,false
4,10,39.6,-1.9866723397628867,0.7985949482031875,false
4,10,39.7,-1.9799381303762469,0.7809757979381725,false
4,10,39.8,-1.9731599090464746,0.7635477884861572,false
4,10,39.9,-1.966349872467118,0.7463098630832485,false
4,10,40.0,-1.9595172622543777,0.7292608751140068,false
4,11,40.0,-1.9877320457334957,0.8430275535219565,true
4,11,40.1,-1.9846670632172403,0.825055293538163,false
4,11,40.2,-1.980711189924907,0.807247188296844,false
4,11,40.3,-1.9760739723993281,0.7896091959937642,false
4,11,40.4,-1.9709158116126881,0.7721455457284397,false
4,11,40.5,-1.9653593765228197,0.7548591461240176,false
4,11,40.6,-1.9594984627740561,0.737751898476684,false
4,11,40.7,-1.9534048148872354,0.7208249361207395,false
4,11,40.8,-1.947133352559835,0.7040788071329077,false
4,11,40.9,-1.9407261608005737,0.6875136137091175,false
4,11,41.0,-1.9342155300825608,0.6711291184970908,false
4,11,41.1,-1.9276262703120353,0.6549248257647013,false
4,11,41.2,-1.920977471596653,0.6389000434166242,false
4,11,41.3,-1.9142838444674506,0.6230539304345808,false
4,11,41.4,-1.9075567407422307,0.607385533217505,false
4,11,41.5,-1.9008049319493412,0.5918938134612135,false
4,11,41.6,-1.8940352036596089,0.5765776695818009,false
4,11,41.7,-1.8872528099377248,0.5614359532052902,false
4,11,41.8,-1.880461821400658,0.5464674818811326,false
4,11,41.9,-1.8736653922529969,0.5316710489006848,false
4,11,42.0,-1.866865965531111,0.5170454308922618,false
4,11,42.1,-1.860065431148787,0.5025893937054321,false
4,11,42.2,-1.853265247829972,0.4883016969765453,false
4,11,42.3,-1.8464665373616513,0.47418109767573013,false
4,11,42.4,-1.8396701575917462,0.4602263528657398,false
4,11,42.5,-1.83287675907491,0.4464362218497468,false
4,11,42.6,-1.8260868291140524,0.432809467844491,false
4,11,42.7,-1.8193007260675527,0.419344859284044,false
4,11,42.8,-1.8125187061238681,0.4060411708355785,false
4,11,42.9,-1.805740944235719,0.3928971841901959,false
4,11,43.0,-1.7989675505168528,0.3799116886777594,false
4,11,43.1,-1.7921985831066112,0.3670834817438019,false
4,11,43.2,-1.7854340582792743,0.3544113693181811,false
4,11,43.3,-1.7786739583998594,0.34189416609865136,false
4,11,43.4,-1.7719182381932124,0.3295306957674844,false
4,11,43.5,-1.7651668296892682,0.31731979115535647,false
4,11,43.6,-1.7584196461270938,0.30526029436367175,false
4,11,43.7,-1.7516765850382237,0.2933510568541177,false
4,11,43.8,-1.7449375306816612,0.28159093951239283,false
4,11,43.9,-1.738202355965526,0.26997881269159313,false
4,11,44.0,-1.7314709239612516,0.25851355623960803,false
4,12,44.0,-1.7288396746453414,0.3228136970888296,true
4,12,44.1,-1.7284154909290481,0.3110170328458684,false
4,12,44.2,-1.7269761399650596,0.2993155577158952,false
4,12,44.3,-1.7246876654348504,0.2877170952943887,false
4,12,44.4,-1.721689697414974,0.2762280140490427,false
4,12,44.5,-1.7180992492463012,0.26485346240972896,false
4,12,44.6,-1.714014130960093,0.2535975690524062,false
4,12,44.7,-1.7095159521140113,0.24246361230526112,false
4,12,44.8,-1.7046727216729507,0.23145416265207622,false
4,12,44.9,-1.6995410723636586,0.22057120210851822,false
4,12,45.0,-1.6941681467171863,0.2098162239169407,false
4,12,45.1,-1.6885931854050287,0.199190315619566,false
4,12,45.2,-1.682848857997211,0.1886942281752543,false
4,12,45.3,-1.6769623736241341,0.1783284334086777,false
4,12,45.4,-1.6709564053150532,0.16809317173688645,false
4,12,45.5,-1.6648498577066286,0.1579884918130471,false
4,12,45.6,-1.658658503776676,0.1480142834616006,false
4,12,45.7,-1.6523955124882315,0.138170305051409,false
4,12,45.8,-1.646071885836899,0.12845620626032492,false
4,12,45.9,-1.6396968208173472,0.11887154702209465,false
4,12,46.0,-1.6332780092575612,0.1094158133105708,false
4,12,46.1,-1.6268218862837445,0.10008843030302293,false
4,12,46.2,-1.6203338363354947,0.09088877337041182,false
4,12,46.3,-1.6138183641073742,0.08181617726474338,false
4,12,46.4,-1.607279236507437,0.07286994380937528,false
4,12,46.5,-1.6007196006567854,0.064049348345125,false
4,12,46.6,-1.594142082072154,0.055353645141298875,false
4,12,46.7,-1.5875488664455433,0.046782071944709604,false
4,12,46.8,-1.5809417678350126,0.038333853810028254,false
4,12,46.9,-1.5743222855869117,0.030008206330310563,false
4,12,47.0,-1.5676916519035375,0.021804338366322548,false
4,12,47.1,-1.5610508716360216,0.013721454356606837,false
4,12,47.2,-1.5544007556073889,0.005758756276451159,false
4,12,47.3,-1.547741948544587,-0.0020845546974690606,false
4,12,47.4,-1.5410749525121525,-0.009809276769425264,false
4,12,47.5,-1.5344001465868837,-0.017416206314402237,false
4,12,47.6,-1.527717803386548,-0.02490613684221999,false
4,12,47.7,-1.521028102961434,-0.03227985810830302,false
4,12,47.8,-1.5143311444715102,-0.039538155347848186,false
4,12,47.9,-1.5076269560008309,-0.046681808613851655,false
4,12,48.0,-1.5009155028019883,-0.053711592202543346,false
4,13,48.0,-1.4825948353563436,0.003065157449063133,true
4,13,48.1,-1.4830078988021957,-0.00413323721036587,false
4,13,48.2,-1.4826992001517967,-0.011279262467175971,false
4,13,48.3,-1.4817412759477468,-0.018367024455772013,false
4,13,48.4,-1.4802001260018502,-0.025391307208362465,false
4,13,48.5,-1.4781355328226804,-0.03234750917383764,false
4,13,48.6,-1.4756014420928818,-0.03923158343364753,false
4,13,48.7,-1.4726463771524034,-0.046039982017678414,false
4,13,48.8,-1.4693138669504784,-0.05276960450298024,false
4,13,48.9,-1.4656428723457333,-0.059417750914279005,false
4,13,49.0,-1.4616682000258945,-0.06598207882736926,false
4,13,49.1,-1.457420896796584,-0.07246056449547629,false
4,13,49.2,-1.4529286196816,-0.07885146776644378,false
4,13,49.3,-1.4482159793152598,-0.08515330052833345,false
4,13,49.4,-1.4433048556127646,-0.09136479840712491,false
4,13,49.5,-1.4382146857853817,-0.09748489543818199,false
4,13,49.6,-1.432962725516232,-0.1035127014394634,false
4,13,49.7,-1.4275642846067775,-0.10944748182636532,false
4,13,49.8,-1.422032938706543,-0.11528863962351299,false
4,13,49.9,-1.4163807188993311,-0.12103569944622253,false
4,13,50.0,-1.4106182809775736,-0.12668829324260883,false
4,13,50.1,-1.4047550562229634,-0.1322461476056201,false
4,13,50.2,-1.3987993854493312,-0.13770907248208838,false
4,13,50.3,-1.3927586379702313,-0.14307695112283852,false
4,13,50.4,-1.3866393170417466,-0.148349731133776,false
4,13,50.5,-1.3804471532099043,-0.1535274165025626,false
4,13,50.6,-1.374187186868371,-0.15861006048894244,false
4,13,50.7,-1.3678638412103317,-0.1635977592790083,false
4,13,50.8,-1.3614809866416204,-0.16849064631474056,false
4,13,50.9,-1.3550419976121368,-0.17328888722007146,false
4,13,51.0,-1.3485498027203815,-0.17799267525360238,false
4,13,51.1,-1.3420069288520555,-0.18260222722601224,false
4,13,51.2,-1.3354155400281054,-0.18711777982722577,false
4,13,51.3,-1.3287774715601708,-0.19153958631464238,false
4,13,51.4,-1.32209426004167,-0.19586791351923907,false
4,13,51.5,-1.3153671696402567,-0.20010303913122696,false
4,13,51.6,-1.3085972151015104,-0.20424524923123022,false
4,13,51.7,-1.3017851818239314,-0.20829483603672946,false
4,13,51.8,-1.2949316433209799,-0.21225209583682678,false
4,13,51.9,-1.2880369763465087,-0.2161173270912968,false
4,13,52.0,-1.2811013739249384,-0.21989082867243412,false
4,14,52.0,-1.1473480094925947,-0.14396331576208282,true
4,14,52.1,-1.152175937864251,-0.14703058716798773,false
4,14,52.2,-1.1566060526152635,-0.15011779375790357,false
4,14,52.3,-1.160640376552636,-0.15322115109631732,false
4,14,52.4,-1.1642822849295047,-0.1563369273475241,false
4,14,52.5,-1.1675363715317115,-0.15946145467439113,false
4,14,52.6,-1.1704083132048666,-0.16259113931702315,false
4,14,52.7,-1.172904735130601,-0.16572247035753357,false
4,14,52.8,-1.1750330788567145,-0.16885202719686065,false
4,14,52.9,-1.1768014747699167,-0.17197648578630825,false
4,14,53.0,-1.1782186203843616,-0.17509262367020362,false
4,14,53.1,-1.1792936655145065,-0.17819732390682902,false
4,14,53.2,-1.1800361051150388,-0.1812875779427575,false
4,14,53.3,-1.1804556803095916,-0.18436048752112807,false
4,14,53.4,-1.1805622878974917,-0.1874132657074986,false
4,14,53.5,-1.1803658984259089,-0.1904432371180014,false
4,14,53.6,-1.1798764827439832,-0.19344783743389957,false
4,14,53.7,-1.179103946815093,-0.19642461228459382,false
4,14,53.8,-1.1780580744517464,-0.19937121557794135,false
4,14,53.9,-1.1767484775523318,-0.20228540735268602,false
4,14,54.0,-1.175184553357434,-0.2051650512230926,false
4,14,54.1,-1.1733754482026637,-0.20800811148074283,false
4,14,54.2,-1.17133002722198,-0.2108126499130613,false
4,14,54.3,-1.1690568494473736,-0.21357682239265058,false
4,14,54.4,-1.1665641477547684,-0.21629887528604885,false
4,14,54.5,-1.1638598131195534,-0.21897714172518049,false
4,14,54.6,-1.1609513826660116,-0.22161003777962404,false
4,14,54.7,-1.157846031021054,-0.22419605856293312,false
4,14,54.8,-1.154550564512415,-0.2267337743016475,false
4,14,54.9,-1.1510714177833352,-0.22922182639135263,false
4,14,55.0,-1.1474146524286082,-0.23165892346019404,false
4,14,55.1,-1.1435859572896943,-0.23404383745663296,false
4,14,55.2,-1.1395906500786848,-0.23637539977493352,false
4,14,55.3,-1.135433680031636,-0.23865249742888814,false
4,14,55.4,-1.1311196313207623,-0.24087406928160035,false
4,14,55.5,-1.126652726981882,-0.243039102336732,false
4,14,55.6,-1.1220368331381476,-0.2451466280944648,false
4,14,55.7,-1.1172754633233395,-0.2471957189734981,false
4,14,55.8,-1.1123717827278243,-0.2491854847986859,false
4,14,55.9,-1.1073286122076509,-0.25111506935237826,false
4,14,56.0,-1.1021484319122234,-0.2529836469861548,false
4,15,56.0,-0.9270933712653001,-0.21766969647017087,true
4,15,56.1,-0.9240724990990989,-0.2181413448537987,false
4,15,56.2,-0.9209347466699661,-0.21858130916764293,false
4,15,56.3,-0.9176789394729289,-0.21898874510241156,false
4,15,56.4,-0.9143037765626372,-0.21936280320233412,false
4,15,56.5,-0.910807819521271,-0.2197026276937618,false
4,15,56.6,-0.9071894807809688,-0.22000735521832854,false
4,15,56.7,-0.9034470112241956,-0.22027611346511042,false
4,15,56.8,-0.8995784869770881,-0.22050801969552306,false
4,15,56.9,-0.8955817953014976,-0.2207021791539204,false
4,15,57.0,-0.8914546194810578,-0.22085768335600012,false
4,15,57.1,-0.8871944225849888,-0.22097360824616594,false
4,15,57.2,-0.8827984299803244,-0.22104901221393852,false
4,15,57.3,-0.8782636104486115,-0.2210829339583273,false
4,15,57.4,-0.8735866557466485,-0.22107439018776354,false
4,15,57.5,-0.8687639584322315,-0.22102237314173204,false
4,15,57.6,-0.8637915877548432,-0.22092584791860423,false
4,15,57.7,-0.8586652633874055,-0.22078374959234906,false
4,15,57.8,-0.8533803267481914,-0.2205949800987509,false
4,15,57.9,-0.8479317096312853,-0.2203584048694683,false
4,15,58.0,-0.8423138998290258,-0.22007284918968834,false
4,15,58.1,-0.8365209033900303,-0.2197370942522277,false
4,15,58.2,-0.8305462031109118,-0.21934987287766114,false
4,15,58.3,-0.8243827128078078,-0.21890986486636244,false
4,15,58.4,-0.8180227268543082,-0.21841569194416716,false
4,15,58.5,-0.8114578644041252,-0.21786591225863428,false
4,15,58.6,-0.8046790076385008,-0.2172590143775168,false
4,15,58.7,-0.7976762332882882,-0.21659341073495297,false
4,15,58.8,-0.7904387365769846,-0.21586743046394954,false
4,15,58.9,-0.7829547466115404,-0.21507931154581797,false
4,15,59.0,-0.7752114321099497,-0.21422719219819625,false
4,15,59.1,-0.7671947961954478,-0.2133091014129659,false
4,15,59.2,-0.7588895588031072,-0.21232294854355868,false
4,15,59.3,-0.7502790250316674,-0.2112665118276002,false
4,15,59.4,-0.7413449375268336,-0.21013742571528982,false
4,15,59.5,-0.7320673106965597,-0.20893316685604446,false
4,15,59.6,-0.7224242442276951,-0.20765103857537304,false
4,15,59.7,-0.7123917129895762,-0.20628815365026562,false
4,15,59.8,-0.7019433299654751,-0.20484141516408322,false
4,15,59.9,-0.6910500783380257,-0.2033074951904441,false
4,15,60.0,-0.6796800082595829,-0.2016828110192661,false
4,16,60.0,-0.4401300181032084,-0.17466094445650182,true
4,16,60.1,-0.41319835838386576,-0.17087598013606423,false
4,16,60.2,-0.38429438886070183,-0.16686301306339021,false
4,16,60.3,-0.3532037199382571,-0.16260467200314305,false
4,16,60.4,-0.3196853548625534,-0.15808162804075138,false
4,16,60.5,-0.2834688281162888,-0.1532723519256419,false
4,16,60.6,-0.24425143373763503,-0.14815284721623212,false
4,16,60.7,-0.20169581446679438,-0.14269636137285702,false
4,16,60.8,-0.1554283397766859,-0.13687308008873178,false
4,16,60.9,-0.10503892582170504,-0.1306498150070796,false
4,16,61.0,-0.05008326259603843,-0.12398970224297028,false
4,16,61.1,0.009911170533370192,-0.11685193967402172,false
4,16,61.2,0.0754333982337784,-0.10919160573743258,false
4,16,61.3,0.14696905604443128,-0.10095962229144037,false
4,16,61.4,0.22496926020084224,-0.09210294915941437,false
4,16,61.5,0.30980491510030084,-0.08256512690551843,false
4,16,61.6,0.4017035828784092,-0.07228731273588167,false
4,16,61.7,0.5006679042477267,-0.06120997255715033,false
4,16,61.8,0.6063786965964145,-0.04927538336963598,false
4,16,61.9,0.7180929261097276,-0.036431040269624335,false
4,16,62.0,0.8345564110181986,-0.02263392525317419,false
4,16,62.1,0.9539608391718458,-0.00785536705331429,false
4,16,62.2,1.0739789944132525,0.007914074589409457,false
4,16,62.3,1.1919037657767135,0.02466054734547435,false
4,16,62.4,1.3048912045770862,0.04234463937922589,false
4,16,62.5,1.410270559654763,0.06090170731150396,false
4,16,62.6,1.5058514396903455,0.0802450914943049,false
4,16,62.7,1.5901501958207076,0.10027180685303537,false
4,16,62.8,1.6624827252680514,0.12086967814498063,false
4,16,62.9,1.722917067875092,0.14192461670280723,false
4,16,63.0,1.7721218844273128,0.16332689239049059,false
4,16,63.1,1.8111672196526738,0.1849757074180782,false
4,16,63.2,1.84132936666732,0.20678189583824225,false
4,16,63.3,1.8639325750633067,0.22866896708992912,false
4,16,63.4,1.8802395311722713,0.2505729124105794,false
4,16,63.5,1.8913876959149243,0.2724412251907966,false
4,16,63.6,1.8983613659071605,0.2942315178060525,false
4,16,63.7,1.9019878705243312,0.3159100117356811,false
4,16,63.8,1.9029479596555285,0.33745007562718826,false
4,16,63.9,1.9017931094158798,0.3588309055583848,false
4,16,64.0,1.898965026280527,0.38003638644911847,false
4,17,64.0,1.7622840146863965,0.36316525125024535,true
4,17,64.1,1.7848580131499612,0.38318029285718935,false
4,17,64.2,1.8017657629619177,0.40322877335979823,false
4,17,64.3,1.8138978571621642,0.42326265595651785,false
4,17,64.4,1.822054947953412,0.44324202266706014,false
4,17,64.5,1.8269348379321213,0.4631341196601194,false
4,17,64.6,1.8291317993740173,0.482912351549383,false
4,17,64.7,1.8291432409227804,0.5025553137869205,false
4,17,64.8,1.8273801199490716,0.5220459127155246,false
4,17,64.9,1.8241786897592935,0.5413705950836439,false
4,17,65.0,1.8198121126871736,0.5605186911021128,false
4,17,65.1,1.8145011411603305,0.5794818649024838,false
4,17,65.2,1.8084235096420123,0.5982536611649297,false
4,17,65.3,1.8017219487083314,0.6168291348340552,false
4,17,65.4,1.794510882157508,0.6352045508828986,false
4,17,65.5,1.7868819412009713,0.6533771421202146,false
4,17,65.6,1.7789084566313207,0.6713449145025266,false
4,17,65.7,1.77064909056358,0.6891064909819721,false
4,17,65.8,1.7621507566712336,0.7066609864165084,false
4,17,65.9,1.7534509594697583,0.7240079074069312,false
4,17,66.0,1.744579663504025,0.7411470720763539,false
4,17,66.1,1.7355607845683207,0.7580785457732767,false
4,17,66.2,1.7264133783863238,0.7748025894749233,false
4,17,66.3,1.7171525878536282,0.7913196183149713,false
4,17,66.4,1.7077903979690376,0.8076301681820868,false
4,17,66.5,1.6983362377412474,0.8237348687543526,false
4,17,66.6,1.6887974603719085,0.839634421668835,false
4,17,66.7,1.6791797265911343,0.8553295827914131,false
4,17,66.8,1.6694873108840025,0.8708211477631496,false
4,17,66.9,1.6597233462562095,0.8861099401669538,false
4,17,67.0,1.6498900199398785,0.9011968017910696,false
4,17,67.1,1.6399887298675422,0.9160825845711572,false
4,17,67.2,1.6300202097056928,0.9307681438761836,false
4,17,67.3,1.6199846286277868,0.9452543328695288,false
4,17,67.4,1.609881670731273,0.959541997729248,false
4,17,67.5,1.599710597993297,0.9736319735531576,false
4,17,67.6,1.5894702998591432,0.9875250808075763,false
4,17,67.7,1.5791593319219157,1.0012221222049211,false
4,17,67.8,1.5687759456464538,1.0147238799163252,false
4,17,67.9,1.5583181106874933,1.0280311130421171,false
4,17,68.0,1.5477835310299086,1.041144555276244,false
4,18,68.0,1.4631291381330827,0.9146664749321028,true
4,18,68.1,1.4728779610254388,0.9278334152531478,false
4,18,68.2,1.4804868716378747,0.9409832014905083,false
4,18,68.3,1.4861398164772404,0.9540971912142675,false
4,18,68.4,1.4900152774402038,0.9671585426977625,false
4,18,68.5,1.4922829861777729,0.9801521356264382,false
4,18,68.6,1.4931017467148604,0.9930644675053217,false
4,18,68.7,1.4926181670375334,1.0058835351922923,false
4,18,68.8,1.4909661038310085,1.0185987090901647,false
4,18,68.9,1.4882666424460507,1.0312006057545775,false
4,18,69.0,1.4846284593600427,1.043680963113807,false
4,18,69.1,1.480148441820647,1.0560325211914625,false
4,18,69.2,1.4749124657800041,1.0682489101760315,false
4,18,69.3,1.468996256839047,1.0803245468721738,false
4,18,69.4,1.4624662789328353,1.0922545399657295,false
4,18,69.5,1.4553806117655677,1.104034604102118,false
4,18,69.6,1.4477897907992228,1.115660982481629,false
4,18,69.7,1.4397375933544452,1.127130377484052,false
4,18,69.8,1.431261761603016,1.138439888722835,false
4,18,69.9,1.4223946584142253,1.1495869578740088,false
4,18,70.0,1.4131638556090302,1.1605693196104365,false
4,18,70.1,1.4035926565557826,1.1713849579844955,false
4,18,70.2,1.3937005565201892,1.1820320676322076,false
4,18,70.3,1.3835036450064448,1.1925090192119148,false
4,18,70.4,1.3730149546866832,1.202814328535689,false
4,18,70.5,1.3622447615561895,1.2129466288981534,false
4,18,70.6,1.3512008407789293,1.222904646152876,false
4,18,70.7,1.3398886823793035,1.2326871761293752,false
4,18,70.8,1.3283116705464013,1.2422930640231182,false
4,18,70.9,1.3164712298841585,1.2517211854261447,false
4,18,71.0,1.3043669414896164,1.2609704286968755,false
4,18,71.1,1.291996631287504,1.270039678394211,false
4,18,71.2,1.2793564326012403,1.2789277995232378,false
4,18,71.3,1.266440824501831,1.2876336223578397,false
4,18,71.4,1.2532426470469824,1.2961559276193855,false
4,18,71.5,1.2397530941003723,1.3044934318005421,false
4,18,71.6,1.2259616840006116,1.3126447724292012,false
4,18,71.7,1.2118562079245792,1.3206084930695383,false
4,18,71.8,1.1974226553526026,1.3283830278552964,false
4,18,71.9,1.1826451155841147,1.3359666853443706,false
4,18,72.0,1.167505653761154,1.3433576314734572,false
4,19,72.0,1.1579798417208564,1.2552089428756217,true
4,19,72.1,1.1513494364676304,1.263005252762793,false
4,19,72.2,1.1440793719046725,1.270680670420468,false
4,19,72.3,1.136182797875453,1.2782302813632465,false
4,19,72.4,1.1276702809057397,1.285649315899098,false
4,19,72.5,1.1185497077439037,1.2929331239431248,false
4,19,72.6,1.108826189481113,1.3000771491387266,false
4,19,72.7,1.0985019608278495,1.307076902271523,false
4,19,72.8,1.0875762692833582,1.3139279339125782,false
4,19,72.9,1.0760452489982772,1.3206258061800709,false
4,19,73.0,1.0639017740808143,1.3271660634615607,false
4,19,73.1,1.051135285917498,1.3335442018913302,false
4,19,73.2,1.037731588754665,1.3397556373276445,false
4,19,73.3,1.0236726072987934,1.345795671521799,false
4,19,73.4,1.0089360994223058,1.3516594561129343,false
4,19,73.5,0.9934953161824863,1.3573419540180507,false
4,19,73.6,0.9773186002460036,1.3628378977134568,false
4,19,73.7,0.960368912425955,1.3681417438197985,false
4,19,73.8,0.9426032743420659,1.3732476233052469,false
4,19,73.9,0.9239721131612424,1.3781492865074219,false
4,19,74.0,0.9044184919131718,1.3828400420408018,false
4,19,74.1,0.88387720594881,1.3873126884988711,false
4,19,74.2,0.8622737226642225,1.3915594376747402,false
4,19,74.3,0.8395229376037037,1.395571827805677,false
4,19,74.4,0.8155277154643189,1.3993406250908809,false
4,19,74.5,0.7901771793791088,1.402855711432917,false
4,19,74.6,0.7633447062815407,1.4061059560072335,false
4,19,74.7,0.7348855804366755,1.4090790678686653,false
4,19,74.8,0.7046342519310679,1.4117614263601785,false
4,19,74.9,0.6724011430732764,1.4141378856058275,false
4,19,75.0,0.6379689450570699,1.416191548868084,false
4,19,75.1,0.6010883528873004,1.417903508071815,false
4,19,75.2,0.561473203411301,1.4192525434212002,false
4,19,75.3,0.5187950173248612,1.420214777897444,false
4,19,75.4,0.4726770139055196,1.4207632817521414,false
4,19,75.5,0.4226877866997516,1.4208676232762394,false
4,19,75.6,0.368335029476468,1.420493364722919,false
4,19,75.7,0.3090600287291085,1.419601507222612,false
4,19,75.8,0.2442341541950548,1.4181478972575292,false
4,19,75.9,0.17315936361578638,1.4160826218190568,false
4,19,76.0,0.09507588415651883,1.4133494426034698,false
4,20,76.0,-0.5334781644010416,1.3873217411626988,true
4,20,76.1,-0.6754368897276569,1.378030067090643,false
4,20,76.2,-0.8249235597217395,1.36746901770653,false
4,20,76.3,-0.9791044422466663,1.3555910566928009,false
4,20,76.4,-1.1340956817485586,1.3423799036329416,false
4,20,76.5,-1.2852575646957805,1.3278588036031869,false
4,20,76.6,-1.4277649393997545,1.3120947323228995,false
4,20,76.7,-1.557332715649097,1.2951964868386905,false
4,20,76.8,-1.6708697961212151,1.277306278205385,false
4,20,76.9,-1.7668416187023033,1.258586597382708,false
4,20,77.0,-1.8452515276751411,1.2392056014614943,false
4,20,77.1,-1.9073157830315621,1.2193242915326394,false
4,20,77.2,-1.955000777895371,1.1990875339021878,false
4,20,77.3,-1.9905819492497188,1.178619388877367,false
4,20,77.4,-2.0163148665823365,1.1580220413452078,false
4,20,77.5,-2.0342382152320426,1.1373771430652826,false
4,20,77.6,-2.046085984849747,1.1167484240998922,false
4,20,77.7,-2.0532726894427835,1.096184727128389,false
4,20,77.8,-2.0569190225597795,1.0757229479270047,false
4,20,77.9,-2.0578948684901506,1.0553906256616115,false
4,20,78.0,-2.05686582708483,1.035208096211874,false
4,20,78.1,-2.0543361816422308,1.01519021610215,false
4,20,78.2,-2.050685465269837,0.9953477082402702,false
4,20,78.3,-2.046198100294861,0.9756881945462492,false
4,20,78.4,-2.041086688739409,0.9562169791277577,false
4,20,78.5,-2.0355099431133707,0.9369376376308189,false
4,20,78.6,-2.0295863033437413,0.9178524584790425,false
4,20,78.7,-2.0234041837230285,0.8989627721896776,false
4,20,78.8,-2.017029637924454,0.8802691967363406,false
4,20,78.9,-2.010512071162529,0.8617718202378521,false
4,20,79.0,-2.003888487847613,0.8434703369938494,false
4,20,79.1,-1.9971866470362276,0.8253641488458276,false
4,20,79.2,-1.9904274061401035,0.8074524407807006,false
4,20,79.3,-1.983626462515939,0.7897342373974308,false
4,20,79.4,-1.9767956488144631,0.7722084451454895,false
4,20,79.5,-1.9699438976392158,0.7548738839731108,false
4,20,79.6,-1.963077961021186,0.737729311082144,false
4,20,79.7,-1.9562029479362615,0.7207734387901052,false
4,20,79.8,-1.9493227266182869,0.7040049479852086,false
4,20,79.9,-1.9424402262576483,0.687422498279345,false
4,20,80.0,-1.9355576637009626,0.6710247356820787,false
4,21,80.0,-1.8668447212976265,0.7551819346366915,true
4,21,80.1,-1.881395289042749,0.7388782216951454,false
4,21,80.2,-1.891627797783396,0.7225811847968658,false
4,21,80.3,-1.89836492372494,0.7063264761263325,false
4,21,80.4,-1.902296195954074,0.6901425623346275,false
4,21,80.5,-1.903989075229984,0.6740519517383576,false
4,21,80.6,-1.9039042818817014,0.658072288374242,false
4,21,80.7,-1.9024121618106766,0.642217290910771,false
4,21,80.8,-1.8998082615530612,0.6264975373068141,false
4,21,80.9,-1.8963272176816497,0.6109211082666899,false
4,21,81.0,-1.8921546446317279,0.5954941077603172,false
4,21,81.1,-1.8874370329371768,0.5802210799793929,false
4,21,81.2,-1.8822898348438715,0.565105340994987,false
4,21,81.3,-1.8768039806883428,0.5501492412649296,false
4,21,81.4,-1.8710510804597331,0.5353543727093089,false
4,21,81.5,-1.8650875477360798,0.5207217317045987,false
4,21,81.6,-1.858957853802223,0.5062518472193086,false
4,21,81.7,-1.8526970871986423,0.49194488149080706,false
4,21,81.8,-1.846332962837658,0.47780070912725825,false
4,21,81.9,-1.8398873972244036,0.46381897928399596,false
4,21,82.0,-1.833377742888655,0.4499991645721001,false
4,21,82.1,-1.826817755791997,0.43634059956843296,false
4,21,82.2,-1.8202183538082057,0.42284251117371113,false
4,21,82.3,-1.8135882118497921,0.40950404257583894,false
4,21,82.4,-1.806934229291815,0.3963242721924339,false
4,21,82.5,-1.8002618975348956,0.3833022286668882,false
4,21,82.6,-1.7935755894304937,0.3704369027584542,false
4,21,82.7,-1.786878787511691,0.357727256784396,false
4,21,82.8,-1.7801742642462637,0.3451722321299293,false
4,21,82.9,-1.7734642246269006,0.332770755230613,false
4,21,83.0,-1.7667504191547885,0.32052174234513503,false
4,21,83.1,-1.7600342335148977,0.30842410336866266,false
4,21,83.2,-1.753316759872644,0.2964767448839011,false
4,21,83.3,-1.7465988536553578,0.2846785726054683,false
4,21,83.4,-1.739881178850556,0.27302849334061297,false
4,21,83.5,-1.7331642442040422,0.26152541656370704,false
4,21,83.6,-1.7264484321936664,0.25016825568181134,false
4,21,83.7,-1.7197340222576802,0.23895592905274515,false
4,21,83.8,-1.7130212094456034,0.22788736080456917,false
4,21,83.9,-1.7063101194154184,0.21696148149549305,false
4,21,84.0,-1.699600820509059,0.2061772286453795,false
4,22,84.0,-1.7542716102647316,0.29607315845009285,true
4,22,84.1,-1.7473625487949516,0.2842700971280883,false
4,22,84.2,-1.740485491700167,0.27261676635390836,false
4,22,84.3,-1.7336353861538023,0.2611117987389516,false
4,22,84.4,-1.7268080711219669,0.2497538789994504,false
4,22,84.5,-1.720000106566553,0.23854173621265046,false
4,22,84.6,-1.7132086364497157,0.2274741375342716,false
4,22,84.7,-1.7064312785982776,0.21654988308983153,false
4,22,84.8,-1.699666035963929,0.20576780181108523,false
4,22,84.9,-1.6929112249661067,0.19512674803509672,false
4,22,85.0,-1.6861654175041552,0.18462559872003664,false
4,22,85.1,-1.679427393930754,0.17426325116078925,false
4,22,85.2,-1.6726961048331679,0.16403862111048695,false
4,22,85.3,-1.6659706399060275,0.15395064123243252,false
4,22,85.4,-1.6592502025447973,0.14399825982150782,false
4,22,85.5,-1.6525340890626998,0.1341804397458767,false
4,22,85.6,-1.6458216716510816,0.12449615756917219,false
4,22,85.7,-1.6391123843760076,0.11494440282089428,false
4,22,85.8,-1.632405711641638,0.10552417738880734,false
4,22,85.9,-1.6257011786609765,0.0962344950120144,false
4,22,86.0,-1.6189983435626636,0.08707438085733428,false
4,22,86.1,-1.6122967908331005,0.07804287116480221,false
4,22,86.2,-1.605596125849937,0.06913901295070547,false
4,22,86.3,-1.5988959703085968,0.060361863758669726,false
4,22,86.4,-1.5921959583803391,0.05171049145102413,false
4,22,86.5,-1.5854957334700661,0.0431839740340697,false
4,22,86.6,-1.5787949454661327,0.034781399512015566,false
4,22,86.7,-1.5720932483938976,0.026501865765281726,false
4,22,86.8,-1.565390298400552,0.01834448044963198,false
4,22,86.9,-1.5586857520116097,0.010308360913230194,false
4,22,87.0,-1.551979264609894,0.0023926341292312553,false
4,22,87.1,-1.545270489096374,-0.005403563358054451,false
4,22,87.2,-1.5385590746991458,-0.0130810854750299,false
4,22,87.3,-1.531844665902532,-0.020640776650026803,false
4,22,87.4,-1.5251269014729116,-0.028083471834936185,false
4,22,87.5,-1.5184054135616827,-0.03540999651811844,false
4,22,87.6,-1.5116798268688676,-0.04262116672928619,false
4,22,87.7,-1.5049497578534088,-0.049717789036908704,false
4,22,87.8,-1.4982148139782825,-0.056700660538565005,false
4,22,87.9,-1.4914745929802544,-0.06357056884456846,false
4,22,88.0,-1.4847286821554835,-0.07032829205509683,false
4,23,88.0,-1.4777993398247602,-0.006787155655740277,true
4,23,88.1,-1.4777235685551242,-0.013867058234570958,false
4,23,88.2,-1.4769825120802509,-0.02089124341341943,false
4,23,88.3,-1.4756427437836301,-0.027854331870118224,false
4,23,88.4,-1.4737647406743788,-0.03475156574595416,false
4,23,88.5,-1.4714032208893117,-0.04157874971391032,false
4,23,88.6,-1.4686075240304397,-0.04833219578821008,false
4,23,88.7,-1.4654220125440485,-0.05500867213580678,false
4,23,88.8,-1.4618864778080916,-0.061605355974604786,false
4,23,88.9,-1.4580365390837817,-0.0681197905141761,false
4,23,89.0,-1.4539040270893997,-0.07454984580366181,false
4,23,89.1,-1.4495173467805214,-0.08089368329050788,false
4,23,89.2,-1.4449018160900031,-0.08714972385589301,false
4,23,89.3,-1.4400799790082106,-0.09331661907250172,false
4,23,89.4,-1.4350718925738446,-0.09939322542307405,false
4,23,89.5,-1.4298953881896315,-0.10537858122024771,false
4,23,89.6,-1.4245663082523383,-0.11127188597672748,false
4,23,89.7,-1.419098719456721,-0.11707248198756054,false
4,23,89.8,-1.4135051043496192,-0.12277983790159959,false
4,23,89.9,-1.407796532814321,-0.12839353407586812,false
4,23,90.0,-1.4019828151885092,-0.13391324952361294,false
4,23,90.1,-1.3960726386861646,-0.13933875028371343,false
4,23,90.2,-1.3900736887234113,-0.14466987905539108,false
4,23,90.3,-1.3839927566543953,-0.14990654595755634,false
4,23,90.4,-1.3778358353161457,-0.15504872028648126,false
4,23,90.5,-1.3716082036683668,-0.1600964231587198,false
4,23,90.6,-1.3653145017004304,-0.1650497209382911,false
4,23,90.7,-1.358958796667057,-0.1699087193581158,false
4,23,90.8,-1.352544641608557,-0.17467355825559547,false
4,23,90.9,-1.3460751270124847,-0.17934440685111502,false
4,23,91.0,-1.3395529263818684,-0.183921459506198,false
4,23,91.1,-1.3329803363910837,-0.18840493190513008,false
4,23,91.2,-1.3263593122339201,-0.19279505761016433,false
4,23,91.3,-1.3196914986991524,-0.19709208494600608,false
4,23,91.4,-1.3129782574466058,-0.2012962741742155,false
4,23,91.5,-1.30622069090079,-0.20540789492252906,false
4,23,91.6,-1.2994196631291748,-0.20942722383794693,false
4,23,91.7,-1.2925758180275428,-0.2133545424358176,false
4,23,91.8,-1.2856895950950824,-0.21719013512012456,false
4,23,91.9,-1.2787612430464481,-0.22093428735278606,false
4,23,92.0,-1.2717908314764788,-0.2245872839520615,false
4,24,92.0,-1.227848583215335,-0.13919148866344835,true
4,24,92.1,-1.2309322449049866,-0.14302370763528402,false
4,24,92.2,-1.2335295748103021,-0.14685384661436182,false
4,24,92.3,-1.2356570156042228,-0.1506775379739175,false
4,24,92.4,-1.2373315578953468,-0.15449059951302502,false
4,24,92.5,-1.2385705333883181,-0.15828903715316567,false
4,24,92.6,-1.2393914305008649,-0.16206904582204182,false
4,24,92.7,-1.2398117322697206,-0.1658270087434256,false
4,24,92.8,-1.2398487758818315,-0.16955949534632458,false
4,24,92.9,-1.2395196327864364,-0.173263257997268,false
4,24,93.0,-1.238841008067316,-0.17693522774710616,false
4,24,93.1,-1.2378291575700606,-0.18057250926929502,false
4,24,93.2,-1.236499821173,-0.18417237515100196,false
4,24,93.3,-1.2348681705488058,-0.18773225968217983,false
4,24,93.4,-1.2329487697737307,-0.19124975227155194,false
4,24,93.5,-1.2307555471910814,-0.19472259060264605,false
4,24,93.6,-1.228301777014303,-0.198148653627923,false
4,24,93.7,-1.2256000692539395,-0.20152595448488542,false
4,24,93.8,-1.2226623666641774,-0.20485263340496318,false
4,24,93.9,-1.2194999475225252,-0.20812695067403675,false
4,24,94.0,-1.2161234331756248,-0.21134727969270017,false
4,24,94.1,-1.2125427994015034,-0.21451210017477387,false
4,24,94.2,-1.2087673907510903,-0.21761999151411074,false
4,24,94.3,-1.204805937137628,-0.22066962634233594,false
4,24,94.4,-1.200666572040526,-0.22365976429374682,false
4,24,94.5,-1.1963568517795407,-0.22658924598809035,false
4,24,94.6,-1.1918837753956921,-0.22945698723724595,false
4,24,94.7,-1.1872538047470769,-0.23226197347788355,false
4,24,94.8,-1.1824728844910077,-0.23500325442885703,false
4,24,94.9,-1.1775464616791476,-0.23767993896934922,false
4,24,95.0,-1.172479504740015,-0.24029119023153347,false
4,24,95.1,-1.1672765216640562,-0.2428362208996867,false
4,24,95.2,-1.161941577240968,-0.2453142887062163,false
4,24,95.3,-1.156478309227758,-0.24772469211389253,false
4,24,95.4,-1.1508899433497024,-0.2500667661726543,false
4,24,95.5,-1.145179307055465,-0.2523398785386362,false
4,24,95.6,-1.1393488419626627,-0.25454342564250537,false
4,24,95.7,-1.1334006149415723,-0.2566768289937613,false
4,24,95.8,-1.1273363277928528,-0.2587395316073122,false
4,24,95.9,-1.1211573254804663,-0.2607309945383615,false
4,24,96.0,-1.114864602883719,-0.2626506935114007,false
4,25,96.0,-1.0256350726673422,-0.24122685982307643,true
4,25,96.1,-1.0216377535374637,-0.24242455891452275,false
4,25,96.2,-1.0174982672904418,-0.24357618206357573,false
4,25,96.3,-1.0132172105756911,-0.2446807669068263,false
4,25,96.4,-1.008794964915704,-0.24573736262691956,false
4,25,96.5,-1.0042316870891113,-0.2467450278521638,false
4,25,96.6,-0.9995272990548966,-0.24770282848137096,false
4,25,96.7,-0.9946814773026412,-0.24860983542974688,false
4,25,96.8,-0.9896936415079396,-0.24946512229059906,false
4,25,96.9,-0.984562942365253,-0.2502677629065301,false
4,25,97.0,-0.9792882484623305,-0.25101682884262394,false
4,25,97.1,-0.9738681320507132,-0.25171138675289884,false
4,25,97.2,-0.9683008535555653,-0.2523504956299806,false
4,25,97.3,-0.9625843446549104,-0.2529332039265285,false
4,25,97.4,-0.9567161897430361,-0.2534585465354036,false
4,25,97.5,-0.9506936055750727,-0.2539255416138867,false
4,25,97.6,-0.9445134188692145,-0.2543331872354095,false
4,25,97.7,-0.938172041619346,-0.25468045785022814,false
4,25,97.8,-0.931665443843509,-0.25496630053421504,false
4,25,97.9,-0.9249891234621846,-0.25518963100244096,false
4,25,98.0,-0.9181380729641494,-0.25534932936142263,false
4,25,98.1,-0.9111067424760088,-0.25544423557077833,false
4,25,98.2,-0.9038889988035721,-0.2554731445815163,false
4,25,98.3,-0.8964780799580683,-0.2554348011142137,false
4,25,98.4,-0.8888665446166769,-0.255327894035866,false
4,25,98.5,-0.8810462158936598,-0.25515105028911467,false
4,25,98.6,-0.8730081187139848,-0.25490282832180466,false
4,25,98.7,-0.8647424099839325,-0.2545817109582784,false
4,25,98.8,-0.8562383006406713,-0.2541860976463556,false
4,25,98.9,-0.847483968532685,-0.2537142960054346,false
4,25,99.0,-0.8384664609323654,-0.2531645125914173,false
4,25,99.1,-0.8291715853076227,-0.25253484278300825,false
4,25,99.2,-0.8195837867770657,-0.251823259681148,false
4,25,99.3,-0.8096860104384958,-0.25102760189864215,false
4,25,99.4,-0.7994595464877396,-0.25014556010013506,false
4,25,99.5,-0.7888838557278888,-0.2491746621330929,false
4,25,99.6,-0.7779363727005224,-0.24811225656798166,false
4,25,99.7,-0.7665922832420184,-0.24695549443986592,false
4,25,99.8,-0.7548242727699627,-0.2457013089536464,false
4,25,99.9,-0.742602241026014,-0.24434639288043933,false
4,25,100.0,-0.7298929783301563,-0.24288717333242063,false
5,1,0.0,-1.8633893588791945,0.9432517283983279,true
5,1,0.1,-1.89544272864903,0.9255172164439067,false
5,1,0.2,-1.919496813123561,0.9076567969126949,false
5,1,0.30000000000000004,-1.936988286851434,0.8897380169353477,false
5,1,0.4,-1.94918887726972,0.8718154825522532,false
5,1,0.5,-1.9571798455489053,0.853932609597479,false
5,1,0.6000000000000001,-1.9618542591546815,0.8361234570382327,false
5,1,0.7000000000000001,-1.9639344061985005,0.8184144483974491,false
5,1,0.8,-1.9639956125867923,0.8008258862964533,false
5,1,0.9,-1.9624911341049855,0.7833732296583147,false
5,1,1.0,-1.959775276510412,0.7660681400569517,false
5,1,1.1,-1.9561234974424415,0.7489193218006227,false
5,1,1.2,-1.9517491775511477,0.7319331868765473,false
5,1,1.3,-1.9468172356185773,0.715114376017503,false
5,1,1.4,-1.9414549772669583,0.6984661641787124,false
5,1,1.5,-1.9357606283382112,0.6819907745693758,false
5,1,1.6,-1.9298099871333114,0.6656896211093192,false
5,1,1.7000000000000002,-1.9236615783388782,0.6495634952763167,false
5,1,1.8,-1.9173606296725456,0.6336127099649408,false
5,1,1.9,-1.9109421321222306,0.6178372102225882,false
5,1,2.0,-1.9044331914150363,0.6022366585153094,false
5,1,2.1,-1.8978548336658434,0.5868105004283968,false
5,1,2.2,-1.891223391856262,0.5715580153424239,false
5,1,2.3,-1.8845515709314031,0.5564783555689014,false
5,1,2.4,-1.8778492666802362,0.5415705766159331,false
5,1,2.5,-1.8711241960097587,0.5268336606296959,false
5,1,2.6,-1.8643823826912347,0.5122665345793043,false
5,1,2.7,-1.857628532273865,0.49786808438685204,false
5,1,2.8,-1.8508663219184265,0.4836371659248318,false
5,1,2.9,-1.8440986248383624,0.4695726135893934,false
5,1,3.0,-1.8373276844089828,0.45567324699444006,false
5,1,3.1,-1.8305552494768953,0.44193787620643316,false
5,1,3.2,-1.8237826797102692,0.42836530584389904,false
5,1,3.3,-1.8170110277763003,0.414954338292069,false
5,1,3.4,-1.810241103563019,0.40170377622656495,false
5,1,3.5,-1.8034735244625497,0.3886124245965506,false
5,1,3.6,-1.7967087548140253,0.3756790921842476,false
5,1,3.7,-1.7899471368997706,0.36290259283183474,false
5,1,3.8,-1.7831889153472393,0.3502817464067319,false
5,1,3.9,-1.7764342563729847,0.33781537956076385,false
5,1,4.0,-1.7696832629842463,0.3255023263266606,false
5,1,4.1,-1.7629359870062413,0.31334142858599134,false
5,1,4.2,-1.75619243861189,0.30133153643533805,false
5,1,4.3,-1.749452593882505,0.2894715084718233,false
5,1,4.4,-1.7427164008129874,0.2777602120146579,false
5,1,4.5,-1.735983784085676,0.26619652327588755,false
5,1,4.6,-1.7292546488674143,0.25477932749078347,false
5,1,4.7,-1.7225288838300918,0.2435075190161707,false
5,1,4.8,-1.7158063635524734,0.232380001403294,false
5,1,4.9,-1.7090869504279202,0.2213956874504856,false
5,1,5.0,-1.7023704961765271,0.21055349923984198,false
5,2,5.0,-1.6288245859175023,0.2992548548567516,true
5,2,5.1,-1.640597356370723,0.28849049997978476,false
5,2,5.2,-1.6498062996580563,0.2777091849327628,false
5,2,5.3,-1.6567699831150315,0.26693305466874295,false
5,2,5.4,-1.661781022569531,0.2561812878449493,false
5,2,5.5,-1.6651034967572242,0.24547037015355427,false
5,2,5.6,-1.6669724104423358,0.23481437941348665,false
5,2,5.7,-1.6675945649686292,0.22422526659098924,false
5,2,5.8,-1.667150319751029,0.21371312234577972,false
5,2,5.9,-1.6657958524227383,0.20328642293306928,false
5,2,6.0,-1.663665635054267,0.19295225241521688,false
5,2,6.1,-1.660874933553585,0.18271650032182385,false
5,2,6.2,-1.6575222066124309,0.17258403533866828,false
5,2,6.3,-1.6536913315766373,0.16255885648803609,false
5,2,6.4,-1.6494536206109527,0.15264422374261888,false
5,2,6.5,-1.6448696148327215,0.1428427702174145,false
5,2,6.6,-1.6399906596861689,0.13315659810411543,false
5,2,6.7,-1.634860274178452,0.12358736041973852,false
5,2,6.8,-1.6295153316183941,0.11413633048463943,false
5,2,6.9,-1.623987071625107,0.10480446085778852,false
5,2,7.0,-1.6183019634466185,0.09559243326097372,false
5,2,7.1,-1.6124824397792843,0.08650070083192966,false
5,2,7.2,-1.6065475188066614,0.07752952386708564,false
5,2,7.3,-1.6005133304126185,0.0686790000516648,false
5,2,7.4,-1.5943935606792714,0.05994909002976655,false
5,2,7.5,-1.5881998269846933,0.05133963903978122,false
5,2,7.6,-1.5819419943412065,0.04285039523007855,false
5,2,7.7,-1.575628442098614,0.034481025174952544,false
5,2,7.8,-1.5692662887906785,0.026231127029664042,false
5,2,7.9,-1.5628615817258702,0.018100241694434874,false
5,2,8.0,-1.5564194569050083,0.010087862298818204,false
5,2,8.1,-1.5499442739748022,0.002193442268528018,false
5,2,8.2,-1.5434397301816396,-0.005583597804765602,false
5,2,8.3,-1.536908956658364,-0.013243864305145198,false
5,2,8.4,-1.5303545998430645,-0.020787985589519123,false
5,2,8.5,-1.5237788903792104,-0.02821660770859865,false
5,2,8.6,-1.517183701468385,-0.03553039074103124,false
5,2,8.7,-1.5105705983294924,-0.04273000564732494,false
5,2,8.8,-1.5039408801522163,-0.049816131564785884,false
5,2,8.9,-1.4972956157095374,-0.05678945347693625,false
5,2,9.0,-1.4906356736073796,-0.06365066020116247,false
5,2,9.1,-1.4839617479930944,-0.0704004426469825,false
5,2,9.2,-1.4772743804135247,-0.0770394923045834,false
5,2,9.3,-1.470573978403701,-0.08356849992938978,false
5,2,9.4,-1.463860831295288,-0.08998815439356625,false
5,2,9.5,-1.4571351236568066,-0.09629914167969018,false
5,2,9.6,-1.450396946712977,-0.1025021439954833,false
5,2,9.7,-1.443646308036196,-0.10859783899157326,false
5,2,9.8,-1.4368831397574977,-0.11458689906685875,false
5,2,9.9,-1.4301073055059135,-0.12046999074825014,false
5,2,10.0,-1.4233186062527776,-0.1262477741334178,false
5,3,10.0,-1.2920992226910661,-0.08890094643767085,true
5,3,10.1,-1.2973279644136804,-0.09370091640289281,false
5,3,10.2,-1.3018261746965312,-0.09851024011879687,false
5,3,10.3,-1.305625643881314,-0.10332229769888898,false
5,3,10.4,-1.3087591388850894,-0.1081308140923126,false
5,3,10.5,-1.3112598968315852,-0.11292986312981282,false
5,3,10.6,-1.3131611882166474,-0.11771386721819428,false
5,3,10.7,-1.3144959477706564,-0.12247759334570432,false
5,3,10.8,-1.3152964693968254,-0.12721614603044748,false
5,3,10.9,-1.315594160326739,-0.13192495780004082,false
5,3,11.0,-1.3154193488686836,-0.13659977773802745,false
5,3,11.1,-1.3148011397481723,-0.1412366585750918,false
5,3,11.2,-1.3137673109717618,-0.14583194274409328,false
5,3,11.3,-1.3123442463087194,-0.15038224775983378,false
5,3,11.4,-1.3105568978130693,-0.1548844512290994,false
5,3,11.5,-1.3084287732442637,-0.1593356757450886,false
5,3,11.6,-1.3059819437420486,-0.16373327387359451,false
5,3,11.7,-1.3032370676340865,-0.168074813396609,false
5,3,11.8,-1.3002134267766554,-0.17235806294242653,false
5,3,11.9,-1.2969289723301454,-0.17658097809970508,false
5,3,12.0,-1.2934003773394043,-0.18074168808600655,false
5,3,12.1,-1.2896430939165822,-0.1848384830187089,false
5,3,12.2,-1.2856714132072553,-0.18886980181743723,false
5,3,12.3,-1.2814985266583865,-0.19283422075185674,false
5,3,12.4,-1.277136587400268,-0.19673044263636869,false
5,3,12.5,-1.2725967708064925,-0.20055728666353898,false
5,3,12.6,-1.267889333509544,-0.20431367886057644,false
5,3,12.7,-1.2630236703285522,-0.20799864314751784,false
5,3,12.8,-1.2580083687140016,-0.21161129297165374,false
5,3,12.9,-1.2528512604355806,-0.21515082348986966,false
5,3,13.0,-1.247559470337511,-0.2186165042687417,false
5,3,13.1,-1.242139462063989,-0.2220076724712101,false
5,3,13.2,-1.2365970807188331,-0.22532372649828367,false
5,3,13.3,-1.230937592470765,-0.22856412005435858,false
5,3,13.4,-1.225165721151311,-0.23172835660523933,false
5,3,13.5,-1.219285681918172,-0.23481598419873484,false
5,3,13.6,-1.2133012120748023,-0.237826590618677,false
5,3,13.7,-1.2072155991483549,-0.24075979884431226,false
5,3,13.8,-1.2010317063343598,-0.24361526278819093,false
5,3,13.9,-1.194751995418511,-0.2463926632868809,false
5,3,14.0,-1.1883785472846258,-0.24909170432002925,false
5,3,14.1,-1.181913080113901,-0.2517121094344577,false
5,3,14.2,-1.175356965374574,-0.25425361835108634,false
5,3,14.3,-1.1687112416934595,-0.2567159837335175,false
5,3,14.4,-1.1619766266919236,-0.25909896809806515,false
5,3,14.5,-1.15515352685892,-0.2614023408458753,false
5,3,14.6,-1.148242045522973,-0.26362587539854193,false
5,3,14.7,-1.1412419889735455,-0.2657693464192742,false
5,3,14.8,-1.1341528707701771,-0.26783252710221056,false
5,3,14.9,-1.1269739142651518,-0.2698151865128963,false
5,3,15.0,-1.11970405335224,-0.27171708696324215,false
5,4,15.0,-0.9992594354586194,-0.22520959230785323,true
5,4,15.1,-0.9966635274632547,-0.2262894055189524,false
5,4,15.2,-0.9939330011574138,-0.22733688766290885,false
5,4,15.3,-0.9910683460380039,-0.22835104419482447,false
5,4,15.4,-0.9880699579476281,-0.22933089192736097,false
5,4,15.5,-0.984938129246186,-0.2302754580439276,false
5,4,15.6,-0.981673038918273,-0.23118377902876167,false
5,4,15.7,-0.978274742560858,-0.23205489951367192,false
5,4,15.8,-0.9747431621909555,-0.23288787104068542,false
5,4,15.9,-0.9710780758080125,-0.23368175073926895,false
5,4,16.0,-0.9672791066404186,-0.2344355999161834,false
5,4,16.1,-0.9633457119998253,-0.23514848255537074,false
5,4,16.2,-0.9592771716607341,-0.2358194637245646,false
5,4,16.3,-0.9550725756759677,-0.23644760788455232,false
5,4,16.4,-0.9507308115310587,-0.23703197709619253,false
5,4,16.5,-0.9462505505321405,-0.23757162911940174,false
5,4,16.6,-0.9416302333124622,-0.23806561539735638,false
5,4,16.7,-0.9368680543319994,-0.2385129789181061,false
5,4,16.8,-0.9319619452326204,-0.23891275194464617,false
5,4,16.9,-0.9269095568976747,-0.23926395360324074,false
5,4,17.0,-0.9217082400494585,-0.23956558731840952,false
5,4,17.1,-0.9163550242005145,-0.23981663808146944,false
5,4,17.2,-0.9108465947548195,-0.24001606953784335,false
5,4,17.3,-0.9051792680322502,-0.2401628208764846,false
5,4,17.4,-0.8993489639638819,-0.2402558035026957,false
5,4,17.5,-0.8933511761761861,-0.24029389747330993,false
5,4,17.6,-0.8871809391485068,-0.24027594767062374,false
5,4,17.7,-0.8808327920896615,-0.2402007596885753,false
5,4,17.8,-0.8743007391353991,-0.24006709540141402,false
5,4,17.9,-0.8675782054178859,-0.23987366818144773,false
5,4,18.0,-0.8606579885003659,-0.2396191377283242,false
5,4,18.1,-0.8535322046034995,-0.2393021044676347,false
5,4,18.2,-0.8461922289732295,-0.23892110347133677,false
5,4,18.3,-0.8386286296517749,-0.23847459784648598,false
5,4,18.4,-0.8308310938116236,-0.23796097153193588,false
5,4,18.5,-0.8227883456949994,-0.23737852143488045,false
5,4,18.6,-0.8144880550656539,-0.23672544883022897,false
5,4,18.7,-0.80591673492298,-0.23599984993564557,false
5,4,18.8,-0.7970596270468533,-0.2351997055634541,false
5,4,18.9,-0.7879005737311956,-0.23432286973726962,false
5,4,19.0,-0.7784218738202399,-0.23336705714589687,false
5,4,19.1,-0.7686041208783193,-0.2323298292894157,false
5,4,19.2,-0.758426020995268,-0.2312085791520839,false
5,4,19.3,-0.7478641873477995,-0.23000051421329515,false
5,4,19.4,-0.7368929081940189,-0.22870263758083603,false
5,4,19.5,-0.72548388446389,-0.22731172699950788,false
5,4,19.6,-0.7136059325121918,-0.22582431145214887,false
5,4,19.7,-0.7012246469103659,-0.2242366450284376,false
5,4,19.8,-0.6883020173568722,-0.22254467768870667,false
5,4,19.9,-0.6747959928690805,-0.22074402249435077,false
5,4,20.0,-0.6606599853706063,-0.2188299188121779,false
5,5,20.0,-0.6431483126570812,-0.2665967412024393,true
5,5,20.1,-0.6222924535703207,-0.2640257972558864,false
5,5,20.2,-0.6003070311999987,-0.2612774350799405,false
5,5,20.3,-0.5770783153110014,-0.25834209011252107,false
5,5,20.4,-0.5524783875433077,-0.2552091617565254,false
5,5,20.5,-0.5263631691654292,-0.25186688206894386,false
5,5,20.6,-0.4985701846627998,-0.2483021661385177,false
5,5,20.7,-0.46891604387494784,-0.2445004417795694,false
5,5,20.8,-0.43719363648552023,-0.24044545607405796,false
5,5,20.9,-0.40316905274175185,-0.23611905633885097,false
5,5,21.0,-0.36657827826284506,-0.23150094338309637,false
5,5,21.1,-0.32712376592305054,-0.22656839560827194,false
5,5,21.2,-0.28447107446514985,-0.22129596382679873,false
5,5,21.3,-0.23824589625651493,-0.21565513898170327,false
5,5,21.4,-0.18803199497280473,-0.20961399874052944,false
5,5,21.5,-0.13337086258876862,-0.20313684491147854,false
5,5,21.6,-0.07376431152682933,-0.19618385272581074,false
5,5,21.7,-0.00868176606850285,-0.18871076642249246,false
5,5,21.8,0.062425288948755486,-0.1806686945697975,false
5,5,21.9,0.14009845373373775,-0.17200408429119096,false
5,5,22.0,0.2248331791303418,-0.16265898624097108,false
5,5,22.1,0.31702087857105354,-0.15257175968927442,false
5,5,22.2,0.4168689081357209,-0.14167840268408957,false
5,5,22.3,0.5242978528649572,-0.12991471148748948,false
5,5,22.4,0.6388218129981231,-0.11721945140837878,false
5,5,22.5,0.7594277287266477,-0.10353862324860105,false
5,5,22.6,0.8844831227336355,-0.08883070183859643,false
5,5,22.7,1.0117132696664048,-0.07307239718280174,false
5,5,22.8,1.1382898248160223,-0.05626409926853697,false
5,5,22.9,1.2610536240651267,-0.03843385896882828,false
5,5,23.0,1.3768525857667793,-0.019638735054306914,false
5,5,23.1,1.48292546103742,3.724583021441283e-5,false
5,5,23.2,1.5772314531624931,0.020488461935257007,false
5,5,23.3,1.6586375997250626,0.04159545004154644,false
5,5,23.4,1.726927647083854,0.06323350336919667,false
5,5,23.5,1.7826587397557208,0.0852805491040513,false
5,5,23.6,1.8269326456376511,0.10762320470237008,false
5,5,23.7,1.8611531973501159,0.13016058044112933,false
5,5,23.8,1.886820673016089,0.1528059725294002,false
5,5,23.9,1.9053854089601345,0.17548692376553493,false
5,5,24.0,1.9181606028785037,0.1981442195431165,false
5,5,24.1,1.9262824406186996,0.2207303203316849,false
5,5,24.2,1.9307025274828091,0.24320759963571462,false
5,5,24.3,1.9321993498948256,0.2655466217068059,false
5,5,24.4,1.9313989964864533,0.2877245854955589,false
5,5,24.5,1.928798828871549,0.3097239871461504,false
5,5,24.6,1.9247904937152158,0.3315315081882264,false
5,5,24.7,1.9196805059257407,0.35313711250676444,false
5,5,24.8,1.9137077602264427,0.3745333247050323,false
5,5,24.9,1.9070579538301087,0.3957146599627505,false
5,5,25.0,1.899875207878449,0.41667717713910235,false
5,6,25.0,1.8148749530157198,0.43863009130384323,true
5,6,25.1,1.821467797597209,0.45849830320513435,false
5,6,25.2,1.8250766124519529,0.47826710735436095,false
5,6,25.3,1.8262459925517975,0.49791245276868884,false
5,6,25.4,1.8254294093707426,0.5174150308271185,false
5,6,25.5,1.8230001727874074,0.5367594544695238,false
5,6,25.6,1.8192630002859724,0.555933547807684,false
5,6,25.7,1.8144650685936685,0.57492774523363,false
5,6,25.8,1.8088059733487474,0.5937345915061084,false
5,6,25.9,1.802446373487363,0.6123483308349409,false
5,6,26.0,1.7955153042072312,0.6307645720648645,false
5,6,26.1,1.7881162530737529,0.6489800175734379,false
5,6,26.2,1.7803321438227913,0.6669922447201305,false
5,6,26.3,1.7722293865158911,0.6847995301754737,false
5,6,26.4,1.7638611471713217,0.7024007089693944,false
5,6,26.5,1.7552699749336518,0.7197950614966854,false
5,6,26.6,1.7464899062226371,0.7369822229483819,false
5,6,26.7,1.737548146429613,0.7539621106859767,false
5,6,26.8,1.728466412282162,0.7707348659485836,false
5,6,26.9,1.7192620026876442,0.7873008069995316,false
5,6,27.0,1.7099486528654622,0.8036603914002509,false
5,6,27.1,1.7005372157780532,0.819814185567508,false
5,6,27.2,1.6910362060342645,0.8357628401450299,false
5,6,27.3,1.6814522342861355,0.8515070700197431,false
5,6,27.4,1.671790354394342,0.8670476380509348,false
5,6,27.5,1.662054341046768,0.8823853417697968,false
5,6,27.6,1.652246911860431,0.8975210024569519,false
5,6,27.7,1.6423699050954734,0.9124554561246785,false
5,6,27.8,1.6324244218096808,0.9271895460250681,false
5,6,27.9,1.6224109394597723,0.9417241163803645,false
5,6,28.0,1.6123294025124486,0.9560600070913017,false
5,6,28.1,1.6021792944846727,0.9701980492265908,false
5,6,28.2,1.5919596949258807,0.9841390611343375,false
5,6,28.3,1.581669324134944,0.9978838450461072,false
5,6,28.4,1.5713065778322277,1.0114331840681785,false
5,6,28.5,1.5608695535509296,1.0247878394734762,false
5,6,28.6,1.550356070147446,1.037948548222748,false
5,6,28.7,1.539763681538446,1.0509160206555133,false
5,6,28.8,1.5290896855373282,1.063690938300785,false
5,6,28.9,1.518331128472711,1.0762739517650304,false
5,6,29.0,1.5074848061169903,1.088665678660668,false
5,6,29.1,1.4965472613261863,1.1008667015429139,false
5,6,29.2,1.4855147786872354,1.1128775658261978,false
5,6,29.3,1.4743833763807226,1.124698777653891,false
5,6,29.4,1.4631487953918738,1.1363308016968223,false
5,6,29.5,1.4518064861372644,1.1477740588571552,false
5,6,29.6,1.4403515925165207,1.1590289238547196,false
5,6,29.7,1.4287789333451382,1.170095722672891,false
5,6,29.8,1.4170829810744936,1.1809747298406506,false
5,6,29.9,1.4052578376566098,1.191666165526545,false
5,6,30.0,1.3932972073627337,1.2021701924189117,false
5,7,30.0,1.3893349327888949,1.0892822957322503,true
5,7,30.1,1.388358028137508,1.1004422415497361,false
5,7,30.2,1.3863788477119805,1.1115067348994458,false
5,7,30.3,1.3834767817249383,1.122467657843666,false
5,7,30.4,1.379724769973283,1.1333176501245235,false
5,7,30.5,1.37518932430717,1.1440500444719217,false
5,7,30.6,1.3699306779452407,1.1546588032056297,false
5,7,30.7,1.3640030237465322,1.1651384571052983,false
5,7,30.8,1.3574548105842283,1.17548404720044,false
5,7,30.9,1.350329073321521,1.1856910698745664,false
5,7,31.0,1.342663777410385,1.195755425476209,false
5,7,31.1,1.3344921637807332,1.2056733704761597,false
5,7,31.2,1.3258430834943549,1.2154414730966827,false
5,7,31.3,1.316741314681312,1.225056572257031,false
5,7,31.4,1.3072078566518173,1.2345157396235282,false
5,7,31.5,1.297260197884646,1.2438162445159084,false
5,7,31.6,1.286912555930224,1.2529555213996493,false
5,7,31.7,1.2761760882197353,1.2619311396826716,false
5,7,31.8,1.2650590734162983,1.270740775530763,false
5,7,31.9,1.2535670633436042,1.2793821854168423,false
5,7,32.0,1.2417030057328344,1.2878531811226708,false
5,7,32.1,1.2294673380807752,1.296151605916224,false
5,7,32.2,1.216858052842034,1.3042753116324217,false
5,7,32.3,1.2038707340090407,1.3122221363882431,false
5,7,32.4,1.1904985648809727,1.319989882664615,false
5,7,32.5,1.1767323064966557,1.3275762954861658,false
5,7,32.6,1.1625602458113906,1.334979040425331,false
5,7,32.7,1.1479681122333825,1.342195681148793,false
5,7,32.8,1.132938960597524,1.3492236562112097,false
5,7,32.9,1.1174530180341777,1.3560602547829508,false
5,7,33.0,1.1014874914756576,1.3627025909743486,false
5,7,33.1,1.0850163317164592,1.3691475763878935,false
5,7,33.2,1.068009948983521,1.3753918904907734,false
5,7,33.3,1.0504348738535296,1.3814319483519146,false
5,7,33.4,1.0322533560435847,1.3872638652286768,false
5,7,33.5,1.0134228920614776,1.3928834174167495,false
5,7,33.6,0.9938956708877961,1.398285998690379,false
5,7,33.7,0.9736179247226763,1.4034665715561925,false
5,7,33.8,0.9525291693072893,1.4084196124194603,false
5,7,33.9,0.9305613153608557,1.413139049613006,false
5,7,34.0,0.9076376291928873,1.4176181930619067,false
5,7,34.1,0.8836715164965859,1.421849654146874,false
5,7,34.2,0.8585650986582966,1.425825254080521,false
5,7,34.3,0.8322075456221593,1.429535918818168,false
5,7,34.4,0.8044731234939474,1.4329715581832225,false
5,7,34.5,0.7752189088510344,1.4361209264925212,false
5,7,34.6,0.7442821155740994,1.438971461518118,false
5,7,34.7,0.7114769747472371,1.4415090981232417,false
5,7,34.8,0.6765911052480857,1.4437180523760498,false
5,7,34.9,0.6393813145820533,1.4455805714076453,false
5,7,35.0,0.5995687805112759,1.4470766438028422,false
5,8,35.0,0.6474564028430315,1.3544978114305821,true
5,8,35.1,0.6175565612192248,1.356780828132503,false
5,8,35.2,0.5854054157786537,1.3587628757356007,false
5,8,35.3,0.5507621187549194,1.360424445323125,false
5,8,35.4,0.5133504262390493,1.3617438046147776,false
5,8,35.5,0.4728536523881777,1.3626966670345315,false
5,8,35.6,0.42890920333588073,1.3632558149223153,false
5,8,35.7,0.3811028967521066,1.3633906742026791,false
5,8,35.8,0.32896346883295746,1.363066840557733,false
5,8,35.9,0.2719579828109742,1.3622455621596394,false
5,8,36.0,0.20948933631664293,1.3608831925887368,false
5,8,36.1,0.1408977878045089,1.3589306415438724,false
5,8,36.2,0.0654694579717959,1.356332872838815,false
5,8,36.3,-0.017543843024813988,1.3530285320358526,false
5,8,36.4,-0.10888741302493563,1.348949832974667,false
5,8,36.5,-0.20924133496410802,1.3440228949581394,false
5,8,36.6,-0.3191244087448096,1.338168797092983,false
5,8,36.7,-0.4387572959112198,1.3313056888858859,false
5,8,36.8,-0.567884557582313,1.3233523325718095,false
5,8,36.9,-0.7055703096150774,1.3142333912028525,false
5,8,37.0,-0.8500070185023375,1.3038865323240687,false
5,8,37.1,-0.998406558370661,1.292270917682029,false
5,8,37.2,-1.1470606600345183,1.2793759182239333,false
5,8,37.3,-1.2916384092724857,1.2652281543629975,false
5,8,37.4,-1.4277140378085234,1.2498946553294643,false
5,8,37.5,-1.5514088086661286,1.2334805049883155,false
5,8,37.6,-1.6599513058292932,1.2161208363602518,false
5,8,37.7,-1.7519767345944999,1.197968842895313,false
5,8,37.8,-1.8274984218200119,1.1791826424989518,false
5,8,37.9,-1.8876192707742225,1.1599137848384111,false
5,8,38.0,-1.9341256238361153,1.1402991433461185,false
5,8,38.1,-1.9690978287677694,1.1204565969505937,false
5,8,38.2,-1.9946152846742737,1.100483914304121,false
5,8,38.3,-2.0125749746063732,1.0804598259314317,false
5,8,38.4,-2.024606100644403,1.0604462899903617,false
5,8,38.5,-2.032050764897016,1.0404911972943107,false
5,8,38.6,-2.0359826080390895,1.0206310405426966,false
5,8,38.7,-2.0372428713857436,1.0008933006555671,false
5,8,38.8,-2.0364811291601903,0.9812984564589345,false
5,8,38.9,-2.0341938701677362,0.9618616126666524,false
5,8,39.0,-2.030757946093542,0.9425937845803362,false
5,8,39.1,-2.026458095607245,0.9235028938921592,false
5,8,39.2,-2.0215088547498112,0.9045945311298849,false
5,8,39.3,-2.0160716203970575,0.8858725345774874,false
5,8,39.4,-2.0102677444898767,0.867339427420849,false
5,8,39.5,-2.0041884829272543,0.8489967466848778,false
5,8,39.6,-1.9979025047894508,0.83084529024817,false
5,8,39.7,-1.991461536016603,0.8128853021653962,false
5,8,39.8,-1.984904590099796,0.7951166116868184,false
5,8,39.9,-1.97826113529166,0.7775387375914232,false
5,8,40.0,-1.971553464625444,0.7601509665578792,false
5,9,40.0,-1.9877320457334957,0.8430275535219565,true
5,9,40.1,-1.9846670632172403,0.825055293538163,false
5,9,40.2,-1.980711189924907,0.807247188296844,false
5,9,40.3,-1.9760739723993281,0.7896091959937642,false
5,9,40.4,-1.9709158116126881,0.7721455457284397,false
5,9,40.5,-1.9653593765228197,0.7548591461240176,false
5,9,40.6,-1.9594984627740561,0.737751898476684,false
5,9,40.7,-1.9534048148872354,0.7208249361207395,false
5,9,40.8,-1.947133352559835,0.7040788071329077,false
5,9,40.9,-1.9407261608005737,0.6875136137091175,false
5,9,41.0,-1.9342155300825608,0.6711291184970908,false
5,9,41.1,-1.9276262703120353,0.6549248257647013,false
5,9,41.2,-1.920977471596653,0.6389000434166242,false
5,9,41.3,-1.9142838444674506,0.6230539304345808,false
5,9,41.4,-1.9075567407422307,0.607385533217505,false
5,9,41.5,-1.9008049319493412,0.5918938134612135,false
5,9,41.6,-1.8940352036596089,0.5765776695818009,false
5,9,41.7,-1.8872528099377248,0.5614359532052902,false
5,9,41.8,-1.880461821400658,0.5464674818811326,false
5,9,41.9,-1.8736653922529969,0.5316710489006848,false
5,9,42.0,-1.866865965531111,0.5170454308922618,false
5,9,42.1,-1.860065431148787,0.5025893937054321,false
5,9,42.2,-1.853265247829972,0.4883016969765453,false
5,9,42.3,-1.8464665373616513,0.47418109767573013,false
5,9,42.4,-1.8396701575917462,0.4602263528657398,false
5,9,42.5,-1.83287675907491,0.4464362218497468,false
5,9,42.6,-1.8260868291140524,0.432809467844491,false
5,9,42.7,-1.8193007260675527,0.419344859284044,false
5,9,42.8,-1.8125187061238681,0.4060411708355785,false
5,9,42.9,-1.805740944235719,0.3928971841901959,false
5,9,43.0,-1.7989675505168528,0.3799116886777594,false
5,9,43.1,-1.7921985831066112,0.3670834817438019,false
5,9,43.2,-1.7854340582792743,0.3544113693181811,false
5,9,43.3,-1.7786739583998594,0.34189416609865136,false
5,9,43.4,-1.7719182381932124,0.3295306957674844,false
5,9,43.5,-1.7651668296892682,0.31731979115535647,false
5,9,43.6,-1.7584196461270938,0.30526029436367175,false
5,9,43.7,-1.7516765850382237,0.2933510568541177,false
5,9,43.8,-1.7449375306816612,0.28159093951239283,false
5,9,43.9,-1.738202355965526,0.26997881269159313,false
5,9,44.0,-1.7314709239612516,0.25851355623960803,false
5,9,44.1,-1.7247430890935564,0.24719405951397955,false
5,9,44.2,-1.7180186980717067,0.23601922138697637,false
5,9,44.3,-1.711297590613731,0.22498795024307972,false
5,9,44.4,-1.7045796000043851,0.2140991639706398,false
5,9,44.5,-1.6978645535191346,0.20335178994911562,false
5,9,44.6,-1.6911522727397068,0.19274476503303703,false
5,9,44.7,-1.6844425737814699,0.18227703553361008,false
5,9,44.8,-1.6777352674487165,0.1719475571987151,false
5,9,44.9,-1.6710301593306096,0.16175529519190876,false
5,9,45.0,-1.6643270498479361,0.15169922407093345,false
5,10,45.0,-1.703618853389809,0.23555331334618995,true
5,10,45.1,-1.6990212759013987,0.22464743494905087,false
5,10,45.2,-1.694100443128724,0.21386519850950175,false
5,10,45.3,-1.6889085809467428,0.20320841353764071,false
5,10,45.4,-1.6834892763441278,0.19267843838987422,false
5,10,45.5,-1.6778789066867705,0.18227625601569758,false
5,10,45.6,-1.6721078391692379,0.17200253712926677,false
5,10,45.7,-1.666201433830736,0.1618576928489433,false
5,10,45.8,-1.6601808801120959,0.15184191854230714,false
5,10,45.9,-1.6540638932752794,0.1419552303433493,false
5,10,46.0,-1.6478652934257887,0.13219749557310514,false
5,10,46.1,-1.6415974865514578,0.1225684580930209,false
5,10,46.2,-1.6352708640038622,0.11306775944883374,false
5,10,46.3,-1.6288941342280017,0.10369495651819434,false
5,10,46.4,-1.622474598284793,0.09444953625412783,false
5,10,46.5,-1.6160183787834683,0.08533092801535384,false
5,10,46.6,-1.6095306102127471,0.07633851389041937,false
5,10,46.7,-1.6030155972935018,0.0674716373528412,false
5,10,46.8,-1.5964769468352495,0.05872961052666849,false
5,10,46.9,-1.589917677630526,0.050111720294061274,false
5,10,47.0,-1.583340312134933,0.041617233436943055,false
5,10,47.1,-1.576746953030094,0.03324540097210405,false
5,10,47.2,-1.5701393472292549,0.02499546181211812,false
5,10,47.3,-1.5635189394416478,0.016866645862103062,false
5,10,47.4,-1.556886917045781,0.008858176643883985,false
5,10,47.5,-1.550244247720028,0.0009692735238342309,false
5,10,47.6,-1.543591711030003,-0.00680084639198791,false
5,10,47.7,-1.536929924966899,-0.014452966642277632,false
5,10,47.8,-1.530259368261533,-0.021987870030068496,false
5,10,47.9,-1.5235803991589385,-0.029406337440257953,false
5,10,48.0,-1.5168932712227328,-0.03670914682387077,false
5,10,48.1,-1.5101981466428798,-0.043897072322851505,false
5,10,48.2,-1.5034951074413152,-0.050970883513336195,false
5,10,48.3,-1.496784164904326,-0.05793134474882043,false
5,10,48.4,-1.490065267516166,-0.06477921458753462,false
5,10,48.5,-1.4833383076232065,-0.07151524529075455,false
5,10,48.6,-1.4766031270203535,-0.07814018238079681,false
5,10,48.7,-1.469859521620173,-0.08465476424914063,false
5,10,48.8,-1.4631072453390843,-0.0910597218065353,false
5,10,48.9,-1.4563460133132013,-0.09735577816814014,false
5,10,49.0,-1.4495755045381833,-0.103543648367742,false
5,10,49.1,-1.4427953640121978,-0.10962403909592999,false
5,10,49.2,-1.4360052044482858,-0.11559764845781137,false
5,10,49.3,-1.4292046076116538,-0.12146516574643997,false
5,10,49.4,-1.4223931253283346,-0.12722727122862362,false
5,10,49.5,-1.4155702802039862,-0.1328846359401908,false
5,10,49.6,-1.4087355660851035,-0.13843792148814288,false
5,10,49.7,-1.401888448289387,-0.143887779857407,false
5,10,49.8,-1.395028363627301,-0.14923485322014404,false
5,10,49.9,-1.3881547202328117,-0.15447977374576483,false
5,10,50.0,-1.381266897217815,-0.15962316340996893,false
5,11,50.0,-1.3869063110229458,-0.06364603188435047,true
5,11,50.1,-1.3888333332113922,-0.06948505237177013,false
5,11,50.2,-1.3900620904969956,-0.07529567387047502,false
5,11,50.3,-1.390644865690322,-0.08107194609978874,false
5,11,50.4,-1.3906311959645348,-0.08680842920830015,false
5,11,50.5,-1.3900677127237488,-0.09250016405772622,false
5,11,50.6,-1.3889980657791259,-0.09814264165724346,false
5,11,50.7,-1.3874629150590196,-0.10373177244893386,false
5,11,50.8,-1.385499975004956,-0.10926385599480937,false
5,11,50.9,-1.383144098819238,-0.11473555148496963,false
5,11,51.0,-1.3804273917040062,-0.12014384937485682,false
5,11,51.1,-1.3773793440813054,-0.12548604436637234,false
5,11,51.2,-1.3740269774594882,-0.13075970987128777,false
5,11,51.3,-1.3703949970893214,-0.13596267403407453,false
5,11,51.4,-1.3665059468281269,-0.14109299734303085,false
5,11,51.5,-1.3623803627091027,-0.14614895182147328,false
5,11,51.6,-1.3580369226102256,-0.15112900176296018,false
5,11,51.7,-1.3534925901514687,-0.1560317859543826,false
5,11,51.8,-1.3487627515408098,-0.1608561013168339,false
5,11,51.9,-1.343861344558902,-0.1656008878851939,false
5,11,52.0,-1.3388009792385107,-0.1702652150422711,false
5,11,52.1,-1.3335930500753395,-0.17484826892123992,false
5,11,52.2,-1.3282478398171658,-0.17934934089025928,false
5,11,52.3,-1.3227746150316917,-0.18376781703496245,false
5,11,52.4,-1.317181713761618,-0.18810316855749112,false
5,11,52.5,-1.3114766256477663,-0.192354943014526,false
5,11,52.6,-1.305666064945528,-0.19652275632104838,false
5,11,52.7,-1.2997560368830128,-0.20060628545112338,false
5,11,52.8,-1.2937518978162634,-0.20460526177165086,false
5,11,52.9,-1.2876584096319972,-0.20851946494965962,false
5,11,53.0,-1.2814797888348601,-0.21234871737822886,false
5,11,53.1,-1.2752197507367677,-0.21609287907044344,false
5,11,53.2,-1.2688815491425531,-0.21975184297488332,false
5,11,53.3,-1.2624680119004226,-0.22332553066998562,false
5,11,53.4,-1.255981572658776,-0.2268138883981848,false
5,11,53.5,-1.249424299143654,-0.23021688340402924,false
5,11,53.6,-1.24279791824404,-0.23353450054349045,false
5,11,53.7,-1.236103838165912,-0.23676673913443377,false
5,11,53.8,-1.2293431678905693,-0.23991361002071304,false
5,11,53.9,-1.2225167341485659,-0.24297513282460095,false
5,11,54.0,-1.2156250960975927,-0.24595133336428282,false
5,11,54.1,-1.2086685578709464,-0.2488422412149381,false
5,11,54.2,-1.201647179142731,-0.25164788739352356,false
5,11,54.3,-1.1945607838366172,-0.2543683021487688,false
5,11,54.4,-1.1874089670867374,-0.25700351283910716,false
5,11,54.5,-1.1801911005420112,-0.259553541882308,false
5,11,54.6,-1.1729063360887635,-0.262018404761456,false
5,11,54.7,-1.165553608050756,-0.2643981080726487,false
5,11,54.8,-1.158131633910597,-0.2666926476003634,false
5,11,54.9,-1.1506389135817388,-0.2689020064068822,false
5,11,55.0,-1.14307372724579,-0.2710261529224654,false
5,12,55.0,-1.0522402265941209,-0.25143763829231175,true
5,12,55.1,-1.0472987660806747,-0.25279999667316516,false
5,12,55.2,-1.0422173885130226,-0.25410642779661424,false
5,12,55.3,-1.0369966280112126,-0.2553560619362444,false
5,12,55.4,-1.031636726438054,-0.256548039303525,false
5,12,55.5,-1.026137625878164,-0.25768150726218675,false
5,12,55.6,-1.0204989601878134,-0.25875561748992454,false
5,12,55.7,-1.0147200454798857,-0.25976952307867707,false
5,12,55.8,-1.0087998694012734,-0.2607223755635239,false
5,12,55.9,-1.002737079051112,-0.2616133218689668,false
5,12,56.0,-0.9965299673772423,-0.2624415011600054,false
5,12,56.1,-0.9901764578749694,-0.2632060415839609,false
5,12,56.2,-0.9836740873963024,-0.26390605688741947,false
5,12,56.3,-0.9770199868591197,-0.26454064289094176,false
5,12,56.4,-0.9702108596237774,-0.26510887380228204,false
5,12,56.5,-0.9632429572791336,-0.2656097983467581,false
5,12,56.6,-0.9561120525503594,-0.2660424356910706,false
5,12,56.7,-0.9488134090066537,-0.26640577113425645,false
5,12,56.8,-0.9413417472074517,-0.26669875153652295,false
5,12,56.9,-0.9336912068801269,-0.26692028045341126,false
5,12,57.0,-0.9258553046696473,-0.2670692129390064,false
5,12,57.1,-0.917826886940094,-0.26714434997769587,false
5,12,57.2,-0.9095980770381492,-0.2671444324991957,false
5,12,57.3,-0.9011602163481581,-0.26706813492612574,false
5,12,57.4,-0.8925037983754496,-0.26691405819722835,false
5,12,57.5,-0.8836183949872738,-0.26668072220226396,false
5,12,57.6,-0.8744925738166096,-0.2663665575565493,false
5,12,57.7,-0.865113805690461,-0.26596989663387244,false
5,12,57.8,-0.8554683607778479,-0.26548896376593356,false
5,12,57.9,-0.8455411919597033,-0.2649218645043122,false
5,12,58.0,-0.835315803698847,-0.264266573826991,false
5,12,58.1,-0.8247741044279131,-0.2635209231553844,false
5,12,58.2,-0.8138962401704656,-0.2626825860292824,false
5,12,58.3,-0.8026604067584542,-0.26174906226571887,false
5,12,58.4,-0.7910426375994526,-0.2607176604030489,false
5,12,58.5,-0.7790165634703061,-0.25958547820291783,false
5,12,58.6,-0.7665531402591244,-0.25834938094969456,false
5,12,58.7,-0.7536203399327938,-0.25700597724858515,false
5,12,58.8,-0.7401827992588217,-0.2555515919791953,false
5,12,58.9,-0.7262014199436843,-0.2539822360097951,false
5,12,59.0,-0.711632912849569,-0.25229357221785864,false
5,12,59.1,-0.6964292778023266,-0.25048087729336754,false
5,12,59.2,-0.6805372091921992,-0.24853899872152038,false
5,12,59.3,-0.6638974160864719,-0.24646230624943202,false
5,12,59.4,-0.6464438439192319,-0.24424463703564014,false
5,12,59.5,-0.628102783012852,-0.24187923356034916,false
5,12,59.6,-0.6087918472593973,-0.239358673237168,false
5,12,59.7,-0.5884188043305839,-0.23667478851303547,false
5,12,59.8,-0.5668802369415853,-0.23381857607251913,false
5,12,59.9,-0.5440600132204149,-0.2307800935779695,false
5,12,60.0,-0.5198275435449268,-0.22754834218335743,false
5,13,60.0,-0.4401300181032084,-0.17466094445650182,true
5,13,60.1,-0.41319835838386576,-0.17087598013606423,false
5,13,60.2,-0.38429438886070183,-0.16686301306339021,false
5,13,60.3,-0.3532037199382571,-0.16260467200314305,false
5,13,60.4,-0.3196853548625534,-0.15808162804075138,false
5,13,60.5,-0.2834688281162888,-0.1532723519256419,false
5,13,60.6,-0.24425143373763503,-0.14815284721623212,false
5,13,60.7,-0.20169581446679438,-0.14269636137285702,false
5,13,60.8,-0.1554283397766859,-0.13687308008873178,false
5,13,60.9,-0.10503892582170504,-0.1306498150070796,false
5,13,61.0,-0.05008326259603843,-0.12398970224297028,false
5,13,61.1,0.009911170533370192,-0.11685193967402172,false
5,13,61.2,0.0754333982337784,-0.10919160573743258,false
5,13,61.3,0.14696905604443128,-0.10095962229144037,false
5,13,61.4,0.22496926020084224,-0.09210294915941437,false
5,13,61.5,0.30980491510030084,-0.08256512690551843,false
5,13,61.6,0.4017035828784092,-0.07228731273588167,false
5,13,61.7,0.5006679042477267,-0.06120997255715033,false
5,13,61.8,0.6063786965964145,-0.04927538336963598,false
5,13,61.9,0.7180929261097276,-0.036431040269624335,false
5,13,62.0,0.8345564110181986,-0.02263392525317419,false
5,13,62.1,0.9539608391718458,-0.00785536705331429,false
5,13,62.2,1.0739789944132525,0.007914074589409457,false
5,13,62.3,1.1919037657767135,0.02466054734547435,false
5,13,62.4,1.3048912045770862,0.04234463937922589,false
5,13,62.5,1.410270559654763,0.06090170731150396,false
5,13,62.6,1.5058514396903455,0.0802450914943049,false
5,13,62.7,1.5901501958207076,0.10027180685303537,false
5,13,62.8,1.6624827252680514,0.12086967814498063,false
5,13,62.9,1.722917067875092,0.14192461670280723,false
5,13,63.0,1.7721218844273128,0.16332689239049059,false
5,13,63.1,1.8111672196526738,0.1849757074180782,false
5,13,63.2,1.84132936666732,0.20678189583824225,false
5,13,63.3,1.8639325750633067,0.22866896708992912,false
5,13,63.4,1.8802395311722713,0.2505729124105794,false
5,13,63.5,1.8913876959149243,0.2724412251907966,false
5,13,63.6,1.8983613659071605,0.2942315178060525,false
5,13,63.7,1.9019878705243312,0.3159100117356811,false
5,13,63.8,1.9029479596555285,0.33745007562718826,false
5,13,63.9,1.9017931094158798,0.3588309055583848,false
5,13,64.0,1.898965026280527,0.38003638644911847,false
5,13,64.1,1.8948146154795646,0.4010541396293338,false
5,13,64.2,1.8896190421456445,0.42187474316969614,false
5,13,64.3,1.8835963630778896,0.4424911033411464,false
5,13,64.4,1.8769176893732362,0.46289795338291334,false
5,13,64.5,1.8697170838186126,0.48309145682816196,false
5,13,64.6,1.862099496750846,0.5030688952118861,false
5,13,64.7,1.854147063693086,0.5228284230507155,false
5,13,64.8,1.8459240671612827,0.5423688759975488,false
5,13,64.9,1.837480826883871,0.5616896207811931,false
5,13,65.0,1.828856740086372,0.5807904378516487,false
5,14,65.0,1.858313772532062,0.49389124097002246,true
5,14,65.1,1.851905282146594,0.513690708602457,false
5,14,65.2,1.8449257702126027,0.5332835298809636,false
5,14,65.3,1.8374864439588283,0.5526665163736082,false
5,14,65.4,1.829675094702039,0.5718374107354256,false
5,14,65.5,1.8215610120726942,0.5907946886546563,false
5,14,65.6,1.8131988819707188,0.6095374024698064,false
5,14,65.7,1.804631865712721,0.6280650577672009,false
5,14,65.8,1.7958940258466862,0.6463775159951162,false
5,14,65.9,1.7870122341932813,0.6644749175587231,false
5,14,66.0,1.7780076714504456,0.6823576210198072,false
5,14,66.1,1.7688970055970872,0.7000261549549709,false
5,14,66.2,1.7596933181724816,0.7174811797647339,false
5,14,66.3,1.750406832842079,0.7347234573092044,false
5,14,66.4,1.7410454889561997,0.751753826704548,false
5,14,66.5,1.7316153935449283,0.7685731849739712,false
5,14,66.6,1.7221211779036347,0.7851824715282696,false
5,14,66.7,1.7125662792107834,0.8015826556709627,false
5,14,66.8,1.7029531631538357,0.8177747264949773,false
5,14,66.9,1.6932835000533175,0.8337596846722651,false
5,14,67.0,1.6835583042564914,0.8495385357428938,false
5,14,67.1,1.6737780444520098,0.8651122845924719,false
5,14,67.2,1.6639427309030352,0.8804819308712809,false
5,14,67.3,1.6540519843051116,0.8956484651591035,false
5,14,67.4,1.6441050899659022,0.9106128657194928,false
5,14,67.5,1.6341010402140597,0.9253760957184898,false
5,14,67.6,1.624038567325246,0.9399391008074041,false
5,14,67.7,1.613916168766881,0.9543028069886645,false
5,14,67.8,1.6037321261801742,0.9684681186990222,false
5,14,67.9,1.5934845192156326,0.9824359170564321,false
5,14,68.0,1.5831712350987737,0.996207058226428,false
5,14,68.1,1.57278997461242,1.0097823718712517,false
5,14,68.2,1.56233825502996,1.0231626596508414,false
5,14,68.3,1.5518134104119108,1.0363486937493256,false
5,14,68.4,1.5412125895794329,1.0493412154041741,false
5,14,68.5,1.5305327519979361,1.062140933417819,false
5,14,68.6,1.5197706617375282,1.0747485226335267,false
5,14,68.7,1.5089228796214964,1.0871646223587088,false
5,14,68.8,1.4979857536267622,1.0993898347197693,false
5,14,68.9,1.486955407559149,1.1114247229331067,false
5,14,69.0,1.4758277279897105,1.123269809477034,false
5,14,69.1,1.4645983494048418,1.1349255741492088,false
5,14,69.2,1.4532626374912425,1.146392451993708,false
5,14,69.3,1.4418156704460088,1.15767083108112,false
5,14,69.4,1.4302522181712496,1.168761050124011,false
5,14,69.5,1.4185667191808071,1.17966339590882,false
5,14,69.6,1.406753255013082,1.190378100523629,false
5,14,69.7,1.394805521907802,1.2009053383593715,false
5,14,69.8,1.3827167994649667,1.2112452228597985,false
5,14,69.9,1.370479915960243,1.221397802992918,false
5,14,70.0,1.3580872099417796,1.2313630594136296,false
5,15,70.0,1.3178194168572777,1.1362973122578268,true
5,15,70.1,1.3168286512976952,1.1464568428025013,false
5,15,70.2,1.3149080731232827,1.1565284793371868,false
5,15,70.3,1.3121162123100265,1.166504614937262,false
5,15,70.4,1.308507739603934,1.1763782174422124,false
5,15,70.5,1.3041332737244113,1.186142788893514,false
5,15,70.6,1.2990392916155953,1.1957923239941362,false
5,15,70.7,1.2932681188402988,1.2053212684341834,false
5,15,70.8,1.2868579800685507,1.2147244777240391,false
5,15,70.9,1.27984309251182,1.2239971770012554,false
5,15,71.0,1.2722537879205056,1.2331349221296686,false
5,15,71.1,1.2641166512880335,1.2421335622868552,false
5,15,71.2,1.255454666632028,1.250989204136383,false
5,15,71.3,1.246287362129553,1.259698177601335,false
5,15,71.4,1.2366309484716822,1.2682570031921963,false
5,15,71.5,1.22649844559002,1.2766623607924363,false
5,15,71.6,1.2158997939197616,1.284911059766237,false
5,15,71.7,1.2048419471293281,1.2930000102223451,false
5,15,71.8,1.1933289437941974,1.3009261952437723,false
5,15,71.9,1.1813619558487451,1.3086866438731155,false
5,15,72.0,1.168939311837538,1.3162784046259337,false
5,15,72.1,1.1560564930250423,1.3236985192884332,false
5,15,72.2,1.1427061003238788,1.3309439967393568,false
5,15,72.3,1.1288777897754143,1.3380117865182362,false
5,15,72.4,1.1145581739665473,1.3448987518419193,false
5,15,72.5,1.0997306862919127,1.3516016417474126,false
5,15,72.6,1.0843754043652571,1.3581170620104293,false
5,15,72.7,1.068468828136007,1.3644414444544126,false
5,15,72.8,1.0519836073601607,1.3705710142228573,false
5,15,72.9,1.034888211985839,1.3765017545369922,false
5,15,73.0,1.0171465377140765,1.382229368399576,false
5,15,73.1,0.9987174374489857,1.3877492366316753,false
5,15,73.2,0.9795541675154333,1.393056371540489,false
5,15,73.3,0.9596037353468947,1.3981453654097853,false
5,15,73.4,0.9388061327746668,1.4030103328770802,false
5,15,73.5,0.9170934360207834,1.40764484610957,false
5,15,73.6,0.8943887499484274,1.4120418615097257,false
5,15,73.7,0.8706049699994398,1.4161936364665435,false
5,15,73.8,0.8456433305125406,1.4200916344145285,false
5,15,73.9,0.8193917027750528,1.423726416164193,false
5,15,74.0,0.791722600304744,1.4270875151203377,false
5,15,74.1,0.7624908427242378,1.430163293604178,false
5,15,74.2,0.7315308236708201,1.432940777042371,false
5,15,74.3,0.6986533234004373,1.4354054622863373,false
5,15,74.4,0.6636418047240188,1.4375410957964851,false
5,15,74.5,0.6262481344324367,1.4393294169052442,false
5,15,74.6,0.5861876860380179,1.4407498609303078,false
5,15,74.7,0.5431338110062067,1.4417792166694428,false
5,15,74.8,0.4967117267098342,1.442391232982185,false
5,15,74.9,0.4464919790284604,1.4425561701014469,false
5,15,75.0,0.3919838249194093,1.4422402935838914,false
5,16,75.0,0.371926492535351,1.3965132002575302,true
5,16,75.1,0.31548573767357846,1.3958429243468276,false
5,16,75.2,0.25376292350277235,1.3946364536606062,false
5,16,75.3,0.18610028932493153,1.3928463359912848,false
5,16,75.4,0.11177752777678984,1.390419144018932,false
5,16,75.5,0.030026566808346866,1.3872950042454983,false
5,16,75.6,-0.05993813846153996,1.3834073309374737,false
5,16,75.7,-0.1588661328887913,1.378682939476952,false
5,16,75.8,-0.26738509114458564,1.3730427903538363,false
5,16,75.9,-0.38587359252832576,1.3664036986517134,false
5,16,76.0,-0.5142881745681136,1.358681407033077,false
5,16,76.1,-0.6519527550236061,1.3497954075943102,false
5,16,76.2,-0.7973417523668054,1.3396757229353782,false
5,16,76.3,-0.9479203016156607,1.328271424639177,false
5,16,76.4,-1.100132747923276,1.3155599485492804,false
5,16,76.5,-1.2496276055503388,1.3015554155496523,false
5,16,76.6,-1.3917466081665142,1.2863136000328415,false
5,16,76.7,-1.5221917199609343,1.2699314485093587,false
5,16,76.8,-1.6376755072479117,1.2525403905672936,false
5,16,76.9,-1.7363397993133665,1.2342946590728017,false
5,16,77.0,-1.8178250277243717,1.215357429531894,false
5,16,77.1,-1.8830251566214447,1.1958879481420914,false
5,16,77.2,-1.9336707802138973,1.1760319164490487,false
5,16,77.3,-1.9718971866922885,1.155915941831373,false
5,16,77.4,-1.9999003451653492,1.135645635656025,false
5,16,77.5,-2.019715572888208,1.1153063201561726,false
5,16,77.6,-2.0331065088338662,1.094965232438943,false
5,16,77.7,-2.0415327220182635,1.0746743430510524,false
5,16,77.8,-2.0461639366965843,1.0544732148680813,false
5,16,77.9,-2.047916604134073,1.0343915930750383,false
5,16,78.0,-2.047497401630213,1.0144516003810173,false
5,16,78.1,-2.045445244896237,0.9946695198900367,false
5,16,78.2,-2.0421680185788573,0.9750572023884839,false
5,16,78.3,-2.0379729000823135,0.9556231558325036,false
5,16,78.4,-2.0330905098797576,0.9363733776972368,false
5,16,78.5,-2.0276936971004984,0.9173119851894403,false
5,16,78.6,-2.0219119235126657,0.8984416895786109,false
5,16,78.7,-2.0158421612101143,0.8797641518565131,false
5,16,78.8,-2.009557091115885,0.8612802488290067,false
5,16,78.9,-2.00311124295185,0.8429902719881279,false
5,16,79.0,-1.996545580947628,0.8248940761153818,false
5,16,79.1,-1.989890923779815,0.8069911903691097,false
5,16,79.2,-1.983170493828354,0.789280901399522,false
5,16,79.3,-1.976401817794093,0.7717623156097014,false
5,16,79.4,-1.9695981447306816,0.7544344058619945,false
5,16,79.5,-1.9627695051846052,0.7372960465718226,false
5,16,79.6,-1.9559235033685134,0.7203460401210634,false
5,16,79.7,-1.949065910602871,0.7035831367730969,false
5,16,79.8,-1.9422011106588384,0.687006049714924,false
5,16,79.9,-1.935332434584485,0.67061346643861,false
5,16,80.0,-1.9284624129302501,0.6544040573674982,false
5,17,80.0,-1.8668447212976265,0.7551819346366915,true
5,17,80.1,-1.881395289042749,0.7388782216951454,false
5,17,80.2,-1.891627797783396,0.7225811847968658,false
5,17,80.3,-1.89836492372494,0.7063264761263325,false
5,17,80.4,-1.902296195954074,0.6901425623346275,false
5,17,80.5,-1.903989075229984,0.6740519517383576,false
5,17,80.6,-1.9039042818817014,0.658072288374242,false
5,17,80.7,-1.9024121618106766,0.642217290910771,false
5,17,80.8,-1.8998082615530612,0.6264975373068141,false
5,17,80.9,-1.8963272176816497,0.6109211082666899,false
5,17,81.0,-1.8921546446317279,0.5954941077603172,false
5,17,81.1,-1.8874370329371768,0.5802210799793929,false
5,17,81.2,-1.8822898348438715,0.565105340994987,false
5,17,81.3,-1.8768039806883428,0.5501492412649296,false
5,17,81.4,-1.8710510804597331,0.5353543727093089,false
5,17,81.5,-1.8650875477360798,0.5207217317045987,false
5,17,81.6,-1.858957853802223,0.5062518472193086,false
5,17,81.7,-1.8526970871986423,0.49194488149080706,false
5,17,81.8,-1.846332962837658,0.47780070912725825,false
5,17,81.9,-1.8398873972244036,0.46381897928399596,false
5,17,82.0,-1.833377742888655,0.4499991645721001,false
5,17,82.1,-1.826817755791997,0.43634059956843296,false
5,17,82.2,-1.8202183538082057,0.42284251117371113,false
5,17,82.3,-1.8135882118497921,0.40950404257583894,false
5,17,82.4,-1.806934229291815,0.3963242721924339,false
5,17,82.5,-1.8002618975348956,0.3833022286668882,false
5,17,82.6,-1.7935755894304937,0.3704369027584542,false
5,17,82.7,-1.786878787511691,0.357727256784396,false
5,17,82.8,-1.7801742642462637,0.3451722321299293,false
5,17,82.9,-1.7734642246269006,0.332770755230613,false
5,17,83.0,-1.7667504191547885,0.32052174234513503,false
5,17,83.1,-1.7600342335148977,0.30842410336866266,false
5,17,83.2,-1.753316759872644,0.2964767448839011,false
5,17,83.3,-1.7465988536553578,0.2846785726054683,false
5,17,83.4,-1.739881178850556,0.27302849334061297,false
5,17,83.5,-1.7331642442040422,0.26152541656370704,false
5,17,83.6,-1.7264484321936664,0.25016825568181134,false
5,17,83.7,-1.7197340222576802,0.23895592905274515,false
5,17,83.8,-1.7130212094456034,0.22788736080456917,false
5,17,83.9,-1.7063101194154184,0.21696148149549305,false
5,17,84.0,-1.699600820509059,0.2061772286453795,false
5,17,84.1,-1.692893333487113,0.19553354716379961,false
5,17,84.2,-1.6861876393845672,0.18502938969465474,false
5,17,84.3,-1.6794836858553561,0.17466371689344812,false
5,17,84.4,-1.6727813922990615,0.1644354976501557,false
5,17,84.5,-1.666080654004142,0.15434370926814292,false
5,17,84.6,-1.659381345495256,0.14438733760757153,false
5,17,84.7,-1.6526833232350306,0.13456537720013748,false
5,17,84.8,-1.6459864278009742,0.12487683134069322,false
5,17,84.9,-1.639290485634582,0.11532071216027351,false
5,17,85.0,-1.6325953104407838,0.10589604068421092,false
5,18,85.0,-1.5730522714366058,0.2324061764964538,true
5,18,85.1,-1.5855354525604508,0.2226401362366697,false
5,18,85.2,-1.595620296497144,0.2128424927529881,false
5,18,85.3,-1.6035646174651323,0.20303426986809067,false
5,18,85.4,-1.6096124253502502,0.193234033703075,false
5,18,85.5,-1.6139901122929698,0.18345805625190353,false
5,18,85.6,-1.6169044089914069,0.1737205042554593,false
5,18,85.7,-1.6185416861912127,0.1640336389407707,false
5,18,85.8,-1.6190682232529339,0.1544080159946876,false
5,18,85.9,-1.6186311288147328,0.1448526784020715,false
5,18,86.0,-1.6173596647522155,0.13537533741468447,false
5,18,86.1,-1.615366785848024,0.1259825389455776,false
5,18,86.2,-1.6127507599340272,0.11667981417535775,false
5,18,86.3,-1.6095967755944116,0.10747181420335451,false
5,18,86.4,-1.6059784772466972,0.09836242927246705,false
5,18,86.5,-1.601959391768147,0.08935489352666488,false
5,18,86.6,-1.5975942283030895,0.08045187649670127,false
5,18,86.7,-1.5929300449496484,0.0716555626102109,false
5,18,86.8,-1.5880072839934154,0.06296772003137369,false
5,18,86.9,-1.5828606823199187,0.05438976008575565,false
5,18,87.0,-1.5775200664614888,0.04592278844162831,false
5,18,87.1,-1.572011043079068,0.03756764911671434,false
5,18,87.2,-1.5663555960380353,0.029324962270223305,false
5,18,87.3,-1.5605726009662368,0.021195156631587095,false
5,18,87.4,-1.5546782675347914,0.013178497314017728,false
5,18,87.5,-1.5486865188522487,0.005275109665454237,false
5,18,87.6,-1.5426093164272152,-0.00251500027713539,false
5,18,87.7,-1.5364569382093776,-0.010191928241431485,false
5,18,87.8,-1.5302382163106154,-0.017755856660966695,false
5,18,87.9,-1.5239607401633366,-0.02520704174306898,false
5,18,88.0,-1.5176310301055247,-0.032545802354588885,false
5,18,88.1,-1.511254685695732,-0.039772510461245504,false
5,18,88.2,-1.5048365124552907,-0.04688758289496598,false
5,18,88.3,-1.4983806302049791,-0.0538914742566506,false
5,18,88.4,-1.4918905657031272,-0.06078467079007602,false
5,18,88.5,-1.4853693318947379,-0.06756768508679817,false
5,18,88.6,-1.4788194957395908,-0.07424105150250622,false
5,18,88.7,-1.4722432362946365,-0.0808053221828172,false
5,18,88.8,-1.4656423944759713,-0.08726106361142695,false
5,18,88.9,-1.459018515712496,-0.09360885360623239,false
5,18,89.0,-1.4523728865218901,-0.09984927869984067,false
5,18,89.1,-1.4457065658852135,-0.10598293185006664,false
5,18,89.2,-1.439020412165316,-0.11201041043383345,false
5,18,89.3,-1.4323151062028745,-0.11793231448453842,false
5,18,89.4,-1.4255911711292992,-0.12374924513860307,false
5,18,89.5,-1.4188489893554594,-0.12946180326174164,false
5,18,89.6,-1.4120888171269559,-0.13507058822958423,false
5,18,89.7,-1.4053107969787177,-0.14057619684078507,false
5,18,89.8,-1.398514968372423,-0.14597922234372407,false
5,18,89.9,-1.3917012767583103,-0.15128025356045077,false
5,18,90.0,-1.3848695812672467,-0.15647987409368458,false
5,19,90.0,-1.3057552547667581,-0.11222626186181558,true
5,19,90.1,-1.3080184128520924,-0.11696663885381135,false
5,19,90.2,-1.3097020090183222,-0.12169031545108489,false
5,19,90.3,-1.3108378143802364,-0.12639224792607726,false
5,19,90.4,-1.3114569278677477,-0.13106771786377294,false
5,19,90.5,-1.3115895536397113,-0.13571232255356064,false
5,19,90.6,-1.3112648278888737,-0.14032196364217173,false
5,19,90.7,-1.3105106893847804,-0.14489283448733847,false
5,19,90.8,-1.3093537880890804,-0.14942140659653863,false
5,19,90.9,-1.3078194263649978,-0.15390441548117267,false
5,19,91.0,-1.3059315276303043,-0.15833884620530006,false
5,19,91.1,-1.3037126277209885,-0.16272191886066675,false
5,19,91.2,-1.3011838847007113,-0.16705107415679699,false
5,19,91.3,-1.2983651033377772,-0.17132395927667354,false
5,19,91.4,-1.2952747709535108,-0.17553841411501767,false
5,19,91.5,-1.2919301018071743,-0.17969245798724587,false
5,19,91.6,-1.288347087612065,-0.1837842768725487,false
5,19,91.7,-1.2845405521688074,-0.18781221123384914,false
5,19,91.8,-1.2805242084520516,-0.1917747444402634,false
5,19,91.9,-1.2763107167953345,-0.19567049180369578,false
5,19,92.0,-1.2719117430869216,-0.19949819022995133,false
5,19,92.1,-1.2673380161194725,-0.2032566884758658,false
5,19,92.2,-1.2625993834314053,-0.20694493799707786,false
5,19,92.3,-1.2577048651413583,-0.21056198436588516,false
5,19,92.4,-1.2526627054126935,-0.2141069592348488,false
5,19,92.5,-1.247480421296055,-0.21757907281918765,false
5,19,92.6,-1.2421648487878754,-0.22097760686932003,false
5,19,92.7,-1.236722186014475,-0.22430190810397588,false
5,19,92.8,-1.2311580335077652,-0.22755138207396094,false
5,19,92.9,-1.2254774315819907,-0.23072548742677051,false
5,19,93.0,-1.2196848948536074,-0.23382373054271247,false
5,19,93.1,-1.2137844439700927,-0.23684566051391587,false
5,19,93.2,-1.207779634629889,-0.23979086443849384,false
5,19,93.3,-1.201673583986079,-0.242658963003139,false
5,19,93.4,-1.1954689945319579,-0.24544960632850257,false
5,19,93.5,-1.189168175568335,-0.24816247005280706,false
5,19,93.6,-1.1827730623509434,-0.2507972516302325,false
5,19,93.7,-1.1762852330123998,-0.2533536668216738,false
5,19,93.8,-1.1697059233472504,-0.25583144635647165,false
5,19,93.9,-1.1630360395411559,-0.25823033274465246,false
5,19,94.0,-1.156276168916545,-0.26055007722007023,false
5,19,94.1,-1.1494265887573087,-0.26279043679560204,false
5,19,94.2,-1.1424872732645086,-0.2649511714122154,false
5,19,94.3,-1.135457898683745,-0.26703204116428275,false
5,19,94.4,-1.1283378466328122,-0.2690328035839656,false
5,19,94.5,-1.121126205645621,-0.2709532109678221,false
5,19,94.6,-1.1138217709350293,-0.27279300772900084,false
5,19,94.7,-1.106423042363176,-0.2745519277584658,false
5,19,94.8,-1.0989282205930453,-0.2762296917786474,false
5,19,94.9,-1.0913352013791988,-0.2778260046727228,false
5,19,95.0,-1.083641567938734,-0.27934055277239045,false
5,20,95.0,-1.107684602063882,-0.20778149971481852,true
5,20,95.1,-1.1067959520513764,-0.20999085534956785,false
5,20,95.2,-1.105697793167938,-0.21217489944957926,false
5,20,95.3,-1.1043946026838976,-0.21433191777032656,false
5,20,95.4,-1.102890835348642,-0.21646024959372562,false
5,20,95.5,-1.1011908988529095,-0.21855828701492072,false
5,20,95.6,-1.09929913143789,-0.2206244740193083,false
5,20,95.7,-1.0972197815456077,-0.22265730537054193,false
5,20,95.8,-1.0949569893910536,-0.22465532532907684,false
5,20,95.9,-1.0925147703259308,-0.226617126219521,false
5,20,96.0,-1.0898969998563057,-0.2285413468636969,false
5,20,96.1,-1.0871074001714618,-0.23042667089490715,false
5,20,96.2,-1.0841495280384696,-0.23227182496746018,false
5,20,96.3,-1.0810267639160047,-0.23407557687407146,false
5,20,96.4,-1.0777423021414156,-0.2358367335823201,false
5,20,96.5,-1.074299142046635,-0.2375541391999285,false
5,20,96.6,-1.0707000798609316,-0.23922667287724678,false
5,20,96.7,-1.0669477012614401,-0.24085324665397478,false
5,20,96.8,-1.0630443744356421,-0.24243280325584188,false
5,20,96.9,-1.0589922435232713,-0.24396431384569414,false
5,20,97.0,-1.054793222308291,-0.24544677573220472,false
5,20,97.1,-1.0504489880344636,-0.2468792100382284,false
5,20,97.2,-1.0459609752204349,-0.2482606593296578,false
5,20,97.3,-1.0413303693520612,-0.2495901852045043,false
5,20,97.4,-1.0365581003307693,-0.25086686584081375,false
5,20,97.5,-1.0316448355569392,-0.2520897935009271,false
5,20,97.6,-1.0265909725265217,-0.2532580719885028,false
5,20,97.7,-1.0213966308172215,-0.2543708140536204,false
5,20,97.8,-1.0160616433374723,-0.255427138740171,false
5,20,97.9,-1.0105855467069786,-0.2564261686686032,false
5,20,98.0,-1.0049675706316545,-0.25736702724591304,false
5,20,98.1,-0.9992066261282,-0.25824883579353675,false
5,20,98.2,-0.9933012924441523,-0.25907071058250397,false
5,20,98.3,-0.987249802507826,-0.25983175976382383,false
5,20,98.4,-0.9810500267288914,-0.2605310801805855,false
5,20,98.5,-0.9746994549541718,-0.26116775404663906,false
5,20,98.6,-0.9681951763642578,-0.2617408454749567,false
5,20,98.7,-0.961533857074389,-0.26224939683683485,false
5,20,98.8,-0.9547117151773209,-0.2626924249309519,false
5,20,98.9,-0.9477244929361008,-0.2630689169389126,false
5,20,99.0,-0.9405674258002418,-0.26337782614125016,false
5,20,99.1,-0.9332352078790566,-0.2636180673648774,false
5,20,99.2,-0.9257219534601132,-0.2637885121296284,false
5,20,99.3,-0.9180211541079868,-0.26388798345775566,false
5,20,99.4,-0.910125630817653,-0.2639152503059814,false
5,20,99.5,-0.9020274806267377,-0.2638690215748623,false
5,20,99.6,-0.8937180170099497,-0.2637479396447385,false
5,20,99.7,-0.8851877032856528,-0.263550573381287,false
5,20,99.8,-0.8764260781566685,-0.26327541054657605,false
5,20,99.9,-0.8674216723826769,-0.26292084954338313,false
5,20,100.0,-0.8581619154372147,-0.2624851904112301,false
6,1,0.0,-1.8633893588791945,0.9432517283983279,true
6,1,0.1,-1.89544272864903,0.9255172164439067,false
6,1,0.2,-1.919496813123561,0.9076567969126949,false
6,1,0.30000000000000004,-1.936988286851434,0.8897380169353477,false
6,1,0.4,-1.94918887726972,0.8718154825522532,false
6,1,0.5,-1.9571798455489053,0.853932609597479,false
6,1,0.6000000000000001,-1.9618542591546815,0.8361234570382327,false
6,1,0.7000000000000001,-1.9639344061985005,0.8184144483974491,false
6,1,0.8,-1.9639956125867923,0.8008258862964533,false
6,1,0.9,-1.9624911341049855,0.7833732296583147,false
6,1,1.0,-1.959775276510412,0.7660681400569517,false
6,1,1.1,-1.9561234974424415,0.7489193218006227,false
6,1,1.2,-1.9517491775511477,0.7319331868765473,false
6,1,1.3,-1.9468172356185773,0.715114376017503,false
6,1,1.4,-1.9414549772669583,0.6984661641787124,false
6,1,1.5,-1.9357606283382112,0.6819907745693758,false
6,1,1.6,-1.9298099871333114,0.6656896211093192,false
6,1,1.7000000000000002,-1.9236615783388782,0.6495634952763167,false
6,1,1.8,-1.9173606296725456,0.6336127099649408,false
6,1,1.9,-1.9109421321222306,0.6178372102225882,false
6,1,2.0,-1.9044331914150363,0.6022366585153094,false
6,1,2.1,-1.8978548336658434,0.5868105004283968,false
6,1,2.2,-1.891223391856262,0.5715580153424239,false
6,1,2.3,-1.8845515709314031,0.5564783555689014,false
6,1,2.4,-1.8778492666802362,0.5415705766159331,false
6,1,2.5,-1.8711241960097587,0.5268336606296959,false
6,1,2.6,-1.8643823826912347,0.5122665345793043,false
6,1,2.7,-1.857628532273865,0.49786808438685204,false
6,1,2.8,-1.8508663219184265,0.4836371659248318,false
6,1,2.9,-1.8440986248383624,0.4695726135893934,false
6,1,3.0,-1.8373276844089828,0.45567324699444006,false
6,1,3.1,-1.8305552494768953,0.44193787620643316,false
6,1,3.2,-1.8237826797102692,0.42836530584389904,false
6,1,3.3,-1.8170110277763003,0.414954338292069,false
6,1,3.4,-1.810241103563019,0.40170377622656495,false
6,1,3.5,-1.8034735244625497,0.3886124245965506,false
6,1,3.6,-1.7967087548140253,0.3756790921842476,false
6,1,3.7,-1.7899471368997706,0.36290259283183474,false
6,1,3.8,-1.7831889153472393,0.3502817464067319,false
6,1,3.9,-1.7764342563729847,0.33781537956076385,false
6,1,4.0,-1.7696832629842463,0.3255023263266606,false
6,1,4.1,-1.7629359870062413,0.31334142858599134,false
6,1,4.2,-1.75619243861189,0.30133153643533805,false
6,1,4.3,-1.749452593882505,0.2894715084718233,false
6,1,4.4,-1.7427164008129874,0.2777602120146579,false
6,1,4.5,-1.735983784085676,0.26619652327588755,false
6,1,4.6,-1.7292546488674143,0.25477932749078347,false
6,1,4.7,-1.7225288838300918,0.2435075190161707,false
6,1,4.8,-1.7158063635524734,0.232380001403294,false
6,1,4.9,-1.7090869504279202,0.2213956874504856,false
6,1,5.0,-1.7023704961765271,0.21055349923984198,false
6,1,5.1,-1.6956568430397276,0.19985236816128127,false
6,1,5.2,-1.688945824719288,0.1892912349266889,false
6,1,5.3,-1.682237267109895,0.17886904957633326,false
6,1,5.4,-1.6755309888644927,0.16858477147931336,false
6,1,5.5,-1.6688268018235548,0.15843736932946656,false
6,1,5.6,-1.6621245113331853,0.14842582113789876,false
6,1,5.7,-1.6554239164719027,0.13854911422308602,false
6,1,5.8,-1.6487248102019896,0.1288062451993271,false
6,1,5.9,-1.642026979458075,0.11919621996418982,false
6,1,6.0,-1.635330205183094,0.10971805368548607,false
6,2,6.0,-1.6058350378749668,0.1945719033519571,true
6,2,6.1,-1.6108106188922129,0.1848179405340598,false
6,2,6.2,-1.61425306051213,0.17509708606256338,false
6,2,6.3,-1.6163550083560647,0.165422250854942,false
6,2,6.4,-1.6172890710005001,0.15580457753697408,false
6,2,6.5,-1.617208499908827,0.14625363441986522,false
6,2,6.6,-1.616248356835475,0.1367775994043426,false
6,2,6.7,-1.6145269615058324,0.1273834304133628,false
6,2,6.8,-1.612147467304302,0.11807702062029357,false
6,2,6.9,-1.6091994580834814,0.10886333793208419,false
6,2,7.0,-1.6057604949349347,0.09974654899960077,false
6,2,7.1,-1.601897568779151,0.09073012854744127,false
6,2,7.2,-1.597668434326419,0.081816955118957,false
6,2,7.3,-1.5931228147989862,0.07300939448083753,false
6,2,7.4,-1.5883034761407344,0.06430937197393305,false
6,2,7.5,-1.5832471754258584,0.05571843506959075,false
6,2,7.6,-1.5779854917438465,0.047237807320454406,false
6,2,7.7,-1.57254554970805,0.03886843480044073,false
6,2,7.8,-1.5669506464545646,0.03061102602355666,false
6,2,7.9,-1.561220792967064,0.02246608622405081,false
6,2,8.0,-1.5553731800679562,0.014433946776603524,false
6,2,8.1,-1.5494225786568465,0.006514790438110277,false
6,2,8.2,-1.5433816828898514,-0.0012913269961922162,false
6,2,8.3,-1.5372614040675348,-0.008984458109296909,false
6,2,8.4,-1.5310711220918525,-0.016564747909503415,false
6,2,8.5,-1.5248189004973003,-0.02403242012796409,false
6,2,8.6,-1.5185116702765895,-0.03138776544083405,false
6,2,8.7,-1.51215538701441,-0.038631131337096766,false
6,2,8.8,-1.5057551652152537,-0.04576291339361467,false
6,2,8.9,-1.4993153931598973,-0.05278354775373604,false
6,2,9.0,-1.4928398311446525,-0.059693504635591976,false
6,2,9.1,-1.4863316955414136,-0.0664932827216978,false
6,2,9.2,-1.479793730758013,-0.07318340430322243,false
6,2,9.3,-1.473228270870673,-0.07976441107083053,false
6,2,9.4,-1.4666372924369957,-0.08623686045979606,false
6,2,9.5,-1.4600224597730966,-0.09260132247052967,false
6,2,9.6,-1.4533851637868742,-0.09885837689710436,false
6,2,9.7,-1.446726555296302,-0.10500861090609875,false
6,2,9.8,-1.4400475736229361,-0.11105261691636091,false
6,2,9.9,-1.4333489711329521,-0.11699099073734578,false
6,2,10.0,-1.4266313342978767,-0.12282432992967998,false
6,2,10.1,-1.419895101762096,-0.12855323235671817,false
6,2,10.2,-1.41314057983193,-0.13417829490020788,false
6,2,10.3,-1.4063679557396163,-0.1397001123168898,false
6,2,10.4,-1.3995773089832937,-0.14511927621602222,false
6,2,10.5,-1.392768620999611,-0.15043637414051667,false
6,2,10.6,-1.3859417833877157,-0.15565198873667127,false
6,2,10.7,-1.3790966048710853,-0.16076669699945237,false
6,2,10.8,-1.372232817156112,-0.16578106958195002,false
6,2,10.9,-1.365350079822782,-0.17069567015906142,false
6,2,11.0,-1.3584479843626276,-0.1755110548366758,false
6,2,11.1,-1.3515260574618166,-0.1802277715986717,false
6,2,11.2,-1.3445837636123719,-0.18484635978492187,false
6,2,11.3,-1.3376205071216782,-0.1893673495942505,false
6,2,11.4,-1.330635633579344,-0.19379126160692398,false
6,2,11.5,-1.3236284308308526,-0.1981186063217907,false
6,2,11.6,-1.3165981294990454,-0.20234988370363677,false
6,2,11.7,-1.3095439030871123,-0.20648558273669737,false
6,2,11.8,-1.3024648676902848,-0.21052618098057224,false
6,2,11.9,-1.2953600813376578,-0.21447214412504334,false
6,2,12.0,-1.2882285429804041,-0.2183239255404909,false
6,3,12.0,-1.263538817630297,-0.19040445285425286,true
6,3,12.1,-1.2602170230648753,-0.19415867921660968,false
6,3,12.2,-1.2566701922512136,-0.19785388510980298,false
6,3,12.3,-1.252910762459344,-0.20148849834810745,false
6,3,12.4,-1.2489502985855976,-0.20506106824642917,false
6,3,12.5,-1.244799530391696,-0.20857025690289352,false
6,3,12.6,-1.2404683906008482,-0.21201483089121817,false
6,3,12.7,-1.2359660531567174,-0.21539365336442687,false
6,3,12.8,-1.231300971084486,-0.2187056765657134,false
6,3,12.9,-1.2264809135078032,-0.2219499347376942,false
6,3,13.0,-1.2215130014728297,-0.22512553741772198,false
6,3,13.1,-1.2164037423125837,-0.228231663104214,false
6,3,13.2,-1.211159062353061,-0.23126755327693577,false
6,3,13.3,-1.2057843378188053,-0.23423250675275317,false
6,3,13.4,-1.2002844238412809,-0.2371258743574144,false
6,3,13.5,-1.194663681509981,-0.23994705389335308,false
6,3,13.6,-1.1889260029349678,-0.24269548538323907,false
6,3,13.7,-1.1830748343116337,-0.24537064656896948,false
6,3,13.8,-1.1771131969949065,-0.2479720486459378,false
6,3,13.9,-1.1710437066017556,-0.25049923221268916,false
6,3,14.0,-1.164868590168465,-0.252951763416426,false
6,3,14.1,-1.1585897013933317,-0.2553292302752365,false
6,3,14.2,-1.1522085339967905,-0.25763123915834707,false
6,3,14.3,-1.1457262332298748,-0.2598574114061273,false
6,3,14.4,-1.1391436055587776,-0.2620073800719811,false
6,3,14.5,-1.132461126548351,-0.2640807867686201,false
6,3,14.6,-1.1256789469609088,-0.2660772786015264,false
6,3,14.7,-1.1187968970788265,-0.26799650517265106,false
6,3,14.8,-1.1118144892502875,-0.26983811563755755,false
6,3,14.9,-1.104730918647153,-0.2716017557992885,false
6,3,15.0,-1.0975450622123633,-0.27328706522220386,false
6,3,15.1,-1.0902554757614848,-0.2748936743488971,false
6,3,15.2,-1.082860389188926,-0.2764212016030316,false
6,3,15.3,-1.0753576997138632,-0.2778692504605413,false
6,3,15.4,-1.0677449630839044,-0.27923740647109735,false
6,3,15.5,-1.0600193826357613,-0.2805252342110376,false
6,3,15.6,-1.052177796091518,-0.2817322741480784,false
6,3,15.7,-1.0442166599461424,-0.28285803939705556,false
6,3,15.8,-1.0361320312764042,-0.2839020123446555,false
6,3,15.9,-1.0279195467729083,-0.2848636411195742,false
6,3,16.0,-1.0195743987651018,-0.28574233588275355,false
6,3,16.1,-1.011091307973288,-0.2865374649102606,false
6,3,16.2,-1.0024644926812942,-0.28724835043895525,false
6,3,16.3,-0.9936876339777185,-0.2878742642422991,false
6,3,16.4,-0.9847538366617846,-0.28841442290043634,false
6,3,16.5,-0.9756555853507592,-0.2888679827249723,false
6,3,16.6,-0.9663846952584416,-0.28923403429462,false
6,3,16.7,-0.9569322570370563,-0.2895115965529952,false
6,3,16.8,-0.9472885749863534,-0.28969961041423353,false
6,3,16.9,-0.9374430978319421,-0.2897969318156623,false
6,3,17.0,-0.9273843411576499,-0.2898023241493655,false
6,3,17.1,-0.9170998004413853,-0.2897144499959871,false
6,3,17.2,-0.9065758534875384,-0.2895318620743475,false
6,3,17.3,-0.8957976508677755,-0.2892529933092097,false
6,3,17.4,-0.8847489927719455,-0.2888761459065826,false
6,3,17.5,-0.873412190426768,-0.28839947931101717,false
6,3,17.6,-0.8617679099561941,-0.2878209969021168,false
6,3,17.7,-0.8497949962270447,-0.2871385312675634,false
6,3,17.8,-0.8374702738388015,-0.2863497278669173,false
6,3,17.9,-0.8247683219680797,-0.2854520268737652,false
6,3,18.0,-0.811661219255731,-0.28444264295285704,false
6,4,18.0,-0.9647101026005018,-0.21871055210624862,true
6,4,18.1,-0.9623151167793708,-0.21952224666764458,false
6,4,18.2,-0.959799470177554,-0.22030548258318902,false
6,4,18.3,-0.9571629203794549,-0.22105936147588717,false
6,4,18.4,-0.9544051514834913,-0.22178298900405546,false
6,4,18.5,-0.95152576512896,-0.2224754741171315,false
6,4,18.6,-0.9485242712867697,-0.22313592823363826,false
6,4,18.7,-0.9454000787716097,-0.22376346433951808,false
6,4,18.8,-0.9421524854282263,-0.22435719600465368,false
6,4,18.9,-0.9387806679392299,-0.22491623631495167,false
6,4,19.0,-0.9352836711962099,-0.22543969671687605,false
6,4,19.1,-0.9316603971698074,-0.22592668577078032,false
6,4,19.2,-0.9279095932077063,-0.22637630780879395,false
6,4,19.3,-0.9240298396821595,-0.22678766149236518,false
6,4,19.4,-0.9200195369005626,-0.2271598382638435,false
6,4,19.5,-0.9158768911835996,-0.22749192068569282,false
6,4,19.6,-0.9115999000054814,-0.22778298066005306,false
6,4,19.7,-0.90718633607962,-0.22803207752040436,false
6,4,19.8,-0.9026337302605566,-0.22823825598602268,false
6,4,19.9,-0.8979393531188827,-0.22840054396873644,false
6,4,20.0,-0.8931001950300332,-0.22851795022018634,false
6,4,20.1,-0.888112944599927,-0.2285894618063381,false
6,4,20.2,-0.882973965230169,-0.22861404139438088,false
6,4,20.3,-0.8776792696025717,-0.2285906243353423,false
6,4,20.4,-0.8722244918366816,-0.22851811552373696,false
6,4,20.5,-0.8666048570443627,-0.22839538601331136,false
6,4,20.6,-0.8608151479717232,-0.22822126936542114,false
6,4,20.7,-0.8548496683801746,-0.2279945577037367,false
6,4,20.8,-0.8487022027744366,-0.22771399744577683,false
6,4,20.9,-0.8423659720349995,-0.22737828467816643,false
6,4,21.0,-0.8358335844549526,-0.22698606013844214,false
6,4,21.1,-0.8290969816150169,-0.22653590376162266,false
6,4,21.2,-0.8221473784547491,-0.22602632874453701,false
6,4,21.3,-0.8149751968106435,-0.22545577507497283,false
6,4,21.4,-0.8075699915914129,-0.22482260246596006,false
6,4,21.5,-0.7999203686449495,-0.22412508262781927,false
6,4,21.6,-0.7920138932378401,-0.22336139080183237,false
6,4,21.7,-0.7838369879139269,-0.22252959646936932,false
6,4,21.8,-0.7753748183198582,-0.22162765313883,false
6,4,21.9,-0.766611165378875,-0.22065338709960816,false
6,4,22.0,-0.7575282819546263,-0.21960448501718652,false
6,4,22.1,-0.7481067318692148,-0.21847848022612118,false
6,4,22.2,-0.738325208817745,-0.21727273755770446,false
6,4,22.3,-0.7281603323482408,-0.21598443651609409,false
6,4,22.4,-0.7175864176427633,-0.21461055259017256,false
6,4,22.5,-0.7065752153336563,-0.2131478364577937,false
6,4,22.6,-0.6950956170077907,-0.21159279080373566,false
6,4,22.7,-0.6831133213801699,-0.20994164443186866,false
6,4,22.8,-0.6705904553442936,-0.20819032330491774,false
6,4,22.9,-0.6574851432179937,-0.20633441809080774,false
6,4,23.0,-0.6437510164884891,-0.20436914773186537,false
6,4,23.1,-0.6293366552097513,-0.20228931848098136,false
6,4,23.2,-0.6141849509142143,-0.2000892777660021,false
6,4,23.3,-0.5982323794732605,-0.1977628621489263,false
6,4,23.4,-0.5814081707953448,-0.19530333853883317,false
6,4,23.5,-0.563633360629773,-0.1927033376960524,false
6,4,23.6,-0.5448197081291791,-0.18995477892964838,false
6,4,23.7,-0.5248684613559266,-0.18704878474158096,false
6,4,23.8,-0.5036689518308176,-0.1839755840113551,false
6,4,23.9,-0.4810969988913849,-0.18072440214974153,false
6,4,24.0,-0.4570131056386295,-0.17728333648870667,false
6,5,24.0,1.9617290694410625,0.25246077763057184,true
6,5,24.1,1.955760630314864,0.2749807136042186,false
6,5,24.2,1.9490972174476202,0.2972774783954226,false
6,5,24.3,1.9418949848164673,0.31934708667456724,false
6,5,24.4,1.9342733856977825,0.3411868377969137,false
6,5,24.5,1.926323796752017,0.36279501126494085,false
6,5,24.6,1.9181161432917126,0.38417063393220796,false
6,5,24.7,1.9097039661750868,0.40531330218888206,false
6,5,24.8,1.9011282862339383,0.42622304613606876,false
6,5,24.9,1.8924205472774085,0.44690022576116967,false
6,5,25.0,1.8836048562140426,0.4673454514794012,false
6,5,25.1,1.874699688487148,0.4875595232259529,false
6,5,25.2,1.8657191873769108,0.5075433836782155,false
6,5,25.3,1.8566741549803678,0.5272980822511049,false
6,5,25.4,1.8475728090811834,0.5468247473165584,false
6,5,25.5,1.838421362128862,0.566124564710895,false
6,5,25.6,1.8292244648907385,0.5851987610576931,false
6,5,25.7,1.819985547003738,0.6040485907851502,false
6,5,25.8,1.8107070788415505,0.62267532598299,false
6,5,25.9,1.801390773213411,0.6410802484457193,false
6,5,26.0,1.7920377409549357,0.6592646434021475,false
6,5,26.1,1.7826486111041548,0.6772297945474646,false
6,5,26.2,1.7732236238086159,0.6949769800827679,false
6,5,26.3,1.7637627021800086,0.7125074695345018,false
6,5,26.4,1.7542655078490563,0.729822521177898,false
6,5,26.5,1.7447314838610806,0.7469233799280226,false
6,5,26.6,1.7351598877057237,0.7638112755923444,false
6,5,26.7,1.7255498166281376,0.780487421402024,false
6,5,26.8,1.7159002268748667,0.7969530127570439,false
6,5,26.9,1.7062099481489872,0.8132092261341184,false
6,5,27.0,1.6964776942581186,0.8292572181169825,false
6,5,27.1,1.6867020707147935,0.8450981245169018,false
6,5,27.2,1.676881579875504,0.8607330595576118,false
6,5,27.3,1.6670146240704888,0.8761631151038182,false
6,5,27.4,1.6570995070719052,0.8913893599161862,false
6,5,27.5,1.6471344341663952,0.9064128389186707,false
6,5,27.6,1.63711751103396,0.9212345724662729,false
6,5,27.7,1.6270467415843737,0.9358555556030074,false
6,5,27.8,1.6169200248619942,0.9502767573011329,false
6,5,27.9,1.6067351510973298,0.9644991196736264,false
6,5,28.0,1.5964897969572442,0.9785235571525313,false
6,5,28.1,1.5861815200237661,0.992350955626238,false
6,5,28.2,1.575807752512972,1.0059821715289938,false
6,5,28.3,1.5653657942294263,1.0194180308760152,false
6,5,28.4,1.554852804737505,1.032659328237521,false
6,5,28.5,1.5442657947179488,1.0457068256448194,false
6,5,28.6,1.5336016164657973,1.0585612514212877,false
6,5,28.7,1.52285695347395,1.071223298930676,false
6,5,28.8,1.5120283090346995,1.083693625234662,false
6,5,28.9,1.5011119937793238,1.0959728496509606,false
6,5,29.0,1.4901041120629346,1.1080615522025696,false
6,5,29.1,1.4790005470879515,1.119960271947886,false
6,5,29.2,1.4677969446445278,1.1316695051804597,false
6,5,29.3,1.4564886953296765,1.1431897034860392,false
6,5,29.4,1.4450709150884167,1.1545212716433102,false
6,5,29.5,1.4335384238996154,1.1656645653532935,false
6,5,29.6,1.4218857224059398,1.1766198887807524,false
6,5,29.7,1.4101069662609966,1.1873874918891216,false
6,5,29.8,1.3981959379368172,1.1979675675483947,false
6,5,29.9,1.3861460157007104,1.208360248393048,false
6,5,30.0,1.373950139431489,1.2185656034044046,false
6,6,30.0,1.3893349327888949,1.0892822957322503,true
6,6,30.1,1.388358028137508,1.1004422415497361,false
6,6,30.2,1.3863788477119805,1.1115067348994458,false
6,6,30.3,1.3834767817249383,1.122467657843666,false
6,6,30.4,1.379724769973283,1.1333176501245235,false
6,6,30.5,1.37518932430717,1.1440500444719217,false
6,6,30.6,1.3699306779452407,1.1546588032056297,false
6,6,30.7,1.3640030237465322,1.1651384571052983,false
6,6,30.8,1.3574548105842283,1.17548404720044,false
6,6,30.9,1.350329073321521,1.1856910698745664,false
6,6,31.0,1.342663777410385,1.195755425476209,false
6,6,31.1,1.3344921637807332,1.2056733704761597,false
6,6,31.2,1.3258430834943549,1.2154414730966827,false
6,6,31.3,1.316741314681312,1.225056572257031,false
6,6,31.4,1.3072078566518173,1.2345157396235282,false
6,6,31.5,1.297260197884646,1.2438162445159084,false
6,6,31.6,1.286912555930224,1.2529555213996493,false
6,6,31.7,1.2761760882197353,1.2619311396826716,false
6,6,31.8,1.2650590734162983,1.270740775530763,false
6,6,31.9,1.2535670633436042,1.2793821854168423,false
6,6,32.0,1.2417030057328344,1.2878531811226708,false
6,6,32.1,1.2294673380807752,1.296151605916224,false
6,6,32.2,1.216858052842034,1.3042753116324217,false
6,6,32.3,1.2038707340090407,1.3122221363882431,false
6,6,32.4,1.1904985648809727,1.319989882664615,false
6,6,32.5,1.1767323064966557,1.3275762954861658,false
6,6,32.6,1.1625602458113906,1.334979040425331,false
6,6,32.7,1.1479681122333825,1.342195681148793,false
6,6,32.8,1.132938960597524,1.3492236562112097,false
6,6,32.9,1.1174530180341777,1.3560602547829508,false
6,6,33.0,1.1014874914756576,1.3627025909743486,false
6,6,33.1,1.0850163317164592,1.3691475763878935,false
6,6,33.2,1.068009948983521,1.3753918904907734,false
6,6,33.3,1.0504348738535296,1.3814319483519146,false
6,6,33.4,1.0322533560435847,1.3872638652286768,false
6,6,33.5,1.0134228920614776,1.3928834174167495,false
6,6,33.6,0.9938956708877961,1.398285998690379,false
6,6,33.7,0.9736179247226763,1.4034665715561925,false
6,6,33.8,0.9525291693072893,1.4084196124194603,false
6,6,33.9,0.9305613153608557,1.413139049613006,false
6,6,34.0,0.9076376291928873,1.4176181930619067,false
6,6,34.1,0.8836715164965859,1.421849654146874,false
6,6,34.2,0.8585650986582966,1.425825254080521,false
6,6,34.3,0.8322075456221593,1.429535918818168,false
6,6,34.4,0.8044731234939474,1.4329715581832225,false
6,6,34.5,0.7752189088510344,1.4361209264925212,false
6,6,34.6,0.7442821155740994,1.438971461518118,false
6,6,34.7,0.7114769747472371,1.4415090981232417,false
6,6,34.8,0.6765911052480857,1.4437180523760498,false
6,6,34.9,0.6393813145820533,1.4455805714076453,false
6,6,35.0,0.5995687805112759,1.4470766438028422,false
6,6,35.1,0.5568335909833713,1.4481836650050977,false
6,6,35.2,0.5108086738706237,1.4488760522728537,false
6,6,35.3,0.4610732466146562,1.4491248044629943,false
6,6,35.4,0.40714608615413567,1.4488970038575093,false
6,6,35.5,0.3484792023313462,1.4481552612152873,false
6,6,35.6,0.2844529524961219,1.4468571124947864,false
6,6,35.7,0.21437434196269445,1.4449543881585167,false
6,6,35.8,0.1374813132959865,1.442392596357001,false
6,6,35.9,0.05295733295040124,1.4391103932190192,false
6,6,36.0,-0.04003743343739062,1.4350392611892557,false
6,7,36.0,-6.558618530540933e-5,1.3823640875773282,true
6,7,36.1,-0.09265876631239525,1.3782248489695252,false
6,7,36.2,-0.19441508691723217,1.373225689793547,false
6,7,36.3,-0.30589335455738026,1.367286191893638,false
6,7,36.4,-0.4273530174183159,1.3603226528612187,false
6,7,36.5,-0.5585684233517713,1.3522516749493625,false
6,7,36.6,-0.6986129037359577,1.342995588285471,false
6,7,36.7,-0.8456534949400415,1.3324898081651493,false
6,7,36.8,-0.9968295441834113,1.3206917024807752,false
6,7,36.9,-1.1483093555646067,1.3075897621794672,false
6,7,37.0,-1.2955997481129737,1.2932110600592681,false
6,7,37.1,-1.434103596603911,1.2776246317475939,false
6,7,37.2,-1.5598009335520475,1.2609390151363578,false
6,7,37.3,-1.669841805570511,1.2432937970928375,false
6,7,37.4,-1.7628573149176223,1.2248469699616285,false
6,7,37.5,-1.838919338551046,1.2057611491400504,false
6,7,37.6,-1.8992258722707345,1.186191622319363,false
6,7,37.7,-1.9456675584596694,1.1662780409564004,false
6,7,37.8,-1.9804186466060558,1.1461401222616507,false
6,7,37.9,-2.005632491586495,1.1258766866948222,false
6,7,38.0,-2.023258457600404,1.1055669309125649,false
6,7,38.1,-2.0349593820593186,1.0852728847619897,false
6,7,38.2,-2.0420966953118467,1.065042271081339,false
6,7,38.3,-2.0457534209207155,1.0449112873715638,false
6,7,38.4,-2.0467737963235972,1.0249070671699163,false
6,7,38.5,-2.0458066106646653,1.0050497359997055,false
6,7,38.6,-2.0433455547376167,0.9853540653733127,false
6,7,38.7,-2.0397637966919486,0.9658307702094412,false
6,7,38.8,-2.035342182167326,0.9464875091292073,false
6,7,38.9,-2.0302915209734445,0.9273296466397151,false
6,7,39.0,-2.0247698372018874,0.9083608292857024,false
6,7,39.1,-2.0188955356079417,0.8895834189073177,false
6,7,39.2,-2.012757357210472,0.8709988173863124,false
6,7,39.3,-2.0064218606273427,0.8526077096159916,false
6,7,39.4,-1.9999390219870679,0.8344102451478541,false
6,7,39.5,-1.9933464168675445,0.8164061739924926,false
6,7,39.6,-1.9866723397628867,0.7985949482031875,false
6,7,39.7,-1.9799381303762469,0.7809757979381725,false
6,7,39.8,-1.9731599090464746,0.7635477884861572,false
6,7,39.9,-1.966349872467118,0.7463098630832485,false
6,7,40.0,-1.9595172622543777,0.7292608751140068,false
6,7,40.1,-1.952669090012244,0.712399612370407,false
6,7,40.2,-1.9458106810025542,0.6957248153598349,false
6,7,40.3,-1.9389460825275648,0.6792351911464182,false
6,7,40.4,-1.9320783712690293,0.6629294238336274,false
6,7,40.5,-1.9252098850383004,0.646806182516409,false
6,7,40.6,-1.9183423978806073,0.6308641273230899,false
6,7,40.7,-1.9114772526506638,0.6151019140123518,false
6,7,40.8,-1.9046154615969,0.5995181974749998,false
6,7,40.9,-1.8977577828329812,0.5841116344039046,false
6,7,41.0,-1.8909047785981226,0.5688808853308611,false
6,7,41.1,-1.8840568597350216,0.5538246161806467,false
6,7,41.2,-1.8772143197155144,0.5389414994561473,false
6,7,41.3,-1.8703773607228213,0.5242302151410136,false
6,7,41.4,-1.8635461136843545,0.5096894513856339,false
6,7,41.5,-1.8567206536877219,0.4953179050265841,false
6,7,41.6,-1.8499010118658248,0.4811142819778848,false
6,7,41.7,-1.8430871845757724,0.4670772975234119,false
6,7,41.8,-1.8362791404992826,0.45320567653298194,false
6,7,41.9,-1.8294768261432073,0.4394981536194281,false
6,7,42.0,-1.8226801701059332,0.4259534732500123,false
6,8,42.0,-1.7942077594802224,0.5350262260116185,true
6,8,42.1,-1.8023335074041693,0.5210335915050817,false
6,8,42.2,-1.807767284479508,0.507081821805618,false
6,8,42.3,-1.8109776167808829,0.49319308521643745,false
6,8,42.4,-1.8123609609651197,0.4793854283393944,false
6,8,42.5,-1.8122488665660146,0.46567343529167016,false
6,8,42.6,-1.8109161316763702,0.4520688109464943,false
6,8,42.7,-1.808588984379686,0.43858088446047333,false
6,8,42.8,-1.8054527343544577,0.42521703624626783,false
6,8,42.9,-1.8016586200083526,0.41198305524023104,false
6,8,43.0,-1.7973297557223458,0.39888343489328393,false
6,8,43.1,-1.7925661901326124,0.3859216165923912,false
6,8,43.2,-1.787449143609766,0.3731001887634493,false
6,8,43.3,-1.7820445189794525,0.36042104908383077,false
6,8,43.4,-1.7764057865119796,0.34788553627350766,false
6,8,43.5,-1.7705763405785462,0.33549453697111153,false
6,8,43.6,-1.7645914164030472,0.3232485723066781,false
6,8,43.7,-1.7584796442389563,0.31114786798860483,false
6,8,43.8,-1.7522643069169501,0.29919241103802785,false
6,8,43.9,-1.745964356023717,0.287381995726169,false
6,8,44.0,-1.7395952324413118,0.27571626078963996,false
6,8,44.1,-1.733169528746363,0.2641947196030759,false
6,8,44.2,-1.726697524016203,0.2528167846652738,false
6,8,44.3,-1.7201876158059914,0.24158178749244055,false
6,8,44.4,-1.7136466693034758,0.23048899479970092,false
6,8,44.5,-1.7070802997856116,0.2195376216805953,false
6,8,44.6,-1.7004931013514546,0.20872684235625688,false
6,8,44.7,-1.693888832361125,0.19805579895493383,false
6,8,44.8,-1.6872705659611646,0.18752360869328635,false
6,8,44.9,-1.6806408124293821,0.17712936975918453,false
6,8,45.0,-1.6740016187501632,0.16687216613810554,false
6,8,45.1,-1.6673546497709089,0.15675107157890086,false
6,8,45.2,-1.6607012544401858,0.14676515285743283,false
6,8,45.3,-1.65404251994666,0.1369134724665731,false
6,8,45.4,-1.6473793160313177,0.12719509083687233,false
6,8,45.5,-1.6407123313069383,0.11760906817270245,false
6,8,45.6,-1.6340421030666132,0.10815446597291388,false
6,8,45.7,-1.6273690417800977,0.09883034829230826,false
6,8,45.8,-1.6206934512490887,0.08963578278990789,false
6,8,45.9,-1.6140155452091445,0.08056984160163652,false
6,8,46.0,-1.6073354610180952,0.07163160206823285,false
6,8,46.1,-1.6006532709514127,0.06282014734369396,false
6,8,46.2,-1.5939689915284925,0.0541345669050484,false
6,8,46.3,-1.5872825912156767,0.04557395698059122,false
6,8,46.4,-1.5805939967885048,0.037137420910718144,false
6,8,46.5,-1.5739030985842606,0.028824069453047378,false
6,8,46.6,-1.567209754834077,0.020633021041512177,false
6,8,46.7,-1.5605137952298214,0.012563402007463068,false
6,8,46.8,-1.5538150238532138,0.004614346769468336,false
6,8,46.9,-1.5471132215719725,-0.0032150020026080386,false
6,8,47.0,-1.540408147989208,-0.010925493244585607,false
6,8,47.1,-1.5336995430171023,-0.018517967372090872,false
6,8,47.2,-1.5269871281334224,-0.02599325616853253,false
6,8,47.3,-1.5202706073691576,-0.03335218268414841,false
6,8,47.4,-1.5135496680671143,-0.04059556114376702,false
6,8,47.5,-1.5068239814443234,-0.047724196861275964,false
6,8,47.6,-1.5000932029853389,-0.05473888615907804,false
6,8,47.7,-1.493356972688723,-0.06164041629105381,false
6,8,47.8,-1.4866149151850254,-0.06842956536774619,false
6,8,47.9,-1.4798666397412505,-0.07510710228264389,false
6,8,48.0,-1.4731117401640301,-0.08167378663857312,false
6,9,48.0,-1.4825948353563436,0.003065157449063133,true
6,9,48.1,-1.4830078988021957,-0.00413323721036587,false
6,9,48.2,-1.4826992001517967,-0.011279262467175971,false
6,9,48.3,-1.4817412759477468,-0.018367024455772013,false
6,9,48.4,-1.4802001260018502,-0.025391307208362465,false
6,9,48.5,-1.4781355328226804,-0.03234750917383764,false
6,9,48.6,-1.4756014420928818,-0.03923158343364753,false
6,9,48.7,-1.4726463771524034,-0.046039982017678414,false
6,9,48.8,-1.4693138669504784,-0.05276960450298024,false
6,9,48.9,-1.4656428723457333,-0.059417750914279005,false
6,9,49.0,-1.4616682000258945,-0.06598207882736926,false
6,9,49.1,-1.457420896796584,-0.07246056449547629,false
6,9,49.2,-1.4529286196816,-0.07885146776644378,false
6,9,49.3,-1.4482159793152598,-0.08515330052833345,false
6,9,49.4,-1.4433048556127646,-0.09136479840712491,false
6,9,49.5,-1.4382146857853817,-0.09748489543818199,false
6,9,49.6,-1.432962725516232,-0.1035127014394634,false
6,9,49.7,-1.4275642846067775,-0.10944748182636532,false
6,9,49.8,-1.422032938706543,-0.11528863962351299,false
6,9,49.9,-1.4163807188993311,-0.12103569944622253,false
6,9,50.0,-1.4106182809775736,-0.12668829324260883,false
6,9,50.1,-1.4047550562229634,-0.1322461476056201,false
6,9,50.2,-1.3987993854493312,-0.13770907248208838,false
6,9,50.3,-1.3927586379702313,-0.14307695112283852,false
6,9,50.4,-1.3866393170417466,-0.148349731133776,false
6,9,50.5,-1.3804471532099043,-0.1535274165025626,false
6,9,50.6,-1.374187186868371,-0.15861006048894244,false
6,9,50.7,-1.3678638412103317,-0.1635977592790083,false
6,9,50.8,-1.3614809866416204,-0.16849064631474056,false
6,9,50.9,-1.3550419976121368,-0.17328888722007146,false
6,9,51.0,-1.3485498027203815,-0.17799267525360238,false
6,9,51.1,-1.3420069288520555,-0.18260222722601224,false
6,9,51.2,-1.3354155400281054,-0.18711777982722577,false
6,9,51.3,-1.3287774715601708,-0.19153958631464238,false
6,9,51.4,-1.32209426004167,-0.19586791351923907,false
6,9,51.5,-1.3153671696402567,-0.20010303913122696,false
6,9,51.6,-1.3085972151015104,-0.20424524923123022,false
6,9,51.7,-1.3017851818239314,-0.20829483603672946,false
6,9,51.8,-1.2949316433209799,-0.21225209583682678,false
6,9,51.9,-1.2880369763465087,-0.2161173270912968,false
6,9,52.0,-1.2811013739249384,-0.21989082867243412,false
6,9,52.1,-1.2741248564964223,-0.22357289823043122,false
6,9,52.2,-1.2671072813596067,-0.22716383066496082,false
6,9,52.3,-1.2600483505699813,-0.23066391668732147,false
6,9,52.4,-1.2529476174298644,-0.23407344145896639,false
6,9,52.5,-1.2458044916864315,-0.2373926832934942,false
6,9,52.6,-1.2386182435365816,-0.24062191241026,false
6,9,52.7,-1.231388006521535,-0.24376138972868341,false
6,9,52.8,-1.224112779379649,-0.2468113656931027,false
6,9,52.9,-1.216791426912779,-0.24977207911866564,false
6,9,53.0,-1.2094226799093943,-0.25264375604926786,false
6,9,53.1,-1.2020051341563975,-0.2554266086189589,false
6,9,53.2,-1.194537248561022,-0.2581208339085439,false
6,9,53.3,-1.1870173423941144,-0.2607266127893181,false
6,9,53.4,-1.17944359165642,-0.26324410874598925,false
6,9,53.5,-1.1718140245600084,-0.2656734666708738,false
6,9,53.6,-1.1641265161075833,-0.2680148116213937,false
6,9,53.7,-1.156378781742962,-0.270268247532759,false
6,9,53.8,-1.148568370036349,-0.2724338558774926,false
6,9,53.9,-1.1406926543580282,-0.2745116942631322,false
6,9,54.0,-1.1327488234836038,-0.27650179495904065,false
6,10,54.0,-1.1258507196259466,-0.22501103319851593,true
6,10,54.1,-1.1230298586751932,-0.22725167301718852,false
6,10,54.2,-1.120026394495087,-0.22944918382811277,false
6,10,54.3,-1.1168452641677296,-0.23160223096211116,false
6,10,54.4,-1.1134911466691124,-0.2337095336127532,false
6,10,54.5,-1.1099684562199181,-0.23576986204397435,false
6,10,54.6,-1.1062813368813698,-0.23778203476310517,false
6,10,54.7,-1.102433658181308,-0.23974491566998188,false
6,10,54.8,-1.0984290115683413,-0.24165741119081932,false
6,10,54.9,-1.0942707075043099,-0.2435184674036686,false
6,10,55.0,-1.089961773017138,-0.24532706716054656,false
6,10,55.1,-1.0855049495472133,-0.2470822272097082,false
6,10,55.2,-1.0809026909305366,-0.24878299532002424,false
6,10,55.3,-1.0761571613708867,-0.2504284474080181,false
6,10,55.4,-1.071270233261043,-0.2520176846667945,false
6,10,55.5,-1.066243484719592,-0.2535498306948444,false
6,10,55.6,-1.0610781967149565,-0.25502402862152956,false
6,10,55.7,-1.055775349651954,-0.25643943822491105,false
6,10,55.8,-1.0503356192983506,-0.25779523303648916,false
6,10,55.9,-1.044759371929478,-0.25909059742634133,false
6,10,56.0,-1.0390466585679514,-0.2603247236610715,false
6,10,56.1,-1.0331972081927887,-0.26149680892590177,false
6,10,56.2,-1.027210419787709,-0.26260605230112916,false
6,10,56.3,-1.0210853530919521,-0.2636516516820204,false
6,10,56.4,-1.0148207179085114,-0.264632800630008,false
6,10,56.5,-1.0084148618140165,-0.2655486851417623,false
6,10,56.6,-1.0018657561014879,-0.26639848032132774,false
6,10,56.7,-0.9951709797715433,-0.2671813469390026,false
6,10,56.8,-0.9883277013691335,-0.26789642785898865,false
6,10,56.9,-0.9813326584411566,-0.26854284431601194,false
6,10,57.0,-0.9741821343649931,-0.26911969201908814,false
6,10,57.1,-0.9668719322686334,-0.26962603705834387,false
6,10,57.2,-0.9593973457291087,-0.270060911588269,false
6,10,57.3,-0.9517531258967462,-0.27042330925792357,false
6,10,57.4,-0.9439334446475909,-0.27071218035540523,false
6,10,57.5,-0.9359318533142992,-0.27092642663024485,false
6,10,57.6,-0.9277412364858636,-0.2710648957532742,false
6,10,57.7,-0.9193537602974622,-0.27112637536882417,false
6,10,57.8,-0.9107608145521081,-0.2711095866887834,false
6,10,57.9,-0.9019529479239148,-0.27101317757196997,false
6,10,58.0,-0.8929197953867212,-0.27083571502533327,false
6,10,58.1,-0.8836499968892119,-0.27057567705556984,false
6,10,58.2,-0.8741311061557895,-0.27023144379065434,false
6,10,58.3,-0.8643494883281138,-0.26980128778036744,false
6,10,58.4,-0.8542902049716397,-0.269283363372937,false
6,10,58.5,-0.843936884750271,-0.2686756950511482,false
6,10,58.6,-0.8332715778152222,-0.26797616459542795,false
6,10,58.7,-0.8222745916553204,-0.26718249692313545,false
6,10,58.8,-0.8109243058082587,-0.2662922444321903,false
6,10,58.9,-0.7991969624275808,-0.2653027696527838,false
6,10,59.0,-0.787066429229024,-0.26421122598270375,false
6,10,59.1,-0.7745039307915376,-0.26301453624913157,false
6,10,59.2,-0.7614777435506174,-0.26170936880191215,false
6,10,59.3,-0.7479528490810071,-0.26029211079940906,false
6,10,59.4,-0.7338905394074676,-0.25875883829717633,false
6,10,59.5,-0.7192479670906062,-0.2571052826906994,false
6,10,59.6,-0.7039776316940328,-0.2553267929951524,false
6,10,59.7,-0.6880267929351983,-0.25341829336611665,false
6,10,59.8,-0.6713367993448841,-0.2513742351740414,false
6,10,59.9,-0.6538423196070373,-0.24918854284037933,false
6,10,60.0,-0.6354704619333144,-0.24685455252332913,false
6,11,60.0,-0.4401300181032084,-0.17466094445650182,true
6,11,60.1,-0.41319835838386576,-0.17087598013606423,false
6,11,60.2,-0.38429438886070183,-0.16686301306339021,false
6,11,60.3,-0.3532037199382571,-0.16260467200314305,false
6,11,60.4,-0.3196853548625534,-0.15808162804075138,false
6,11,60.5,-0.2834688281162888,-0.1532723519256419,false
6,11,60.6,-0.24425143373763503,-0.14815284721623212,false
6,11,60.7,-0.20169581446679438,-0.14269636137285702,false
6,11,60.8,-0.1554283397766859,-0.13687308008873178,false
6,11,60.9,-0.10503892582170504,-0.1306498150070796,false
6,11,61.0,-0.05008326259603843,-0.12398970224297028,false
6,11,61.1,0.009911170533370192,-0.11685193967402172,false
6,11,61.2,0.0754333982337784,-0.10919160573743258,false
6,11,61.3,0.14696905604443128,-0.10095962229144037,false
6,11,61.4,0.22496926020084224,-0.09210294915941437,false
6,11,61.5,0.30980491510030084,-0.08256512690551843,false
6,11,61.6,0.4017035828784092,-0.07228731273588167,false
6,11,61.7,0.5006679042477267,-0.06120997255715033,false
6,11,61.8,0.6063786965964145,-0.04927538336963598,false
6,11,61.9,0.7180929261097276,-0.036431040269624335,false
6,11,62.0,0.8345564110181986,-0.02263392525317419,false
6,11,62.1,0.9539608391718458,-0.00785536705331429,false
6,11,62.2,1.0739789944132525,0.007914074589409457,false
6,11,62.3,1.1919037657767135,0.02466054734547435,false
6,11,62.4,1.3048912045770862,0.04234463937922589,false
6,11,62.5,1.410270559654763,0.06090170731150396,false
6,11,62.6,1.5058514396903455,0.0802450914943049,false
6,11,62.7,1.5901501958207076,0.10027180685303537,false
6,11,62.8,1.6624827252680514,0.12086967814498063,false
6,11,62.9,1.722917067875092,0.14192461670280723,false
6,11,63.0,1.7721218844273128,0.16332689239049059,false
6,11,63.1,1.8111672196526738,0.1849757074180782,false
6,11,63.2,1.84132936666732,0.20678189583824225,false
6,11,63.3,1.8639325750633067,0.22866896708992912,false
6,11,63.4,1.8802395311722713,0.2505729124105794,false
6,11,63.5,1.8913876959149243,0.2724412251907966,false
6,11,63.6,1.8983613659071605,0.2942315178060525,false
6,11,63.7,1.9019878705243312,0.3159100117356811,false
6,11,63.8,1.9029479596555285,0.33745007562718826,false
6,11,63.9,1.9017931094158798,0.3588309055583848,false
6,11,64.0,1.898965026280527,0.38003638644911847,false
6,11,64.1,1.8948146154795646,0.4010541396293338,false
6,11,64.2,1.8896190421456445,0.42187474316969614,false
6,11,64.3,1.8835963630778896,0.4424911033411464,false
6,11,64.4,1.8769176893732362,0.46289795338291334,false
6,11,64.5,1.8697170838186126,0.48309145682816196,false
6,11,64.6,1.862099496750846,0.5030688952118861,false
6,11,64.7,1.854147063693086,0.5228284230507155,false
6,11,64.8,1.8459240671612827,0.5423688759975488,false
6,11,64.9,1.837480826883871,0.5616896207811931,false
6,11,65.0,1.828856740086372,0.5807904378516487,false
6,11,65.1,1.8200826529120515,0.5996714295607726,false
6,11,65.2,1.8111827082867469,0.6183329482520802,false
6,11,65.3,1.802175785416339,0.6367755398640803,false
6,11,65.4,1.7930766214577125,0.6549998996225318,false
6,11,65.5,1.7838966861167393,0.6730068371578111,false
6,11,65.6,1.7746448642479666,0.6907972489768643,false
6,11,65.7,1.7653279892190725,0.708372096680426,false
6,11,65.8,1.7559512601957232,0.7257323896740414,false
6,11,65.9,1.7465185690367964,0.7428791713988167,false
6,11,66.0,1.737032756704403,0.7598135083227622,false
6,12,66.0,1.710250413477459,0.6207680871002204,true
6,12,66.1,1.7176034625226007,0.6383449147005108,false
6,12,66.2,1.722219280276017,0.6558473481695049,false
6,12,66.3,1.7245184024221698,0.6732528158949705,false
6,12,66.4,1.7248656975273835,0.6905425094009301,false
6,12,66.5,1.7235736796787975,0.7077008590940583,false
6,12,66.6,1.7209073559096708,0.7247150520816028,false
6,12,66.7,1.717089714738034,0.7415746014524716,false
6,12,66.8,1.7123072728806443,0.7582709696387031,false
6,12,66.9,1.706715330025892,0.7747972442377742,false
6,12,67.0,1.7004427452501034,0.7911478622777006,false
6,12,67.1,1.6935961573355867,0.8073183777626876,false
6,12,67.2,1.6862636391643842,0.8233052670000962,false
6,12,67.3,1.6785178157096066,0.839105766358129,false
6,12,67.4,1.6704184954067318,0.8547177375180475,false
6,12,67.5,1.6620148727845168,0.8701395558216014,false
6,12,67.6,1.6533473609916955,0.8853700178847971,false
6,12,67.7,1.6444491094975064,0.900408265201495,false
6,12,67.8,1.6353472568482295,0.9152537209672559,false
6,12,67.9,1.6260639622107111,0.9299060378034024,false
6,12,68.0,1.6166172532788943,0.9443650544506886,false
6,12,68.1,1.6070217223686354,0.9586307598337637,false
6,12,68.2,1.5972890973723453,0.9727032631769145,false
6,12,68.3,1.5874287097515198,0.9865827690845992,false
6,12,68.4,1.5774478779012888,1.000269556693419,false
6,12,68.5,1.5673522209772277,1.0137639621614623,false
6,12,68.6,1.5571459155639762,1.0270663638918418,false
6,12,68.7,1.5468319053162722,1.0401771699944933,false
6,12,68.8,1.5364120718468035,1.05309680757801,false
6,12,68.9,1.5258873736087755,1.0658257135348936,false
6,12,69.0,1.5152579582687282,1.0783643265419807,false
6,12,69.1,1.5045232530390416,1.0907130800453586,false
6,12,69.2,1.493682036599195,1.1028723960377576,false
6,12,69.3,1.4827324955462402,1.1148426794678126,false
6,12,69.4,1.471672267749862,1.1266243131460445,false
6,12,69.5,1.4604984745225635,1.1382176530329713,false
6,12,69.6,1.4492077431317156,1.149623023811295,false
6,12,69.7,1.4377962208617006,1.1608407146573196,false
6,12,69.8,1.426259581568222,1.1718709751371943,false
6,12,69.9,1.4145930254423795,1.1827140111616967,false
6,12,70.0,1.402791272510554,1.1933699809394387,false
6,12,70.1,1.3908485502301648,1.2038389908728553,false
6,12,70.2,1.3787585753948723,1.2141210913443659,false
6,12,70.3,1.3665145304305562,1.22421627234182,false
6,12,70.4,1.3541090340409245,1.2341244588728937,false
6,12,70.5,1.341534106044925,1.2438455061175557,false
6,12,70.6,1.3287811261335982,1.253379194266122,false
6,12,70.7,1.3158407861582602,1.2627252229877768,false
6,12,70.8,1.3027030354416023,1.2718832054707379,false
6,12,70.9,1.2893570184751155,1.280852661970437,false
6,12,71.0,1.275791004226691,1.2896330127960807,false
6,12,71.1,1.2619923061275622,1.2982235706586633,false
6,12,71.2,1.2479471916337461,1.3066235322947501,false
6,12,71.3,1.233640780059103,1.3148319692699615,false
6,12,71.4,1.2190569271496272,1.3228478178538325,false
6,12,71.5,1.2041780946052576,1.3306698678433115,false
6,12,71.6,1.1889852024489052,1.3382967501952456,false
6,12,71.7,1.1734574617837001,1.3457269233083755,false
6,12,71.8,1.1575721850581218,1.3529586577721062,false
6,12,71.9,1.1413045704621452,1.3599900193720467,false
6,12,72.0,1.12462745649076,1.3668188501102765,false
6,13,72.0,1.1579798417208564,1.2552089428756217,true
6,13,72.1,1.1513494364676304,1.263005252762793,false
6,13,72.2,1.1440793719046725,1.270680670420468,false
6,13,72.3,1.136182797875453,1.2782302813632465,false
6,13,72.4,1.1276702809057397,1.285649315899098,false
6,13,72.5,1.1185497077439037,1.2929331239431248,false
6,13,72.6,1.108826189481113,1.3000771491387266,false
6,13,72.7,1.0985019608278495,1.307076902271523,false
6,13,72.8,1.0875762692833582,1.3139279339125782,false
6,13,72.9,1.0760452489982772,1.3206258061800709,false
6,13,73.0,1.0639017740808143,1.3271660634615607,false
6,13,73.1,1.051135285917498,1.3335442018913302,false
6,13,73.2,1.037731588754665,1.3397556373276445,false
6,13,73.3,1.0236726072987934,1.345795671521799,false
6,13,73.4,1.0089360994223058,1.3516594561129343,false
6,13,73.5,0.9934953161824863,1.3573419540180507,false
6,13,73.6,0.9773186002460036,1.3628378977134568,false
6,13,73.7,0.960368912425955,1.3681417438197985,false
6,13,73.8,0.9426032743420659,1.3732476233052469,false
6,13,73.9,0.9239721131612424,1.3781492865074219,false
6,13,74.0,0.9044184919131718,1.3828400420408018,false
6,13,74.1,0.88387720594881,1.3873126884988711,false
6,13,74.2,0.8622737226642225,1.3915594376747402,false
6,13,74.3,0.8395229376037037,1.395571827805677,false
6,13,74.4,0.8155277154643189,1.3993406250908809,false
6,13,74.5,0.7901771793791088,1.402855711432917,false
6,13,74.6,0.7633447062815407,1.4061059560072335,false
6,13,74.7,0.7348855804366755,1.4090790678686653,false
6,13,74.8,0.7046342519310679,1.4117614263601785,false
6,13,74.9,0.6724011430732764,1.4141378856058275,false
6,13,75.0,0.6379689450570699,1.416191548868084,false
6,13,75.1,0.6010883528873004,1.417903508071815,false
6,13,75.2,0.561473203411301,1.4192525434212002,false
6,13,75.3,0.5187950173248612,1.420214777897444,false
6,13,75.4,0.4726770139055196,1.4207632817521414,false
6,13,75.5,0.4226877866997516,1.4208676232762394,false
6,13,75.6,0.368335029476468,1.420493364722919,false
6,13,75.7,0.3090600287291085,1.419601507222612,false
6,13,75.8,0.2442341541950548,1.4181478972575292,false
6,13,75.9,0.17315936361578638,1.4160826218190568,false
6,13,76.0,0.09507588415651883,1.4133494426034698,false
6,13,76.1,0.009181810914599103,1.4098853551201793,false
6,13,76.2,-0.08532866010044218,1.40562041023798,false
6,13,76.3,-0.18919957939147583,1.4004780059089192,false
6,13,76.4,-0.30301011563311675,1.3943759428032911,false
6,13,76.5,-0.4270253067343857,1.3872286242172494,false
6,13,76.6,-0.5609993238226438,1.3789508296543436,false
6,13,76.7,-0.7039469820650819,1.3694634312598397,false
6,13,76.8,-0.8539282187856373,1.3587011508778928,false
6,13,76.9,-1.0079255144124661,1.346621882591572,false
6,13,77.0,-1.1619159105616061,1.3332162547749662,false
6,13,77.1,-1.3112154603273039,1.3185152460172624,false
6,13,77.2,-1.4510835482544335,1.3025933370469607,false
6,13,77.3,-1.5774441150356644,1.2855654079543888,false
6,13,77.4,-1.687492382800147,1.267577388380189,false
6,13,77.5,-1.7799868574575246,1.2487927500831202,false
6,13,77.6,-1.8551683071941254,1.2293781549288363,false
6,13,77.7,-1.9144026241664491,1.2094913351797862,false
6,13,77.8,-1.95971830567009,1.189272952512909,false
6,13,77.9,-1.9933859497637239,1.1688426510850438,false
6,13,78.0,-2.017615689881815,1.1482984822063929,false
6,14,78.0,-2.0156522024137513,1.0188882137014377,true
6,14,78.1,-2.0215803316448846,0.9993272568996111,false
6,14,78.2,-2.024405084679915,0.9798702785397662,false
6,14,78.3,-2.0248638406057435,0.9605414364946339,false
6,14,78.4,-2.0235261726288876,0.9413587503512219,false
6,14,78.5,-2.0208281736176157,0.9223355236538681,false
6,14,78.6,-2.017101745566975,0.9034814634649362,false
6,14,78.7,-2.0125985122726546,0.8848035480382556,false
6,14,78.8,-2.007508791088229,0.8663066921085939,false
6,14,78.9,-2.0019763590786455,0.8479942533053517,false
6,14,79.0,-1.996109797666789,0.8298684157861431,false
6,14,79.1,-1.9899911324120994,0.811930479989484,false
6,14,79.2,-1.9836823745340006,0.7941810811153291,false
6,14,79.3,-1.9772304552801352,0.7766203537502843,false
6,14,79.4,-1.9706709397510018,0.7592480559161581,false
6,14,79.5,-1.964030819010429,0.7420636625955809,false
6,14,79.6,-1.9573306086524407,0.7250664363123431,false
6,14,79.7,-1.9505859266223577,0.7082554804619016,false
6,14,79.8,-1.9438086804491117,0.6916297796662225,false
6,14,79.9,-1.9370079615899494,0.6751882303585427,false
6,14,80.0,-1.9301907200772215,0.6589296640023531,false
6,14,80.1,-1.923362274240233,0.6428528647489621,false
6,14,80.2,-1.9165266964829386,0.6269565828890423,false
6,14,80.3,-1.9096871057892295,0.6112395451175888,false
6,14,80.4,-1.9028458899292036,0.5957004623801363,false
6,14,80.5,-1.8960048745922262,0.5803380358795306,false
6,14,80.6,-1.8891654523799668,0.5651509616810552,false
6,14,80.7,-1.8823286813842588,0.5501379342473911,false
6,14,80.8,-1.8754953606741465,0.5352976491548613,false
6,14,80.9,-1.8686660882181274,0.5206288051820772,false
6,14,81.0,-1.8618413054183778,0.5061301059165375,false
6,14,81.1,-1.8550213314198467,0.4918002609902505,false
6,14,81.2,-1.848206389593929,0.4776379870293093,false
6,14,81.3,-1.8413966280209135,0.4636420083824975,false
6,14,81.4,-1.8345921353606556,0.4498110576788896,false
6,14,81.5,-1.8277929531718593,0.4361438762528909,false
6,14,81.6,-1.8209990854908367,0.4226392144663534,false
6,14,81.7,-1.8142105062910305,0.40929583195066777,false
6,14,81.8,-1.807427165300276,0.3961124977865584,false
6,14,81.9,-1.8006489925427005,0.38308799063533466,false
6,14,82.0,-1.7938759018880548,0.37022109883229176,false
6,14,82.1,-1.787107793826851,0.3575106204505907,false
6,14,82.2,-1.7803445576402757,0.34495536334212334,false
6,14,82.3,-1.773586073095862,0.33255414516045145,false
6,14,82.4,-1.766832211770649,0.32030579336981235,false
6,14,82.5,-1.760082838080983,0.3082091452433295,false
6,14,82.6,-1.753337810080656,0.29626304785290136,false
6,14,82.7,-1.7465969800755607,0.2844663580527228,false
6,14,82.8,-1.739860195092538,0.27281794245798763,false
6,14,82.9,-1.7331272972319351,0.2613166774200035,false
6,14,83.0,-1.7263981239270236,0.24996144899870038,false
6,14,83.1,-1.7196725081284714,0.2387511529333193,false
6,14,83.2,-1.7129502784281607,0.22768469461191274,false
6,14,83.3,-1.70623125913361,0.21676098904016805,false
6,14,83.4,-1.6995152703018583,0.2059789608099696,false
6,14,83.5,-1.6928021277397838,0.19533754406803933,false
6,14,83.6,-1.6860916429763435,0.18483568248493693,false
6,14,83.7,-1.6793836232110446,0.17447232922465386,false
6,14,83.8,-1.6726778712420174,0.16424644691499846,false
6,14,83.9,-1.6659741853763252,0.15415700761894083,false
6,14,84.0,-1.659272359324546,0.14420299280706345,false
6,15,84.0,-1.7542716102647316,0.29607315845009285,true
6,15,84.1,-1.7473625487949516,0.2842700971280883,false
6,15,84.2,-1.740485491700167,0.27261676635390836,false
6,15,84.3,-1.7336353861538023,0.2611117987389516,false
6,15,84.4,-1.7268080711219669,0.2497538789994504,false
6,15,84.5,-1.720000106566553,0.23854173621265046,false
6,15,84.6,-1.7132086364497157,0.2274741375342716,false
6,15,84.7,-1.7064312785982776,0.21654988308983153,false
6,15,84.8,-1.699666035963929,0.20576780181108523,false
6,15,84.9,-1.6929112249661067,0.19512674803509672,false
6,15,85.0,-1.6861654175041552,0.18462559872003664,false
6,15,85.1,-1.679427393930754,0.17426325116078925,false
6,15,85.2,-1.6726961048331679,0.16403862111048695,false
6,15,85.3,-1.6659706399060275,0.15395064123243252,false
6,15,85.4,-1.6592502025447973,0.14399825982150782,false
6,15,85.5,-1.6525340890626998,0.1341804397458767,false
6,15,85.6,-1.6458216716510816,0.12449615756917219,false
6,15,85.7,-1.6391123843760076,0.11494440282089428,false
6,15,85.8,-1.632405711641638,0.10552417738880734,false
6,15,85.9,-1.6257011786609765,0.0962344950120144,false
6,15,86.0,-1.6189983435626636,0.08707438085733428,false
6,15,86.1,-1.6122967908331005,0.07804287116480221,false
6,15,86.2,-1.605596125849937,0.06913901295070547,false
6,15,86.3,-1.5988959703085968,0.060361863758669726,false
6,15,86.4,-1.5921959583803391,0.05171049145102413,false
6,15,86.5,-1.5854957334700661,0.0431839740340697,false
6,15,86.6,-1.5787949454661327,0.034781399512015566,false
6,15,86.7,-1.5720932483938976,0.026501865765281726,false
6,15,86.8,-1.565390298400552,0.01834448044963198,false
6,15,86.9,-1.5586857520116097,0.010308360913230194,false
6,15,87.0,-1.551979264609894,0.0023926341292312553,false
6,15,87.1,-1.545270489096374,-0.005403563358054451,false
6,15,87.2,-1.5385590746991458,-0.0130810854750299,false
6,15,87.3,-1.531844665902532,-0.020640776650026803,false
6,15,87.4,-1.5251269014729116,-0.028083471834936185,false
6,15,87.5,-1.5184054135616827,-0.03540999651811844,false
6,15,87.6,-1.5116798268688676,-0.04262116672928619,false
6,15,87.7,-1.5049497578534088,-0.049717789036908704,false
6,15,87.8,-1.4982148139782825,-0.056700660538565005,false
6,15,87.9,-1.4914745929802544,-0.06357056884456846,false
6,15,88.0,-1.4847286821554835,-0.07032829205509683,false
6,15,88.1,-1.4779766576533093,-0.07697459873098482,false
6,15,88.2,-1.4712180837714655,-0.0835102478582688,false
6,15,88.3,-1.4644525122466905,-0.08993598880651464,false
6,15,88.4,-1.4576794815352965,-0.09625256128090652,false
6,15,88.5,-1.4508985160787018,-0.1024606952680272,false
6,15,88.6,-1.4441091255492882,-0.10856111097521697,false
6,15,88.7,-1.4373108040722016,-0.11455451876335719,false
6,15,88.8,-1.4305030294188883,-0.1204416190728874,false
6,15,88.9,-1.4236852621682774,-0.12622310234282705,false
6,15,89.0,-1.416856944831562,-0.1318996489225384,false
6,15,89.1,-1.4100175009365348,-0.13747192897593158,false
6,15,89.2,-1.403166334067376,-0.14294060237777767,false
6,15,89.3,-1.3963028268556963,-0.14830631860176,false
6,15,89.4,-1.3894263399184932,-0.15356971659985802,false
6,15,89.5,-1.3825362107384973,-0.1587314246726198,false
6,15,89.6,-1.3756317524821609,-0.1637920603298404,false
6,15,89.7,-1.3687122527502786,-0.16875223014112212,false
6,15,89.8,-1.3617769722559219,-0.1736125295757491,false
6,15,89.9,-1.3548251434240215,-0.17837354283126286,false
6,15,90.0,-1.3478559689065457,-0.1830358426500755,false
6,16,90.0,-1.3057552547667581,-0.11222626186181558,true
6,16,90.1,-1.3080184128520924,-0.11696663885381135,false
6,16,90.2,-1.3097020090183222,-0.12169031545108489,false
6,16,90.3,-1.3108378143802364,-0.12639224792607726,false
6,16,90.4,-1.3114569278677477,-0.13106771786377294,false
6,16,90.5,-1.3115895536397113,-0.13571232255356064,false
6,16,90.6,-1.3112648278888737,-0.14032196364217173,false
6,16,90.7,-1.3105106893847804,-0.14489283448733847,false
6,16,90.8,-1.3093537880890804,-0.14942140659653863,false
6,16,90.9,-1.3078194263649978,-0.15390441548117267,false
6,16,91.0,-1.3059315276303043,-0.15833884620530006,false
6,16,91.1,-1.3037126277209885,-0.16272191886066675,false
6,16,91.2,-1.3011838847007113,-0.16705107415679699,false
6,16,91.3,-1.2983651033377772,-0.17132395927667354,false
6,16,91.4,-1.2952747709535108,-0.17553841411501767,false
6,16,91.5,-1.2919301018071743,-0.17969245798724587,false
6,16,91.6,-1.288347087612065,-0.1837842768725487,false
6,16,91.7,-1.2845405521688074,-0.18781221123384914,false
6,16,91.8,-1.2805242084520516,-0.1917747444402634,false
6,16,91.9,-1.2763107167953345,-0.19567049180369578,false
6,16,92.0,-1.2719117430869216,-0.19949819022995133,false
6,16,92.1,-1.2673380161194725,-0.2032566884758658,false
6,16,92.2,-1.2625993834314053,-0.20694493799707786,false
6,16,92.3,-1.2577048651413583,-0.21056198436588516,false
6,16,92.4,-1.2526627054126935,-0.2141069592348488,false
6,16,92.5,-1.247480421296055,-0.21757907281918765,false
6,16,92.6,-1.2421648487878754,-0.22097760686932003,false
6,16,92.7,-1.236722186014475,-0.22430190810397588,false
6,16,92.8,-1.2311580335077652,-0.22755138207396094,false
6,16,92.9,-1.2254774315819907,-0.23072548742677051,false
6,16,93.0,-1.2196848948536074,-0.23382373054271247,false
6,16,93.1,-1.2137844439700927,-0.23684566051391587,false
6,16,93.2,-1.207779634629889,-0.23979086443849384,false
6,16,93.3,-1.201673583986079,-0.242658963003139,false
6,16,93.4,-1.1954689945319579,-0.24544960632850257,false
6,16,93.5,-1.189168175568335,-0.24816247005280706,false
6,16,93.6,-1.1827730623509434,-0.2507972516302325,false
6,16,93.7,-1.1762852330123998,-0.2533536668216738,false
6,16,93.8,-1.1697059233472504,-0.25583144635647165,false
6,16,93.9,-1.1630360395411559,-0.25823033274465246,false
6,16,94.0,-1.156276168916545,-0.26055007722007023,false
6,16,94.1,-1.1494265887573087,-0.26279043679560204,false
6,16,94.2,-1.1424872732645086,-0.2649511714122154,false
6,16,94.3,-1.135457898683745,-0.26703204116428275,false
6,16,94.4,-1.1283378466328122,-0.2690328035839656,false
6,16,94.5,-1.121126205645621,-0.2709532109678221,false
6,16,94.6,-1.1138217709350293,-0.27279300772900084,false
6,16,94.7,-1.106423042363176,-0.2745519277584658,false
6,16,94.8,-1.0989282205930453,-0.2762296917786474,false
6,16,94.9,-1.0913352013791988,-0.2778260046727228,false
6,16,95.0,-1.083641567938734,-0.27934055277239045,false
6,16,95.1,-1.0758445813253916,-0.28077300108650766,false
6,16,95.2,-1.0679411687101072,-0.2821229904522913,false
6,16,95.3,-1.0599279094499263,-0.2833901345899367,false
6,16,95.4,-1.0518010188037876,-0.2845740170404588,false
6,16,95.5,-1.0435563291278598,-0.2856741879652957,false
6,16,95.6,-1.0351892683544839,-0.2866901607847098,false
6,16,95.7,-1.0266948355268772,-0.2876214086302493,false
6,16,95.8,-1.018067573126015,-0.288467360584465,false
6,16,95.9,-1.0093015358859125,-0.2892273976786784,false
6,16,96.0,-1.0003902557481392,-0.2899008486168212,false
6,17,96.0,-1.0256350726673422,-0.24122685982307643,true
6,17,96.1,-1.0216377535374637,-0.24242455891452275,false
6,17,96.2,-1.0174982672904418,-0.24357618206357573,false
6,17,96.3,-1.0132172105756911,-0.2446807669068263,false
6,17,96.4,-1.008794964915704,-0.24573736262691956,false
6,17,96.5,-1.0042316870891113,-0.2467450278521638,false
6,17,96.6,-0.9995272990548966,-0.24770282848137096,false
6,17,96.7,-0.9946814773026412,-0.24860983542974688,false
6,17,96.8,-0.9896936415079396,-0.24946512229059906,false
6,17,96.9,-0.984562942365253,-0.2502677629065301,false
6,17,97.0,-0.9792882484623305,-0.25101682884262394,false
6,17,97.1,-0.9738681320507132,-0.25171138675289884,false
6,17,97.2,-0.9683008535555653,-0.2523504956299806,false
6,17,97.3,-0.9625843446549104,-0.2529332039265285,false
6,17,97.4,-0.9567161897430361,-0.2534585465354036,false
6,17,97.5,-0.9506936055750727,-0.2539255416138867,false
6,17,97.6,-0.9445134188692145,-0.2543331872354095,false
6,17,97.7,-0.938172041619346,-0.25468045785022814,false
6,17,97.8,-0.931665443843509,-0.25496630053421504,false
6,17,97.9,-0.9249891234621846,-0.25518963100244096,false
6,17,98.0,-0.9181380729641494,-0.25534932936142263,false
6,17,98.1,-0.9111067424760088,-0.25544423557077833,false
6,17,98.2,-0.9038889988035721,-0.2554731445815163,false
6,17,98.3,-0.8964780799580683,-0.2554348011142137,false
6,17,98.4,-0.8888665446166769,-0.255327894035866,false
6,17,98.5,-0.8810462158936598,-0.25515105028911467,false
6,17,98.6,-0.8730081187139848,-0.25490282832180466,false
6,17,98.7,-0.8647424099839325,-0.2545817109582784,false
6,17,98.8,-0.8562383006406713,-0.2541860976463556,false
6,17,98.9,-0.847483968532685,-0.2537142960054346,false
6,17,99.0,-0.8384664609323654,-0.2531645125914173,false
6,17,99.1,-0.8291715853076227,-0.25253484278300825,false
6,17,99.2,-0.8195837867770657,-0.251823259681148,false
6,17,99.3,-0.8096860104384958,-0.25102760189864215,false
6,17,99.4,-0.7994595464877396,-0.25014556010013506,false
6,17,99.5,-0.7888838557278888,-0.2491746621330929,false
6,17,99.6,-0.7779363727005224,-0.24811225656798166,false
6,17,99.7,-0.7665922832420184,-0.24695549443986592,false
6,17,99.8,-0.7548242727699627,-0.2457013089536464,false
6,17,99.9,-0.742602241026014,-0.24434639288043933,false
6,17,100.0,-0.7298929783301563,-0.24288717333242063,false
8,1,0.0,-1.8633893588791945,0.9432517283983279,true
8,1,0.1,-1.89544272864903,0.9255172164439067,false
8,1,0.2,-1.919496813123561,0.9076567969126949,false
8,1,0.30000000000000004,-1.936988286851434,0.8897380169353477,false
8,1,0.4,-1.94918887726972,0.8718154825522532,false
8,1,0.5,-1.9571798455489053,0.853932609597479,false
8,1,0.6000000000000001,-1.9618542591546815,0.8361234570382327,false
8,1,0.7000000000000001,-1.9639344061985005,0.8184144483974491,false
8,1,0.8,-1.9639956125867923,0.8008258862964533,false
8,1,0.9,-1.9624911341049855,0.7833732296583147,false
8,1,1.0,-1.959775276510412,0.7660681400569517,false
8,1,1.1,-1.9561234974424415,0.7489193218006227,false
8,1,1.2,-1.9517491775511477,0.7319331868765473,false
8,1,1.3,-1.9468172356185773,0.715114376017503,false
8,1,1.4,-1.9414549772669583,0.6984661641787124,false
8,1,1.5,-1.9357606283382112,0.6819907745693758,false
8,1,1.6,-1.9298099871333114,0.6656896211093192,false
8,1,1.7000000000000002,-1.9236615783388782,0.6495634952763167,false
8,1,1.8,-1.9173606296725456,0.6336127099649408,false
8,1,1.9,-1.9109421321222306,0.6178372102225882,false
8,1,2.0,-1.9044331914150363,0.6022366585153094,false
8,1,2.1,-1.8978548336658434,0.5868105004283968,false
8,1,2.2,-1.891223391856262,0.5715580153424239,false
8,1,2.3,-1.8845515709314031,0.5564783555689014,false
8,1,2.4,-1.8778492666802362,0.5415705766159331,false
8,1,2.5,-1.8711241960097587,0.5268336606296959,false
8,1,2.6,-1.8643823826912347,0.5122665345793043,false
8,1,2.7,-1.857628532273865,0.49786808438685204,false
8,1,2.8,-1.8508663219184265,0.4836371659248318,false
8,1,2.9,-1.8440986248383624,0.4695726135893934,false
8,1,3.0,-1.8373276844089828,0.45567324699444006,false
8,1,3.1,-1.8305552494768953,0.44193787620643316,false
8,1,3.2,-1.8237826797102692,0.42836530584389904,false
8,1,3.3,-1.8170110277763003,0.414954338292069,false
8,1,3.4,-1.810241103563019,0.40170377622656495,false
8,1,3.5,-1.8034735244625497,0.3886124245965506,false
8,1,3.6,-1.7967087548140253,0.3756790921842476,false
8,1,3.7,-1.7899471368997706,0.36290259283183474,false
8,1,3.8,-1.7831889153472393,0.3502817464067319,false
8,1,3.9,-1.7764342563729847,0.33781537956076385,false
8,1,4.0,-1.7696832629842463,0.3255023263266606,false
8,1,4.1,-1.7629359870062413,0.31334142858599134,false
8,1,4.2,-1.75619243861189,0.30133153643533805,false
8,1,4.3,-1.749452593882505,0.2894715084718233,false
8,1,4.4,-1.7427164008129874,0.2777602120146579,false
8,1,4.5,-1.735983784085676,0.26619652327588755,false
8,1,4.6,-1.7292546488674143,0.25477932749078347,false
8,1,4.7,-1.7225288838300918,0.2435075190161707,false
8,1,4.8,-1.7158063635524734,0.232380001403294,false
8,1,4.9,-1.7090869504279202,0.2213956874504856,false
8,1,5.0,-1.7023704961765271,0.21055349923984198,false
8,1,5.1,-1.6956568430397276,0.19985236816128127,false
8,1,5.2,-1.688945824719288,0.1892912349266889,false
8,1,5.3,-1.682237267109895,0.17886904957633326,false
8,1,5.4,-1.6755309888644927,0.16858477147931336,false
8,1,5.5,-1.6688268018235548,0.15843736932946656,false
8,1,5.6,-1.6621245113331853,0.14842582113789876,false
8,1,5.7,-1.6554239164719027,0.13854911422308602,false
8,1,5.8,-1.6487248102019896,0.1288062451993271,false
8,1,5.9,-1.642026979458075,0.11919621996418982,false
8,1,6.0,-1.635330205183094,0.10971805368548607,false
8,1,6.1,-1.6286342623197043,0.10037077078822255,false
8,1,6.2,-1.6219389197636058,0.091153404941905,false
8,1,6.3,-1.6152439402838876,0.08206499904851831,false
8,1,6.4,-1.6085490804144478,0.07310460523146026,false
8,1,6.5,-1.6018540903196743,0.06427128482567199,false
8,1,6.6,-1.595158713636862,0.05556410836918041,false
8,1,6.7,-1.588462687297263,0.046982155596246473,false
8,1,6.8,-1.581765741327197,0.03852451543229623,false
8,1,6.9,-1.575067598630251,0.030190285990799707,false
8,1,7.0,-1.5683679747512678,0.02197857457225303,false
8,1,7.1,-1.5616665776225567,0.013888497665413117,false
8,1,7.2,-1.5549631072925116,0.005919180950930436,false
8,1,7.3,-1.5482572556366296,-0.0019302406924766782,false
8,1,7.4,-1.5415487060507438,-0.009660623179162617,false
8,1,7.5,-1.5348371331261264,-0.017272813204865435,false
8,1,7.6,-1.528122202305982,-0.024767648232040272,false
8,1,7.7,-1.521403569522711,-0.03214595647206411,false
8,1,7.8,-1.514680880815217,-0.039408556864155016,false
8,1,7.9,-1.5079537719254008,-0.04655625905084333,false
8,1,8.0,-1.5012218678728833,-0.053589863349825004,false
8,2,8.0,-1.5900690618540554,0.11831699613929995,true
8,2,8.1,-1.5898541262387798,0.10929112277858495,false
8,2,8.2,-1.5888208560679482,0.10033724630203643,false
8,2,8.3,-1.58707385387037,0.09146184962348415,false
8,2,8.4,-1.5847050091165185,0.08267046858828028,false
8,2,8.5,-1.5817947396264995,0.07396780975457906,false
8,2,8.6,-1.5784132111264237,0.06535785599651789,false
8,2,8.7,-1.5746214973891006,0.05684396040467333,false
8,2,8.8,-1.570472658551582,0.04842892922689367,false
8,2,8.9,-1.5660127261652688,0.04011509473939191,false
8,2,9.0,-1.5612815911908173,0.03190437899901524,false
8,2,9.1,-1.5563137962810796,0.023798349430146755,false
8,2,9.2,-1.5511392369511912,0.01579826716423458,false
8,2,9.3,-1.5457837781356323,0.007905128991467423,false
8,2,9.4,-1.540269793580311,0.0001197037132838006,false
8,2,9.5,-1.5346166358172924,-0.007557436391426642,false
8,2,9.6,-1.5288410443446663,-0.015125888349495662,false
8,2,9.7,-1.5229574992456005,-0.022585394961998958,false
8,2,9.8,-1.5169785269427163,-0.02993582446216079,false
8,2,9.9,-1.510914964174673,-0.03717715292892422,false
8,2,10.0,-1.5047761856534991,-0.044309449078561026,false
8,2,10.1,-1.4985703002471378,-0.05133286110666049,false
8,2,10.2,-1.4923043199521724,-0.058247605296953685,false
8,2,10.3,-1.485984305387808,-0.06505395615211554,false
8,2,10.4,-1.4796154910588784,-0.07175223783542507,false
8,2,10.5,-1.473202393203799,-0.07834281674146175,false
8,2,10.6,-1.4667489026613436,-0.08482609503937001,false
8,2,10.7,-1.4602583648547645,-0.09120250505410851,false
8,2,10.8,-1.4537336486991632,-0.09747250436994838,false
8,2,10.9,-1.447177205983926,-0.1036365715566939,false
8,2,11.0,-1.4405911225622152,-0.10969520243301921,false
8,2,11.1,-1.4339771624899111,-0.11564890679326054,false
8,2,11.2,-1.4273368060932163,-0.12149820553424703,false
8,2,11.3,-1.4206712828039678,-0.12724362812753495,false
8,2,11.4,-1.4139815994814369,-0.132885710389935,false
8,2,11.5,-1.4072685648363128,-0.13842499251167167,false
8,2,11.6,-1.4005328104842667,-0.14386201730703974,false
8,2,11.7,-1.3937748090808724,-0.14919732865715818,false
8,2,11.8,-1.386994889924907,-0.1544314701184824,false
8,2,11.9,-1.3801932523616034,-0.15956498367421384,false
8,2,12.0,-1.373369977269909,-0.16459840860873023,false
8,2,12.1,-1.366525036877078,-0.1695322804877173,false
8,2,12.2,-1.359658303108975,-0.17436713022887548,false
8,2,12.3,-1.3527695546544565,-0.17910348324995562,false
8,2,12.4,-1.3458584828963802,-0.18374185868248716,false
8,2,12.5,-1.3389246968395672,-0.1882827686409427,false
8,2,12.6,-1.3319677271468466,-0.1927267175382615,false
8,2,12.7,-1.3249870293777288,-0.19707420143966226,false
8,2,12.8,-1.3179819865098519,-0.20132570744753323,false
8,2,12.9,-1.3109519108108327,-0.2054817131109173,false
8,2,13.0,-1.3038960451172108,-0.2095426858537247,false
8,2,13.1,-1.296813563567578,-0.21350908241632452,false
8,2,13.2,-1.289703571828518,-0.21738134830559733,false
8,2,13.3,-1.2825651068444577,-0.2211599172488858,false
8,2,13.4,-1.2753971361357994,-0.22484521064756752,false
8,2,13.5,-1.2681985566636276,-0.22843763702620046,false
8,2,13.6,-1.2609681932737313,-0.2319375914733637,false
8,2,13.7,-1.2537047967275694,-0.23534545507043633,false
8,2,13.8,-1.2464070413230115,-0.23866159430463385,false
8,2,13.9,-1.2390735221031532,-0.24188636046265263,false
8,2,14.0,-1.2317027516471257,-0.24502008900126432,false
8,2,14.1,-1.2242931564325492,-0.24806309889115347,false
8,2,14.2,-1.2168430727550346,-0.2510156919302043,false
8,2,14.3,-1.209350742185853,-0.25387815202231717,false
8,2,14.4,-1.2018143065445164,-0.25665074441767133,false
8,2,14.5,-1.1942318023584642,-0.2593337149101452,false
8,2,14.6,-1.186601154777277,-0.2619272889873625,false
8,2,14.7,-1.178920170903773,-0.26443167092854214,false
8,2,14.8,-1.1711865324988966,-0.2668470428449965,false
8,2,14.9,-1.1633977880114326,-0.2691735636577385,false
8,2,15.0,-1.1555513438771665,-0.27141136800622123,false
8,2,15.1,-1.1476444550250788,-0.27356056508173776,false
8,2,15.2,-1.1396742145204137,-0.2756212373784489,false
8,2,15.3,-1.1316375422658747,-0.27759343935437786,false
8,2,15.4,-1.1235311726726498,-0.279477195994,false
8,2,15.5,-1.115351641202318,-0.2812725012632622,false
8,2,15.6,-1.1070952696687535,-0.2829793164469708,false
8,2,15.7,-1.0987581501757624,-0.2845975683574855,false
8,2,15.8,-1.090336127551114,-0.286127147402531,false
8,2,15.9,-1.0818247801206498,-0.2875679054986725,false
8,2,16.0,-1.0732193986469438,-0.288919653815583,false
8,3,16.0,-1.0106424918719998,-0.2400089056645974,true
8,3,16.1,-1.0066675337108242,-0.2410782116179857,false
8,3,16.2,-1.0025522779285128,-0.2421025969900146,false
8,3,16.3,-0.9982969162033122,-0.24308110621735263,false
8,3,16.4,-0.9939014318927192,-0.24401279155284505,false
8,3,16.5,-0.9893655893023079,-0.2448967110498235,false
8,3,16.6,-0.9846889223969947,-0.24573192646035957,false
8,3,16.7,-0.9798707228393949,-0.24651750104245831,false
8,3,16.8,-0.9749100272324804,-0.24725249727013382,false
8,3,16.9,-0.9698056034351096,-0.24793597443919016,false
8,3,17.0,-0.9645559358089916,-0.24856698616033265,false
8,3,17.1,-0.9591592092440646,-0.24914457772994883,false
8,3,17.2,-0.9536132917958831,-0.24966778336750584,false
8,3,17.3,-0.9479157157531701,-0.2501356233069982,false
8,3,17.4,-0.9420636569359035,-0.25054710072822495,false
8,3,17.5,-0.9360539120038279,-0.2509011985118587,false
8,3,17.6,-0.9298828735317487,-0.251196875800262,false
8,3,17.7,-0.9235465025809086,-0.2514330643437865,false
8,3,17.8,-0.9170402984646667,-0.25160866460981596,false
8,3,17.9,-0.9103592653709979,-0.251722541629057,false
8,3,18.0,-0.9034978754633125,-0.25177352055048874,false
8,3,18.1,-0.8964500280339527,-0.2517603818729135,false
8,3,18.2,-0.8892090042305152,-0.2516818563171401,false
8,3,18.3,-0.8817674168127827,-0.2515366192984174,false
8,3,18.4,-0.874117154326229,-0.2513232849537405,false
8,3,18.5,-0.8662493189952956,-0.25104039967298425,false
8,3,18.6,-0.8581541575441657,-0.2506864350763801,false
8,3,18.7,-0.8498209840425226,-0.25025978037351676,false
8,3,18.8,-0.841238093746351,-0.24975873403067725,false
8,3,18.9,-0.8323926667564221,-0.24918149466376185,false
8,3,19.0,-0.8232706601463519,-0.24852615106309592,false
8,3,19.1,-0.8138566870141886,-0.24779067124386633,false
8,3,19.2,-0.8041338806818372,-0.24697289040151033,false
8,3,19.3,-0.7940837419999712,-0.24607049763479577,false
8,3,19.4,-0.7836859674062917,-0.245081021280232,false
8,3,19.5,-0.7729182550249344,-0.24400181267942522,false
8,3,19.6,-0.7617560856762936,-0.24283002817556884,false
8,3,19.7,-0.7501724751801357,-0.2415626091058785,false
8,3,19.8,-0.7381376937699596,-0.24019625952281023,false
8,3,19.9,-0.7256189477812358,-0.23872742133759084,false
8,3,20.0,-0.7125800180173754,-0.23715224653410014,false
8,3,20.1,-0.6989808483211777,-0.23546656604850408,false
8,3,20.2,-0.6847770768719956,-0.23366585484916141,false
8,3,20.3,-0.6699195015767514,-0.23174519268100688,false
8,3,20.4,-0.6543534696158285,-0.22969921985754457,false
8,3,20.5,-0.6380181797382112,-0.22752208739039695,false
8,3,20.6,-0.6208458842802511,-0.2252074006396925,false
8,3,20.7,-0.6027609761337583,-0.22274815554722663,false
8,3,20.8,-0.5836789440666628,-0.22013666637744728,false
8,3,20.9,-0.5635051780066203,-0.21736448373876402,false
8,3,21.0,-0.542133604313922,-0.21442230149059668,false
8,3,21.1,-0.5194451299915201,-0.21129985096323567,false
8,3,21.2,-0.49530587468276877,-0.20798578073471677,false
8,3,21.3,-0.46956517093838246,-0.20446752003371993,false
8,3,21.4,-0.4420533177454583,-0.20073112369068274,false
8,3,21.5,-0.4125790814560717,-0.19676109647456186,false
8,3,21.6,-0.38092695466233545,-0.19254019468326625,false
8,3,21.7,-0.34685421113553827,-0.18804920308420642,false
8,3,21.8,-0.31008783936025186,-0.18326668585298267,false
8,3,21.9,-0.27032150657462795,-0.1781687112201193,false
8,3,22.0,-0.22721281089787887,-0.17272855138227447,false
8,3,22.1,-0.18038123629191885,-0.16691636225902387,false
8,3,22.2,-0.1294074530580835,-0.160698852428088,false
8,3,22.3,-0.07383492749256776,-0.1540389577875724,false
8,3,22.4,-0.013175238905792669,-0.14689554910651817,false
8,3,22.5,0.053080941099761914,-0.13922321470628798,false
8,3,22.6,0.12544459936261712,-0.13097218107103684,false
8,3,22.7,0.20439760574432175,-0.12208846067330087,false
8,3,22.8,0.290346749921805,-0.11251434767726257,false
8,3,22.9,0.3835592241074351,-0.10218941428241363,false
8,3,23.0,0.4840779220452367,-0.09105218368930854,false
8,3,23.1,0.5916190721722402,-0.0790426525096572,false
8,3,23.2,0.7054621265952999,-0.06610577977829901,false
8,3,23.3,0.8243523443015344,-0.052195921523120206,false
8,3,23.4,0.9464476560290591,-0.03728195023366829,false
8,3,23.5,1.0693472961533184,-0.021352476828067023,false
8,3,23.6,1.1902320892448817,-0.004420274905908975,false
8,3,23.7,1.3061195492235356,0.013475152421495766,false
8,3,23.8,1.4141956578694135,0.03226776042484326,false
8,3,23.9,1.5121475393210402,0.05186826166237864,false
8,3,24.0,1.5984105702255011,0.07217011822901426,false
8,4,24.0,1.9617290694410625,0.25246077763057184,true
8,4,24.1,1.955760630314864,0.2749807136042186,false
8,4,24.2,1.9490972174476202,0.2972774783954226,false
8,4,24.3,1.9418949848164673,0.31934708667456724,false
8,4,24.4,1.9342733856977825,0.3411868377969137,false
8,4,24.5,1.926323796752017,0.36279501126494085,false
8,4,24.6,1.9181161432917126,0.38417063393220796,false
8,4,24.7,1.9097039661750868,0.40531330218888206,false
8,4,24.8,1.9011282862339383,0.42622304613606876,false
8,4,24.9,1.8924205472774085,0.44690022576116967,false
8,4,25.0,1.8836048562140426,0.4673454514794012,false
8,4,25.1,1.874699688487148,0.4875595232259529,false
8,4,25.2,1.8657191873769108,0.5075433836782155,false
8,4,25.3,1.8566741549803678,0.5272980822511049,false
8,4,25.4,1.8475728090811834,0.5468247473165584,false
8,4,25.5,1.838421362128862,0.566124564710895,false
8,4,25.6,1.8292244648907385,0.5851987610576931,false
8,4,25.7,1.819985547003738,0.6040485907851502,false
8,4,25.8,1.8107070788415505,0.62267532598299,false
8,4,25.9,1.801390773213411,0.6410802484457193,false
8,4,26.0,1.7920377409549357,0.6592646434021475,false
8,4,26.1,1.7826486111041548,0.6772297945474646,false
8,4,26.2,1.7732236238086159,0.6949769800827679,false
8,4,26.3,1.7637627021800086,0.7125074695345018,false
8,4,26.4,1.7542655078490563,0.729822521177898,false
8,4,26.5,1.7447314838610806,0.7469233799280226,false
8,4,26.6,1.7351598877057237,0.7638112755923444,false
8,4,26.7,1.7255498166281376,0.780487421402024,false
8,4,26.8,1.7159002268748667,0.7969530127570439,false
8,4,26.9,1.7062099481489872,0.8132092261341184,false
8,4,27.0,1.6964776942581186,0.8292572181169825,false
8,4,27.1,1.6867020707147935,0.8450981245169018,false
8,4,27.2,1.676881579875504,0.8607330595576118,false
8,4,27.3,1.6670146240704888,0.8761631151038182,false
8,4,27.4,1.6570995070719052,0.8913893599161862,false
8,4,27.5,1.6471344341663952,0.9064128389186707,false
8,4,27.6,1.63711751103396,0.9212345724662729,false
8,4,27.7,1.6270467415843737,0.9358555556030074,false
8,4,27.8,1.6169200248619942,0.9502767573011329,false
8,4,27.9,1.6067351510973298,0.9644991196736264,false
8,4,28.0,1.5964897969572442,0.9785235571525313,false
8,4,28.1,1.5861815200237661,0.992350955626238,false
8,4,28.2,1.575807752512972,1.0059821715289938,false
8,4,28.3,1.5653657942294263,1.0194180308760152,false
8,4,28.4,1.554852804737505,1.032659328237521,false
8,4,28.5,1.5442657947179488,1.0457068256448194,false
8,4,28.6,1.5336016164657973,1.0585612514212877,false
8,4,28.7,1.52285695347395,1.071223298930676,false
8,4,28.8,1.5120283090346995,1.083693625234662,false
8,4,28.9,1.5011119937793238,1.0959728496509606,false
8,4,29.0,1.4901041120629346,1.1080615522025696,false
8,4,29.1,1.4790005470879515,1.119960271947886,false
8,4,29.2,1.4677969446445278,1.1316695051804597,false
8,4,29.3,1.4564886953296765,1.1431897034860392,false
8,4,29.4,1.4450709150884167,1.1545212716433102,false
8,4,29.5,1.4335384238996154,1.1656645653532935,false
8,4,29.6,1.4218857224059398,1.1766198887807524,false
8,4,29.7,1.4101069662609966,1.1873874918891216,false
8,4,29.8,1.3981959379368172,1.1979675675483947,false
8,4,29.9,1.3861460157007104,1.208360248393048,false
8,4,30.0,1.373950139431489,1.2185656034044046,false
8,4,30.1,1.361600772900331,1.2285836341888052,false
8,4,30.2,1.3490898620901217,1.2384142709194992,false
8,4,30.3,1.336408789067895,1.248057367906227,false
8,4,30.4,1.3235483208566379,1.2575126987519816,false
8,4,30.5,1.3104985526736443,1.2667799510512978,false
8,4,30.6,1.2972488448109623,1.2758587205785465,false
8,4,30.7,1.2837877523270322,1.2847485049079694,false
8,4,30.8,1.2701029465947498,1.2934486963994483,false
8,4,30.9,1.2561811276067387,1.3019585744750883,false
8,4,31.0,1.242007925769866,1.3102772971014172,false
8,4,31.1,1.227567791723448,1.3184038913801166,false
8,4,31.2,1.212843872483846,1.3263372431364508,false
8,4,31.3,1.1978178719457608,1.3340760853785936,false
8,4,31.4,1.1824698934497915,1.3416189854824967,false
8,4,31.5,1.1667782617474187,1.3489643309353305,false
8,4,31.6,1.1507193212473477,1.3561103134452892,false
8,4,31.7,1.1342672068976705,1.3630549111960408,false
8,4,31.8,1.117393583430448,1.3697958689895142,false
8,4,31.9,1.1000673479497132,1.3763306759800986,false
8,4,32.0,1.0822542899573597,1.3826565406555538,false
8,5,32.0,1.194493791554082,1.2388101102042406,true
8,5,32.1,1.1885997634004637,1.2470647578084038,false
8,5,32.2,1.1820547953769154,1.2552018451012137,false
8,5,32.3,1.1748786986019686,1.263216360423647,false
8,5,32.4,1.1670885951026688,1.2711034981714326,false
8,5,32.5,1.1586988579234736,1.2788586323512348,false
8,5,32.6,1.1497210600464,1.2864772898270354,false
8,5,32.7,1.140163926069547,1.293955123311572,false
8,5,32.8,1.130033281082032,1.3012878841041233,false
8,5,32.9,1.1193319915663142,1.3084713945268218,false
8,5,33.0,1.1080598934388135,1.315501519966029,false
8,5,33.1,1.0962137024955039,1.3223741403819802,false
8,5,33.2,1.0837869025516427,1.3290851211077437,false
8,5,33.3,1.070769606445197,1.3356302827162212,false
8,5,33.4,1.0571483848021475,1.3420053696901475,false
8,5,33.5,1.042906057026771,1.3482060175833548,false
8,5,33.6,1.0280214383660937,1.3542277183104259,false
8,5,33.7,1.012469036085632,1.360065783144581,false
8,5,33.8,0.9962186867589145,1.3657153029383267,false
8,5,33.9,0.979235125385881,1.3711711050059514,false
8,5,34.0,0.9614774754784547,1.376427706018959,false
8,5,34.1,0.9428986473420166,1.3814792601622359,false
8,5,34.2,0.9234446294894303,1.3863195016769976,false
8,5,34.3,0.9030536553947489,1.3909416807727215,false
8,5,34.4,0.8816552245698532,1.3953384917202545,false
8,5,34.5,0.8591689531761514,1.3995019917374742,false
8,5,34.6,0.8355032250274452,1.4034235090423242,false
8,5,34.7,0.8105536088961572,1.4070935381705698,false
8,5,34.8,0.7842010025679971,1.4105016203323832,false
8,5,34.9,0.7563094582869516,1.4136362062091266,false
8,5,35.0,0.7267236384925151,1.4164844981683877,false
8,5,35.1,0.6952658458310244,1.4190322684054886,false
8,5,35.2,0.6617325686695099,1.4212636490168133,false
8,5,35.3,0.625890485059307,1.4231608895041554,false
8,5,35.4,0.5874718781310351,1.4247040767570396,false
8,5,35.5,0.5461694405279872,1.4258708122639774,false
8,5,35.6,0.5016304947662944,1.4266358413390738,false
8,5,35.7,0.4534507462029769,1.4269706298082874,false
8,5,35.8,0.40116784006927886,1.4268428853511226,false
8,5,35.9,0.3442552505790872,1.4262160242840913,false
8,5,36.0,0.2821174417526496,1.4250485911517534,false
8,5,36.1,0.21408787921408,1.4232936497783617,false
8,5,36.2,0.1394324300776515,1.420898182887736,false
8,5,36.3,0.0573620542996614,1.4178025663124605,false
8,5,36.4,-0.032939496638785565,1.4139402270998014,false
8,5,36.5,-0.132265134848851,1.4092376560463287,false
8,5,36.6,-0.241301317878782,1.403615025006621,false
8,5,36.7,-0.36050230977209474,1.396987750092541,false
8,5,36.8,-0.48991556740339637,1.3892694185213872,false
8,5,36.9,-0.6289637016069868,1.3803765050821653,false
8,5,37.0,-0.7762117263091151,1.370235153967371,false
8,5,37.1,-0.9291823872410422,1.3587898858645868,false
8,5,37.2,-1.0843151053838893,1.346013355865239,false
8,5,37.3,-1.2371678434082223,1.3319153656900344,false
8,5,37.4,-1.3829043723121388,1.3165486432505682,false
8,5,37.5,-1.5169899823040816,1.3000090448855555,false
8,5,37.6,-1.6358946029195787,1.2824291596452022,false
8,5,37.7,-1.7375665669697502,1.2639664066410996,false
8,5,37.8,-1.8215360804700287,1.244788530177925,false
8,5,37.9,-1.8886735700603905,1.225059915982066,false
8,5,38.0,-1.940752478567858,1.2049312575280087,false
8,5,38.1,-1.979988132013205,1.1845335318366272,false
8,5,38.2,-2.0086679134319723,1.1639758853928934,false
8,5,38.3,-2.028912935579301,1.1433463281068421,false
8,5,38.4,-2.0425587394894524,1.1227140388344965,false
8,5,38.5,-2.0511207850406525,1.1021323300573196,false
8,5,38.6,-2.0558099509884,1.0816416537756142,false
8,5,38.7,-2.05757175599902,1.06127231822595,false
8,5,38.8,-2.0571327117698193,1.041046783063764,false
8,5,38.9,-2.0550448504882635,1.020981516621415,false
8,5,39.0,-2.05172445780721,1.001088456293589,false
8,5,39.1,-2.047483895901688,0.9813761347330964,false
8,5,39.2,-2.042556830898731,0.961850536906763,false
8,5,39.3,-2.037117769499728,0.94251574652836,false
8,5,39.4,-2.0312969544748274,0.9233744307659758,false
8,5,39.5,-2.0251916037662125,0.9044282023397756,false
8,5,39.6,-2.018874332528887,0.8856778894501558,false
8,5,39.7,-2.012399436484218,0.8671237368009181,false
8,5,39.8,-2.0058075673850873,0.8487655552864147,false
8,5,39.9,-1.9991292073713511,0.8306028335057005,false
8,5,40.0,-1.9923872497191495,0.8126348209153275,false
8,6,40.0,-1.9877320457334957,0.8430275535219565,true
8,6,40.1,-1.9846670632172403,0.825055293538163,false
8,6,40.2,-1.980711189924907,0.807247188296844,false
8,6,40.3,-1.9760739723993281,0.7896091959937642,false
8,6,40.4,-1.9709158116126881,0.7721455457284397,false
8,6,40.5,-1.9653593765228197,0.7548591461240176,false
8,6,40.6,-1.9594984627740561,0.737751898476684,false
8,6,40.7,-1.9534048148872354,0.7208249361207395,false
8,6,40.8,-1.947133352559835,0.7040788071329077,false
8,6,40.9,-1.9407261608005737,0.6875136137091175,false
8,6,41.0,-1.9342155300825608,0.6711291184970908,false
8,6,41.1,-1.9276262703120353,0.6549248257647013,false
8,6,41.2,-1.920977471596653,0.6389000434166242,false
8,6,41.3,-1.9142838444674506,0.6230539304345808,false
8,6,41.4,-1.9075567407422307,0.607385533217505,false
8,6,41.5,-1.9008049319493412,0.5918938134612135,false
8,6,41.6,-1.8940352036596089,0.5765776695818009,false
8,6,41.7,-1.8872528099377248,0.5614359532052902,false
8,6,41.8,-1.880461821400658,0.5464674818811326,false
8,6,41.9,-1.8736653922529969,0.5316710489006848,false
8,6,42.0,-1.866865965531111,0.5170454308922618,false
8,6,42.1,-1.860065431148787,0.5025893937054321,false
8,6,42.2,-1.853265247829972,0.4883016969765453,false
8,6,42.3,-1.8464665373616513,0.47418109767573013,false
8,6,42.4,-1.8396701575917462,0.4602263528657398,false
8,6,42.5,-1.83287675907491,0.4464362218497468,false
8,6,42.6,-1.8260868291140524,0.432809467844491,false
8,6,42.7,-1.8193007260675527,0.419344859284044,false
8,6,42.8,-1.8125187061238681,0.4060411708355785,false
8,6,42.9,-1.805740944235719,0.3928971841901959,false
8,6,43.0,-1.7989675505168528,0.3799116886777594,false
8,6,43.1,-1.7921985831066112,0.3670834817438019,false
8,6,43.2,-1.7854340582792743,0.3544113693181811,false
8,6,43.3,-1.7786739583998594,0.34189416609865136,false
8,6,43.4,-1.7719182381932124,0.3295306957674844,false
8,6,43.5,-1.7651668296892682,0.31731979115535647,false
8,6,43.6,-1.7584196461270938,0.30526029436367175,false
8,6,43.7,-1.7516765850382237,0.2933510568541177,false
8,6,43.8,-1.7449375306816612,0.28159093951239283,false
8,6,43.9,-1.738202355965526,0.26997881269159313,false
8,6,44.0,-1.7314709239612516,0.25851355623960803,false
8,6,44.1,-1.7247430890935564,0.24719405951397955,false
8,6,44.2,-1.7180186980717067,0.23601922138697637,false
8,6,44.3,-1.711297590613731,0.22498795024307972,false
8,6,44.4,-1.7045796000043851,0.2140991639706398,false
8,6,44.5,-1.6978645535191346,0.20335178994911562,false
8,6,44.6,-1.6911522727397068,0.19274476503303703,false
8,6,44.7,-1.6844425737814699,0.18227703553361008,false
8,6,44.8,-1.6777352674487165,0.1719475571987151,false
8,6,44.9,-1.6710301593306096,0.16175529519190876,false
8,6,45.0,-1.6643270498479361,0.15169922407093345,false
8,6,45.1,-1.6576257342587049,0.1417783277661498,false
8,6,45.2,-1.6509260026289807,0.13199159955924017,false
8,6,45.3,-1.6442276397739992,0.12233804206247514,false
8,6,45.4,-1.6375304251735519,0.11281666719879281,false
8,6,45.5,-1.6308341328647682,0.10342649618290539,false
8,6,45.6,-1.6241385313147334,0.0941665595036214,false
8,6,45.7,-1.617443383274817,0.08503589690755033,false
8,6,45.8,-1.610748445618137,0.07603355738434021,false
8,6,45.9,-1.6040534691612074,0.06715859915358667,false
8,6,46.0,-1.5973581984705114,0.058410089653542406,false
8,6,46.1,-1.5906623716544854,0.049787105531749615,false
8,6,46.2,-1.5839657201411903,0.041288732637713724,false
8,6,46.3,-1.5772679684417596,0.03291406601773404,false
8,6,46.4,-1.5705688338995627,0.02466220991200596,false
8,6,46.5,-1.5638680264248823,0.01653227775410996,false
8,6,46.6,-1.5571652482147917,0.008523392173004078,false
8,6,46.7,-1.5504601934577982,0.0006346849976388048,false
8,6,46.8,-1.5437525480227328,-0.0071347027356825545,false
8,6,46.9,-1.537041989131263,-0.014785620773071263,false
8,6,47.0,-1.5303281850133228,-0.02231890962981579,false
8,6,47.1,-1.5236107945446624,-0.029735400574001862,false
8,6,47.2,-1.5168894668656387,-0.03703591560684482,false
8,6,47.3,-1.510163840980282,-0.044221267439582324,false
8,6,47.4,-1.5034335453345822,-0.051292259466766826,false
8,6,47.5,-1.4966981973728517,-0.058249685735788787,false
8,6,47.6,-1.4899574030709313,-0.0650943309124515,false
8,6,47.7,-1.4832107564448973,-0.0718269702424083,false
8,6,47.8,-1.4764578390338383,-0.07844836950826155,false
8,6,47.9,-1.4696982193551484,-0.08495928498211004,false
8,6,48.0,-1.4629314523306767,-0.09136046337331936,false
8,7,48.0,-1.4825948353563436,0.003065157449063133,true
8,7,48.1,-1.4830078988021957,-0.00413323721036587,false
8,7,48.2,-1.4826992001517967,-0.011279262467175971,false
8,7,48.3,-1.4817412759477468,-0.018367024455772013,false
8,7,48.4,-1.4802001260018502,-0.025391307208362465,false
8,7,48.5,-1.4781355328226804,-0.03234750917383764,false
8,7,48.6,-1.4756014420928818,-0.03923158343364753,false
8,7,48.7,-1.4726463771524034,-0.046039982017678414,false
8,7,48.8,-1.4693138669504784,-0.05276960450298024,false
8,7,48.9,-1.4656428723457333,-0.059417750914279005,false
8,7,49.0,-1.4616682000258945,-0.06598207882736926,false
8,7,49.1,-1.457420896796584,-0.07246056449547629,false
8,7,49.2,-1.4529286196816,-0.07885146776644378,false
8,7,49.3,-1.4482159793152598,-0.08515330052833345,false
8,7,49.4,-1.4433048556127646,-0.09136479840712491,false
8,7,49.5,-1.4382146857853817,-0.09748489543818199,false
8,7,49.6,-1.432962725516232,-0.1035127014394634,false
8,7,49.7,-1.4275642846067775,-0.10944748182636532,false
8,7,49.8,-1.422032938706543,-0.11528863962351299,false
8,7,49.9,-1.4163807188993311,-0.12103569944622253,false
8,7,50.0,-1.4106182809775736,-0.12668829324260883,false
8,7,50.1,-1.4047550562229634,-0.1322461476056201,false
8,7,50.2,-1.3987993854493312,-0.13770907248208838,false
8,7,50.3,-1.3927586379702313,-0.14307695112283852,false
8,7,50.4,-1.3866393170417466,-0.148349731133776,false
8,7,50.5,-1.3804471532099043,-0.1535274165025626,false
8,7,50.6,-1.374187186868371,-0.15861006048894244,false
8,7,50.7,-1.3678638412103317,-0.1635977592790083,false
8,7,50.8,-1.3614809866416204,-0.16849064631474056,false
8,7,50.9,-1.3550419976121368,-0.17328888722007146,false
8,7,51.0,-1.3485498027203815,-0.17799267525360238,false
8,7,51.1,-1.3420069288520555,-0.18260222722601224,false
8,7,51.2,-1.3354155400281054,-0.18711777982722577,false
8,7,51.3,-1.3287774715601708,-0.19153958631464238,false
8,7,51.4,-1.32209426004167,-0.19586791351923907,false
8,7,51.5,-1.3153671696402567,-0.20010303913122696,false
8,7,51.6,-1.3085972151015104,-0.20424524923123022,false
8,7,51.7,-1.3017851818239314,-0.20829483603672946,false
8,7,51.8,-1.2949316433209799,-0.21225209583682678,false
8,7,51.9,-1.2880369763465087,-0.2161173270912968,false
8,7,52.0,-1.2811013739249384,-0.21989082867243412,false
8,7,52.1,-1.2741248564964223,-0.22357289823043122,false
8,7,52.2,-1.2671072813596067,-0.22716383066496082,false
8,7,52.3,-1.2600483505699813,-0.23066391668732147,false
8,7,52.4,-1.2529476174298644,-0.23407344145896639,false
8,7,52.5,-1.2458044916864315,-0.2373926832934942,false
8,7,52.6,-1.2386182435365816,-0.24062191241026,false
8,7,52.7,-1.231388006521535,-0.24376138972868341,false
8,7,52.8,-1.224112779379649,-0.2468113656931027,false
8,7,52.9,-1.216791426912779,-0.24977207911866564,false
8,7,53.0,-1.2094226799093943,-0.25264375604926786,false
8,7,53.1,-1.2020051341563975,-0.2554266086189589,false
8,7,53.2,-1.194537248561022,-0.2581208339085439,false
8,7,53.3,-1.1870173423941144,-0.2607266127893181,false
8,7,53.4,-1.17944359165642,-0.26324410874598925,false
8,7,53.5,-1.1718140245600084,-0.2656734666708738,false
8,7,53.6,-1.1641265161075833,-0.2680148116213937,false
8,7,53.7,-1.156378781742962,-0.270268247532759,false
8,7,53.8,-1.148568370036349,-0.2724338558774926,false
8,7,53.9,-1.1406926543580282,-0.2745116942631322,false
8,7,54.0,-1.1327488234836038,-0.27650179495904065,false
8,7,54.1,-1.124733871062772,-0.278404163342745,false
8,7,54.2,-1.1166445838716488,-0.28021877625562164,false
8,7,54.3,-1.108477528755715,-0.2819455802570248,false
8,7,54.4,-1.1002290381562687,-0.28358448976512113,false
8,7,54.5,-1.091895194097687,-0.2851353850717269,false
8,7,54.6,-1.0834718104955168,-0.28659811021733494,false
8,7,54.7,-1.0749544136261744,-0.28797247071124893,false
8,7,54.8,-1.0663382205775023,-0.2892582310802991,false
8,7,54.9,-1.0576181154752262,-0.29045511222796594,false
8,7,55.0,-1.0487886232530745,-0.2915627885838738,false
8,7,55.1,-1.0398438807034487,-0.29258088502149215,false
8,7,55.2,-1.030777604510506,-0.2935089735194792,false
8,7,55.3,-1.021583055927685,-0.29434656953936816,false
8,7,55.4,-1.0122530017162803,-0.2950931280891972,false
8,7,55.5,-1.0027796709097785,-0.29574803943915806,false
8,7,55.6,-0.9931547069092546,-0.296310624451332,false
8,7,55.7,-0.9833691143469655,-0.2967801294810193,false
8,7,55.8,-0.9734132000769519,-0.2971557208019695,false
8,7,55.9,-0.9632765075612787,-0.29743647850188876,false
8,7,56.0,-0.9529477438165594,-0.29762138978782293,false
8,8,56.0,-0.9270933712653001,-0.21766969647017087,true
8,8,56.1,-0.9240724990990989,-0.2181413448537987,false
8,8,56.2,-0.9209347466699661,-0.21858130916764293,false
8,8,56.3,-0.9176789394729289,-0.21898874510241156,false
8,8,56.4,-0.9143037765626372,-0.21936280320233412,false
8,8,56.5,-0.910807819521271,-0.2197026276937618,false
8,8,56.6,-0.9071894807809688,-0.22000735521832854,false
8,8,56.7,-0.9034470112241956,-0.22027611346511042,false
8,8,56.8,-0.8995784869770881,-0.22050801969552306,false
8,8,56.9,-0.8955817953014976,-0.2207021791539204,false
8,8,57.0,-0.8914546194810578,-0.22085768335600012,false
8,8,57.1,-0.8871944225849888,-0.22097360824616594,false
8,8,57.2,-0.8827984299803244,-0.22104901221393852,false
8,8,57.3,-0.8782636104486115,-0.2210829339583273,false
8,8,57.4,-0.8735866557466485,-0.22107439018776354,false
8,8,57.5,-0.8687639584322315,-0.22102237314173204,false
8,8,57.6,-0.8637915877548432,-0.22092584791860423,false
8,8,57.7,-0.8586652633874055,-0.22078374959234906,false
8,8,57.8,-0.8533803267481914,-0.2205949800987509,false
8,8,57.9,-0.8479317096312853,-0.2203584048694683,false
8,8,58.0,-0.8423138998290258,-0.22007284918968834,false
8,8,58.1,-0.8365209033900303,-0.2197370942522277,false
8,8,58.2,-0.8305462031109118,-0.21934987287766114,false
8,8,58.3,-0.8243827128078078,-0.21890986486636244,false
8,8,58.4,-0.8180227268543082,-0.21841569194416716,false
8,8,58.5,-0.8114578644041252,-0.21786591225863428,false
8,8,58.6,-0.8046790076385008,-0.2172590143775168,false
8,8,58.7,-0.7976762332882882,-0.21659341073495297,false
8,8,58.8,-0.7904387365769846,-0.21586743046394954,false
8,8,58.9,-0.7829547466115404,-0.21507931154581797,false
8,8,59.0,-0.7752114321099497,-0.21422719219819625,false
8,8,59.1,-0.7671947961954478,-0.2133091014129659,false
8,8,59.2,-0.7588895588031072,-0.21232294854355868,false
8,8,59.3,-0.7502790250316674,-0.2112665118276002,false
8,8,59.4,-0.7413449375268336,-0.21013742571528982,false
8,8,59.5,-0.7320673106965597,-0.20893316685604446,false
8,8,59.6,-0.7224242442276951,-0.20765103857537304,false
8,8,59.7,-0.7123917129895762,-0.20628815365026562,false
8,8,59.8,-0.7019433299654751,-0.20484141516408322,false
8,8,59.9,-0.6910500783380257,-0.2033074951904441,false
8,8,60.0,-0.6796800082595829,-0.2016828110192661,false
8,8,60.1,-0.6677978931518573,-0.19996349859618615,false
8,8,60.2,-0.6553648395894653,-0.19814538279819158,false
8,8,60.3,-0.6423378439177199,-0.1962239441125084,false
8,8,60.4,-0.6286692877256824,-0.19419428122155696,false
8,8,60.5,-0.614306363133729,-0.1920510689229828,false
8,8,60.6,-0.5991904175589533,-0.18978851072924166,false
8,8,60.7,-0.5832562062001334,-0.18740028539484344,false
8,8,60.8,-0.5664310389622904,-0.18487948651017103,false
8,8,60.9,-0.5486338069722603,-0.18221855417818725,false
8,8,61.0,-0.5297738723178912,-0.1794091976543911,false
8,8,61.1,-0.5097498033386866,-0.1764423076823329,false
8,8,61.2,-0.48844793697237776,-0.17330785710002533,false
8,8,61.3,-0.465740749743632,-0.1699947881329718,false
8,8,61.4,-0.44148502062545725,-0.1664908846383934,false
8,8,61.5,-0.4155197732155073,-0.1627826274411198,false
8,8,61.6,-0.38766399296281784,-0.15885503083433852,false
8,8,61.7,-0.35771412980936856,-0.15469145835463508,false
8,8,61.8,-0.32544142088552735,-0.15027341615205614,false
8,8,61.9,-0.2905891066076051,-0.14558032277007782,false
8,8,62.0,-0.25286967346765205,-0.14058925508702994,false
8,8,62.1,-0.21196234739190817,-0.1352746717820553,false
8,8,62.2,-0.16751119534762038,-0.129608118306139,false
8,8,62.3,-0.1191243857995141,-0.12355792142143879,false
8,8,62.4,-0.066375428979287,-0.11708888753425856,false
8,8,62.5,-0.00880758314224691,-0.1101620280659206,false
8,8,62.6,0.05405691862019126,-0.1027343478800193,false
8,8,62.7,0.12270061238534341,-0.09475875018104095,false
8,8,62.8,0.19758474370336362,-0.08618413378948987,false
8,8,62.9,0.2791102306151686,-0.07695578563690551,false
8,8,63.0,0.36756259121250023,-0.06701619970824996,false
8,8,63.1,0.46303898085772766,-0.05630647631481215,false
8,8,63.2,0.5653585569907961,-0.04476845910614122,false
8,8,63.3,0.6739630987861681,-0.03234773093255796,false
8,8,63.4,0.7878233090528117,-0.01899748815887348,false
8,8,63.5,0.9053760359608991,-0.004683126296560522,false
8,8,63.6,1.0245246351580195,0.01061289677328701,false
8,8,63.7,1.1427322680869265,0.02688664465813574,false
8,8,63.8,1.2572201334688475,0.044109657100537325,false
8,8,63.9,1.3652499875061024,0.062228161056310655,false
8,8,64.0,1.4644344875963253,0.08116505913891361,false
8,9,64.0,1.7622840146863965,0.36316525125024535,true
8,9,64.1,1.7848580131499612,0.38318029285718935,false
8,9,64.2,1.8017657629619177,0.40322877335979823,false
8,9,64.3,1.8138978571621642,0.42326265595651785,false
8,9,64.4,1.822054947953412,0.44324202266706014,false
8,9,64.5,1.8269348379321213,0.4631341196601194,false
8,9,64.6,1.8291317993740173,0.482912351549383,false
8,9,64.7,1.8291432409227804,0.5025553137869205,false
8,9,64.8,1.8273801199490716,0.5220459127155246,false
8,9,64.9,1.8241786897592935,0.5413705950836439,false
8,9,65.0,1.8198121126871736,0.5605186911021128,false
8,9,65.1,1.8145011411603305,0.5794818649024838,false
8,9,65.2,1.8084235096420123,0.5982536611649297,false
8,9,65.3,1.8017219487083314,0.6168291348340552,false
8,9,65.4,1.794510882157508,0.6352045508828986,false
8,9,65.5,1.7868819412009713,0.6533771421202146,false
8,9,65.6,1.7789084566313207,0.6713449145025266,false
8,9,65.7,1.77064909056358,0.6891064909819721,false
8,9,65.8,1.7621507566712336,0.7066609864165084,false
8,9,65.9,1.7534509594697583,0.7240079074069312,false
8,9,66.0,1.744579663504025,0.7411470720763539,false
8,9,66.1,1.7355607845683207,0.7580785457732767,false
8,9,66.2,1.7264133783863238,0.7748025894749233,false
8,9,66.3,1.7171525878536282,0.7913196183149713,false
8,9,66.4,1.7077903979690376,0.8076301681820868,false
8,9,66.5,1.6983362377412474,0.8237348687543526,false
8,9,66.6,1.6887974603719085,0.839634421668835,false
8,9,66.7,1.6791797265911343,0.8553295827914131,false
8,9,66.8,1.6694873108840025,0.8708211477631496,false
8,9,66.9,1.6597233462562095,0.8861099401669538,false
8,9,67.0,1.6498900199398785,0.9011968017910696,false
8,9,67.1,1.6399887298675422,0.9160825845711572,false
8,9,67.2,1.6300202097056928,0.9307681438761836,false
8,9,67.3,1.6199846286277868,0.9452543328695288,false
8,9,67.4,1.609881670731273,0.959541997729248,false
8,9,67.5,1.599710597993297,0.9736319735531576,false
8,9,67.6,1.5894702998591432,0.9875250808075763,false
8,9,67.7,1.5791593319219157,1.0012221222049211,false
8,9,67.8,1.5687759456464538,1.0147238799163252,false
8,9,67.9,1.5583181106874933,1.0280311130421171,false
8,9,68.0,1.5477835310299086,1.041144555276244,false
8,9,68.1,1.5371696559203734,1.0540649127112092,false
8,9,68.2,1.526473686351486,1.0667928617383895,false
8,9,68.3,1.5156925776906094,1.0793290470050958,false
8,9,68.4,1.5048230389079462,1.0916740793948065,false
8,9,68.5,1.493861528744988,1.1038285340008736,false
8,9,68.6,1.4828042490700586,1.1157929480669022,false
8,9,68.7,1.4716471355879517,1.1275678188690885,false
8,9,68.8,1.4603858460021317,1.139153601517187,false
8,9,68.9,1.4490157456678037,1.1505507066515743,false
8,9,69.0,1.437531890720002,1.1617594980141384,false
8,9,69.1,1.425929008610728,1.1727802898705078,false
8,9,69.2,1.414201475941357,1.1836133442604762,false
8,9,69.3,1.4023432934295579,1.1942588680523896,false
8,9,69.4,1.3903480578023855,1.204717009775745,false
8,9,69.5,1.3782089303577676,1.2149878562043122,false
8,9,69.6,1.3659186018839542,1.2250714286596838,false
8,9,69.7,1.3534692535693473,1.234967679002279,false
8,9,69.8,1.340852513472055,1.2446764852734176,false
8,9,69.9,1.3280594080479906,1.254197646948075,false
8,9,70.0,1.315080308156677,1.2635308797532818,false
8,9,70.1,1.3019048688731556,1.2726758100017264,false
8,9,70.2,1.288521962330331,1.2816319683838637,false
8,9,70.3,1.2749196026961098,1.2903987831546084,false
8,9,70.4,1.2610848622507418,1.298975572642323,false
8,9,70.5,1.2470037773682785,1.307361536998137,false
8,9,70.6,1.2326612430177242,1.31555574909243,false
8,9,70.7,1.2180408941791794,1.3235571444523184,false
8,9,70.8,1.2031249723119943,1.3313645101189056,false
8,9,70.9,1.1878941747083536,1.3389764722855044,false
8,9,71.0,1.1723274842080824,1.3463914825576146,false
8,9,71.1,1.156401976328287,1.3536078026515737,false
8,9,71.2,1.1400926003621437,1.3606234873209129,false
8,9,71.3,1.1233719304095657,1.3674363652667791,false
8,9,71.4,1.1062098816004455,1.3740440177504245,false
8,9,71.5,1.088573385936925,1.3804437545806851,false
8,9,71.6,1.0704260211886227,1.3866325870962484,false
8,9,71.7,1.0517275850929746,1.392607197699853,false
8,9,71.8,1.0324336057051053,1.3983639054275179,false
8,9,71.9,1.0124947770649015,1.403898626948294,false
8,9,72.0,0.9918563073532858,1.409206832286287,false
8,10,72.0,1.1579798417208564,1.2552089428756217,true
8,10,72.1,1.1513494364676304,1.263005252762793,false
8,10,72.2,1.1440793719046725,1.270680670420468,false
8,10,72.3,1.136182797875453,1.2782302813632465,false
8,10,72.4,1.1276702809057397,1.285649315899098,false
8,10,72.5,1.1185497077439037,1.2929331239431248,false
8,10,72.6,1.108826189481113,1.3000771491387266,false
8,10,72.7,1.0985019608278495,1.307076902271523,false
8,10,72.8,1.0875762692833582,1.3139279339125782,false
8,10,72.9,1.0760452489982772,1.3206258061800709,false
8,10,73.0,1.0639017740808143,1.3271660634615607,false
8,10,73.1,1.051135285917498,1.3335442018913302,false
8,10,73.2,1.037731588754665,1.3397556373276445,false
8,10,73.3,1.0236726072987934,1.345795671521799,false
8,10,73.4,1.0089360994223058,1.3516594561129343,false
8,10,73.5,0.9934953161824863,1.3573419540180507,false
8,10,73.6,0.9773186002460036,1.3628378977134568,false
8,10,73.7,0.960368912425955,1.3681417438197985,false
8,10,73.8,0.9426032743420659,1.3732476233052469,false
8,10,73.9,0.9239721131612424,1.3781492865074219,false
8,10,74.0,0.9044184919131718,1.3828400420408018,false
8,10,74.1,0.88387720594881,1.3873126884988711,false
8,10,74.2,0.8622737226642225,1.3915594376747402,false
8,10,74.3,0.8395229376037037,1.395571827805677,false
8,10,74.4,0.8155277154643189,1.3993406250908809,false
8,10,74.5,0.7901771793791088,1.402855711432917,false
8,10,74.6,0.7633447062815407,1.4061059560072335,false
8,10,74.7,0.7348855804366755,1.4090790678686653,false
8,10,74.8,0.7046342519310679,1.4117614263601785,false
8,10,74.9,0.6724011430732764,1.4141378856058275,false
8,10,75.0,0.6379689450570699,1.416191548868084,false
8,10,75.1,0.6010883528873004,1.417903508071815,false
8,10,75.2,0.561473203411301,1.4192525434212002,false
8,10,75.3,0.5187950173248612,1.420214777897444,false
8,10,75.4,0.4726770139055196,1.4207632817521414,false
8,10,75.5,0.4226877866997516,1.4208676232762394,false
8,10,75.6,0.368335029476468,1.420493364722919,false
8,10,75.7,0.3090600287291085,1.419601507222612,false
8,10,75.8,0.2442341541950548,1.4181478972575292,false
8,10,75.9,0.17315936361578638,1.4160826218190568,false
8,10,76.0,0.09507588415651883,1.4133494426034698,false
8,10,76.1,0.009181810914599103,1.4098853551201793,false
8,10,76.2,-0.08532866010044218,1.40562041023798,false
8,10,76.3,-0.18919957939147583,1.4004780059089192,false
8,10,76.4,-0.30301011563311675,1.3943759428032911,false
8,10,76.5,-0.4270253067343857,1.3872286242172494,false
8,10,76.6,-0.5609993238226438,1.3789508296543436,false
8,10,76.7,-0.7039469820650819,1.3694634312598397,false
8,10,76.8,-0.8539282187856373,1.3587011508778928,false
8,10,76.9,-1.0079255144124661,1.346621882591572,false
8,10,77.0,-1.1619159105616061,1.3332162547749662,false
8,10,77.1,-1.3112154603273039,1.3185152460172624,false
8,10,77.2,-1.4510835482544335,1.3025933370469607,false
8,10,77.3,-1.5774441150356644,1.2855654079543888,false
8,10,77.4,-1.687492382800147,1.267577388380189,false
8,10,77.5,-1.7799868574575246,1.2487927500831202,false
8,10,77.6,-1.8551683071941254,1.2293781549288363,false
8,10,77.7,-1.9144026241664491,1.2094913351797862,false
8,10,77.8,-1.95971830567009,1.189272952512909,false
8,10,77.9,-1.9933859497637239,1.1688426510850438,false
8,10,78.0,-2.017615689881815,1.1482984822063929,false
8,10,78.1,-2.0343827320288423,1.127718508232171,false
8,10,78.2,-2.0453548400327883,1.1071634994654291,false
8,10,78.3,-2.051886027320973,1.0866799455987863,false
8,10,78.4,-2.0550457779471047,1.0663029199575123,false
8,10,78.5,-2.0556626791208905,1.0460585762772014,false
8,10,78.6,-2.05437008271716,1.025966211208861,false
8,10,78.7,-2.0516476363956833,1.0060399091558105,false
8,10,78.8,-2.0478563342410303,0.9862898232875481,false
8,10,78.9,-2.043266790586321,0.9667231572274443,false
8,10,79.0,-2.0380813946275245,0.9473449091481749,false
8,10,79.1,-2.0324513397139623,0.9281584316521035,false
8,10,79.2,-2.0264895456558043,0.9091658510435615,false
8,10,79.3,-2.020280380753015,0.8903683803983842,false
8,10,79.4,-2.013886935246016,0.871766552972705,false
8,10,79.5,-2.007356443912628,0.8533603961249664,false
8,10,79.6,-2.0007243208137804,0.8351495609343452,false
8,10,79.7,-1.994017158770593,0.8171334188688577,false
8,10,79.8,-1.987254959060772,0.7993111339576743,false
8,10,79.9,-1.9804527897622886,0.7816817167482241,false
8,10,80.0,-1.9736220203425374,0.7642440647080048,false
8,11,80.0,-1.8668447212976265,0.7551819346366915,true
8,11,80.1,-1.881395289042749,0.7388782216951454,false
8,11,80.2,-1.891627797783396,0.7225811847968658,false
8,11,80.3,-1.89836492372494,0.7063264761263325,false
8,11,80.4,-1.902296195954074,0.6901425623346275,false
8,11,80.5,-1.903989075229984,0.6740519517383576,false
8,11,80.6,-1.9039042818817014,0.658072288374242,false
8,11,80.7,-1.9024121618106766,0.642217290910771,false
8,11,80.8,-1.8998082615530612,0.6264975373068141,false
8,11,80.9,-1.8963272176816497,0.6109211082666899,false
8,11,81.0,-1.8921546446317279,0.5954941077603172,false
8,11,81.1,-1.8874370329371768,0.5802210799793929,false
8,11,81.2,-1.8822898348438715,0.565105340994987,false
8,11,81.3,-1.8768039806883428,0.5501492412649296,false
8,11,81.4,-1.8710510804597331,0.5353543727093089,false
8,11,81.5,-1.8650875477360798,0.5207217317045987,false
8,11,81.6,-1.858957853802223,0.5062518472193086,false
8,11,81.7,-1.8526970871986423,0.49194488149080706,false
8,11,81.8,-1.846332962837658,0.47780070912725825,false
8,11,81.9,-1.8398873972244036,0.46381897928399596,false
8,11,82.0,-1.833377742888655,0.4499991645721001,false
8,11,82.1,-1.826817755791997,0.43634059956843296,false
8,11,82.2,-1.8202183538082057,0.42284251117371113,false
8,11,82.3,-1.8135882118497921,0.40950404257583894,false
8,11,82.4,-1.806934229291815,0.3963242721924339,false
8,11,82.5,-1.8002618975348956,0.3833022286668882,false
8,11,82.6,-1.7935755894304937,0.3704369027584542,false
8,11,82.7,-1.786878787511691,0.357727256784396,false
8,11,82.8,-1.7801742642462637,0.3451722321299293,false
8,11,82.9,-1.7734642246269006,0.332770755230613,false
8,11,83.0,-1.7667504191547885,0.32052174234513503,false
8,11,83.1,-1.7600342335148977,0.30842410336866266,false
8,11,83.2,-1.753316759872644,0.2964767448839011,false
8,11,83.3,-1.7465988536553578,0.2846785726054683,false
8,11,83.4,-1.739881178850556,0.27302849334061297,false
8,11,83.5,-1.7331642442040422,0.26152541656370704,false
8,11,83.6,-1.7264484321936664,0.25016825568181134,false
8,11,83.7,-1.7197340222576802,0.23895592905274515,false
8,11,83.8,-1.7130212094456034,0.22788736080456917,false
8,11,83.9,-1.7063101194154184,0.21696148149549305,false
8,11,84.0,-1.699600820509059,0.2061772286453795,false
8,11,84.1,-1.692893333487113,0.19553354716379961,false
8,11,84.2,-1.6861876393845672,0.18502938969465474,false
8,11,84.3,-1.6794836858553561,0.17466371689344812,false
8,11,84.4,-1.6727813922990615,0.1644354976501557,false
8,11,84.5,-1.666080654004142,0.15434370926814292,false
8,11,84.6,-1.659381345495256,0.14438733760757153,false
8,11,84.7,-1.6526833232350306,0.13456537720013748,false
8,11,84.8,-1.6459864278009742,0.12487683134069322,false
8,11,84.9,-1.639290485634582,0.11532071216027351,false
8,11,85.0,-1.6325953104407838,0.10589604068421092,false
8,11,85.1,-1.6259007043007303,0.09660184687835609,false
8,11,85.2,-1.619206458548795,0.08743716968587567,false
8,11,85.3,-1.6125123544548963,0.07840105705666334,false
8,11,85.4,-1.6058181637453983,0.06949256597104413,false
8,11,85.5,-1.5991236489895175,0.060710762459165936,false
8,11,85.6,-1.5924285638730356,0.05205472161723915,false
8,11,85.7,-1.5857326533769827,0.043523527621596156,false
8,11,85.8,-1.5790356538755859,0.03511627374139043,false
8,11,85.9,-1.5723372931650441,0.026832062350629918,false
8,11,86.0,-1.5656372904324565,0.018670004940139408,false
8,11,86.1,-1.55893535617241,0.010629222129965258,false
8,11,86.2,-1.5522311920572323,0.002708843682670589,false
8,11,86.3,-1.5455244907656822,-0.005091991482083974,false
8,11,86.4,-1.5388149357738348,-0.012774135271320092,false
8,11,86.5,-1.5321022011110663,-0.02033843040056159,false
8,11,86.6,-1.52538595108334,-0.02778571037339948,false
8,11,86.7,-1.5186658399653978,-0.035116799458526714,false
8,11,86.8,-1.5119415116629562,-0.04233251266398155,false
8,11,86.9,-1.5052125993455747,-0.049433655708348526,false
8,11,87.0,-1.4984787250504905,-0.05642102498867204,false
8,11,87.1,-1.4917394992573854,-0.06329540754484063,false
8,11,87.2,-1.4849945204337567,-0.07005758102020014,false
8,11,87.3,-1.4782433745503076,-0.07670831361815142,false
8,11,87.4,-1.471485634565524,-0.08324836405448358,false
8,11,87.5,-1.4647208598783819,-0.08967848150518694,false
8,11,87.6,-1.457948595747915,-0.09599940554948112,false
8,11,87.7,-1.4511683726781655,-0.10221186610778275,false
8,11,87.8,-1.4443797057668297,-0.10831658337432527,false
8,11,87.9,-1.4375820940157165,-0.11431426774412853,false
8,11,88.0,-1.4307750196009152,-0.12020561973400043,false
8,12,88.0,-1.4777993398247602,-0.006787155655740277,true
8,12,88.1,-1.4777235685551242,-0.013867058234570958,false
8,12,88.2,-1.4769825120802509,-0.02089124341341943,false
8,12,88.3,-1.4756427437836301,-0.027854331870118224,false
8,12,88.4,-1.4737647406743788,-0.03475156574595416,false
8,12,88.5,-1.4714032208893117,-0.04157874971391032,false
8,12,88.6,-1.4686075240304397,-0.04833219578821008,false
8,12,88.7,-1.4654220125440485,-0.05500867213580678,false
8,12,88.8,-1.4618864778080916,-0.061605355974604786,false
8,12,88.9,-1.4580365390837817,-0.0681197905141761,false
8,12,89.0,-1.4539040270893997,-0.07454984580366181,false
8,12,89.1,-1.4495173467805214,-0.08089368329050788,false
8,12,89.2,-1.4449018160900031,-0.08714972385589301,false
8,12,89.3,-1.4400799790082106,-0.09331661907250172,false
8,12,89.4,-1.4350718925738446,-0.09939322542307405,false
8,12,89.5,-1.4298953881896315,-0.10537858122024771,false
8,12,89.6,-1.4245663082523383,-0.11127188597672748,false
8,12,89.7,-1.419098719456721,-0.11707248198756054,false
8,12,89.8,-1.4135051043496192,-0.12277983790159959,false
8,12,89.9,-1.407796532814321,-0.12839353407586812,false
8,12,90.0,-1.4019828151885092,-0.13391324952361294,false
8,12,90.1,-1.3960726386861646,-0.13933875028371343,false
8,12,90.2,-1.3900736887234113,-0.14466987905539108,false
8,12,90.3,-1.3839927566543953,-0.14990654595755634,false
8,12,90.4,-1.3778358353161457,-0.15504872028648126,false
8,12,90.5,-1.3716082036683668,-0.1600964231587198,false
8,12,90.6,-1.3653145017004304,-0.1650497209382911,false
8,12,90.7,-1.358958796667057,-0.1699087193581158,false
8,12,90.8,-1.352544641608557,-0.17467355825559547,false
8,12,90.9,-1.3460751270124847,-0.17934440685111502,false
8,12,91.0,-1.3395529263818684,-0.183921459506198,false
8,12,91.1,-1.3329803363910837,-0.18840493190513008,false
8,12,91.2,-1.3263593122339201,-0.19279505761016433,false
8,12,91.3,-1.3196914986991524,-0.19709208494600608,false
8,12,91.4,-1.3129782574466058,-0.2012962741742155,false
8,12,91.5,-1.30622069090079,-0.20540789492252906,false
8,12,91.6,-1.2994196631291748,-0.20942722383794693,false
8,12,91.7,-1.2925758180275428,-0.2133545424358176,false
8,12,91.8,-1.2856895950950824,-0.21719013512012456,false
8,12,91.9,-1.2787612430464481,-0.22093428735278606,false
8,12,92.0,-1.2717908314764788,-0.2245872839520615,false
8,12,92.1,-1.2647782607651585,-0.22814940750214857,false
8,12,92.2,-1.2577232703853451,-0.2316209368577892,false
8,12,92.3,-1.2506254457533992,-0.2350021457292067,false
8,12,92.4,-1.2434842237427868,-0.23829330133399387,false
8,12,92.5,-1.2362988969626971,-0.2414946631036875,false
8,12,92.6,-1.2290686168874334,-0.24460648143371277,false
8,12,92.7,-1.2217923959075474,-0.2476289964661826,false
8,12,92.8,-1.214469108360175,-0.25056243689570057,false
8,12,92.9,-1.2070974905835725,-0.25340701878885763,false
8,12,93.0,-1.1996761400292606,-0.25616294440853965,false
8,12,93.1,-1.192203513454296,-0.2588304010344838,false
8,12,93.2,-1.1846779242058123,-0.261409559771743,false
8,12,93.3,-1.1770975385999756,-0.263900574338844,false
8,12,93.4,-1.1694603713877276,-0.2663035798274594,false
8,12,93.5,-1.1617642802899795,-0.26861869142536016,false
8,12,93.6,-1.1540069595751603,-0.270846003094271,false
8,12,93.7,-1.1461859326420416,-0.27298558619401886,false
8,12,93.8,-1.138298543560429,-0.2750374880440416,false
8,12,93.9,-1.1303419475114589,-0.2770017304129041,false
8,12,94.0,-1.1223131000577247,-0.2788783079259529,false
8,12,94.1,-1.1142087451610845,-0.28066718638061616,false
8,12,94.2,-1.1060254018525977,-0.2823683009581191,false
8,12,94.3,-1.0977593494443816,-0.28398155431952626,false
8,12,94.4,-1.0894066111570424,-0.2855068145730263,false
8,12,94.5,-1.0809629360184545,-0.28694391309823314,false
8,12,94.6,-1.0724237788697373,-0.2882926422119696,false
8,12,94.7,-1.0637842782919806,-0.28955275265850855,false
8,12,94.8,-1.0550392322421933,-0.2907239509055494,false
8,12,94.9,-1.0461830711586784,-0.29180589622527964,false
8,12,95.0,-1.0372098282640245,-0.29279819753767977,false
8,12,95.1,-1.0281131067575842,-0.2937004099907442,false
8,12,95.2,-1.0188860435479759,-0.29451203124946507,false
8,12,95.3,-1.0095212691290067,-0.2952324974622184,false
8,12,95.4,-1.0000108631485283,-0.29586117886954494,false
8,12,95.5,-0.9903463051580181,-0.29639737501616814,false
8,12,95.6,-0.9805184199598593,-0.2968403095223673,false
8,12,95.7,-0.9705173168878524,-0.29718912436543504,false
8,12,95.8,-0.9603323222627197,-0.297442873615801,false
8,12,95.9,-0.949951904156169,-0.2976005165653728,false
8,12,96.0,-0.9393635884720684,-0.29766091017760327,false
8,13,96.0,-1.0256350726673422,-0.24122685982307643,true
8,13,96.1,-1.0216377535374637,-0.24242455891452275,false
8,13,96.2,-1.0174982672904418,-0.24357618206357573,false
8,13,96.3,-1.0132172105756911,-0.2446807669068263,false
8,13,96.4,-1.008794964915704,-0.24573736262691956,false
8,13,96.5,-1.0042316870891113,-0.2467450278521638,false
8,13,96.6,-0.9995272990548966,-0.24770282848137096,false
8,13,96.7,-0.9946814773026412,-0.24860983542974688,false
8,13,96.8,-0.9896936415079396,-0.24946512229059906,false
8,13,96.9,-0.984562942365253,-0.2502677629065301,false
8,13,97.0,-0.9792882484623305,-0.25101682884262394,false
8,13,97.1,-0.9738681320507132,-0.25171138675289884,false
8,13,97.2,-0.9683008535555653,-0.2523504956299806,false
8,13,97.3,-0.9625843446549104,-0.2529332039265285,false
8,13,97.4,-0.9567161897430361,-0.2534585465354036,false
8,13,97.5,-0.9506936055750727,-0.2539255416138867,false
8,13,97.6,-0.9445134188692145,-0.2543331872354095,false
8,13,97.7,-0.938172041619346,-0.25468045785022814,false
8,13,97.8,-0.931665443843509,-0.25496630053421504,false
8,13,97.9,-0.9249891234621846,-0.25518963100244096,false
8,13,98.0,-0.9181380729641494,-0.25534932936142263,false
8,13,98.1,-0.9111067424760088,-0.25544423557077833,false
8,13,98.2,-0.9038889988035721,-0.2554731445815163,false
8,13,98.3,-0.8964780799580683,-0.2554348011142137,false
8,13,98.4,-0.8888665446166769,-0.255327894035866,false
8,13,98.5,-0.8810462158936598,-0.25515105028911467,false
8,13,98.6,-0.8730081187139848,-0.25490282832180466,false
8,13,98.7,-0.8647424099839325,-0.2545817109582784,false
8,13,98.8,-0.8562383006406713,-0.2541860976463556,false
8,13,98.9,-0.847483968532685,-0.2537142960054346,false
8,13,99.0,-0.8384664609323654,-0.2531645125914173,false
8,13,99.1,-0.8291715853076227,-0.25253484278300825,false
8,13,99.2,-0.8195837867770657,-0.251823259681148,false
8,13,99.3,-0.8096860104384958,-0.25102760189864215,false
8,13,99.4,-0.7994595464877396,-0.25014556010013506,false
8,13,99.5,-0.7888838557278888,-0.2491746621330929,false
8,13,99.6,-0.7779363727005224,-0.24811225656798166,false
8,13,99.7,-0.7665922832420184,-0.24695549443986592,false
8,13,99.8,-0.7548242727699627,-0.2457013089536464,false
8,13,99.9,-0.742602241026014,-0.24434639288043933,false
8,13,100.0,-0.7298929783301563,-0.24288717333242063,false
10,1,0.0,-1.8633893588791945,0.9432517283983279,true
10,1,0.1,-1.89544272864903,0.9255172164439067,false
10,1,0.2,-1.919496813123561,0.9076567969126949,false
10,1,0.30000000000000004,-1.936988286851434,0.8897380169353477,false
10,1,0.4,-1.94918887726972,0.8718154825522532,false
10,1,0.5,-1.9571798455489053,0.853932609597479,false
10,1,0.6000000000000001,-1.9618542591546815,0.8361234570382327,false
10,1,0.7000000000000001,-1.9639344061985005,0.8184144483974491,false
10,1,0.8,-1.9639956125867923,0.8008258862964533,false
10,1,0.9,-1.9624911341049855,0.7833732296583147,false
10,1,1.0,-1.959775276510412,0.7660681400569517,false
10,1,1.1,-1.9561234974424415,0.7489193218006227,false
10,1,1.2,-1.9517491775511477,0.7319331868765473,false
10,1,1.3,-1.9468172356185773,0.715114376017503,false
10,1,1.4,-1.9414549772669583,0.6984661641787124,false
10,1,1.5,-1.9357606283382112,0.6819907745693758,false
10,1,1.6,-1.9298099871333114,0.6656896211093192,false
10,1,1.7000000000000002,-1.9236615783388782,0.6495634952763167,false
10,1,1.8,-1.9173606296725456,0.6336127099649408,false
10,1,1.9,-1.9109421321222306,0.6178372102225882,false
10,1,2.0,-1.9044331914150363,0.6022366585153094,false
10,1,2.1,-1.8978548336658434,0.5868105004283968,false
10,1,2.2,-1.891223391856262,0.5715580153424239,false
10,1,2.3,-1.8845515709314031,0.5564783555689014,false
10,1,2.4,-1.8778492666802362,0.5415705766159331,false
10,1,2.5,-1.8711241960097587,0.5268336606296959,false
10,1,2.6,-1.8643823826912347,0.5122665345793043,false
10,1,2.7,-1.857628532273865,0.49786808438685204,false
10,1,2.8,-1.8508663219184265,0.4836371659248318,false
10,1,2.9,-1.8440986248383624,0.4695726135893934,false
10,1,3.0,-1.8373276844089828,0.45567324699444006,false
10,1,3.1,-1.8305552494768953,0.44193787620643316,false
10,1,3.2,-1.8237826797102692,0.42836530584389904,false
10,1,3.3,-1.8170110277763003,0.414954338292069,false
10,1,3.4,-1.810241103563019,0.40170377622656495,false
10,1,3.5,-1.8034735244625497,0.3886124245965506,false
10,1,3.6,-1.7967087548140253,0.3756790921842476,false
10,1,3.7,-1.7899471368997706,0.36290259283183474,false
10,1,3.8,-1.7831889153472393,0.3502817464067319,false
10,1,3.9,-1.7764342563729847,0.33781537956076385,false
10,1,4.0,-1.7696832629842463,0.3255023263266606,false
10,1,4.1,-1.7629359870062413,0.31334142858599134,false
10,1,4.2,-1.75619243861189,0.30133153643533805,false
10,1,4.3,-1.749452593882505,0.2894715084718233,false
10,1,4.4,-1.7427164008129874,0.2777602120146579,false
10,1,4.5,-1.735983784085676,0.26619652327588755,false
10,1,4.6,-1.7292546488674143,0.25477932749078347,false
10,1,4.7,-1.7225288838300918,0.2435075190161707,false
10,1,4.8,-1.7158063635524734,0.232380001403294,false
10,1,4.9,-1.7090869504279202,0.2213956874504856,false
10,1,5.0,-1.7023704961765271,0.21055349923984198,false
10,1,5.1,-1.6956568430397276,0.19985236816128127,false
10,1,5.2,-1.688945824719288,0.1892912349266889,false
10,1,5.3,-1.682237267109895,0.17886904957633326,false
10,1,5.4,-1.6755309888644927,0.16858477147931336,false
10,1,5.5,-1.6688268018235548,0.15843736932946656,false
10,1,5.6,-1.6621245113331853,0.14842582113789876,false
10,1,5.7,-1.6554239164719027,0.13854911422308602,false
10,1,5.8,-1.6487248102019896,0.1288062451993271,false
10,1,5.9,-1.642026979458075,0.11919621996418982,false
10,1,6.0,-1.635330205183094,0.10971805368548607,false
10,1,6.1,-1.6286342623197043,0.10037077078822255,false
10,1,6.2,-1.6219389197636058,0.091153404941905,false
10,1,6.3,-1.6152439402838876,0.08206499904851831,false
10,1,6.4,-1.6085490804144478,0.07310460523146026,false
10,1,6.5,-1.6018540903196743,0.06427128482567199,false
10,1,6.6,-1.595158713636862,0.05556410836918041,false
10,1,6.7,-1.588462687297263,0.046982155596246473,false
10,1,6.8,-1.581765741327197,0.03852451543229623,false
10,1,6.9,-1.575067598630251,0.030190285990799707,false
10,1,7.0,-1.5683679747512678,0.02197857457225303,false
10,1,7.1,-1.5616665776225567,0.013888497665413117,false
10,1,7.2,-1.5549631072925116,0.005919180950930436,false
10,1,7.3,-1.5482572556366296,-0.0019302406924766782,false
10,1,7.4,-1.5415487060507438,-0.009660623179162617,false
10,1,7.5,-1.5348371331261264,-0.017272813204865435,false
10,1,7.6,-1.528122202305982,-0.024767648232040272,false
10,1,7.7,-1.521403569522711,-0.03214595647206411,false
10,1,7.8,-1.514680880815217,-0.039408556864155016,false
10,1,7.9,-1.5079537719254008,-0.04655625905084333,false
10,1,8.0,-1.5012218678728833,-0.053589863349825004,false
10,1,8.1,-1.4944847825068792,-0.06051016072201913,false
10,1,8.2,-1.4877421180340409,-0.0673179327356428,false
10,1,8.3,-1.480993464520968,-0.0740139515261062,false
10,1,8.4,-1.4742383993699737,-0.08059897975152026,false
10,1,8.5,-1.4674764867665662,-0.08707377054359658,false
10,1,8.6,-1.4607072770969851,-0.09343906745370689,false
10,1,8.7,-1.453930306333995,-0.09969560439385487,false
10,1,8.8,-1.4471450953889957,-0.10584410557229763,false
10,1,8.9,-1.4403511494283607,-0.11188528542353844,false
10,1,9.0,-1.4335479571517515,-0.1178198485323932,false
10,1,9.1,-1.426734990029981,-0.12364848955181505,false
10,1,9.2,-1.4199117014998155,-0.12937189311414013,false
10,1,9.3,-1.4130775261128996,-0.1349907337353951,false
10,1,9.4,-1.406231878635776,-0.14050567571228356,false
10,1,9.5,-1.399374153097732,-0.14591737301144123,false
10,1,9.6,-1.3925037217829546,-0.15122646915052299,false
10,1,9.7,-1.385619934163195,-0.15643359707065385,false
10,1,9.8,-1.3787221157668503,-0.16153937899974316,false
10,1,9.9,-1.3718095669800363,-0.1665444263061264,false
10,1,10.0,-1.3648815617748786,-0.17144933934196036,false
10,2,10.0,-1.2920992226910661,-0.08890094643767085,true
10,2,10.1,-1.2973279644136804,-0.09370091640289281,false
10,2,10.2,-1.3018261746965312,-0.09851024011879687,false
10,2,10.3,-1.305625643881314,-0.10332229769888898,false
10,2,10.4,-1.3087591388850894,-0.1081308140923126,false
10,2,10.5,-1.3112598968315852,-0.11292986312981282,false
10,2,10.6,-1.3131611882166474,-0.11771386721819428,false
10,2,10.7,-1.3144959477706564,-0.12247759334570432,false
10,2,10.8,-1.3152964693968254,-0.12721614603044748,false
10,2,10.9,-1.315594160326739,-0.13192495780004082,false
10,2,11.0,-1.3154193488686836,-0.13659977773802745,false
10,2,11.1,-1.3148011397481723,-0.1412366585750918,false
10,2,11.2,-1.3137673109717618,-0.14583194274409328,false
10,2,11.3,-1.3123442463087194,-0.15038224775983378,false
10,2,11.4,-1.3105568978130693,-0.1548844512290994,false
10,2,11.5,-1.3084287732442637,-0.1593356757450886,false
10,2,11.6,-1.3059819437420486,-0.16373327387359451,false
10,2,11.7,-1.3032370676340865,-0.168074813396609,false
10,2,11.8,-1.3002134267766554,-0.17235806294242653,false
10,2,11.9,-1.2969289723301454,-0.17658097809970508,false
10,2,12.0,-1.2934003773394043,-0.18074168808600655,false
10,2,12.1,-1.2896430939165822,-0.1848384830187089,false
10,2,12.2,-1.2856714132072553,-0.18886980181743723,false
10,2,12.3,-1.2814985266583865,-0.19283422075185674,false
10,2,12.4,-1.277136587400268,-0.19673044263636869,false
10,2,12.5,-1.2725967708064925,-0.20055728666353898,false
10,2,12.6,-1.267889333509544,-0.20431367886057644,false
10,2,12.7,-1.2630236703285522,-0.20799864314751784,false
10,2,12.8,-1.2580083687140016,-0.21161129297165374,false
10,2,12.9,-1.2528512604355806,-0.21515082348986966,false
10,2,13.0,-1.247559470337511,-0.2186165042687417,false
10,2,13.1,-1.242139462063989,-0.2220076724712101,false
10,2,13.2,-1.2365970807188331,-0.22532372649828367,false
10,2,13.3,-1.230937592470765,-0.22856412005435858,false
10,2,13.4,-1.225165721151311,-0.23172835660523933,false
10,2,13.5,-1.219285681918172,-0.23481598419873484,false
10,2,13.6,-1.2133012120748023,-0.237826590618677,false
10,2,13.7,-1.2072155991483549,-0.24075979884431226,false
10,2,13.8,-1.2010317063343598,-0.24361526278819093,false
10,2,13.9,-1.194751995418511,-0.2463926632868809,false
10,2,14.0,-1.1883785472846258,-0.24909170432002925,false
10,2,14.1,-1.181913080113901,-0.2517121094344577,false
10,2,14.2,-1.175356965374574,-0.25425361835108634,false
10,2,14.3,-1.1687112416934595,-0.2567159837335175,false
10,2,14.4,-1.1619766266919236,-0.25909896809806515,false
10,2,14.5,-1.15515352685892,-0.2614023408458753,false
10,2,14.6,-1.148242045522973,-0.26362587539854193,false
10,2,14.7,-1.1412419889735455,-0.2657693464192742,false
10,2,14.8,-1.1341528707701771,-0.26783252710221056,false
10,2,14.9,-1.1269739142651518,-0.2698151865128963,false
10,2,15.0,-1.11970405335224,-0.27171708696324215,false
10,2,15.1,-1.1123419314402259,-0.27353798140445584,false
10,2,15.2,-1.1048858986353938,-0.2752776108214816,false
10,2,15.3,-1.097334007101813,-0.27693570161238873,false
10,2,15.4,-1.0896840045519798,-0.27851196293591135,false
10,2,15.5,-1.0819333258029895,-0.2800060840099524,false
10,2,15.6,-1.074079082314714,-0.2814177313433107,false
10,2,15.7,-1.066118049606217,-0.2827465458821635,false
10,2,15.8,-1.0580466524245729,-0.2839921400519214,false
10,2,15.9,-1.0498609475160368,-0.2851540946739512,false
10,2,16.0,-1.0415566038227946,-0.28623195573531807,false
10,2,16.1,-1.033128879898835,-0.28722523098810293,false
10,2,16.2,-1.0245725983053728,-0.2881333863529822,false
10,2,16.3,-1.0158821167091066,-0.2889558420995797,false
10,2,16.4,-1.0070512953647603,-0.2896919687735768,false
10,2,16.5,-0.9980734606160628,-0.2903410828376555,false
10,2,16.6,-0.9889413639956364,-0.29090244198999515,false
10,2,16.7,-0.9796471364431726,-0.29137524012019056,false
10,2,16.8,-0.9701822370915058,-0.2917586018580344,false
10,2,16.9,-0.9605373959903367,-0.2920515766655312,false
10,2,17.0,-0.9507025500457128,-0.2922531324166853,false
10,2,17.1,-0.9406667713479582,-0.2923621484029239,false
10,2,17.2,-0.9304181869392641,-0.2923774076943425,false
10,2,17.3,-0.9199438889318495,-0.2922975887781492,false
10,2,17.4,-0.9092298337253111,-0.29212125638554914,false
10,2,17.5,-0.8982607288837314,-0.2918468514066512,false
10,2,17.6,-0.887019906014891,-0.2914726797795432,false
10,2,17.7,-0.8754891777403715,-0.2909969002241894,false
10,2,17.8,-0.8636486765503729,-0.29041751067391247,false
10,2,17.9,-0.8514766729936096,-0.28973233323654707,false
10,2,18.0,-0.8389493702524479,-0.288938997493419,false
10,2,18.1,-0.826040671686922,-0.288034921916589,false
10,2,18.2,-0.8127219173873784,-0.287017293152662,false
10,2,18.3,-0.7989615851416377,-0.28588304288417216,false
10,2,18.4,-0.7847249504845121,-0.28462882193626327,false
10,2,18.5,-0.7699736996394813,-0.2832509712461032,false
10,2,18.6,-0.7546654881672755,-0.2817454892540835,false
10,2,18.7,-0.7387534369863265,-0.28010799520807317,false
10,2,18.8,-0.722185556108351,-0.27833368779340106,false
10,2,18.9,-0.704904084924105,-0.276417298410255,false
10,2,19.0,-0.6868447361709545,-0.2743530383151558,false
10,2,19.1,-0.6679358288182744,-0.2721345387223958,false
10,2,19.2,-0.6480972930420408,-0.2697547828232702,false
10,2,19.3,-0.6272395282837533,-0.2672060285243837,false
10,2,19.4,-0.6052620932139142,-0.2644797205308576,false
10,2,19.5,-0.5820522044479353,-0.2615663902068913,false
10,2,19.6,-0.5574830194319531,-0.2584555414382554,false
10,2,19.7,-0.5314116785805615,-0.2551355205063283,false
10,2,19.8,-0.5036770833871796,-0.2515933677750515,false
10,2,19.9,-0.4740973922135345,-0.24781464881455498,false
10,2,20.0,-0.44246722590874216,-0.24378326247766502,false
10,3,20.0,-0.6431483126570812,-0.2665967412024393,true
10,3,20.1,-0.6222924535703207,-0.2640257972558864,false
10,3,20.2,-0.6003070311999987,-0.2612774350799405,false
10,3,20.3,-0.5770783153110014,-0.25834209011252107,false
10,3,20.4,-0.5524783875433077,-0.2552091617565254,false
10,3,20.5,-0.5263631691654292,-0.25186688206894386,false
10,3,20.6,-0.4985701846627998,-0.2483021661385177,false
10,3,20.7,-0.46891604387494784,-0.2445004417795694,false
10,3,20.8,-0.43719363648552023,-0.24044545607405796,false
10,3,20.9,-0.40316905274175185,-0.23611905633885097,false
10,3,21.0,-0.36657827826284506,-0.23150094338309637,false
10,3,21.1,-0.32712376592305054,-0.22656839560827194,false
10,3,21.2,-0.28447107446514985,-0.22129596382679873,false
10,3,21.3,-0.23824589625651493,-0.21565513898170327,false
10,3,21.4,-0.18803199497280473,-0.20961399874052944,false
10,3,21.5,-0.13337086258876862,-0.20313684491147854,false
10,3,21.6,-0.07376431152682933,-0.19618385272581074,false
10,3,21.7,-0.00868176606850285,-0.18871076642249246,false
10,3,21.8,0.062425288948755486,-0.1806686945697975,false
10,3,21.9,0.14009845373373775,-0.17200408429119096,false
10,3,22.0,0.2248331791303418,-0.16265898624097108,false
10,3,22.1,0.31702087857105354,-0.15257175968927442,false
10,3,22.2,0.4168689081357209,-0.14167840268408957,false
10,3,22.3,0.5242978528649572,-0.12991471148748948,false
10,3,22.4,0.6388218129981231,-0.11721945140837878,false
10,3,22.5,0.7594277287266477,-0.10353862324860105,false
10,3,22.6,0.8844831227336355,-0.08883070183859643,false
10,3,22.7,1.0117132696664048,-0.07307239718280174,false
10,3,22.8,1.1382898248160223,-0.05626409926853697,false
10,3,22.9,1.2610536240651267,-0.03843385896882828,false
10,3,23.0,1.3768525857667793,-0.019638735054306914,false
10,3,23.1,1.48292546103742,3.724583021441283e-5,false
10,3,23.2,1.5772314531624931,0.020488461935257007,false
10,3,23.3,1.6586375997250626,0.04159545004154644,false
10,3,23.4,1.726927647083854,0.06323350336919667,false
10,3,23.5,1.7826587397557208,0.0852805491040513,false
10,3,23.6,1.8269326456376511,0.10762320470237008,false
10,3,23.7,1.8611531973501159,0.13016058044112933,false
10,3,23.8,1.886820673016089,0.1528059725294002,false
10,3,23.9,1.9053854089601345,0.17548692376553493,false
10,3,24.0,1.9181606028785037,0.1981442195431165,false
10,3,24.1,1.9262824406186996,0.2207303203316849,false
10,3,24.2,1.9307025274828091,0.24320759963571462,false
10,3,24.3,1.9321993498948256,0.2655466217068059,false
10,3,24.4,1.9313989964864533,0.2877245854955589,false
10,3,24.5,1.928798828871549,0.3097239871461504,false
10,3,24.6,1.9247904937152158,0.3315315081882264,false
10,3,24.7,1.9196805059257407,0.35313711250676444,false
10,3,24.8,1.9137077602264427,0.3745333247050323,false
10,3,24.9,1.9070579538301087,0.3957146599627505,false
10,3,25.0,1.899875207878449,0.41667717713910235,false
10,3,25.1,1.8922712917261777,0.4374181303537016,false
10,3,25.2,1.8843328686421517,0.45793569828445857,false
10,3,25.3,1.8761271467712215,0.47822877427453697,false
10,3,25.4,1.867706265268682,0.4982968037425956,false
10,3,25.5,1.8591106882854258,0.5181396582497284,false
10,3,25.6,1.8503718265528737,0.5377575379062496,false
10,3,25.7,1.841514060687297,0.5571508956613197,false
10,3,25.8,1.8325563025933154,0.5763203784826816,false
10,3,25.9,1.8235132009456738,0.5952667815757213,false
10,3,26.0,1.81439607266605,0.6139910126758987,false
10,3,26.1,1.805213623492218,0.6324940641312526,false
10,3,26.2,1.7959725061376914,0.6507769910169395,false
10,3,26.3,1.7866777532771223,0.6688408939272684,false
10,3,26.4,1.7773331139353745,0.6866869054004627,false
10,3,26.5,1.7679413152185688,0.7043161791691761,false
10,3,26.6,1.7585042662395027,0.7217298816124258,false
10,3,26.7,1.749023217195786,0.7389291849249945,false
10,3,26.8,1.7394988835770304,0.7559152616283908,false
10,3,26.9,1.7299315431924671,0.7726892801307119,false
10,3,27.0,1.720321111957733,0.7892524011070008,false
10,3,27.1,1.7106672030335532,0.8056057745213568,false
10,3,27.2,1.700969172873716,0.8217505371505085,false
10,3,27.3,1.69122615694199,0.8376878104983746,false
10,3,27.4,1.6814370972417976,0.8534186990142996,false
10,3,27.5,1.671600763326001,0.8689442885456606,false
10,3,27.6,1.6617157680847308,0.8842656449695682,false
10,3,27.7,1.6517805793219817,0.8993838129593116,false
10,3,27.8,1.6417935279078064,0.914299814849723,false
10,3,27.9,1.6317528131178336,0.929014649572269,false
10,3,28.0,1.621656505634382,0.943529291635847,false
10,3,28.1,1.611502548575073,0.9578446901332692,false
10,3,28.2,1.6012887568289553,0.9719617677565086,false
10,3,28.3,1.5910128149116318,0.9858814198061455,false
10,3,28.4,1.5806722734957843,0.9996045131822391,false
10,3,28.5,1.5702645447287122,1.0131318853451596,false
10,3,28.6,1.5597868964116586,1.0264643432358538,false
10,3,28.7,1.5492364450848837,1.0396026621456282,false
10,3,28.8,1.5386101480361587,1.0525475845258947,false
10,3,28.9,1.5279047942274022,1.0652998187284377,false
10,3,29.0,1.517116994113592,1.0778600376666962,false
10,3,29.1,1.5062431683090527,1.0902288773882916,false
10,3,29.2,1.495279535038091,1.1024069355486124,false
10,3,29.3,1.4842220962891122,1.1143947697746823,false
10,3,29.4,1.4730666225733315,1.1261928959077898,false
10,3,29.5,1.4618086361704727,1.1378017861124532,false
10,3,29.6,1.450443392723998,1.14922186683822,false
10,3,29.7,1.4389658610269709,1.160453516619536,false
10,3,29.8,1.4273707008161418,1.1714970636974706,false
10,3,29.9,1.4156522383657777,1.18235278344541,false
10,3,30.0,1.4038044396435825,1.1930208955789223,false
10,4,30.0,1.3893349327888949,1.0892822957322503,true
10,4,30.1,1.388358028137508,1.1004422415497361,false
10,4,30.2,1.3863788477119805,1.1115067348994458,false
10,4,30.3,1.3834767817249383,1.122467657843666,false
10,4,30.4,1.379724769973283,1.1333176501245235,false
10,4,30.5,1.37518932430717,1.1440500444719217,false
10,4,30.6,1.3699306779452407,1.1546588032056297,false
10,4,30.7,1.3640030237465322,1.1651384571052983,false
10,4,30.8,1.3574548105842283,1.17548404720044,false
10,4,30.9,1.350329073321521,1.1856910698745664,false
10,4,31.0,1.342663777410385,1.195755425476209,false
10,4,31.1,1.3344921637807332,1.2056733704761597,false
10,4,31.2,1.3258430834943549,1.2154414730966827,false
10,4,31.3,1.316741314681312,1.225056572257031,false
10,4,31.4,1.3072078566518173,1.2345157396235282,false
10,4,31.5,1.297260197884646,1.2438162445159084,false
10,4,31.6,1.286912555930224,1.2529555213996493,false
10,4,31.7,1.2761760882197353,1.2619311396826716,false
10,4,31.8,1.2650590734162983,1.270740775530763,false
10,4,31.9,1.2535670633436042,1.2793821854168423,false
10,4,32.0,1.2417030057328344,1.2878531811226708,false
10,4,32.1,1.2294673380807752,1.296151605916224,false
10,4,32.2,1.216858052842034,1.3042753116324217,false
10,4,32.3,1.2038707340090407,1.3122221363882431,false
10,4,32.4,1.1904985648809727,1.319989882664615,false
10,4,32.5,1.1767323064966557,1.3275762954861658,false
10,4,32.6,1.1625602458113906,1.334979040425331,false
10,4,32.7,1.1479681122333825,1.342195681148793,false
10,4,32.8,1.132938960597524,1.3492236562112097,false
10,4,32.9,1.1174530180341777,1.3560602547829508,false
10,4,33.0,1.1014874914756576,1.3627025909743486,false
10,4,33.1,1.0850163317164592,1.3691475763878935,false
10,4,33.2,1.068009948983521,1.3753918904907734,false
10,4,33.3,1.0504348738535296,1.3814319483519146,false
10,4,33.4,1.0322533560435847,1.3872638652286768,false
10,4,33.5,1.0134228920614776,1.3928834174167495,false
10,4,33.6,0.9938956708877961,1.398285998690379,false
10,4,33.7,0.9736179247226763,1.4034665715561925,false
10,4,33.8,0.9525291693072893,1.4084196124194603,false
10,4,33.9,0.9305613153608557,1.413139049613006,false
10,4,34.0,0.9076376291928873,1.4176181930619067,false
10,4,34.1,0.8836715164965859,1.421849654146874,false
10,4,34.2,0.8585650986582966,1.425825254080521,false
10,4,34.3,0.8322075456221593,1.429535918818168,false
10,4,34.4,0.8044731234939474,1.4329715581832225,false
10,4,34.5,0.7752189088510344,1.4361209264925212,false
10,4,34.6,0.7442821155740994,1.438971461518118,false
10,4,34.7,0.7114769747472371,1.4415090981232417,false
10,4,34.8,0.6765911052480857,1.4437180523760498,false
10,4,34.9,0.6393813145820533,1.4455805714076453,false
10,4,35.0,0.5995687805112759,1.4470766438028422,false
10,4,35.1,0.5568335909833713,1.4481836650050977,false
10,4,35.2,0.5108086738706237,1.4488760522728537,false
10,4,35.3,0.4610732466146562,1.4491248044629943,false
10,4,35.4,0.40714608615413567,1.4488970038575093,false
10,4,35.5,0.3484792023313462,1.4481552612152873,false
10,4,35.6,0.2844529524961219,1.4468571124947864,false
10,4,35.7,0.21437434196269445,1.4449543881585167,false
10,4,35.8,0.1374813132959865,1.442392596357001,false
10,4,35.9,0.05295733295040124,1.4391103932190192,false
10,4,36.0,-0.04003743343739062,1.4350392611892557,false
10,4,36.1,-0.14230978534021085,1.4301035835322353,false
10,4,36.2,-0.2545415067333445,1.424221389811379,false
10,4,36.3,-0.3771512941223875,1.4173061434689491,false
10,4,36.4,-0.510105087954054,1.4092700182311286,false
10,4,36.5,-0.6526833812744619,1.4000291013478094,false
10,4,36.6,-0.8032409299202105,1.389510766925632,false
10,4,36.7,-0.9590317291336443,1.3776629688032485,false
10,4,36.8,-1.116204340146135,1.3644643741275841,false
10,4,36.9,-1.270067462221295,1.3499332842054712,false
10,4,37.0,-1.4156513394360075,1.334132671222599,false
10,4,37.1,-1.5484554865295692,1.3171690376199283,false
10,4,37.2,-1.665151830035255,1.2991844336782248,false
10,4,37.3,-1.764002650055533,1.2803432461170416,false
10,4,37.4,-1.844879684545748,1.2608170658365012,false
10,4,37.5,-1.9089479884124714,1.240771136031735,false
10,4,37.6,-1.9581883387470722,1.2203546851830658,false
10,4,37.7,-1.9949310867665382,1.1996957661221164,false
10,4,37.8,-2.021503620961467,1.1788999303509722,false
10,4,37.9,-2.040016788806335,1.1580515020932183,false
10,4,38.0,-2.052268106812403,1.1372162380915283,false
10,4,38.1,-2.059723666209816,1.1164444644240825,false
10,4,38.2,-2.063543826585209,1.0957741321046188,false
10,4,38.3,-2.0646278327339607,1.0752335130154898,false
10,4,38.4,-2.063662413933185,1.0548434406240508,false
10,4,38.5,-2.061166734435967,1.0346191017978599,false
10,4,38.6,-2.057530625980324,1.0145714331234554,false
10,4,38.7,-2.0530455310282494,0.9947081901401835,false
10,4,38.8,-2.0479287690970507,0.9750347564476606,false
10,4,38.9,-2.0423421764734577,0.9555547511275742,false
10,4,39.0,-2.0364062274291577,0.9362704824073366,false
10,4,39.1,-2.0302106343512456,0.9171832854170539,false
10,4,39.2,-2.0238222571231894,0.8982937732213334,false
10,4,39.3,-2.0172909826539676,0.87960202326977,false
10,4,39.4,-2.0106540861185644,0.8611077158942183,false
10,4,39.5,-2.0039394628013794,0.8428102372535381,false
10,4,39.6,-1.9971680226899156,0.824708755933468,false
10,4,39.7,-1.9903554655830002,0.8068022800206683,false
10,4,39.8,-1.983513598219684,0.7890896996943022,false
10,4,39.9,-1.9766513128426833,0.7715698190637413,false
10,4,40.0,-1.9697753153391448,0.7542413800097111,false
10,5,40.0,-1.9877320457334957,0.8430275535219565,true
10,5,40.1,-1.9846670632172403,0.825055293538163,false
10,5,40.2,-1.980711189924907,0.807247188296844,false
10,5,40.3,-1.9760739723993281,0.7896091959937642,false
10,5,40.4,-1.9709158116126881,0.7721455457284397,false
10,5,40.5,-1.9653593765228197,0.7548591461240176,false
10,5,40.6,-1.9594984627740561,0.737751898476684,false
10,5,40.7,-1.9534048148872354,0.7208249361207395,false
10,5,40.8,-1.947133352559835,0.7040788071329077,false
10,5,40.9,-1.9407261608005737,0.6875136137091175,false
10,5,41.0,-1.9342155300825608,0.6711291184970908,false
10,5,41.1,-1.9276262703120353,0.6549248257647013,false
10,5,41.2,-1.920977471596653,0.6389000434166242,false
10,5,41.3,-1.9142838444674506,0.6230539304345808,false
10,5,41.4,-1.9075567407422307,0.607385533217505,false
10,5,41.5,-1.9008049319493412,0.5918938134612135,false
10,5,41.6,-1.8940352036596089,0.5765776695818009,false
10,5,41.7,-1.8872528099377248,0.5614359532052902,false
10,5,41.8,-1.880461821400658,0.5464674818811326,false
10,5,41.9,-1.8736653922529969,0.5316710489006848,false
10,5,42.0,-1.866865965531111,0.5170454308922618,false
10,5,42.1,-1.860065431148787,0.5025893937054321,false
10,5,42.2,-1.853265247829972,0.4883016969765453,false
10,5,42.3,-1.8464665373616513,0.47418109767573013,false
10,5,42.4,-1.8396701575917462,0.4602263528657398,false
10,5,42.5,-1.83287675907491,0.4464362218497468,false
10,5,42.6,-1.8260868291140524,0.432809467844491,false
10,5,42.7,-1.8193007260675527,0.419344859284044,false
10,5,42.8,-1.8125187061238681,0.4060411708355785,false
10,5,42.9,-1.805740944235719,0.3928971841901959,false
10,5,43.0,-1.7989675505168528,0.3799116886777594,false
10,5,43.1,-1.7921985831066112,0.3670834817438019,false
10,5,43.2,-1.7854340582792743,0.3544113693181811,false
10,5,43.3,-1.7786739583998594,0.34189416609865136,false
10,5,43.4,-1.7719182381932124,0.3295306957674844,false
10,5,43.5,-1.7651668296892682,0.31731979115535647,false
10,5,43.6,-1.7584196461270938,0.30526029436367175,false
10,5,43.7,-1.7516765850382237,0.2933510568541177,false
10,5,43.8,-1.7449375306816612,0.28159093951239283,false
10,5,43.9,-1.738202355965526,0.26997881269159313,false
10,5,44.0,-1.7314709239612516,0.25851355623960803,false
10,5,44.1,-1.7247430890935564,0.24719405951397955,false
10,5,44.2,-1.7180186980717067,0.23601922138697637,false
10,5,44.3,-1.711297590613731,0.22498795024307972,false
10,5,44.4,-1.7045796000043851,0.2140991639706398,false
10,5,44.5,-1.6978645535191346,0.20335178994911562,false
10,5,44.6,-1.6911522727397068,0.19274476503303703,false
10,5,44.7,-1.6844425737814699,0.18227703553361008,false
10,5,44.8,-1.6777352674487165,0.1719475571987151,false
10,5,44.9,-1.6710301593306096,0.16175529519190876,false
10,5,45.0,-1.6643270498479361,0.15169922407093345,false
10,5,45.1,-1.6576257342587049,0.1417783277661498,false
10,5,45.2,-1.6509260026289807,0.13199159955924017,false
10,5,45.3,-1.6442276397739992,0.12233804206247514,false
10,5,45.4,-1.6375304251735519,0.11281666719879281,false
10,5,45.5,-1.6308341328647682,0.10342649618290539,false
10,5,45.6,-1.6241385313147334,0.0941665595036214,false
10,5,45.7,-1.617443383274817,0.08503589690755033,false
10,5,45.8,-1.610748445618137,0.07603355738434021,false
10,5,45.9,-1.6040534691612074,0.06715859915358667,false
10,5,46.0,-1.5973581984705114,0.058410089653542406,false
10,5,46.1,-1.5906623716544854,0.049787105531749615,false
10,5,46.2,-1.5839657201411903,0.041288732637713724,false
10,5,46.3,-1.5772679684417596,0.03291406601773404,false
10,5,46.4,-1.5705688338995627,0.02466220991200596,false
10,5,46.5,-1.5638680264248823,0.01653227775410996,false
10,5,46.6,-1.5571652482147917,0.008523392173004078,false
10,5,46.7,-1.5504601934577982,0.0006346849976388048,false
10,5,46.8,-1.5437525480227328,-0.0071347027356825545,false
10,5,46.9,-1.537041989131263,-0.014785620773071263,false
10,5,47.0,-1.5303281850133228,-0.02231890962981579,false
10,5,47.1,-1.5236107945446624,-0.029735400574001862,false
10,5,47.2,-1.5168894668656387,-0.03703591560684482,false
10,5,47.3,-1.510163840980282,-0.044221267439582324,false
10,5,47.4,-1.5034335453345822,-0.051292259466766826,false
10,5,47.5,-1.4966981973728517,-0.058249685735788787,false
10,5,47.6,-1.4899574030709313,-0.0650943309124515,false
10,5,47.7,-1.4832107564448973,-0.0718269702424083,false
10,5,47.8,-1.4764578390338383,-0.07844836950826155,false
10,5,47.9,-1.4696982193551484,-0.08495928498211004,false
10,5,48.0,-1.4629314523306767,-0.09136046337331936,false
10,5,48.1,-1.4561570786819413,-0.09765264177127446,false
10,5,48.2,-1.4493746242924876,-0.10383654758285919,false
10,5,48.3,-1.442583599535324,-0.10991289846439103,false
10,5,48.4,-1.4357834985632154,-0.11588240224772134,false
10,5,48.5,-1.4289737985594526,-0.1217457568601926,false
10,5,48.6,-1.4221539589465264,-0.12750365023812393,false
10,5,48.7,-1.4153234205499527,-0.13315676023347403,false
10,5,48.8,-1.4084816047142779,-0.13870575451330674,false
10,5,48.9,-1.4016279123680677,-0.14415129045165945,false
10,5,49.0,-1.39476172303444,-0.14949401501338666,false
10,5,49.1,-1.3878823937834275,-0.15473456462952187,false
10,5,49.2,-1.380989258122172,-0.15987356506366826,false
10,5,49.3,-1.3740816248186356,-0.16491163126889463,false
10,5,49.4,-1.3671587766541609,-0.16984936723457622,false
10,5,49.5,-1.3602199690998535,-0.1746873658225783,false
10,5,49.6,-1.3532644289113378,-0.17942620859213843,false
10,5,49.7,-1.3462913526359972,-0.18406646561275528,false
10,5,49.8,-1.3392999050263263,-0.1886086952643405,false
10,5,49.9,-1.3322892173524852,-0.19305344402383567,false
10,5,50.0,-1.3252583856065703,-0.19740124623743552,false
10,6,50.0,-1.3869063110229458,-0.06364603188435047,true
10,6,50.1,-1.3888333332113922,-0.06948505237177013,false
10,6,50.2,-1.3900620904969956,-0.07529567387047502,false
10,6,50.3,-1.390644865690322,-0.08107194609978874,false
10,6,50.4,-1.3906311959645348,-0.08680842920830015,false
10,6,50.5,-1.3900677127237488,-0.09250016405772622,false
10,6,50.6,-1.3889980657791259,-0.09814264165724346,false
10,6,50.7,-1.3874629150590196,-0.10373177244893386,false
10,6,50.8,-1.385499975004956,-0.10926385599480937,false
10,6,50.9,-1.383144098819238,-0.11473555148496963,false
10,6,51.0,-1.3804273917040062,-0.12014384937485682,false
10,6,51.1,-1.3773793440813054,-0.12548604436637234,false
10,6,51.2,-1.3740269774594882,-0.13075970987128777,false
10,6,51.3,-1.3703949970893214,-0.13596267403407453,false
10,6,51.4,-1.3665059468281269,-0.14109299734303085,false
10,6,51.5,-1.3623803627091027,-0.14614895182147328,false
10,6,51.6,-1.3580369226102256,-0.15112900176296018,false
10,6,51.7,-1.3534925901514687,-0.1560317859543826,false
10,6,51.8,-1.3487627515408098,-0.1608561013168339,false
10,6,51.9,-1.343861344558902,-0.1656008878851939,false
10,6,52.0,-1.3388009792385107,-0.1702652150422711,false
10,6,52.1,-1.3335930500753395,-0.17484826892123992,false
10,6,52.2,-1.3282478398171658,-0.17934934089025928,false
10,6,52.3,-1.3227746150316917,-0.18376781703496245,false
10,6,52.4,-1.317181713761618,-0.18810316855749112,false
10,6,52.5,-1.3114766256477663,-0.192354943014526,false
10,6,52.6,-1.305666064945528,-0.19652275632104838,false
10,6,52.7,-1.2997560368830128,-0.20060628545112338,false
10,6,52.8,-1.2937518978162634,-0.20460526177165086,false
10,6,52.9,-1.2876584096319972,-0.20851946494965962,false
10,6,53.0,-1.2814797888348601,-0.21234871737822886,false
10,6,53.1,-1.2752197507367677,-0.21609287907044344,false
10,6,53.2,-1.2688815491425531,-0.21975184297488332,false
10,6,53.3,-1.2624680119004226,-0.22332553066998562,false
10,6,53.4,-1.255981572658776,-0.2268138883981848,false
10,6,53.5,-1.249424299143654,-0.23021688340402924,false
10,6,53.6,-1.24279791824404,-0.23353450054349045,false
10,6,53.7,-1.236103838165912,-0.23676673913443377,false
10,6,53.8,-1.2293431678905693,-0.23991361002071304,false
10,6,53.9,-1.2225167341485659,-0.24297513282460095,false
10,6,54.0,-1.2156250960975927,-0.24595133336428282,false
10,6,54.1,-1.2086685578709464,-0.2488422412149381,false
10,6,54.2,-1.201647179142731,-0.25164788739352356,false
10,6,54.3,-1.1945607838366172,-0.2543683021487688,false
10,6,54.4,-1.1874089670867374,-0.25700351283910716,false
10,6,54.5,-1.1801911005420112,-0.259553541882308,false
10,6,54.6,-1.1729063360887635,-0.262018404761456,false
10,6,54.7,-1.165553608050756,-0.2643981080726487,false
10,6,54.8,-1.158131633910597,-0.2666926476003634,false
10,6,54.9,-1.1506389135817388,-0.2689020064068822,false
10,6,55.0,-1.14307372724579,-0.2710261529224654,false
10,6,55.1,-1.1354341317554772,-0.27306503902312856,false
10,6,55.2,-1.1277179555891323,-0.27501859808291446,false
10,6,55.3,-1.1199227923278727,-0.2768867429874476,false
10,6,55.4,-1.1120459926114898,-0.2786693640953246,false
10,6,55.5,-1.1040846545132605,-0.28036632713351634,false
10,6,55.6,-1.0960356122572392,-0.2819774710124352,false
10,6,55.7,-1.0878954231838078,-0.2835026055456456,false
10,6,55.8,-1.0796603528501174,-0.2849415090583548,false
10,6,55.9,-1.0713263581312267,-0.28629392586780456,false
10,6,56.0,-1.062889068164913,-0.2875595636174746,false
10,6,56.1,-1.0543437629579147,-0.2887380904455885,false
10,6,56.2,-1.0456853494433302,-0.28982913196675925,false
10,6,56.3,-1.0369083347475643,-0.29083226804369716,false
10,6,56.4,-1.0280067963900075,-0.29174702932370145,false
10,6,56.5,-1.0189743490989147,-0.29257289351212323,false
10,6,56.6,-1.0098041078819602,-0.29330928135209083,false
10,6,56.7,-1.0004886469388157,-0.29395555227646847,false
10,6,56.8,-0.9910199539448264,-0.29451099969422545,false
10,6,56.9,-0.981389379168234,-0.29497484586905504,false
10,6,57.0,-0.9715875788070715,-0.2953462363431214,false
10,6,57.1,-0.9616044518441907,-0.29562423385313924,false
10,6,57.2,-0.9514290696179928,-0.2958078116794947,false
10,6,57.3,-0.9410495971900984,-0.2958958463616754,false
10,6,57.4,-0.9304532054568033,-0.2958871097047422,false
10,6,57.5,-0.9196259727956547,-0.2957802599917794,false
10,6,57.6,-0.9085527748582529,-0.2955738323059963,false
10,6,57.7,-0.8972171609112044,-0.29526622785319373,false
10,6,57.8,-0.8856012148840516,-0.2948557021603751,false
10,6,57.9,-0.8736853990001688,-0.29434035200904934,false
10,6,58.0,-0.8614483775372136,-0.29371810094186945,false
10,6,58.1,-0.848866817879813,-0.2929866831582274,false
10,6,58.2,-0.8359151655794885,-0.29214362558776996,false
10,6,58.3,-0.8225653896146978,-0.291186227899901,false
10,6,58.4,-0.8087866934350384,-0.29011154017149104,false
10,6,58.5,-0.7945451866642101,-0.28891633789340126,false
10,6,58.6,-0.7798035115107468,-0.28759709394809707,false
10,6,58.7,-0.7645204169768317,-0.2861499471344839,false
10,6,58.8,-0.7486502728458159,-0.28457066675090065,false
10,6,58.9,-0.7321425141504689,-0.2828546126715541,false
10,6,59.0,-0.7149410053603964,-0.2809966902640205,false
10,6,59.1,-0.6969833118670128,-0.2789912993941179,false
10,6,59.2,-0.6781998644860353,-0.27683227664774057,false
10,6,59.3,-0.6585130006559038,-0.27451282976549585,false
10,6,59.4,-0.6378358638303824,-0.27202546313381365,false
10,6,59.5,-0.6160711403375261,-0.26936189300485713,false
10,6,59.6,-0.5931096108749813,-0.2665129509274701,false
10,6,59.7,-0.5688284921244213,-0.2634684736650526,false
10,6,59.8,-0.5430895431754772,-0.2602171776596027,false
10,6,59.9,-0.5157369123208182,-0.25674651588574343,false
10,6,60.0,-0.48659470352753587,-0.25304251474473544,false
10,7,60.0,-0.4401300181032084,-0.17466094445650182,true
10,7,60.1,-0.41319835838386576,-0.17087598013606423,false
10,7,60.2,-0.38429438886070183,-0.16686301306339021,false
10,7,60.3,-0.3532037199382571,-0.16260467200314305,false
10,7,60.4,-0.3196853548625534,-0.15808162804075138,false
10,7,60.5,-0.2834688281162888,-0.1532723519256419,false
10,7,60.6,-0.24425143373763503,-0.14815284721623212,false
10,7,60.7,-0.20169581446679438,-0.14269636137285702,false
10,7,60.8,-0.1554283397766859,-0.13687308008873178,false
10,7,60.9,-0.10503892582170504,-0.1306498150070796,false
10,7,61.0,-0.05008326259603843,-0.12398970224297028,false
10,7,61.1,0.009911170533370192,-0.11685193967402172,false
10,7,61.2,0.0754333982337784,-0.10919160573743258,false
10,7,61.3,0.14696905604443128,-0.10095962229144037,false
10,7,61.4,0.22496926020084224,-0.09210294915941437,false
10,7,61.5,0.30980491510030084,-0.08256512690551843,false
10,7,61.6,0.4017035828784092,-0.07228731273588167,false
10,7,61.7,0.5006679042477267,-0.06120997255715033,false
10,7,61.8,0.6063786965964145,-0.04927538336963598,false
10,7,61.9,0.7180929261097276,-0.036431040269624335,false
10,7,62.0,0.8345564110181986,-0.02263392525317419,false
10,7,62.1,0.9539608391718458,-0.00785536705331429,false
10,7,62.2,1.0739789944132525,0.007914074589409457,false
10,7,62.3,1.1919037657767135,0.02466054734547435,false
10,7,62.4,1.3048912045770862,0.04234463937922589,false
10,7,62.5,1.410270559654763,0.06090170731150396,false
10,7,62.6,1.5058514396903455,0.0802450914943049,false
10,7,62.7,1.5901501958207076,0.10027180685303537,false
10,7,62.8,1.6624827252680514,0.12086967814498063,false
10,7,62.9,1.722917067875092,0.14192461670280723,false
10,7,63.0,1.7721218844273128,0.16332689239049059,false
10,7,63.1,1.8111672196526738,0.1849757074180782,false
10,7,63.2,1.84132936666732,0.20678189583824225,false
10,7,63.3,1.8639325750633067,0.22866896708992912,false
10,7,63.4,1.8802395311722713,0.2505729124105794,false
10,7,63.5,1.8913876959149243,0.2724412251907966,false
10,7,63.6,1.8983613659071605,0.2942315178060525,false
10,7,63.7,1.9019878705243312,0.3159100117356811,false
10,7,63.8,1.9029479596555285,0.33745007562718826,false
10,7,63.9,1.9017931094158798,0.3588309055583848,false
10,7,64.0,1.898965026280527,0.38003638644911847,false
10,7,64.1,1.8948146154795646,0.4010541396293338,false
10,7,64.2,1.8896190421456445,0.42187474316969614,false
10,7,64.3,1.8835963630778896,0.4424911033411464,false
10,7,64.4,1.8769176893732362,0.46289795338291334,false
10,7,64.5,1.8697170838186126,0.48309145682816196,false
10,7,64.6,1.862099496750846,0.5030688952118861,false
10,7,64.7,1.854147063693086,0.5228284230507155,false
10,7,64.8,1.8459240671612827,0.5423688759975488,false
10,7,64.9,1.837480826883871,0.5616896207811931,false
10,7,65.0,1.828856740086372,0.5807904378516487,false
10,7,65.1,1.8200826529120515,0.5996714295607726,false
10,7,65.2,1.8111827082867469,0.6183329482520802,false
10,7,65.3,1.802175785416339,0.6367755398640803,false
10,7,65.4,1.7930766214577125,0.6549998996225318,false
10,7,65.5,1.7838966861167393,0.6730068371578111,false
10,7,65.6,1.7746448642479666,0.6907972489768643,false
10,7,65.7,1.7653279892190725,0.708372096680426,false
10,7,65.8,1.7559512601957232,0.7257323896740414,false
10,7,65.9,1.7465185690367964,0.7428791713988167,false
10,7,66.0,1.737032756704403,0.7598135083227622,false
10,7,66.1,1.727495814616974,0.7765364811001948,false
10,7,66.2,1.7179090429131851,0.7930491774358673,false
10,7,66.3,1.7082731749196527,0.8093526862907925,false
10,7,66.4,1.6985884750469313,0.8254480931446738,false
10,7,66.5,1.6888548157376932,0.8413364760905124,false
10,7,66.6,1.6790717378508841,0.8570189025842211,false
10,7,66.7,1.6692384979035997,0.8724964267089599,false
10,7,66.8,1.6593541048448381,0.8877700868427271,false
10,7,66.9,1.6494173484532821,0.9028409036402855,false
10,7,67.0,1.639426820997202,0.9177098782581661,false
10,7,67.1,1.6293809334395064,0.9323779907653322,false
10,7,67.2,1.6192779271925684,0.9468461986929405,false
10,7,67.3,1.6091158822084937,0.9611154356851387,false
10,7,67.4,1.5988927220176707,0.9751866102195003,false
10,7,67.5,1.5886062161914694,0.9890606043708882,false
10,7,67.6,1.5782539805958056,1.0027382725965752,false
10,7,67.7,1.5678334757147765,1.0162204405235578,false
10,7,67.8,1.5573420032528498,1.029507903721361,false
10,7,67.9,1.546776701166348,1.0426014264453947,false
10,7,68.0,1.5361345372272213,1.0555017403371842,false
10,7,68.1,1.5254123011820186,1.0682095430686562,false
10,7,68.2,1.5146065955346144,1.080725496918168,false
10,7,68.3,1.5037138249511584,1.0930502272661815,false
10,7,68.4,1.4927301842586238,1.1051843209984282,false
10,7,68.5,1.481651644983217,1.117128324804128,false
10,7,68.6,1.470473940350913,1.1288827433563045,false
10,7,68.7,1.4591925486487247,1.1404480373605217,false
10,7,68.8,1.4478026748213382,1.1518246214574215,false
10,7,68.9,1.436299230152781,1.16301286196329,false
10,7,69.0,1.4246768098562494,1.1740130744314967,false
10,7,69.1,1.4129296683664576,1.1848255210160257,false
10,7,69.2,1.4010516920972487,1.1954504076164256,false
10,7,69.3,1.3890363693920218,1.2058878807813282,false
10,7,69.4,1.376876757355009,1.216138024345173,false
10,7,69.5,1.3645654452067284,1.2262008557699036,false
10,7,69.6,1.3520945137560558,1.2360763221601123,false
10,7,69.7,1.3394554905231544,1.2457642959163389,false
10,7,69.8,1.3266392999806849,1.2552645699869243,false
10,7,69.9,1.313636208303721,1.264576852673882,false
10,7,70.0,1.300435761929807,1.2737007619425904,false
10,8,70.0,1.3178194168572777,1.1362973122578268,true
10,8,70.1,1.3168286512976952,1.1464568428025013,false
10,8,70.2,1.3149080731232827,1.1565284793371868,false
10,8,70.3,1.3121162123100265,1.166504614937262,false
10,8,70.4,1.308507739603934,1.1763782174422124,false
10,8,70.5,1.3041332737244113,1.186142788893514,false
10,8,70.6,1.2990392916155953,1.1957923239941362,false
10,8,70.7,1.2932681188402988,1.2053212684341834,false
10,8,70.8,1.2868579800685507,1.2147244777240391,false
10,8,70.9,1.27984309251182,1.2239971770012554,false
10,8,71.0,1.2722537879205056,1.2331349221296686,false
10,8,71.1,1.2641166512880335,1.2421335622868552,false
10,8,71.2,1.255454666632028,1.250989204136383,false
10,8,71.3,1.246287362129553,1.259698177601335,false
10,8,71.4,1.2366309484716822,1.2682570031921963,false
10,8,71.5,1.22649844559002,1.2766623607924363,false
10,8,71.6,1.2158997939197616,1.284911059766237,false
10,8,71.7,1.2048419471293281,1.2930000102223451,false
10,8,71.8,1.1933289437941974,1.3009261952437723,false
10,8,71.9,1.1813619558487451,1.3086866438731155,false
10,8,72.0,1.168939311837538,1.3162784046259337,false
10,8,72.1,1.1560564930250423,1.3236985192884332,false
10,8,72.2,1.1427061003238788,1.3309439967393568,false
10,8,72.3,1.1288777897754143,1.3380117865182362,false
10,8,72.4,1.1145581739665473,1.3448987518419193,false
10,8,72.5,1.0997306862919127,1.3516016417474126,false
10,8,72.6,1.0843754043652571,1.3581170620104293,false
10,8,72.7,1.068468828136007,1.3644414444544126,false
10,8,72.8,1.0519836073601607,1.3705710142228573,false
10,8,72.9,1.034888211985839,1.3765017545369922,false
10,8,73.0,1.0171465377140765,1.382229368399576,false
10,8,73.1,0.9987174374489857,1.3877492366316753,false
10,8,73.2,0.9795541675154333,1.393056371540489,false
10,8,73.3,0.9596037353468947,1.3981453654097853,false
10,8,73.4,0.9388061327746668,1.4030103328770802,false
10,8,73.5,0.9170934360207834,1.40764484610957,false
10,8,73.6,0.8943887499484274,1.4120418615097257,false
10,8,73.7,0.8706049699994398,1.4161936364665435,false
10,8,73.8,0.8456433305125406,1.4200916344145285,false
10,8,73.9,0.8193917027750528,1.423726416164193,false
10,8,74.0,0.791722600304744,1.4270875151203377,false
10,8,74.1,0.7624908427242378,1.430163293604178,false
10,8,74.2,0.7315308236708201,1.432940777042371,false
10,8,74.3,0.6986533234004373,1.4354054622863373,false
10,8,74.4,0.6636418047240188,1.4375410957964851,false
10,8,74.5,0.6262481344324367,1.4393294169052442,false
10,8,74.6,0.5861876860380179,1.4407498609303078,false
10,8,74.7,0.5431338110062067,1.4417792166694428,false
10,8,74.8,0.4967117267098342,1.442391232982185,false
10,8,74.9,0.4464919790284604,1.4425561701014469,false
10,8,75.0,0.3919838249194093,1.4422402935838914,false
10,8,75.1,0.33262918883973014,1.4414053132910767,false
10,8,75.2,0.26779833879770454,1.4400077778576816,false
10,8,75.3,0.19678918634487003,1.4379984487694197,false
10,8,75.4,0.11883323863106084,1.4353217002913672,false
10,8,75.5,0.03311280677588846,1.4319150257710815,false
10,8,75.6,-0.061203895069358694,1.4277087814658493,false
10,8,75.7,-0.1649008875830208,1.4226263692036412,false
10,8,75.8,-0.2786152769802399,1.4165851475730982,false
10,8,75.9,-0.40269101463170603,1.4094984551910323,false
10,8,76.0,-0.5369820273165943,1.401279193687547,false
10,8,76.1,-0.6806172409018801,1.3918453825882062,false
10,8,76.2,-0.8317688356295169,1.3811278579515975,false
10,8,76.3,-0.9875025471867449,1.3690797364361043,false
10,8,76.4,-1.1438163020845518,1.3556864017116619,false
10,8,76.5,-1.2959575344977492,1.3409738311582544,false
10,8,76.6,-1.4390231730492522,1.3250126093018162,false
10,8,76.7,-1.5687089997694443,1.3079155726340097,false
10,8,76.8,-1.681969402567054,1.289828816730437,false
10,8,76.9,-1.777364408446689,1.2709180277406171,false
10,8,77.0,-1.8550126988980906,1.2513535490700876,false
10,8,77.1,-1.916239004127509,1.23129750843954,false
10,8,77.2,-1.9630939841868333,1.210894998939357,false
10,8,77.3,-1.997907864523403,1.1902696687622778,false
10,8,77.4,-2.0229647365936536,1.1695229165126697,false
10,8,77.5,-2.040312451664134,1.1487354465297233,false
10,8,77.6,-2.051681943464816,1.1279700254903375,false
10,8,77.7,-2.0584781462657777,1.1072746013541501,false
10,8,77.8,-2.0618095435027604,1.08668528394451,false
10,8,77.9,-2.0625335267759555,1.0662289467630415,false
10,8,78.0,-2.061304160306979,1.0459253756529958,false
10,8,78.1,-2.058615681496146,1.025788980254572,false
10,8,78.2,-2.0548391909367822,1.0058301245400114,false
10,8,78.3,-2.0502522029063477,0.9860561443087752,false
10,8,78.4,-2.045061753263414,0.9664721166529421,false
10,8,78.5,-2.039422120673535,0.9470814375319788,false
10,8,78.6,-2.0334482411851993,0.9278862532276336,false
10,8,78.7,-2.0272257753052383,0.9088877817058392,false
10,8,78.8,-2.020818620503,0.890086551607999,false
10,8,78.9,-2.0142744978226315,0.8714825798878252,false
10,8,79.0,-2.007629098174408,0.8530755038692394,false
10,8,79.1,-2.0009091570193362,0.8348646794906524,false
10,8,79.2,-1.9941347343060631,0.8168492544743055,false
10,8,79.3,-1.9873209060218773,0.799028222895745,false
10,8,79.4,-1.980479020448076,0.7814004659455385,false
10,8,79.5,-1.9736176323647168,0.7639647824287265,false
10,8,79.6,-1.9667431988459076,0.7467199116260871,false
10,8,79.7,-1.9598605983858512,0.7296645504609307,false
10,8,79.8,-1.9529735189350508,0.7127973664128796,false
10,8,79.9,-1.9460847485170296,0.6961170072491506,false
10,8,80.0,-1.9391963933239336,0.6796221083696745,false
10,9,80.0,-1.8668447212976265,0.7551819346366915,true
10,9,80.1,-1.881395289042749,0.7388782216951454,false
10,9,80.2,-1.891627797783396,0.7225811847968658,false
10,9,80.3,-1.89836492372494,0.7063264761263325,false
10,9,80.4,-1.902296195954074,0.6901425623346275,false
10,9,80.5,-1.903989075229984,0.6740519517383576,false
10,9,80.6,-1.9039042818817014,0.658072288374242,false
10,9,80.7,-1.9024121618106766,0.642217290910771,false
10,9,80.8,-1.8998082615530612,0.6264975373068141,false
10,9,80.9,-1.8963272176816497,0.6109211082666899,false
10,9,81.0,-1.8921546446317279,0.5954941077603172,false
10,9,81.1,-1.8874370329371768,0.5802210799793929,false
10,9,81.2,-1.8822898348438715,0.565105340994987,false
10,9,81.3,-1.8768039806883428,0.5501492412649296,false
10,9,81.4,-1.8710510804597331,0.5353543727093089,false
10,9,81.5,-1.8650875477360798,0.5207217317045987,false
10,9,81.6,-1.858957853802223,0.5062518472193086,false
10,9,81.7,-1.8526970871986423,0.49194488149080706,false
10,9,81.8,-1.846332962837658,0.47780070912725825,false
10,9,81.9,-1.8398873972244036,0.46381897928399596,false
10,9,82.0,-1.833377742888655,0.4499991645721001,false
10,9,82.1,-1.826817755791997,0.43634059956843296,false
10,9,82.2,-1.8202183538082057,0.42284251117371113,false
10,9,82.3,-1.8135882118497921,0.40950404257583894,false
10,9,82.4,-1.806934229291815,0.3963242721924339,false
10,9,82.5,-1.8002618975348956,0.3833022286668882,false
10,9,82.6,-1.7935755894304937,0.3704369027584542,false
10,9,82.7,-1.786878787511691,0.357727256784396,false
10,9,82.8,-1.7801742642462637,0.3451722321299293,false
10,9,82.9,-1.7734642246269006,0.332770755230613,false
10,9,83.0,-1.7667504191547885,0.32052174234513503,false
10,9,83.1,-1.7600342335148977,0.30842410336866266,false
10,9,83.2,-1.753316759872644,0.2964767448839011,false
10,9,83.3,-1.7465988536553578,0.2846785726054683,false
10,9,83.4,-1.739881178850556,0.27302849334061297,false
10,9,83.5,-1.7331642442040422,0.26152541656370704,false
10,9,83.6,-1.7264484321936664,0.25016825568181134,false
10,9,83.7,-1.7197340222576802,0.23895592905274515,false
10,9,83.8,-1.7130212094456034,0.22788736080456917,false
10,9,83.9,-1.7063101194154184,0.21696148149549305,false
10,9,84.0,-1.699600820509059,0.2061772286453795,false
10,9,84.1,-1.692893333487113,0.19553354716379961,false
10,9,84.2,-1.6861876393845672,0.18502938969465474,false
10,9,84.3,-1.6794836858553561,0.17466371689344812,false
10,9,84.4,-1.6727813922990615,0.1644354976501557,false
10,9,84.5,-1.666080654004142,0.15434370926814292,false
10,9,84.6,-1.659381345495256,0.14438733760757153,false
10,9,84.7,-1.6526833232350306,0.13456537720013748,false
10,9,84.8,-1.6459864278009742,0.12487683134069322,false
10,9,84.9,-1.639290485634582,0.11532071216027351,false
10,9,85.0,-1.6325953104407838,0.10589604068421092,false
10,9,85.1,-1.6259007043007303,0.09660184687835609,false
10,9,85.2,-1.619206458548795,0.08743716968587567,false
10,9,85.3,-1.6125123544548963,0.07840105705666334,false
10,9,85.4,-1.6058181637453983,0.06949256597104413,false
10,9,85.5,-1.5991236489895175,0.060710762459165936,false
10,9,85.6,-1.5924285638730356,0.05205472161723915,false
10,9,85.7,-1.5857326533769827,0.043523527621596156,false
10,9,85.8,-1.5790356538755859,0.03511627374139043,false
10,9,85.9,-1.5723372931650441,0.026832062350629918,false
10,9,86.0,-1.5656372904324565,0.018670004940139408,false
10,9,86.1,-1.55893535617241,0.010629222129965258,false
10,9,86.2,-1.5522311920572323,0.002708843682670589,false
10,9,86.3,-1.5455244907656822,-0.005091991482083974,false
10,9,86.4,-1.5388149357738348,-0.012774135271320092,false
10,9,86.5,-1.5321022011110663,-0.02033843040056159,false
10,9,86.6,-1.52538595108334,-0.02778571037339948,false
10,9,86.7,-1.5186658399653978,-0.035116799458526714,false
10,9,86.8,-1.5119415116629562,-0.04233251266398155,false
10,9,86.9,-1.5052125993455747,-0.049433655708348526,false
10,9,87.0,-1.4984787250504905,-0.05642102498867204,false
10,9,87.1,-1.4917394992573854,-0.06329540754484063,false
10,9,87.2,-1.4849945204337567,-0.07005758102020014,false
10,9,87.3,-1.4782433745503076,-0.07670831361815142,false
10,9,87.4,-1.471485634565524,-0.08324836405448358,false
10,9,87.5,-1.4647208598783819,-0.08967848150518694,false
10,9,87.6,-1.457948595747915,-0.09599940554948112,false
10,9,87.7,-1.4511683726781655,-0.10221186610778275,false
10,9,87.8,-1.4443797057668297,-0.10831658337432527,false
10,9,87.9,-1.4375820940157165,-0.11431426774412853,false
10,9,88.0,-1.4307750196009152,-0.12020561973400043,false
10,9,88.1,-1.4239579471003694,-0.1259913298972342,false
10,9,88.2,-1.4171303226763194,-0.13167207873164605,false
10,9,88.3,-1.4102915732098558,-0.13724853658057576,false
10,9,88.4,-1.40344110538457,-0.14272136352644893,false
10,9,88.5,-1.396578304716038,-0.14809120927647457,false
10,9,88.6,-1.3897025345235892,-0.15335871304002274,false
10,9,88.7,-1.3828131348405144,-0.15852450339719695,false
10,9,88.8,-1.3759094212585528,-0.16358919815808282,false
10,9,88.9,-1.3689906837021442,-0.16855340421211845,false
10,9,89.0,-1.3620561851275625,-0.17341771736699302,false
10,9,89.1,-1.3551051601416413,-0.17818272217643796,false
10,9,89.2,-1.3481368135343557,-0.1828489917562292,false
10,9,89.3,-1.3411503187190537,-0.18741708758766895,false
10,9,89.4,-1.3341448160735976,-0.19188755930776222,false
10,9,89.5,-1.327119411175111,-0.19626094448524395,false
10,9,89.6,-1.3200731729204,-0.20053776838154963,false
10,9,89.7,-1.313005131523438,-0.20471854369575265,false
10,9,89.8,-1.3059142763805494,-0.20880377029241712,false
10,9,89.9,-1.2987995537931185,-0.21279393491123214,false
10,9,90.0,-1.2916598645367383,-0.21668951085720556,false
10,10,90.0,-1.3057552547667581,-0.11222626186181558,true
10,10,90.1,-1.3080184128520924,-0.11696663885381135,false
10,10,90.2,-1.3097020090183222,-0.12169031545108489,false
10,10,90.3,-1.3108378143802364,-0.12639224792607726,false
10,10,90.4,-1.3114569278677477,-0.13106771786377294,false
10,10,90.5,-1.3115895536397113,-0.13571232255356064,false
10,10,90.6,-1.3112648278888737,-0.14032196364217173,false
10,10,90.7,-1.3105106893847804,-0.14489283448733847,false
10,10,90.8,-1.3093537880890804,-0.14942140659653863,false
10,10,90.9,-1.3078194263649978,-0.15390441548117267,false
10,10,91.0,-1.3059315276303043,-0.15833884620530006,false
10,10,91.1,-1.3037126277209885,-0.16272191886066675,false
10,10,91.2,-1.3011838847007113,-0.16705107415679699,false
10,10,91.3,-1.2983651033377772,-0.17132395927667354,false
10,10,91.4,-1.2952747709535108,-0.17553841411501767,false
10,10,91.5,-1.2919301018071743,-0.17969245798724587,false
10,10,91.6,-1.288347087612065,-0.1837842768725487,false
10,10,91.7,-1.2845405521688074,-0.18781221123384914,false
10,10,91.8,-1.2805242084520516,-0.1917747444402634,false
10,10,91.9,-1.2763107167953345,-0.19567049180369578,false
10,10,92.0,-1.2719117430869216,-0.19949819022995133,false
10,10,92.1,-1.2673380161194725,-0.2032566884758658,false
10,10,92.2,-1.2625993834314053,-0.20694493799707786,false
10,10,92.3,-1.2577048651413583,-0.21056198436588516,false
10,10,92.4,-1.2526627054126935,-0.2141069592348488,false
10,10,92.5,-1.247480421296055,-0.21757907281918765,false
10,10,92.6,-1.2421648487878754,-0.22097760686932003,false
10,10,92.7,-1.236722186014475,-0.22430190810397588,false
10,10,92.8,-1.2311580335077652,-0.22755138207396094,false
10,10,92.9,-1.2254774315819907,-0.23072548742677051,false
10,10,93.0,-1.2196848948536074,-0.23382373054271247,false
10,10,93.1,-1.2137844439700927,-0.23684566051391587,false
10,10,93.2,-1.207779634629889,-0.23979086443849384,false
10,10,93.3,-1.201673583986079,-0.242658963003139,false
10,10,93.4,-1.1954689945319579,-0.24544960632850257,false
10,10,93.5,-1.189168175568335,-0.24816247005280706,false
10,10,93.6,-1.1827730623509434,-0.2507972516302325,false
10,10,93.7,-1.1762852330123998,-0.2533536668216738,false
10,10,93.8,-1.1697059233472504,-0.25583144635647165,false
10,10,93.9,-1.1630360395411559,-0.25823033274465246,false
10,10,94.0,-1.156276168916545,-0.26055007722007023,false
10,10,94.1,-1.1494265887573087,-0.26279043679560204,false
10,10,94.2,-1.1424872732645086,-0.2649511714122154,false
10,10,94.3,-1.135457898683745,-0.26703204116428275,false
10,10,94.4,-1.1283378466328122,-0.2690328035839656,false
10,10,94.5,-1.121126205645621,-0.2709532109678221,false
10,10,94.6,-1.1138217709350293,-0.27279300772900084,false
10,10,94.7,-1.106423042363176,-0.2745519277584658,false
10,10,94.8,-1.0989282205930453,-0.2762296917786474,false
10,10,94.9,-1.0913352013791988,-0.2778260046727228,false
10,10,95.0,-1.083641567938734,-0.27934055277239045,false
10,10,95.1,-1.0758445813253916,-0.28077300108650766,false
10,10,95.2,-1.0679411687101072,-0.2821229904522913,false
10,10,95.3,-1.0599279094499263,-0.2833901345899367,false
10,10,95.4,-1.0518010188037876,-0.2845740170404588,false
10,10,95.5,-1.0435563291278598,-0.2856741879652957,false
10,10,95.6,-1.0351892683544839,-0.2866901607847098,false
10,10,95.7,-1.0266948355268772,-0.2876214086302493,false
10,10,95.8,-1.018067573126015,-0.288467360584465,false
10,10,95.9,-1.0093015358859125,-0.2892273976786784,false
10,10,96.0,-1.0003902557481392,-0.2899008486168212,false
10,10,96.1,-0.9913267025549306,-0.2904869851901697,false
10,10,96.2,-0.9821032400217568,-0.29098501734412063,false
10,10,96.3,-0.9727115764634504,-0.2913940878539319,false
10,10,96.4,-0.9631427096716577,-0.29171326656150387,false
10,10,96.5,-0.9533868652538288,-0.2919415441197171,false
10,10,96.6,-0.9434334276433602,-0.2920778251844591,false
10,10,96.7,-0.9332708628746157,-0.29212092098714876,false
10,10,96.8,-0.9228866320828254,-0.29206954121215467,false
10,10,96.9,-0.9122670945342582,-0.2919222850938301,false
10,10,97.0,-0.9013973988130104,-0.2916776316367647,false
10,10,97.1,-0.8902613605830896,-0.2913339288500363,false
10,10,97.2,-0.8788413251032835,-0.29088938187147556,false
10,10,97.3,-0.8671180123918284,-0.2903420398409037,false
10,10,97.4,-0.855070342611424,-0.28968978136160195,false
10,10,97.5,-0.8426752388648108,-0.28893029836648093,false
10,10,97.6,-0.8299074041478288,-0.28806107817902443,false
10,10,97.7,-0.8167390686900766,-0.28707938352849516,false
10,10,97.8,-0.8031397033109098,-0.28598223024340186,false
10,10,97.9,-0.7890756937168906,-0.28476636230603675,false
10,10,98.0,-0.7745099698506392,-0.28342822390305833,false
10,10,98.1,-0.7594015834536967,-0.28196392805154147,false
10,10,98.2,-0.7437052259099218,-0.28036922131541825,false
10,10,98.3,-0.7273706771736066,-0.2786394440524114,false
10,10,98.4,-0.7103421751421756,-0.27676948554489306,false
10,10,98.5,-0.6925576931959802,-0.27475373326794894,false
10,10,98.6,-0.6739481117956537,-0.2725860154326067,false
10,10,98.7,-0.6544362680161174,-0.27025953581006956,false
10,10,98.8,-0.6339358647498512,-0.2677667996925488,false
10,10,98.9,-0.6123502191221512,-0.26509952967716843,false
10,10,99.0,-0.5895708275953173,-0.26224856977186983,false
10,10,99.1,-0.5654757235839556,-0.25920377611874357,false
10,10,99.2,-0.5399276026318222,-0.25595389241663946,false
10,10,99.3,-0.5127716910677397,-0.2524864079126257,false
10,10,99.4,-0.48383333775070964,-0.2487873956409394,false
10,10,99.5,-0.45291531686585385,-0.24484132845205292,false
10,10,99.6,-0.4197948455363283,-0.24063087034761216,false
10,10,99.7,-0.384220347468048,-0.23613664080476165,false
10,10,99.8,-0.3459080391523849,-0.23133695026777995,false
10,10,99.9,-0.3045384873342458,-0.22620750600616954,false
10,10,100.0,-0.25975339829194544,-0.22072108938424373,false
12,1,0.0,-1.8633893588791945,0.9432517283983279,true
12,1,0.1,-1.89544272864903,0.9255172164439067,false
12,1,0.2,-1.919496813123561,0.9076567969126949,false
12,1,0.30000000000000004,-1.936988286851434,0.8897380169353477,false
12,1,0.4,-1.94918887726972,0.8718154825522532,false
12,1,0.5,-1.9571798455489053,0.853932609597479,false
12,1,0.6000000000000001,-1.9618542591546815,0.8361234570382327,false
12,1,0.7000000000000001,-1.9639344061985005,0.8184144483974491,false
12,1,0.8,-1.9639956125867923,0.8008258862964533,false
12,1,0.9,-1.9624911341049855,0.7833732296583147,false
12,1,1.0,-1.959775276510412,0.7660681400569517,false
12,1,1.1,-1.9561234974424415,0.7489193218006227,false
12,1,1.2,-1.9517491775511477,0.7319331868765473,false
12,1,1.3,-1.9468172356185773,0.715114376017503,false
12,1,1.4,-1.9414549772669583,0.6984661641787124,false
12,1,1.5,-1.9357606283382112,0.6819907745693758,false
12,1,1.6,-1.9298099871333114,0.6656896211093192,false
12,1,1.7000000000000002,-1.9236615783388782,0.6495634952763167,false
12,1,1.8,-1.9173606296725456,0.6336127099649408,false
12,1,1.9,-1.9109421321222306,0.6178372102225882,false
12,1,2.0,-1.9044331914150363,0.6022366585153094,false
12,1,2.1,-1.8978548336658434,0.5868105004283968,false
12,1,2.2,-1.891223391856262,0.5715580153424239,false
12,1,2.3,-1.8845515709314031,0.5564783555689014,false
12,1,2.4,-1.8778492666802362,0.5415705766159331,false
12,1,2.5,-1.8711241960097587,0.5268336606296959,false
12,1,2.6,-1.8643823826912347,0.5122665345793043,false
12,1,2.7,-1.857628532273865,0.49786808438685204,false
12,1,2.8,-1.8508663219184265,0.4836371659248318,false
12,1,2.9,-1.8440986248383624,0.4695726135893934,false
12,1,3.0,-1.8373276844089828,0.45567324699444006,false
12,1,3.1,-1.8305552494768953,0.44193787620643316,false
12,1,3.2,-1.8237826797102692,0.42836530584389904,false
12,1,3.3,-1.8170110277763003,0.414954338292069,false
12,1,3.4,-1.810241103563019,0.40170377622656495,false
12,1,3.5,-1.8034735244625497,0.3886124245965506,false
12,1,3.6,-1.7967087548140253,0.3756790921842476,false
12,1,3.7,-1.7899471368997706,0.36290259283183474,false
12,1,3.8,-1.7831889153472393,0.3502817464067319,false
12,1,3.9,-1.7764342563729847,0.33781537956076385,false
12,1,4.0,-1.7696832629842463,0.3255023263266606,false
12,1,4.1,-1.7629359870062413,0.31334142858599134,false
12,1,4.2,-1.75619243861189,0.30133153643533805,false
12,1,4.3,-1.749452593882505,0.2894715084718233,false
12,1,4.4,-1.7427164008129874,0.2777602120146579,false
12,1,4.5,-1.735983784085676,0.26619652327588755,false
12,1,4.6,-1.7292546488674143,0.25477932749078347,false
12,1,4.7,-1.7225288838300918,0.2435075190161707,false
12,1,4.8,-1.7158063635524734,0.232380001403294,false
12,1,4.9,-1.7090869504279202,0.2213956874504856,false
12,1,5.0,-1.7023704961765271,0.21055349923984198,false
12,1,5.1,-1.6956568430397276,0.19985236816128127,false
12,1,5.2,-1.688945824719288,0.1892912349266889,false
12,1,5.3,-1.682237267109895,0.17886904957633326,false
12,1,5.4,-1.6755309888644927,0.16858477147931336,false
12,1,5.5,-1.6688268018235548,0.15843736932946656,false
12,1,5.6,-1.6621245113331853,0.14842582113789876,false
12,1,5.7,-1.6554239164719027,0.13854911422308602,false
12,1,5.8,-1.6487248102019896,0.1288062451993271,false
12,1,5.9,-1.642026979458075,0.11919621996418982,false
12,1,6.0,-1.635330205183094,0.10971805368548607,false
12,1,6.1,-1.6286342623197043,0.10037077078822255,false
12,1,6.2,-1.6219389197636058,0.091153404941905,false
12,1,6.3,-1.6152439402838876,0.08206499904851831,false
12,1,6.4,-1.6085490804144478,0.07310460523146026,false
12,1,6.5,-1.6018540903196743,0.06427128482567199,false
12,1,6.6,-1.595158713636862,0.05556410836918041,false
12,1,6.7,-1.588462687297263,0.046982155596246473,false
12,1,6.8,-1.581765741327197,0.03852451543229623,false
12,1,6.9,-1.575067598630251,0.030190285990799707,false
12,1,7.0,-1.5683679747512678,0.02197857457225303,false
12,1,7.1,-1.5616665776225567,0.013888497665413117,false
12,1,7.2,-1.5549631072925116,0.005919180950930436,false
12,1,7.3,-1.5482572556366296,-0.0019302406924766782,false
12,1,7.4,-1.5415487060507438,-0.009660623179162617,false
12,1,7.5,-1.5348371331261264,-0.017272813204865435,false
12,1,7.6,-1.528122202305982,-0.024767648232040272,false
12,1,7.7,-1.521403569522711,-0.03214595647206411,false
12,1,7.8,-1.514680880815217,-0.039408556864155016,false
12,1,7.9,-1.5079537719254008,-0.04655625905084333,false
12,1,8.0,-1.5012218678728833,-0.053589863349825004,false
12,1,8.1,-1.4944847825068792,-0.06051016072201913,false
12,1,8.2,-1.4877421180340409,-0.0673179327356428,false
12,1,8.3,-1.480993464520968,-0.0740139515261062,false
12,1,8.4,-1.4742383993699737,-0.08059897975152026,false
12,1,8.5,-1.4674764867665662,-0.08707377054359658,false
12,1,8.6,-1.4607072770969851,-0.09343906745370689,false
12,1,8.7,-1.453930306333995,-0.09969560439385487,false
12,1,8.8,-1.4471450953889957,-0.10584410557229763,false
12,1,8.9,-1.4403511494283607,-0.11188528542353844,false
12,1,9.0,-1.4335479571517515,-0.1178198485323932,false
12,1,9.1,-1.426734990029981,-0.12364848955181505,false
12,1,9.2,-1.4199117014998155,-0.12937189311414013,false
12,1,9.3,-1.4130775261128996,-0.1349907337353951,false
12,1,9.4,-1.406231878635776,-0.14050567571228356,false
12,1,9.5,-1.399374153097732,-0.14591737301144123,false
12,1,9.6,-1.3925037217829546,-0.15122646915052299,false
12,1,9.7,-1.385619934163195,-0.15643359707065385,false
12,1,9.8,-1.3787221157668503,-0.16153937899974316,false
12,1,9.9,-1.3718095669800363,-0.1665444263061264,false
12,1,10.0,-1.3648815617748786,-0.17144933934196036,false
12,1,10.1,-1.3579373463598587,-0.1762547072757563,false
12,1,10.2,-1.3509761377466318,-0.18096110791339112,false
12,1,10.3,-1.3439971222272753,-0.185569107506888,false
12,1,10.4,-1.3369994537554257,-0.19007926055020544,false
12,1,10.5,-1.3299822522242142,-0.19449210956121704,false
12,1,10.6,-1.3229446016333108,-0.19880818484900245,false
12,1,10.7,-1.3158855481367362,-0.20302800426550294,false
12,1,10.8,-1.3088040979623747,-0.20715207294052243,false
12,1,10.9,-1.3016992151933446,-0.21118088299897547,false
12,1,11.0,-1.2945698194005069,-0.21511491325919752,false
12,1,11.1,-1.287414783114454,-0.2189546289110394,false
12,1,11.2,-1.2802329291242716,-0.22270048117236513,false
12,1,11.3,-1.2730230275892165,-0.226352906922461,false
12,1,11.4,-1.2657837929481972,-0.22991232831074213,false
12,1,11.5,-1.2585138806105372,-0.23337915233900958,false
12,1,11.6,-1.2512118834099726,-0.23675377041536538,false
12,1,11.7,-1.243876327802133,-0.240036557877734,false
12,1,11.8,-1.236505669783871,-0.24322787348476396,false
12,1,11.9,-1.2290982905107322,-0.2463280588716921,false
12,1,12.0,-1.221652491586549,-0.2493374379685431,false
12,2,12.0,-1.263538817630297,-0.19040445285425286,true
12,2,12.1,-1.2602170230648753,-0.19415867921660968,false
12,2,12.2,-1.2566701922512136,-0.19785388510980298,false
12,2,12.3,-1.252910762459344,-0.20148849834810745,false
12,2,12.4,-1.2489502985855976,-0.20506106824642917,false
12,2,12.5,-1.244799530391696,-0.20857025690289352,false
12,2,12.6,-1.2404683906008482,-0.21201483089121817,false
12,2,12.7,-1.2359660531567174,-0.21539365336442687,false
12,2,12.8,-1.231300971084486,-0.2187056765657134,false
12,2,12.9,-1.2264809135078032,-0.2219499347376942,false
12,2,13.0,-1.2215130014728297,-0.22512553741772198,false
12,2,13.1,-1.2164037423125837,-0.228231663104214,false
12,2,13.2,-1.211159062353061,-0.23126755327693577,false
12,2,13.3,-1.2057843378188053,-0.23423250675275317,false
12,2,13.4,-1.2002844238412809,-0.2371258743574144,false
12,2,13.5,-1.194663681509981,-0.23994705389335308,false
12,2,13.6,-1.1889260029349678,-0.24269548538323907,false
12,2,13.7,-1.1830748343116337,-0.24537064656896948,false
12,2,13.8,-1.1771131969949065,-0.2479720486459378,false
12,2,13.9,-1.1710437066017556,-0.25049923221268916,false
12,2,14.0,-1.164868590168465,-0.252951763416426,false
12,2,14.1,-1.1585897013933317,-0.2553292302752365,false
12,2,14.2,-1.1522085339967905,-0.25763123915834707,false
12,2,14.3,-1.1457262332298748,-0.2598574114061273,false
12,2,14.4,-1.1391436055587776,-0.2620073800719811,false
12,2,14.5,-1.132461126548351,-0.2640807867686201,false
12,2,14.6,-1.1256789469609088,-0.2660772786015264,false
12,2,14.7,-1.1187968970788265,-0.26799650517265106,false
12,2,14.8,-1.1118144892502875,-0.26983811563755755,false
12,2,14.9,-1.104730918647153,-0.2716017557992885,false
12,2,15.0,-1.0975450622123633,-0.27328706522220386,false
12,2,15.1,-1.0902554757614848,-0.2748936743488971,false
12,2,15.2,-1.082860389188926,-0.2764212016030316,false
12,2,15.3,-1.0753576997138632,-0.2778692504605413,false
12,2,15.4,-1.0677449630839044,-0.27923740647109735,false
12,2,15.5,-1.0600193826357613,-0.2805252342110376,false
12,2,15.6,-1.052177796091518,-0.2817322741480784,false
12,2,15.7,-1.0442166599461424,-0.28285803939705556,false
12,2,15.8,-1.0361320312764042,-0.2839020123446555,false
12,2,15.9,-1.0279195467729083,-0.2848636411195742,false
12,2,16.0,-1.0195743987651018,-0.28574233588275355,false
12,2,16.1,-1.011091307973288,-0.2865374649102606,false
12,2,16.2,-1.0024644926812942,-0.28724835043895525,false
12,2,16.3,-0.9936876339777185,-0.2878742642422991,false
12,2,16.4,-0.9847538366617846,-0.28841442290043634,false
12,2,16.5,-0.9756555853507592,-0.2888679827249723,false
12,2,16.6,-0.9663846952584416,-0.28923403429462,false
12,2,16.7,-0.9569322570370563,-0.2895115965529952,false
12,2,16.8,-0.9472885749863534,-0.28969961041423353,false
12,2,16.9,-0.9374430978319421,-0.2897969318156623,false
12,2,17.0,-0.9273843411576499,-0.2898023241493655,false
12,2,17.1,-0.9170998004413853,-0.2897144499959871,false
12,2,17.2,-0.9065758534875384,-0.2895318620743475,false
12,2,17.3,-0.8957976508677755,-0.2892529933092097,false
12,2,17.4,-0.8847489927719455,-0.2888761459065826,false
12,2,17.5,-0.873412190426768,-0.28839947931101717,false
12,2,17.6,-0.8617679099561941,-0.2878209969021168,false
12,2,17.7,-0.8497949962270447,-0.2871385312675634,false
12,2,17.8,-0.8374702738388015,-0.2863497278669173,false
12,2,17.9,-0.8247683219680797,-0.2854520268737652,false
12,2,18.0,-0.811661219255731,-0.28444264295285704,false
12,2,18.1,-0.7981182543155763,-0.28331854269299406,false
12,2,18.2,-0.7841055967347281,-0.282076419374781,false
12,2,18.3,-0.7695859226110408,-0.2807126647039969,false
12,2,18.4,-0.7545179877168183,-0.27922333708518593,false
12,2,18.5,-0.7388561402721183,-0.2776041259448887,false
12,2,18.6,-0.7225497640386261,-0.27585031153834405,false
12,2,18.7,-0.7055426409910182,-0.2739567195859699,false
12,2,18.8,-0.68777222117694,-0.27191766998484695,false
12,2,18.9,-0.6691687855392174,-0.2697269187241162,false
12,2,19.0,-0.6496544854626862,-0.2673775920000768,false
12,2,19.1,-0.6291422406714503,-0.26486211137556065,false
12,2,19.2,-0.6075344749384702,-0.262172108658246,false
12,2,19.3,-0.5847216670553752,-0.25929832898458754,false
12,2,19.4,-0.5605806929477563,-0.25623052039274513,false
12,2,19.5,-0.5349729342037798,-0.2529573079556363,false
12,2,19.6,-0.5077421294000328,-0.24946605033608235,false
12,2,19.7,-0.4787119486924374,-0.24574267644108358,false
12,2,19.8,-0.44768328109474925,-0.24177149972668954,false
12,2,19.9,-0.41443124058545927,-0.23753500769529795,false
12,2,20.0,-0.3787019260026509,-0.23301362432242353,false
12,2,20.1,-0.34020901700692396,-0.22818544368695223,false
12,2,20.2,-0.29863036348625144,-0.22302593416472452,false
12,2,20.3,-0.25360484173927894,-0.21750761448731648,false
12,2,20.4,-0.2047299254562483,-0.21159970621243712,false
12,2,20.5,-0.151560675962504,-0.20526777232999893,false
12,2,20.6,-0.09361122150621663,-0.19847335969633373,false
12,2,20.7,-0.03036029587773978,-0.1911736748504004,false
12,2,20.8,0.03873694467011267,-0.18332133980821672,false
12,2,20.9,0.11422783738798127,-0.17486429789701746,false
12,2,21.0,0.1966280985591629,-0.16574597020202866,false
12,2,21.1,0.28637042169067534,-0.15590579960379766,false
12,2,21.2,0.38373187737818293,-0.14528035675018094,false
12,2,21.3,0.4887383026556784,-0.1338052090203663,false
12,2,21.4,0.6010489173956852,-0.12141774822789604,false
12,2,21.5,0.7198334219768256,-0.10806110353312928,false
12,2,21.6,0.8436665089208703,-0.09368909667387791,false
12,2,21.7,0.9704776937000031,-0.07827190677738269,false
12,2,21.8,1.0975999765093705,-0.06180173179333231,false
12,2,21.9,1.2219489196141091,-0.044297377813027776,false
12,2,22.0,1.3403285587669826,-0.025806570138976158,false
12,2,22.1,1.449810484602002,-0.00640504767008571,false
12,2,22.2,1.5480921471462614,0.013807795022640488,false
12,2,22.3,1.6337372872809857,0.034716040933440453,false
12,2,22.4,1.7062425156666923,0.0561957568695593,false
12,2,22.5,1.7659371893521176,0.0781232539959965,false
12,2,22.6,1.8137740054164118,0.10038181331122548,false
12,2,22.7,1.8510840240341024,0.12286622509579712,false
12,2,22.8,1.879355327445473,0.14548512292390847,false
12,2,22.9,1.9000666057115547,0.1681615106373075,false
12,2,23.0,1.9145817470800572,0.19083204270652337,false
12,2,23.1,1.924096279943673,0.21344559184876633,false
12,2,23.2,1.929620947801536,0.2359615182284349,false
12,2,23.3,1.931988261591976,0.25834791599469253,false
12,2,23.4,1.9318710692870589,0.28057999483537266,false
12,2,23.5,1.9298057784949778,0.3026386693312986,false
12,2,23.6,1.9262158470209907,0.32450937517178574,false
12,2,23.7,1.9214332640087262,0.3461811012850208,false
12,2,23.8,1.9157170790068092,0.3676456127831809,false
12,2,23.9,1.909268802159357,0.38889683503463934,false
12,2,24.0,1.9022448904779623,0.40993036979228065,false
12,3,24.0,1.9617290694410625,0.25246077763057184,true
12,3,24.1,1.955760630314864,0.2749807136042186,false
12,3,24.2,1.9490972174476202,0.2972774783954226,false
12,3,24.3,1.9418949848164673,0.31934708667456724,false
12,3,24.4,1.9342733856977825,0.3411868377969137,false
12,3,24.5,1.926323796752017,0.36279501126494085,false
12,3,24.6,1.9181161432917126,0.38417063393220796,false
12,3,24.7,1.9097039661750868,0.40531330218888206,false
12,3,24.8,1.9011282862339383,0.42622304613606876,false
12,3,24.9,1.8924205472774085,0.44690022576116967,false
12,3,25.0,1.8836048562140426,0.4673454514794012,false
12,3,25.1,1.874699688487148,0.4875595232259529,false
12,3,25.2,1.8657191873769108,0.5075433836782155,false
12,3,25.3,1.8566741549803678,0.5272980822511049,false
12,3,25.4,1.8475728090811834,0.5468247473165584,false
12,3,25.5,1.838421362128862,0.566124564710895,false
12,3,25.6,1.8292244648907385,0.5851987610576931,false
12,3,25.7,1.819985547003738,0.6040485907851502,false
12,3,25.8,1.8107070788415505,0.62267532598299,false
12,3,25.9,1.801390773213411,0.6410802484457193,false
12,3,26.0,1.7920377409549357,0.6592646434021475,false
12,3,26.1,1.7826486111041548,0.6772297945474646,false
12,3,26.2,1.7732236238086159,0.6949769800827679,false
12,3,26.3,1.7637627021800086,0.7125074695345018,false
12,3,26.4,1.7542655078490563,0.729822521177898,false
12,3,26.5,1.7447314838610806,0.7469233799280226,false
12,3,26.6,1.7351598877057237,0.7638112755923444,false
12,3,26.7,1.7255498166281376,0.780487421402024,false
12,3,26.8,1.7159002268748667,0.7969530127570439,false
12,3,26.9,1.7062099481489872,0.8132092261341184,false
12,3,27.0,1.6964776942581186,0.8292572181169825,false
12,3,27.1,1.6867020707147935,0.8450981245169018,false
12,3,27.2,1.676881579875504,0.8607330595576118,false
12,3,27.3,1.6670146240704888,0.8761631151038182,false
12,3,27.4,1.6570995070719052,0.8913893599161862,false
12,3,27.5,1.6471344341663952,0.9064128389186707,false
12,3,27.6,1.63711751103396,0.9212345724662729,false
12,3,27.7,1.6270467415843737,0.9358555556030074,false
12,3,27.8,1.6169200248619942,0.9502767573011329,false
12,3,27.9,1.6067351510973298,0.9644991196736264,false
12,3,28.0,1.5964897969572442,0.9785235571525313,false
12,3,28.1,1.5861815200237661,0.992350955626238,false
12,3,28.2,1.575807752512972,1.0059821715289938,false
12,3,28.3,1.5653657942294263,1.0194180308760152,false
12,3,28.4,1.554852804737505,1.032659328237521,false
12,3,28.5,1.5442657947179488,1.0457068256448194,false
12,3,28.6,1.5336016164657973,1.0585612514212877,false
12,3,28.7,1.52285695347395,1.071223298930676,false
12,3,28.8,1.5120283090346995,1.083693625234662,false
12,3,28.9,1.5011119937793238,1.0959728496509606,false
12,3,29.0,1.4901041120629346,1.1080615522025696,false
12,3,29.1,1.4790005470879515,1.119960271947886,false
12,3,29.2,1.4677969446445278,1.1316695051804597,false
12,3,29.3,1.4564886953296765,1.1431897034860392,false
12,3,29.4,1.4450709150884167,1.1545212716433102,false
12,3,29.5,1.4335384238996154,1.1656645653532935,false
12,3,29.6,1.4218857224059398,1.1766198887807524,false
12,3,29.7,1.4101069662609966,1.1873874918891216,false
12,3,29.8,1.3981959379368172,1.1979675675483947,false
12,3,29.9,1.3861460157007104,1.208360248393048,false
12,3,30.0,1.373950139431489,1.2185656034044046,false
12,3,30.1,1.361600772900331,1.2285836341888052,false
12,3,30.2,1.3490898620901217,1.2384142709194992,false
12,3,30.3,1.336408789067895,1.248057367906227,false
12,3,30.4,1.3235483208566379,1.2575126987519816,false
12,3,30.5,1.3104985526736443,1.2667799510512978,false
12,3,30.6,1.2972488448109623,1.2758587205785465,false
12,3,30.7,1.2837877523270322,1.2847485049079694,false
12,3,30.8,1.2701029465947498,1.2934486963994483,false
12,3,30.9,1.2561811276067387,1.3019585744750883,false
12,3,31.0,1.242007925769866,1.3102772971014172,false
12,3,31.1,1.227567791723448,1.3184038913801166,false
12,3,31.2,1.212843872483846,1.3263372431364508,false
12,3,31.3,1.1978178719457608,1.3340760853785936,false
12,3,31.4,1.1824698934497915,1.3416189854824967,false
12,3,31.5,1.1667782617474187,1.3489643309353305,false
12,3,31.6,1.1507193212473477,1.3561103134452892,false
12,3,31.7,1.1342672068976705,1.3630549111960408,false
12,3,31.8,1.117393583430448,1.3697958689895142,false
12,3,31.9,1.1000673479497132,1.3763306759800986,false
12,3,32.0,1.0822542899573597,1.3826565406555538,false
12,3,32.1,1.063916701856217,1.3887703626636239,false
12,3,32.2,1.0450129317129009,1.394668701016888,false
12,3,32.3,1.0254968685659036,1.4003477381298102,false
12,3,32.4,1.0053173487814344,1.405803239048976,false
12,3,32.5,0.9844174698383692,1.411030505127334,false
12,3,32.6,0.9627337954052745,1.4160243212627057,false
12,3,32.7,0.9401954325923361,1.4207788956660592,false
12,3,32.8,0.916722958752476,1.4252877909417245,false
12,3,32.9,0.8922271711066265,1.4295438450449318,false
12,3,33.0,0.866607627732132,1.433539080426367,false
12,3,33.1,0.839750943072508,1.437264599373247,false
12,3,33.2,0.8115287951675736,1.4407104632063565,false
12,3,33.3,0.7817955954670543,1.4438655525884185,false
12,3,33.4,0.750385765816073,1.4467174057398051,false
12,3,33.5,0.7171105618255549,1.4492520308473684,false
12,3,33.6,0.6817543788666197,1.4514536884059381,false
12,3,33.7,0.6440704789426892,1.4533046386829105,false
12,3,33.8,0.6037760880316604,1.4547848490083126,false
12,3,33.9,0.5605468412667299,1.455871655280794,false
12,3,34.0,0.5140106089984704,1.4565393721420605,false
12,3,34.1,0.46374083847876074,1.4567588470382733,false
12,3,34.2,0.40924972169871304,1.4564969553932952,false
12,3,34.3,0.34998179209128705,1.4557160382168195,false
12,3,34.4,0.28530902265775426,1.4543732909768674,false
12,3,34.5,0.21452922911478295,1.4524201254505542,false
12,3,34.6,0.1368706759740378,1.449801547343134,false
12,3,34.7,0.05150733884085598,1.4464556254718752,false
12,3,34.8,-0.04240868048841276,1.442313177606875,false
12,3,34.9,-0.14568875452897764,1.4372978673566899,false
12,3,35.0,-0.25901259828804385,1.4313269955952683,false
12,3,35.1,-0.3827858353209445,1.424313368111198,false
12,3,35.2,-0.5169450649074326,1.4161686961186921,false
12,3,35.3,-0.6607201882799633,1.406808971010051,false
12,3,35.4,-0.8123918881411064,1.3961620433980209,false
12,3,35.5,-0.9691207180073418,1.3841771144557262,false
12,3,35.6,-1.1269560631484634,1.3708349867047551,false
12,3,35.7,-1.2811245365218216,1.3561569316337792,false
12,3,35.8,-1.4266167536999712,1.3402094450761015,false
12,3,35.9,-1.5589512896468625,1.3231026272574968,false
12,3,36.0,-1.6748752295358034,1.3049816577351023,false
12,4,36.0,-6.558618530540933e-5,1.3823640875773282,true
12,4,36.1,-0.09265876631239525,1.3782248489695252,false
12,4,36.2,-0.19441508691723217,1.373225689793547,false
12,4,36.3,-0.30589335455738026,1.367286191893638,false
12,4,36.4,-0.4273530174183159,1.3603226528612187,false
12,4,36.5,-0.5585684233517713,1.3522516749493625,false
12,4,36.6,-0.6986129037359577,1.342995588285471,false
12,4,36.7,-0.8456534949400415,1.3324898081651493,false
12,4,36.8,-0.9968295441834113,1.3206917024807752,false
12,4,36.9,-1.1483093555646067,1.3075897621794672,false
12,4,37.0,-1.2955997481129737,1.2932110600592681,false
12,4,37.1,-1.434103596603911,1.2776246317475939,false
12,4,37.2,-1.5598009335520475,1.2609390151363578,false
12,4,37.3,-1.669841805570511,1.2432937970928375,false
12,4,37.4,-1.7628573149176223,1.2248469699616285,false
12,4,37.5,-1.838919338551046,1.2057611491400504,false
12,4,37.6,-1.8992258722707345,1.186191622319363,false
12,4,37.7,-1.9456675584596694,1.1662780409564004,false
12,4,37.8,-1.9804186466060558,1.1461401222616507,false
12,4,37.9,-2.005632491586495,1.1258766866948222,false
12,4,38.0,-2.023258457600404,1.1055669309125649,false
12,4,38.1,-2.0349593820593186,1.0852728847619897,false
12,4,38.2,-2.0420966953118467,1.065042271081339,false
12,4,38.3,-2.0457534209207155,1.0449112873715638,false
12,4,38.4,-2.0467737963235972,1.0249070671699163,false
12,4,38.5,-2.0458066106646653,1.0050497359997055,false
12,4,38.6,-2.0433455547376167,0.9853540653733127,false
12,4,38.7,-2.0397637966919486,0.9658307702094412,false
12,4,38.8,-2.035342182167326,0.9464875091292073,false
12,4,38.9,-2.0302915209734445,0.9273296466397151,false
12,4,39.0,-2.0247698372018874,0.9083608292857024,false
12,4,39.1,-2.0188955356079417,0.8895834189073177,false
12,4,39.2,-2.012757357210472,0.8709988173863124,false
12,4,39.3,-2.0064218606273427,0.8526077096159916,false
12,4,39.4,-1.9999390219870679,0.8344102451478541,false
12,4,39.5,-1.9933464168675445,0.8164061739924926,false
12,4,39.6,-1.9866723397628867,0.7985949482031875,false
12,4,39.7,-1.9799381303762469,0.7809757979381725,false
12,4,39.8,-1.9731599090464746,0.7635477884861572,false
12,4,39.9,-1.966349872467118,0.7463098630832485,false
12,4,40.0,-1.9595172622543777,0.7292608751140068,false
12,4,40.1,-1.952669090012244,0.712399612370407,false
12,4,40.2,-1.9458106810025542,0.6957248153598349,false
12,4,40.3,-1.9389460825275648,0.6792351911464182,false
12,4,40.4,-1.9320783712690293,0.6629294238336274,false
12,4,40.5,-1.9252098850383004,0.646806182516409,false
12,4,40.6,-1.9183423978806073,0.6308641273230899,false
12,4,40.7,-1.9114772526506638,0.6151019140123518,false
12,4,40.8,-1.9046154615969,0.5995181974749998,false
12,4,40.9,-1.8977577828329812,0.5841116344039046,false
12,4,41.0,-1.8909047785981226,0.5688808853308611,false
12,4,41.1,-1.8840568597350216,0.5538246161806467,false
12,4,41.2,-1.8772143197155144,0.5389414994561473,false
12,4,41.3,-1.8703773607228213,0.5242302151410136,false
12,4,41.4,-1.8635461136843545,0.5096894513856339,false
12,4,41.5,-1.8567206536877219,0.4953179050265841,false
12,4,41.6,-1.8499010118658248,0.4811142819778848,false
12,4,41.7,-1.8430871845757724,0.4670772975234119,false
12,4,41.8,-1.8362791404992826,0.45320567653298194,false
12,4,41.9,-1.8294768261432073,0.4394981536194281,false
12,4,42.0,-1.8226801701059332,0.4259534732500123,false
12,4,42.1,-1.8158890863896984,0.41257038982247757,false
12,4,42.2,-1.8091034769736654,0.39934766771371694,false
12,4,42.3,-1.802323233812906,0.38628408130724473,false
12,4,42.4,-1.795548240390498,0.3733784150042787,false
12,4,42.5,-1.7887783729208957,0.3606294632221801,false
12,4,42.6,-1.7820135012804637,0.3480360303831773,false
12,4,42.7,-1.775253489723961,0.33559693089566484,false
12,4,42.8,-1.76849819743259,0.32331098912987466,false
12,4,42.9,-1.761747478929063,0.3111770393893373,false
12,4,43.0,-1.7550011843872926,0.2991939258792491,false
12,4,43.1,-1.7482591598582289,0.28736050267263236,false
12,4,43.2,-1.7415212474286481,0.2756756336749922,false
12,4,43.3,-1.7347872853260304,0.26413819258803367,false
12,4,43.4,-1.7280571079798008,0.25274706287289045,false
12,4,43.5,-1.7213305460469814,0.24150113771323076,false
12,4,43.6,-1.7146074264085487,0.2303993199785373,false
12,4,43.7,-1.7078875721414266,0.2194405221878049,false
12,4,43.8,-1.70117080246996,0.20862366647385797,false
12,4,43.9,-1.6944569326998722,0.1979476845484566,false
12,4,44.0,-1.6877457741370272,0.18741151766833541,false
12,4,44.1,-1.6810371339927992,0.1770141166022986,false
12,4,44.2,-1.6743308152774086,0.16675444159947977,false
12,4,44.3,-1.6676266166822598,0.15663146235886352,false
12,4,44.4,-1.660924332452034,0.14664415800015637,false
12,4,44.5,-1.6542237522470733,0.13679151703608866,false
12,4,44.6,-1.6475246609964111,0.12707253734622426,false
12,4,44.7,-1.640826838741652,0.11748622615235134,false
12,4,44.8,-1.634130060471789,0.10803159999552639,false
12,4,44.9,-1.6274340959489362,0.09870768471484224,false
12,4,45.0,-1.6207387095248704,0.08951351542799134,false
12,4,45.1,-1.6140436599481953,0.08044813651369583,false
12,4,45.2,-1.6073487001618771,0.07151060159607828,false
12,4,45.3,-1.6006535770908379,0.06269997353104796,false
12,4,45.4,-1.5939580314192405,0.05401532439478111,false
12,4,45.5,-1.5872617973570395,0.045455735474375876,false
12,4,45.6,-1.5805646023953293,0.037020297260766846,false
12,4,45.7,-1.5738661670499674,0.02870810944398732,false
12,4,45.8,-1.5671662045929051,0.020518280910872308,false
12,4,45.9,-1.560464420770605,0.012449929745299862,false
12,4,46.0,-1.553760513508878,0.004502183231073417,false
12,4,46.1,-1.5470541726034213,-0.003325822142446328,false
12,4,46.2,-1.5403450793952829,-0.011034940671845826,false
12,4,46.3,-1.533632906430422,-0.01862601742817813,false
12,4,46.4,-1.5269173171024808,-0.02609988824236981,false
12,4,46.5,-1.5201979652778128,-0.03345737968737967,false
12,4,46.6,-1.5134744949017536,-0.04069930905696595,false
12,4,46.7,-1.506746539585043,-0.04782648434091008,false
12,4,46.8,-1.5000137221692393,-0.05483970419653562,false
12,4,46.9,-1.493275654269877,-0.06173975791635136,false
12,4,47.0,-1.4865319357960391,-0.06852742539163711,false
12,4,47.1,-1.4797821544449203,-0.07520347707177905,false
12,4,47.2,-1.4730258851698534,-0.08176867391914984,false
12,4,47.3,-1.466262689620171,-0.08822376735931545,false
12,4,47.4,-1.4594921155511502,-0.09456949922633676,false
12,4,47.5,-1.4527136962021685,-0.10080660170291945,false
12,4,47.6,-1.44592694964106,-0.10693579725514928,false
12,4,47.7,-1.4391313780725192,-0.11295779856153264,false
12,4,47.8,-1.4323264671082356,-0.11887330843604477,false
12,4,47.9,-1.4255116849962781,-0.12468301974486679,false
12,4,48.0,-1.4186864818070568,-0.13038761531647267,false
12,5,48.0,-1.4825948353563436,0.003065157449063133,true
12,5,48.1,-1.4830078988021957,-0.00413323721036587,false
12,5,48.2,-1.4826992001517967,-0.011279262467175971,false
12,5,48.3,-1.4817412759477468,-0.018367024455772013,false
12,5,48.4,-1.4802001260018502,-0.025391307208362465,false
12,5,48.5,-1.4781355328226804,-0.03234750917383764,false
12,5,48.6,-1.4756014420928818,-0.03923158343364753,false
12,5,48.7,-1.4726463771524034,-0.046039982017678414,false
12,5,48.8,-1.4693138669504784,-0.05276960450298024,false
12,5,48.9,-1.4656428723457333,-0.059417750914279005,false
12,5,49.0,-1.4616682000258945,-0.06598207882736926,false
12,5,49.1,-1.457420896796584,-0.07246056449547629,false
12,5,49.2,-1.4529286196816,-0.07885146776644378,false
12,5,49.3,-1.4482159793152598,-0.08515330052833345,false
12,5,49.4,-1.4433048556127646,-0.09136479840712491,false
12,5,49.5,-1.4382146857853817,-0.09748489543818199,false
12,5,49.6,-1.432962725516232,-0.1035127014394634,false
12,5,49.7,-1.4275642846067775,-0.10944748182636532,false
12,5,49.8,-1.422032938706543,-0.11528863962351299,false
12,5,49.9,-1.4163807188993311,-0.12103569944622253,false
12,5,50.0,-1.4106182809775736,-0.12668829324260883,false
12,5,50.1,-1.4047550562229634,-0.1322461476056201,false
12,5,50.2,-1.3987993854493312,-0.13770907248208838,false
12,5,50.3,-1.3927586379702313,-0.14307695112283852,false
12,5,50.4,-1.3866393170417466,-0.148349731133776,false
12,5,50.5,-1.3804471532099043,-0.1535274165025626,false
12,5,50.6,-1.374187186868371,-0.15861006048894244,false
12,5,50.7,-1.3678638412103317,-0.1635977592790083,false
12,5,50.8,-1.3614809866416204,-0.16849064631474056,false
12,5,50.9,-1.3550419976121368,-0.17328888722007146,false
12,5,51.0,-1.3485498027203815,-0.17799267525360238,false
12,5,51.1,-1.3420069288520555,-0.18260222722601224,false
12,5,51.2,-1.3354155400281054,-0.18711777982722577,false
12,5,51.3,-1.3287774715601708,-0.19153958631464238,false
12,5,51.4,-1.32209426004167,-0.19586791351923907,false
12,5,51.5,-1.3153671696402567,-0.20010303913122696,false
12,5,51.6,-1.3085972151015104,-0.20424524923123022,false
12,5,51.7,-1.3017851818239314,-0.20829483603672946,false
12,5,51.8,-1.2949316433209799,-0.21225209583682678,false
12,5,51.9,-1.2880369763465087,-0.2161173270912968,false
12,5,52.0,-1.2811013739249384,-0.21989082867243412,false
12,5,52.1,-1.2741248564964223,-0.22357289823043122,false
12,5,52.2,-1.2671072813596067,-0.22716383066496082,false
12,5,52.3,-1.2600483505699813,-0.23066391668732147,false
12,5,52.4,-1.2529476174298644,-0.23407344145896639,false
12,5,52.5,-1.2458044916864315,-0.2373926832934942,false
12,5,52.6,-1.2386182435365816,-0.24062191241026,false
12,5,52.7,-1.231388006521535,-0.24376138972868341,false
12,5,52.8,-1.224112779379649,-0.2468113656931027,false
12,5,52.9,-1.216791426912779,-0.24977207911866564,false
12,5,53.0,-1.2094226799093943,-0.25264375604926786,false
12,5,53.1,-1.2020051341563975,-0.2554266086189589,false
12,5,53.2,-1.194537248561022,-0.2581208339085439,false
12,5,53.3,-1.1870173423941144,-0.2607266127893181,false
12,5,53.4,-1.17944359165642,-0.26324410874598925,false
12,5,53.5,-1.1718140245600084,-0.2656734666708738,false
12,5,53.6,-1.1641265161075833,-0.2680148116213937,false
12,5,53.7,-1.156378781742962,-0.270268247532759,false
12,5,53.8,-1.148568370036349,-0.2724338558774926,false
12,5,53.9,-1.1406926543580282,-0.2745116942631322,false
12,5,54.0,-1.1327488234836038,-0.27650179495904065,false
12,5,54.1,-1.124733871062772,-0.278404163342745,false
12,5,54.2,-1.1166445838716488,-0.28021877625562164,false
12,5,54.3,-1.108477528755715,-0.2819455802570248,false
12,5,54.4,-1.1002290381562687,-0.28358448976512113,false
12,5,54.5,-1.091895194097687,-0.2851353850717269,false
12,5,54.6,-1.0834718104955168,-0.28659811021733494,false
12,5,54.7,-1.0749544136261744,-0.28797247071124893,false
12,5,54.8,-1.0663382205775023,-0.2892582310802991,false
12,5,54.9,-1.0576181154752262,-0.29045511222796594,false
12,5,55.0,-1.0487886232530745,-0.2915627885838738,false
12,5,55.1,-1.0398438807034487,-0.29258088502149215,false
12,5,55.2,-1.030777604510506,-0.2935089735194792,false
12,5,55.3,-1.021583055927685,-0.29434656953936816,false
12,5,55.4,-1.0122530017162803,-0.2950931280891972,false
12,5,55.5,-1.0027796709097785,-0.29574803943915806,false
12,5,55.6,-0.9931547069092546,-0.296310624451332,false
12,5,55.7,-0.9833691143469655,-0.2967801294810193,false
12,5,55.8,-0.9734132000769519,-0.2971557208019695,false
12,5,55.9,-0.9632765075612787,-0.29743647850188876,false
12,5,56.0,-0.9529477438165594,-0.29762138978782293,false
12,5,56.1,-0.9424146979652931,-0.2977093416332646,false
12,5,56.2,-0.9316641502975953,-0.2976991126899505,false
12,5,56.3,-0.9206817705879309,-0.2975893643771289,false
12,5,56.4,-0.909452004224702,-0.29737863104937434,false
12,5,56.5,-0.8979579444936104,-0.29706530913056056,false
12,5,56.6,-0.8861811891034161,-0.2966476450860928,false
12,5,56.7,-0.8741016787489864,-0.29612372208760396,false
12,5,56.8,-0.8616975151642708,-0.2954914452036445,false
12,5,56.9,-0.8489447557187622,-0.2947485249259842,false
12,5,57.0,-0.8358171811454828,-0.29389245881344894,false
12,5,57.1,-0.8222860324454749,-0.29292051100311406,false
12,5,57.2,-0.8083197123804412,-0.2918296893014234,false
12,5,57.3,-0.7938834462272021,-0.2906167195245547,false
12,5,57.4,-0.7789388956090085,-0.28927801670711145,false
12,5,57.5,-0.7634437182220756,-0.2878096527398615,false
12,5,57.6,-0.747351065122833,-0.2862073199294715,false
12,5,57.7,-0.730609005914455,-0.28446628989455863,false
12,5,57.8,-0.7131598706546631,-0.28258136712130744,false
12,5,57.9,-0.6949394955906206,-0.2805468363966821,false
12,5,58.0,-0.6758763579119496,-0.27835640321616706,false
12,5,58.1,-0.6558905826200585,-0.2760031261243678,false
12,5,58.2,-0.6348928023946966,-0.2734793397894045,false
12,5,58.3,-0.6127828491045393,-0.2707765674352765,false
12,5,58.4,-0.5894482535514437,-0.26788542106105867,false
12,5,58.5,-0.5647625284868414,-0.2647954876650525,false
12,5,58.6,-0.5385832094321674,-0.26149519947288297,false
12,5,58.7,-0.5107496292329065,-0.2579716859542855,false
12,5,58.8,-0.4810804069240711,-0.25421060522711386,false
12,5,58.9,-0.44937064145983896,-0.25019595232736075,false
12,5,59.0,-0.41538881931857274,-0.24590984183254902,false
12,5,59.1,-0.3788734766693621,-0.24133226255983256,false
12,5,59.2,-0.3395297086607327,-0.23644080266904646,false
12,5,59.3,-0.29702570056895994,-0.2312103447107787,false
12,5,59.4,-0.2509895822590871,-0.22561273230541828,false
12,5,59.5,-0.20100709798619212,-0.2196164137069594,false
12,5,59.6,-0.1466208627262777,-0.21318607317956378,false
12,5,59.7,-0.08733237256285115,-0.20628226982171102,false
12,5,59.8,-0.022608476684371992,-0.19886111639126958,false
12,5,59.9,0.048105288119147147,-0.19087404916720468,false
12,5,60.0,0.12536129119818812,-0.1822677651726328,false
12,6,60.0,-0.4401300181032084,-0.17466094445650182,true
12,6,60.1,-0.41319835838386576,-0.17087598013606423,false
12,6,60.2,-0.38429438886070183,-0.16686301306339021,false
12,6,60.3,-0.3532037199382571,-0.16260467200314305,false
12,6,60.4,-0.3196853548625534,-0.15808162804075138,false
12,6,60.5,-0.2834688281162888,-0.1532723519256419,false
12,6,60.6,-0.24425143373763503,-0.14815284721623212,false
12,6,60.7,-0.20169581446679438,-0.14269636137285702,false
12,6,60.8,-0.1554283397766859,-0.13687308008873178,false
12,6,60.9,-0.10503892582170504,-0.1306498150070796,false
12,6,61.0,-0.05008326259603843,-0.12398970224297028,false
12,6,61.1,0.009911170533370192,-0.11685193967402172,false
12,6,61.2,0.0754333982337784,-0.10919160573743258,false
12,6,61.3,0.14696905604443128,-0.10095962229144037,false
12,6,61.4,0.22496926020084224,-0.09210294915941437,false
12,6,61.5,0.30980491510030084,-0.08256512690551843,false
12,6,61.6,0.4017035828784092,-0.07228731273588167,false
12,6,61.7,0.5006679042477267,-0.06120997255715033,false
12,6,61.8,0.6063786965964145,-0.04927538336963598,false
12,6,61.9,0.7180929261097276,-0.036431040269624335,false
12,6,62.0,0.8345564110181986,-0.02263392525317419,false
12,6,62.1,0.9539608391718458,-0.00785536705331429,false
12,6,62.2,1.0739789944132525,0.007914074589409457,false
12,6,62.3,1.1919037657767135,0.02466054734547435,false
12,6,62.4,1.3048912045770862,0.04234463937922589,false
12,6,62.5,1.410270559654763,0.06090170731150396,false
12,6,62.6,1.5058514396903455,0.0802450914943049,false
12,6,62.7,1.5901501958207076,0.10027180685303537,false
12,6,62.8,1.6624827252680514,0.12086967814498063,false
12,6,62.9,1.722917067875092,0.14192461670280723,false
12,6,63.0,1.7721218844273128,0.16332689239049059,false
12,6,63.1,1.8111672196526738,0.1849757074180782,false
12,6,63.2,1.84132936666732,0.20678189583824225,false
12,6,63.3,1.8639325750633067,0.22866896708992912,false
12,6,63.4,1.8802395311722713,0.2505729124105794,false
12,6,63.5,1.8913876959149243,0.2724412251907966,false
12,6,63.6,1.8983613659071605,0.2942315178060525,false
12,6,63.7,1.9019878705243312,0.3159100117356811,false
12,6,63.8,1.9029479596555285,0.33745007562718826,false
12,6,63.9,1.9017931094158798,0.3588309055583848,false
12,6,64.0,1.898965026280527,0.38003638644911847,false
12,6,64.1,1.8948146154795646,0.4010541396293338,false
12,6,64.2,1.8896190421456445,0.42187474316969614,false
12,6,64.3,1.8835963630778896,0.4424911033411464,false
12,6,64.4,1.8769176893732362,0.46289795338291334,false
12,6,64.5,1.8697170838186126,0.48309145682816196,false
12,6,64.6,1.862099496750846,0.5030688952118861,false
12,6,64.7,1.854147063693086,0.5228284230507155,false
12,6,64.8,1.8459240671612827,0.5423688759975488,false
12,6,64.9,1.837480826883871,0.5616896207811931,false
12,6,65.0,1.828856740086372,0.5807904378516487,false
12,6,65.1,1.8200826529120515,0.5996714295607726,false
12,6,65.2,1.8111827082867469,0.6183329482520802,false
12,6,65.3,1.802175785416339,0.6367755398640803,false
12,6,65.4,1.7930766214577125,0.6549998996225318,false
12,6,65.5,1.7838966861167393,0.6730068371578111,false
12,6,65.6,1.7746448642479666,0.6907972489768643,false
12,6,65.7,1.7653279892190725,0.708372096680426,false
12,6,65.8,1.7559512601957232,0.7257323896740414,false
12,6,65.9,1.7465185690367964,0.7428791713988167,false
12,6,66.0,1.737032756704403,0.7598135083227622,false
12,6,66.1,1.727495814616974,0.7765364811001948,false
12,6,66.2,1.7179090429131851,0.7930491774358673,false
12,6,66.3,1.7082731749196527,0.8093526862907925,false
12,6,66.4,1.6985884750469313,0.8254480931446738,false
12,6,66.5,1.6888548157376932,0.8413364760905124,false
12,6,66.6,1.6790717378508841,0.8570189025842211,false
12,6,66.7,1.6692384979035997,0.8724964267089599,false
12,6,66.8,1.6593541048448381,0.8877700868427271,false
12,6,66.9,1.6494173484532821,0.9028409036402855,false
12,6,67.0,1.639426820997202,0.9177098782581661,false
12,6,67.1,1.6293809334395064,0.9323779907653322,false
12,6,67.2,1.6192779271925684,0.9468461986929405,false
12,6,67.3,1.6091158822084937,0.9611154356851387,false
12,6,67.4,1.5988927220176707,0.9751866102195003,false
12,6,67.5,1.5886062161914694,0.9890606043708882,false
12,6,67.6,1.5782539805958056,1.0027382725965752,false
12,6,67.7,1.5678334757147765,1.0162204405235578,false
12,6,67.8,1.5573420032528498,1.029507903721361,false
12,6,67.9,1.546776701166348,1.0426014264453947,false
12,6,68.0,1.5361345372272213,1.0555017403371842,false
12,6,68.1,1.5254123011820186,1.0682095430686562,false
12,6,68.2,1.5146065955346144,1.080725496918168,false
12,6,68.3,1.5037138249511584,1.0930502272661815,false
12,6,68.4,1.4927301842586238,1.1051843209984282,false
12,6,68.5,1.481651644983217,1.117128324804128,false
12,6,68.6,1.470473940350913,1.1288827433563045,false
12,6,68.7,1.4591925486487247,1.1404480373605217,false
12,6,68.8,1.4478026748213382,1.1518246214574215,false
12,6,68.9,1.436299230152781,1.16301286196329,false
12,6,69.0,1.4246768098562494,1.1740130744314967,false
12,6,69.1,1.4129296683664576,1.1848255210160257,false
12,6,69.2,1.4010516920972487,1.1954504076164256,false
12,6,69.3,1.3890363693920218,1.2058878807813282,false
12,6,69.4,1.376876757355009,1.216138024345173,false
12,6,69.5,1.3645654452067284,1.2262008557699036,false
12,6,69.6,1.3520945137560558,1.2360763221601123,false
12,6,69.7,1.3394554905231544,1.2457642959163389,false
12,6,69.8,1.3266392999806849,1.2552645699869243,false
12,6,69.9,1.313636208303721,1.264576852673882,false
12,6,70.0,1.300435761929807,1.2737007619425904,false
12,6,70.1,1.2870267191274891,1.282635819178612,false
12,6,70.2,1.273396973651841,1.2913814423274805,false
12,6,70.3,1.259533469426019,1.299936938344691,false
12,6,70.4,1.2454221050250616,1.3083014948732166,false
12,6,70.5,1.231047626547718,1.3164741710544041,false
12,6,70.6,1.2163935072388936,1.324453887364842,false
12,6,70.7,1.2014418119631465,1.3322394143563916,false
12,6,70.8,1.186173044321169,1.3398293601586926,false
12,6,70.9,1.1705659738374319,1.3472221565826166,false
12,6,71.0,1.1545974402174675,1.3544160436388408,false
12,6,71.1,1.138242131164789,1.3614090522572937,false
12,6,71.2,1.1214723296447082,1.3681989849599356,false
12,6,71.3,1.1042576257668262,1.3747833942002652,false
12,6,71.4,1.086564587607494,1.3811595580369964,false
12,6,71.5,1.0683563842815071,1.387324452755232,false
12,6,71.6,1.0495923533671407,1.3932747219845896,false
12,6,71.7,1.0302275033529424,1.3990066417882765,false
12,6,71.8,1.0102119400646914,1.4045160811078075,false
12,6,71.9,0.9894902039958986,1.4097984568422932,false
12,6,72.0,0.9680005030476704,1.4148486827158768,false
12,7,72.0,1.1579798417208564,1.2552089428756217,true
12,7,72.1,1.1513494364676304,1.263005252762793,false
12,7,72.2,1.1440793719046725,1.270680670420468,false
12,7,72.3,1.136182797875453,1.2782302813632465,false
12,7,72.4,1.1276702809057397,1.285649315899098,false
12,7,72.5,1.1185497077439037,1.2929331239431248,false
12,7,72.6,1.108826189481113,1.3000771491387266,false
12,7,72.7,1.0985019608278495,1.307076902271523,false
12,7,72.8,1.0875762692833582,1.3139279339125782,false
12,7,72.9,1.0760452489982772,1.3206258061800709,false
12,7,73.0,1.0639017740808143,1.3271660634615607,false
12,7,73.1,1.051135285917498,1.3335442018913302,false
12,7,73.2,1.037731588754665,1.3397556373276445,false
12,7,73.3,1.0236726072987934,1.345795671521799,false
12,7,73.4,1.0089360994223058,1.3516594561129343,false
12,7,73.5,0.9934953161824863,1.3573419540180507,false
12,7,73.6,0.9773186002460036,1.3628378977134568,false
12,7,73.7,0.960368912425955,1.3681417438197985,false
12,7,73.8,0.9426032743420659,1.3732476233052469,false
12,7,73.9,0.9239721131612424,1.3781492865074219,false
12,7,74.0,0.9044184919131718,1.3828400420408018,false
12,7,74.1,0.88387720594881,1.3873126884988711,false
12,7,74.2,0.8622737226642225,1.3915594376747402,false
12,7,74.3,0.8395229376037037,1.395571827805677,false
12,7,74.4,0.8155277154643189,1.3993406250908809,false
12,7,74.5,0.7901771793791088,1.402855711432917,false
12,7,74.6,0.7633447062815407,1.4061059560072335,false
12,7,74.7,0.7348855804366755,1.4090790678686653,false
12,7,74.8,0.7046342519310679,1.4117614263601785,false
12,7,74.9,0.6724011430732764,1.4141378856058275,false
12,7,75.0,0.6379689450570699,1.416191548868084,false
12,7,75.1,0.6010883528873004,1.417903508071815,false
12,7,75.2,0.561473203411301,1.4192525434212002,false
12,7,75.3,0.5187950173248612,1.420214777897444,false
12,7,75.4,0.4726770139055196,1.4207632817521414,false
12,7,75.5,0.4226877866997516,1.4208676232762394,false
12,7,75.6,0.368335029476468,1.420493364722919,false
12,7,75.7,0.3090600287291085,1.419601507222612,false
12,7,75.8,0.2442341541950548,1.4181478972575292,false
12,7,75.9,0.17315936361578638,1.4160826218190568,false
12,7,76.0,0.09507588415651883,1.4133494426034698,false
12,7,76.1,0.009181810914599103,1.4098853551201793,false
12,7,76.2,-0.08532866010044218,1.40562041023798,false
12,7,76.3,-0.18919957939147583,1.4004780059089192,false
12,7,76.4,-0.30301011563311675,1.3943759428032911,false
12,7,76.5,-0.4270253067343857,1.3872286242172494,false
12,7,76.6,-0.5609993238226438,1.3789508296543436,false
12,7,76.7,-0.7039469820650819,1.3694634312598397,false
12,7,76.8,-0.8539282187856373,1.3587011508778928,false
12,7,76.9,-1.0079255144124661,1.346621882591572,false
12,7,77.0,-1.1619159105616061,1.3332162547749662,false
12,7,77.1,-1.3112154603273039,1.3185152460172624,false
12,7,77.2,-1.4510835482544335,1.3025933370469607,false
12,7,77.3,-1.5774441150356644,1.2855654079543888,false
12,7,77.4,-1.687492382800147,1.267577388380189,false
12,7,77.5,-1.7799868574575246,1.2487927500831202,false
12,7,77.6,-1.8551683071941254,1.2293781549288363,false
12,7,77.7,-1.9144026241664491,1.2094913351797862,false
12,7,77.8,-1.95971830567009,1.189272952512909,false
12,7,77.9,-1.9933859497637239,1.1688426510850438,false
12,7,78.0,-2.017615689881815,1.1482984822063929,false
12,7,78.1,-2.0343827320288423,1.127718508232171,false
12,7,78.2,-2.0453548400327883,1.1071634994654291,false
12,7,78.3,-2.051886027320973,1.0866799455987863,false
12,7,78.4,-2.0550457779471047,1.0663029199575123,false
12,7,78.5,-2.0556626791208905,1.0460585762772014,false
12,7,78.6,-2.05437008271716,1.025966211208861,false
12,7,78.7,-2.0516476363956833,1.0060399091558105,false
12,7,78.8,-2.0478563342410303,0.9862898232875481,false
12,7,78.9,-2.043266790586321,0.9667231572274443,false
12,7,79.0,-2.0380813946275245,0.9473449091481749,false
12,7,79.1,-2.0324513397139623,0.9281584316521035,false
12,7,79.2,-2.0264895456558043,0.9091658510435615,false
12,7,79.3,-2.020280380753015,0.8903683803983842,false
12,7,79.4,-2.013886935246016,0.871766552972705,false
12,7,79.5,-2.007356443912628,0.8533603961249664,false
12,7,79.6,-2.0007243208137804,0.8351495609343452,false
12,7,79.7,-1.994017158770593,0.8171334188688577,false
12,7,79.8,-1.987254959060772,0.7993111339576743,false
12,7,79.9,-1.9804527897622886,0.7816817167482241,false
12,7,80.0,-1.9736220203425374,0.7642440647080048,false
12,7,80.1,-1.9667712419606287,0.7469969925273694,false
12,7,80.2,-1.9599069545407555,0.7299392548876146,false
12,7,80.3,-1.9530340805998299,0.7130695635984238,false
12,7,80.4,-1.9461563502204935,0.6963866005200833,false
12,7,80.5,-1.939276590041184,0.6798890273241299,false
12,7,80.6,-1.932396940628776,0.6635754928780563,false
12,7,80.7,-1.9255190203173604,0.647444638840874,false
12,7,80.8,-1.9186440489543912,0.6314951039086474,false
12,7,80.9,-1.911772941561386,0.61572552703923,false
12,7,81.0,-1.9049063793728813,0.6001345499035458,false
12,7,81.1,-1.8980448638306842,0.584720818749617,false
12,7,81.2,-1.8911887577087432,0.5694829858198015,false
12,7,81.3,-1.88433831650071,0.5544197104274226,false
12,7,81.4,-1.8774937124244064,0.5395296597732311,false
12,7,81.5,-1.8706550528163122,0.5248115095627629,false
12,7,81.6,-1.863822394254267,0.5102639444710483,false
12,7,81.7,-1.8569957534204045,0.49588565849008914,false
12,7,81.8,-1.8501751154712363,0.48167535518616356,false
12,7,81.9,-1.843360440497256,0.46763174788767403,false
12,7,82.0,-1.8365516685152008,0.4537535598194358,false
12,7,82.1,-1.8297487233308527,0.4400395241956273,false
12,7,82.2,-1.822951515530517,0.4264883842808217,false
12,7,82.3,-1.816159944798803,0.4130988934263736,false
12,7,82.4,-1.809373901714302,0.39986981508779046,false
12,7,82.5,-1.802593269139658,0.3867999228274555,false
12,7,82.6,-1.7958179232957654,0.37388800030609914,false
12,7,82.7,-1.7890477345893046,0.36113284126566425,false
12,7,82.8,-1.7822825682471228,0.3485332495056338,false
12,7,82.9,-1.7755222847988954,0.3360880388544417,false
12,7,83.0,-1.7687667404401957,0.32379603313723876,false
12,7,83.1,-1.76201578730095,0.3116560661410183,false
12,7,83.2,-1.755269273638699,0.29966698157789506,false
12,7,83.3,-1.7485270439718024,0.2878276330471672,false
12,7,83.4,-1.7417889391643957,0.2761368839966651,false
12,7,83.5,-1.73505479647231,0.2645936076837903,false
12,7,83.6,-1.7283244495571566,0.25319668713657,false
12,7,83.7,-1.721597728474193,0.24194501511499208,false
12,7,83.8,-1.7148744596383585,0.23083749407283813,false
12,7,83.9,-1.7081544657718943,0.21987303612019435,false
12,7,84.0,-1.7014375658362049,0.20905056298679175,false
12,8,84.0,-1.7542716102647316,0.29607315845009285,true
12,8,84.1,-1.7473625487949516,0.2842700971280883,false
12,8,84.2,-1.740485491700167,0.27261676635390836,false
12,8,84.3,-1.7336353861538023,0.2611117987389516,false
12,8,84.4,-1.7268080711219669,0.2497538789994504,false
12,8,84.5,-1.720000106566553,0.23854173621265046,false
12,8,84.6,-1.7132086364497157,0.2274741375342716,false
12,8,84.7,-1.7064312785982776,0.21654988308983153,false
12,8,84.8,-1.699666035963929,0.20576780181108523,false
12,8,84.9,-1.6929112249661067,0.19512674803509672,false
12,8,85.0,-1.6861654175041552,0.18462559872003664,false
12,8,85.1,-1.679427393930754,0.17426325116078925,false
12,8,85.2,-1.6726961048331679,0.16403862111048695,false
12,8,85.3,-1.6659706399060275,0.15395064123243252,false
12,8,85.4,-1.6592502025447973,0.14399825982150782,false
12,8,85.5,-1.6525340890626998,0.1341804397458767,false
12,8,85.6,-1.6458216716510816,0.12449615756917219,false
12,8,85.7,-1.6391123843760076,0.11494440282089428,false
12,8,85.8,-1.632405711641638,0.10552417738880734,false
12,8,85.9,-1.6257011786609765,0.0962344950120144,false
12,8,86.0,-1.6189983435626636,0.08707438085733428,false
12,8,86.1,-1.6122967908331005,0.07804287116480221,false
12,8,86.2,-1.605596125849937,0.06913901295070547,false
12,8,86.3,-1.5988959703085968,0.060361863758669726,false
12,8,86.4,-1.5921959583803391,0.05171049145102413,false
12,8,86.5,-1.5854957334700661,0.0431839740340697,false
12,8,86.6,-1.5787949454661327,0.034781399512015566,false
12,8,86.7,-1.5720932483938976,0.026501865765281726,false
12,8,86.8,-1.565390298400552,0.01834448044963198,false
12,8,86.9,-1.5586857520116097,0.010308360913230194,false
12,8,87.0,-1.551979264609894,0.0023926341292312553,false
12,8,87.1,-1.545270489096374,-0.005403563358054451,false
12,8,87.2,-1.5385590746991458,-0.0130810854750299,false
12,8,87.3,-1.531844665902532,-0.020640776650026803,false
12,8,87.4,-1.5251269014729116,-0.028083471834936185,false
12,8,87.5,-1.5184054135616827,-0.03540999651811844,false
12,8,87.6,-1.5116798268688676,-0.04262116672928619,false
12,8,87.7,-1.5049497578534088,-0.049717789036908704,false
12,8,87.8,-1.4982148139782825,-0.056700660538565005,false
12,8,87.9,-1.4914745929802544,-0.06357056884456846,false
12,8,88.0,-1.4847286821554835,-0.07032829205509683,false
12,8,88.1,-1.4779766576533093,-0.07697459873098482,false
12,8,88.2,-1.4712180837714655,-0.0835102478582688,false
12,8,88.3,-1.4644525122466905,-0.08993598880651464,false
12,8,88.4,-1.4576794815352965,-0.09625256128090652,false
12,8,88.5,-1.4508985160787018,-0.1024606952680272,false
12,8,88.6,-1.4441091255492882,-0.10856111097521697,false
12,8,88.7,-1.4373108040722016,-0.11455451876335719,false
12,8,88.8,-1.4305030294188883,-0.1204416190728874,false
12,8,88.9,-1.4236852621682774,-0.12622310234282705,false
12,8,89.0,-1.416856944831562,-0.1318996489225384,false
12,8,89.1,-1.4100175009365348,-0.13747192897593158,false
12,8,89.2,-1.403166334067376,-0.14294060237777767,false
12,8,89.3,-1.3963028268556963,-0.14830631860176,false
12,8,89.4,-1.3894263399184932,-0.15356971659985802,false
12,8,89.5,-1.3825362107384973,-0.1587314246726198,false
12,8,89.6,-1.3756317524821609,-0.1637920603298404,false
12,8,89.7,-1.3687122527502786,-0.16875223014112212,false
12,8,89.8,-1.3617769722559219,-0.1736125295757491,false
12,8,89.9,-1.3548251434240215,-0.17837354283126286,false
12,8,90.0,-1.3478559689065457,-0.1830358426500755,false
12,8,90.1,-1.3408686200067736,-0.1875999901234058,false
12,8,90.2,-1.3338622350056841,-0.19206653448176583,false
12,8,90.3,-1.326835917382933,-0.19643601287116536,false
12,8,90.4,-1.319788733924295,-0.2007089501141361,false
12,8,90.5,-1.3127197127067842,-0.20488585845460625,false
12,8,90.6,-1.3056278409519326,-0.20896723728557973,false
12,8,90.7,-1.2985120627369082,-0.21295357285849076,false
12,8,90.8,-1.2913712765522596,-0.21684533797301458,false
12,8,90.9,-1.284204332694095,-0.22064299164601642,false
12,8,91.0,-1.2770100304774312,-0.2243469787582141,false
12,8,91.1,-1.269787115256246,-0.22795772967701328,false
12,8,91.2,-1.2625342752344664,-0.23147565985384658,false
12,8,91.3,-1.2552501380506602,-0.2349011693942098,false
12,8,91.4,-1.2479332671176118,-0.23823464259843563,false
12,8,91.5,-1.2405821576961702,-0.2414764474710797,false
12,8,91.6,-1.2331952326808155,-0.2446269351966117,false
12,8,91.7,-1.2257708380721986,-0.24768643957890368,false
12,8,91.8,-1.21830723810951,-0.2506552764417903,false
12,8,91.9,-1.2108026100328553,-0.25353374298773246,false
12,8,92.0,-1.2032550384428402,-0.2563221171113527,false
12,8,92.1,-1.1956625092212672,-0.2590206566643183,false
12,8,92.2,-1.1880229029731633,-0.26162959866772567,false
12,8,92.3,-1.1803339879462613,-0.2641491584677864,false
12,8,92.4,-1.1725934123794768,-0.2665795288302212,false
12,8,92.5,-1.164798696226817,-0.26892087896833616,false
12,8,92.6,-1.1569472221974408,-0.2711733534992757,false
12,8,92.7,-1.14903622604619,-0.27333707132241297,false
12,8,92.8,-1.141062786041741,-0.2754121244132516,false
12,8,92.9,-1.133023811531477,-0.2773985765255539,false
12,8,93.0,-1.1249160305131278,-0.27929646179368467,false
12,8,93.1,-1.1167359761130577,-0.2811057832263461,false
12,8,93.2,-1.1084799718596041,-0.2828265110819757,false
12,8,93.3,-1.1001441156269387,-0.2844585811150696,false
12,8,93.4,-1.0917242621103103,-0.28600189268156434,false
12,8,93.5,-1.0832160036769962,-0.2874563066901481,false
12,8,93.6,-1.0746146494185704,-0.2888216433849582,false
12,8,93.7,-1.0659152022088563,-0.29009767994353247,false
12,8,93.8,-1.057112333547812,-0.29128414787210155,false
12,8,93.9,-1.0482003559441555,-0.29238073017830046,false
12,8,94.0,-1.0391731925582748,-0.29338705829911954,false
12,8,94.1,-1.0300243437913161,-0.2943027087593642,false
12,8,94.2,-1.0207468504655883,-0.29512719953301253,false
12,8,94.3,-1.011333253194811,-0.2958599860766005,false
12,8,94.4,-1.0017755474893055,-0.29650045700007144,false
12,8,94.5,-0.9920651340799205,-0.29704792933633456,false
12,8,94.6,-0.9821927638740074,-0.29750164336601537,false
12,8,94.7,-0.9721484768756493,-0.2978607569484573,false
12,8,94.8,-0.9619215343088259,-0.29812433930385396,false
12,8,94.9,-0.9515003430742371,-0.2982913641843323,false
12,8,95.0,-0.9408723715456793,-0.2983607023637376,false
12,8,95.1,-0.9300240555673454,-0.2983311133666261,false
12,8,95.2,-0.9189406933458629,-0.29820123634636747,false
12,8,95.3,-0.9076063277363674,-0.29796958001007695,false
12,8,95.4,-0.8960036141958296,-0.2976345114740801,false
12,8,95.5,-0.8841136724137956,-0.29719424391746074,false
12,8,95.6,-0.8719159193243127,-0.2966468228826049,false
12,8,95.7,-0.8593878808456896,-0.29599011105011663,false
12,8,95.8,-0.8465049792782143,-0.2952217712905637,false
12,8,95.9,-0.833240292804013,-0.29433924776664855,false
12,8,96.0,-0.819564282966307,-0.29333974482593117,false
12,9,96.0,-1.0256350726673422,-0.24122685982307643,true
12,9,96.1,-1.0216377535374637,-0.24242455891452275,false
12,9,96.2,-1.0174982672904418,-0.24357618206357573,false
12,9,96.3,-1.0132172105756911,-0.2446807669068263,false
12,9,96.4,-1.008794964915704,-0.24573736262691956,false
12,9,96.5,-1.0042316870891113,-0.2467450278521638,false
12,9,96.6,-0.9995272990548966,-0.24770282848137096,false
12,9,96.7,-0.9946814773026412,-0.24860983542974688,false
12,9,96.8,-0.9896936415079396,-0.24946512229059906,false
12,9,96.9,-0.984562942365253,-0.2502677629065301,false
12,9,97.0,-0.9792882484623305,-0.25101682884262394,false
12,9,97.1,-0.9738681320507132,-0.25171138675289884,false
12,9,97.2,-0.9683008535555653,-0.2523504956299806,false
12,9,97.3,-0.9625843446549104,-0.2529332039265285,false
12,9,97.4,-0.9567161897430361,-0.2534585465354036,false
12,9,97.5,-0.9506936055750727,-0.2539255416138867,false
12,9,97.6,-0.9445134188692145,-0.2543331872354095,false
12,9,97.7,-0.938172041619346,-0.25468045785022814,false
12,9,97.8,-0.931665443843509,-0.25496630053421504,false
12,9,97.9,-0.9249891234621846,-0.25518963100244096,false
12,9,98.0,-0.9181380729641494,-0.25534932936142263,false
12,9,98.1,-0.9111067424760088,-0.25544423557077833,false
12,9,98.2,-0.9038889988035721,-0.2554731445815163,false
12,9,98.3,-0.8964780799580683,-0.2554348011142137,false
12,9,98.4,-0.8888665446166769,-0.255327894035866,false
12,9,98.5,-0.8810462158936598,-0.25515105028911467,false
12,9,98.6,-0.8730081187139848,-0.25490282832180466,false
12,9,98.7,-0.8647424099839325,-0.2545817109582784,false
12,9,98.8,-0.8562383006406713,-0.2541860976463556,false
12,9,98.9,-0.847483968532685,-0.2537142960054346,false
12,9,99.0,-0.8384664609323654,-0.2531645125914173,false
12,9,99.1,-0.8291715853076227,-0.25253484278300825,false
12,9,99.2,-0.8195837867770657,-0.251823259681148,false
12,9,99.3,-0.8096860104384958,-0.25102760189864215,false
12,9,99.4,-0.7994595464877396,-0.25014556010013506,false
12,9,99.5,-0.7888838557278888,-0.2491746621330929,false
12,9,99.6,-0.7779363727005224,-0.24811225656798166,false
12,9,99.7,-0.7665922832420184,-0.24695549443986592,false
12,9,99.8,-0.7548242727699627,-0.2457013089536464,false
12,9,99.9,-0.742602241026014,-0.24434639288043933,false
12,9,100.0,-0.7298929783301563,-0.24288717333242063,false
15,1,0.0,-1.8633893588791945,0.9432517283983279,true
15,1,0.1,-1.89544272864903,0.9255172164439067,false
15,1,0.2,-1.919496813123561,0.9076567969126949,false
15,1,0.30000000000000004,-1.936988286851434,0.8897380169353477,false
15,1,0.4,-1.94918887726972,0.8718154825522532,false
15,1,0.5,-1.9571798455489053,0.853932609597479,false
15,1,0.6000000000000001,-1.9618542591546815,0.8361234570382327,false
15,1,0.7000000000000001,-1.9639344061985005,0.8184144483974491,false
15,1,0.8,-1.9639956125867923,0.8008258862964533,false
15,1,0.9,-1.9624911341049855,0.7833732296583147,false
15,1,1.0,-1.959775276510412,0.7660681400569517,false
15,1,1.1,-1.9561234974424415,0.7489193218006227,false
15,1,1.2,-1.9517491775511477,0.7319331868765473,false
15,1,1.3,-1.9468172356185773,0.715114376017503,false
15,1,1.4,-1.9414549772669583,0.6984661641787124,false
15,1,1.5,-1.9357606283382112,0.6819907745693758,false
15,1,1.6,-1.9298099871333114,0.6656896211093192,false
15,1,1.7000000000000002,-1.9236615783388782,0.6495634952763167,false
15,1,1.8,-1.9173606296725456,0.6336127099649408,false
15,1,1.9,-1.9109421321222306,0.6178372102225882,false
15,1,2.0,-1.9044331914150363,0.6022366585153094,false
15,1,2.1,-1.8978548336658434,0.5868105004283968,false
15,1,2.2,-1.891223391856262,0.5715580153424239,false
15,1,2.3,-1.8845515709314031,0.5564783555689014,false
15,1,2.4,-1.8778492666802362,0.5415705766159331,false
15,1,2.5,-1.8711241960097587,0.5268336606296959,false
15,1,2.6,-1.8643823826912347,0.5122665345793043,false
15,1,2.7,-1.857628532273865,0.49786808438685204,false
15,1,2.8,-1.8508663219184265,0.4836371659248318,false
15,1,2.9,-1.8440986248383624,0.4695726135893934,false
15,1,3.0,-1.8373276844089828,0.45567324699444006,false
15,1,3.1,-1.8305552494768953,0.44193787620643316,false
15,1,3.2,-1.8237826797102692,0.42836530584389904,false
15,1,3.3,-1.8170110277763003,0.414954338292069,false
15,1,3.4,-1.810241103563019,0.40170377622656495,false
15,1,3.5,-1.8034735244625497,0.3886124245965506,false
15,1,3.6,-1.7967087548140253,0.3756790921842476,false
15,1,3.7,-1.7899471368997706,0.36290259283183474,false
15,1,3.8,-1.7831889153472393,0.3502817464067319,false
15,1,3.9,-1.7764342563729847,0.33781537956076385,false
15,1,4.0,-1.7696832629842463,0.3255023263266606,false
15,1,4.1,-1.7629359870062413,0.31334142858599134,false
15,1,4.2,-1.75619243861189,0.30133153643533805,false
15,1,4.3,-1.749452593882505,0.2894715084718233,false
15,1,4.4,-1.7427164008129874,0.2777602120146579,false
15,1,4.5,-1.735983784085676,0.26619652327588755,false
15,1,4.6,-1.7292546488674143,0.25477932749078347,false
15,1,4.7,-1.7225288838300918,0.2435075190161707,false
15,1,4.8,-1.7158063635524734,0.232380001403294,false
15,1,4.9,-1.7090869504279202,0.2213956874504856,false
15,1,5.0,-1.7023704961765271,0.21055349923984198,false
15,1,5.1,-1.6956568430397276,0.19985236816128127,false
15,1,5.2,-1.688945824719288,0.1892912349266889,false
15,1,5.3,-1.682237267109895,0.17886904957633326,false
15,1,5.4,-1.6755309888644927,0.16858477147931336,false
15,1,5.5,-1.6688268018235548,0.15843736932946656,false
15,1,5.6,-1.6621245113331853,0.14842582113789876,false
15,1,5.7,-1.6554239164719027,0.13854911422308602,false
15,1,5.8,-1.6487248102019896,0.1288062451993271,false
15,1,5.9,-1.642026979458075,0.11919621996418982,false
15,1,6.0,-1.635330205183094,0.10971805368548607,false
15,1,6.1,-1.6286342623197043,0.10037077078822255,false
15,1,6.2,-1.6219389197636058,0.091153404941905,false
15,1,6.3,-1.6152439402838876,0.08206499904851831,false
15,1,6.4,-1.6085490804144478,0.07310460523146026,false
15,1,6.5,-1.6018540903196743,0.06427128482567199,false
15,1,6.6,-1.595158713636862,0.05556410836918041,false
15,1,6.7,-1.588462687297263,0.046982155596246473,false
15,1,6.8,-1.581765741327197,0.03852451543229623,false
15,1,6.9,-1.575067598630251,0.030190285990799707,false
15,1,7.0,-1.5683679747512678,0.02197857457225303,false
15,1,7.1,-1.5616665776225567,0.013888497665413117,false
15,1,7.2,-1.5549631072925116,0.005919180950930436,false
15,1,7.3,-1.5482572556366296,-0.0019302406924766782,false
15,1,7.4,-1.5415487060507438,-0.009660623179162617,false
15,1,7.5,-1.5348371331261264,-0.017272813204865435,false
15,1,7.6,-1.528122202305982,-0.024767648232040272,false
15,1,7.7,-1.521403569522711,-0.03214595647206411,false
15,1,7.8,-1.514680880815217,-0.039408556864155016,false
15,1,7.9,-1.5079537719254008,-0.04655625905084333,false
15,1,8.0,-1.5012218678728833,-0.053589863349825004,false
15,1,8.1,-1.4944847825068792,-0.06051016072201913,false
15,1,8.2,-1.4877421180340409,-0.0673179327356428,false
15,1,8.3,-1.480993464520968,-0.0740139515261062,false
15,1,8.4,-1.4742383993699737,-0.08059897975152026,false
15,1,8.5,-1.4674764867665662,-0.08707377054359658,false
15,1,8.6,-1.4607072770969851,-0.09343906745370689,false
15,1,8.7,-1.453930306333995,-0.09969560439385487,false
15,1,8.8,-1.4471450953889957,-0.10584410557229763,false
15,1,8.9,-1.4403511494283607,-0.11188528542353844,false
15,1,9.0,-1.4335479571517515,-0.1178198485323932,false
15,1,9.1,-1.426734990029981,-0.12364848955181505,false
15,1,9.2,-1.4199117014998155,-0.12937189311414013,false
15,1,9.3,-1.4130775261128996,-0.1349907337353951,false
15,1,9.4,-1.406231878635776,-0.14050567571228356,false
15,1,9.5,-1.399374153097732,-0.14591737301144123,false
15,1,9.6,-1.3925037217829546,-0.15122646915052299,false
15,1,9.7,-1.385619934163195,-0.15643359707065385,false
15,1,9.8,-1.3787221157668503,-0.16153937899974316,false
15,1,9.9,-1.3718095669800363,-0.1665444263061264,false
15,1,10.0,-1.3648815617748786,-0.17144933934196036,false
15,1,10.1,-1.3579373463598587,-0.1762547072757563,false
15,1,10.2,-1.3509761377466318,-0.18096110791339112,false
15,1,10.3,-1.3439971222272753,-0.185569107506888,false
15,1,10.4,-1.3369994537554257,-0.19007926055020544,false
15,1,10.5,-1.3299822522242142,-0.19449210956121704,false
15,1,10.6,-1.3229446016333108,-0.19880818484900245,false
15,1,10.7,-1.3158855481367362,-0.20302800426550294,false
15,1,10.8,-1.3088040979623747,-0.20715207294052243,false
15,1,10.9,-1.3016992151933446,-0.21118088299897547,false
15,1,11.0,-1.2945698194005069,-0.21511491325919752,false
15,1,11.1,-1.287414783114454,-0.2189546289110394,false
15,1,11.2,-1.2802329291242716,-0.22270048117236513,false
15,1,11.3,-1.2730230275892165,-0.226352906922461,false
15,1,11.4,-1.2657837929481972,-0.22991232831074213,false
15,1,11.5,-1.2585138806105372,-0.23337915233900958,false
15,1,11.6,-1.2512118834099726,-0.23675377041536538,false
15,1,11.7,-1.243876327802133,-0.240036557877734,false
15,1,11.8,-1.236505669783871,-0.24322787348476396,false
15,1,11.9,-1.2290982905107322,-0.2463280588716921,false
15,1,12.0,-1.221652491586549,-0.2493374379685431,false
15,1,12.1,-1.2141664899965883,-0.25225631637780577,false
15,1,12.2,-1.2066384126528422,-0.2550849807084743,false
15,1,12.3,-1.1990662905169056,-0.2578236978630633,false
15,1,12.4,-1.191448052262365,-0.2604727142738976,false
15,1,12.5,-1.1837815174347257,-0.26303225508463823,false
15,1,12.6,-1.1760643890625428,-0.26550252327263135,false
15,1,12.7,-1.1682942456685557,-0.2678836987072531,false
15,1,12.8,-1.1604685326241924,-0.2701759371389642,false
15,1,12.9,-1.1525845527847287,-0.2723793691132804,false
15,1,13.0,-1.1446394563355649,-0.274494098803303,false
15,1,13.1,-1.1366302297724473,-0.2765202027538262,false
15,1,13.2,-1.1285536839298718,-0.2784577285293467,false
15,1,13.3,-1.120406440962252,-0.28030669325752317,false
15,1,13.4,-1.1121849201715701,-0.2820670820587764,false
15,1,13.5,-1.1038853225629652,-0.28373884635175595,false
15,1,13.6,-1.095503613995887,-0.2853219020233285,false
15,1,13.7,-1.087035506782798,-0.28681612745054086,false
15,1,13.8,-1.0784764395697062,-0.28822136136066684,false
15,1,13.9,-1.0698215553127375,-0.2895374005139407,false
15,1,14.0,-1.0610656771421798,-0.2907639971918858,false
15,1,14.1,-1.0522032818795324,-0.29190085647224584,false
15,1,14.2,-1.0432284709436084,-0.2929476332693835,false
15,1,14.3,-1.0341349383481313,-0.2939039291165948,false
15,1,14.4,-1.0249159354548822,-0.29476928866406243,false
15,1,14.5,-1.0155642321025795,-0.29554319586308625,false
15,1,14.6,-1.0060720736814102,-0.2962250698037384,false
15,1,14.7,-0.9964311336655046,-0.2968142601691307,false
15,1,14.8,-0.9866324610494411,-0.2973100422649838,false
15,1,14.9,-0.976666422058717,-0.29771161157807374,false
15,1,15.0,-0.9665226354163902,-0.2980180778113021,false
15,2,15.0,-0.9992594354586194,-0.22520959230785323,true
15,2,15.1,-0.9966635274632547,-0.2262894055189524,false
15,2,15.2,-0.9939330011574138,-0.22733688766290885,false
15,2,15.3,-0.9910683460380039,-0.22835104419482447,false
15,2,15.4,-0.9880699579476281,-0.22933089192736097,false
15,2,15.5,-0.984938129246186,-0.2302754580439276,false
15,2,15.6,-0.981673038918273,-0.23118377902876167,false
15,2,15.7,-0.978274742560858,-0.23205489951367192,false
15,2,15.8,-0.9747431621909555,-0.23288787104068542,false
15,2,15.9,-0.9710780758080125,-0.23368175073926895,false
15,2,16.0,-0.9672791066404186,-0.2344355999161834,false
15,2,16.1,-0.9633457119998253,-0.23514848255537074,false
15,2,16.2,-0.9592771716607341,-0.2358194637245646,false
15,2,16.3,-0.9550725756759677,-0.23644760788455232,false
15,2,16.4,-0.9507308115310587,-0.23703197709619253,false
15,2,16.5,-0.9462505505321405,-0.23757162911940174,false
15,2,16.6,-0.9416302333124622,-0.23806561539735638,false
15,2,16.7,-0.9368680543319994,-0.2385129789181061,false
15,2,16.8,-0.9319619452326204,-0.23891275194464617,false
15,2,16.9,-0.9269095568976747,-0.23926395360324074,false
15,2,17.0,-0.9217082400494585,-0.23956558731840952,false
15,2,17.1,-0.9163550242005145,-0.23981663808146944,false
15,2,17.2,-0.9108465947548195,-0.24001606953784335,false
15,2,17.3,-0.9051792680322502,-0.2401628208764846,false
15,2,17.4,-0.8993489639638819,-0.2402558035026957,false
15,2,17.5,-0.8933511761761861,-0.24029389747330993,false
15,2,17.6,-0.8871809391485068,-0.24027594767062374,false
15,2,17.7,-0.8808327920896615,-0.2402007596885753,false
15,2,17.8,-0.8743007391353991,-0.24006709540141402,false
15,2,17.9,-0.8675782054178859,-0.23987366818144773,false
15,2,18.0,-0.8606579885003659,-0.2396191377283242,false
15,2,18.1,-0.8535322046034995,-0.2393021044676347,false
15,2,18.2,-0.8461922289732295,-0.23892110347133677,false
15,2,18.3,-0.8386286296517749,-0.23847459784648598,false
15,2,18.4,-0.8308310938116236,-0.23796097153193588,false
15,2,18.5,-0.8227883456949994,-0.23737852143488045,false
15,2,18.6,-0.8144880550656539,-0.23672544883022897,false
15,2,18.7,-0.80591673492298,-0.23599984993564557,false
15,2,18.8,-0.7970596270468533,-0.2351997055634541,false
15,2,18.9,-0.7879005737311956,-0.23432286973726962,false
15,2,19.0,-0.7784218738202399,-0.23336705714589687,false
15,2,19.1,-0.7686041208783193,-0.2323298292894157,false
15,2,19.2,-0.758426020995268,-0.2312085791520839,false
15,2,19.3,-0.7478641873477995,-0.23000051421329515,false
15,2,19.4,-0.7368929081940189,-0.22870263758083603,false
15,2,19.5,-0.72548388446389,-0.22731172699950788,false
15,2,19.6,-0.7136059325121918,-0.22582431145214887,false
15,2,19.7,-0.7012246469103659,-0.2242366450284376,false
15,2,19.8,-0.6883020173568722,-0.22254467768870667,false
15,2,19.9,-0.6747959928690805,-0.22074402249435077,false
15,2,20.0,-0.6606599853706063,-0.2188299188121779,false
15,2,20.1,-0.6458423035956647,-0.2167971909260206,false
15,2,20.2,-0.6302855068901636,-0.2146402014038221,false
15,2,20.3,-0.6139256670000194,-0.21235279847095231,false
15,2,20.4,-0.5966915243171991,-0.20992825652949237,false
15,2,20.5,-0.5785035233440202,-0.20735920883771847,false
15,2,20.6,-0.5592727104157329,-0.2046375712236263,false
15,2,20.7,-0.5388994751306304,-0.20175445555166435,false
15,2,20.8,-0.5172721157103468,-0.19870007149516872,false
15,2,20.9,-0.4942652080290181,-0.1954636149933452,false
15,2,21.0,-0.469737758904795,-0.19203314160041407,false
15,2,21.1,-0.4435311273632561,-0.18839542278190816,false
15,2,21.2,-0.41546670436577715,-0.18453578310569158,false
15,2,21.3,-0.38534335406238085,-0.18043791625539218,false
15,2,21.4,-0.35293464111895806,-0.17608367792746069,false
15,2,21.5,-0.317985903679649,-0.17145285406044572,false
15,2,21.6,-0.2802112866677156,-0.16652290363693018,false
15,2,21.7,-0.23929093469890805,-0.1612686767168101,false
15,2,21.8,-0.19486867054964802,-0.1556621107256958,false
15,2,21.9,-0.14655067036783564,-0.14967191178579448,false
15,2,22.0,-0.09390591050097456,-0.14326323365448904,false
15,2,22.1,-0.036469523662112154,-0.1363973754284278,false
15,2,22.2,0.026249321209949945,-0.12903153154265187,false
15,2,22.3,0.09475281725797433,-0.12111864475487989,false
15,2,22.4,0.16953036400311305,-0.11260743549437571,false
15,2,22.5,0.25102149694147674,-0.1034427089776559,false
15,2,22.6,0.3395624428561379,-0.0935660725145637,false
15,2,22.7,0.4353137375441727,-0.08291722309844332,false
15,2,22.8,0.538169058531017,-0.07143597698460458,false
15,2,22.9,0.6476508746849381,-0.05906518768291711,false
15,2,23.0,0.7628071484294704,-0.04575460907908553,false
15,2,23.1,0.8821340701426994,-0.03146558079444638,false
15,2,23.2,1.0035587922199904,-0.016176139951461686,false
15,2,23.3,1.1245164351320438,0.00011415606780802029,false
15,2,23.4,1.2421399142022482,0.01738066220813332,false
15,2,23.5,1.3535478682099162,0.0355723215885438,false
15,2,23.6,1.4561756964859225,0.054613243715163684,false
15,2,23.7,1.5480684962502305,0.07440719552784436,false
15,2,23.8,1.6280609859229995,0.09484427201142226,false
15,2,23.9,1.6958083218054665,0.11580849079341446,false
15,2,24.0,1.7516823554148937,0.13718496757681467,false
15,2,24.1,1.7965842925474482,0.15886565807986447,false
15,2,24.2,1.8317337943987504,0.18075318959428494,false
15,2,24.3,1.8584809869748957,0.20276280927753615,false
15,2,24.4,1.8781653137688539,0.22482280014618666,false
15,2,24.5,1.892025445752521,0.24687383701032445,false
15,2,24.6,1.9011526193433164,0.26886772900352934,false
15,2,24.7,1.9064753952253661,0.29076589728344826,false
15,2,24.8,1.9087642186539695,0.3125378231213082,false
15,2,24.9,1.9086466565324924,0.33415960401131,false
15,2,25.0,1.9066270589701788,0.3556126840944718,false
15,2,25.1,1.9031068245407041,0.3768827790360514,false
15,2,25.2,1.8984032085312585,0.39795898891745346,false
15,2,25.3,1.892765757170933,0.418833079528011,false
15,2,25.4,1.8863901278598456,0.4394989075824377,false
15,2,25.5,1.8794294169912673,0.4599519652187768,false
15,2,25.6,1.872003282426216,0.4801890212995005,false
15,2,25.7,1.8642052001689815,0.5002078401377182,false
15,2,25.8,1.856108187609604,0.5200069615229108,false
15,2,25.9,1.8477692908612307,0.5395855289382401,false
15,2,26.0,1.8392330892811761,0.5589431554837112,false
15,2,26.1,1.8305344256692067,0.5780798192095082,false
15,2,26.2,1.8217005302909375,0.5969957813464801,false
15,2,26.3,1.8127526723881537,0.6156915223468795,false
15,2,26.4,1.8037074443695158,0.6341676917758392,false
15,2,26.5,1.7945777609029094,0.6524250689780066,false
15,2,26.6,1.785373636876418,0.6704645321329149,false
15,2,26.7,1.7761027938421572,0.6882870338479644,false
15,2,26.8,1.766771133354153,0.7058935818526865,false
15,2,26.9,1.7573831069101655,0.7232852236789623,false
15,2,27.0,1.7479420054713444,0.7404630344601437,false
15,2,27.1,1.738450186329516,0.7574281071740565,false
15,2,27.2,1.7289092510756974,0.7741815448034746,false
15,2,27.3,1.7193201853250581,0.7907244540027532,false
15,2,27.4,1.7096834684628175,0.807057939948547,false
15,2,27.5,1.6999991598295863,0.823183102121825,false
15,2,27.6,1.6902669663379737,0.8391010308222502,false
15,2,27.7,1.6804862954081439,0.8548128042579295,false
15,2,27.8,1.6706562962542382,0.8703194860862298,false
15,2,27.9,1.6607758918890947,0.8856221233068838,false
15,2,28.0,1.6508438036977469,0.9007217444285631,false
15,2,28.1,1.6408585700270857,0.9156193578457085,false
15,2,28.2,1.6308185599240002,0.9303159503746363,false
15,2,28.3,1.6207219829073156,0.9448124859075104,false
15,2,28.4,1.6105668954646335,0.959109904150264,false
15,2,28.5,1.6003512048118451,0.9732091194164054,false
15,2,28.6,1.5900726703315236,0.9871110194532021,false
15,2,28.7,1.57972890300945,1.0008164642802575,false
15,2,28.8,1.569317363110716,1.0143262850232042,false
15,2,28.9,1.5588353562738184,1.0276412827272725,false
15,2,29.0,1.5482800281495837,1.0407622271370012,false
15,2,29.1,1.5376483576689601,1.0536898554294127,false
15,2,29.2,1.526937148987586,1.066424870888675,false
15,2,29.3,1.5161430221239298,1.0789679415106455,false
15,2,29.4,1.5052624022803156,1.0913196985258102,false
15,2,29.5,1.4942915078112278,1.103480734828997,false
15,2,29.6,1.4832263367799616,1.1154516033038941,false
15,2,29.7,1.472062652022207,1.1272328150298498,false
15,2,29.8,1.4607959646128024,1.1388248373576717,false
15,2,29.9,1.4494215156090478,1.150228091840185,false
15,2,30.0,1.4379342559200474,1.1614429520021479,false
15,3,30.0,1.3893349327888949,1.0892822957322503,true
15,3,30.1,1.388358028137508,1.1004422415497361,false
15,3,30.2,1.3863788477119805,1.1115067348994458,false
15,3,30.3,1.3834767817249383,1.122467657843666,false
15,3,30.4,1.379724769973283,1.1333176501245235,false
15,3,30.5,1.37518932430717,1.1440500444719217,false
15,3,30.6,1.3699306779452407,1.1546588032056297,false
15,3,30.7,1.3640030237465322,1.1651384571052983,false
15,3,30.8,1.3574548105842283,1.17548404720044,false
15,3,30.9,1.350329073321521,1.1856910698745664,false
15,3,31.0,1.342663777410385,1.195755425476209,false
15,3,31.1,1.3344921637807332,1.2056733704761597,false
15,3,31.2,1.3258430834943549,1.2154414730966827,false
15,3,31.3,1.316741314681312,1.225056572257031,false
15,3,31.4,1.3072078566518173,1.2345157396235282,false
15,3,31.5,1.297260197884646,1.2438162445159084,false
15,3,31.6,1.286912555930224,1.2529555213996493,false
15,3,31.7,1.2761760882197353,1.2619311396826716,false
15,3,31.8,1.2650590734162983,1.270740775530763,false
15,3,31.9,1.2535670633436042,1.2793821854168423,false
15,3,32.0,1.2417030057328344,1.2878531811226708,false
15,3,32.1,1.2294673380807752,1.296151605916224,false
15,3,32.2,1.216858052842034,1.3042753116324217,false
15,3,32.3,1.2038707340090407,1.3122221363882431,false
15,3,32.4,1.1904985648809727,1.319989882664615,false
15,3,32.5,1.1767323064966557,1.3275762954861658,false
15,3,32.6,1.1625602458113906,1.334979040425331,false
15,3,32.7,1.1479681122333825,1.342195681148793,false
15,3,32.8,1.132938960597524,1.3492236562112097,false
15,3,32.9,1.1174530180341777,1.3560602547829508,false
15,3,33.0,1.1014874914756576,1.3627025909743486,false
15,3,33.1,1.0850163317164592,1.3691475763878935,false
15,3,33.2,1.068009948983521,1.3753918904907734,false
15,3,33.3,1.0504348738535296,1.3814319483519146,false
15,3,33.4,1.0322533560435847,1.3872638652286768,false
15,3,33.5,1.0134228920614776,1.3928834174167495,false
15,3,33.6,0.9938956708877961,1.398285998690379,false
15,3,33.7,0.9736179247226763,1.4034665715561925,false
15,3,33.8,0.9525291693072893,1.4084196124194603,false
15,3,33.9,0.9305613153608557,1.413139049613006,false
15,3,34.0,0.9076376291928873,1.4176181930619067,false
15,3,34.1,0.8836715164965859,1.421849654146874,false
15,3,34.2,0.8585650986582966,1.425825254080521,false
15,3,34.3,0.8322075456221593,1.429535918818168,false
15,3,34.4,0.8044731234939474,1.4329715581832225,false
15,3,34.5,0.7752189088510344,1.4361209264925212,false
15,3,34.6,0.7442821155740994,1.438971461518118,false
15,3,34.7,0.7114769747472371,1.4415090981232417,false
15,3,34.8,0.6765911052480857,1.4437180523760498,false
15,3,34.9,0.6393813145820533,1.4455805714076453,false
15,3,35.0,0.5995687805112759,1.4470766438028422,false
15,3,35.1,0.5568335909833713,1.4481836650050977,false
15,3,35.2,0.5108086738706237,1.4488760522728537,false
15,3,35.3,0.4610732466146562,1.4491248044629943,false
15,3,35.4,0.40714608615413567,1.4488970038575093,false
15,3,35.5,0.3484792023313462,1.4481552612152873,false
15,3,35.6,0.2844529524961219,1.4468571124947864,false
15,3,35.7,0.21437434196269445,1.4449543881585167,false
15,3,35.8,0.1374813132959865,1.442392596357001,false
15,3,35.9,0.05295733295040124,1.4391103932190192,false
15,3,36.0,-0.04003743343739062,1.4350392611892557,false
15,3,36.1,-0.14230978534021085,1.4301035835322353,false
15,3,36.2,-0.2545415067333445,1.424221389811379,false
15,3,36.3,-0.3771512941223875,1.4173061434689491,false
15,3,36.4,-0.510105087954054,1.4092700182311286,false
15,3,36.5,-0.6526833812744619,1.4000291013478094,false
15,3,36.6,-0.8032409299202105,1.389510766925632,false
15,3,36.7,-0.9590317291336443,1.3776629688032485,false
15,3,36.8,-1.116204340146135,1.3644643741275841,false
15,3,36.9,-1.270067462221295,1.3499332842054712,false
15,3,37.0,-1.4156513394360075,1.334132671222599,false
15,3,37.1,-1.5484554865295692,1.3171690376199283,false
15,3,37.2,-1.665151830035255,1.2991844336782248,false
15,3,37.3,-1.764002650055533,1.2803432461170416,false
15,3,37.4,-1.844879684545748,1.2608170658365012,false
15,3,37.5,-1.9089479884124714,1.240771136031735,false
15,3,37.6,-1.9581883387470722,1.2203546851830658,false
15,3,37.7,-1.9949310867665382,1.1996957661221164,false
15,3,37.8,-2.021503620961467,1.1788999303509722,false
15,3,37.9,-2.040016788806335,1.1580515020932183,false
15,3,38.0,-2.052268106812403,1.1372162380915283,false
15,3,38.1,-2.059723666209816,1.1164444644240825,false
15,3,38.2,-2.063543826585209,1.0957741321046188,false
15,3,38.3,-2.0646278327339607,1.0752335130154898,false
15,3,38.4,-2.063662413933185,1.0548434406240508,false
15,3,38.5,-2.061166734435967,1.0346191017978599,false
15,3,38.6,-2.057530625980324,1.0145714331234554,false
15,3,38.7,-2.0530455310282494,0.9947081901401835,false
15,3,38.8,-2.0479287690970507,0.9750347564476606,false
15,3,38.9,-2.0423421764734577,0.9555547511275742,false
15,3,39.0,-2.0364062274291577,0.9362704824073366,false
15,3,39.1,-2.0302106343512456,0.9171832854170539,false
15,3,39.2,-2.0238222571231894,0.8982937732213334,false
15,3,39.3,-2.0172909826539676,0.87960202326977,false
15,3,39.4,-2.0106540861185644,0.8611077158942183,false
15,3,39.5,-2.0039394628013794,0.8428102372535381,false
15,3,39.6,-1.9971680226899156,0.824708755933468,false
15,3,39.7,-1.9903554655830002,0.8068022800206683,false
15,3,39.8,-1.983513598219684,0.7890896996943022,false
15,3,39.9,-1.9766513128426833,0.7715698190637413,false
15,3,40.0,-1.9697753153391448,0.7542413800097111,false
15,3,40.1,-1.9628906679749105,0.7371030800695081,false
15,3,40.2,-1.9560011946820377,0.7201535858782474,false
15,3,40.3,-1.9491097842983935,0.7033915432879716,false
15,3,40.4,-1.9422186179127785,0.6868155849983407,false
15,3,40.5,-1.9353293396632323,0.6704243363195985,false
15,3,40.6,-1.928443185322936,0.654216419530785,false
15,3,40.7,-1.9215610793116686,0.638190457179198,false
15,3,40.8,-1.9146837080416492,0.6223450745802116,false
15,3,40.9,-1.907811575488697,0.6066789017118889,false
15,3,41.0,-1.9009450453851509,0.5911905746506012,false
15,3,41.1,-1.8940843733221686,0.5758787366578361,false
15,3,41.2,-1.8872297312248618,0.5607420390013997,false
15,3,41.3,-1.8803812260499415,0.545779141573984,false
15,3,41.4,-1.8735389140975587,0.5309887133568537,false
15,3,41.5,-1.8667028119866178,0.5163694327649522,false
15,3,41.6,-1.859872905086303,0.501919987901071,false
15,3,41.7,-1.8530491540039957,0.4876390767401863,false
15,3,41.8,-1.846231499584904,0.4735254072601058,false
15,3,41.9,-1.839419866769546,0.4595776975307994,false
15,3,42.0,-1.8326141675727672,0.44579467577192355,false
15,3,42.1,-1.825814303385554,0.43217508038585795,false
15,3,42.2,-1.8190201667535968,0.418717659971905,false
15,3,42.3,-1.8122316427505596,0.40542117332602085,false
15,3,42.4,-1.805448610036662,0.39228438942946486,false
15,3,42.5,-1.7986709416722553,0.37930608742900024,false
15,3,42.6,-1.7918985057401178,0.3664850566106958,false
15,3,42.7,-1.7851311658179525,0.35382009636893114,false
15,3,42.8,-1.7783687813331683,0.34131001617185946,false
15,3,42.9,-1.7716112078248138,0.3289536355243146,false
15,3,43.0,-1.764858297131953,0.3167497839289393,false
15,3,43.1,-1.7581098975234781,0.30469730084615115,false
15,3,43.2,-1.7513658537810193,0.29279503565343457,false
15,3,43.3,-1.744626007244037,0.28104184760435147,false
15,3,43.4,-1.7378901958241715,0.26943660578758494,false
15,3,43.5,-1.7311582539943602,0.25797818908627096,false
15,3,43.6,-1.7244300127570187,0.24666548613782724,false
15,3,43.7,-1.7177052995946196,0.23549739529445127,false
15,3,43.8,-1.7109839384052552,0.22447282458443168,false
15,3,43.9,-1.7042657494251836,0.213590691674395,false
15,3,44.0,-1.6975505491398868,0.20284992383259295,false
15,3,44.1,-1.6908381501848004,0.19224945789332235,false
15,3,44.2,-1.6841283612365812,0.18178824022255982,false
15,3,44.3,-1.6774209868955448,0.17146522668488628,false
15,3,44.4,-1.67071582755971,0.1612793826117701,false
15,3,44.5,-1.66401267929074,0.15122968277127485,false
15,3,44.6,-1.6573113336719352,0.14131511133925456,false
15,3,44.7,-1.6506115776583388,0.13153466187209809,false
15,3,44.8,-1.6439131934189166,0.12188733728108356,false
15,3,44.9,-1.637215958170709,0.11237214980840421,false
15,3,45.0,-1.6305196440047822,0.10298812100492785,false
15,4,45.0,-1.703618853389809,0.23555331334618995,true
15,4,45.1,-1.6990212759013987,0.22464743494905087,false
15,4,45.2,-1.694100443128724,0.21386519850950175,false
15,4,45.3,-1.6889085809467428,0.20320841353764071,false
15,4,45.4,-1.6834892763441278,0.19267843838987422,false
15,4,45.5,-1.6778789066867705,0.18227625601569758,false
15,4,45.6,-1.6721078391692379,0.17200253712926677,false
15,4,45.7,-1.666201433830736,0.1618576928489433,false
15,4,45.8,-1.6601808801120959,0.15184191854230714,false
15,4,45.9,-1.6540638932752794,0.1419552303433493,false
15,4,46.0,-1.6478652934257887,0.13219749557310514,false
15,4,46.1,-1.6415974865514578,0.1225684580930209,false
15,4,46.2,-1.6352708640038622,0.11306775944883374,false
15,4,46.3,-1.6288941342280017,0.10369495651819434,false
15,4,46.4,-1.622474598284793,0.09444953625412783,false
15,4,46.5,-1.6160183787834683,0.08533092801535384,false
15,4,46.6,-1.6095306102127471,0.07633851389041937,false
15,4,46.7,-1.6030155972935018,0.0674716373528412,false
15,4,46.8,-1.5964769468352495,0.05872961052666849,false
15,4,46.9,-1.589917677630526,0.050111720294061274,false
15,4,47.0,-1.583340312134933,0.041617233436943055,false
15,4,47.1,-1.576746953030094,0.03324540097210405,false
15,4,47.2,-1.5701393472292549,0.02499546181211812,false
15,4,47.3,-1.5635189394416478,0.016866645862103062,false
15,4,47.4,-1.556886917045781,0.008858176643883985,false
15,4,47.5,-1.550244247720028,0.0009692735238342309,false
15,4,47.6,-1.543591711030003,-0.00680084639198791,false
15,4,47.7,-1.536929924966899,-0.014452966642277632,false
15,4,47.8,-1.530259368261533,-0.021987870030068496,false
15,4,47.9,-1.5235803991589385,-0.029406337440257953,false
15,4,48.0,-1.5168932712227328,-0.03670914682387077,false
15,4,48.1,-1.5101981466428798,-0.043897072322851505,false
15,4,48.2,-1.5034951074413152,-0.050970883513336195,false
15,4,48.3,-1.496784164904326,-0.05793134474882043,false
15,4,48.4,-1.490065267516166,-0.06477921458753462,false
15,4,48.5,-1.4833383076232065,-0.07151524529075455,false
15,4,48.6,-1.4766031270203535,-0.07814018238079681,false
15,4,48.7,-1.469859521620173,-0.08465476424914063,false
15,4,48.8,-1.4631072453390843,-0.0910597218065353,false
15,4,48.9,-1.4563460133132013,-0.09735577816814014,false
15,4,49.0,-1.4495755045381833,-0.103543648367742,false
15,4,49.1,-1.4427953640121978,-0.10962403909592999,false
15,4,49.2,-1.4360052044482858,-0.11559764845781137,false
15,4,49.3,-1.4292046076116538,-0.12146516574643997,false
15,4,49.4,-1.4223931253283346,-0.12722727122862362,false
15,4,49.5,-1.4155702802039862,-0.1328846359401908,false
15,4,49.6,-1.4087355660851035,-0.13843792148814288,false
15,4,49.7,-1.401888448289387,-0.143887779857407,false
15,4,49.8,-1.395028363627301,-0.14923485322014404,false
15,4,49.9,-1.3881547202328117,-0.15447977374576483,false
15,4,50.0,-1.381266897217815,-0.15962316340996893,false
15,4,50.1,-1.3743642441617507,-0.16466563380125232,false
15,4,50.2,-1.3674460804452635,-0.1696077859234338,false
15,4,50.3,-1.3605116944344557,-0.1744502099928324,false
15,4,50.4,-1.3535603425202223,-0.17919348522878648,false
15,4,50.5,-1.3465912480153053,-0.18383817963624965,false
15,4,50.6,-1.3396035999100284,-0.18838484977922196,false
15,4,50.7,-1.3325965514861207,-0.19283404054378733,false
15,4,50.8,-1.3255692187865862,-0.19718628488952422,false
15,4,50.9,-1.318520678938205,-0.20144210358804035,false
15,4,51.0,-1.3114499683219119,-0.2056020049473547,false
15,4,51.1,-1.3043560805849999,-0.20966648452080902,false
15,4,51.2,-1.297237964487786,-0.21363602479913993,false
15,4,51.3,-1.2900945215760644,-0.21751109488427875,false
15,4,51.4,-1.282924603669315,-0.2212921501433713,false
15,4,51.5,-1.2757270101532325,-0.22497963184142247,false
15,4,51.6,-1.2685004850636643,-0.22857396675087058,false
15,4,51.7,-1.2612437139474777,-0.2320755667362835,false
15,4,51.8,-1.2539553204842082,-0.23548482831224146,false
15,4,51.9,-1.2466338628505353,-0.23880213217232965,false
15,4,52.0,-1.2392778298076783,-0.24202784268700497,false
15,4,52.1,-1.2318856364896826,-0.2451623073679264,false
15,4,52.2,-1.2244556198682421,-0.24820585629614317,false
15,4,52.3,-1.2169860338671508,-0.2511588015113192,false
15,4,52.4,-1.2094750440966693,-0.25402143635893437,false
15,4,52.5,-1.2019207221749937,-0.256794034792138,false
15,4,52.6,-1.1943210396005834,-0.25947685062463954,false
15,4,52.7,-1.186673861135297,-0.26207011673069724,false
15,4,52.8,-1.1789769376540609,-0.26457404418790964,false
15,4,52.9,-1.1712278984120923,-0.26698882135811763,false
15,4,53.0,-1.1634242426754426,-0.26931461290128794,false
15,4,53.1,-1.155563330654778,-0.2715515587167628,false
15,4,53.2,-1.1476423736757502,-0.27369977280572044,false
15,4,53.3,-1.139658423511978,-0.275759342048094,false
15,4,53.4,-1.1316083607984153,-0.2777303248865287,false
15,4,53.5,-1.1234888824336395,-0.2796127499092185,false
15,4,53.6,-1.115296487869181,-0.281406614322636,false
15,4,53.7,-1.1070274641722957,-0.2831118823042498,false
15,4,53.8,-1.0986778697353572,-0.2847284832242958,false
15,4,53.9,-1.0902435164901074,-0.28625630972451815,false
15,4,54.0,-1.0817199504681088,-0.28769521564050987,false
15,4,54.1,-1.0731024305295953,-0.2890450137528406,false
15,4,54.2,-1.0643859050612088,-0.2903054733505403,false
15,4,54.3,-1.0555649864184296,-0.2914763175886886,false
15,4,54.4,-1.0466339228604493,-0.292557220619812,false
15,4,54.5,-1.0375865676932472,-0.29354780447648476,false
15,4,54.6,-1.0284163453001405,-0.2944476356799259,false
15,4,54.7,-1.0191162136973744,-0.2952562215464416,false
15,4,54.8,-1.0096786232045885,-0.2959730061602344,false
15,4,54.9,-1.0000954707652878,-0.2965973659773243,false
15,4,55.0,-0.9903580493896451,-0.29712860502104416,false
15,4,55.1,-0.9804569921197596,-0.29756594962470134,false
15,4,55.2,-0.970382209834365,-0.2979085426714513,false
15,4,55.3,-0.9601228221141223,-0.2981554372751054,false
15,4,55.4,-0.9496670802779325,-0.2983055898383744,false
15,4,55.5,-0.9390022815726882,-0.2983578524167843,false
15,4,55.6,-0.9281146733506288,-0.29831096430704057,false
15,4,55.7,-0.916989345896541,-0.29816354276775303,false
15,4,55.8,-0.9056101123674256,-0.29791407276795645,false
15,4,55.9,-0.8939593740751863,-0.2975608956444963,false
15,4,56.0,-0.8820179690728281,-0.29710219653279607,false
15,4,56.1,-0.8697650016900569,-0.2965359904164137,false
15,4,56.2,-0.8571776502974315,-0.2958601066187097,false
15,4,56.3,-0.844230950150453,-0.29507217153439363,false
15,4,56.4,-0.8308975476659032,-0.2941695893691062,false
15,4,56.5,-0.817147421900528,-0.29314952062085425,false
15,4,56.6,-0.8029475683233186,-0.2920088579972621,false
15,4,56.7,-0.7882616391820136,-0.2907441994163135,false
15,4,56.8,-0.7730495338453266,-0.28935181768448925,false
15,4,56.9,-0.7572669314369098,-0.28782762638374537,false
15,4,57.0,-0.740864756846924,-0.2861671414262678,false
15,4,57.1,-0.7237885697950748,-0.28436543765186345,false
15,4,57.2,-0.7059778650114159,-0.28241709974555607,false
15,4,57.3,-0.687365269792101,-0.28031616664071884,false
15,4,57.4,-0.6678756231848738,-0.2780560684441763,false
15,4,57.5,-0.647424918896574,-0.27562955477262785,false
15,4,57.6,-0.6259190917667036,-0.27302861322345084,false
15,4,57.7,-0.6032526254582631,-0.27024437651736893,false
15,4,57.8,-0.5793069571263778,-0.2672670166473073,false
15,4,57.9,-0.5539486536482504,-0.2640856241516288,false
15,4,58.0,-0.5270273342003765,-0.2606880704103099,false
15,4,58.1,-0.4983733166038883,-0.2570608506566138,false
15,4,58.2,-0.4677949715642983,-0.25318890523362064,false
15,4,58.3,-0.4350757822181904,-0.24905541655229527,false
15,4,58.4,-0.3999711300609855,-0.24464157930150718,false
15,4,58.5,-0.3622048680180166,-0.23992634183869388,false
15,4,58.6,-0.32146580540785236,-0.23488611753311536,false
15,4,58.7,-0.2774043296748143,-0.22949446641241597,false
15,4,58.8,-0.2296295424809335,-0.2237217501749489,false
15,4,58.9,-0.17770751486759104,-0.21753476804463154,false
15,4,59.0,-0.12116159462879973,-0.21089638785172,false
15,4,59.1,-0.059476157675761365,-0.2037651971656021,false
15,4,59.2,0.007894194310219593,-0.1960952145629074,false
15,4,59.3,0.08150723181507699,-0.18783572254644285,false
15,4,59.4,0.16190390786266887,-0.17893131225060357,false
15,4,59.5,0.24956311980405949,-0.16932226560809482,false
15,4,59.6,0.3448360895048455,-0.15894543983549123,false
15,4,59.7,0.4478573694333378,-0.14773585293425942,false
15,4,59.8,0.5584334019050246,-0.13562917936298763,false
15,4,59.9,0.6759172896011235,-0.12256532280279903,false
15,4,60.0,0.7990903670274696,-0.10849310049338662,false
15,5,60.0,-0.4401300181032084,-0.17466094445650182,true
15,5,60.1,-0.41319835838386576,-0.17087598013606423,false
15,5,60.2,-0.38429438886070183,-0.16686301306339021,false
15,5,60.3,-0.3532037199382571,-0.16260467200314305,false
15,5,60.4,-0.3196853548625534,-0.15808162804075138,false
15,5,60.5,-0.2834688281162888,-0.1532723519256419,false
15,5,60.6,-0.24425143373763503,-0.14815284721623212,false
15,5,60.7,-0.20169581446679438,-0.14269636137285702,false
15,5,60.8,-0.1554283397766859,-0.13687308008873178,false
15,5,60.9,-0.10503892582170504,-0.1306498150070796,false
15,5,61.0,-0.05008326259603843,-0.12398970224297028,false
15,5,61.1,0.009911170533370192,-0.11685193967402172,false
15,5,61.2,0.0754333982337784,-0.10919160573743258,false
15,5,61.3,0.14696905604443128,-0.10095962229144037,false
15,5,61.4,0.22496926020084224,-0.09210294915941437,false
15,5,61.5,0.30980491510030084,-0.08256512690551843,false
15,5,61.6,0.4017035828784092,-0.07228731273588167,false
15,5,61.7,0.5006679042477267,-0.06120997255715033,false
15,5,61.8,0.6063786965964145,-0.04927538336963598,false
15,5,61.9,0.7180929261097276,-0.036431040269624335,false
15,5,62.0,0.8345564110181986,-0.02263392525317419,false
15,5,62.1,0.9539608391718458,-0.00785536705331429,false
15,5,62.2,1.0739789944132525,0.007914074589409457,false
15,5,62.3,1.1919037657767135,0.02466054734547435,false
15,5,62.4,1.3048912045770862,0.04234463937922589,false
15,5,62.5,1.410270559654763,0.06090170731150396,false
15,5,62.6,1.5058514396903455,0.0802450914943049,false
15,5,62.7,1.5901501958207076,0.10027180685303537,false
15,5,62.8,1.6624827252680514,0.12086967814498063,false
15,5,62.9,1.722917067875092,0.14192461670280723,false
15,5,63.0,1.7721218844273128,0.16332689239049059,false
15,5,63.1,1.8111672196526738,0.1849757074180782,false
15,5,63.2,1.84132936666732,0.20678189583824225,false
15,5,63.3,1.8639325750633067,0.22866896708992912,false
15,5,63.4,1.8802395311722713,0.2505729124105794,false
15,5,63.5,1.8913876959149243,0.2724412251907966,false
15,5,63.6,1.8983613659071605,0.2942315178060525,false
15,5,63.7,1.9019878705243312,0.3159100117356811,false
15,5,63.8,1.9029479596555285,0.33745007562718826,false
15,5,63.9,1.9017931094158798,0.3588309055583848,false
15,5,64.0,1.898965026280527,0.38003638644911847,false
15,5,64.1,1.8948146154795646,0.4010541396293338,false
15,5,64.2,1.8896190421456445,0.42187474316969614,false
15,5,64.3,1.8835963630778896,0.4424911033411464,false
15,5,64.4,1.8769176893732362,0.46289795338291334,false
15,5,64.5,1.8697170838186126,0.48309145682816196,false
15,5,64.6,1.862099496750846,0.5030688952118861,false
15,5,64.7,1.854147063693086,0.5228284230507155,false
15,5,64.8,1.8459240671612827,0.5423688759975488,false
15,5,64.9,1.837480826883871,0.5616896207811931,false
15,5,65.0,1.828856740086372,0.5807904378516487,false
15,5,65.1,1.8200826529120515,0.5996714295607726,false
15,5,65.2,1.8111827082867469,0.6183329482520802,false
15,5,65.3,1.802175785416339,0.6367755398640803,false
15,5,65.4,1.7930766214577125,0.6549998996225318,false
15,5,65.5,1.7838966861167393,0.6730068371578111,false
15,5,65.6,1.7746448642479666,0.6907972489768643,false
15,5,65.7,1.7653279892190725,0.708372096680426,false
15,5,65.8,1.7559512601957232,0.7257323896740414,false
15,5,65.9,1.7465185690367964,0.7428791713988167,false
15,5,66.0,1.737032756704403,0.7598135083227622,false
15,5,66.1,1.727495814616974,0.7765364811001948,false
15,5,66.2,1.7179090429131851,0.7930491774358673,false
15,5,66.3,1.7082731749196527,0.8093526862907925,false
15,5,66.4,1.6985884750469313,0.8254480931446738,false
15,5,66.5,1.6888548157376932,0.8413364760905124,false
15,5,66.6,1.6790717378508841,0.8570189025842211,false
15,5,66.7,1.6692384979035997,0.8724964267089599,false
15,5,66.8,1.6593541048448381,0.8877700868427271,false
15,5,66.9,1.6494173484532821,0.9028409036402855,false
15,5,67.0,1.639426820997202,0.9177098782581661,false
15,5,67.1,1.6293809334395064,0.9323779907653322,false
15,5,67.2,1.6192779271925684,0.9468461986929405,false
15,5,67.3,1.6091158822084937,0.9611154356851387,false
15,5,67.4,1.5988927220176707,0.9751866102195003,false
15,5,67.5,1.5886062161914694,0.9890606043708882,false
15,5,67.6,1.5782539805958056,1.0027382725965752,false
15,5,67.7,1.5678334757147765,1.0162204405235578,false
15,5,67.8,1.5573420032528498,1.029507903721361,false
15,5,67.9,1.546776701166348,1.0426014264453947,false
15,5,68.0,1.5361345372272213,1.0555017403371842,false
15,5,68.1,1.5254123011820186,1.0682095430686562,false
15,5,68.2,1.5146065955346144,1.080725496918168,false
15,5,68.3,1.5037138249511584,1.0930502272661815,false
15,5,68.4,1.4927301842586238,1.1051843209984282,false
15,5,68.5,1.481651644983217,1.117128324804128,false
15,5,68.6,1.470473940350913,1.1288827433563045,false
15,5,68.7,1.4591925486487247,1.1404480373605217,false
15,5,68.8,1.4478026748213382,1.1518246214574215,false
15,5,68.9,1.436299230152781,1.16301286196329,false
15,5,69.0,1.4246768098562494,1.1740130744314967,false
15,5,69.1,1.4129296683664576,1.1848255210160257,false
15,5,69.2,1.4010516920972487,1.1954504076164256,false
15,5,69.3,1.3890363693920218,1.2058878807813282,false
15,5,69.4,1.376876757355009,1.216138024345173,false
15,5,69.5,1.3645654452067284,1.2262008557699036,false
15,5,69.6,1.3520945137560558,1.2360763221601123,false
15,5,69.7,1.3394554905231544,1.2457642959163389,false
15,5,69.8,1.3266392999806849,1.2552645699869243,false
15,5,69.9,1.313636208303721,1.264576852673882,false
15,5,70.0,1.300435761929807,1.2737007619425904,false
15,5,70.1,1.2870267191274891,1.282635819178612,false
15,5,70.2,1.273396973651841,1.2913814423274805,false
15,5,70.3,1.259533469426019,1.299936938344691,false
15,5,70.4,1.2454221050250616,1.3083014948732166,false
15,5,70.5,1.231047626547718,1.3164741710544041,false
15,5,70.6,1.2163935072388936,1.324453887364842,false
15,5,70.7,1.2014418119631465,1.3322394143563916,false
15,5,70.8,1.186173044321169,1.3398293601586926,false
15,5,70.9,1.1705659738374319,1.3472221565826166,false
15,5,71.0,1.1545974402174675,1.3544160436388408,false
15,5,71.1,1.138242131164789,1.3614090522572937,false
15,5,71.2,1.1214723296447082,1.3681989849599356,false
15,5,71.3,1.1042576257668262,1.3747833942002652,false
15,5,71.4,1.086564587607494,1.3811595580369964,false
15,5,71.5,1.0683563842815071,1.387324452755232,false
15,5,71.6,1.0495923533671407,1.3932747219845896,false
15,5,71.7,1.0302275033529424,1.3990066417882765,false
15,5,71.8,1.0102119400646914,1.4045160811078075,false
15,5,71.9,0.9894902039958986,1.4097984568422932,false
15,5,72.0,0.9680005030476704,1.4148486827158768,false
15,5,72.1,0.9456738223202661,1.4196611109383024,false
15,5,72.2,0.9224328892226826,1.4242294654875514,false
15,5,72.3,0.8981909682138407,1.4285467656351807,false
15,5,72.4,0.8728504549080716,1.4326052380891354,false
15,5,72.5,0.8463012340488364,1.4363962158397863,false
15,5,72.6,0.8184187600219891,1.4399100214572715,false
15,5,72.7,0.7890618123053583,1.4431358321973489,false
15,5,72.8,0.7580698719043065,1.4460615238267183,false
15,5,72.9,0.725260059125916,1.4486734895798705,false
15,5,73.0,0.690423569309409,1.4509564301197482,false
15,5,73.1,0.6533215436350587,1.4528931098216766,false
15,5,73.2,0.6136803207173296,1.454464074189228,false
15,5,73.3,0.5711860376792095,1.4556473228423266,false
15,5,73.4,0.5254785970435705,1.4564179324663307,false
15,5,73.5,0.4761451043338861,1.4567476246686706,false
15,5,73.6,0.42271303608426686,1.4566042753353725,false
15,5,73.7,0.36464365747078514,1.4559513655774394,false
15,5,73.8,0.3013266293189895,1.4547473808957345,false
15,5,73.9,0.23207740394646764,1.45294517656761,false
15,5,74.0,0.15614000687085142,1.450491346066113,false
15,5,74.1,0.07269923953334445,1.447325659086865,false
15,5,74.2,-0.019091729520506417,1.4433806807547416,false
15,5,74.3,-0.12006011344023532,1.4385817478784595,false
15,5,74.4,-0.2309282000339159,1.4328475629155368,false
15,5,74.5,-0.35218304625178637,1.4260917642305848,false
15,5,74.6,-0.48389399522434823,1.4182259163494753,false
15,5,74.7,-0.6254830768501612,1.4091643785684584,false
15,5,74.8,-0.7754782153860978,1.398831357026194,false
15,5,74.9,-0.9313161279657669,1.3871700058211804,false
15,5,75.0,-1.0892977770316246,1.374152655481312,false
15,6,75.0,0.371926492535351,1.3965132002575302,true
15,6,75.1,0.31548573767357846,1.3958429243468276,false
15,6,75.2,0.25376292350277235,1.3946364536606062,false
15,6,75.3,0.18610028932493153,1.3928463359912848,false
15,6,75.4,0.11177752777678984,1.390419144018932,false
15,6,75.5,0.030026566808346866,1.3872950042454983,false
15,6,75.6,-0.05993813846153996,1.3834073309374737,false
15,6,75.7,-0.1588661328887913,1.378682939476952,false
15,6,75.8,-0.26738509114458564,1.3730427903538363,false
15,6,75.9,-0.38587359252832576,1.3664036986517134,false
15,6,76.0,-0.5142881745681136,1.358681407033077,false
15,6,76.1,-0.6519527550236061,1.3497954075943102,false
15,6,76.2,-0.7973417523668054,1.3396757229353782,false
15,6,76.3,-0.9479203016156607,1.328271424639177,false
15,6,76.4,-1.100132747923276,1.3155599485492804,false
15,6,76.5,-1.2496276055503388,1.3015554155496523,false
15,6,76.6,-1.3917466081665142,1.2863136000328415,false
15,6,76.7,-1.5221917199609343,1.2699314485093587,false
15,6,76.8,-1.6376755072479117,1.2525403905672936,false
15,6,76.9,-1.7363397993133665,1.2342946590728017,false
15,6,77.0,-1.8178250277243717,1.215357429531894,false
15,6,77.1,-1.8830251566214447,1.1958879481420914,false
15,6,77.2,-1.9336707802138973,1.1760319164490487,false
15,6,77.3,-1.9718971866922885,1.155915941831373,false
15,6,77.4,-1.9999003451653492,1.135645635656025,false
15,6,77.5,-2.019715572888208,1.1153063201561726,false
15,6,77.6,-2.0331065088338662,1.094965232438943,false
15,6,77.7,-2.0415327220182635,1.0746743430510524,false
15,6,77.8,-2.0461639366965843,1.0544732148680813,false
15,6,77.9,-2.047916604134073,1.0343915930750383,false
15,6,78.0,-2.047497401630213,1.0144516003810173,false
15,6,78.1,-2.045445244896237,0.9946695198900367,false
15,6,78.2,-2.0421680185788573,0.9750572023884839,false
15,6,78.3,-2.0379729000823135,0.9556231558325036,false
15,6,78.4,-2.0330905098797576,0.9363733776972368,false
15,6,78.5,-2.0276936971004984,0.9173119851894403,false
15,6,78.6,-2.0219119235126657,0.8984416895786109,false
15,6,78.7,-2.0158421612101143,0.8797641518565131,false
15,6,78.8,-2.009557091115885,0.8612802488290067,false
15,6,78.9,-2.00311124295185,0.8429902719881279,false
15,6,79.0,-1.996545580947628,0.8248940761153818,false
15,6,79.1,-1.989890923779815,0.8069911903691097,false
15,6,79.2,-1.983170493828354,0.789280901399522,false
15,6,79.3,-1.976401817794093,0.7717623156097014,false
15,6,79.4,-1.9695981447306816,0.7544344058619945,false
15,6,79.5,-1.9627695051846052,0.7372960465718226,false
15,6,79.6,-1.9559235033685134,0.7203460401210634,false
15,6,79.7,-1.949065910602871,0.7035831367730969,false
15,6,79.8,-1.9422011106588384,0.687006049714924,false
15,6,79.9,-1.935332434584485,0.67061346643861,false
15,6,80.0,-1.9284624129302501,0.6544040573674982,false
15,6,80.1,-1.9215929661321274,0.6383764824045991,false
15,6,80.2,-1.9147255485094652,0.6225293959108572,false
15,6,80.3,-1.9078612574044067,0.6068614504945214,false
15,6,80.4,-1.901000916073716,0.5913712998984347,false
15,6,80.5,-1.8941451367767779,0.5760576012014604,false
15,6,80.6,-1.887294368890944,0.5609190164973743,false
15,6,80.7,-1.8804489356833178,0.5459542141748541,false
15,6,80.8,-1.8736090624704709,0.5311618698923468,false
15,6,80.9,-1.8667748982260781,0.5165406673190942,false
15,6,81.0,-1.8599465321931827,0.5020892986966177,false
15,6,81.1,-1.8531240066798638,0.48780646526210675,false
15,6,81.2,-1.846307326932711,0.47369087756541745,false
15,6,81.3,-1.8394964687681254,0.4597412557039834,false
15,6,81.4,-1.8326913844795252,0.4459563294943098,false
15,6,81.5,-1.8258920074159417,0.43233483859442273,false
15,6,81.6,-1.8190982555345434,0.41887553258836174,false
15,6,81.7,-1.8123100341589522,0.40557717104128854,false
15,6,81.8,-1.805527238121437,0.3924385235318544,false
15,6,81.9,-1.7987497534260068,0.37945836966698415,false
15,6,82.0,-1.7919774585380555,0.3666354990830921,false
15,6,82.1,-1.7852102253821573,0.35396871143686126,false
15,6,82.2,-1.778447920111176,0.3414568163880361,false
15,6,82.3,-1.7716904036956411,0.32909863357614916,false
15,6,82.4,-1.7649375323714245,0.31689299259269177,false
15,6,82.5,-1.7581891579752937,0.30483873294991964,false
15,6,82.6,-1.751445128191394,0.29293470404723565,false
15,6,82.7,-1.7447052867266362,0.28117976513589826,false
15,6,82.8,-1.7379694734290403,0.2695727852826522,false
15,6,82.9,-1.7312375243600207,0.2581126433327598,false
15,6,83.0,-1.7245092718292019,0.24679822787281858,false
15,6,83.1,-1.717784544398495,0.23562843719367815,false
15,6,83.2,-1.711063166860694,0.22460217925371184,false
15,6,83.3,-1.704344960196703,0.2137183716426548,false
15,6,83.4,-1.6976297415146018,0.20297594154618484,false
15,6,83.5,-1.6909173239730373,0.19237382571139514,false
15,6,83.6,-1.684207516690864,0.18191097041328663,false
15,6,83.7,-1.6775001246445094,0.1715863314223919,false
15,6,83.8,-1.6707949485541693,0.16139887397362893,false
15,6,83.9,-1.6640917847596637,0.1513475727364746,false
15,6,84.0,-1.6573904250865368,0.14143141178653995,false
15,6,84.1,-1.650690656702805,0.13164938457862432,false
15,6,84.2,-1.643992261966599,0.12200049392132217,false
15,6,84.3,-1.6372950182648098,0.11248375195325389,false
15,6,84.4,-1.630598697842756,0.10309818012099112,false
15,6,84.5,-1.6239030676247832,0.09384280915874686,false
15,6,84.6,-1.6172078890256378,0.08471667906990095,false
15,6,84.7,-1.6105129177523811,0.07571883911043337,false
15,6,84.8,-1.6038179035965545,0.06684834777433916,false
15,6,84.9,-1.597122590216242,0.05810427278110138,false
15,6,85.0,-1.590426714907634,0.049485691065301526,false
15,6,85.1,-1.5837300083656332,0.04099168876844987,false
15,6,85.2,-1.577032194433006,0.03262136123312228,false
15,6,85.3,-1.5703329898375284,0.02437381299949394,false
15,6,85.4,-1.5636321039165308,0.016248157804365324,false
15,6,85.5,-1.5569292383281916,0.008243518582780395,false
15,6,85.6,-1.5502240867488872,0.0003590274723427652,false
15,6,85.7,-1.5435163345558456,-0.007406174179658818,false
15,6,85.8,-1.536805658494304,-0.015052935806197818,false
15,6,85.9,-1.5300917263283047,-0.0225820976074058,false
15,6,86.0,-1.523374196474213,-0.029994490534284893,false
15,6,86.1,-1.5166527176159668,-0.037290936269097276,false
15,6,86.2,-1.5099269283010064,-0.044472247202284224,false
15,6,86.3,-1.503196456515755,-0.0515392264057573,false
15,6,86.4,-1.496460919239445,-0.058492667602396096,false
15,6,86.5,-1.4897199219750015,-0.06533335513157537,false
15,6,86.6,-1.4829730582556009,-0.07206206391053455,false
15,6,86.7,-1.4762199091254293,-0.07867955939139037,false
15,6,86.8,-1.469460042593062,-0.0851865975135807,false
15,6,86.9,-1.462693013055767,-0.09158392465151459,false
15,6,87.0,-1.4559183606929242,-0.0978722775571891,false
15,6,87.1,-1.4491356108266122,-0.10405238329751759,false
15,6,87.2,-1.442344273247279,-0.11012495918609805,false
15,6,87.3,-1.4355438415022606,-0.11609071270913197,false
15,6,87.4,-1.4287337921447427,-0.12195034144518535,false
15,6,87.5,-1.4219135839405896,-0.12770453297846246,false
15,6,87.6,-1.4150826570302624,-0.1333539648052414,false
15,6,87.7,-1.4082404320428465,-0.13889930423309624,false
15,6,87.8,-1.4013863091589798,-0.1443412082725053,false
15,6,87.9,-1.3945196671192217,-0.14968032352041719,false
15,6,88.0,-1.3876398621741433,-0.15491728603531657,false
15,6,88.1,-1.3807462269721218,-0.16005272120329983,false
15,6,88.2,-1.3738380693805083,-0.1650872435946357,false
15,6,88.3,-1.3669146712354947,-0.1700214568102488,false
15,6,88.4,-1.3599752870156245,-0.17485595331752363,false
15,6,88.5,-1.353019142433493,-0.1795913142747825,false
15,6,88.6,-1.3460454329397238,-0.18422810934374403,false
15,6,88.7,-1.3390533221328322,-0.18876689648921716,false
15,6,88.8,-1.3320419400680445,-0.19320822176523023,false
15,6,88.9,-1.3250103814575647,-0.19755261908673474,false
15,6,89.0,-1.3179577037541401,-0.20180060998595709,false
15,6,89.1,-1.3108829251090812,-0.20595270335240154,false
15,6,89.2,-1.3037850221951197,-0.2100093951554301,false
15,6,89.3,-1.2966629278836546,-0.2139711681482605,false
15,6,89.4,-1.2895155287650089,-0.21783849155213253,false
15,6,89.5,-1.2823416624993067,-0.22161182071929328,false
15,6,89.6,-1.2751401149844637,-0.22529159677334268,false
15,6,89.7,-1.2679096173265538,-0.22887824622536246,false
15,6,89.8,-1.2606488425964628,-0.23237218056412196,false
15,6,89.9,-1.253356402355241,-0.23577379581851218,false
15,6,90.0,-1.2460308429289202,-0.2390834720902051,false
15,7,90.0,-1.3057552547667581,-0.11222626186181558,true
15,7,90.1,-1.3080184128520924,-0.11696663885381135,false
15,7,90.2,-1.3097020090183222,-0.12169031545108489,false
15,7,90.3,-1.3108378143802364,-0.12639224792607726,false
15,7,90.4,-1.3114569278677477,-0.13106771786377294,false
15,7,90.5,-1.3115895536397113,-0.13571232255356064,false
15,7,90.6,-1.3112648278888737,-0.14032196364217173,false
15,7,90.7,-1.3105106893847804,-0.14489283448733847,false
15,7,90.8,-1.3093537880890804,-0.14942140659653863,false
15,7,90.9,-1.3078194263649978,-0.15390441548117267,false
15,7,91.0,-1.3059315276303043,-0.15833884620530006,false
15,7,91.1,-1.3037126277209885,-0.16272191886066675,false
15,7,91.2,-1.3011838847007113,-0.16705107415679699,false
15,7,91.3,-1.2983651033377772,-0.17132395927667354,false
15,7,91.4,-1.2952747709535108,-0.17553841411501767,false
15,7,91.5,-1.2919301018071743,-0.17969245798724587,false
15,7,91.6,-1.288347087612065,-0.1837842768725487,false
15,7,91.7,-1.2845405521688074,-0.18781221123384914,false
15,7,91.8,-1.2805242084520516,-0.1917747444402634,false
15,7,91.9,-1.2763107167953345,-0.19567049180369578,false
15,7,92.0,-1.2719117430869216,-0.19949819022995133,false
15,7,92.1,-1.2673380161194725,-0.2032566884758658,false
15,7,92.2,-1.2625993834314053,-0.20694493799707786,false
15,7,92.3,-1.2577048651413583,-0.21056198436588516,false
15,7,92.4,-1.2526627054126935,-0.2141069592348488,false
15,7,92.5,-1.247480421296055,-0.21757907281918765,false
15,7,92.6,-1.2421648487878754,-0.22097760686932003,false
15,7,92.7,-1.236722186014475,-0.22430190810397588,false
15,7,92.8,-1.2311580335077652,-0.22755138207396094,false
15,7,92.9,-1.2254774315819907,-0.23072548742677051,false
15,7,93.0,-1.2196848948536074,-0.23382373054271247,false
15,7,93.1,-1.2137844439700927,-0.23684566051391587,false
15,7,93.2,-1.207779634629889,-0.23979086443849384,false
15,7,93.3,-1.201673583986079,-0.242658963003139,false
15,7,93.4,-1.1954689945319579,-0.24544960632850257,false
15,7,93.5,-1.189168175568335,-0.24816247005280706,false
15,7,93.6,-1.1827730623509434,-0.2507972516302325,false
15,7,93.7,-1.1762852330123998,-0.2533536668216738,false
15,7,93.8,-1.1697059233472504,-0.25583144635647165,false
15,7,93.9,-1.1630360395411559,-0.25823033274465246,false
15,7,94.0,-1.156276168916545,-0.26055007722007023,false
15,7,94.1,-1.1494265887573087,-0.26279043679560204,false
15,7,94.2,-1.1424872732645086,-0.2649511714122154,false
15,7,94.3,-1.135457898683745,-0.26703204116428275,false
15,7,94.4,-1.1283378466328122,-0.2690328035839656,false
15,7,94.5,-1.121126205645621,-0.2709532109678221,false
15,7,94.6,-1.1138217709350293,-0.27279300772900084,false
15,7,94.7,-1.106423042363176,-0.2745519277584658,false
15,7,94.8,-1.0989282205930453,-0.2762296917786474,false
15,7,94.9,-1.0913352013791988,-0.2778260046727228,false
15,7,95.0,-1.083641567938734,-0.27934055277239045,false
15,7,95.1,-1.0758445813253916,-0.28077300108650766,false
15,7,95.2,-1.0679411687101072,-0.2821229904522913,false
15,7,95.3,-1.0599279094499263,-0.2833901345899367,false
15,7,95.4,-1.0518010188037876,-0.2845740170404588,false
15,7,95.5,-1.0435563291278598,-0.2856741879652957,false
15,7,95.6,-1.0351892683544839,-0.2866901607847098,false
15,7,95.7,-1.0266948355268772,-0.2876214086302493,false
15,7,95.8,-1.018067573126015,-0.288467360584465,false
15,7,95.9,-1.0093015358859125,-0.2892273976786784,false
15,7,96.0,-1.0003902557481392,-0.2899008486168212,false
15,7,96.1,-0.9913267025549306,-0.2904869851901697,false
15,7,96.2,-0.9821032400217568,-0.29098501734412063,false
15,7,96.3,-0.9727115764634504,-0.2913940878539319,false
15,7,96.4,-0.9631427096716577,-0.29171326656150387,false
15,7,96.5,-0.9533868652538288,-0.2919415441197171,false
15,7,96.6,-0.9434334276433602,-0.2920778251844591,false
15,7,96.7,-0.9332708628746157,-0.29212092098714876,false
15,7,96.8,-0.9228866320828254,-0.29206954121215467,false
15,7,96.9,-0.9122670945342582,-0.2919222850938301,false
15,7,97.0,-0.9013973988130104,-0.2916776316367647,false
15,7,97.1,-0.8902613605830896,-0.2913339288500363,false
15,7,97.2,-0.8788413251032835,-0.29088938187147556,false
15,7,97.3,-0.8671180123918284,-0.2903420398409037,false
15,7,97.4,-0.855070342611424,-0.28968978136160195,false
15,7,97.5,-0.8426752388648108,-0.28893029836648093,false
15,7,97.6,-0.8299074041478288,-0.28806107817902443,false
15,7,97.7,-0.8167390686900766,-0.28707938352849516,false
15,7,97.8,-0.8031397033109098,-0.28598223024340186,false
15,7,97.9,-0.7890756937168906,-0.28476636230603675,false
15,7,98.0,-0.7745099698506392,-0.28342822390305833,false
15,7,98.1,-0.7594015834536967,-0.28196392805154147,false
15,7,98.2,-0.7437052259099218,-0.28036922131541825,false
15,7,98.3,-0.7273706771736066,-0.2786394440524114,false
15,7,98.4,-0.7103421751421756,-0.27676948554489306,false
15,7,98.5,-0.6925576931959802,-0.27475373326794894,false
15,7,98.6,-0.6739481117956537,-0.2725860154326067,false
15,7,98.7,-0.6544362680161174,-0.27025953581006956,false
15,7,98.8,-0.6339358647498512,-0.2677667996925488,false
15,7,98.9,-0.6123502191221512,-0.26509952967716843,false
15,7,99.0,-0.5895708275953173,-0.26224856977186983,false
15,7,99.1,-0.5654757235839556,-0.25920377611874357,false
15,7,99.2,-0.5399276026318222,-0.25595389241663946,false
15,7,99.3,-0.5127716910677397,-0.2524864079126257,false
15,7,99.4,-0.48383333775070964,-0.2487873956409394,false
15,7,99.5,-0.45291531686585385,-0.24484132845205292,false
15,7,99.6,-0.4197948455363283,-0.24063087034761216,false
15,7,99.7,-0.384220347468048,-0.23613664080476165,false
15,7,99.8,-0.3459080391523849,-0.23133695026777995,false
15,7,99.9,-0.3045384873342458,-0.22620750600616954,false
15,7,100.0,-0.25975339829194544,-0.22072108938424373,false
20,1,0.0,-1.8633893588791945,0.9432517283983279,true
20,1,0.1,-1.89544272864903,0.9255172164439067,false
20,1,0.2,-1.919496813123561,0.9076567969126949,false
20,1,0.30000000000000004,-1.936988286851434,0.8897380169353477,false
20,1,0.4,-1.94918887726972,0.8718154825522532,false
20,1,0.5,-1.9571798455489053,0.853932609597479,false
20,1,0.6000000000000001,-1.9618542591546815,0.8361234570382327,false
20,1,0.7000000000000001,-1.9639344061985005,0.8184144483974491,false
20,1,0.8,-1.9639956125867923,0.8008258862964533,false
20,1,0.9,-1.9624911341049855,0.7833732296583147,false
20,1,1.0,-1.959775276510412,0.7660681400569517,false
20,1,1.1,-1.9561234974424415,0.7489193218006227,false
20,1,1.2,-1.9517491775511477,0.7319331868765473,false
20,1,1.3,-1.9468172356185773,0.715114376017503,false
20,1,1.4,-1.9414549772669583,0.6984661641787124,false
20,1,1.5,-1.9357606283382112,0.6819907745693758,false
20,1,1.6,-1.9298099871333114,0.6656896211093192,false
20,1,1.7000000000000002,-1.9236615783388782,0.6495634952763167,false
20,1,1.8,-1.9173606296725456,0.6336127099649408,false
20,1,1.9,-1.9109421321222306,0.6178372102225882,false
20,1,2.0,-1.9044331914150363,0.6022366585153094,false
20,1,2.1,-1.8978548336658434,0.5868105004283968,false
20,1,2.2,-1.891223391856262,0.5715580153424239,false
20,1,2.3,-1.8845515709314031,0.5564783555689014,false
20,1,2.4,-1.8778492666802362,0.5415705766159331,false
20,1,2.5,-1.8711241960097587,0.5268336606296959,false
20,1,2.6,-1.8643823826912347,0.5122665345793043,false
20,1,2.7,-1.857628532273865,0.49786808438685204,false
20,1,2.8,-1.8508663219184265,0.4836371659248318,false
20,1,2.9,-1.8440986248383624,0.4695726135893934,false
20,1,3.0,-1.8373276844089828,0.45567324699444006,false
20,1,3.1,-1.8305552494768953,0.44193787620643316,false
20,1,3.2,-1.8237826797102692,0.42836530584389904,false
20,1,3.3,-1.8170110277763003,0.414954338292069,false
20,1,3.4,-1.810241103563019,0.40170377622656495,false
20,1,3.5,-1.8034735244625497,0.3886124245965506,false
20,1,3.6,-1.7967087548140253,0.3756790921842476,false
20,1,3.7,-1.7899471368997706,0.36290259283183474,false
20,1,3.8,-1.7831889153472393,0.3502817464067319,false
20,1,3.9,-1.7764342563729847,0.33781537956076385,false
20,1,4.0,-1.7696832629842463,0.3255023263266606,false
20,1,4.1,-1.7629359870062413,0.31334142858599134,false
20,1,4.2,-1.75619243861189,0.30133153643533805,false
20,1,4.3,-1.749452593882505,0.2894715084718233,false
20,1,4.4,-1.7427164008129874,0.2777602120146579,false
20,1,4.5,-1.735983784085676,0.26619652327588755,false
20,1,4.6,-1.7292546488674143,0.25477932749078347,false
20,1,4.7,-1.7225288838300918,0.2435075190161707,false
20,1,4.8,-1.7158063635524734,0.232380001403294,false
20,1,4.9,-1.7090869504279202,0.2213956874504856,false
20,1,5.0,-1.7023704961765271,0.21055349923984198,false
20,1,5.1,-1.6956568430397276,0.19985236816128127,false
20,1,5.2,-1.688945824719288,0.1892912349266889,false
20,1,5.3,-1.682237267109895,0.17886904957633326,false
20,1,5.4,-1.6755309888644927,0.16858477147931336,false
20,1,5.5,-1.6688268018235548,0.15843736932946656,false
20,1,5.6,-1.6621245113331853,0.14842582113789876,false
20,1,5.7,-1.6554239164719027,0.13854911422308602,false
20,1,5.8,-1.6487248102019896,0.1288062451993271,false
20,1,5.9,-1.642026979458075,0.11919621996418982,false
20,1,6.0,-1.635330205183094,0.10971805368548607,false
20,1,6.1,-1.6286342623197043,0.10037077078822255,false
20,1,6.2,-1.6219389197636058,0.091153404941905,false
20,1,6.3,-1.6152439402838876,0.08206499904851831,false
20,1,6.4,-1.6085490804144478,0.07310460523146026,false
20,1,6.5,-1.6018540903196743,0.06427128482567199,false
20,1,6.6,-1.595158713636862,0.05556410836918041,false
20,1,6.7,-1.588462687297263,0.046982155596246473,false
20,1,6.8,-1.581765741327197,0.03852451543229623,false
20,1,6.9,-1.575067598630251,0.030190285990799707,false
20,1,7.0,-1.5683679747512678,0.02197857457225303,false
20,1,7.1,-1.5616665776225567,0.013888497665413117,false
20,1,7.2,-1.5549631072925116,0.005919180950930436,false
20,1,7.3,-1.5482572556366296,-0.0019302406924766782,false
20,1,7.4,-1.5415487060507438,-0.009660623179162617,false
20,1,7.5,-1.5348371331261264,-0.017272813204865435,false
20,1,7.6,-1.528122202305982,-0.024767648232040272,false
20,1,7.7,-1.521403569522711,-0.03214595647206411,false
20,1,7.8,-1.514680880815217,-0.039408556864155016,false
20,1,7.9,-1.5079537719254008,-0.04655625905084333,false
20,1,8.0,-1.5012218678728833,-0.053589863349825004,false
20,1,8.1,-1.4944847825068792,-0.06051016072201913,false
20,1,8.2,-1.4877421180340409,-0.0673179327356428,false
20,1,8.3,-1.480993464520968,-0.0740139515261062,false
20,1,8.4,-1.4742383993699737,-0.08059897975152026,false
20,1,8.5,-1.4674764867665662,-0.08707377054359658,false
20,1,8.6,-1.4607072770969851,-0.09343906745370689,false
20,1,8.7,-1.453930306333995,-0.09969560439385487,false
20,1,8.8,-1.4471450953889957,-0.10584410557229763,false
20,1,8.9,-1.4403511494283607,-0.11188528542353844,false
20,1,9.0,-1.4335479571517515,-0.1178198485323932,false
20,1,9.1,-1.426734990029981,-0.12364848955181505,false
20,1,9.2,-1.4199117014998155,-0.12937189311414013,false
20,1,9.3,-1.4130775261128996,-0.1349907337353951,false
20,1,9.4,-1.406231878635776,-0.14050567571228356,false
20,1,9.5,-1.399374153097732,-0.14591737301144123,false
20,1,9.6,-1.3925037217829546,-0.15122646915052299,false
20,1,9.7,-1.385619934163195,-0.15643359707065385,false
20,1,9.8,-1.3787221157668503,-0.16153937899974316,false
20,1,9.9,-1.3718095669800363,-0.1665444263061264,false
20,1,10.0,-1.3648815617748786,-0.17144933934196036,false
20,1,10.1,-1.3579373463598587,-0.1762547072757563,false
20,1,10.2,-1.3509761377466318,-0.18096110791339112,false
20,1,10.3,-1.3439971222272753,-0.185569107506888,false
20,1,10.4,-1.3369994537554257,-0.19007926055020544,false
20,1,10.5,-1.3299822522242142,-0.19449210956121704,false
20,1,10.6,-1.3229446016333108,-0.19880818484900245,false
20,1,10.7,-1.3158855481367362,-0.20302800426550294,false
20,1,10.8,-1.3088040979623747,-0.20715207294052243,false
20,1,10.9,-1.3016992151933446,-0.21118088299897547,false
20,1,11.0,-1.2945698194005069,-0.21511491325919752,false
20,1,11.1,-1.287414783114454,-0.2189546289110394,false
20,1,11.2,-1.2802329291242716,-0.22270048117236513,false
20,1,11.3,-1.2730230275892165,-0.226352906922461,false
20,1,11.4,-1.2657837929481972,-0.22991232831074213,false
20,1,11.5,-1.2585138806105372,-0.23337915233900958,false
20,1,11.6,-1.2512118834099726,-0.23675377041536538,false
20,1,11.7,-1.243876327802133,-0.240036557877734,false
20,1,11.8,-1.236505669783871,-0.24322787348476396,false
20,1,11.9,-1.2290982905107322,-0.2463280588716921,false
20,1,12.0,-1.221652491586549,-0.2493374379685431,false
20,1,12.1,-1.2141664899965883,-0.25225631637780577,false
20,1,12.2,-1.2066384126528422,-0.2550849807084743,false
20,1,12.3,-1.1990662905169056,-0.2578236978630633,false
20,1,12.4,-1.191448052262365,-0.2604727142738976,false
20,1,12.5,-1.1837815174347257,-0.26303225508463823,false
20,1,12.6,-1.1760643890625428,-0.26550252327263135,false
20,1,12.7,-1.1682942456685557,-0.2678836987072531,false
20,1,12.8,-1.1604685326241924,-0.2701759371389642,false
20,1,12.9,-1.1525845527847287,-0.2723793691132804,false
20,1,13.0,-1.1446394563355649,-0.274494098803303,false
20,1,13.1,-1.1366302297724473,-0.2765202027538262,false
20,1,13.2,-1.1285536839298718,-0.2784577285293467,false
20,1,13.3,-1.120406440962252,-0.28030669325752317,false
20,1,13.4,-1.1121849201715701,-0.2820670820587764,false
20,1,13.5,-1.1038853225629652,-0.28373884635175595,false
20,1,13.6,-1.095503613995887,-0.2853219020233285,false
20,1,13.7,-1.087035506782798,-0.28681612745054086,false
20,1,13.8,-1.0784764395697062,-0.28822136136066684,false
20,1,13.9,-1.0698215553127375,-0.2895374005139407,false
20,1,14.0,-1.0610656771421798,-0.2907639971918858,false
20,1,14.1,-1.0522032818795324,-0.29190085647224584,false
20,1,14.2,-1.0432284709436084,-0.2929476332693835,false
20,1,14.3,-1.0341349383481313,-0.2939039291165948,false
20,1,14.4,-1.0249159354548822,-0.29476928866406243,false
20,1,14.5,-1.0155642321025795,-0.29554319586308625,false
20,1,14.6,-1.0060720736814102,-0.2962250698037384,false
20,1,14.7,-0.9964311336655046,-0.2968142601691307,false
20,1,14.8,-0.9866324610494411,-0.2973100422649838,false
20,1,14.9,-0.976666422058717,-0.29771161157807374,false
20,1,15.0,-0.9665226354163902,-0.2980180778113021,false
20,1,15.1,-0.9561899003468752,-0.2982284583364866,false
20,1,15.2,-0.9456561163809238,-0.2983416709983707,false
20,1,15.3,-0.9349081938904945,-0.2983565261946523,false
20,1,15.4,-0.9239319541254161,-0.2982717181468618,false
20,1,15.5,-0.9127120173418316,-0.2980858152654742,false
20,1,15.6,-0.9012316774010741,-0.2977972494994765,false
20,1,15.7,-0.8894727609718484,-0.297404304545458,false
20,1,15.8,-0.877415469182451,-0.29690510277381094,false
20,1,15.9,-0.8650381992363441,-0.29629759070944606,false
20,1,16.0,-0.8523173431156136,-0.29557952288108824,false
20,1,16.1,-0.8392270600433179,-0.29474844382619486,false
20,1,16.2,-0.8257390188465858,-0.2938016680072225,false
20,1,16.3,-0.8118221057451221,-0.292736257358633,false
20,1,16.4,-0.7974420923703887,-0.29154899614184937,false
20,1,16.5,-0.7825612579833832,-0.29023636273637676,false
20,1,16.6,-0.7671379588864228,-0.28879449793838635,false
20,1,16.7,-0.7511261368984983,-0.28721916927195507,false
20,1,16.8,-0.7344747574665116,-0.2855057307414432,false
20,1,16.9,-0.7171271664997939,-0.2836490773646004,false
20,1,17.0,-0.6990203533313579,-0.2816435937232331,false
20,1,17.1,-0.6800841053248204,-0.27948309564990387,false
20,1,17.2,-0.6602400375770601,-0.2771607640334933,false
20,1,17.3,-0.6394004789598989,-0.27466906957216736,false
20,1,17.4,-0.6174671934955362,-0.27199968712861283,false
20,1,17.5,-0.5943299139457999,-0.2691433981498311,false
20,1,17.6,-0.5698646628154517,-0.26608997940493667,false
20,1,17.7,-0.5439318352202402,-0.26282807607549097,false
20,1,17.8,-0.5163740190451508,-0.25934505701588195,false
20,1,17.9,-0.48701353176494605,-0.2556268498072243,false
20,1,18.0,-0.4556496621468317,-0.2516577530925058,false
20,1,18.1,-0.4220556217451572,-0.2474202236603028,false
20,1,18.2,-0.3859752400521529,-0.24289463592930663,false
20,1,18.3,-0.3471194849317455,-0.238059012015183,false
20,1,18.4,-0.3051629660423383,-0.2328887216457891,false
20,1,18.5,-0.25974069681938594,-0.22735615314437305,false
20,1,18.6,-0.2104455686658164,-0.22143035998017005,false
20,1,18.7,-0.15682725317382937,-0.21507669263949983,false
20,1,18.8,-0.0983936227370902,-0.2082564336819105,false
20,1,18.9,-0.034616294532916564,-0.20092646595511363,false
20,1,19.0,0.03505742812218998,-0.1930390213879763,false
20,1,19.1,0.11118314629189889,-0.1845415818633691,false
20,1,19.2,0.19428461176579828,-0.17537703506518348,false
20,1,19.3,0.28480123434600824,-0.16548422574137192,false
20,1,19.4,0.38301380299261784,-0.15479908145473478,false
20,1,19.5,0.4889465406288413,-0.14325651957679306,false
20,1,19.6,0.6022488507789749,-0.13079333679957428,false
20,1,19.7,0.7220694855257563,-0.11735221052318474,false
20,1,19.8,0.8469490370425373,-0.10288676553242966,false
20,1,19.9,0.974770067990169,-0.08736735847921455,false
20,1,20.0,1.1028097823433731,-0.07078683919607034,false
20,2,20.0,-0.6431483126570812,-0.2665967412024393,true
20,2,20.1,-0.6222924535703207,-0.2640257972558864,false
20,2,20.2,-0.6003070311999987,-0.2612774350799405,false
20,2,20.3,-0.5770783153110014,-0.25834209011252107,false
20,2,20.4,-0.5524783875433077,-0.2552091617565254,false
20,2,20.5,-0.5263631691654292,-0.25186688206894386,false
20,2,20.6,-0.4985701846627998,-0.2483021661385177,false
20,2,20.7,-0.46891604387494784,-0.2445004417795694,false
20,2,20.8,-0.43719363648552023,-0.24044545607405796,false
20,2,20.9,-0.40316905274175185,-0.23611905633885097,false
20,2,21.0,-0.36657827826284506,-0.23150094338309637,false
20,2,21.1,-0.32712376592305054,-0.22656839560827194,false
20,2,21.2,-0.28447107446514985,-0.22129596382679873,false
20,2,21.3,-0.23824589625651493,-0.21565513898170327,false
20,2,21.4,-0.18803199497280473,-0.20961399874052944,false
20,2,21.5,-0.13337086258876862,-0.20313684491147854,false
20,2,21.6,-0.07376431152682933,-0.19618385272581074,false
20,2,21.7,-0.00868176606850285,-0.18871076642249246,false
20,2,21.8,0.062425288948755486,-0.1806686945697975,false
20,2,21.9,0.14009845373373775,-0.17200408429119096,false
20,2,22.0,0.2248331791303418,-0.16265898624097108,false
20,2,22.1,0.31702087857105354,-0.15257175968927442,false
20,2,22.2,0.4168689081357209,-0.14167840268408957,false
20,2,22.3,0.5242978528649572,-0.12991471148748948,false
20,2,22.4,0.6388218129981231,-0.11721945140837878,false
20,2,22.5,0.7594277287266477,-0.10353862324860105,false
20,2,22.6,0.8844831227336355,-0.08883070183859643,false
20,2,22.7,1.0117132696664048,-0.07307239718280174,false
20,2,22.8,1.1382898248160223,-0.05626409926853697,false
20,2,22.9,1.2610536240651267,-0.03843385896882828,false
20,2,23.0,1.3768525857667793,-0.019638735054306914,false
20,2,23.1,1.48292546103742,3.724583021441283e-5,false
20,2,23.2,1.5772314531624931,0.020488461935257007,false
20,2,23.3,1.6586375997250626,0.04159545004154644,false
20,2,23.4,1.726927647083854,0.06323350336919667,false
20,2,23.5,1.7826587397557208,0.0852805491040513,false
20,2,23.6,1.8269326456376511,0.10762320470237008,false
20,2,23.7,1.8611531973501159,0.13016058044112933,false
20,2,23.8,1.886820673016089,0.1528059725294002,false
20,2,23.9,1.9053854089601345,0.17548692376553493,false
20,2,24.0,1.9181606028785037,0.1981442195431165,false
20,2,24.1,1.9262824406186996,0.2207303203316849,false
20,2,24.2,1.9307025274828091,0.24320759963571462,false
20,2,24.3,1.9321993498948256,0.2655466217068059,false
20,2,24.4,1.9313989964864533,0.2877245854955589,false
20,2,24.5,1.928798828871549,0.3097239871461504,false
20,2,24.6,1.9247904937152158,0.3315315081882264,false
20,2,24.7,1.9196805059257407,0.35313711250676444,false
20,2,24.8,1.9137077602264427,0.3745333247050323,false
20,2,24.9,1.9070579538301087,0.3957146599627505,false
20,2,25.0,1.899875207878449,0.41667717713910235,false
20,2,25.1,1.8922712917261777,0.4374181303537016,false
20,2,25.2,1.8843328686421517,0.45793569828445857,false
20,2,25.3,1.8761271467712215,0.47822877427453697,false
20,2,25.4,1.867706265268682,0.4982968037425956,false
20,2,25.5,1.8591106882854258,0.5181396582497284,false
20,2,25.6,1.8503718265528737,0.5377575379062496,false
20,2,25.7,1.841514060687297,0.5571508956613197,false
20,2,25.8,1.8325563025933154,0.5763203784826816,false
20,2,25.9,1.8235132009456738,0.5952667815757213,false
20,2,26.0,1.81439607266605,0.6139910126758987,false
20,2,26.1,1.805213623492218,0.6324940641312526,false
20,2,26.2,1.7959725061376914,0.6507769910169395,false
20,2,26.3,1.7866777532771223,0.6688408939272684,false
20,2,26.4,1.7773331139353745,0.6866869054004627,false
20,2,26.5,1.7679413152185688,0.7043161791691761,false
20,2,26.6,1.7585042662395027,0.7217298816124258,false
20,2,26.7,1.749023217195786,0.7389291849249945,false
20,2,26.8,1.7394988835770304,0.7559152616283908,false
20,2,26.9,1.7299315431924671,0.7726892801307119,false
20,2,27.0,1.720321111957733,0.7892524011070008,false
20,2,27.1,1.7106672030335532,0.8056057745213568,false
20,2,27.2,1.700969172873716,0.8217505371505085,false
20,2,27.3,1.69122615694199,0.8376878104983746,false
20,2,27.4,1.6814370972417976,0.8534186990142996,false
20,2,27.5,1.671600763326001,0.8689442885456606,false
20,2,27.6,1.6617157680847308,0.8842656449695682,false
20,2,27.7,1.6517805793219817,0.8993838129593116,false
20,2,27.8,1.6417935279078064,0.914299814849723,false
20,2,27.9,1.6317528131178336,0.929014649572269,false
20,2,28.0,1.621656505634382,0.943529291635847,false
20,2,28.1,1.611502548575073,0.9578446901332692,false
20,2,28.2,1.6012887568289553,0.9719617677565086,false
20,2,28.3,1.5910128149116318,0.9858814198061455,false
20,2,28.4,1.5806722734957843,0.9996045131822391,false
20,2,28.5,1.5702645447287122,1.0131318853451596,false
20,2,28.6,1.5597868964116586,1.0264643432358538,false
20,2,28.7,1.5492364450848837,1.0396026621456282,false
20,2,28.8,1.5386101480361587,1.0525475845258947,false
20,2,28.9,1.5279047942274022,1.0652998187284377,false
20,2,29.0,1.517116994113592,1.0778600376666962,false
20,2,29.1,1.5062431683090527,1.0902288773882916,false
20,2,29.2,1.495279535038091,1.1024069355486124,false
20,2,29.3,1.4842220962891122,1.1143947697746823,false
20,2,29.4,1.4730666225733315,1.1261928959077898,false
20,2,29.5,1.4618086361704727,1.1378017861124532,false
20,2,29.6,1.450443392723998,1.14922186683822,false
20,2,29.7,1.4389658610269709,1.160453516619536,false
20,2,29.8,1.4273707008161418,1.1714970636974706,false
20,2,29.9,1.4156522383657777,1.18235278344541,false
20,2,30.0,1.4038044396435825,1.1930208955789223,false
20,2,30.1,1.391820880758153,1.2035015611278168,false
20,2,30.2,1.3796947153901278,1.213794879145929,false
20,2,30.3,1.3674186388566811,1.2239008831313376,false
20,2,30.4,1.354984848410421,1.2338195371264835,false
20,2,30.5,1.3423849993179766,1.243550731463983,false
20,2,30.6,1.3296101561993678,1.2530942781197187,false
20,2,30.7,1.3166507390351745,1.2624499056299874,false
20,2,30.8,1.3034964631628305,1.271617253523982,false
20,2,30.9,1.2901362724840073,1.280595866216577,false
20,2,31.0,1.2765582649895815,1.2893851862991381,false
20,2,31.1,1.2627496095742214,1.297984547157749,false
20,2,31.2,1.2486964529557003,1.3063931648386358,false
20,2,31.3,1.2343838153305295,1.3146101290694798,false
20,2,31.4,1.2197954731824823,1.322634393332476,false
20,2,31.5,1.2049138274080862,1.3304647638701128,false
20,2,31.6,1.189719754626158,1.338099887487373,false
20,2,31.7,1.1741924391883483,1.3455382379939371,false
20,2,31.8,1.1583091829942718,1.3527781011065134,false
20,2,31.9,1.1420451897257569,1.359817557604014,false
20,2,32.0,1.1253733195352853,1.3666544644961898,false
20,2,32.1,1.1082638095360209,1.3732864339286948,false
20,2,32.2,1.0906839546236358,1.3797108095032855,false
20,2,32.3,1.0725977421879433,1.3859246396397513,false
20,2,32.4,1.0539654331147565,1.3919246475447038,false
20,2,32.5,1.034743080099437,1.397707197279738,false
20,2,32.6,1.0148819726510006,1.4032682553355815,false
20,2,32.7,0.9943279962103109,1.4086033470171342,false
20,2,32.8,0.9730208904818494,1.4137075068237523,false
20,2,32.9,0.9508933893235842,1.418575221866251,false
20,2,33.0,0.92787022128737,1.4232003671927704,false
20,2,33.1,0.9038669460875919,1.4275761316952287,false
20,2,33.2,0.8787885978428079,1.431694933031361,false
20,2,33.3,0.852528100854634,1.435548319718761,false
20,2,33.4,0.8249644179855898,1.4391268582313204,false
20,2,33.5,0.7959603855014792,1.4424200025501526,false
20,2,33.6,0.7653601818652767,1.445415943187574,false
20,2,33.7,0.7329863720327863,1.4481014322153096,false
20,2,33.8,0.698636464454507,1.4504615802959884,false
20,2,33.9,0.6620789172452606,1.4524796211635125,false
20,2,34.0,0.6230485362548899,1.454136638470528,false
20,2,34.1,0.5812412267103862,1.4554112495078912,false
20,2,34.2,0.5363081008827962,1.4562792401557743,false
20,2,34.3,0.48784902151040993,1.456713145809278,false
20,2,34.4,0.4354057974070773,1.456681774361308,false
20,2,34.5,0.37845547882556424,1.4561496703094445,false
20,2,34.6,0.31640457752195844,1.455076524758213,false
20,2,34.7,0.24858563300121767,1.4534165461513624,false
20,2,34.8,0.17425845675668555,1.45111782338688,false
20,2,34.9,0.0926197151202197,1.4481217398499937,false
20,2,35.0,0.002826331325604614,1.4443625379947287,false
20,2,35.1,-0.09595956631581411,1.4397671936820735,false
20,2,35.2,-0.2044941725270943,1.4342558397722323,false
20,2,35.3,-0.32333293515133144,1.4277430747894972,false
20,2,35.4,-0.4526602601107619,1.4201405842877737,false
20,2,35.5,-0.592069237820116,1.4113615406236493,false
20,2,35.6,-0.7403143600581578,1.401327142703135,false
20,2,35.7,-0.8950949368371874,1.389975293098525,false
20,2,35.8,-1.0529652178115207,1.3772707003224585,false
20,2,35.9,-1.2094823874747567,1.3632147178745924,false
20,2,36.0,-1.3596589732324231,1.3478523724455542,false
20,2,36.1,-1.4986680539541697,1.3312739367527227,false
20,2,36.2,-1.6226071631123091,1.3136095660462153,false
20,2,36.3,-1.7290614472437074,1.2950177043596982,false
20,2,36.4,-1.8172853688961077,1.2756700877929483,false
20,2,36.5,-1.8879984465189072,1.2557370295856778,false
20,2,36.6,-1.9429413747738338,1.235375929802863,false
20,2,36.7,-1.984381362622083,1.2147243042795877,false
20,2,36.8,-2.014702964035768,1.1938970786860852,false
20,2,36.9,-2.036138083416671,1.1729870268416227,false
20,2,37.0,-2.0506269018066425,1.1520670585577153,false
20,2,37.1,-2.0597739523168066,1.1311932981353938,false
20,2,37.2,-2.0648611030505903,1.1104082551702181,false
20,2,37.3,-2.0668879791055534,1.0897437089081545,false
20,2,37.4,-2.0666210507381693,1.0692231505162137,false
20,2,37.5,-2.0646411891389103,1.048863759279817,false
20,2,37.6,-2.061385135602322,1.02867795436904,false
20,2,37.7,-2.0571795648147773,1.0086745888783057,false
20,2,37.8,-2.0522680441310497,0.9888598560591114,false
20,2,37.9,-2.0468318608650926,0.9692379707841035,false
20,2,38.0,-2.0410058561764615,0.9498116788830067,false
20,2,38.1,-2.0348903346871228,0.9305826363757705,false
20,2,38.2,-2.028559959588317,0.9115516912181871,false
20,2,38.3,-2.0220703665458912,0.8927190924099485,false
20,2,38.4,-2.0154630683503134,0.8740846451694194,false
20,2,38.5,-2.0087690871195902,0.8556478261411149,false
20,2,38.6,-2.002011643093324,0.8374078690101784,false
20,2,38.7,-1.9952081456390576,0.8193638282058394,false
20,2,38.8,-1.9883716687466695,0.8015146263724147,false
20,2,38.9,-1.9815120457809634,0.7838590898025847,false
20,2,39.0,-1.9746366829275297,0.7663959749317935,false
20,2,39.1,-1.9677511646236183,0.7491239881844592,false
20,2,39.2,-1.9608597049867316,0.7320418008670425,false
20,2,39.3,-1.9539654850629102,0.7151480603639343,false
20,2,39.4,-1.9470709052799444,0.6984413985682384,false
20,2,39.5,-1.9401777748153086,0.6819204382403538,false
20,2,39.6,-1.9332874539412634,0.6655837978104192,false
20,2,39.7,-1.9264009612505397,0.6494300950097192,false
20,2,39.8,-1.9195190545994711,0.6334579496189989,false
20,2,39.9,-1.9126422923410764,0.617665985549438,false
20,2,40.0,-1.9057710797459142,0.6020528324182721,false
20,3,40.0,-1.9877320457334957,0.8430275535219565,true
20,3,40.1,-1.9846670632172403,0.825055293538163,false
20,3,40.2,-1.980711189924907,0.807247188296844,false
20,3,40.3,-1.9760739723993281,0.7896091959937642,false
20,3,40.4,-1.9709158116126881,0.7721455457284397,false
20,3,40.5,-1.9653593765228197,0.7548591461240176,false
20,3,40.6,-1.9594984627740561,0.737751898476684,false
20,3,40.7,-1.9534048148872354,0.7208249361207395,false
20,3,40.8,-1.947133352559835,0.7040788071329077,false
20,3,40.9,-1.9407261608005737,0.6875136137091175,false
20,3,41.0,-1.9342155300825608,0.6711291184970908,false
20,3,41.1,-1.9276262703120353,0.6549248257647013,false
20,3,41.2,-1.920977471596653,0.6389000434166242,false
20,3,41.3,-1.9142838444674506,0.6230539304345808,false
20,3,41.4,-1.9075567407422307,0.607385533217505,false
20,3,41.5,-1.9008049319493412,0.5918938134612135,false
20,3,41.6,-1.8940352036596089,0.5765776695818009,false
20,3,41.7,-1.8872528099377248,0.5614359532052902,false
20,3,41.8,-1.880461821400658,0.5464674818811326,false
20,3,41.9,-1.8736653922529969,0.5316710489006848,false
20,3,42.0,-1.866865965531111,0.5170454308922618,false
20,3,42.1,-1.860065431148787,0.5025893937054321,false
20,3,42.2,-1.853265247829972,0.4883016969765453,false
20,3,42.3,-1.8464665373616513,0.47418109767573013,false
20,3,42.4,-1.8396701575917462,0.4602263528657398,false
20,3,42.5,-1.83287675907491,0.4464362218497468,false
20,3,42.6,-1.8260868291140524,0.432809467844491,false
20,3,42.7,-1.8193007260675527,0.419344859284044,false
20,3,42.8,-1.8125187061238681,0.4060411708355785,false
20,3,42.9,-1.805740944235719,0.3928971841901959,false
20,3,43.0,-1.7989675505168528,0.3799116886777594,false
20,3,43.1,-1.7921985831066112,0.3670834817438019,false
20,3,43.2,-1.7854340582792743,0.3544113693181811,false
20,3,43.3,-1.7786739583998594,0.34189416609865136,false
20,3,43.4,-1.7719182381932124,0.3295306957674844,false
20,3,43.5,-1.7651668296892682,0.31731979115535647,false
20,3,43.6,-1.7584196461270938,0.30526029436367175,false
20,3,43.7,-1.7516765850382237,0.2933510568541177,false
20,3,43.8,-1.7449375306816612,0.28159093951239283,false
20,3,43.9,-1.738202355965526,0.26997881269159313,false
20,3,44.0,-1.7314709239612516,0.25851355623960803,false
20,3,44.1,-1.7247430890935564,0.24719405951397955,false
20,3,44.2,-1.7180186980717067,0.23601922138697637,false
20,3,44.3,-1.711297590613731,0.22498795024307972,false
20,3,44.4,-1.7045796000043851,0.2140991639706398,false
20,3,44.5,-1.6978645535191346,0.20335178994911562,false
20,3,44.6,-1.6911522727397068,0.19274476503303703,false
20,3,44.7,-1.6844425737814699,0.18227703553361008,false
20,3,44.8,-1.6777352674487165,0.1719475571987151,false
20,3,44.9,-1.6710301593306096,0.16175529519190876,false
20,3,45.0,-1.6643270498479361,0.15169922407093345,false
20,3,45.1,-1.6576257342587049,0.1417783277661498,false
20,3,45.2,-1.6509260026289807,0.13199159955924017,false
20,3,45.3,-1.6442276397739992,0.12233804206247514,false
20,3,45.4,-1.6375304251735519,0.11281666719879281,false
20,3,45.5,-1.6308341328647682,0.10342649618290539,false
20,3,45.6,-1.6241385313147334,0.0941665595036214,false
20,3,45.7,-1.617443383274817,0.08503589690755033,false
20,3,45.8,-1.610748445618137,0.07603355738434021,false
20,3,45.9,-1.6040534691612074,0.06715859915358667,false
20,3,46.0,-1.5973581984705114,0.058410089653542406,false
20,3,46.1,-1.5906623716544854,0.049787105531749615,false
20,3,46.2,-1.5839657201411903,0.041288732637713724,false
20,3,46.3,-1.5772679684417596,0.03291406601773404,false
20,3,46.4,-1.5705688338995627,0.02466220991200596,false
20,3,46.5,-1.5638680264248823,0.01653227775410996,false
20,3,46.6,-1.5571652482147917,0.008523392173004078,false
20,3,46.7,-1.5504601934577982,0.0006346849976388048,false
20,3,46.8,-1.5437525480227328,-0.0071347027356825545,false
20,3,46.9,-1.537041989131263,-0.014785620773071263,false
20,3,47.0,-1.5303281850133228,-0.02231890962981579,false
20,3,47.1,-1.5236107945446624,-0.029735400574001862,false
20,3,47.2,-1.5168894668656387,-0.03703591560684482,false
20,3,47.3,-1.510163840980282,-0.044221267439582324,false
20,3,47.4,-1.5034335453345822,-0.051292259466766826,false
20,3,47.5,-1.4966981973728517,-0.058249685735788787,false
20,3,47.6,-1.4899574030709313,-0.0650943309124515,false
20,3,47.7,-1.4832107564448973,-0.0718269702424083,false
20,3,47.8,-1.4764578390338383,-0.07844836950826155,false
20,3,47.9,-1.4696982193551484,-0.08495928498211004,false
20,3,48.0,-1.4629314523306767,-0.09136046337331936,false
20,3,48.1,-1.4561570786819413,-0.09765264177127446,false
20,3,48.2,-1.4493746242924876,-0.10383654758285919,false
20,3,48.3,-1.442583599535324,-0.10991289846439103,false
20,3,48.4,-1.4357834985632154,-0.11588240224772134,false
20,3,48.5,-1.4289737985594526,-0.1217457568601926,false
20,3,48.6,-1.4221539589465264,-0.12750365023812393,false
20,3,48.7,-1.4153234205499527,-0.13315676023347403,false
20,3,48.8,-1.4084816047142779,-0.13870575451330674,false
20,3,48.9,-1.4016279123680677,-0.14415129045165945,false
20,3,49.0,-1.39476172303444,-0.14949401501338666,false
20,3,49.1,-1.3878823937834275,-0.15473456462952187,false
20,3,49.2,-1.380989258122172,-0.15987356506366826,false
20,3,49.3,-1.3740816248186356,-0.16491163126889463,false
20,3,49.4,-1.3671587766541609,-0.16984936723457622,false
20,3,49.5,-1.3602199690998535,-0.1746873658225783,false
20,3,49.6,-1.3532644289113378,-0.17942620859213843,false
20,3,49.7,-1.3462913526359972,-0.18406646561275528,false
20,3,49.8,-1.3392999050263263,-0.1886086952643405,false
20,3,49.9,-1.3322892173524852,-0.19305344402383567,false
20,3,50.0,-1.3252583856065703,-0.19740124623743552,false
20,3,50.1,-1.3182064685904773,-0.2016526238774935,false
20,3,50.2,-1.3111324858785354,-0.2058080862831155,false
20,3,50.3,-1.304035415645331,-0.20986812988336973,false
20,3,50.4,-1.2969141923482974,-0.2138332379019575,false
20,3,50.5,-1.2897677042537294,-0.21770388004209817,false
20,3,50.6,-1.2825947907938706,-0.22148051215028278,false
20,3,50.7,-1.2753942397416067,-0.22516357585744107,false
20,3,50.8,-1.2681647841880754,-0.2287534981959503,false
20,3,50.9,-1.2609050993071518,-0.23225069119078304,false
20,3,51.0,-1.2536137988892773,-0.2356555514229514,false
20,3,51.1,-1.2462894316254596,-0.2389684595632497,false
20,3,51.2,-1.2389304771204488,-0.24218977987412849,false
20,3,51.3,-1.2315353416120858,-0.2453198596773473,false
20,3,51.4,-1.224102353371589,-0.2483590287848497,false
20,3,51.5,-1.2166297577570797,-0.2513075988900808,false
20,3,51.6,-1.2091157118899003,-0.25416586291672105,false
20,3,51.7,-1.2015582789202377,-0.25693409432154,false
20,3,51.8,-1.193955421845176,-0.25961254634777553,false
20,3,51.9,-1.1863049968385322,-0.2622014512251149,false
20,3,52.0,-1.178604746047624,-0.26470101931199214,false
20,3,52.1,-1.1708522898074292,-0.2671114381755148,false
20,3,52.2,-1.1630451182173533,-0.2694328716038901,false
20,3,52.3,-1.1551805820199663,-0.271665458545729,false
20,3,52.4,-1.147255882714495,-0.27380931197006353,false
20,3,52.5,-1.1392680618305069,-0.275864517640308,false
20,3,52.6,-1.1312139892789541,-0.2778311327947236,false
20,3,52.7,-1.1230903506884578,-0.27970918472519996,false
20,3,52.8,-1.1148936336242614,-0.28149866924533556,false
20,3,52.9,-1.1066201125755044,-0.2831995490378718,false
20,3,53.0,-1.0982658325831667,-0.28481175187050056,false
20,3,53.1,-1.0898265913660248,-0.28633516866790815,false
20,3,53.2,-1.081297919784957,-0.28776965142662364,false
20,3,53.3,-1.0726750604666835,-0.2891150109577877,false
20,3,53.4,-1.0639529443861744,-0.290371014441329,false
20,3,53.5,-1.0551261651821393,-0.2915373827732056,false
20,3,53.6,-1.046188950951755,-0.29261378768530705,false
20,3,53.7,-1.037135133238603,-0.2935998486152925,false
20,3,53.8,-1.027958112891052,-0.29449512930101995,false
20,3,53.9,-1.0186508224263313,-0.2952991340712601,false
20,3,54.0,-1.0092056844874864,-0.2960113038010376,false
20,3,54.1,-0.9996145659253172,-0.2966310114961429,false
20,3,54.2,-0.9898687269741566,-0.29715755746704714,false
20,3,54.3,-0.9799587649176285,-0.29759016404754707,false
20,3,54.4,-0.9698745515567907,-0.297927969807887,false
20,3,54.5,-0.9596051636965134,-0.29817002320573655,false
20,3,54.6,-0.9491388057544196,-0.29831527561113086,false
20,3,54.7,-0.9384627234677485,-0.29836257363316276,false
20,3,54.8,-0.9275631075241255,-0.2983106506666831,false
20,3,54.9,-0.9164249857689933,-0.2981581175663299,false
20,3,55.0,-0.9050321024413049,-0.2979034523426368,false
20,3,55.1,-0.8933667826552185,-0.29754498876050406,false
20,3,55.2,-0.8814097800733622,-0.29708090370363943,false
20,3,55.3,-0.8691401054001756,-0.2965092031493271,false
20,3,55.4,-0.8565348329542072,-0.29582770657563373,false
20,3,55.5,-0.8435688821471069,-0.2950340295974117,false
20,3,55.6,-0.8302147701940359,-0.29412556459762695,false
20,3,55.7,-0.8164423317934107,-0.2930994590859375,false
20,3,55.8,-0.8022184008297351,-0.2919525914762887,false
20,3,55.9,-0.7875064483565,-0.2906815439286491,false
20,3,56.0,-0.7722661701899859,-0.28928257184582634,false
20,3,56.1,-0.7564530163713423,-0.2877515695533661,false
20,3,56.2,-0.7400176535152969,-0.28608403161747337,false
20,3,56.3,-0.7229053496421354,-0.28427500917118803,false
20,3,56.4,-0.7050552694718,-0.2823190605210336,false
20,3,56.5,-0.6863996663395941,-0.28021019519331153,false
20,3,56.6,-0.6668629548813304,-0.27794181044942046,false
20,3,56.7,-0.6463606464665944,-0.2755066191515382,false
20,3,56.8,-0.6247981271092282,-0.27289656769271403,false
20,3,56.9,-0.602069255399571,-0.27010274251888966,false
20,3,57.0,-0.5780547561369456,-0.26711526356639376,false
20,3,57.1,-0.5526203842154038,-0.2639231627218666,false
20,3,57.2,-0.5256148336125801,-0.2605142451921305,false
20,3,57.3,-0.4968673691282129,-0.25687493146686624,false
20,3,57.4,-0.4661851654900499,-0.2529900773970206,false
20,3,57.5,-0.4333503521551551,-0.24884276984554146,false
20,3,57.6,-0.39811678645784165,-0.24441409547197795,false
20,3,57.7,-0.36020661845627777,-0.23968288060946263,false
20,3,57.8,-0.3193067763381191,-0.23462540106588795,false
20,3,57.9,-0.27506560361404686,-0.22921506230674402,false
20,3,58.0,-0.22709003526105778,-0.22342205326018322,false
20,3,58.1,-0.1749439315773863,-0.2172129815051122,false
20,3,58.2,-0.11814852289465969,-0.2105505046626039,false
20,3,58.3,-0.0561863842818834,-0.2033929834666106,false
20,3,58.4,0.011489022154163114,-0.19569419752976824,false
20,3,58.5,0.08543543772054119,-0.18740318660042854,false
20,3,58.6,0.16619190632005712,-0.17846430910363018,false
20,3,58.7,0.25423259770265405,-0.168817645599023,false
20,3,58.8,0.349900047313664,-0.15839991397975883,false
20,3,58.9,0.45331494653577936,-0.14714609641131374,false
20,3,59.0,0.5642637035260543,-0.1349919865876381,false
20,3,59.1,0.6820729437978789,-0.12187781998703737,false
20,3,59.2,0.805492238954089,-0.10775301177344669,false
20,3,59.3,0.932620351090418,-0.09258176703005899,false
20,3,59.4,1.0609195802945188,-0.0763489563857909,false
20,3,59.5,1.1873570812897876,-0.05906525649195453,false
20,3,59.6,1.3086828007850988,-0.04077032090775705,false
20,3,59.7,1.4218043692668052,-0.021532884216513122,false
20,3,59.8,1.5241712378400223,-0.0014473069861373686,false
20,3,59.9,1.6140637631879828,0.019373013319085204,false
20,3,60.0,1.69071350820346,0.04080409302643481,false
20,4,60.0,-0.4401300181032084,-0.17466094445650182,true
20,4,60.1,-0.41319835838386576,-0.17087598013606423,false
20,4,60.2,-0.38429438886070183,-0.16686301306339021,false
20,4,60.3,-0.3532037199382571,-0.16260467200314305,false
20,4,60.4,-0.3196853548625534,-0.15808162804075138,false
20,4,60.5,-0.2834688281162888,-0.1532723519256419,false
20,4,60.6,-0.24425143373763503,-0.14815284721623212,false
20,4,60.7,-0.20169581446679438,-0.14269636137285702,false
20,4,60.8,-0.1554283397766859,-0.13687308008873178,false
20,4,60.9,-0.10503892582170504,-0.1306498150070796,false
20,4,61.0,-0.05008326259603843,-0.12398970224297028,false
20,4,61.1,0.009911170533370192,-0.11685193967402172,false
20,4,61.2,0.0754333982337784,-0.10919160573743258,false
20,4,61.3,0.14696905604443128,-0.10095962229144037,false
20,4,61.4,0.22496926020084224,-0.09210294915941437,false
20,4,61.5,0.30980491510030084,-0.08256512690551843,false
20,4,61.6,0.4017035828784092,-0.07228731273588167,false
20,4,61.7,0.5006679042477267,-0.06120997255715033,false
20,4,61.8,0.6063786965964145,-0.04927538336963598,false
20,4,61.9,0.7180929261097276,-0.036431040269624335,false
20,4,62.0,0.8345564110181986,-0.02263392525317419,false
20,4,62.1,0.9539608391718458,-0.00785536705331429,false
20,4,62.2,1.0739789944132525,0.007914074589409457,false
20,4,62.3,1.1919037657767135,0.02466054734547435,false
20,4,62.4,1.3048912045770862,0.04234463937922589,false
20,4,62.5,1.410270559654763,0.06090170731150396,false
20,4,62.6,1.5058514396903455,0.0802450914943049,false
20,4,62.7,1.5901501958207076,0.10027180685303537,false
20,4,62.8,1.6624827252680514,0.12086967814498063,false
20,4,62.9,1.722917067875092,0.14192461670280723,false
20,4,63.0,1.7721218844273128,0.16332689239049059,false
20,4,63.1,1.8111672196526738,0.1849757074180782,false
20,4,63.2,1.84132936666732,0.20678189583824225,false
20,4,63.3,1.8639325750633067,0.22866896708992912,false
20,4,63.4,1.8802395311722713,0.2505729124105794,false
20,4,63.5,1.8913876959149243,0.2724412251907966,false
20,4,63.6,1.8983613659071605,0.2942315178060525,false
20,4,63.7,1.9019878705243312,0.3159100117356811,false
20,4,63.8,1.9029479596555285,0.33745007562718826,false
20,4,63.9,1.9017931094158798,0.3588309055583848,false
20,4,64.0,1.898965026280527,0.38003638644911847,false
20,4,64.1,1.8948146154795646,0.4010541396293338,false
20,4,64.2,1.8896190421456445,0.42187474316969614,false
20,4,64.3,1.8835963630778896,0.4424911033411464,false
20,4,64.4,1.8769176893732362,0.46289795338291334,false
20,4,64.5,1.8697170838186126,0.48309145682816196,false
20,4,64.6,1.862099496750846,0.5030688952118861,false
20,4,64.7,1.854147063693086,0.5228284230507155,false
20,4,64.8,1.8459240671612827,0.5423688759975488,false
20,4,64.9,1.837480826883871,0.5616896207811931,false
20,4,65.0,1.828856740086372,0.5807904378516487,false
20,4,65.1,1.8200826529120515,0.5996714295607726,false
20,4,65.2,1.8111827082867469,0.6183329482520802,false
20,4,65.3,1.802175785416339,0.6367755398640803,false
20,4,65.4,1.7930766214577125,0.6549998996225318,false
20,4,65.5,1.7838966861167393,0.6730068371578111,false
20,4,65.6,1.7746448642479666,0.6907972489768643,false
20,4,65.7,1.7653279892190725,0.708372096680426,false
20,4,65.8,1.7559512601957232,0.7257323896740414,false
20,4,65.9,1.7465185690367964,0.7428791713988167,false
20,4,66.0,1.737032756704403,0.7598135083227622,false
20,4,66.1,1.727495814616974,0.7765364811001948,false
20,4,66.2,1.7179090429131851,0.7930491774358673,false
20,4,66.3,1.7082731749196527,0.8093526862907925,false
20,4,66.4,1.6985884750469313,0.8254480931446738,false
20,4,66.5,1.6888548157376932,0.8413364760905124,false
20,4,66.6,1.6790717378508841,0.8570189025842211,false
20,4,66.7,1.6692384979035997,0.8724964267089599,false
20,4,66.8,1.6593541048448381,0.8877700868427271,false
20,4,66.9,1.6494173484532821,0.9028409036402855,false
20,4,67.0,1.639426820997202,0.9177098782581661,false
20,4,67.1,1.6293809334395064,0.9323779907653322,false
20,4,67.2,1.6192779271925684,0.9468461986929405,false
20,4,67.3,1.6091158822084937,0.9611154356851387,false
20,4,67.4,1.5988927220176707,0.9751866102195003,false
20,4,67.5,1.5886062161914694,0.9890606043708882,false
20,4,67.6,1.5782539805958056,1.0027382725965752,false
20,4,67.7,1.5678334757147765,1.0162204405235578,false
20,4,67.8,1.5573420032528498,1.029507903721361,false
20,4,67.9,1.546776701166348,1.0426014264453947,false
20,4,68.0,1.5361345372272213,1.0555017403371842,false
20,4,68.1,1.5254123011820186,1.0682095430686562,false
20,4,68.2,1.5146065955346144,1.080725496918168,false
20,4,68.3,1.5037138249511584,1.0930502272661815,false
20,4,68.4,1.4927301842586238,1.1051843209984282,false
20,4,68.5,1.481651644983217,1.117128324804128,false
20,4,68.6,1.470473940350913,1.1288827433563045,false
20,4,68.7,1.4591925486487247,1.1404480373605217,false
20,4,68.8,1.4478026748213382,1.1518246214574215,false
20,4,68.9,1.436299230152781,1.16301286196329,false
20,4,69.0,1.4246768098562494,1.1740130744314967,false
20,4,69.1,1.4129296683664576,1.1848255210160257,false
20,4,69.2,1.4010516920972487,1.1954504076164256,false
20,4,69.3,1.3890363693920218,1.2058878807813282,false
20,4,69.4,1.376876757355009,1.216138024345173,false
20,4,69.5,1.3645654452067284,1.2262008557699036,false
20,4,69.6,1.3520945137560558,1.2360763221601123,false
20,4,69.7,1.3394554905231544,1.2457642959163389,false
20,4,69.8,1.3266392999806849,1.2552645699869243,false
20,4,69.9,1.313636208303721,1.264576852673882,false
20,4,70.0,1.300435761929807,1.2737007619425904,false
20,4,70.1,1.2870267191274891,1.282635819178612,false
20,4,70.2,1.273396973651841,1.2913814423274805,false
20,4,70.3,1.259533469426019,1.299936938344691,false
20,4,70.4,1.2454221050250616,1.3083014948732166,false
20,4,70.5,1.231047626547718,1.3164741710544041,false
20,4,70.6,1.2163935072388936,1.324453887364842,false
20,4,70.7,1.2014418119631465,1.3322394143563916,false
20,4,70.8,1.186173044321169,1.3398293601586926,false
20,4,70.9,1.1705659738374319,1.3472221565826166,false
20,4,71.0,1.1545974402174675,1.3544160436388408,false
20,4,71.1,1.138242131164789,1.3614090522572937,false
20,4,71.2,1.1214723296447082,1.3681989849599356,false
20,4,71.3,1.1042576257668262,1.3747833942002652,false
20,4,71.4,1.086564587607494,1.3811595580369964,false
20,4,71.5,1.0683563842815071,1.387324452755232,false
20,4,71.6,1.0495923533671407,1.3932747219845896,false
20,4,71.7,1.0302275033529424,1.3990066417882765,false
20,4,71.8,1.0102119400646914,1.4045160811078075,false
20,4,71.9,0.9894902039958986,1.4097984568422932,false
20,4,72.0,0.9680005030476704,1.4148486827158768,false
20,4,72.1,0.9456738223202661,1.4196611109383024,false
20,4,72.2,0.9224328892226826,1.4242294654875514,false
20,4,72.3,0.8981909682138407,1.4285467656351807,false
20,4,72.4,0.8728504549080716,1.4326052380891354,false
20,4,72.5,0.8463012340488364,1.4363962158397863,false
20,4,72.6,0.8184187600219891,1.4399100214572715,false
20,4,72.7,0.7890618123053583,1.4431358321973489,false
20,4,72.8,0.7580698719043065,1.4460615238267183,false
20,4,72.9,0.725260059125916,1.4486734895798705,false
20,4,73.0,0.690423569309409,1.4509564301197482,false
20,4,73.1,0.6533215436350587,1.4528931098216766,false
20,4,73.2,0.6136803207173296,1.454464074189228,false
20,4,73.3,0.5711860376792095,1.4556473228423266,false
20,4,73.4,0.5254785970435705,1.4564179324663307,false
20,4,73.5,0.4761451043338861,1.4567476246686706,false
20,4,73.6,0.42271303608426686,1.4566042753353725,false
20,4,73.7,0.36464365747078514,1.4559513655774394,false
20,4,73.8,0.3013266293189895,1.4547473808957345,false
20,4,73.9,0.23207740394646764,1.45294517656761,false
20,4,74.0,0.15614000687085142,1.450491346066113,false
20,4,74.1,0.07269923953334445,1.447325659086865,false
20,4,74.2,-0.019091729520506417,1.4433806807547416,false
20,4,74.3,-0.12006011344023532,1.4385817478784595,false
20,4,74.4,-0.2309282000339159,1.4328475629155368,false
20,4,74.5,-0.35218304625178637,1.4260917642305848,false
20,4,74.6,-0.48389399522434823,1.4182259163494753,false
20,4,74.7,-0.6254830768501612,1.4091643785684584,false
20,4,74.8,-0.7754782153860978,1.398831357026194,false
20,4,74.9,-0.9313161279657669,1.3871700058211804,false
20,4,75.0,-1.0892977770316246,1.374152655481312,false
20,4,75.1,-1.2448037684269901,1.3597902513713984,false
20,4,75.2,-1.3928149640231016,1.3441383397083102,false
20,4,75.3,-1.5286527867651154,1.3272971060872232,false
20,4,75.4,-1.6487194372107485,1.3094044269113807,false
20,4,75.5,-1.7509836089889816,1.2906231838105078,false
20,4,75.6,-1.8350669412175185,1.271126008794293,false
20,4,75.7,-1.90196812459316,1.2510811039342615,false
20,4,75.8,-1.9535913941363923,1.230641740982939,false
20,4,75.9,-1.992262478079946,1.2099403389801384,false
20,4,76.0,-2.020349511932487,1.189086597404858,false
20,4,76.1,-2.0400254468332264,1.168168470702269,false
20,4,76.2,-2.0531544387512004,1.1472547192635985,false
20,4,76.3,-2.0612641898297124,1.1263980580921191,false
20,4,76.4,-2.0655674582730126,1.1056382854698104,false
20,4,76.5,-2.0670057803466944,1.0850050732236232,false
20,4,76.6,-2.066298858717809,1.0645203005675945,false
20,4,76.7,-2.0639909698660674,1.0441999274870726,false
20,4,76.8,-2.0604907656387725,1.0240554578694814,false
20,4,76.9,-2.0561036384407214,1.004095061233679,false
20,4,77.0,-2.051057170842316,0.9843244219802879,false
20,4,77.1,-2.04552071240844,0.9647473769582054,false
20,4,77.2,-2.0396202203884752,0.9453663914891152,false
20,4,77.3,-2.033449401135037,0.9261829135749671,false
20,4,77.4,-2.027078021251988,0.9071976369661204,false
20,4,77.5,-2.0205580826501834,0.888410696387677,false
20,4,77.6,-2.0139283998721296,0.8698218124219665,false
20,4,77.7,-2.0072179893266027,0.8514303990940937,false
20,4,77.8,-2.00044857825619,0.83323564384359,false
20,4,77.9,-1.9936364628560148,0.8152365670486557,false
20,4,78.0,-1.9867938856224392,0.7974320663992307,false
20,4,78.1,-1.979930057607481,0.7798209500310413,false
20,4,78.2,-1.9730519182748154,0.7624019613109972,false
20,4,78.3,-1.9661647012747523,0.7451737974109658,false
20,4,78.4,-1.9592723564876402,0.7281351232517128,false
20,4,78.5,-1.9523778654630408,0.7112845819894548,false
20,4,78.6,-1.9454834776583578,0.6946208029154508,false
20,4,78.7,-1.9385908877291342,0.6781424074159839,false
20,4,78.8,-1.9317013688604006,0.6618480134750737,false
20,4,78.9,-1.9248158732516936,0.6457362390800254,false
20,4,79.0,-1.9179351080089884,0.6298057047991952,false
20,4,79.1,-1.9110595925846805,0.6140550357339115,false
20,4,79.2,-1.904189702344055,0.5984828629962425,false
20,4,79.3,-1.8973257016784648,0.5830878248268035,false
20,4,79.4,-1.8904677692253855,0.5678685674387485,false
20,4,79.5,-1.8836160171156882,0.5528237456530725,false
20,4,79.6,-1.8767705056915156,0.5379520233745675,false
20,4,79.7,-1.869931254781917,0.5232520739458931,false
20,4,79.8,-1.8630982523567696,0.5087225804082696,false
20,4,79.9,-1.8562714611795903,0.4943622356905274,false
20,4,80.0,-1.8494508239295797,0.4801697427431265,false
20,5,80.0,-1.8668447212976265,0.7551819346366915,true
20,5,80.1,-1.881395289042749,0.7388782216951454,false
20,5,80.2,-1.891627797783396,0.7225811847968658,false
20,5,80.3,-1.89836492372494,0.7063264761263325,false
20,5,80.4,-1.902296195954074,0.6901425623346275,false
20,5,80.5,-1.903989075229984,0.6740519517383576,false
20,5,80.6,-1.9039042818817014,0.658072288374242,false
20,5,80.7,-1.9024121618106766,0.642217290910771,false
20,5,80.8,-1.8998082615530612,0.6264975373068141,false
20,5,80.9,-1.8963272176816497,0.6109211082666899,false
20,5,81.0,-1.8921546446317279,0.5954941077603172,false
20,5,81.1,-1.8874370329371768,0.5802210799793929,false
20,5,81.2,-1.8822898348438715,0.565105340994987,false
20,5,81.3,-1.8768039806883428,0.5501492412649296,false
20,5,81.4,-1.8710510804597331,0.5353543727093089,false
20,5,81.5,-1.8650875477360798,0.5207217317045987,false
20,5,81.6,-1.858957853802223,0.5062518472193086,false
20,5,81.7,-1.8526970871986423,0.49194488149080706,false
20,5,81.8,-1.846332962837658,0.47780070912725825,false
20,5,81.9,-1.8398873972244036,0.46381897928399596,false
20,5,82.0,-1.833377742888655,0.4499991645721001,false
20,5,82.1,-1.826817755791997,0.43634059956843296,false
20,5,82.2,-1.8202183538082057,0.42284251117371113,false
20,5,82.3,-1.8135882118497921,0.40950404257583894,false
20,5,82.4,-1.806934229291815,0.3963242721924339,false
20,5,82.5,-1.8002618975348956,0.3833022286668882,false
20,5,82.6,-1.7935755894304937,0.3704369027584542,false
20,5,82.7,-1.786878787511691,0.357727256784396,false
20,5,82.8,-1.7801742642462637,0.3451722321299293,false
20,5,82.9,-1.7734642246269006,0.332770755230613,false
20,5,83.0,-1.7667504191547885,0.32052174234513503,false
20,5,83.1,-1.7600342335148977,0.30842410336866266,false
20,5,83.2,-1.753316759872644,0.2964767448839011,false
20,5,83.3,-1.7465988536553578,0.2846785726054683,false
20,5,83.4,-1.739881178850556,0.27302849334061297,false
20,5,83.5,-1.7331642442040422,0.26152541656370704,false
20,5,83.6,-1.7264484321936664,0.25016825568181134,false
20,5,83.7,-1.7197340222576802,0.23895592905274515,false
20,5,83.8,-1.7130212094456034,0.22788736080456917,false
20,5,83.9,-1.7063101194154184,0.21696148149549305,false
20,5,84.0,-1.699600820509059,0.2061772286453795,false
20,5,84.1,-1.692893333487113,0.19553354716379961,false
20,5,84.2,-1.6861876393845672,0.18502938969465474,false
20,5,84.3,-1.6794836858553561,0.17466371689344812,false
20,5,84.4,-1.6727813922990615,0.1644354976501557,false
20,5,84.5,-1.666080654004142,0.15434370926814292,false
20,5,84.6,-1.659381345495256,0.14438733760757153,false
20,5,84.7,-1.6526833232350306,0.13456537720013748,false
20,5,84.8,-1.6459864278009742,0.12487683134069322,false
20,5,84.9,-1.639290485634582,0.11532071216027351,false
20,5,85.0,-1.6325953104407838,0.10589604068421092,false
20,5,85.1,-1.6259007043007303,0.09660184687835609,false
20,5,85.2,-1.619206458548795,0.08743716968587567,false
20,5,85.3,-1.6125123544548963,0.07840105705666334,false
20,5,85.4,-1.6058181637453983,0.06949256597104413,false
20,5,85.5,-1.5991236489895175,0.060710762459165936,false
20,5,85.6,-1.5924285638730356,0.05205472161723915,false
20,5,85.7,-1.5857326533769827,0.043523527621596156,false
20,5,85.8,-1.5790356538755859,0.03511627374139043,false
20,5,85.9,-1.5723372931650441,0.026832062350629918,false
20,5,86.0,-1.5656372904324565,0.018670004940139408,false
20,5,86.1,-1.55893535617241,0.010629222129965258,false
20,5,86.2,-1.5522311920572323,0.002708843682670589,false
20,5,86.3,-1.5455244907656822,-0.005091991482083974,false
20,5,86.4,-1.5388149357738348,-0.012774135271320092,false
20,5,86.5,-1.5321022011110663,-0.02033843040056159,false
20,5,86.6,-1.52538595108334,-0.02778571037339948,false
20,5,86.7,-1.5186658399653978,-0.035116799458526714,false
20,5,86.8,-1.5119415116629562,-0.04233251266398155,false
20,5,86.9,-1.5052125993455747,-0.049433655708348526,false
20,5,87.0,-1.4984787250504905,-0.05642102498867204,false
20,5,87.1,-1.4917394992573854,-0.06329540754484063,false
20,5,87.2,-1.4849945204337567,-0.07005758102020014,false
20,5,87.3,-1.4782433745503076,-0.07670831361815142,false
20,5,87.4,-1.471485634565524,-0.08324836405448358,false
20,5,87.5,-1.4647208598783819,-0.08967848150518694,false
20,5,87.6,-1.457948595747915,-0.09599940554948112,false
20,5,87.7,-1.4511683726781655,-0.10221186610778275,false
20,5,87.8,-1.4443797057668297,-0.10831658337432527,false
20,5,87.9,-1.4375820940157165,-0.11431426774412853,false
20,5,88.0,-1.4307750196009152,-0.12020561973400043,false
20,5,88.1,-1.4239579471003694,-0.1259913298972342,false
20,5,88.2,-1.4171303226763194,-0.13167207873164605,false
20,5,88.3,-1.4102915732098558,-0.13724853658057576,false
20,5,88.4,-1.40344110538457,-0.14272136352644893,false
20,5,88.5,-1.396578304716038,-0.14809120927647457,false
20,5,88.6,-1.3897025345235892,-0.15335871304002274,false
20,5,88.7,-1.3828131348405144,-0.15852450339719695,false
20,5,88.8,-1.3759094212585528,-0.16358919815808282,false
20,5,88.9,-1.3689906837021442,-0.16855340421211845,false
20,5,89.0,-1.3620561851275625,-0.17341771736699302,false
20,5,89.1,-1.3551051601416413,-0.17818272217643796,false
20,5,89.2,-1.3481368135343557,-0.1828489917562292,false
20,5,89.3,-1.3411503187190537,-0.18741708758766895,false
20,5,89.4,-1.3341448160735976,-0.19188755930776222,false
20,5,89.5,-1.327119411175111,-0.19626094448524395,false
20,5,89.6,-1.3200731729204,-0.20053776838154963,false
20,5,89.7,-1.313005131523438,-0.20471854369575265,false
20,5,89.8,-1.3059142763805494,-0.20880377029241712,false
20,5,89.9,-1.2987995537931185,-0.21279393491123214,false
20,5,90.0,-1.2916598645367383,-0.21668951085720556,false
20,5,90.1,-1.2844940612647369,-0.2204909576700974,false
20,5,90.2,-1.2773009457329279,-0.22419872077166755,false
20,5,90.3,-1.2700792658312348,-0.2278132310891967,false
20,5,90.4,-1.2628277124065288,-0.23133490465361395,false
20,5,90.5,-1.2555449158595586,-0.23476414217042552,false
20,5,90.6,-1.2482294424972575,-0.23810132856148905,false
20,5,90.7,-1.2408797906199331,-0.24134683247551234,false
20,5,90.8,-1.2334943863208945,-0.24450100576497416,false
20,5,90.9,-1.2260715789738956,-0.2475641829269665,false
20,5,91.0,-1.2186096363813768,-0.2505366805052391,false
20,5,91.1,-1.2111067395538133,-0.2534187964504873,false
20,5,91.2,-1.203560977087523,-0.25621080943566116,false
20,5,91.3,-1.1959703391049918,-0.25891297812278197,false
20,5,91.4,-1.1883327107181048,-0.26152554037743364,false
20,5,91.5,-1.1806458649705955,-0.2640487124267419,false
20,5,91.6,-1.172907455211462,-0.2664826879562645,false
20,5,91.7,-1.1651150068460125,-0.268827637140784,false
20,5,91.8,-1.1572659084055141,-0.2710837056035162,false
20,5,91.9,-1.1493574018700456,-0.27325101329771917,false
20,5,92.0,-1.1413865721720184,-0.27532965330409914,false
20,5,92.1,-1.1333503357998127,-0.27731969053675687,false
20,5,92.2,-1.1252454284119753,-0.27922116034969424,false
20,5,92.3,-1.117068391362294,-0.2810340670350901,false
20,5,92.4,-1.108815557024653,-0.2827583822036566,false
20,5,92.5,-1.1004830327936959,-0.28439404303638005,false
20,5,92.6,-1.09206668362279,-0.28594095039582795,false
20,5,92.7,-1.0835621129443302,-0.2873989667839472,false
20,5,92.8,-1.0749646417988004,-0.28876791413186953,false
20,5,92.9,-1.066269285977873,-0.29004757140566073,false
20,5,93.0,-1.057470730962843,-0.2912376720101759,false
20,5,93.1,-1.0485633044123794,-0.29233790097118606,false
20,5,93.2,-1.039540945922499,-0.2933478918736916,false
20,5,93.3,-1.0303971737461861,-0.2942672235318028,false
20,5,93.4,-1.0211250481195675,-0.2950954163626991,false
20,5,93.5,-1.011717130795179,-0.2958319284339372,false
20,5,93.6,-1.00216544032974,-0.29647615114970355,false
20,5,93.7,-0.9924614026128774,-0.2970274045374365,false
20,5,93.8,-0.9825957960531743,-0.2974849320915055,false
20,5,93.9,-0.9725586907572572,-0.2978478951252414,false
20,5,94.0,-0.9623393809446678,-0.2981153665764625,false
20,5,94.1,-0.9519263097339232,-0.29828632420462314,false
20,5,94.2,-0.9413069853110863,-0.29835964310968294,false
20,5,94.3,-0.9304678873484954,-0.29833408749360274,false
20,5,94.4,-0.9193943623747581,-0.2982083015748285,false
20,5,94.5,-0.9080705066037696,-0.29798079955401074,false
20,5,94.6,-0.8964790345058189,-0.2976499545152687,false
20,5,94.7,-0.8846011311424005,-0.297213986131252,false
20,5,94.8,-0.8724162859818577,-0.2966709470217198,false
20,5,94.9,-0.8599021055580723,-0.29601870759394966,false
20,5,95.0,-0.847034101920486,-0.29525493916851575,false
20,5,95.1,-0.8337854533408259,-0.2943770951652873,false
20,5,95.2,-0.8201267331785058,-0.29338239009122885,false
20,5,95.3,-0.8060256021496717,-0.2922677760329784,false
20,5,95.4,-0.7914464584794391,-0.2910299163123488,false
20,5,95.5,-0.7763500395266405,-0.2896651559108193,false
20,5,95.6,-0.7606929674376792,-0.2881694882085876,false
20,5,95.7,-0.744427230192591,-0.2865385175135115,false
20,5,95.8,-0.7274995880345291,-0.2847674167737948,false
20,5,95.9,-0.7098508937088968,-0.28285087977394574,false
20,5,96.0,-0.6914153131721549,-0.280783067004634,false
20,5,96.1,-0.6721194314674278,-0.27855754427186713,false
20,5,96.2,-0.6518812263311351,-0.2761672129678157,false
20,5,96.3,-0.6306088898557992,-0.2736042307634686,false
20,5,96.4,-0.6081994763130809,-0.27085992130177317,false
20,5,96.5,-0.5845373522580084,-0.2679246712702385,false
20,5,96.6,-0.5594924236603936,-0.26478781301802096,false
20,5,96.7,-0.5329181146445487,-0.2614374906624979,false
20,5,96.8,-0.5046490744200415,-0.25786050741945943,false
20,5,96.9,-0.47449859464686406,-0.2540421517154553,false
20,5,97.0,-0.4422557310924344,-0.24996599954359155,false
20,5,97.1,-0.40768214448362994,-0.24561369057405197,false
20,5,97.2,-0.3705087111321518,-0.2409646758354879,false
20,5,97.3,-0.33043201185458526,-0.2359959355082624,false
20,5,97.4,-0.28711089891350045,-0.23068166676388474,false
20,5,97.5,-0.24016348055297848,-0.2249929440136483,false
20,5,97.6,-0.18916507183495515,-0.21889735792226359,false
20,5,97.7,-0.133647964849661,-0.21235864583819214,false
20,5,97.8,-0.07310429994200619,-0.20533633587995773,false
20,5,97.9,-0.006993896835309571,-0.19778544103188916,false
20,5,98.0,0.06524036746873761,-0.1896562596103545,false
20,5,98.1,0.14414622481545408,-0.18089436550686605,false
20,5,98.2,0.23022057902861545,-0.17144090581580276,false
20,5,98.3,0.3238485630729486,-0.16123336237155972,false
20,5,98.4,0.42521963905403803,-0.15020696985700488,false
20,5,98.5,0.5342205492467256,-0.13829700066609088,false
20,5,98.6,0.6503117620556743,-0.12544209871204037,false
20,5,98.7,0.7724051540818793,-0.11158873435923791,false
20,5,98.8,0.8987746159434191,-0.09669662630244551,false
20,5,98.9,1.0270427131979838,-0.08074462927058972,false
20,5,99.0,1.1542858424989877,-0.06373618439608167,false
20,5,99.1,1.2772776642476116,-0.045703131565710556,false
20,5,99.2,1.3928452413532848,-0.02670670505060012,false
20,5,99.3,1.4982610096339153,-0.0068350182617738404,false
20,5,99.4,1.5915662301610682,0.013802791182435083,false
20,5,99.5,1.6717398166911612,0.03508467630142133,false
20,5,99.6,1.738683653524836,0.05688443745880856,false
20,5,99.7,1.7930590736177114,0.0790795514033417,false
20,5,99.8,1.8360462708084373,0.10155703066955447,false
20,5,99.9,1.8690988101982393,0.12421696427472335,false
20,5,100.0,1.8937413761302677,0.14697395549570602,false
25,1,0.0,-1.8633893588791945,0.9432517283983279,true
25,1,0.1,-1.89544272864903,0.9255172164439067,false
25,1,0.2,-1.919496813123561,0.9076567969126949,false
25,1,0.30000000000000004,-1.936988286851434,0.8897380169353477,false
25,1,0.4,-1.94918887726972,0.8718154825522532,false
25,1,0.5,-1.9571798455489053,0.853932609597479,false
25,1,0.6000000000000001,-1.9618542591546815,0.8361234570382327,false
25,1,0.7000000000000001,-1.9639344061985005,0.8184144483974491,false
25,1,0.8,-1.9639956125867923,0.8008258862964533,false
25,1,0.9,-1.9624911341049855,0.7833732296583147,false
25,1,1.0,-1.959775276510412,0.7660681400569517,false
25,1,1.1,-1.9561234974424415,0.7489193218006227,false
25,1,1.2,-1.9517491775511477,0.7319331868765473,false
25,1,1.3,-1.9468172356185773,0.715114376017503,false
25,1,1.4,-1.9414549772669583,0.6984661641787124,false
25,1,1.5,-1.9357606283382112,0.6819907745693758,false
25,1,1.6,-1.9298099871333114,0.6656896211093192,false
25,1,1.7000000000000002,-1.9236615783388782,0.6495634952763167,false
25,1,1.8,-1.9173606296725456,0.6336127099649408,false
25,1,1.9,-1.9109421321222306,0.6178372102225882,false
25,1,2.0,-1.9044331914150363,0.6022366585153094,false
25,1,2.1,-1.8978548336658434,0.5868105004283968,false
25,1,2.2,-1.891223391856262,0.5715580153424239,false
25,1,2.3,-1.8845515709314031,0.5564783555689014,false
25,1,2.4,-1.8778492666802362,0.5415705766159331,false
25,1,2.5,-1.8711241960097587,0.5268336606296959,false
25,1,2.6,-1.8643823826912347,0.5122665345793043,false
25,1,2.7,-1.857628532273865,0.49786808438685204,false
25,1,2.8,-1.8508663219184265,0.4836371659248318,false
25,1,2.9,-1.8440986248383624,0.4695726135893934,false
25,1,3.0,-1.8373276844089828,0.45567324699444006,false
25,1,3.1,-1.8305552494768953,0.44193787620643316,false
25,1,3.2,-1.8237826797102692,0.42836530584389904,false
25,1,3.3,-1.8170110277763003,0.414954338292069,false
25,1,3.4,-1.810241103563019,0.40170377622656495,false
25,1,3.5,-1.8034735244625497,0.3886124245965506,false
25,1,3.6,-1.7967087548140253,0.3756790921842476,false
25,1,3.7,-1.7899471368997706,0.36290259283183474,false
25,1,3.8,-1.7831889153472393,0.3502817464067319,false
25,1,3.9,-1.7764342563729847,0.33781537956076385,false
25,1,4.0,-1.7696832629842463,0.3255023263266606,false
25,1,4.1,-1.7629359870062413,0.31334142858599134,false
25,1,4.2,-1.75619243861189,0.30133153643533805,false
25,1,4.3,-1.749452593882505,0.2894715084718233,false
25,1,4.4,-1.7427164008129874,0.2777602120146579,false
25,1,4.5,-1.735983784085676,0.26619652327588755,false
25,1,4.6,-1.7292546488674143,0.25477932749078347,false
25,1,4.7,-1.7225288838300918,0.2435075190161707,false
25,1,4.8,-1.7158063635524734,0.232380001403294,false
25,1,4.9,-1.7090869504279202,0.2213956874504856,false
25,1,5.0,-1.7023704961765271,0.21055349923984198,false
25,1,5.1,-1.6956568430397276,0.19985236816128127,false
25,1,5.2,-1.688945824719288,0.1892912349266889,false
25,1,5.3,-1.682237267109895,0.17886904957633326,false
25,1,5.4,-1.6755309888644927,0.16858477147931336,false
25,1,5.5,-1.6688268018235548,0.15843736932946656,false
25,1,5.6,-1.6621245113331853,0.14842582113789876,false
25,1,5.7,-1.6554239164719027,0.13854911422308602,false
25,1,5.8,-1.6487248102019896,0.1288062451993271,false
25,1,5.9,-1.642026979458075,0.11919621996418982,false
25,1,6.0,-1.635330205183094,0.10971805368548607,false
25,1,6.1,-1.6286342623197043,0.10037077078822255,false
25,1,6.2,-1.6219389197636058,0.091153404941905,false
25,1,6.3,-1.6152439402838876,0.08206499904851831,false
25,1,6.4,-1.6085490804144478,0.07310460523146026,false
25,1,6.5,-1.6018540903196743,0.06427128482567199,false
25,1,6.6,-1.595158713636862,0.05556410836918041,false
25,1,6.7,-1.588462687297263,0.046982155596246473,false
25,1,6.8,-1.581765741327197,0.03852451543229623,false
25,1,6.9,-1.575067598630251,0.030190285990799707,false
25,1,7.0,-1.5683679747512678,0.02197857457225303,false
25,1,7.1,-1.5616665776225567,0.013888497665413117,false
25,1,7.2,-1.5549631072925116,0.005919180950930436,false
25,1,7.3,-1.5482572556366296,-0.0019302406924766782,false
25,1,7.4,-1.5415487060507438,-0.009660623179162617,false
25,1,7.5,-1.5348371331261264,-0.017272813204865435,false
25,1,7.6,-1.528122202305982,-0.024767648232040272,false
25,1,7.7,-1.521403569522711,-0.03214595647206411,false
25,1,7.8,-1.514680880815217,-0.039408556864155016,false
25,1,7.9,-1.5079537719254008,-0.04655625905084333,false
25,1,8.0,-1.5012218678728833,-0.053589863349825004,false
25,1,8.1,-1.4944847825068792,-0.06051016072201913,false
25,1,8.2,-1.4877421180340409,-0.0673179327356428,false
25,1,8.3,-1.480993464520968,-0.0740139515261062,false
25,1,8.4,-1.4742383993699737,-0.08059897975152026,false
25,1,8.5,-1.4674764867665662,-0.08707377054359658,false
25,1,8.6,-1.4607072770969851,-0.09343906745370689,false
25,1,8.7,-1.453930306333995,-0.09969560439385487,false
25,1,8.8,-1.4471450953889957,-0.10584410557229763,false
25,1,8.9,-1.4403511494283607,-0.11188528542353844,false
25,1,9.0,-1.4335479571517515,-0.1178198485323932,false
25,1,9.1,-1.426734990029981,-0.12364848955181505,false
25,1,9.2,-1.4199117014998155,-0.12937189311414013,false
25,1,9.3,-1.4130775261128996,-0.1349907337353951,false
25,1,9.4,-1.406231878635776,-0.14050567571228356,false
25,1,9.5,-1.399374153097732,-0.14591737301144123,false
25,1,9.6,-1.3925037217829546,-0.15122646915052299,false
25,1,9.7,-1.385619934163195,-0.15643359707065385,false
25,1,9.8,-1.3787221157668503,-0.16153937899974316,false
25,1,9.9,-1.3718095669800363,-0.1665444263061264,false
25,1,10.0,-1.3648815617748786,-0.17144933934196036,false
25,1,10.1,-1.3579373463598587,-0.1762547072757563,false
25,1,10.2,-1.3509761377466318,-0.18096110791339112,false
25,1,10.3,-1.3439971222272753,-0.185569107506888,false
25,1,10.4,-1.3369994537554257,-0.19007926055020544,false
25,1,10.5,-1.3299822522242142,-0.19449210956121704,false
25,1,10.6,-1.3229446016333108,-0.19880818484900245,false
25,1,10.7,-1.3158855481367362,-0.20302800426550294,false
25,1,10.8,-1.3088040979623747,-0.20715207294052243,false
25,1,10.9,-1.3016992151933446,-0.21118088299897547,false
25,1,11.0,-1.2945698194005069,-0.21511491325919752,false
25,1,11.1,-1.287414783114454,-0.2189546289110394,false
25,1,11.2,-1.2802329291242716,-0.22270048117236513,false
25,1,11.3,-1.2730230275892165,-0.226352906922461,false
25,1,11.4,-1.2657837929481972,-0.22991232831074213,false
25,1,11.5,-1.2585138806105372,-0.23337915233900958,false
25,1,11.6,-1.2512118834099726,-0.23675377041536538,false
25,1,11.7,-1.243876327802133,-0.240036557877734,false
25,1,11.8,-1.236505669783871,-0.24322787348476396,false
25,1,11.9,-1.2290982905107322,-0.2463280588716921,false
25,1,12.0,-1.221652491586549,-0.2493374379685431,false
25,1,12.1,-1.2141664899965883,-0.25225631637780577,false
25,1,12.2,-1.2066384126528422,-0.2550849807084743,false
25,1,12.3,-1.1990662905169056,-0.2578236978630633,false
25,1,12.4,-1.191448052262365,-0.2604727142738976,false
25,1,12.5,-1.1837815174347257,-0.26303225508463823,false
25,1,12.6,-1.1760643890625428,-0.26550252327263135,false
25,1,12.7,-1.1682942456685557,-0.2678836987072531,false
25,1,12.8,-1.1604685326241924,-0.2701759371389642,false
25,1,12.9,-1.1525845527847287,-0.2723793691132804,false
25,1,13.0,-1.1446394563355649,-0.274494098803303,false
25,1,13.1,-1.1366302297724473,-0.2765202027538262,false
25,1,13.2,-1.1285536839298718,-0.2784577285293467,false
25,1,13.3,-1.120406440962252,-0.28030669325752317,false
25,1,13.4,-1.1121849201715701,-0.2820670820587764,false
25,1,13.5,-1.1038853225629652,-0.28373884635175595,false
25,1,13.6,-1.095503613995887,-0.2853219020233285,false
25,1,13.7,-1.087035506782798,-0.28681612745054086,false
25,1,13.8,-1.0784764395697062,-0.28822136136066684,false
25,1,13.9,-1.0698215553127375,-0.2895374005139407,false
25,1,14.0,-1.0610656771421798,-0.2907639971918858,false
25,1,14.1,-1.0522032818795324,-0.29190085647224584,false
25,1,14.2,-1.0432284709436084,-0.2929476332693835,false
25,1,14.3,-1.0341349383481313,-0.2939039291165948,false
25,1,14.4,-1.0249159354548822,-0.29476928866406243,false
25,1,14.5,-1.0155642321025795,-0.29554319586308625,false
25,1,14.6,-1.0060720736814102,-0.2962250698037384,false
25,1,14.7,-0.9964311336655046,-0.2968142601691307,false
25,1,14.8,-0.9866324610494411,-0.2973100422649838,false
25,1,14.9,-0.976666422058717,-0.29771161157807374,false
25,1,15.0,-0.9665226354163902,-0.2980180778113021,false
25,1,15.1,-0.9561899003468752,-0.2982284583364866,false
25,1,15.2,-0.9456561163809238,-0.2983416709983707,false
25,1,15.3,-0.9349081938904945,-0.2983565261946523,false
25,1,15.4,-0.9239319541254161,-0.2982717181468618,false
25,1,15.5,-0.9127120173418316,-0.2980858152654742,false
25,1,15.6,-0.9012316774010741,-0.2977972494994765,false
25,1,15.7,-0.8894727609718484,-0.297404304545458,false
25,1,15.8,-0.877415469182451,-0.29690510277381094,false
25,1,15.9,-0.8650381992363441,-0.29629759070944606,false
25,1,16.0,-0.8523173431156136,-0.29557952288108824,false
25,1,16.1,-0.8392270600433179,-0.29474844382619486,false
25,1,16.2,-0.8257390188465858,-0.2938016680072225,false
25,1,16.3,-0.8118221057451221,-0.292736257358633,false
25,1,16.4,-0.7974420923703887,-0.29154899614184937,false
25,1,16.5,-0.7825612579833832,-0.29023636273637676,false
25,1,16.6,-0.7671379588864228,-0.28879449793838635,false
25,1,16.7,-0.7511261368984983,-0.28721916927195507,false
25,1,16.8,-0.7344747574665116,-0.2855057307414432,false
25,1,16.9,-0.7171271664997939,-0.2836490773646004,false
25,1,17.0,-0.6990203533313579,-0.2816435937232331,false
25,1,17.1,-0.6800841053248204,-0.27948309564990387,false
25,1,17.2,-0.6602400375770601,-0.2771607640334933,false
25,1,17.3,-0.6394004789598989,-0.27466906957216736,false
25,1,17.4,-0.6174671934955362,-0.27199968712861283,false
25,1,17.5,-0.5943299139457999,-0.2691433981498311,false
25,1,17.6,-0.5698646628154517,-0.26608997940493667,false
25,1,17.7,-0.5439318352202402,-0.26282807607549097,false
25,1,17.8,-0.5163740190451508,-0.25934505701588195,false
25,1,17.9,-0.48701353176494605,-0.2556268498072243,false
25,1,18.0,-0.4556496621468317,-0.2516577530925058,false
25,1,18.1,-0.4220556217451572,-0.2474202236603028,false
25,1,18.2,-0.3859752400521529,-0.24289463592930663,false
25,1,18.3,-0.3471194849317455,-0.238059012015183,false
25,1,18.4,-0.3051629660423383,-0.2328887216457891,false
25,1,18.5,-0.25974069681938594,-0.22735615314437305,false
25,1,18.6,-0.2104455686658164,-0.22143035998017005,false
25,1,18.7,-0.15682725317382937,-0.21507669263949983,false
25,1,18.8,-0.0983936227370902,-0.2082564336819105,false
25,1,18.9,-0.034616294532916564,-0.20092646595511363,false
25,1,19.0,0.03505742812218998,-0.1930390213879763,false
25,1,19.1,0.11118314629189889,-0.1845415818633691,false
25,1,19.2,0.19428461176579828,-0.17537703506518348,false
25,1,19.3,0.28480123434600824,-0.16548422574137192,false
25,1,19.4,0.38301380299261784,-0.15479908145473478,false
25,1,19.5,0.4889465406288413,-0.14325651957679306,false
25,1,19.6,0.6022488507789749,-0.13079333679957428,false
25,1,19.7,0.7220694855257563,-0.11735221052318474,false
25,1,19.8,0.8469490370425373,-0.10288676553242966,false
25,1,19.9,0.974770067990169,-0.08736735847921455,false
25,1,20.0,1.1028097823433731,-0.07078683919607034,false
25,1,20.1,1.2279272751331851,-0.05316518303982675,false
25,1,20.2,1.3468803497435837,-0.034551755283849295,false
25,1,20.3,1.4567148334529698,-0.015024259165147366,false
25,1,20.4,1.5551284613087695,0.005315842462038839,false
25,1,20.5,1.6407099493333597,0.026350699091257236,false
25,1,20.6,1.7129981228160724,0.04795477354996659,false
25,1,20.7,1.7723715813045657,0.07000321187257952,false
25,1,20.8,1.81983004091635,0.09237858564105608,false
25,1,20.9,1.8567433548123224,0.11497537729647445,false
25,1,21.0,1.8846278006934107,0.13770222237732296,false
25,1,21.1,1.9049800356170818,0.1604823371670904,false
25,1,21.2,1.9191735339043743,0.18325271155562398,false
25,1,21.3,1.9284073169586136,0.20596260939212077,false
25,1,21.4,1.9336916342657755,0.2285717913711452,false
25,1,21.5,1.9358561777145844,0.25104873295705504,false
25,1,21.6,1.9355698323904522,0.2733689905360568,false
25,1,21.7,1.9333646697610127,0.2955137843513889,false
25,1,21.8,1.929659899880518,0.31746881391394227,false
25,1,21.9,1.9247836007873838,0.33922329251980493,false
25,1,22.0,1.9189913581864662,0.3607691741595728,false
25,1,22.1,1.9124816930937716,0.3821005421238284,false
25,1,22.2,1.9054085290407494,0.40321312964737954,false
25,1,22.3,1.897891103105852,0.4241039462837435,false
25,1,22.4,1.8900217561524562,0.44477098780759583,false
25,1,22.5,1.8818720086179719,0.4652130114928226,false
25,1,22.6,1.8734972743843812,0.48542936223456545,false
25,1,22.7,1.8649405056421993,0.5054198380479002,false
25,1,22.8,1.856235005504489,0.5251845859824501,false
25,1,22.9,1.847406596257447,0.5447240214976493,false
25,1,23.0,1.8384752905026875,0.5640387659238942,false
25,1,23.1,1.8294565796218878,0.5831295978677556,false
25,1,23.2,1.8203624279753363,0.601997415374543,false
25,1,23.3,1.811202040884395,0.6206432063979545,false
25,1,23.4,1.8019824586529751,0.6390680256926964,false
25,1,23.5,1.792709016703273,0.6572729766804268,false
25,1,23.6,1.7833857025457727,0.675259197172524,false
25,1,23.7,1.7740154331355364,0.6930278480886011,false
25,1,23.8,1.7646002706822408,0.7105801045055974,false
25,1,23.9,1.7551415907872387,0.7279171485226601,false
25,1,24.0,1.7456402135732796,0.7450401635425947,false
25,1,24.1,1.7360965060179785,0.7619503296595924,false
25,1,24.2,1.726510461822097,0.778648819911472,false
25,1,24.3,1.7168817637018998,0.795136797207572,false
25,1,24.4,1.7072098318874962,0.8114154117843284,false
25,1,24.5,1.6974938617571151,0.8274857990722397,false
25,1,24.6,1.6877328528805637,0.843349077882494,false
25,1,24.7,1.6779256312378694,0.8590063488406094,false
25,1,24.8,1.6680708659864174,0.8744586930092842,false
25,1,24.9,1.6581670818451337,0.889707170654208,false
25,1,25.0,1.6482126679270923,0.9047528201155833,false
25,2,25.0,1.8148749530157198,0.43863009130384323,true
25,2,25.1,1.821467797597209,0.45849830320513435,false
25,2,25.2,1.8250766124519529,0.47826710735436095,false
25,2,25.3,1.8262459925517975,0.49791245276868884,false
25,2,25.4,1.8254294093707426,0.5174150308271185,false
25,2,25.5,1.8230001727874074,0.5367594544695238,false
25,2,25.6,1.8192630002859724,0.555933547807684,false
25,2,25.7,1.8144650685936685,0.57492774523363,false
25,2,25.8,1.8088059733487474,0.5937345915061084,false
25,2,25.9,1.802446373487363,0.6123483308349409,false
25,2,26.0,1.7955153042072312,0.6307645720648645,false
25,2,26.1,1.7881162530737529,0.6489800175734379,false
25,2,26.2,1.7803321438227913,0.6669922447201305,false
25,2,26.3,1.7722293865158911,0.6847995301754737,false
25,2,26.4,1.7638611471713217,0.7024007089693944,false
25,2,26.5,1.7552699749336518,0.7197950614966854,false
25,2,26.6,1.7464899062226371,0.7369822229483819,false
25,2,26.7,1.737548146429613,0.7539621106859767,false
25,2,26.8,1.728466412282162,0.7707348659485836,false
25,2,26.9,1.7192620026876442,0.7873008069995316,false
25,2,27.0,1.7099486528654622,0.8036603914002509,false
25,2,27.1,1.7005372157780532,0.819814185567508,false
25,2,27.2,1.6910362060342645,0.8357628401450299,false
25,2,27.3,1.6814522342861355,0.8515070700197431,false
25,2,27.4,1.671790354394342,0.8670476380509348,false
25,2,27.5,1.662054341046768,0.8823853417697968,false
25,2,27.6,1.652246911860431,0.8975210024569519,false
25,2,27.7,1.6423699050954734,0.9124554561246785,false
25,2,27.8,1.6324244218096808,0.9271895460250681,false
25,2,27.9,1.6224109394597723,0.9417241163803645,false
25,2,28.0,1.6123294025124486,0.9560600070913017,false
25,2,28.1,1.6021792944846727,0.9701980492265908,false
25,2,28.2,1.5919596949258807,0.9841390611343375,false
25,2,28.3,1.581669324134944,0.9978838450461072,false
25,2,28.4,1.5713065778322277,1.0114331840681785,false
25,2,28.5,1.5608695535509296,1.0247878394734762,false
25,2,28.6,1.550356070147446,1.037948548222748,false
25,2,28.7,1.539763681538446,1.0509160206555133,false
25,2,28.8,1.5290896855373282,1.063690938300785,false
25,2,28.9,1.518331128472711,1.0762739517650304,false
25,2,29.0,1.5074848061169903,1.088665678660668,false
25,2,29.1,1.4965472613261863,1.1008667015429139,false
25,2,29.2,1.4855147786872354,1.1128775658261978,false
25,2,29.3,1.4743833763807226,1.124698777653891,false
25,2,29.4,1.4631487953918738,1.1363308016968223,false
25,2,29.5,1.4518064861372644,1.1477740588571552,false
25,2,29.6,1.4403515925165207,1.1590289238547196,false
25,2,29.7,1.4287789333451382,1.170095722672891,false
25,2,29.8,1.4170829810744936,1.1809747298406506,false
25,2,29.9,1.4052578376566098,1.191666165526545,false
25,2,30.0,1.3932972073627337,1.2021701924189117,false
25,2,30.1,1.3811943663149286,1.212486912364952,false
25,2,30.2,1.3689421284373517,1.2226163627389854,false
25,2,30.3,1.3565328074772958,1.232558512507492,false
25,2,30.4,1.3439581746840632,1.2423132579553011,false
25,2,30.5,1.3312094116647402,1.2518804180334584,false
25,2,30.6,1.3182770578583256,1.2612597292848355,false
25,2,30.7,1.3051509519815236,1.2704508402983559,false
25,2,30.8,1.291820166698677,1.2794533056366846,false
25,2,30.9,1.2782729356523033,1.2882665791752708,false
25,2,31.0,1.2644965718565333,1.2968900067825644,false
25,2,31.1,1.250477376300019,1.3053228182619043,false
25,2,31.2,1.2362005354234271,1.3135641184647757,false
25,2,31.3,1.2216500059246225,1.3216128774726086,false
25,2,31.4,1.206808385096216,1.3294679197297607,false
25,2,31.5,1.1916567646083496,1.3371279119934238,false
25,2,31.6,1.1761745653060436,1.3445913499465165,false
25,2,31.7,1.1603393501851107,1.351856543296664,false
25,2,31.8,1.1441266122315055,1.3589215991575334,false
25,2,31.9,1.1275095332415392,1.3657844034773643,false
25,2,32.0,1.1104587090672773,1.3724426002426768,false
25,2,32.1,1.092941835931811,1.3788935681418053,false
25,2,32.2,1.0749233515080276,1.3851343943218963,false
25,2,32.3,1.0563640233222709,1.391161844812845,false
25,2,32.4,1.0372204756956653,1.3969723311205786,false
25,2,32.5,1.0174446448294174,1.4025618724080422,false
25,2,32.6,0.9969831497279139,1.4079260525827157,false
25,2,32.7,0.9757765643797847,1.4130599714915473,false
25,2,32.8,0.9537585739207906,1.4179581892843827,false
25,2,32.9,0.9308549943175491,1.4226146628412835,false
25,2,33.0,0.9069826313717236,1.4270226729629643,false
25,2,33.1,0.8820479504927909,1.4311747407918078,false
25,2,33.2,0.8559455236898984,1.4350625316580097,false
25,2,33.3,0.8285562146059892,1.4386767442257506,false
25,2,33.4,0.7997450562719328,1.442006982442897,false
25,2,33.5,0.7693587698766552,1.4450416073713277,false
25,2,33.6,0.7372228668058368,1.4477675654941833,false
25,2,33.7,0.7031382715628987,1.4501701895690255,false
25,2,33.8,0.6668774018285567,1.4522329675431576,false
25,2,33.9,0.6281796470327335,1.4539372745128138,false
25,2,34.0,0.5867462037086552,1.4552620622731633,false
25,2,34.1,0.5422342632104394,1.4561835008147692,false
25,2,34.2,0.4942506189160899,1.4566745664182243,false
25,2,34.3,0.44234488748185535,1.4567045721844833,false
25,2,34.4,0.38600275529048494,1.4562386395618439,false
25,2,34.5,0.324640016321587,1.4552371147096932,false
25,2,34.6,0.25759873131985433,1.453654942929241,false
25,2,34.7,0.18414770247650541,1.4514410301812104,false
25,2,34.8,0.10349072771168298,1.4485376460890493,false
25,2,34.9,0.01478785496848685,1.444879961855297,false
25,2,35.0,-0.08280293829027718,1.4403958735317732,false
25,2,35.1,-0.19005392063619356,1.4350063387716996,false
25,2,35.2,-0.30755457068684944,1.4286265501602138,false
25,2,35.3,-0.4355480704838535,1.4211683626108709,false
25,2,35.4,-0.5737167361037581,1.4125444413309414,false
25,2,35.5,-0.7209358079054397,1.4026745171759465,false
25,2,35.6,-0.8750483166740941,1.3914938117534799,false
25,2,35.7,-1.032752687186311,1.378963029865076,false
25,2,35.8,-1.1897149081587877,1.3650783606584245,false
25,2,35.9,-1.3409818150802484,1.3498790218490735,false
25,2,36.0,-1.4816620987645532,1.3334496500811002,false
25,2,36.1,-1.6076971153865567,1.315915836049865,false
25,2,36.2,-1.71646282977802,1.2974332059681322,false
25,2,36.3,-1.8070045282223808,1.2781726560102291,false
25,2,36.4,-1.8798760092548097,1.2583054086279046,false
25,2,36.5,-1.9367155533196718,1.2379910004482875,false
25,2,36.6,-1.9797484790396818,1.2173697206080678,false
25,2,36.7,-2.0113623889863215,1.1965594113952867,false
25,2,36.8,-2.0338188883430597,1.1756555783932254,false
25,2,36.9,-2.0490994943416063,1.154733507952236,false
25,2,37.0,-2.0588517863733564,1.1338512910575311,false
25,2,37.1,-2.064396983485376,1.113053009228763,false
25,2,37.2,-2.066768114968481,1.09237166784681,false
25,2,37.3,-2.066758718477554,1.0718316982701808,false
25,2,37.4,-2.064970936420746,1.0514509921812674,false
25,2,37.5,-2.061857885339029,1.031242504149108,false
25,2,37.6,-2.057758671439078,1.0112154874431223,false
25,2,37.7,-2.052926211585763,0.9913764333549684,false
25,2,37.8,-2.047548781497428,0.9717297782406683,false
25,2,37.9,-2.041766425740745,0.9522784323107049,false
25,2,38.0,-2.03568331471086,0.9330241735006743,false
25,2,38.1,-2.029376980698817,0.913967940152244,false
25,2,38.2,-2.022905188476386,0.8951100482537827,false
25,2,38.3,-2.0163110316142894,0.876450352646986,false
25,2,38.4,-2.0096267070605385,0.8579883667019511,false
25,2,38.5,-2.002876309355251,0.8397233512392647,false
25,2,38.6,-1.9960778995575754,0.8216543806829547,false
25,2,38.7,-1.9892450382929543,0.8037803923469388,false
25,2,38.8,-1.9823879230168016,0.7861002232154046,false
25,2,38.9,-1.9755142328799833,0.7686126374382456,false
25,2,39.0,-1.968629757405397,0.7513163469223785,false
25,2,39.1,-1.9617388651376355,0.7342100267804252,false
25,2,39.2,-1.954844853668963,0.7172923269417079,false
25,2,39.3,-1.9479502115896274,0.7005618808937819,false
25,2,39.4,-1.9410568149276228,0.6840173122741247,false
25,2,39.5,-1.934166074769881,0.6676572398478048,false
25,2,39.6,-1.9272790484322024,0.6514802812708812,false
25,2,39.7,-1.9203965233570348,0.6354850559383529,false
25,2,39.8,-1.9135190805645161,0.6196701871405003,false
25,2,39.9,-1.906647142741806,0.6040343036956353,false
25,2,40.0,-1.8997810107666184,0.5885760411856485,false
25,2,40.1,-1.8929208915042932,0.573294042889624,false
25,2,40.2,-1.8860669190065613,0.558186960487493,false
25,2,40.3,-1.879219170710418,0.5432534545882122,false
25,2,40.4,-1.872377679840123,0.5284921951238037,false
25,2,40.5,-1.8655424449196354,0.5139018616406843,false
25,2,40.6,-1.8587134370812073,0.4994811435122314,false
25,2,40.7,-1.8518906056894555,0.4852287400908731,false
25,2,40.8,-1.8450738826750195,0.47114336081369274,false
25,2,40.9,-1.8382631858775142,0.45722372527228156,false
25,2,41.0,-1.8314584216261585,0.4434685632550862,false
25,2,41.1,-1.824659486732464,0.4298766147686054,false
25,2,41.2,-1.817866270028401,0.41644663004233984,false
25,2,41.3,-1.8110786535523207,0.40317736952129163,false
25,2,41.4,-1.804296513461193,0.39006760384895595,false
25,2,41.5,-1.7975197207296207,0.377116113843095,false
25,2,41.6,-1.7907481416822355,0.36432169046607776,false
25,2,41.7,-1.7839816383954816,0.3516831347911806,false
25,2,41.8,-1.7772200689966364,0.3391992579659424,false
25,2,41.9,-1.7704632878816575,0.32686888117343477,false
25,2,42.0,-1.7637111458686008,0.31469083559212546,false
25,2,42.1,-1.7569634902996305,0.3026639623548756,false
25,2,42.2,-1.7502201651017437,0.2907871125074977,false
25,2,42.3,-1.7434810108140897,0.27905914696722056,false
25,2,42.4,-1.7367458645880238,0.26747893648133664,false
25,2,42.5,-1.7300145601646688,0.25604536158625923,false
25,2,42.6,-1.7232869278337002,0.24475731256717384,false
25,2,42.7,-1.7165627943762383,0.23361368941843835,false
25,2,42.8,-1.7098419829940743,0.22261340180486094,false
25,2,42.9,-1.703124313226944,0.21175536902396697,false
25,2,43.0,-1.6964096008591543,0.2010385199693503,false
25,2,43.1,-1.6896976578165466,0.19046179309519443,false
25,2,43.2,-1.6829882920545196,0.18002413638203962,false
25,2,43.3,-1.676281307437627,0.16972450730386654,false
25,2,43.4,-1.669576503611104,0.15956187279656203,false
25,2,43.5,-1.6628736758645293,0.14953520922783015,false
25,2,43.6,-1.6561726149877272,0.13964350236860895,false
25,2,43.7,-1.6494731071189186,0.1298857473660534,false
25,2,43.8,-1.6427749335850432,0.1202609487181442,false
25,2,43.9,-1.6360778707341193,0.11076812024998259,false
25,2,44.0,-1.629381689759442,0.10140628509183322,false
25,2,44.1,-1.6226861565153652,0.09217447565897757,false
25,2,44.2,-1.6159910313243735,0.08307173363344364,false
25,2,44.3,-1.609296068775099,0.07409710994767921,false
25,2,44.4,-1.602601017510898,0.06524966477023927,false
25,2,44.5,-1.5959056200085626,0.05652846749356132,false
25,2,44.6,-1.5892096123467008,0.04793259672390562,false
25,2,44.7,-1.5825127239632808,0.03946114027354174,false
25,2,44.8,-1.575814677401795,0.03111319515526661,false
25,2,44.9,-1.5691151880454501,0.02288786757934378,false
25,2,45.0,-1.5624139638387622,0.014784272952959138,false
25,2,45.1,-1.555710704995872,0.006801535882292726,false
25,2,45.2,-1.549005103694866,-0.0010612098226871498,false
25,2,45.3,-1.5422968437573248,-0.008804821140596018,false
25,2,45.4,-1.535585600312279,-0.01643014582805295,false
25,2,45.5,-1.5288710394436873,-0.02393802240602271,false
25,2,45.6,-1.5221528178204997,-0.03132928014294757,false
25,2,45.7,-1.5154305823083,-0.03860473903452827,false
25,2,45.8,-1.508703969561455,-0.045765209780004666,false
25,2,45.9,-1.501972605594624,-0.052811493754778255,false
25,2,46.0,-1.495236105332407,-0.05974438297920832,false
25,2,46.1,-1.4884940721358193,-0.06656466008340362,false
25,2,46.2,-1.481746097304196,-0.07327309826782025,false
25,2,46.3,-1.4749917595510291,-0.0798704612594642,false
25,2,46.4,-1.4682306244521335,-0.08635750326348489,false
25,2,46.5,-1.4614622438644278,-0.09273496890993188,false
25,2,46.6,-1.4546861553134924,-0.09900359319543266,false
25,2,46.7,-1.4479018813479336,-0.10516410141953356,false
25,2,46.8,-1.4411089288584424,-0.11121720911542898,false
25,2,46.9,-1.4343067883592802,-0.11716362197478657,false
25,2,47.0,-1.4274949332297575,-0.12300403576635562,false
25,2,47.1,-1.4206728189130917,-0.12873913624802621,false
25,2,47.2,-1.4138398820698328,-0.1343695990719835,false
25,2,47.3,-1.4069955396828338,-0.13989608968257766,false
25,2,47.4,-1.4001391881105139,-0.14531926320650387,false
25,2,47.5,-1.3932702020849093,-0.15063976433485934,false
25,2,47.6,-1.3863879336507383,-0.15585822719661305,false
25,2,47.7,-1.37949171104141,-0.16097527522299276,false
25,2,47.8,-1.3725808374875823,-0.1659915210022575,false
25,2,47.9,-1.3656545899535317,-0.17090756612428656,false
25,2,48.0,-1.3587122177962079,-0.1757240010143747,false
25,2,48.1,-1.3517529413414373,-0.18044140475557877,false
25,2,48.2,-1.3447759503712797,-0.18506034489891365,false
25,2,48.3,-1.3377804025160545,-0.18958137726064206,false
25,2,48.4,-1.3307654215440015,-0.1940050457058479,false
25,2,48.5,-1.3237300955409603,-0.19833188191742068,false
25,2,48.6,-1.3166734749717934,-0.2025624051495124,false
25,2,48.7,-1.3095945706145746,-0.20669712196445608,false
25,2,48.8,-1.3024923513577826,-0.21073652595205708,false
25,2,48.9,-1.2953657418498858,-0.21468109743008243,false
25,2,49.0,-1.2882136199897638,-0.21853130312468097,false
25,2,49.1,-1.2810348142453802,-0.2222875958293654,false
25,2,49.2,-1.2738281007869872,-0.22595041404107727,false
25,2,49.3,-1.2665922004198837,-0.2295201815717353,false
25,2,49.4,-1.259325775300382,-0.23299730713353511,false
25,2,49.5,-1.2520274254171035,-0.23638218389612559,false
25,2,49.6,-1.2446956848180533,-0.23967518901362783,false
25,2,49.7,-1.237329017562057,-0.24287668311929173,false
25,2,49.8,-1.2299258133710949,-0.24598700978539398,false
25,2,49.9,-1.222484382957783,-0.24900649494577526,false
25,2,50.0,-1.2150029529997302,-0.25193544627818454,false
25,3,50.0,-1.3869063110229458,-0.06364603188435047,true
25,3,50.1,-1.3888333332113922,-0.06948505237177013,false
25,3,50.2,-1.3900620904969956,-0.07529567387047502,false
25,3,50.3,-1.390644865690322,-0.08107194609978874,false
25,3,50.4,-1.3906311959645348,-0.08680842920830015,false
25,3,50.5,-1.3900677127237488,-0.09250016405772622,false
25,3,50.6,-1.3889980657791259,-0.09814264165724346,false
25,3,50.7,-1.3874629150590196,-0.10373177244893386,false
25,3,50.8,-1.385499975004956,-0.10926385599480937,false
25,3,50.9,-1.383144098819238,-0.11473555148496963,false
25,3,51.0,-1.3804273917040062,-0.12014384937485682,false
25,3,51.1,-1.3773793440813054,-0.12548604436637234,false
25,3,51.2,-1.3740269774594882,-0.13075970987128777,false
25,3,51.3,-1.3703949970893214,-0.13596267403407453,false
25,3,51.4,-1.3665059468281269,-0.14109299734303085,false
25,3,51.5,-1.3623803627091027,-0.14614895182147328,false
25,3,51.6,-1.3580369226102256,-0.15112900176296018,false
25,3,51.7,-1.3534925901514687,-0.1560317859543826,false
25,3,51.8,-1.3487627515408098,-0.1608561013168339,false
25,3,51.9,-1.343861344558902,-0.1656008878851939,false
25,3,52.0,-1.3388009792385107,-0.1702652150422711,false
25,3,52.1,-1.3335930500753395,-0.17484826892123992,false
25,3,52.2,-1.3282478398171658,-0.17934934089025928,false
25,3,52.3,-1.3227746150316917,-0.18376781703496245,false
25,3,52.4,-1.317181713761618,-0.18810316855749112,false
25,3,52.5,-1.3114766256477663,-0.192354943014526,false
25,3,52.6,-1.305666064945528,-0.19652275632104838,false
25,3,52.7,-1.2997560368830128,-0.20060628545112338,false
25,3,52.8,-1.2937518978162634,-0.20460526177165086,false
25,3,52.9,-1.2876584096319972,-0.20851946494965962,false
25,3,53.0,-1.2814797888348601,-0.21234871737822886,false
25,3,53.1,-1.2752197507367677,-0.21609287907044344,false
25,3,53.2,-1.2688815491425531,-0.21975184297488332,false
25,3,53.3,-1.2624680119004226,-0.22332553066998562,false
25,3,53.4,-1.255981572658776,-0.2268138883981848,false
25,3,53.5,-1.249424299143654,-0.23021688340402924,false
25,3,53.6,-1.24279791824404,-0.23353450054349045,false
25,3,53.7,-1.236103838165912,-0.23676673913443377,false
25,3,53.8,-1.2293431678905693,-0.23991361002071304,false
25,3,53.9,-1.2225167341485659,-0.24297513282460095,false
25,3,54.0,-1.2156250960975927,-0.24595133336428282,false
25,3,54.1,-1.2086685578709464,-0.2488422412149381,false
25,3,54.2,-1.201647179142731,-0.25164788739352356,false
25,3,54.3,-1.1945607838366172,-0.2543683021487688,false
25,3,54.4,-1.1874089670867374,-0.25700351283910716,false
25,3,54.5,-1.1801911005420112,-0.259553541882308,false
25,3,54.6,-1.1729063360887635,-0.262018404761456,false
25,3,54.7,-1.165553608050756,-0.2643981080726487,false
25,3,54.8,-1.158131633910597,-0.2666926476003634,false
25,3,54.9,-1.1506389135817388,-0.2689020064068822,false
25,3,55.0,-1.14307372724579,-0.2710261529224654,false
25,3,55.1,-1.1354341317554772,-0.27306503902312856,false
25,3,55.2,-1.1277179555891323,-0.27501859808291446,false
25,3,55.3,-1.1199227923278727,-0.2768867429874476,false
25,3,55.4,-1.1120459926114898,-0.2786693640953246,false
25,3,55.5,-1.1040846545132605,-0.28036632713351634,false
25,3,55.6,-1.0960356122572392,-0.2819774710124352,false
25,3,55.7,-1.0878954231838078,-0.2835026055456456,false
25,3,55.8,-1.0796603528501174,-0.2849415090583548,false
25,3,55.9,-1.0713263581312267,-0.28629392586780456,false
25,3,56.0,-1.062889068164913,-0.2875595636174746,false
25,3,56.1,-1.0543437629579147,-0.2887380904455885,false
25,3,56.2,-1.0456853494433302,-0.28982913196675925,false
25,3,56.3,-1.0369083347475643,-0.29083226804369716,false
25,3,56.4,-1.0280067963900075,-0.29174702932370145,false
25,3,56.5,-1.0189743490989147,-0.29257289351212323,false
25,3,56.6,-1.0098041078819602,-0.29330928135209083,false
25,3,56.7,-1.0004886469388157,-0.29395555227646847,false
25,3,56.8,-0.9910199539448264,-0.29451099969422545,false
25,3,56.9,-0.981389379168234,-0.29497484586905504,false
25,3,57.0,-0.9715875788070715,-0.2953462363431214,false
25,3,57.1,-0.9616044518441907,-0.29562423385313924,false
25,3,57.2,-0.9514290696179928,-0.2958078116794947,false
25,3,57.3,-0.9410495971900984,-0.2958958463616754,false
25,3,57.4,-0.9304532054568033,-0.2958871097047422,false
25,3,57.5,-0.9196259727956547,-0.2957802599917794,false
25,3,57.6,-0.9085527748582529,-0.2955738323059963,false
25,3,57.7,-0.8972171609112044,-0.29526622785319373,false
25,3,57.8,-0.8856012148840516,-0.2948557021603751,false
25,3,57.9,-0.8736853990001688,-0.29434035200904934,false
25,3,58.0,-0.8614483775372136,-0.29371810094186945,false
25,3,58.1,-0.848866817879813,-0.2929866831582274,false
25,3,58.2,-0.8359151655794885,-0.29214362558776996,false
25,3,58.3,-0.8225653896146978,-0.291186227899901,false
25,3,58.4,-0.8087866934350384,-0.29011154017149104,false
25,3,58.5,-0.7945451866642101,-0.28891633789340126,false
25,3,58.6,-0.7798035115107468,-0.28759709394809707,false
25,3,58.7,-0.7645204169768317,-0.2861499471344839,false
25,3,58.8,-0.7486502728458159,-0.28457066675090065,false
25,3,58.9,-0.7321425141504689,-0.2828546126715541,false
25,3,59.0,-0.7149410053603964,-0.2809966902640205,false
25,3,59.1,-0.6969833118670128,-0.2789912993941179,false
25,3,59.2,-0.6781998644860353,-0.27683227664774057,false
25,3,59.3,-0.6585130006559038,-0.27451282976549585,false
25,3,59.4,-0.6378358638303824,-0.27202546313381365,false
25,3,59.5,-0.6160711403375261,-0.26936189300485713,false
25,3,59.6,-0.5931096108749813,-0.2665129509274701,false
25,3,59.7,-0.5688284921244213,-0.2634684736650526,false
25,3,59.8,-0.5430895431754772,-0.2602171776596027,false
25,3,59.9,-0.5157369123208182,-0.25674651588574343,false
25,3,60.0,-0.48659470352753587,-0.25304251474473544,false
25,3,60.1,-0.4554642503745675,-0.2490895885104065,false
25,3,60.2,-0.42212110132104513,-0.2448703288118187,false
25,3,60.3,-0.3863117481205087,-0.24036526680846657,false
25,3,60.4,-0.3477501753643439,-0.2355526062174968,false
25,3,60.5,-0.3061143827438488,-0.2304079263931676,false
25,3,60.6,-0.26104314573964027,-0.22490385654074516,false
25,3,60.7,-0.21213345299720648,-0.21900972531365046,false
25,3,60.8,-0.15893931292823232,-0.2126911951229438,false
25,3,60.9,-0.1009729858291508,-0.20590989834221712,false
25,3,61.0,-0.03771019866262411,-0.19862310433181934,false
25,3,61.1,0.03139844696387736,-0.19078346314985162,false
25,3,61.2,0.10690688005357422,-0.1823388952626434,false
25,3,61.3,0.1893399827604605,-0.17323272724172192,false
25,3,61.4,0.2791426903922282,-0.16340421035337516,false
25,3,61.5,0.3766076959761724,-0.15278959741327167,false
25,3,61.6,0.4817796808281523,-0.1413239819341871,false
25,3,61.7,0.5943389403274107,-0.12894410119430302,false
25,3,61.8,0.7134762631719131,-0.11559223913435487,false
25,3,61.9,0.8377837694772368,-0.10122119862052797,false
25,3,62.0,0.9651998756926858,-0.08580002278290552,false
25,3,62.1,1.0930529658803074,-0.06931975889468896,false
25,3,62.2,1.2182372221963285,-0.05179818875632987,false
25,3,62.3,1.337519049785868,-0.0332822936212714,false
25,3,62.4,1.4479213788755048,-0.013847475012112184,false
25,3,62.5,1.5470907711978614,0.00640674369846406,false
25,3,62.6,1.6335472519409002,0.027363877552696068,false
25,3,62.7,1.7067576152767057,0.04889908911142434,false
25,3,62.8,1.767037567600555,0.07088759282343131,false
25,3,62.9,1.8153404700793498,0.0932115241850037,false
25,3,63.0,1.853008139600906,0.11576459240758512,false
25,3,63.1,1.8815448385691158,0.13845448477681394,false
25,3,63.2,1.902447022817668,0.16120342382265476,false
25,3,63.3,1.9170953969303868,0.1839474483569534,false
25,3,63.4,1.9267000336492652,0.20663496429115066,false
25,3,63.5,1.9322835071319775,0.2292249893615256,false
25,3,63.6,1.9346875329447526,0.2516853739962401,false
25,3,63.7,1.9345918824800035,0.2739911595401855,false
25,3,63.8,1.9325380326141253,0.2961231480891308,false
25,3,63.9,1.9289530697657917,0.3180667032298625,false
25,3,64.0,1.9241715280896377,0.33981077035829066,false
25,3,64.1,1.9184542069658381,0.3613470908585546,false
25,3,64.2,1.912003794284735,0.38266957981159366,false
25,3,64.3,1.90497752014223,0.4037738375875644,false
25,3,64.4,1.897497232994599,0.4246567688516733,false
25,3,64.5,1.8896573298216874,0.44531628655076333,false
25,3,64.6,1.8815309471989343,0.4657510824869554,false
25,3,64.7,1.8731747683807183,0.485960449722854,false
25,3,64.8,1.864632742573963,0.5059441451562067,false
25,3,64.9,1.8559389564338724,0.525702283140331,false
25,3,65.0,1.8471198486333074,0.5452352530619825,false
25,3,65.1,1.8381959172996367,0.5645436553950905,false
25,3,65.2,1.8291830368507693,0.5836282520037587,false
25,3,65.3,1.8200934743427435,0.6024899274410453,false
25,3,65.4,1.8109366747354985,0.6211296587409414,false
25,3,65.5,1.8017198684030635,0.6395484917785736,false
25,3,65.6,1.7924485418033373,0.6577475227171539,false
25,3,65.7,1.783126802683022,0.6757278834003927,false
25,3,65.8,1.7737576638798687,0.6934907298100139,false
25,3,65.9,1.7643432641859276,0.7110372329081879,false
25,3,66.0,1.754885040452599,0.7283685713384033,false
25,3,66.1,1.74538386184171,0.7454859255764377,false
25,3,66.2,1.7358401346188888,0.7623904732140125,false
25,3,66.3,1.7262538839641282,0.7790833851278032,false
25,3,66.4,1.7166248178006247,0.7955658223405752,false
25,3,66.5,1.7069523765108565,0.8118389334230577,false
25,3,66.6,1.6972357715377067,0.8279038523175648,false
25,3,66.7,1.6874740151968723,0.8437616964895136,false
25,3,66.8,1.6776659435079995,0.8594135653325167,false
25,3,66.9,1.667810233450322,0.8748605387679167,false
25,3,67.0,1.6579054157368323,0.8901036759914612,false
25,3,67.1,1.647949883958398,0.9051440143290299,false
25,3,67.2,1.6379419007598395,0.9199825681705065,false
25,3,67.3,1.6278796015616348,0.9346203279564733,false
25,3,67.4,1.6177609962242139,0.9490582591967449,false
25,3,67.5,1.607583968959585,0.9632973015031083,false
25,3,67.6,1.5973462767216913,0.9773383676212136,false
25,3,67.7,1.5870455462481545,0.9911823424485081,false
25,3,67.8,1.576679269878569,1.0048300820265623,false
25,3,67.9,1.5662448002356468,1.0182824124971839,false
25,3,68.0,1.555739343823266,1.0315401290124315,false
25,3,68.1,1.5451599535681901,1.044603994589083,false
25,3,68.2,1.5345035203086634,1.0574747388983117,false
25,3,68.3,1.5237667632121836,1.0701530569813278,false
25,3,68.4,1.512946219085671,1.0826396078815579,false
25,3,68.5,1.502038230523314,1.0949350131835849,false
25,3,68.6,1.491038932819938,1.107039855448558,false
25,3,68.7,1.4799442395603313,1.1189546765351215,false
25,3,68.8,1.4687498267770538,1.130679975794083,false
25,3,68.9,1.4574511155504473,1.1422162081240663,false
25,3,69.0,1.4460432529043643,1.1535637818742246,false
25,3,69.1,1.4345210908291437,1.1647230565787674,false
25,3,69.2,1.4228791632390636,1.1756943405064957,false
25,3,69.3,1.4111116606444323,1.1864778880067874,false
25,3,69.4,1.3992124022880392,1.197073896631451,false
25,3,69.5,1.3871748054612651,1.2074825040095694,false
25,3,69.6,1.3749918516760138,1.2177037844498435,false
25,3,69.7,1.362656049323965,1.2277377452419544,false
25,3,69.8,1.3501593924034545,1.2375843226250711,false
25,3,69.9,1.3374933148354784,1.2472433773877531,false
25,3,70.0,1.3246486398225414,1.2567146900590667,false
25,3,70.1,1.311615523625769,1.2659979556456729,false
25,3,70.2,1.2983833930450341,1.2750927778638468,false
25,3,70.3,1.284940875781627,1.2839986628087314,false
25,3,70.4,1.2712757227406009,1.2927150119954893,false
25,3,70.5,1.2573747211872859,1.3012411146982092,false
25,3,70.6,1.2432235975058443,1.3095761395022785,false
25,3,70.7,1.2288069081127568,1.3177191249741975,false
25,3,70.8,1.2141079168494524,1.3256689693392343,false
25,3,70.9,1.1991084569096133,1.333424419041557,false
25,3,71.0,1.1837887750403464,1.340984056043171,false
25,3,71.1,1.1681273553832987,1.3483462836966469,false
25,3,71.2,1.1521007198808897,1.3555093110017313,false
25,3,71.3,1.135683201650918,1.3624711350268095,false
25,3,71.4,1.118846687114014,1.369229521242069,false
25,3,71.5,1.1015603219236545,1.3757819814711567,false
25,3,71.6,1.0837901748749268,1.3821257491209968,false
25,3,71.7,1.0654988529286067,1.3882577512939283,false
25,3,71.8,1.0466450592489875,1.3941745773207872,false
25,3,71.9,1.027183084678909,1.3998724431761131,false
25,3,72.0,1.0070622213187461,1.405347151145005,false
25,3,72.1,0.9862260847859855,1.4105940440025713,false
25,3,72.2,0.9646118292498727,1.4156079528382361,false
25,3,72.3,0.9421492363974138,1.4203831375046216,false
25,3,72.4,0.9187596560259977,1.4249132184900226,false
25,3,72.5,0.8943547719110317,1.429191098799751,false
25,3,72.6,0.8688351619162381,1.4332088741794693,false
25,3,72.7,0.8420886159872154,1.4369577297174483,false
25,3,72.8,0.8139881697535036,1.4404278205170573,false
25,3,72.9,0.7843898051477144,1.443608133731429,false
25,3,73.0,0.7531297631448288,1.4464863287975214,false
25,3,73.1,0.7200214082259576,1.449048552200508,false
25,3,73.2,0.6848515809105965,1.4512792225553042,false
25,3,73.3,0.6473763761527711,1.453160781241206,false
25,3,73.4,0.6073162957120227,1.454673403328802,false
25,3,73.5,0.5643507486148412,1.4557946632051162,false
25,3,73.6,0.5181119265277399,1.4564991493225903,false
25,3,73.7,0.46817817771521125,1.4567580231862192,false
25,3,73.8,0.41406717132348664,1.4565385195660625,false
25,3,73.9,0.35522942391033174,1.4558033887988442,false
25,3,74.0,0.2910432119268779,1.4545102891924384,false
25,3,74.1,0.22081259886360932,1.4526111498769065,false
25,3,74.2,0.14377136500392568,1.4500515446913211,false
25,3,74.3,0.05909714108290087,1.4467701495204697,false
25,3,74.4,-0.03405794810834127,1.4426984032357981,false
25,3,74.5,-0.13651149616028269,1.4377605599067715,false
25,3,74.6,-0.24895924939571212,1.4318744075779566,false
25,3,74.7,-0.37183703018707304,1.4249530271827548,false
25,3,74.8,-0.5051301881085455,1.4169080441428281,false
25,3,74.9,-0.6481385790664046,1.4076548212607733,false
25,3,75.0,-0.7992320511906315,1.3971198516456989,false
25,4,75.0,0.371926492535351,1.3965132002575302,true
25,4,75.1,0.31548573767357846,1.3958429243468276,false
25,4,75.2,0.25376292350277235,1.3946364536606062,false
25,4,75.3,0.18610028932493153,1.3928463359912848,false
25,4,75.4,0.11177752777678984,1.390419144018932,false
25,4,75.5,0.030026566808346866,1.3872950042454983,false
25,4,75.6,-0.05993813846153996,1.3834073309374737,false
25,4,75.7,-0.1588661328887913,1.378682939476952,false
25,4,75.8,-0.26738509114458564,1.3730427903538363,false
25,4,75.9,-0.38587359252832576,1.3664036986517134,false
25,4,76.0,-0.5142881745681136,1.358681407033077,false
25,4,76.1,-0.6519527550236061,1.3497954075943102,false
25,4,76.2,-0.7973417523668054,1.3396757229353782,false
25,4,76.3,-0.9479203016156607,1.328271424639177,false
25,4,76.4,-1.100132747923276,1.3155599485492804,false
25,4,76.5,-1.2496276055503388,1.3015554155496523,false
25,4,76.6,-1.3917466081665142,1.2863136000328415,false
25,4,76.7,-1.5221917199609343,1.2699314485093587,false
25,4,76.8,-1.6376755072479117,1.2525403905672936,false
25,4,76.9,-1.7363397993133665,1.2342946590728017,false
25,4,77.0,-1.8178250277243717,1.215357429531894,false
25,4,77.1,-1.8830251566214447,1.1958879481420914,false
25,4,77.2,-1.9336707802138973,1.1760319164490487,false
25,4,77.3,-1.9718971866922885,1.155915941831373,false
25,4,77.4,-1.9999003451653492,1.135645635656025,false
25,4,77.5,-2.019715572888208,1.1153063201561726,false
25,4,77.6,-2.0331065088338662,1.094965232438943,false
25,4,77.7,-2.0415327220182635,1.0746743430510524,false
25,4,77.8,-2.0461639366965843,1.0544732148680813,false
25,4,77.9,-2.047916604134073,1.0343915930750383,false
25,4,78.0,-2.047497401630213,1.0144516003810173,false
25,4,78.1,-2.045445244896237,0.9946695198900367,false
25,4,78.2,-2.0421680185788573,0.9750572023884839,false
25,4,78.3,-2.0379729000823135,0.9556231558325036,false
25,4,78.4,-2.0330905098797576,0.9363733776972368,false
25,4,78.5,-2.0276936971004984,0.9173119851894403,false
25,4,78.6,-2.0219119235126657,0.8984416895786109,false
25,4,78.7,-2.0158421612101143,0.8797641518565131,false
25,4,78.8,-2.009557091115885,0.8612802488290067,false
25,4,78.9,-2.00311124295185,0.8429902719881279,false
25,4,79.0,-1.996545580947628,0.8248940761153818,false
25,4,79.1,-1.989890923779815,0.8069911903691097,false
25,4,79.2,-1.983170493828354,0.789280901399522,false
25,4,79.3,-1.976401817794093,0.7717623156097014,false
25,4,79.4,-1.9695981447306816,0.7544344058619945,false
25,4,79.5,-1.9627695051846052,0.7372960465718226,false
25,4,79.6,-1.9559235033685134,0.7203460401210634,false
25,4,79.7,-1.949065910602871,0.7035831367730969,false
25,4,79.8,-1.9422011106588384,0.687006049714924,false
25,4,79.9,-1.935332434584485,0.67061346643861,false
25,4,80.0,-1.9284624129302501,0.6544040573674982,false
25,4,80.1,-1.9215929661321274,0.6383764824045991,false
25,4,80.2,-1.9147255485094652,0.6225293959108572,false
25,4,80.3,-1.9078612574044067,0.6068614504945214,false
25,4,80.4,-1.901000916073716,0.5913712998984347,false
25,4,80.5,-1.8941451367767779,0.5760576012014604,false
25,4,80.6,-1.887294368890944,0.5609190164973743,false
25,4,80.7,-1.8804489356833178,0.5459542141748541,false
25,4,80.8,-1.8736090624704709,0.5311618698923468,false
25,4,80.9,-1.8667748982260781,0.5165406673190942,false
25,4,81.0,-1.8599465321931827,0.5020892986966177,false
25,4,81.1,-1.8531240066798638,0.48780646526210675,false
25,4,81.2,-1.846307326932711,0.47369087756541745,false
25,4,81.3,-1.8394964687681254,0.4597412557039834,false
25,4,81.4,-1.8326913844795252,0.4459563294943098,false
25,4,81.5,-1.8258920074159417,0.43233483859442273,false
25,4,81.6,-1.8190982555345434,0.41887553258836174,false
25,4,81.7,-1.8123100341589522,0.40557717104128854,false
25,4,81.8,-1.805527238121437,0.3924385235318544,false
25,4,81.9,-1.7987497534260068,0.37945836966698415,false
25,4,82.0,-1.7919774585380555,0.3666354990830921,false
25,4,82.1,-1.7852102253821573,0.35396871143686126,false
25,4,82.2,-1.778447920111176,0.3414568163880361,false
25,4,82.3,-1.7716904036956411,0.32909863357614916,false
25,4,82.4,-1.7649375323714245,0.31689299259269177,false
25,4,82.5,-1.7581891579752937,0.30483873294991964,false
25,4,82.6,-1.751445128191394,0.29293470404723565,false
25,4,82.7,-1.7447052867266362,0.28117976513589826,false
25,4,82.8,-1.7379694734290403,0.2695727852826522,false
25,4,82.9,-1.7312375243600207,0.2581126433327598,false
25,4,83.0,-1.7245092718292019,0.24679822787281858,false
25,4,83.1,-1.717784544398495,0.23562843719367815,false
25,4,83.2,-1.711063166860694,0.22460217925371184,false
25,4,83.3,-1.704344960196703,0.2137183716426548,false
25,4,83.4,-1.6976297415146018,0.20297594154618484,false
25,4,83.5,-1.6909173239730373,0.19237382571139514,false
25,4,83.6,-1.684207516690864,0.18191097041328663,false
25,4,83.7,-1.6775001246445094,0.1715863314223919,false
25,4,83.8,-1.6707949485541693,0.16139887397362893,false
25,4,83.9,-1.6640917847596637,0.1513475727364746,false
25,4,84.0,-1.6573904250865368,0.14143141178653995,false
25,4,84.1,-1.650690656702805,0.13164938457862432,false
25,4,84.2,-1.643992261966599,0.12200049392132217,false
25,4,84.3,-1.6372950182648098,0.11248375195325389,false
25,4,84.4,-1.630598697842756,0.10309818012099112,false
25,4,84.5,-1.6239030676247832,0.09384280915874686,false
25,4,84.6,-1.6172078890256378,0.08471667906990095,false
25,4,84.7,-1.6105129177523811,0.07571883911043337,false
25,4,84.8,-1.6038179035965545,0.06684834777433916,false
25,4,84.9,-1.597122590216242,0.05810427278110138,false
25,4,85.0,-1.590426714907634,0.049485691065301526,false
25,4,85.1,-1.5837300083656332,0.04099168876844987,false
25,4,85.2,-1.577032194433006,0.03262136123312228,false
25,4,85.3,-1.5703329898375284,0.02437381299949394,false
25,4,85.4,-1.5636321039165308,0.016248157804365324,false
25,4,85.5,-1.5569292383281916,0.008243518582780395,false
25,4,85.6,-1.5502240867488872,0.0003590274723427652,false
25,4,85.7,-1.5435163345558456,-0.007406174179658818,false
25,4,85.8,-1.536805658494304,-0.015052935806197818,false
25,4,85.9,-1.5300917263283047,-0.0225820976074058,false
25,4,86.0,-1.523374196474213,-0.029994490534284893,false
25,4,86.1,-1.5166527176159668,-0.037290936269097276,false
25,4,86.2,-1.5099269283010064,-0.044472247202284224,false
25,4,86.3,-1.503196456515755,-0.0515392264057573,false
25,4,86.4,-1.496460919239445,-0.058492667602396096,false
25,4,86.5,-1.4897199219750015,-0.06533335513157537,false
25,4,86.6,-1.4829730582556009,-0.07206206391053455,false
25,4,86.7,-1.4762199091254293,-0.07867955939139037,false
25,4,86.8,-1.469460042593062,-0.0851865975135807,false
25,4,86.9,-1.462693013055767,-0.09158392465151459,false
25,4,87.0,-1.4559183606929242,-0.0978722775571891,false
25,4,87.1,-1.4491356108266122,-0.10405238329751759,false
25,4,87.2,-1.442344273247279,-0.11012495918609805,false
25,4,87.3,-1.4355438415022606,-0.11609071270913197,false
25,4,87.4,-1.4287337921447427,-0.12195034144518535,false
25,4,87.5,-1.4219135839405896,-0.12770453297846246,false
25,4,87.6,-1.4150826570302624,-0.1333539648052414,false
25,4,87.7,-1.4082404320428465,-0.13889930423309624,false
25,4,87.8,-1.4013863091589798,-0.1443412082725053,false
25,4,87.9,-1.3945196671192217,-0.14968032352041719,false
25,4,88.0,-1.3876398621741433,-0.15491728603531657,false
25,4,88.1,-1.3807462269721218,-0.16005272120329983,false
25,4,88.2,-1.3738380693805083,-0.1650872435946357,false
25,4,88.3,-1.3669146712354947,-0.1700214568102488,false
25,4,88.4,-1.3599752870156245,-0.17485595331752363,false
25,4,88.5,-1.353019142433493,-0.1795913142747825,false
25,4,88.6,-1.3460454329397238,-0.18422810934374403,false
25,4,88.7,-1.3390533221328322,-0.18876689648921716,false
25,4,88.8,-1.3320419400680445,-0.19320822176523023,false
25,4,88.9,-1.3250103814575647,-0.19755261908673474,false
25,4,89.0,-1.3179577037541401,-0.20180060998595709,false
25,4,89.1,-1.3108829251090812,-0.20595270335240154,false
25,4,89.2,-1.3037850221951197,-0.2100093951554301,false
25,4,89.3,-1.2966629278836546,-0.2139711681482605,false
25,4,89.4,-1.2895155287650089,-0.21783849155213253,false
25,4,89.5,-1.2823416624993067,-0.22161182071929328,false
25,4,89.6,-1.2751401149844637,-0.22529159677334268,false
25,4,89.7,-1.2679096173265538,-0.22887824622536246,false
25,4,89.8,-1.2606488425964628,-0.23237218056412196,false
25,4,89.9,-1.253356402355241,-0.23577379581851218,false
25,4,90.0,-1.2460308429289202,-0.2390834720902051,false
25,4,90.1,-1.2386706414117337,-0.24230157305436448,false
25,4,90.2,-1.2312742013746598,-0.24542844542604875,false
25,4,90.3,-1.2238398482539736,-0.24846441838974234,false
25,4,90.4,-1.2163658243920121,-0.251409802989227,false
25,4,90.5,-1.2088502836996091,-0.2542648914747579,false
25,4,90.6,-1.2012912859065963,-0.25702995660423844,false
25,4,90.7,-1.1936867903633686,-0.2597052508947879,false
25,4,90.8,-1.1860346493527278,-0.26229100582076637,false
25,4,90.9,-1.1783326008669976,-0.26478743095395796,false
25,4,91.0,-1.170578260800691,-0.2671947130412104,false
25,4,91.1,-1.1627691145037573,-0.2695130150143846,false
25,4,91.2,-1.1549025076345447,-0.27174247492697473,false
25,4,91.3,-1.1469756362450236,-0.2738832048112134,false
25,4,91.4,-1.1389855360234302,-0.27593528944887086,false
25,4,91.5,-1.1309290706111903,-0.2778987850482821,false
25,4,91.6,-1.1228029189016548,-0.27977371781938787,false
25,4,91.7,-1.1146035612176877,-0.28156008243774105,false
25,4,91.8,-1.1063272642533102,-0.28325784038749746,false
25,4,91.9,-1.0979700646512618,-0.28486691817237364,false
25,4,92.0,-1.089527751073247,-0.28638720538239076,false
25,4,92.1,-1.0809958446025731,-0.287818552602924,false
25,4,92.2,-1.072369577299538,-0.2891607691511196,false
25,4,92.3,-1.063643868707983,-0.29041362062310644,false
25,4,92.4,-1.054813300086485,-0.2915768262335893,false
25,4,92.5,-1.0458720861092878,-0.29265005592734455,false
25,4,92.6,-1.036814043749726,-0.2936329272398048,false
25,4,92.7,-1.0276325580219932,-0.2945250018812905,false
25,4,92.8,-1.0183205442149175,-0.2953257820164707,false
25,4,92.9,-1.0088704062031182,-0.296034706207269,false
25,4,93.0,-0.9992739903655657,-0.29665114498361705,false
25,4,93.1,-0.9895225345780068,-0.2971743960021233,false
25,4,93.2,-0.9796066116726438,-0.2976036787478023,false
25,4,93.3,-0.969516066674304,-0.29793812872839887,false
25,4,93.4,-0.9592399470252839,-0.2981767911044472,false
25,4,93.5,-0.9487664248989717,-0.2983186136908976,false
25,4,93.6,-0.9380827105727075,-0.2983624392577846,false
25,4,93.7,-0.9271749556801943,-0.29830699704783453,false
25,4,93.8,-0.9160281449896273,-0.29815089341791845,false
25,4,93.9,-0.9046259751514946,-0.29789260149862556,false
25,4,94.0,-0.8929507186248855,-0.2975304497516927,false
25,4,94.1,-0.8809830707175152,-0.297062609288265,false
25,4,94.2,-0.8687019773558935,-0.29648707979161626,false
25,4,94.3,-0.856084440830434,-0.2958016738655934,false
25,4,94.4,-0.8431053003268125,-0.29500399960416823,false
25,4,94.5,-0.8297369835491268,-0.29409144114748903,false
25,4,94.6,-0.8159492251504172,-0.2930611369550449,false
25,4,94.7,-0.8017087469982447,-0.29190995548618065,false
25,4,94.8,-0.7869788945019882,-0.2906344679313133,false
25,4,94.9,-0.7717192222974973,-0.2892309175827286,false
25,4,95.0,-0.7558850215057534,-0.2876951853705681,false
25,4,95.1,-0.739426779537015,-0.2860227510161697,false
25,4,95.2,-0.7222895619835006,-0.2842086491697778,false
25,4,95.3,-0.7044123045188002,-0.28224741980112544,false
25,4,95.4,-0.6857270008958003,-0.28013305199778427,false
25,4,95.5,-0.6661577711169319,-0.2778589201957645,false
25,4,95.6,-0.6456197916769284,-0.2754177117181421,false
25,4,95.7,-0.624018067528031,-0.27280134432951264,false
25,4,95.8,-0.6012460232391396,-0.2700008723268854,false
25,4,95.9,-0.5771838889720572,-0.26700637948310785,false
25,4,96.0,-0.5516968558091422,-0.26380685694201966,false
25,4,96.1,-0.5246329753304321,-0.26039006394525954,false
25,4,96.2,-0.49582078124934276,-0.2567423690669685,false
25,4,96.3,-0.46506661807468497,-0.2528485694750306,false
25,4,96.4,-0.4321516757758327,-0.24869168567566877,false
25,4,96.5,-0.39682875421681124,-0.24425272931108497,false
25,4,96.6,-0.35881882253812714,-0.23951044199001098,false
25,4,96.7,-0.3178075052425925,-0.23444100402550255,false
25,4,96.8,-0.27344173068255245,-0.2290177136129644,false
25,4,96.9,-0.22532693583585475,-0.22321063981465555,false
25,4,97.0,-0.17302545599290614,-0.2169862573115324,false
25,4,97.1,-0.11605706651508073,-0.21030707804995907,false
25,4,97.2,-0.0539031149226062,-0.20313130571554439,false
25,4,97.3,0.013983694480305925,-0.19541255470341357,false
25,4,97.4,0.08816103501188735,-0.18709969727650194,false
25,4,97.5,0.1691665590488771,-0.17813693185948237,false
25,4,97.6,0.25747106646143697,-0.1684642014589683,false
25,4,97.7,0.3534109524443408,-0.1580181303831846,false
25,4,97.8,0.45709715982779925,-0.14673368012216287,false
25,4,97.9,0.5683020644094554,-0.13454673248284163,false
25,4,98.0,0.6863338220662731,-0.12139775959046381,false
25,4,98.1,0.809919951979593,-0.10723659841961326,false
25,4,98.2,0.9371359036727934,-0.09202808309524178,false
25,4,98.3,1.0654233141674538,-0.07575791371570961,false
25,4,98.4,1.1917362183533986,-0.058437748919082266,false
25,4,98.5,1.3128233955435424,-0.04010828518144423,false
25,4,98.6,1.4256052982800222,-0.02083923911094688,false
25,4,98.7,1.5275565713284438,-0.0007257691048937302,false
25,4,98.8,1.6169901336236916,0.020118204883959143,false
25,4,98.9,1.6931709304720857,0.041568487760915665,false
25,4,99.0,1.756250611430315,0.06349923558968602,false
25,4,99.1,1.807072699312075,0.08579027236026068,false
25,4,99.2,1.8469237583364657,0.10833226112002627,false
25,4,99.3,1.8772971914424603,0.1310295727271101,false
25,4,99.4,1.8997088233371304,0.15380118776791676,false
25,4,99.5,1.9155756174313332,0.17658019108316017,false
25,4,99.6,1.9261505842454012,0.19931242569229352,false
25,4,99.7,1.9324992368865532,0.22195476267141082,false
25,4,99.8,1.9355025094905367,0.2444732999687265,false
25,4,99.9,1.9358740379068693,0.2668416748731733,false
25,4,100.0,1.9341834698640865,0.2890395799266444,false
33,1,0.0,-1.8633893588791945,0.9432517283983279,true
33,1,0.1,-1.89544272864903,0.9255172164439067,false
33,1,0.2,-1.919496813123561,0.9076567969126949,false
33,1,0.30000000000000004,-1.936988286851434,0.8897380169353477,false
33,1,0.4,-1.94918887726972,0.8718154825522532,false
33,1,0.5,-1.9571798455489053,0.853932609597479,false
33,1,0.6000000000000001,-1.9618542591546815,0.8361234570382327,false
33,1,0.7000000000000001,-1.9639344061985005,0.8184144483974491,false
33,1,0.8,-1.9639956125867923,0.8008258862964533,false
33,1,0.9,-1.9624911341049855,0.7833732296583147,false
33,1,1.0,-1.959775276510412,0.7660681400569517,false
33,1,1.1,-1.9561234974424415,0.7489193218006227,false
33,1,1.2,-1.9517491775511477,0.7319331868765473,false
33,1,1.3,-1.9468172356185773,0.715114376017503,false
33,1,1.4,-1.9414549772669583,0.6984661641787124,false
33,1,1.5,-1.9357606283382112,0.6819907745693758,false
33,1,1.6,-1.9298099871333114,0.6656896211093192,false
33,1,1.7000000000000002,-1.9236615783388782,0.6495634952763167,false
33,1,1.8,-1.9173606296725456,0.6336127099649408,false
33,1,1.9,-1.9109421321222306,0.6178372102225882,false
33,1,2.0,-1.9044331914150363,0.6022366585153094,false
33,1,2.1,-1.8978548336658434,0.5868105004283968,false
33,1,2.2,-1.891223391856262,0.5715580153424239,false
33,1,2.3,-1.8845515709314031,0.5564783555689014,false
33,1,2.4,-1.8778492666802362,0.5415705766159331,false
33,1,2.5,-1.8711241960097587,0.5268336606296959,false
33,1,2.6,-1.8643823826912347,0.5122665345793043,false
33,1,2.7,-1.857628532273865,0.49786808438685204,false
33,1,2.8,-1.8508663219184265,0.4836371659248318,false
33,1,2.9,-1.8440986248383624,0.4695726135893934,false
33,1,3.0,-1.8373276844089828,0.45567324699444006,false
33,1,3.1,-1.8305552494768953,0.44193787620643316,false
33,1,3.2,-1.8237826797102692,0.42836530584389904,false
33,1,3.3,-1.8170110277763003,0.414954338292069,false
33,1,3.4,-1.810241103563019,0.40170377622656495,false
33,1,3.5,-1.8034735244625497,0.3886124245965506,false
33,1,3.6,-1.7967087548140253,0.3756790921842476,false
33,1,3.7,-1.7899471368997706,0.36290259283183474,false
33,1,3.8,-1.7831889153472393,0.3502817464067319,false
33,1,3.9,-1.7764342563729847,0.33781537956076385,false
33,1,4.0,-1.7696832629842463,0.3255023263266606,false
33,1,4.1,-1.7629359870062413,0.31334142858599134,false
33,1,4.2,-1.75619243861189,0.30133153643533805,false
33,1,4.3,-1.749452593882505,0.2894715084718233,false
33,1,4.4,-1.7427164008129874,0.2777602120146579,false
33,1,4.5,-1.735983784085676,0.26619652327588755,false
33,1,4.6,-1.7292546488674143,0.25477932749078347,false
33,1,4.7,-1.7225288838300918,0.2435075190161707,false
33,1,4.8,-1.7158063635524734,0.232380001403294,false
33,1,4.9,-1.7090869504279202,0.2213956874504856,false
33,1,5.0,-1.7023704961765271,0.21055349923984198,false
33,1,5.1,-1.6956568430397276,0.19985236816128127,false
33,1,5.2,-1.688945824719288,0.1892912349266889,false
33,1,5.3,-1.682237267109895,0.17886904957633326,false
33,1,5.4,-1.6755309888644927,0.16858477147931336,false
33,1,5.5,-1.6688268018235548,0.15843736932946656,false
33,1,5.6,-1.6621245113331853,0.14842582113789876,false
33,1,5.7,-1.6554239164719027,0.13854911422308602,false
33,1,5.8,-1.6487248102019896,0.1288062451993271,false
33,1,5.9,-1.642026979458075,0.11919621996418982,false
33,1,6.0,-1.635330205183094,0.10971805368548607,false
33,1,6.1,-1.6286342623197043,0.10037077078822255,false
33,1,6.2,-1.6219389197636058,0.091153404941905,false
33,1,6.3,-1.6152439402838876,0.08206499904851831,false
33,1,6.4,-1.6085490804144478,0.07310460523146026,false
33,1,6.5,-1.6018540903196743,0.06427128482567199,false
33,1,6.6,-1.595158713636862,0.05556410836918041,false
33,1,6.7,-1.588462687297263,0.046982155596246473,false
33,1,6.8,-1.581765741327197,0.03852451543229623,false
33,1,6.9,-1.575067598630251,0.030190285990799707,false
33,1,7.0,-1.5683679747512678,0.02197857457225303,false
33,1,7.1,-1.5616665776225567,0.013888497665413117,false
33,1,7.2,-1.5549631072925116,0.005919180950930436,false
33,1,7.3,-1.5482572556366296,-0.0019302406924766782,false
33,1,7.4,-1.5415487060507438,-0.009660623179162617,false
33,1,7.5,-1.5348371331261264,-0.017272813204865435,false
33,1,7.6,-1.528122202305982,-0.024767648232040272,false
33,1,7.7,-1.521403569522711,-0.03214595647206411,false
33,1,7.8,-1.514680880815217,-0.039408556864155016,false
33,1,7.9,-1.5079537719254008,-0.04655625905084333,false
33,1,8.0,-1.5012218678728833,-0.053589863349825004,false
33,1,8.1,-1.4944847825068792,-0.06051016072201913,false
33,1,8.2,-1.4877421180340409,-0.0673179327356428,false
33,1,8.3,-1.480993464520968,-0.0740139515261062,false
33,1,8.4,-1.4742383993699737,-0.08059897975152026,false
33,1,8.5,-1.4674764867665662,-0.08707377054359658,false
33,1,8.6,-1.4607072770969851,-0.09343906745370689,false
33,1,8.7,-1.453930306333995,-0.09969560439385487,false
33,1,8.8,-1.4471450953889957,-0.10584410557229763,false
33,1,8.9,-1.4403511494283607,-0.11188528542353844,false
33,1,9.0,-1.4335479571517515,-0.1178198485323932,false
33,1,9.1,-1.426734990029981,-0.12364848955181505,false
33,1,9.2,-1.4199117014998155,-0.12937189311414013,false
33,1,9.3,-1.4130775261128996,-0.1349907337353951,false
33,1,9.4,-1.406231878635776,-0.14050567571228356,false
33,1,9.5,-1.399374153097732,-0.14591737301144123,false
33,1,9.6,-1.3925037217829546,-0.15122646915052299,false
33,1,9.7,-1.385619934163195,-0.15643359707065385,false
33,1,9.8,-1.3787221157668503,-0.16153937899974316,false
33,1,9.9,-1.3718095669800363,-0.1665444263061264,false
33,1,10.0,-1.3648815617748786,-0.17144933934196036,false
33,1,10.1,-1.3579373463598587,-0.1762547072757563,false
33,1,10.2,-1.3509761377466318,-0.18096110791339112,false
33,1,10.3,-1.3439971222272753,-0.185569107506888,false
33,1,10.4,-1.3369994537554257,-0.19007926055020544,false
33,1,10.5,-1.3299822522242142,-0.19449210956121704,false
33,1,10.6,-1.3229446016333108,-0.19880818484900245,false
33,1,10.7,-1.3158855481367362,-0.20302800426550294,false
33,1,10.8,-1.3088040979623747,-0.20715207294052243,false
33,1,10.9,-1.3016992151933446,-0.21118088299897547,false
33,1,11.0,-1.2945698194005069,-0.21511491325919752,false
33,1,11.1,-1.287414783114454,-0.2189546289110394,false
33,1,11.2,-1.2802329291242716,-0.22270048117236513,false
33,1,11.3,-1.2730230275892165,-0.226352906922461,false
33,1,11.4,-1.2657837929481972,-0.22991232831074213,false
33,1,11.5,-1.2585138806105372,-0.23337915233900958,false
33,1,11.6,-1.2512118834099726,-0.23675377041536538,false
33,1,11.7,-1.243876327802133,-0.240036557877734,false
33,1,11.8,-1.236505669783871,-0.24322787348476396,false
33,1,11.9,-1.2290982905107322,-0.2463280588716921,false
33,1,12.0,-1.221652491586549,-0.2493374379685431,false
33,1,12.1,-1.2141664899965883,-0.25225631637780577,false
33,1,12.2,-1.2066384126528422,-0.2550849807084743,false
33,1,12.3,-1.1990662905169056,-0.2578236978630633,false
33,1,12.4,-1.191448052262365,-0.2604727142738976,false
33,1,12.5,-1.1837815174347257,-0.26303225508463823,false
33,1,12.6,-1.1760643890625428,-0.26550252327263135,false
33,1,12.7,-1.1682942456685557,-0.2678836987072531,false
33,1,12.8,-1.1604685326241924,-0.2701759371389642,false
33,1,12.9,-1.1525845527847287,-0.2723793691132804,false
33,1,13.0,-1.1446394563355649,-0.274494098803303,false
33,1,13.1,-1.1366302297724473,-0.2765202027538262,false
33,1,13.2,-1.1285536839298718,-0.2784577285293467,false
33,1,13.3,-1.120406440962252,-0.28030669325752317,false
33,1,13.4,-1.1121849201715701,-0.2820670820587764,false
33,1,13.5,-1.1038853225629652,-0.28373884635175595,false
33,1,13.6,-1.095503613995887,-0.2853219020233285,false
33,1,13.7,-1.087035506782798,-0.28681612745054086,false
33,1,13.8,-1.0784764395697062,-0.28822136136066684,false
33,1,13.9,-1.0698215553127375,-0.2895374005139407,false
33,1,14.0,-1.0610656771421798,-0.2907639971918858,false
33,1,14.1,-1.0522032818795324,-0.29190085647224584,false
33,1,14.2,-1.0432284709436084,-0.2929476332693835,false
33,1,14.3,-1.0341349383481313,-0.2939039291165948,false
33,1,14.4,-1.0249159354548822,-0.29476928866406243,false
33,1,14.5,-1.0155642321025795,-0.29554319586308625,false
33,1,14.6,-1.0060720736814102,-0.2962250698037384,false
33,1,14.7,-0.9964311336655046,-0.2968142601691307,false
33,1,14.8,-0.9866324610494411,-0.2973100422649838,false
33,1,14.9,-0.976666422058717,-0.29771161157807374,false
33,1,15.0,-0.9665226354163902,-0.2980180778113021,false
33,1,15.1,-0.9561899003468752,-0.2982284583364866,false
33,1,15.2,-0.9456561163809238,-0.2983416709983707,false
33,1,15.3,-0.9349081938904945,-0.2983565261946523,false
33,1,15.4,-0.9239319541254161,-0.2982717181468618,false
33,1,15.5,-0.9127120173418316,-0.2980858152654742,false
33,1,15.6,-0.9012316774010741,-0.2977972494994765,false
33,1,15.7,-0.8894727609718484,-0.297404304545458,false
33,1,15.8,-0.877415469182451,-0.29690510277381094,false
33,1,15.9,-0.8650381992363441,-0.29629759070944606,false
33,1,16.0,-0.8523173431156136,-0.29557952288108824,false
33,1,16.1,-0.8392270600433179,-0.29474844382619486,false
33,1,16.2,-0.8257390188465858,-0.2938016680072225,false
33,1,16.3,-0.8118221057451221,-0.292736257358633,false
33,1,16.4,-0.7974420923703887,-0.29154899614184937,false
33,1,16.5,-0.7825612579833832,-0.29023636273637676,false
33,1,16.6,-0.7671379588864228,-0.28879449793838635,false
33,1,16.7,-0.7511261368984983,-0.28721916927195507,false
33,1,16.8,-0.7344747574665116,-0.2855057307414432,false
33,1,16.9,-0.7171271664997939,-0.2836490773646004,false
33,1,17.0,-0.6990203533313579,-0.2816435937232331,false
33,1,17.1,-0.6800841053248204,-0.27948309564990387,false
33,1,17.2,-0.6602400375770601,-0.2771607640334933,false
33,1,17.3,-0.6394004789598989,-0.27466906957216736,false
33,1,17.4,-0.6174671934955362,-0.27199968712861283,false
33,1,17.5,-0.5943299139457999,-0.2691433981498311,false
33,1,17.6,-0.5698646628154517,-0.26608997940493667,false
33,1,17.7,-0.5439318352202402,-0.26282807607549097,false
33,1,17.8,-0.5163740190451508,-0.25934505701588195,false
33,1,17.9,-0.48701353176494605,-0.2556268498072243,false
33,1,18.0,-0.4556496621468317,-0.2516577530925058,false
33,1,18.1,-0.4220556217451572,-0.2474202236603028,false
33,1,18.2,-0.3859752400521529,-0.24289463592930663,false
33,1,18.3,-0.3471194849317455,-0.238059012015183,false
33,1,18.4,-0.3051629660423383,-0.2328887216457891,false
33,1,18.5,-0.25974069681938594,-0.22735615314437305,false
33,1,18.6,-0.2104455686658164,-0.22143035998017005,false
33,1,18.7,-0.15682725317382937,-0.21507669263949983,false
33,1,18.8,-0.0983936227370902,-0.2082564336819105,false
33,1,18.9,-0.034616294532916564,-0.20092646595511363,false
33,1,19.0,0.03505742812218998,-0.1930390213879763,false
33,1,19.1,0.11118314629189889,-0.1845415818633691,false
33,1,19.2,0.19428461176579828,-0.17537703506518348,false
33,1,19.3,0.28480123434600824,-0.16548422574137192,false
33,1,19.4,0.38301380299261784,-0.15479908145473478,false
33,1,19.5,0.4889465406288413,-0.14325651957679306,false
33,1,19.6,0.6022488507789749,-0.13079333679957428,false
33,1,19.7,0.7220694855257563,-0.11735221052318474,false
33,1,19.8,0.8469490370425373,-0.10288676553242966,false
33,1,19.9,0.974770067990169,-0.08736735847921455,false
33,1,20.0,1.1028097823433731,-0.07078683919607034,false
33,1,20.1,1.2279272751331851,-0.05316518303982675,false
33,1,20.2,1.3468803497435837,-0.034551755283849295,false
33,1,20.3,1.4567148334529698,-0.015024259165147366,false
33,1,20.4,1.5551284613087695,0.005315842462038839,false
33,1,20.5,1.6407099493333597,0.026350699091257236,false
33,1,20.6,1.7129981228160724,0.04795477354996659,false
33,1,20.7,1.7723715813045657,0.07000321187257952,false
33,1,20.8,1.81983004091635,0.09237858564105608,false
33,1,20.9,1.8567433548123224,0.11497537729647445,false
33,1,21.0,1.8846278006934107,0.13770222237732296,false
33,1,21.1,1.9049800356170818,0.1604823371670904,false
33,1,21.2,1.9191735339043743,0.18325271155562398,false
33,1,21.3,1.9284073169586136,0.20596260939212077,false
33,1,21.4,1.9336916342657755,0.2285717913711452,false
33,1,21.5,1.9358561777145844,0.25104873295705504,false
33,1,21.6,1.9355698323904522,0.2733689905360568,false
33,1,21.7,1.9333646697610127,0.2955137843513889,false
33,1,21.8,1.929659899880518,0.31746881391394227,false
33,1,21.9,1.9247836007873838,0.33922329251980493,false
33,1,22.0,1.9189913581864662,0.3607691741595728,false
33,1,22.1,1.9124816930937716,0.3821005421238284,false
33,1,22.2,1.9054085290407494,0.40321312964737954,false
33,1,22.3,1.897891103105852,0.4241039462837435,false
33,1,22.4,1.8900217561524562,0.44477098780759583,false
33,1,22.5,1.8818720086179719,0.4652130114928226,false
33,1,22.6,1.8734972743843812,0.48542936223456545,false
33,1,22.7,1.8649405056421993,0.5054198380479002,false
33,1,22.8,1.856235005504489,0.5251845859824501,false
33,1,22.9,1.847406596257447,0.5447240214976493,false
33,1,23.0,1.8384752905026875,0.5640387659238942,false
33,1,23.1,1.8294565796218878,0.5831295978677556,false
33,1,23.2,1.8203624279753363,0.601997415374543,false
33,1,23.3,1.811202040884395,0.6206432063979545,false
33,1,23.4,1.8019824586529751,0.6390680256926964,false
33,1,23.5,1.792709016703273,0.6572729766804268,false
33,1,23.6,1.7833857025457727,0.675259197172524,false
33,1,23.7,1.7740154331355364,0.6930278480886011,false
33,1,23.8,1.7646002706822408,0.7105801045055974,false
33,1,23.9,1.7551415907872387,0.7279171485226601,false
33,1,24.0,1.7456402135732796,0.7450401635425947,false
33,1,24.1,1.7360965060179785,0.7619503296595924,false
33,1,24.2,1.726510461822097,0.778648819911472,false
33,1,24.3,1.7168817637018998,0.795136797207572,false
33,1,24.4,1.7072098318874962,0.8114154117843284,false
33,1,24.5,1.6974938617571151,0.8274857990722397,false
33,1,24.6,1.6877328528805637,0.843349077882494,false
33,1,24.7,1.6779256312378694,0.8590063488406094,false
33,1,24.8,1.6680708659864174,0.8744586930092842,false
33,1,24.9,1.6581670818451337,0.889707170654208,false
33,1,25.0,1.6482126679270923,0.9047528201155833,false
33,1,25.1,1.6382058836667912,0.9195966567551198,false
33,1,25.2,1.6281448623433195,0.9342396719537128,false
33,1,25.3,1.6180276125865547,0.9486828321392529,false
33,1,25.4,1.6078520181633587,0.9629270778272804,false
33,1,25.5,1.59761583626902,0.976973322659708,false
33,1,25.6,1.5873166944917354,0.990822452428733,false
33,1,25.7,1.576952086571432,1.0044753240744733,false
33,1,25.8,1.5665193670361948,1.017932764645877,false
33,1,25.9,1.5560157447679446,1.0311955702151463,false
33,1,26.0,1.5454382755222558,1.0442645047363341,false
33,1,26.1,1.5347838534040552,1.057140298838961,false
33,1,26.2,1.5240492012803804,1.069823648547488,false
33,1,26.3,1.513230860092574,1.0823152139172842,false
33,1,26.4,1.5023251770125887,1.0946156175773774,false
33,1,26.5,1.4913282923708318,1.1067254431697506,false
33,1,26.6,1.4802361252657417,1.1186452336742898,false
33,1,26.7,1.4690443577475363,1.130375489607653,false
33,1,26.8,1.457748417449885,1.141916667083355,false
33,1,26.9,1.4463434585232002,1.1532691757192008,false
33,1,27.0,1.4348243407013614,1.1644333763768675,false
33,1,27.1,1.4231856063095263,1.1754095787168892,false
33,1,27.2,1.4114214549937205,1.1861980385505473,false
33,1,27.3,1.3995257159226087,1.1967989549681453,false
33,1,27.4,1.3874918171775563,1.2072124672208688,false
33,1,27.5,1.375312752008126,1.2174386513308102,false
33,1,27.6,1.3629810415856514,1.2274775164007723,false
33,1,27.7,1.35048869383655,1.237329000592076,false
33,1,27.8,1.3378271578784562,1.2469929667347286,false
33,1,27.9,1.3249872735147339,1.2564691975299034,false
33,1,28.0,1.3119592151649437,1.2657573902996313,false
33,1,28.1,1.2987324295185267,1.2748571512328253,false
33,1,28.2,1.2852955660941576,1.283767989070133,false
33,1,28.3,1.271636399765326,1.2924893081624944,false
33,1,28.4,1.2577417441706311,1.3010204008295099,false
33,1,28.5,1.2435973547613492,1.3093604389336146,false
33,1,28.6,1.2291878200446535,1.317508464574368,false
33,1,28.7,1.2144964393531525,1.3254633797936355,false
33,1,28.8,1.1995050852038665,1.3332239351667483,false
33,1,28.9,1.1841940479947874,1.3407887171364803,false
33,1,29.0,1.1685418604156688,1.3481561339254329,false
33,1,29.1,1.1525250985107158,1.3553243998376208,false
33,1,29.2,1.136118155811255,1.3622915177310515,false
33,1,29.3,1.1192929863404235,1.3690552594091125,false
33,1,29.4,1.102018811560489,1.3756131436386883,false
33,1,29.5,1.084261785463829,1.3819624114560156,false
33,1,29.6,1.0659846109737214,1.388099998366003,false
33,1,29.7,1.0471460995886213,1.3940225029754996,false
33,1,29.8,1.0277006647353566,1.399726151523892,false
33,1,29.9,1.0075977375479919,1.4052067576831526,false
33,1,30.0,0.986781091708411,1.4104596768913724,false
33,1,30.1,0.9651880615135988,1.415479754355689,false
33,1,30.2,0.9427486344091703,1.4202612657086655,false
33,1,30.3,0.9193843957822183,1.4247978491222653,false
33,1,30.4,0.8950072997757049,1.429082427470755,false
33,1,30.5,0.8695182352228567,1.4331071188827973,false
33,1,30.6,0.8428053504895517,1.4368631337280233,false
33,1,30.7,0.8147420951110733,1.440340655739114,false
33,1,30.8,0.7851849297994249,1.4435287045724892,false
33,1,30.9,0.7539706500836258,1.4464149766574195,false
33,1,31.0,0.7209132633107208,1.448985660678316,false
33,1,31.1,0.6858003553905283,1.4512252234915155,false
33,1,31.2,0.6483888849513618,1.4531161617266197,false
33,1,31.3,0.608400352584896,1.45463871382308,false
33,1,31.4,0.5655153183343801,1.455770526913259,false
33,1,31.5,0.5193672923988139,1.4564862729702663,false
33,1,31.6,0.4695361194274632,1.4567572093045573,false
33,1,31.7,0.4155411425320927,1.4565506803263566,false
33,1,31.8,0.35683470972212605,1.455829561301169,false
33,1,31.9,0.29279703182144823,1.4545516518689563,false
33,1,32.0,0.22273409808005268,1.452669039260977,false
33,1,32.1,0.1458814042931471,1.450127471143947,false
33,1,32.2,0.061417748746334155,1.4468658094892817,false
33,1,32.3,-0.03150465602140734,1.4428156841333117,false
33,1,32.4,-0.13370518275251103,1.4379015316589383,false
33,1,32.5,-0.24588430380548815,1.432041292390691,false
33,1,32.6,-0.368486844206402,1.4251481365561471,false
33,1,32.7,-0.5015127908582487,1.4171336707876205,false
33,1,32.8,-0.6442831374215919,1.407913075521821,false
33,1,32.9,-0.7951948652282603,1.3974124404045958,false
33,1,33.0,-0.9515370829702479,1.3855780815396521,false
33,2,33.0,0.9895522877601498,1.337056712381783,true
33,2,33.1,0.9753606621335821,1.3426743696010968,false
33,2,33.2,0.9604059879010971,1.3481172710713765,false
33,2,33.3,0.9446547994142479,1.3533795545800782,false
33,2,33.4,0.9280679159513173,1.3584550683666716,false
33,2,33.5,0.9105998142611159,1.3633373180547792,false
33,2,33.6,0.8921978961919808,1.3680194077536252,false
33,2,33.7,0.8728016329744058,1.3724939743275157,false
33,2,33.8,0.8523415645736285,1.3767531136563917,false
33,2,33.9,0.8307381288441508,1.3807882975047991,false
33,2,34.0,0.8079002909752809,1.384590279376109,false
33,2,34.1,0.7837239389300211,1.388148987448645,false
33,2,34.2,0.7580900053405548,1.3914534023662009,false
33,2,34.3,0.7308622708599143,1.3944914172843192,false
33,2,34.4,0.7018847987411179,1.3972496771558565,false
33,2,34.5,0.6709789462692669,1.3997133937807593,false
33,2,34.6,0.6379398970891984,1.4018661326620572,false
33,2,34.7,0.6025326619531965,1.40368956723699,false
33,2,34.8,0.5644875080875995,1.4051631956527086,false
33,2,34.9,0.5234948059241714,1.4062640150420656,false
33,2,35.0,0.47919933698681905,1.4069661484158604,false
33,2,35.1,0.4311942048631346,1.4072404201342936,false
33,2,35.2,0.3790146578004663,1.4070538779507609,false
33,2,35.3,0.32213240427696105,1.4063692636166454,false
33,2,35.4,0.2599514357769758,1.4051444411890541,false
33,2,35.5,0.1918070360831416,1.4033318042558738,false
33,2,35.6,0.11697063976421854,1.4008777027654702,false
33,2,35.7,0.03466458286341523,1.3977219602669786,false
33,2,35.8,-0.05590742153891454,1.3937975968362837,false
33,2,35.9,-0.1555062354456428,1.3890309348086354,false
33,2,36.0,-0.2647702128823095,1.383342343193981,false
33,2,36.1,-0.38408583664393225,1.3766479627297163,false
33,2,36.2,-0.5134114914012121,1.368862819067887,false
33,2,36.3,-0.6520625598496451,1.3599057196837936,false
33,2,36.4,-0.7984899617098687,1.3497061512405661,false
33,2,36.5,-0.9501173502304524,1.3382129501383664,false
33,2,36.6,-1.1033308215615973,1.3254037791455249,false
33,2,36.7,-1.253711610365737,1.3112935683729594,false
33,2,36.8,-1.3965391079148262,1.2959395018244522,false
33,2,36.9,-1.5274737053333856,1.2794404125648868,false
33,2,37.0,-1.643217893145219,1.261929844108363,false
33,2,37.1,-1.7419354147351618,1.2435640694434411,false
33,2,37.2,-1.8233112885671696,1.2245079745640395,false
33,2,37.3,-1.8882929447161956,1.204922043539068,false
33,2,37.4,-1.9386611657413868,1.184952724080697,false
33,2,37.5,-1.9765910023629805,1.1647269487181444,false
33,2,37.6,-2.0043056929120757,1.144350344432601,false
33,2,37.7,-2.023856610900559,1.1239080522135059,false
33,2,37.8,-2.0370149452225847,1.1034670233531783,false
33,2,37.9,-2.045242129345279,1.0830789035714363,false
33,2,38.0,-2.049706379487929,1.0627829331979222,false
33,2,38.1,-2.0513209174503553,1.0426085599773554,false
33,2,38.2,-2.0507885339238623,1.0225776446006707,false
33,2,38.3,-2.048644225824589,1.0027062461943674,false
33,2,38.4,-2.0452922552618817,0.9830060279379542,false
33,2,38.5,-2.0410366167608243,0.9634853428037476,false
33,2,38.6,-2.0361052235696486,0.9441500614121022,false
33,2,38.7,-2.0306686720008043,0.9250041977454679,false
33,2,38.8,-2.0248545774692444,0.9060503793487726,false
33,2,38.9,-2.018758415111393,0.8872901993795989,false
33,2,39.0,-2.0124516615513177,0.8687244796437121,false
33,2,39.1,-2.005987883057372,0.8503534669329477,false
33,2,39.2,-1.9994072761738624,0.8321769795575835,false
33,2,39.3,-1.9927400496216523,0.8141945167587311,false
33,2,39.4,-1.98600894210258,0.7964053404786062,false
33,2,39.5,-1.9792310972754832,0.7788085365476154,false
33,2,39.6,-1.972419461091699,0.7614030605363891,false
33,2,39.7,-1.9655838243499477,0.7441877721717334,false
33,2,39.8,-1.958731601648136,0.7271614612131804,false
33,2,39.9,-1.9518684143245417,0.7103228669433933,false
33,2,40.0,-1.944998527483696,0.6936706928746179,false
33,2,40.1,-1.938125178247387,0.6772036178648585,false
33,2,40.2,-1.931250822788456,0.6609203045344453,false
33,2,40.3,-1.9243773226178733,0.6448194056486797,false
33,2,40.4,-1.9175060853520471,0.6288995689649899,false
33,2,40.5,-1.9106381713046512,0.6131594409185057,false
33,2,40.6,-1.9037743743690287,0.597597669427098,false
33,2,40.7,-1.8969152835206893,0.5822129060275545,false
33,2,40.8,-1.8900613296809634,0.5670038075026396,false
33,2,40.9,-1.883212821499983,0.5519690371198519,false
33,2,41.0,-1.8763699727346537,0.5371072655734365,false
33,2,41.1,-1.869532923237726,0.5224171716991844,false
33,2,41.2,-1.8627017550801621,0.5078974430149398,false
33,2,41.3,-1.8558765049584254,0.4935467761271701,false
33,2,41.4,-1.8490571737597556,0.47936387703444844,false
33,2,41.5,-1.8422437339486442,0.46534746135146976,false
33,2,41.6,-1.8354361352793582,0.4514962544717349,false
33,2,41.7,-1.8286343092195831,0.43780899168285003,false
33,2,41.8,-1.821838172379486,0.4242844182451918,false
33,2,41.9,-1.815047629171593,0.4109212894422443,false
33,2,42.0,-1.8082625738744236,0.3977183706090366,false
33,2,42.1,-1.8014828922328636,0.38467443714367094,false
33,2,42.2,-1.7947084626977114,0.37178827450582114,false
33,2,42.3,-1.787939157383458,0.3590586782052259,false
33,2,42.4,-1.7811748428054428,0.34648445378254045,false
33,2,42.5,-1.774415380443741,0.33406441678439847,false
33,2,42.6,-1.7676606271705366,0.3217973927341396,false
33,2,42.7,-1.7609104355695464,0.30968221709934823,false
33,2,42.8,-1.7541646541697362,0.29771773525711115,false
33,2,42.9,-1.7474231276106664,0.2859028024577125,false
33,2,43.0,-1.7406856967529976,0.2742362837873406,false
33,2,43.1,-1.733952198744732,0.2627170541302654,false
33,2,43.2,-1.727222467051451,0.2513439981308567,false
33,2,43.3,-1.7204963314570179,0.24011601015574385,false
33,2,43.4,-1.7137736180397876,0.22903199425636198,false
33,2,43.5,-1.7070541491282754,0.21809086413208828,false
33,2,43.6,-1.7003377432393492,0.2072915430941369,false
33,2,43.7,-1.6936242150013279,0.19663296403035588,false
33,2,43.8,-1.6869133750638263,0.18611406937104966,false
33,2,43.9,-1.680205029995746,0.17573381105593341,false
33,2,44.0,-1.6734989821724728,0.16549115050231522,false
33,2,44.1,-1.6667950296530607,0.15538505857459192,false
33,2,44.2,-1.6600929660479582,0.14541451555513818,false
33,2,44.3,-1.6533925803776544,0.13557851111666339,false
33,2,44.4,-1.6466936569224657,0.1258760442961077,false
33,2,44.5,-1.6399959750635726,0.11630612347014643,false
33,2,44.6,-1.6332993091153,0.1068677663323717,false
33,2,44.7,-1.6266034281485566,0.0975599998722188,false
33,2,44.8,-1.619908095805266,0.08838186035570691,false
33,2,44.9,-1.6132130701035616,0.07933239330806414,false
33,2,45.0,-1.6065181032334537,0.07041065349830908,false
33,2,45.1,-1.5998229413426248,0.06161570492586339,false
33,2,45.2,-1.5931273243119568,0.052946620809272885,false
33,2,45.3,-1.5864309855203451,0.04440248357711752,false
33,2,45.4,-1.5797336515983127,0.035982384861194955,false
33,2,45.5,-1.5730350421698789,0.02768542549206594,false
33,2,45.6,-1.5663348695821084,0.0195107154970546,false
33,2,45.7,-1.559632838621699,0.011457374100801226,false
33,2,45.8,-1.552928646217934,0.0035245297284709695,false
33,2,45.9,-1.5462219811312652,-0.00428867998827283,false
33,2,46.0,-1.5395125236267444,-0.011983108202415703,false
33,2,46.1,-1.5327999451314607,-0.019559598839737936,false
33,2,46.2,-1.5260839078750863,-0.027018986583830572,false
33,2,46.3,-1.5193640645125728,-0.03436209685784519,false
33,2,46.4,-1.5126400577279637,-0.04158974580283338,false
33,2,46.5,-1.505911519818231,-0.04870274025252261,false
33,2,46.6,-1.4991780722559567,-0.055701877704366305,false
33,2,46.7,-1.4924393252296069,-0.06258794628669581,false
33,2,46.8,-1.4856948771600524,-0.06936172472179135,false
33,2,46.9,-1.4789443141918999,-0.07602398228467762,false
33,2,47.0,-1.4721872096580957,-0.0825754787574376,false
33,2,47.1,-1.4654231235161552,-0.08901696437882482,false
33,2,47.2,-1.4586516017542532,-0.09534917978894063,false
33,2,47.3,-1.4518721757652862,-0.10157285596872778,false
33,2,47.4,-1.4450843616868767,-0.10768871417401547,false
33,2,47.5,-1.4382876597051497,-0.11369746586383389,false
33,2,47.6,-1.431481553319942,-0.11959981262269753,false
33,2,47.7,-1.4246655085689404,-0.12539644607653672,false
33,2,47.8,-1.4178389732080559,-0.13108804780193511,false
33,2,47.9,-1.4110013758451354,-0.1366752892283081,false
33,2,48.0,-1.4041521250238969,-0.14215883153263204,false
33,2,48.1,-1.3972906082547323,-0.14753932552630736,false
33,2,48.2,-1.3904161909887658,-0.1528174115337099,false
33,2,48.3,-1.383528215531274,-0.15799371926195369,false
33,2,48.4,-1.3766259998902657,-0.16306886766135464,false
33,2,48.5,-1.3697088365556886,-0.16804346477604865,false
33,2,48.6,-1.3627759912043684,-0.17291810758417803,false
33,2,48.7,-1.3558267013253866,-0.17769338182701824,false
33,2,48.8,-1.3488601747601776,-0.1823698618263707,false
33,2,48.9,-1.3418755881511504,-0.1869481102894979,false
33,2,49.0,-1.3348720852921283,-0.19142867810082373,false
33,2,49.1,-1.3278487753733397,-0.19581210409956262,false
33,2,49.2,-1.3208047311130726,-0.20009891484237885,false
33,2,49.3,-1.3137389867674412,-0.20428962435010814,false
33,2,49.4,-1.3066505360089622,-0.20838473383749884,false
33,2,49.5,-1.2995383296638447,-0.21238473142484932,false
33,2,49.6,-1.2924012732969923,-0.21629009183032938,false
33,2,49.7,-1.2852382246327527,-0.22010127604167712,false
33,2,49.8,-1.2780479907983702,-0.22381873096585825,false
33,2,49.9,-1.2708293253759122,-0.2274428890551596,false
33,2,50.0,-1.263580925247144,-0.23097416790806435,false
33,2,50.1,-1.2563014272143855,-0.23441296984311863,false
33,2,50.2,-1.2489894043788001,-0.237759681443851,false
33,2,50.3,-1.2416433622558103,-0.24101467307264154,false
33,2,50.4,-1.234261734605403,-0.24417829835125798,false
33,2,50.5,-1.2268428789529364,-0.24725089360558028,false
33,2,50.6,-1.2193850717736854,-0.250232777271818,false
33,2,50.7,-1.2118865033117248,-0.25312424926128774,false
33,2,50.8,-1.2043452720008208,-0.2559255902805575,false
33,2,50.9,-1.1967593784517427,-0.25863706110347534,false
33,2,51.0,-1.1891267189667842,-0.26125890179128486,false
33,2,51.1,-1.1814450785382453,-0.26379133085667883,false
33,2,51.2,-1.1737121232831205,-0.2662345443672566,false
33,2,51.3,-1.1659253922612078,-0.26858871498342324,false
33,2,51.4,-1.158082288618233,-0.27085399092529683,false
33,2,51.5,-1.15018006998928,-0.2730304948626643,false
33,2,51.6,-1.1422158380907725,-0.2751183227214477,false
33,2,51.7,-1.1341865274213276,-0.27711754239949493,false
33,2,51.8,-1.1260888929829067,-0.2790281923837929,false
33,2,51.9,-1.1179194969236907,-0.2808502802604013,false
33,2,52.0,-1.1096746939928248,-0.2825837811075154,false
33,2,52.1,-1.101350615684473,-0.28422863576107127,false
33,2,52.2,-1.0929431529342601,-0.28578474894119854,false
33,2,52.3,-1.084447937214948,-0.28725198722658113,false
33,2,52.4,-1.075860319859797,-0.28863017686239706,false
33,2,52.5,-1.067175349421218,-0.28991910138594557,false
33,2,52.6,-1.0583877468486347,-0.2911184990523176,false
33,2,52.7,-1.0494918782425438,-0.29222806004049323,false
33,2,52.8,-1.040481724911087,-0.29324742341802745,false
33,2,52.9,-1.0313508504204623,-0.2941761738399823,false
33,2,53.0,-1.0220923642905364,-0.29501383795493,false
33,2,53.1,-1.0126988819413023,-0.29575988048765345,false
33,2,53.2,-1.0031624804434436,-0.29641369996454126,false
33,2,53.3,-0.9934746495661728,-0.29697462404356084,false
33,2,53.4,-0.9836262375464412,-0.29744190440601653,false
33,2,53.5,-0.9736073909241374,-0.29781471116197855,false
33,2,53.6,-0.9634074876962849,-0.2980921267152044,false
33,2,53.7,-0.9530150629375059,-0.2982731390264502,false
33,2,53.8,-0.9424177259117881,-0.29835663420615366,false
33,2,53.9,-0.931602067559101,-0.2983413883584076,false
33,2,54.0,-0.9205535570764007,-0.29822605858774665,false
33,2,54.1,-0.9092564261221963,-0.2980091730683296,false
33,2,54.2,-0.8976935389526408,-0.29768912006136655,false
33,2,54.3,-0.8858462465397479,-0.2972641357508142,false
33,2,54.4,-0.8736942224226274,-0.29673229074910723,false
33,2,54.5,-0.8612152776933273,-0.29609147510360484,false
33,2,54.6,-0.8483851521114953,-0.2953393816100311,false
33,2,54.7,-0.8351772778668161,-0.294473487210934,false
33,2,54.8,-0.8215625119537056,-0.29349103222442813,false
33,2,54.9,-0.8075088324761012,-0.29238899711047067,false
33,2,55.0,-0.7929809934467391,-0.291164076437782,false
33,2,55.1,-0.7779401317688213,-0.28981264966324455,false
33,2,55.2,-0.7623433190708697,-0.28833074827605026,false
33,2,55.3,-0.7461430498895792,-0.2867140187897021,false
33,2,55.4,-0.7292866563428397,-0.28495768098473684,false
33,2,55.5,-0.7117156378906565,-0.2830564807121223,false
33,2,55.6,-0.6933648930364196,-0.2810046364599715,false
33,2,55.7,-0.674161837877701,-0.27879577876277833,false
33,2,55.8,-0.6540253942983038,-0.27642288139120674,false
33,2,55.9,-0.6328648283607159,-0.2738781831003253,false
33,2,56.0,-0.6105784172269433,-0.2711530985346401,false
33,2,56.1,-0.5870519209138569,-0.2682381166903578,false
33,2,56.2,-0.5621568337280133,-0.2651226851225438,false
33,2,56.3,-0.535748389897457,-0.26179507786489364,false
33,2,56.4,-0.50766329963672,-0.2582422448170266,false
33,2,56.5,-0.47771719707235977,-0.2544496401733075,false
33,2,56.6,-0.44570179231573187,-0.250401027359171,false
33,2,56.7,-0.4113817398309418,-0.24607825797143332,false
33,2,56.8,-0.37449126909829983,-0.2414610224910182,false
33,2,56.9,-0.33473067876334206,-0.23652657120796775,false
33,2,57.0,-0.29176288258758665,-0.23124940510797146,false
33,2,57.1,-0.24521032945814106,-0.2256009387696023,false
33,2,57.2,-0.19465282054271169,-0.21954914112174817,false
33,2,57.3,-0.13962703984153474,-0.21305816592645654,false
33,2,57.4,-0.07962902877019479,-0.20608799304524242,false
33,2,57.5,-0.014121396542065373,-0.1985941151288749,false
33,2,57.6,0.057452228296254265,-0.19052732370587616,false
33,2,57.7,0.13564218173777512,-0.18183367492833707,false
33,2,57.8,0.2209530997654282,-0.17245474874617878,false
33,2,57.9,0.3137851883400762,-0.1623283539461377,false
33,2,58.0,0.41435279239970035,-0.15138986848223848,false
33,2,58.1,0.5225795887979653,-0.1395744250245253,false
33,2,58.2,0.6379761416938843,-0.12682012995905584,false
33,2,58.3,0.7595162286326589,-0.1130724043584457,false
33,2,58.4,0.8855421655660407,-0.09828932216355288,false
33,2,58.5,1.0137414497772395,-0.08244748483963997,false
33,2,58.6,1.1412381208683215,-0.06554756962236628,false
33,2,58.7,1.26482213670191,-0.047618370321744735,false
33,2,58.8,1.3812966091799659,-0.028718129278368254,false
33,2,58.9,1.4878707718032451,-0.008932394696545824,false
33,2,59.0,1.5824952405155934,0.011631524481828935,false
33,2,59.1,1.6640493739383393,0.03285250969197371,false
33,2,59.2,1.7323449580923809,0.05460440141191189,false
33,2,59.3,1.7879751039265501,0.07676398431416828,false
33,2,59.4,1.8320780376444734,0.09921707862873211,false
33,2,59.5,1.8660893691491016,0.12186231884487084,false
33,2,59.6,1.891534014651474,0.14461278832341648,false
33,2,59.7,1.9098795150263859,0.16739600991623863,false
33,2,59.8,1.9224498182946241,0.19015287627230648,false
33,2,59.9,1.9303868834557396,0.212836028853265,false
33,2,60.0,1.934644589199497,0.2354080566310327,false
33,2,60.1,1.9360014339953262,0.25783974737623394,false
33,2,60.2,1.9350821894252133,0.28010851533392456,false
33,2,60.3,1.9323822197672795,0.30219705476969394,false
33,2,60.4,1.9282909164041697,0.32409222413880906,false
33,2,60.5,1.9231125378792027,0.34578414213062353,false
33,2,60.6,1.9170838649238824,0.36726546691183315,false
33,2,60.7,1.9103886928683054,0.3885308278095043,false
33,2,60.8,1.9031694772857133,0.40957638063818114,false
33,2,60.9,1.8955365559787722,0.43039946157724523,false
33,2,61.0,1.8875753782003057,0.4509983186548108,false
33,2,61.1,1.8793521326218843,0.47137190383923866,false
33,2,61.2,1.870918108533568,0.4915197121971099,false
33,2,61.3,1.8623130655264906,0.5114416574680211,false
33,2,61.4,1.8535678327315288,0.5311379757537141,false
33,2,61.5,1.8447063123017036,0.5506091508871639,false
33,2,61.6,1.8357470236470361,0.5698558565143582,false
33,2,61.7,1.8267042942896208,0.5888789110632243,false
33,2,61.8,1.8175891790257237,0.6076792426571639,false
33,2,61.9,1.8084101702158055,0.6262578617107876,false
33,2,62.0,1.7991737474187264,0.6446158394679561,false
33,2,62.1,1.7898848033399375,0.6627542911430891,false
33,2,62.2,1.7805469744327773,0.6806743626340392,false
33,2,62.3,1.771162897882583,0.6983772200104791,false
33,2,62.4,1.7617344116474056,0.715864041162532,false
33,2,62.5,1.7522627103628656,0.7331360091331908,false
33,2,62.6,1.7427484669614532,0.7501943067647864,false
33,2,62.7,1.7331919275931011,0.7670401123719227,false
33,2,62.8,1.7235929856995564,0.7836745962166336,false
33,2,62.9,1.713951239764476,0.8000989176104369,false
33,2,63.0,1.704266038238705,0.8163142225057956,false
33,2,63.1,1.6945365143531044,0.8323216414688144,false
33,2,63.2,1.6847616129242446,0.8481222879477514,false
33,2,63.3,1.6749401107890476,0.8637172567695988,false
33,2,63.4,1.665070632140955,0.8791076228107486,false
33,2,63.5,1.6551516597578462,0.8942944397984635,false
33,2,63.6,1.645181542892018,0.9092787392082208,false
33,2,63.7,1.635158502420688,0.9240615292284922,false
33,2,63.8,1.6250806337207098,0.938643793769571,false
33,2,63.9,1.614945907625029,0.9530264914969786,false
33,2,64.0,1.6047521697343456,0.9672105548729966,false
33,2,64.1,1.5944971382904558,0.9811968891921823,false
33,2,64.2,1.5841784007639241,0.9949863715984655,false
33,2,64.3,1.5737934092650567,1.008579850072706,false
33,2,64.4,1.5633394748512421,1.0219781423805032,false
33,2,64.5,1.5528137607737356,1.0351820349706535,false
33,2,64.6,1.5422132746814232,1.048192281814991,false
33,2,64.7,1.5315348597768323,1.061009603180478,false
33,2,64.8,1.5207751848997073,1.0736346843243407,false
33,2,64.9,1.5099307334950722,1.0860681741027938,false
33,2,65.0,1.4989977914051928,1.0983106834835061,false
33,2,65.1,1.4879724334076618,1.1103627839513834,false
33,2,65.2,1.4768505084044856,1.122225005796535,false
33,2,65.3,1.4656276231490586,1.13389783627242,false
33,2,65.4,1.4542991243788592,1.1453817176111296,false
33,2,65.5,1.4428600792011321,1.1566770448815573,false
33,2,65.6,1.431305253556306,1.1677841636748054,false
33,2,65.7,1.4196290885589329,1.1787033675995815,false
33,2,65.8,1.407825674488037,1.1894348955684955,false
33,2,65.9,1.3958887221673155,1.1999789288540788,false
33,2,66.0,1.383811531440007,1.2103355878909656,false
33,3,66.0,1.710250413477459,0.6207680871002204,true
33,3,66.1,1.7176034625226007,0.6383449147005108,false
33,3,66.2,1.722219280276017,0.6558473481695049,false
33,3,66.3,1.7245184024221698,0.6732528158949705,false
33,3,66.4,1.7248656975273835,0.6905425094009301,false
33,3,66.5,1.7235736796787975,0.7077008590940583,false
33,3,66.6,1.7209073559096708,0.7247150520816028,false
33,3,66.7,1.717089714738034,0.7415746014524716,false
33,3,66.8,1.7123072728806443,0.7582709696387031,false
33,3,66.9,1.706715330025892,0.7747972442377742,false
33,3,67.0,1.7004427452501034,0.7911478622777006,false
33,3,67.1,1.6935961573355867,0.8073183777626876,false
33,3,67.2,1.6862636391643842,0.8233052670000962,false
33,3,67.3,1.6785178157096066,0.839105766358129,false
33,3,67.4,1.6704184954067318,0.8547177375180475,false
33,3,67.5,1.6620148727845168,0.8701395558216014,false
33,3,67.6,1.6533473609916955,0.8853700178847971,false
33,3,67.7,1.6444491094975064,0.900408265201495,false
33,3,67.8,1.6353472568482295,0.9152537209672559,false
33,3,67.9,1.6260639622107111,0.9299060378034024,false
33,3,68.0,1.6166172532788943,0.9443650544506886,false
33,3,68.1,1.6070217223686354,0.9586307598337637,false
33,3,68.2,1.5972890973723453,0.9727032631769145,false
33,3,68.3,1.5874287097515198,0.9865827690845992,false
33,3,68.4,1.5774478779012888,1.000269556693419,false
33,3,68.5,1.5673522209772277,1.0137639621614623,false
33,3,68.6,1.5571459155639762,1.0270663638918418,false
33,3,68.7,1.5468319053162722,1.0401771699944933,false
33,3,68.8,1.5364120718468035,1.05309680757801,false
33,3,68.9,1.5258873736087755,1.0658257135348936,false
33,3,69.0,1.5152579582687282,1.0783643265419807,false
33,3,69.1,1.5045232530390416,1.0907130800453586,false
33,3,69.2,1.493682036599195,1.1028723960377576,false
33,3,69.3,1.4827324955462402,1.1148426794678126,false
33,3,69.4,1.471672267749862,1.1266243131460445,false
33,3,69.5,1.4604984745225635,1.1382176530329713,false
33,3,69.6,1.4492077431317156,1.149623023811295,false
33,3,69.7,1.4377962208617006,1.1608407146573196,false
33,3,69.8,1.426259581568222,1.1718709751371943,false
33,3,69.9,1.4145930254423795,1.1827140111616967,false
33,3,70.0,1.402791272510554,1.1933699809394387,false
33,3,70.1,1.3908485502301648,1.2038389908728553,false
33,3,70.2,1.3787585753948723,1.2141210913443659,false
33,3,70.3,1.3665145304305562,1.22421627234182,false
33,3,70.4,1.3541090340409245,1.2341244588728937,false
33,3,70.5,1.341534106044925,1.2438455061175557,false
33,3,70.6,1.3287811261335982,1.253379194266122,false
33,3,70.7,1.3158407861582602,1.2627252229877768,false
33,3,70.8,1.3027030354416023,1.2718832054707379,false
33,3,70.9,1.2893570184751155,1.280852661970437,false
33,3,71.0,1.275791004226691,1.2896330127960807,false
33,3,71.1,1.2619923061275622,1.2982235706586633,false
33,3,71.2,1.2479471916337461,1.3066235322947501,false
33,3,71.3,1.233640780059103,1.3148319692699615,false
33,3,71.4,1.2190569271496272,1.3228478178538325,false
33,3,71.5,1.2041780946052576,1.3306698678433115,false
33,3,71.6,1.1889852024489052,1.3382967501952456,false
33,3,71.7,1.1734574617837001,1.3457269233083755,false
33,3,71.8,1.1575721850581218,1.3529586577721062,false
33,3,71.9,1.1413045704621452,1.3599900193720467,false
33,3,72.0,1.12462745649076,1.3668188501102765,false
33,3,72.1,1.1075110420161987,1.3734427469606492,false
33,3,72.2,1.0899225663854024,1.379859038035104,false
33,3,72.3,1.0718259430789172,1.3860647557847119,false
33,3,72.4,1.0531813393009604,1.3920566067974907,false
33,3,72.5,1.0339446924815445,1.3978309376821036,false
33,3,72.6,1.0140671530177918,1.403383696440271,false
33,3,72.7,0.9934944406135223,1.4087103886284948,false
33,3,72.8,0.9721660992376562,1.4138060274885358,false
33,3,72.9,0.95001463295049,1.4186650770824303,false
33,3,73.0,0.9269645015762343,1.4232813872975956,false
33,3,73.1,0.9029309513649724,1.4276481193860568,false
33,3,73.2,0.8778186513323935,1.4317576604638311,false
33,3,73.3,0.8515201008632998,1.4356015251164473,false
33,3,73.4,0.8239137684431057,1.4391702419289174,false
33,3,73.5,0.7948619151735119,1.4424532223783753,false
33,3,73.6,0.7642080503535815,1.4454386090922733,false
33,3,73.7,0.7317739605038673,1.4481130999859668,false
33,3,73.8,0.6973562489510069,1.4504617442603083,false
33,3,73.9,0.660722322522935,1.4524677056864397,false
33,3,74.0,0.6216057685026317,1.4541119880799172,false
33,3,74.1,0.5797010844976119,1.4553731174592757,false
33,3,74.2,0.5346577656335049,1.4562267752520752,false
33,3,74.3,0.4860738323515664,1.4566453773193067,false
33,3,74.4,0.43348902134725886,1.4565975949520942,false
33,3,74.5,0.3763780973421674,1.4560478170511515,false
33,3,74.6,0.31414512687485224,1.4549555585220408,false
33,3,74.7,0.2461201608069166,1.4532748301681346,false
33,3,74.8,0.17156069503098276,1.450953502463557,false
33,3,74.9,0.08966162342950555,1.4479327228811383,false
33,3,75.0,-0.00042076632036809614,1.4441464881044774,false
33,3,75.1,-0.09952294762185501,1.4395215327141104,false
33,3,75.2,-0.20839641860982672,1.4339777768983493,false
33,3,75.3,-0.3275870095953759,1.4274296723512878,false
33,3,75.4,-0.4572627979248195,1.419788876490529,false
33,3,75.5,-0.5969924010256176,1.4109687200320684,false
33,3,75.6,-0.7454975977140748,1.4008908219682732,false
33,3,75.7,-0.9004393238200146,1.3894938310234153,false
33,3,75.8,-1.058334128084393,1.3767435513911506,false
33,3,75.9,-1.2147118933900698,1.3626427302897377,false
33,3,76.0,-1.3645784657947415,1.347237940396632,false
33,3,76.1,-1.503126651390748,1.3306209306616272,false
33,3,76.2,-1.6264974222628819,1.3129230264886185,false
33,3,76.3,-1.732332162983346,1.2943033660981298,false
33,3,76.4,-1.8199402654963135,1.2749338548267692,false
33,3,76.5,-1.8900838042214918,1.2549845210204513,false
33,3,76.6,-1.9445290079792472,1.2346121689567455,false
33,3,76.7,-1.985552794134961,1.2139535641553938,false
33,3,76.8,-2.0155379286839934,1.1931228550378865,false
33,3,76.9,-2.036707875882581,1.1722120942404148,false
33,3,77.0,-2.0509916068518956,1.1512935681983507,false
33,3,77.1,-2.059982192191073,1.1304228877448474,false
33,3,77.2,-2.064951125847744,1.1096421535100605,false
33,3,77.3,-2.066889282347359,1.0889828266044852,false
33,3,77.4,-2.0665560723961787,1.0684681547804982,false
33,3,77.5,-2.0645268370433567,1.0481151332148153,false
33,3,77.6,-2.0612340706076178,1.0279360429230147,false
33,3,77.7,-2.05700122975077,1.007939633878503,false
33,3,77.8,-2.0520694653517757,0.9881320226274002,false
33,3,77.9,-2.046618260838855,0.9685173671092697,false
33,3,78.0,-2.040781115739898,0.9490983709508609,false
33,3,78.1,-2.0346573389248883,0.9298766589117945,false
33,3,78.2,-2.028320855224046,0.9108530558045399,false
33,3,78.3,-2.0218267528383684,0.8920277935035006,false
33,3,78.4,-2.0152161384090648,0.8734006645645842,false
33,3,78.5,-2.0085197324358446,0.8549711362818466,false
33,3,78.6,-2.0017605308626663,0.8367384354506594,false
33,3,78.7,-1.9949557759920804,0.8187016114412174,false
33,3,78.8,-1.9881184171519912,0.8008595832030025,false
33,3,78.9,-1.9812581945044907,0.7832111743521318,false
33,3,79.0,-1.9743824444092533,0.7657551394088811,false
33,3,79.1,-1.9674966988788762,0.748490183452829,false
33,3,79.2,-1.9606051325836777,0.731414976873551,false
33,3,79.3,-1.9537108968198467,0.7145281664602117,false
33,3,79.4,-1.9468163695262988,0.6978283837528322,false
33,3,79.5,-1.9399233428396434,0.6813142513412672,false
33,3,79.6,-1.9330331640875753,0.6649843876228777,false
33,3,79.7,-1.9261468420047445,0.6488374104002366,false
33,3,79.8,-1.9192651269199386,0.6328719396040245,false
33,3,79.9,-1.9123885714220785,0.6170865993547904,false
33,3,80.0,-1.9055175763547774,0.6014800195240222,false
33,3,80.1,-1.8986524257609323,0.5860508369152598,false
33,3,80.2,-1.8917933134871148,0.5707976961562903,false
33,3,80.3,-1.8849403634794923,0.5557192503712252,false
33,3,80.4,-1.8780936452977803,0.5408141616845624,false
33,3,80.5,-1.8712531859965207,0.5260811015967756,false
33,3,80.6,-1.8644189792407753,0.5115187512615057,false
33,3,80.7,-1.8575909923117782,0.4971258016872806,false
33,3,80.8,-1.8507691714991794,0.48290095388127163,false
33,3,80.9,-1.8439534462569074,0.4688429189484935,false
33,3,81.0,-1.8371437324094553,0.45495041815673054,false
33,3,81.1,-1.8303399346272196,0.4412221829750968,false
33,3,81.2,-1.8235419483378825,0.4276569550923229,false
33,3,81.3,-1.8167496612016378,0.41425348641947496,false
33,3,81.4,-1.8099629542482685,0.4010105390807487,false
33,3,81.5,-1.8031817027513788,0.3879268853951641,false
33,3,81.6,-1.7964057768977473,0.37500130785136043,false
33,3,81.7,-1.7896350422965048,0.36223259907720484,false
33,3,81.8,-1.7828693603626808,0.349619561805557,false
33,3,81.9,-1.7761085886018406,0.33716100883724004,false
33,3,82.0,-1.7693525808165393,0.3248557630020473,false
33,3,82.1,-1.7626011872506697,0.312702657118438,false
33,3,82.2,-1.7558542546842055,0.3007005339524413,false
33,3,82.3,-1.749111626488064,0.2888482461761832,false
33,3,82.4,-1.7423731426466578,0.27714465632636787,false
33,3,82.5,-1.7356386397540275,0.2655886367629814,false
33,3,82.6,-1.7289079509881486,0.25417906962843795,false
33,3,82.7,-1.7221809060669735,0.24291484680734643,false
33,3,82.8,-1.7154573311889774,0.2317948698870486,false
33,3,82.9,-1.7087370489603453,0.22081805011905387,false
33,3,83.0,-1.70201987831044,0.20998330838147947,false
33,3,83.1,-1.6953056343968014,0.19928957514258955,false
33,3,83.2,-1.6885941285006114,0.18873579042551697,false
33,3,83.3,-1.6818851679133158,0.17832090377424287,false
33,3,83.4,-1.6751785558148842,0.1680438742209037,false
33,3,83.5,-1.6684740911440412,0.15790367025449084,false
33,3,83.6,-1.661771568460656,0.1478992697910055,false
33,3,83.7,-1.655070777800378,0.13802966014512932,false
33,3,83.8,-1.64837150452151,0.12829383800347066,false
33,3,83.9,-1.6416735291440383,0.11869080939944672,false
33,3,84.0,-1.634976627180668,0.10921958968986184,false
33,3,84.1,-1.628280568959658,0.09987920353324375,false
33,3,84.2,-1.6215851194391953,0.09066868487000122,false
33,3,84.3,-1.614890038013004,0.08158707690446867,false
33,3,84.4,-1.608195078306839,0.07263343208890585,false
33,3,84.5,-1.6014999879654714,0.06380681210952355,false
33,3,84.6,-1.5948045084297353,0.0551062878746095,false
33,3,84.7,-1.588108374703163,0.04653093950483256,false
33,3,84.8,-1.5814113151076974,0.0380798563258066,false
33,3,84.9,-1.5747130510279272,0.029752136863000433,false
33,3,85.0,-1.5680132966432534,0.021546888839084448,false
33,3,85.1,-1.5613117586473457,0.01346322917380935,false
33,3,85.2,-1.554608135954211,0.005500283986518419,false
33,3,85.3,-1.547902119390136,-0.0023428113986003214,false
33,3,85.4,-1.541193391370734,-0.010066912444408887,false
33,3,85.5,-1.5344816255622495,-0.01767286538974177,false
33,3,85.6,-1.5277664865262404,-0.025161507235229492,false
33,3,85.7,-1.5210476293466832,-0.03253366572588918,false
33,3,85.8,-1.5143246992384856,-0.03979015933034036,false
33,3,85.9,-1.5075973311363204,-0.04693179721649522,false
33,3,86.0,-1.5008651492626295,-0.053959379223563635,false
33,3,86.1,-1.4941277666735506,-0.0608736958302033,false
33,3,86.2,-1.4873847847814519,-0.06767552811863509,false
33,3,86.3,-1.4806357928526541,-0.07436564773453222,false
33,3,86.4,-1.4738803674788308,-0.08094481684247994,false
33,3,86.5,-1.4671180720204626,-0.08741378807678962,false
33,3,86.6,-1.460348456020614,-0.09377330448743734,false
33,3,86.7,-1.45357105458717,-0.10002409948088213,false
33,3,86.8,-1.4467853877415457,-0.10616689675550334,false
33,3,86.9,-1.4399909597317242,-0.11220241023137971,false
33,3,87.0,-1.4331872583073357,-0.11813134397411396,false
33,3,87.1,-1.4263737539543127,-0.12395439211238775,false
33,3,87.2,-1.4195498990864737,-0.12967223874891037,false
33,3,87.3,-1.412715127191195,-0.1352855578644018,false
33,3,87.4,-1.4058688519261078,-0.14079501321422655,false
33,3,87.5,-1.399010466163528,-0.14620125821726856,false
33,3,87.6,-1.3921393409790754,-0.1515049358366086,false
33,3,87.7,-1.3852548245806564,-0.15670667845153533,false
33,3,87.8,-1.3783562411736905,-0.16180710772038878,false
33,3,87.9,-1.3714428897581337,-0.1668068344336982,false
33,3,88.0,-1.3645140428524953,-0.1717064583570392,false
33,3,88.1,-1.3575689451396609,-0.17650656806299234,false
33,3,88.2,-1.3506068120289079,-0.18120774075154125,false
33,3,88.3,-1.3436268281280461,-0.18581054205819933,false
33,3,88.4,-1.3366281456191071,-0.1903155258491013,false
33,3,88.5,-1.3296098825304596,-0.19472323400223904,false
33,3,88.6,-1.322571120897627,-0.19903419617395868,false
33,3,88.7,-1.315510904804424,-0.20324892954976928,false
33,3,88.8,-1.3084282382953087,-0.2073679385784397,false
33,3,88.9,-1.3013220831490548,-0.21139171468828075,false
33,3,89.0,-1.2941913565029821,-0.21532073598442403,false
33,3,89.1,-1.2870349283160276,-0.21915546692581328,false
33,3,89.2,-1.279851618657893,-0.2228963579805225,false
33,3,89.3,-1.2726401948103483,-0.22654384525790244,false
33,3,89.4,-1.2653993681655025,-0.2300983501159349,false
33,3,89.5,-1.258127790904448,-0.23356027874204058,false
33,3,89.6,-1.2508240524381409,-0.23693002170543995,false
33,3,89.7,-1.24348667559067,-0.24020795347900678,false
33,3,89.8,-1.2361141125031763,-0.24339443192837845,false
33,3,89.9,-1.2287047402345983,-0.24648979776589464,false
33,3,90.0,-1.2212568560330956,-0.24949437396672564,false
33,3,90.1,-1.2137686722494374,-0.252408465144319,false
33,3,90.2,-1.2062383108607901,-0.2552323568820386,false
33,3,90.3,-1.198663797570163,-0.25796631501758877,false
33,3,90.4,-1.1910430554432496,-0.2606105848765085,false
33,3,90.5,-1.1833738980404631,-0.2631653904506771,false
33,3,90.6,-1.1756540219975924,-0.26563093351739797,false
33,3,90.7,-1.167880999003604,-0.26800739269420987,false
33,3,90.8,-1.1600522671186504,-0.2702949224241138,false
33,3,90.9,-1.1521651213692252,-0.27249365188539404,false
33,3,91.0,-1.14421670355055,-0.2746036838196446,false
33,3,91.1,-1.136203991158585,-0.2766250932709851,false
33,3,91.2,-1.1281237853654185,-0.2785579262287493,false
33,3,91.3,-1.1199726979420745,-0.28040219816515455,false
33,3,91.4,-1.1117471370218421,-0.28215789245859085,false
33,3,91.5,-1.1034432915848909,-0.2838249586922044,false
33,3,91.6,-1.0950571145310182,-0.2854033108163685,false
33,3,91.7,-1.0865843041916283,-0.2868928251624283,false
33,3,91.8,-1.0780202841142226,-0.2882933382937532,false
33,3,91.9,-1.069360180932475,-0.2896046446786137,false
33,3,92.0,-1.060598800112037,-0.2908264941676973,false
33,3,92.1,-1.0517305993361312,-0.2919585892571629,false
33,3,92.2,-1.0427496592653178,-0.29300058211597735,false
33,3,92.3,-1.0336496513719582,-0.2939520713538473,false
33,3,92.4,-1.02442380251126,-0.29481259850331465,false
33,3,92.5,-1.0150648558465836,-0.2955816441864795,false
33,3,92.6,-1.005565027696076,-0.2962586239333014,false
33,3,92.7,-0.9959159598096372,-0.296842883614441,false
33,3,92.8,-0.986108666518538,-0.2973336944470787,false
33,3,92.9,-0.976133476123278,-0.29773024752699373,false
33,3,93.0,-0.9659799657968856,-0.29803164783432107,false
33,3,93.1,-0.9556368891788595,-0.2982369076537042,false
33,3,93.2,-0.9450920957170995,-0.2983449393419107,false
33,3,93.3,-0.9343324406787891,-0.2983545473672163,false
33,3,93.4,-0.9233436845931621,-0.2982644195348201,false
33,3,93.5,-0.9121103807057184,-0.29807311730102287,false
33,3,93.6,-0.9006157488104304,-0.2977790650656405,false
33,3,93.7,-0.888841533578721,-0.2973805383168538,false
33,3,93.8,-0.8767678452155305,-0.29687565048508585,false
33,3,93.9,-0.8643729799366502,-0.2962623383421573,false
33,3,94.0,-0.8516332173695397,-0.29553834575845,false
33,3,94.1,-0.8385225915225902,-0.2947012056035769,false
33,3,94.2,-0.8250126314343184,-0.29374821954448965,false
33,3,94.3,-0.8110720669917224,-0.2926764354583362,false
33,3,94.4,-0.7966664946818066,-0.2914826221348615,false
33,3,94.5,-0.7817579971962104,-0.29016324089375994,false
33,3,94.6,-0.7663047098287021,-0.28871441368501755,false
33,3,94.7,-0.75026032547082,-0.2871318871736508,false
33,3,94.8,-0.7335735287041242,-0.28541099223293415,false
33,3,94.9,-0.716187347992288,-0.28354659818062483,false
33,3,95.0,-0.6980384132816073,-0.28153306098915326,false
33,3,95.1,-0.6790561044236093,-0.2793641645815086,false
33,3,95.2,-0.6591615737557607,-0.27703305418795393,false
33,3,95.3,-0.6382666239643219,-0.2745321605833981,false
33,3,95.4,-0.6162724201066471,-0.2718531138505458,false
33,3,95.5,-0.5930680125696917,-0.2689866451204216,false
33,3,95.6,-0.5685286460964146,-0.2659224745322903,false
33,3,95.7,-0.5425138293304408,-0.26264918343581894,false
33,3,95.8,-0.5148651404254077,-0.25915406864189205,false
33,3,95.9,-0.4854037484160768,-0.2554229763365067,false
33,3,96.0,-0.45392763922703416,-0.25144011314087045,false
33,3,96.1,-0.420208552408187,-0.24718783178869033,false
33,3,96.2,-0.38398866445066165,-0.2426463890908,false
33,3,96.3,-0.34497710353122596,-0.23779367440992122,false
33,3,96.4,-0.3028464584487516,-0.23260490798996597,false
33,3,96.5,-0.25722956506196765,-0.22705231049522018,false
33,3,96.6,-0.2077170354245031,-0.22110474848098235,false
33,3,96.7,-0.15385626220751167,-0.21472736589792563,false
33,3,96.8,-0.09515301230689989,-0.2078812200249253,false
33,3,96.9,-0.031077246184436094,-0.20052295258235425,false
33,3,97.0,0.03892452350405605,-0.19260454454459797,false
33,3,97.1,0.1154072191171702,-0.18407322763314823,false
33,3,97.2,0.19889161666084587,-0.17487165724304038,false
33,3,97.3,0.28981079093825757,-0.16493848933433977,false
33,3,97.4,0.38843459918831147,-0.15420954224894726,false
33,3,97.5,0.49477051194739413,-0.14261975099816793,false
33,3,97.6,0.6084445362775752,-0.13010611348679096,false
33,3,97.7,0.728575577508613,-0.11661175162691945,false
33,3,97.8,0.8536698976026345,-0.102091027964025,false
33,3,97.9,0.9815755684162423,-0.08651535116213896,false
33,3,98.0,1.1095416922884629,-0.06987890780663787,false
33,3,98.1,1.2344130708358652,-0.05220319986717923,false
33,3,98.2,1.3529527605843152,-0.033539152384528904,false
33,3,98.3,1.4622327180602084,-0.013965871839311444,false
33,3,98.4,1.5599933511893265,0.006414106722420848,false
33,3,98.5,1.6448738896127384,0.027482303189520926,false
33,3,98.6,1.7164617014176276,0.04911301640562897,false
33,3,98.7,1.775174387232051,0.07118163514874462,false
33,3,98.8,1.8220375407771514,0.09357127038704814,false
33,3,98.9,1.8584339569315504,0.11617711655276967,false
33,3,99.0,1.8858824739259896,0.13890858448770244,false
33,4,99.0,-0.6838078574737383,-0.21409578436478638,true
33,4,99.1,-0.6709003827555248,-0.21231861709797423,false
33,4,99.2,-0.6573902113234313,-0.21043343853389632,false
33,4,99.3,-0.6432287532041353,-0.2084352971368081,false
33,4,99.4,-0.6283620787265106,-0.2063188082758794,false
33,4,99.5,-0.6127302400353143,-0.2040781054114453,false
33,4,99.6,-0.5962664962678531,-0.20170678498802758,false
33,4,99.7,-0.5788964284213821,-0.1991978441343747,false
33,4,99.8,-0.5605369282750481,-0.19654361014166605,false
33,4,99.9,-0.5410950441193425,-0.19373566054775807,false
33,4,100.0,-0.5204666646652232,-0.19076473249925163,false
50,1,0.0,-1.8633893588791945,0.9432517283983279,true
50,1,0.1,-1.89544272864903,0.9255172164439067,false
50,1,0.2,-1.919496813123561,0.9076567969126949,false
50,1,0.30000000000000004,-1.936988286851434,0.8897380169353477,false
50,1,0.4,-1.94918887726972,0.8718154825522532,false
50,1,0.5,-1.9571798455489053,0.853932609597479,false
50,1,0.6000000000000001,-1.9618542591546815,0.8361234570382327,false
50,1,0.7000000000000001,-1.9639344061985005,0.8184144483974491,false
50,1,0.8,-1.9639956125867923,0.8008258862964533,false
50,1,0.9,-1.9624911341049855,0.7833732296583147,false
50,1,1.0,-1.959775276510412,0.7660681400569517,false
50,1,1.1,-1.9561234974424415,0.7489193218006227,false
50,1,1.2,-1.9517491775511477,0.7319331868765473,false
50,1,1.3,-1.9468172356185773,0.715114376017503,false
50,1,1.4,-1.9414549772669583,0.6984661641787124,false
50,1,1.5,-1.9357606283382112,0.6819907745693758,false
50,1,1.6,-1.9298099871333114,0.6656896211093192,false
50,1,1.7000000000000002,-1.9236615783388782,0.6495634952763167,false
50,1,1.8,-1.9173606296725456,0.6336127099649408,false
50,1,1.9,-1.9109421321222306,0.6178372102225882,false
50,1,2.0,-1.9044331914150363,0.6022366585153094,false
50,1,2.1,-1.8978548336658434,0.5868105004283968,false
50,1,2.2,-1.891223391856262,0.5715580153424239,false
50,1,2.3,-1.8845515709314031,0.5564783555689014,false
50,1,2.4,-1.8778492666802362,0.5415705766159331,false
50,1,2.5,-1.8711241960097587,0.5268336606296959,false
50,1,2.6,-1.8643823826912347,0.5122665345793043,false
50,1,2.7,-1.857628532273865,0.49786808438685204,false
50,1,2.8,-1.8508663219184265,0.4836371659248318,false
50,1,2.9,-1.8440986248383624,0.4695726135893934,false
50,1,3.0,-1.8373276844089828,0.45567324699444006,false
50,1,3.1,-1.8305552494768953,0.44193787620643316,false
50,1,3.2,-1.8237826797102692,0.42836530584389904,false
50,1,3.3,-1.8170110277763003,0.414954338292069,false
50,1,3.4,-1.810241103563019,0.40170377622656495,false
50,1,3.5,-1.8034735244625497,0.3886124245965506,false
50,1,3.6,-1.7967087548140253,0.3756790921842476,false
50,1,3.7,-1.7899471368997706,0.36290259283183474,false
50,1,3.8,-1.7831889153472393,0.3502817464067319,false
50,1,3.9,-1.7764342563729847,0.33781537956076385,false
50,1,4.0,-1.7696832629842463,0.3255023263266606,false
50,1,4.1,-1.7629359870062413,0.31334142858599134,false
50,1,4.2,-1.75619243861189,0.30133153643533805,false
50,1,4.3,-1.749452593882505,0.2894715084718233,false
50,1,4.4,-1.7427164008129874,0.2777602120146579,false
50,1,4.5,-1.735983784085676,0.26619652327588755,false
50,1,4.6,-1.7292546488674143,0.25477932749078347,false
50,1,4.7,-1.7225288838300918,0.2435075190161707,false
50,1,4.8,-1.7158063635524734,0.232380001403294,false
50,1,4.9,-1.7090869504279202,0.2213956874504856,false
50,1,5.0,-1.7023704961765271,0.21055349923984198,false
50,1,5.1,-1.6956568430397276,0.19985236816128127,false
50,1,5.2,-1.688945824719288,0.1892912349266889,false
50,1,5.3,-1.682237267109895,0.17886904957633326,false
50,1,5.4,-1.6755309888644927,0.16858477147931336,false
50,1,5.5,-1.6688268018235548,0.15843736932946656,false
50,1,5.6,-1.6621245113331853,0.14842582113789876,false
50,1,5.7,-1.6554239164719027,0.13854911422308602,false
50,1,5.8,-1.6487248102019896,0.1288062451993271,false
50,1,5.9,-1.642026979458075,0.11919621996418982,false
50,1,6.0,-1.635330205183094,0.10971805368548607,false
50,1,6.1,-1.6286342623197043,0.10037077078822255,false
50,1,6.2,-1.6219389197636058,0.091153404941905,false
50,1,6.3,-1.6152439402838876,0.08206499904851831,false
50,1,6.4,-1.6085490804144478,0.07310460523146026,false
50,1,6.5,-1.6018540903196743,0.06427128482567199,false
50,1,6.6,-1.595158713636862,0.05556410836918041,false
50,1,6.7,-1.588462687297263,0.046982155596246473,false
50,1,6.8,-1.581765741327197,0.03852451543229623,false
50,1,6.9,-1.575067598630251,0.030190285990799707,false
50,1,7.0,-1.5683679747512678,0.02197857457225303,false
50,1,7.1,-1.5616665776225567,0.013888497665413117,false
50,1,7.2,-1.5549631072925116,0.005919180950930436,false
50,1,7.3,-1.5482572556366296,-0.0019302406924766782,false
50,1,7.4,-1.5415487060507438,-0.009660623179162617,false
50,1,7.5,-1.5348371331261264,-0.017272813204865435,false
50,1,7.6,-1.528122202305982,-0.024767648232040272,false
50,1,7.7,-1.521403569522711,-0.03214595647206411,false
50,1,7.8,-1.514680880815217,-0.039408556864155016,false
50,1,7.9,-1.5079537719254008,-0.04655625905084333,false
50,1,8.0,-1.5012218678728833,-0.053589863349825004,false
50,1,8.1,-1.4944847825068792,-0.06051016072201913,false
50,1,8.2,-1.4877421180340409,-0.0673179327356428,false
50,1,8.3,-1.480993464520968,-0.0740139515261062,false
50,1,8.4,-1.4742383993699737,-0.08059897975152026,false
50,1,8.5,-1.4674764867665662,-0.08707377054359658,false
50,1,8.6,-1.4607072770969851,-0.09343906745370689,false
50,1,8.7,-1.453930306333995,-0.09969560439385487,false
50,1,8.8,-1.4471450953889957,-0.10584410557229763,false
50,1,8.9,-1.4403511494283607,-0.11188528542353844,false
50,1,9.0,-1.4335479571517515,-0.1178198485323932,false
50,1,9.1,-1.426734990029981,-0.12364848955181505,false
50,1,9.2,-1.4199117014998155,-0.12937189311414013,false
50,1,9.3,-1.4130775261128996,-0.1349907337353951,false
50,1,9.4,-1.406231878635776,-0.14050567571228356,false
50,1,9.5,-1.399374153097732,-0.14591737301144123,false
50,1,9.6,-1.3925037217829546,-0.15122646915052299,false
50,1,9.7,-1.385619934163195,-0.15643359707065385,false
50,1,9.8,-1.3787221157668503,-0.16153937899974316,false
50,1,9.9,-1.3718095669800363,-0.1665444263061264,false
50,1,10.0,-1.3648815617748786,-0.17144933934196036,false
50,1,10.1,-1.3579373463598587,-0.1762547072757563,false
50,1,10.2,-1.3509761377466318,-0.18096110791339112,false
50,1,10.3,-1.3439971222272753,-0.185569107506888,false
50,1,10.4,-1.3369994537554257,-0.19007926055020544,false
50,1,10.5,-1.3299822522242142,-0.19449210956121704,false
50,1,10.6,-1.3229446016333108,-0.19880818484900245,false
50,1,10.7,-1.3158855481367362,-0.20302800426550294,false
50,1,10.8,-1.3088040979623747,-0.20715207294052243,false
50,1,10.9,-1.3016992151933446,-0.21118088299897547,false
50,1,11.0,-1.2945698194005069,-0.21511491325919752,false
50,1,11.1,-1.287414783114454,-0.2189546289110394,false
50,1,11.2,-1.2802329291242716,-0.22270048117236513,false
50,1,11.3,-1.2730230275892165,-0.226352906922461,false
50,1,11.4,-1.2657837929481972,-0.22991232831074213,false
50,1,11.5,-1.2585138806105372,-0.23337915233900958,false
50,1,11.6,-1.2512118834099726,-0.23675377041536538,false
50,1,11.7,-1.243876327802133,-0.240036557877734,false
50,1,11.8,-1.236505669783871,-0.24322787348476396,false
50,1,11.9,-1.2290982905107322,-0.2463280588716921,false
50,1,12.0,-1.221652491586549,-0.2493374379685431,false
50,1,12.1,-1.2141664899965883,-0.25225631637780577,false
50,1,12.2,-1.2066384126528422,-0.2550849807084743,false
50,1,12.3,-1.1990662905169056,-0.2578236978630633,false
50,1,12.4,-1.191448052262365,-0.2604727142738976,false
50,1,12.5,-1.1837815174347257,-0.26303225508463823,false
50,1,12.6,-1.1760643890625428,-0.26550252327263135,false
50,1,12.7,-1.1682942456685557,-0.2678836987072531,false
50,1,12.8,-1.1604685326241924,-0.2701759371389642,false
50,1,12.9,-1.1525845527847287,-0.2723793691132804,false
50,1,13.0,-1.1446394563355649,-0.274494098803303,false
50,1,13.1,-1.1366302297724473,-0.2765202027538262,false
50,1,13.2,-1.1285536839298718,-0.2784577285293467,false
50,1,13.3,-1.120406440962252,-0.28030669325752317,false
50,1,13.4,-1.1121849201715701,-0.2820670820587764,false
50,1,13.5,-1.1038853225629652,-0.28373884635175595,false
50,1,13.6,-1.095503613995887,-0.2853219020233285,false
50,1,13.7,-1.087035506782798,-0.28681612745054086,false
50,1,13.8,-1.0784764395697062,-0.28822136136066684,false
50,1,13.9,-1.0698215553127375,-0.2895374005139407,false
50,1,14.0,-1.0610656771421798,-0.2907639971918858,false
50,1,14.1,-1.0522032818795324,-0.29190085647224584,false
50,1,14.2,-1.0432284709436084,-0.2929476332693835,false
50,1,14.3,-1.0341349383481313,-0.2939039291165948,false
50,1,14.4,-1.0249159354548822,-0.29476928866406243,false
50,1,14.5,-1.0155642321025795,-0.29554319586308625,false
50,1,14.6,-1.0060720736814102,-0.2962250698037384,false
50,1,14.7,-0.9964311336655046,-0.2968142601691307,false
50,1,14.8,-0.9866324610494411,-0.2973100422649838,false
50,1,14.9,-0.976666422058717,-0.29771161157807374,false
50,1,15.0,-0.9665226354163902,-0.2980180778113021,false
50,1,15.1,-0.9561899003468752,-0.2982284583364866,false
50,1,15.2,-0.9456561163809238,-0.2983416709983707,false
50,1,15.3,-0.9349081938904945,-0.2983565261946523,false
50,1,15.4,-0.9239319541254161,-0.2982717181468618,false
50,1,15.5,-0.9127120173418316,-0.2980858152654742,false
50,1,15.6,-0.9012316774010741,-0.2977972494994765,false
50,1,15.7,-0.8894727609718484,-0.297404304545458,false
50,1,15.8,-0.877415469182451,-0.29690510277381094,false
50,1,15.9,-0.8650381992363441,-0.29629759070944606,false
50,1,16.0,-0.8523173431156136,-0.29557952288108824,false
50,1,16.1,-0.8392270600433179,-0.29474844382619486,false
50,1,16.2,-0.8257390188465858,-0.2938016680072225,false
50,1,16.3,-0.8118221057451221,-0.292736257358633,false
50,1,16.4,-0.7974420923703887,-0.29154899614184937,false
50,1,16.5,-0.7825612579833832,-0.29023636273637676,false
50,1,16.6,-0.7671379588864228,-0.28879449793838635,false
50,1,16.7,-0.7511261368984983,-0.28721916927195507,false
50,1,16.8,-0.7344747574665116,-0.2855057307414432,false
50,1,16.9,-0.7171271664997939,-0.2836490773646004,false
50,1,17.0,-0.6990203533313579,-0.2816435937232331,false
50,1,17.1,-0.6800841053248204,-0.27948309564990387,false
50,1,17.2,-0.6602400375770601,-0.2771607640334933,false
50,1,17.3,-0.6394004789598989,-0.27466906957216736,false
50,1,17.4,-0.6174671934955362,-0.27199968712861283,false
50,1,17.5,-0.5943299139457999,-0.2691433981498311,false
50,1,17.6,-0.5698646628154517,-0.26608997940493667,false
50,1,17.7,-0.5439318352202402,-0.26282807607549097,false
50,1,17.8,-0.5163740190451508,-0.25934505701588195,false
50,1,17.9,-0.48701353176494605,-0.2556268498072243,false
50,1,18.0,-0.4556496621468317,-0.2516577530925058,false
50,1,18.1,-0.4220556217451572,-0.2474202236603028,false
50,1,18.2,-0.3859752400521529,-0.24289463592930663,false
50,1,18.3,-0.3471194849317455,-0.238059012015183,false
50,1,18.4,-0.3051629660423383,-0.2328887216457891,false
50,1,18.5,-0.25974069681938594,-0.22735615314437305,false
50,1,18.6,-0.2104455686658164,-0.22143035998017005,false
50,1,18.7,-0.15682725317382937,-0.21507669263949983,false
50,1,18.8,-0.0983936227370902,-0.2082564336819105,false
50,1,18.9,-0.034616294532916564,-0.20092646595511363,false
50,1,19.0,0.03505742812218998,-0.1930390213879763,false
50,1,19.1,0.11118314629189889,-0.1845415818633691,false
50,1,19.2,0.19428461176579828,-0.17537703506518348,false
50,1,19.3,0.28480123434600824,-0.16548422574137192,false
50,1,19.4,0.38301380299261784,-0.15479908145473478,false
50,1,19.5,0.4889465406288413,-0.14325651957679306,false
50,1,19.6,0.6022488507789749,-0.13079333679957428,false
50,1,19.7,0.7220694855257563,-0.11735221052318474,false
50,1,19.8,0.8469490370425373,-0.10288676553242966,false
50,1,19.9,0.974770067990169,-0.08736735847921455,false
50,1,20.0,1.1028097823433731,-0.07078683919607034,false
50,1,20.1,1.2279272751331851,-0.05316518303982675,false
50,1,20.2,1.3468803497435837,-0.034551755283849295,false
50,1,20.3,1.4567148334529698,-0.015024259165147366,false
50,1,20.4,1.5551284613087695,0.005315842462038839,false
50,1,20.5,1.6407099493333597,0.026350699091257236,false
50,1,20.6,1.7129981228160724,0.04795477354996659,false
50,1,20.7,1.7723715813045657,0.07000321187257952,false
50,1,20.8,1.81983004091635,0.09237858564105608,false
50,1,20.9,1.8567433548123224,0.11497537729647445,false
50,1,21.0,1.8846278006934107,0.13770222237732296,false
50,1,21.1,1.9049800356170818,0.1604823371670904,false
50,1,21.2,1.9191735339043743,0.18325271155562398,false
50,1,21.3,1.9284073169586136,0.20596260939212077,false
50,1,21.4,1.9336916342657755,0.2285717913711452,false
50,1,21.5,1.9358561777145844,0.25104873295705504,false
50,1,21.6,1.9355698323904522,0.2733689905360568,false
50,1,21.7,1.9333646697610127,0.2955137843513889,false
50,1,21.8,1.929659899880518,0.31746881391394227,false
50,1,21.9,1.9247836007873838,0.33922329251980493,false
50,1,22.0,1.9189913581864662,0.3607691741595728,false
50,1,22.1,1.9124816930937716,0.3821005421238284,false
50,1,22.2,1.9054085290407494,0.40321312964737954,false
50,1,22.3,1.897891103105852,0.4241039462837435,false
50,1,22.4,1.8900217561524562,0.44477098780759583,false
50,1,22.5,1.8818720086179719,0.4652130114928226,false
50,1,22.6,1.8734972743843812,0.48542936223456545,false
50,1,22.7,1.8649405056421993,0.5054198380479002,false
50,1,22.8,1.856235005504489,0.5251845859824501,false
50,1,22.9,1.847406596257447,0.5447240214976493,false
50,1,23.0,1.8384752905026875,0.5640387659238942,false
50,1,23.1,1.8294565796218878,0.5831295978677556,false
50,1,23.2,1.8203624279753363,0.601997415374543,false
50,1,23.3,1.811202040884395,0.6206432063979545,false
50,1,23.4,1.8019824586529751,0.6390680256926964,false
50,1,23.5,1.792709016703273,0.6572729766804268,false
50,1,23.6,1.7833857025457727,0.675259197172524,false
50,1,23.7,1.7740154331355364,0.6930278480886011,false
50,1,23.8,1.7646002706822408,0.7105801045055974,false
50,1,23.9,1.7551415907872387,0.7279171485226601,false
50,1,24.0,1.7456402135732796,0.7450401635425947,false
50,1,24.1,1.7360965060179785,0.7619503296595924,false
50,1,24.2,1.726510461822097,0.778648819911472,false
50,1,24.3,1.7168817637018998,0.795136797207572,false
50,1,24.4,1.7072098318874962,0.8114154117843284,false
50,1,24.5,1.6974938617571151,0.8274857990722397,false
50,1,24.6,1.6877328528805637,0.843349077882494,false
50,1,24.7,1.6779256312378694,0.8590063488406094,false
50,1,24.8,1.6680708659864174,0.8744586930092842,false
50,1,24.9,1.6581670818451337,0.889707170654208,false
50,1,25.0,1.6482126679270923,0.9047528201155833,false
50,1,25.1,1.6382058836667912,0.9195966567551198,false
50,1,25.2,1.6281448623433195,0.9342396719537128,false
50,1,25.3,1.6180276125865547,0.9486828321392529,false
50,1,25.4,1.6078520181633587,0.9629270778272804,false
50,1,25.5,1.59761583626902,0.976973322659708,false
50,1,25.6,1.5873166944917354,0.990822452428733,false
50,1,25.7,1.576952086571432,1.0044753240744733,false
50,1,25.8,1.5665193670361948,1.017932764645877,false
50,1,25.9,1.5560157447679446,1.0311955702151463,false
50,1,26.0,1.5454382755222558,1.0442645047363341,false
50,1,26.1,1.5347838534040552,1.057140298838961,false
50,1,26.2,1.5240492012803804,1.069823648547488,false
50,1,26.3,1.513230860092574,1.0823152139172842,false
50,1,26.4,1.5023251770125887,1.0946156175773774,false
50,1,26.5,1.4913282923708318,1.1067254431697506,false
50,1,26.6,1.4802361252657417,1.1186452336742898,false
50,1,26.7,1.4690443577475363,1.130375489607653,false
50,1,26.8,1.457748417449885,1.141916667083355,false
50,1,26.9,1.4463434585232002,1.1532691757192008,false
50,1,27.0,1.4348243407013614,1.1644333763768675,false
50,1,27.1,1.4231856063095263,1.1754095787168892,false
50,1,27.2,1.4114214549937205,1.1861980385505473,false
50,1,27.3,1.3995257159226087,1.1967989549681453,false
50,1,27.4,1.3874918171775563,1.2072124672208688,false
50,1,27.5,1.375312752008126,1.2174386513308102,false
50,1,27.6,1.3629810415856514,1.2274775164007723,false
50,1,27.7,1.35048869383655,1.237329000592076,false
50,1,27.8,1.3378271578784562,1.2469929667347286,false
50,1,27.9,1.3249872735147339,1.2564691975299034,false
50,1,28.0,1.3119592151649437,1.2657573902996313,false
50,1,28.1,1.2987324295185267,1.2748571512328253,false
50,1,28.2,1.2852955660941576,1.283767989070133,false
50,1,28.3,1.271636399765326,1.2924893081624944,false
50,1,28.4,1.2577417441706311,1.3010204008295099,false
50,1,28.5,1.2435973547613492,1.3093604389336146,false
50,1,28.6,1.2291878200446535,1.317508464574368,false
50,1,28.7,1.2144964393531525,1.3254633797936355,false
50,1,28.8,1.1995050852038665,1.3332239351667483,false
50,1,28.9,1.1841940479947874,1.3407887171364803,false
50,1,29.0,1.1685418604156688,1.3481561339254329,false
50,1,29.1,1.1525250985107158,1.3553243998376208,false
50,1,29.2,1.136118155811255,1.3622915177310515,false
50,1,29.3,1.1192929863404235,1.3690552594091125,false
50,1,29.4,1.102018811560489,1.3756131436386883,false
50,1,29.5,1.084261785463829,1.3819624114560156,false
50,1,29.6,1.0659846109737214,1.388099998366003,false
50,1,29.7,1.0471460995886213,1.3940225029754996,false
50,1,29.8,1.0277006647353566,1.399726151523892,false
50,1,29.9,1.0075977375479919,1.4052067576831526,false
50,1,30.0,0.986781091708411,1.4104596768913724,false
50,1,30.1,0.9651880615135988,1.415479754355689,false
50,1,30.2,0.9427486344091703,1.4202612657086655,false
50,1,30.3,0.9193843957822183,1.4247978491222653,false
50,1,30.4,0.8950072997757049,1.429082427470755,false
50,1,30.5,0.8695182352228567,1.4331071188827973,false
50,1,30.6,0.8428053504895517,1.4368631337280233,false
50,1,30.7,0.8147420951110733,1.440340655739114,false
50,1,30.8,0.7851849297994249,1.4435287045724892,false
50,1,30.9,0.7539706500836258,1.4464149766574195,false
50,1,31.0,0.7209132633107208,1.448985660678316,false
50,1,31.1,0.6858003553905283,1.4512252234915155,false
50,1,31.2,0.6483888849513618,1.4531161617266197,false
50,1,31.3,0.608400352584896,1.45463871382308,false
50,1,31.4,0.5655153183343801,1.455770526913259,false
50,1,31.5,0.5193672923988139,1.4564862729702663,false
50,1,31.6,0.4695361194274632,1.4567572093045573,false
50,1,31.7,0.4155411425320927,1.4565506803263566,false
50,1,31.8,0.35683470972212605,1.455829561301169,false
50,1,31.9,0.29279703182144823,1.4545516518689563,false
50,1,32.0,0.22273409808005268,1.452669039260977,false
50,1,32.1,0.1458814042931471,1.450127471143947,false
50,1,32.2,0.061417748746334155,1.4468658094892817,false
50,1,32.3,-0.03150465602140734,1.4428156841333117,false
50,1,32.4,-0.13370518275251103,1.4379015316589383,false
50,1,32.5,-0.24588430380548815,1.432041292390691,false
50,1,32.6,-0.368486844206402,1.4251481365561471,false
50,1,32.7,-0.5015127908582487,1.4171336707876205,false
50,1,32.8,-0.6442831374215919,1.407913075521821,false
50,1,32.9,-0.7951948652282603,1.3974124404045958,false
50,1,33.0,-0.9515370829702479,1.3855780815396521,false
50,1,33.1,-1.1094743316336184,1.372386796598365,false
50,1,33.2,-1.264300776468095,1.3578550176405069,false
50,1,33.3,-1.4109969724051894,1.342044156349035,false
50,1,33.4,-1.5449845488085758,1.3250597610182002,false
50,1,33.5,-1.6628470633703096,1.3070437129713335,false
50,1,33.6,-1.7627689895717273,1.288161007699433,false
50,1,33.7,-1.8445699558991997,1.2685844433381634,false
50,1,33.8,-1.9093929747607594,1.24848080036199,false
50,1,33.9,-1.9592219481680029,1.2280009136722694,false
50,1,34.0,-1.9964063122689368,1.2072743214265882,false
50,1,34.1,-2.0232995370679796,1.1864078364899722,false
50,1,34.2,-2.0420391349596088,1.165486789702638,false
50,1,34.3,-2.0544463181061468,1.144577704494727,false
50,1,34.4,-2.062006530580313,1.123731470303079,false
50,1,34.5,-2.0658950780055263,1.1029864404649268,false
50,1,34.6,-2.0670223048113243,1.082371167433877,false
50,1,34.7,-2.066082951703826,1.0619066762104836,false
50,1,34.8,-2.06360184172803,1.041608281677136,false
50,1,34.9,-2.0599727354458417,1.0214870039896073,false
50,1,35.0,-2.055489763511264,1.001550651648527,false
50,1,35.1,-2.0503720602831055,0.9818046404324836,false
50,1,35.2,-2.044782670923214,0.9622526076833676,false
50,1,35.3,-2.0388428631618556,0.9428968707016321,false
50,1,35.4,-2.0326428611189566,0.9237387677281634,false
50,1,35.5,-2.0262498473621546,0.9047789111506406,false
50,1,35.6,-2.019713906051381,0.8860173754042788,false
50,1,35.7,-2.013072427467538,0.8674538364245132,false
50,1,35.8,-2.0063533690663204,0.8490876752119473,false
50,1,35.9,-1.9995776696108407,0.8309180548273074,false
50,1,36.0,-1.992761037220981,0.8129439777107863,false
50,1,36.1,-1.9859152749723759,0.7951643284203597,false
50,1,36.2,-1.9790492649208504,0.7775779055522356,false
50,1,36.3,-1.9721696996943754,0.760183445623928,false
50,1,36.4,-1.9652816273481422,0.7429796409759883,false
50,1,36.5,-1.9583888579019575,0.7259651532144881,false
50,1,36.6,-1.951494267267632,0.7091386233226677,false
50,1,36.7,-1.9446000249260271,0.6924986792796776,false
50,1,36.8,-1.9377077648379133,0.676043941809729,false
50,1,36.9,-1.9308187140125146,0.6597730287262142,false
50,1,37.0,-1.9239337894294843,0.6436845582177011,false
50,1,37.1,-1.917053671259816,0.6277771513353904,false
50,1,37.2,-1.9101788582993067,0.6120494338766731,false
50,1,37.3,-1.903309710024498,0.5965000378110438,false
50,1,37.4,-1.8964464785662825,0.5811276023584937,false
50,1,37.5,-1.889589333068397,0.5659307748034875,false
50,1,37.6,-1.8827383782819258,0.5509082111073641,false
50,1,37.7,-1.875893668787524,0.5360585763667873,false
50,1,37.8,-1.8690552198938843,0.5213805451544141,false
50,1,37.9,-1.8622230160040367,0.5068728017693105,false
50,1,38.0,-1.8553970170483365,0.49253404041811055,false
50,1,38.1,-1.848577163438137,0.478362965342971,false
50,1,38.2,-1.8417633798850264,0.46435829090861425,false
50,1,38.3,-1.8349555783481615,0.450518741657901,false
50,1,38.4,-1.8281536603099433,0.43684305234319476,false
50,1,38.5,-1.82135751853309,0.4233299679391179,false
50,1,38.6,-1.8145670384163128,0.4099782436410292,false
50,1,38.7,-1.8077820990385427,0.3967866448525746,false
50,1,38.8,-1.8010025739608462,0.3837539471649162,false
50,1,38.9,-1.7942283318392949,0.3708789363296656,false
50,1,39.0,-1.7874592368898903,0.3581604082271052,false
50,1,39.1,-1.7806951492373082,0.345597168830934,false
50,1,39.2,-1.7739359251720692,0.33318803417051335,false
50,1,39.3,-1.7671814173352078,0.32093183029137673,false
50,1,39.4,-1.7604314748452567,0.30882739321461156,false
50,1,39.5,-1.7536859433790624,0.2968735688955943,false
50,1,39.6,-1.7469446652153955,0.28506921318246425,false
50,1,39.7,-1.7402074792483346,0.2734131917746452,false
50,1,39.8,-1.7334742209758551,0.2619043801816662,false
50,1,39.9,-1.7267447224678523,0.25054166368248626,false
50,1,40.0,-1.7200188123168796,0.2393239372854917,false
50,1,40.1,-1.7132963155741527,0.22825010568930768,false
50,1,40.2,-1.7065770536727756,0.2173190832445438,false
50,1,40.3,-1.6998608443396963,0.2065297939165766,false
50,1,40.4,-1.6931475014975306,0.19588117124945925,false
50,1,40.5,-1.6864368351571004,0.1853721583310389,false
50,1,40.6,-1.6797286513013086,0.17500170775935509,false
50,1,40.7,-1.6730227517607774,0.16476878161038697,false
50,1,40.8,-1.6663189340815334,0.15467235140721367,false
50,1,40.9,-1.659616991384892,0.14471139809064948,false
50,1,41.0,-1.6529167122195942,0.13488491199141428,false
50,1,41.1,-1.646217880406168,0.12519189280389895,false
50,1,41.2,-1.6395202748734012,0.11563134956158602,false
50,1,41.3,-1.6328236694867626,0.10620230061418613,false
50,1,41.4,-1.6261278328685431,0.09690377360655267,false
50,1,41.5,-1.6194325282094475,0.08773480545943886,false
50,1,41.6,-1.6127375130713086,0.07869444235216318,false
50,1,41.7,-1.6060425391805686,0.06978173970725252,false
50,1,41.8,-1.5993473522121158,0.06099576217713474,false
50,1,41.9,-1.5926516915630364,0.05233558363295626,false
50,1,42.0,-1.5859552901157952,0.04380028715560354,false
50,1,42.1,-1.5792578739903191,0.03538896502901164,false
50,1,42.2,-1.5725591622844186,0.027100718735847427,false
50,1,42.3,-1.565858866801938,0.018934658955659565,false
50,1,42.4,-1.5591566917679844,0.010889905565592705,false
50,1,42.5,-1.5524523335305365,0.0029655876437686725,false
50,1,42.6,-1.5457454802476847,-0.00483915652455667,false
50,1,42.7,-1.5390358115597096,-0.012525179437945951,false
50,1,42.8,-1.5323229982451434,-0.020093324366720573,false
50,1,42.9,-1.5256067018599058,-0.027544425337759745,false
50,1,43.0,-1.518886574358546,-0.03487930711602201,false
50,1,43.1,-1.5121622576965497,-0.042098785182644344,false
50,1,43.2,-1.5054333834126064,-0.049203665709465445,false
50,1,43.3,-1.4986995721896523,-0.05619474552981037,false
50,1,43.4,-1.4919604333934275,-0.06307281210536357,false
50,1,43.5,-1.4852155645871892,-0.06983864348894694,false
50,1,43.6,-1.4784645510211427,-0.07649300828300759,false
50,1,43.7,-1.4717069650950376,-0.08303666559360819,false
50,1,43.8,-1.464942365792276,-0.08947036497969914,false
50,1,43.9,-1.458170298083757,-0.09579484639743852,false
50,1,44.0,-1.451390292299559,-0.10201084013930939,false
50,1,44.1,-1.4446018634664188,-0.10811906676776914,false
50,1,44.2,-1.4378045106088257,-0.1141202370431472,false
50,1,44.3,-1.4309977160113787,-0.12001505184548938,false
50,1,44.4,-1.4241809444398923,-0.12580420209002646,false
50,1,44.5,-1.417353642318539,-0.13148836863592378,false
50,1,44.6,-1.4105152368601195,-0.13706822218794434,false
50,1,44.7,-1.403665135146326,-0.1425444231906342,false
50,1,44.8,-1.396802723154628,-0.14791762171461095,false
50,1,44.9,-1.3899273647281483,-0.15318845733450737,false
50,1,45.0,-1.3830384004846106,-0.1583575589980914,false
50,1,45.1,-1.3761351466601413,-0.1634255448860496,false
50,1,45.2,-1.3692168938833602,-0.1683930222618842,false
50,1,45.3,-1.3622829058748434,-0.1732605873113357,false
50,1,45.4,-1.3553324180666335,-0.17802882497069905,false
50,1,45.5,-1.3483646361360455,-0.18269830874335644,false
50,1,45.6,-1.3413787344475383,-0.1872696005037988,false
50,1,45.7,-1.334373854395909,-0.191743250288355,false
50,1,45.8,-1.3273491026434974,-0.19611979607178848,false
50,1,45.9,-1.3203035492434714,-0.20039976352885716,false
50,1,46.0,-1.313236225640588,-0.20458366577986437,false
50,1,46.1,-1.3061461225400768,-0.20867200311915235,false
50,1,46.2,-1.2990321876344821,-0.21266526272540867,false
50,1,46.3,-1.291893323177405,-0.216563918352567,false
50,1,46.4,-1.284728383392102,-0.22036842999998668,false
50,1,46.5,-1.2775361717018128,-0.22407924356048992,false
50,1,46.6,-1.2703154377675097,-0.2276967904447201,false
50,1,46.7,-1.2630648743174346,-0.23122148718015925,false
50,1,46.8,-1.255783113751357,-0.23465373498300432,false
50,1,46.9,-1.2484687245008796,-0.23799391930095257,false
50,1,47.0,-1.2411202071253602,-0.24124240932478017,false
50,1,47.1,-1.2337359901210614,-0.24439955746641914,false
50,1,47.2,-1.2263144254189842,-0.24746569880103794,false
50,1,47.3,-1.2188537835444415,-0.25044115047041504,false
50,1,47.4,-1.2113522484087729,-0.2533262110446545,false
50,1,47.5,-1.203807911700651,-0.256121159839031,false
50,1,47.6,-1.1962187668411481,-0.25882625618245997,false
50,1,47.7,-1.1885827024630775,-0.2614417386337722,false
50,1,47.8,-1.1808974953710585,-0.2639678241416174,false
50,1,47.9,-1.1731608029342107,-0.2664047071434338,false
50,1,48.0,-1.1653701548583124,-0.26875255859848945,false
50,1,48.1,-1.157522944278595,-0.2710115249495267,false
50,1,48.2,-1.1496164181079886,-0.2731817270070102,false
50,1,48.3,-1.1416476665685305,-0.27526325874939733,false
50,1,48.4,-1.1336136118256586,-0.27725618603219615,false
50,1,48.5,-1.1255109956361478,-0.2791605451978551,false
50,1,48.6,-1.1173363659103508,-0.28097634157772267,false
50,1,48.7,-1.1090860620780432,-0.2827035478764177,false
50,1,48.8,-1.1007561991343437,-0.2843421024279501,false
50,1,48.9,-1.0923426502277065,-0.285891907311812,false
50,1,49.0,-1.08384102763559,-0.2873528263160074,false
50,1,49.1,-1.0752466619548697,-0.2887246827325849,false
50,1,49.2,-1.066554579313004,-0.2900072569696655,false
50,1,49.3,-1.0577594763820815,-0.29120028396218767,false
50,1,49.4,-1.048855692950683,-0.2923034503616045,false
50,1,49.5,-1.0398371817775383,-0.29331639148252686,false
50,1,49.6,-1.0306974754156393,-0.2942386879817791,false
50,1,49.7,-1.0214296496551212,-0.2950698622424793,false
50,1,49.8,-1.0120262831870694,-0.2958093744325261,false
50,1,49.9,-1.0024794130375123,-0.2964566182032148,false
50,1,50.0,-0.9927804852601694,-0.2970109159895526,false
50,2,50.0,-1.3869063110229458,-0.06364603188435047,true
50,2,50.1,-1.3888333332113922,-0.06948505237177013,false
50,2,50.2,-1.3900620904969956,-0.07529567387047502,false
50,2,50.3,-1.390644865690322,-0.08107194609978874,false
50,2,50.4,-1.3906311959645348,-0.08680842920830015,false
50,2,50.5,-1.3900677127237488,-0.09250016405772622,false
50,2,50.6,-1.3889980657791259,-0.09814264165724346,false
50,2,50.7,-1.3874629150590196,-0.10373177244893386,false
50,2,50.8,-1.385499975004956,-0.10926385599480937,false
50,2,50.9,-1.383144098819238,-0.11473555148496963,false
50,2,51.0,-1.3804273917040062,-0.12014384937485682,false
50,2,51.1,-1.3773793440813054,-0.12548604436637234,false
50,2,51.2,-1.3740269774594882,-0.13075970987128777,false
50,2,51.3,-1.3703949970893214,-0.13596267403407453,false
50,2,51.4,-1.3665059468281269,-0.14109299734303085,false
50,2,51.5,-1.3623803627091027,-0.14614895182147328,false
50,2,51.6,-1.3580369226102256,-0.15112900176296018,false
50,2,51.7,-1.3534925901514687,-0.1560317859543826,false
50,2,51.8,-1.3487627515408098,-0.1608561013168339,false
50,2,51.9,-1.343861344558902,-0.1656008878851939,false
50,2,52.0,-1.3388009792385107,-0.1702652150422711,false
50,2,52.1,-1.3335930500753395,-0.17484826892123992,false
50,2,52.2,-1.3282478398171658,-0.17934934089025928,false
50,2,52.3,-1.3227746150316917,-0.18376781703496245,false
50,2,52.4,-1.317181713761618,-0.18810316855749112,false
50,2,52.5,-1.3114766256477663,-0.192354943014526,false
50,2,52.6,-1.305666064945528,-0.19652275632104838,false
50,2,52.7,-1.2997560368830128,-0.20060628545112338,false
50,2,52.8,-1.2937518978162634,-0.20460526177165086,false
50,2,52.9,-1.2876584096319972,-0.20851946494965962,false
50,2,53.0,-1.2814797888348601,-0.21234871737822886,false
50,2,53.1,-1.2752197507367677,-0.21609287907044344,false
50,2,53.2,-1.2688815491425531,-0.21975184297488332,false
50,2,53.3,-1.2624680119004226,-0.22332553066998562,false
50,2,53.4,-1.255981572658776,-0.2268138883981848,false
50,2,53.5,-1.249424299143654,-0.23021688340402924,false
50,2,53.6,-1.24279791824404,-0.23353450054349045,false
50,2,53.7,-1.236103838165912,-0.23676673913443377,false
50,2,53.8,-1.2293431678905693,-0.23991361002071304,false
50,2,53.9,-1.2225167341485659,-0.24297513282460095,false
50,2,54.0,-1.2156250960975927,-0.24595133336428282,false
50,2,54.1,-1.2086685578709464,-0.2488422412149381,false
50,2,54.2,-1.201647179142731,-0.25164788739352356,false
50,2,54.3,-1.1945607838366172,-0.2543683021487688,false
50,2,54.4,-1.1874089670867374,-0.25700351283910716,false
50,2,54.5,-1.1801911005420112,-0.259553541882308,false
50,2,54.6,-1.1729063360887635,-0.262018404761456,false
50,2,54.7,-1.165553608050756,-0.2643981080726487,false
50,2,54.8,-1.158131633910597,-0.2666926476003634,false
50,2,54.9,-1.1506389135817388,-0.2689020064068822,false
50,2,55.0,-1.14307372724579,-0.2710261529224654,false
50,2,55.1,-1.1354341317554772,-0.27306503902312856,false
50,2,55.2,-1.1277179555891323,-0.27501859808291446,false
50,2,55.3,-1.1199227923278727,-0.2768867429874476,false
50,2,55.4,-1.1120459926114898,-0.2786693640953246,false
50,2,55.5,-1.1040846545132605,-0.28036632713351634,false
50,2,55.6,-1.0960356122572392,-0.2819774710124352,false
50,2,55.7,-1.0878954231838078,-0.2835026055456456,false
50,2,55.8,-1.0796603528501174,-0.2849415090583548,false
50,2,55.9,-1.0713263581312267,-0.28629392586780456,false
50,2,56.0,-1.062889068164913,-0.2875595636174746,false
50,2,56.1,-1.0543437629579147,-0.2887380904455885,false
50,2,56.2,-1.0456853494433302,-0.28982913196675925,false
50,2,56.3,-1.0369083347475643,-0.29083226804369716,false
50,2,56.4,-1.0280067963900075,-0.29174702932370145,false
50,2,56.5,-1.0189743490989147,-0.29257289351212323,false
50,2,56.6,-1.0098041078819602,-0.29330928135209083,false
50,2,56.7,-1.0004886469388157,-0.29395555227646847,false
50,2,56.8,-0.9910199539448264,-0.29451099969422545,false
50,2,56.9,-0.981389379168234,-0.29497484586905504,false
50,2,57.0,-0.9715875788070715,-0.2953462363431214,false
50,2,57.1,-0.9616044518441907,-0.29562423385313924,false
50,2,57.2,-0.9514290696179928,-0.2958078116794947,false
50,2,57.3,-0.9410495971900984,-0.2958958463616754,false
50,2,57.4,-0.9304532054568033,-0.2958871097047422,false
50,2,57.5,-0.9196259727956547,-0.2957802599917794,false
50,2,57.6,-0.9085527748582529,-0.2955738323059963,false
50,2,57.7,-0.8972171609112044,-0.29526622785319373,false
50,2,57.8,-0.8856012148840516,-0.2948557021603751,false
50,2,57.9,-0.8736853990001688,-0.29434035200904934,false
50,2,58.0,-0.8614483775372136,-0.29371810094186945,false
50,2,58.1,-0.848866817879813,-0.2929866831582274,false
50,2,58.2,-0.8359151655794885,-0.29214362558776996,false
50,2,58.3,-0.8225653896146978,-0.291186227899901,false
50,2,58.4,-0.8087866934350384,-0.29011154017149104,false
50,2,58.5,-0.7945451866642101,-0.28891633789340126,false
50,2,58.6,-0.7798035115107468,-0.28759709394809707,false
50,2,58.7,-0.7645204169768317,-0.2861499471344839,false
50,2,58.8,-0.7486502728458159,-0.28457066675090065,false
50,2,58.9,-0.7321425141504689,-0.2828546126715541,false
50,2,59.0,-0.7149410053603964,-0.2809966902640205,false
50,2,59.1,-0.6969833118670128,-0.2789912993941179,false
50,2,59.2,-0.6781998644860353,-0.27683227664774057,false
50,2,59.3,-0.6585130006559038,-0.27451282976549585,false
50,2,59.4,-0.6378358638303824,-0.27202546313381365,false
50,2,59.5,-0.6160711403375261,-0.26936189300485713,false
50,2,59.6,-0.5931096108749813,-0.2665129509274701,false
50,2,59.7,-0.5688284921244213,-0.2634684736650526,false
50,2,59.8,-0.5430895431754772,-0.2602171776596027,false
50,2,59.9,-0.5157369123208182,-0.25674651588574343,false
50,2,60.0,-0.48659470352753587,-0.25304251474473544,false
50,2,60.1,-0.4554642503745675,-0.2490895885104065,false
50,2,60.2,-0.42212110132104513,-0.2448703288118187,false
50,2,60.3,-0.3863117481205087,-0.24036526680846657,false
50,2,60.4,-0.3477501753643439,-0.2355526062174968,false
50,2,60.5,-0.3061143827438488,-0.2304079263931676,false
50,2,60.6,-0.26104314573964027,-0.22490385654074516,false
50,2,60.7,-0.21213345299720648,-0.21900972531365046,false
50,2,60.8,-0.15893931292823232,-0.2126911951229438,false
50,2,60.9,-0.1009729858291508,-0.20590989834221712,false
50,2,61.0,-0.03771019866262411,-0.19862310433181934,false
50,2,61.1,0.03139844696387736,-0.19078346314985162,false
50,2,61.2,0.10690688005357422,-0.1823388952626434,false
50,2,61.3,0.1893399827604605,-0.17323272724172192,false
50,2,61.4,0.2791426903922282,-0.16340421035337516,false
50,2,61.5,0.3766076959761724,-0.15278959741327167,false
50,2,61.6,0.4817796808281523,-0.1413239819341871,false
50,2,61.7,0.5943389403274107,-0.12894410119430302,false
50,2,61.8,0.7134762631719131,-0.11559223913435487,false
50,2,61.9,0.8377837694772368,-0.10122119862052797,false
50,2,62.0,0.9651998756926858,-0.08580002278290552,false
50,2,62.1,1.0930529658803074,-0.06931975889468896,false
50,2,62.2,1.2182372221963285,-0.05179818875632987,false
50,2,62.3,1.337519049785868,-0.0332822936212714,false
50,2,62.4,1.4479213788755048,-0.013847475012112184,false
50,2,62.5,1.5470907711978614,0.00640674369846406,false
50,2,62.6,1.6335472519409002,0.027363877552696068,false
50,2,62.7,1.7067576152767057,0.04889908911142434,false
50,2,62.8,1.767037567600555,0.07088759282343131,false
50,2,62.9,1.8153404700793498,0.0932115241850037,false
50,2,63.0,1.853008139600906,0.11576459240758512,false
50,2,63.1,1.8815448385691158,0.13845448477681394,false
50,2,63.2,1.902447022817668,0.16120342382265476,false
50,2,63.3,1.9170953969303868,0.1839474483569534,false
50,2,63.4,1.9267000336492652,0.20663496429115066,false
50,2,63.5,1.9322835071319775,0.2292249893615256,false
50,2,63.6,1.9346875329447526,0.2516853739962401,false
50,2,63.7,1.9345918824800035,0.2739911595401855,false
50,2,63.8,1.9325380326141253,0.2961231480891308,false
50,2,63.9,1.9289530697657917,0.3180667032298625,false
50,2,64.0,1.9241715280896377,0.33981077035829066,false
50,2,64.1,1.9184542069658381,0.3613470908585546,false
50,2,64.2,1.912003794284735,0.38266957981159366,false
50,2,64.3,1.90497752014223,0.4037738375875644,false
50,2,64.4,1.897497232994599,0.4246567688516733,false
50,2,64.5,1.8896573298216874,0.44531628655076333,false
50,2,64.6,1.8815309471989343,0.4657510824869554,false
50,2,64.7,1.8731747683807183,0.485960449722854,false
50,2,64.8,1.864632742573963,0.5059441451562067,false
50,2,64.9,1.8559389564338724,0.525702283140331,false
50,2,65.0,1.8471198486333074,0.5452352530619825,false
50,2,65.1,1.8381959172996367,0.5645436553950905,false
50,2,65.2,1.8291830368507693,0.5836282520037587,false
50,2,65.3,1.8200934743427435,0.6024899274410453,false
50,2,65.4,1.8109366747354985,0.6211296587409414,false
50,2,65.5,1.8017198684030635,0.6395484917785736,false
50,2,65.6,1.7924485418033373,0.6577475227171539,false
50,2,65.7,1.783126802683022,0.6757278834003927,false
50,2,65.8,1.7737576638798687,0.6934907298100139,false
50,2,65.9,1.7643432641859276,0.7110372329081879,false
50,2,66.0,1.754885040452599,0.7283685713384033,false
50,2,66.1,1.74538386184171,0.7454859255764377,false
50,2,66.2,1.7358401346188888,0.7623904732140125,false
50,2,66.3,1.7262538839641282,0.7790833851278032,false
50,2,66.4,1.7166248178006247,0.7955658223405752,false
50,2,66.5,1.7069523765108565,0.8118389334230577,false
50,2,66.6,1.6972357715377067,0.8279038523175648,false
50,2,66.7,1.6874740151968723,0.8437616964895136,false
50,2,66.8,1.6776659435079995,0.8594135653325167,false
50,2,66.9,1.667810233450322,0.8748605387679167,false
50,2,67.0,1.6579054157368323,0.8901036759914612,false
50,2,67.1,1.647949883958398,0.9051440143290299,false
50,2,67.2,1.6379419007598395,0.9199825681705065,false
50,2,67.3,1.6278796015616348,0.9346203279564733,false
50,2,67.4,1.6177609962242139,0.9490582591967449,false
50,2,67.5,1.607583968959585,0.9632973015031083,false
50,2,67.6,1.5973462767216913,0.9773383676212136,false
50,2,67.7,1.5870455462481545,0.9911823424485081,false
50,2,67.8,1.576679269878569,1.0048300820265623,false
50,2,67.9,1.5662448002356468,1.0182824124971839,false
50,2,68.0,1.555739343823266,1.0315401290124315,false
50,2,68.1,1.5451599535681901,1.044603994589083,false
50,2,68.2,1.5345035203086634,1.0574747388983117,false
50,2,68.3,1.5237667632121836,1.0701530569813278,false
50,2,68.4,1.512946219085671,1.0826396078815579,false
50,2,68.5,1.502038230523314,1.0949350131835849,false
50,2,68.6,1.491038932819938,1.107039855448558,false
50,2,68.7,1.4799442395603313,1.1189546765351215,false
50,2,68.8,1.4687498267770538,1.130679975794083,false
50,2,68.9,1.4574511155504473,1.1422162081240663,false
50,2,69.0,1.4460432529043643,1.1535637818742246,false
50,2,69.1,1.4345210908291437,1.1647230565787674,false
50,2,69.2,1.4228791632390636,1.1756943405064957,false
50,2,69.3,1.4111116606444323,1.1864778880067874,false
50,2,69.4,1.3992124022880392,1.197073896631451,false
50,2,69.5,1.3871748054612651,1.2074825040095694,false
50,2,69.6,1.3749918516760138,1.2177037844498435,false
50,2,69.7,1.362656049323965,1.2277377452419544,false
50,2,69.8,1.3501593924034545,1.2375843226250711,false
50,2,69.9,1.3374933148354784,1.2472433773877531,false
50,2,70.0,1.3246486398225414,1.2567146900590667,false
50,2,70.1,1.311615523625769,1.2659979556456729,false
50,2,70.2,1.2983833930450341,1.2750927778638468,false
50,2,70.3,1.284940875781627,1.2839986628087314,false
50,2,70.4,1.2712757227406009,1.2927150119954893,false
50,2,70.5,1.2573747211872859,1.3012411146982092,false
50,2,70.6,1.2432235975058443,1.3095761395022785,false
50,2,70.7,1.2288069081127568,1.3177191249741975,false
50,2,70.8,1.2141079168494524,1.3256689693392343,false
50,2,70.9,1.1991084569096133,1.333424419041557,false
50,2,71.0,1.1837887750403464,1.340984056043171,false
50,2,71.1,1.1681273553832987,1.3483462836966469,false
50,2,71.2,1.1521007198808897,1.3555093110017313,false
50,2,71.3,1.135683201650918,1.3624711350268095,false
50,2,71.4,1.118846687114014,1.369229521242069,false
50,2,71.5,1.1015603219236545,1.3757819814711567,false
50,2,71.6,1.0837901748749268,1.3821257491209968,false
50,2,71.7,1.0654988529286067,1.3882577512939283,false
50,2,71.8,1.0466450592489875,1.3941745773207872,false
50,2,71.9,1.027183084678909,1.3998724431761131,false
50,2,72.0,1.0070622213187461,1.405347151145005,false
50,2,72.1,0.9862260847859855,1.4105940440025713,false
50,2,72.2,0.9646118292498727,1.4156079528382361,false
50,2,72.3,0.9421492363974138,1.4203831375046216,false
50,2,72.4,0.9187596560259977,1.4249132184900226,false
50,2,72.5,0.8943547719110317,1.429191098799751,false
50,2,72.6,0.8688351619162381,1.4332088741794693,false
50,2,72.7,0.8420886159872154,1.4369577297174483,false
50,2,72.8,0.8139881697535036,1.4404278205170573,false
50,2,72.9,0.7843898051477144,1.443608133731429,false
50,2,73.0,0.7531297631448288,1.4464863287975214,false
50,2,73.1,0.7200214082259576,1.449048552200508,false
50,2,73.2,0.6848515809105965,1.4512792225553042,false
50,2,73.3,0.6473763761527711,1.453160781241206,false
50,2,73.4,0.6073162957120227,1.454673403328802,false
50,2,73.5,0.5643507486148412,1.4557946632051162,false
50,2,73.6,0.5181119265277399,1.4564991493225903,false
50,2,73.7,0.46817817771521125,1.4567580231862192,false
50,2,73.8,0.41406717132348664,1.4565385195660625,false
50,2,73.9,0.35522942391033174,1.4558033887988442,false
50,2,74.0,0.2910432119268779,1.4545102891924384,false
50,2,74.1,0.22081259886360932,1.4526111498769065,false
50,2,74.2,0.14377136500392568,1.4500515446913211,false
50,2,74.3,0.05909714108290087,1.4467701495204697,false
50,2,74.4,-0.03405794810834127,1.4426984032357981,false
50,2,74.5,-0.13651149616028269,1.4377605599067715,false
50,2,74.6,-0.24895924939571212,1.4318744075779566,false
50,2,74.7,-0.37183703018707304,1.4249530271827548,false
50,2,74.8,-0.5051301881085455,1.4169080441428281,false
50,2,74.9,-0.6481385790664046,1.4076548212607733,false
50,2,75.0,-0.7992320511906315,1.3971198516456989,false
50,2,75.1,-0.9556695064620442,1.385250118085181,false
50,2,75.2,-1.1135881167466226,1.372023349489021,false
50,2,75.3,-1.2682655209916236,1.3574571097811183,false
50,2,75.4,-1.414683771073123,1.3416140071851133,false
50,2,75.5,-1.5482864704958779,1.3246006693694503,false
50,2,75.6,-1.6656951426004931,1.3065597683439898,false
50,2,75.7,-1.7651384055507564,1.2876566996291992,false
50,2,75.8,-1.8464756701478928,1.268064266708923,false
50,2,75.9,-1.9108784148068059,1.2479489392919956,false
50,2,76.0,-1.960345823661757,1.2274610437109064,false
50,2,76.1,-1.997231428937967,1.206729526994929,false
50,2,76.2,-2.023885256222199,1.1858606151969822,false
50,2,76.3,-2.042437378859089,1.1649391089623797,false
50,2,76.4,-2.0547002030532013,1.1440310814710863,false
50,2,76.5,-2.062150598424538,1.1231870557375339,false
50,2,76.6,-2.0659563165173602,1.102445095641315,false
50,2,76.7,-2.067021433993465,1.0818335297066233,false
50,2,76.8,-2.066035687995172,1.0613732122135577,false
50,2,76.9,-2.0635200086449443,1.0410793292014706,false
50,2,77.0,-2.0598651798901155,1.020962804256037,false
50,2,77.1,-2.0553630829846514,1.0010313738268033,false
50,2,77.2,-2.0502311657038303,0.981290400091279,false
50,2,77.3,-2.0446312150111687,0.9617434805858662,false
50,2,77.4,-2.038683562901652,0.942392903079725,false
50,2,77.5,-2.032477738720821,0.9232399839163922,false
50,2,77.6,-2.026080409479593,0.9042853192521441,false
50,2,77.7,-2.0195412767032432,0.8855289714951902,false
50,2,77.8,-2.012897446480163,0.8669706076751684,false
50,2,77.9,-2.0061766649450954,0.8486096022060596,false
50,2,78.0,-1.999399713496111,0.8304451132873388,false
50,2,78.1,-1.992582182868918,0.8124761397834522,false
50,2,78.2,-1.9857357884146256,0.7947015636359798,false
50,2,78.3,-1.9788693464990905,0.7771201815419316,false
50,2,78.4,-1.9719895004571066,0.7597307286567541,false
50,2,78.5,-1.965101261274216,0.7425318963619315,false
50,2,78.6,-1.958208411030496,0.7255223456073701,false
50,2,78.7,-1.9513138045309228,0.7087007169481991,false
50,2,78.8,-1.9444195952738264,0.6920656381074324,false
50,2,78.9,-1.9375274050884577,0.6756157296830154,false
50,2,79.0,-1.9306384517527615,0.6593496094602671,false
50,2,79.1,-1.9237536452039687,0.6432658956739922,false
50,2,79.2,-1.91687366022614,0.6273632094778933,false
50,2,79.3,-1.9099989914828894,0.6116401768144678,false
50,2,79.4,-1.9031299952715945,0.5960954298305566,false
50,2,79.5,-1.8962669212693317,0.5807276079478589,false
50,2,79.6,-1.8894099367192194,0.5655353586709081,false
50,2,79.7,-1.882559144894461,0.5505173381948932,false
50,2,79.8,-1.8757145992214972,0.535672211860609,false
50,2,79.9,-1.868876314103073,0.5209986544924438,false
50,2,80.0,-1.8620442732270248,0.5064953506467395,false
50,2,80.1,-1.855218435955308,0.4921609947913723,false
50,2,80.2,-1.848398742243994,0.47799429143249395,false
50,2,80.3,-1.8415851164366495,0.46399395520064146,false
50,2,80.4,-1.8347774701917734,0.450158710905592,false
50,2,80.5,-1.8279757047431267,0.43648729356717514,false
50,2,80.6,-1.8211797126449396,0.42297844842760485,false
50,2,80.7,-1.8143893791183967,0.40963093094963215,false
50,2,80.8,-1.8076045830887133,0.3964435068038476,false
50,2,80.9,-1.8008251979814889,0.3834149518477219,false
50,2,81.0,-1.7940510923312258,0.3705440520983976,false
50,2,81.1,-1.7872821302428425,0.3578296037008044,false
50,2,81.2,-1.7805181717377365,0.34527041289232907,false
50,2,81.3,-1.7737590730088342,0.3328652959650059,false
50,2,81.4,-1.7670046866035782,0.32061307922599036,false
50,2,81.5,-1.7602548615495694,0.30851259895691807,false
50,2,81.6,-1.7535094434343024,0.2965627013726287,false
50,2,81.7,-1.7467682744479052,0.28476224257963717,false
50,2,81.8,-1.740031193395811,0.2731100885346603,false
50,2,81.9,-1.7332980356867578,0.26160511500344835,false
50,2,82.0,-1.7265686333003218,0.2502462075201253,false
50,2,82.1,-1.7198428147372409,0.2390322613472056,false
50,2,82.2,-1.7131204049550606,0.22796218143642907,false
50,2,82.3,-1.7064012252910485,0.21703488239053215,false
50,2,82.4,-1.699685093373872,0.20624928842605883,false
50,2,82.5,-1.6929718230251671,0.19560433333730093,false
50,2,82.6,-1.6862612241518462,0.18509896046144822,false
50,2,82.7,-1.6795531026297497,0.17473212264502114,false
50,2,82.8,-1.6728472601790758,0.16450278221165432,false
50,2,82.9,-1.666143494231858,0.15440991093129464,false
50,2,83.0,-1.659441597791647,0.14445248999087593,false
50,2,83.1,-1.6527413592854456,0.13462950996653036,false
50,2,83.2,-1.6460425624078636,0.12493997079739645,false
50,2,83.3,-1.6393449859573836,0.11538288176108372,false
50,2,83.4,-1.632648403664568,0.10595726145085499,false
50,2,83.5,-1.625952584011981,0.09666213775458847,false
50,2,83.6,-1.6192572900455504,0.08749654783558378,false
50,2,83.7,-1.6125622791770469,0.0784595381152784,false
50,2,83.8,-1.605867302977316,0.06955016425794341,false
50,2,83.9,-1.5991721069598597,0.060767491157430825,false
50,2,84.0,-1.5924764303543155,0.05211059292604772,false
50,2,84.1,-1.585780005869355,0.0435785528856366,false
50,2,84.2,-1.5790825594444677,0.035170463560944866,false
50,2,84.3,-1.5723838099900709,0.02688542667537149,false
50,2,84.4,-1.56568346911533,0.018722553149182773,false
50,2,84.5,-1.5589812408430406,0.010680963100295137,false
50,2,84.6,-1.5522768213108682,0.002759785847727415,false
50,2,84.7,-1.5455698984582056,-0.0050418400821680715,false
50,2,84.8,-1.5388601516978406,-0.012724766946580776,false
50,2,84.9,-1.5321472515715868,-0.020289837774101666,false
50,2,85.0,-1.5254308593889654,-0.02773788634943823,false
50,2,85.1,-1.5187106268479629,-0.035069737194848336,false
50,2,85.2,-1.5119861956368288,-0.042286205548147694,false
50,2,85.3,-1.5052571970158035,-0.049388097337137456,false
50,2,85.4,-1.4985232513775888,-0.056376209150288674,false
50,2,85.5,-1.491783967785297,-0.0632513282035106,false
50,2,85.6,-1.4850389434865243,-0.07001423230281892,false
50,2,85.7,-1.478287763402097,-0.07666568980270848,false
50,2,85.8,-1.4715299995879447,-0.08320645956002308,false
50,2,85.9,-1.4647652106684397,-0.08963729088310111,false
50,2,86.0,-1.4579929412394241,-0.09595892347596247,false
50,2,86.1,-1.451212721239023,-0.10217208737728627,false
50,2,86.2,-1.444424065284201,-0.10827750289391329,false
50,2,86.3,-1.437626471970872,-0.11427588052858925,false
50,2,86.4,-1.4308194231352098,-0.12016792090164638,false
50,2,86.5,-1.424002383073639,-0.12595431466630075,false
50,2,86.6,-1.4171747977187885,-0.13163574241722092,false
50,2,86.7,-1.4103360937684934,-0.13721287459200082,false
50,2,86.8,-1.4034856777647058,-0.1426863713651435,false
50,2,86.9,-1.3966229351189354,-0.14805688253413724,false
50,2,87.0,-1.389747229080582,-0.15332504739717445,false
50,2,87.1,-1.3828578996442336,-0.1584914946220341,false
50,2,87.2,-1.3759542623917025,-0.16355684210561328,false
50,2,87.3,-1.3690356072642285,-0.16852169682355803,false
50,2,87.4,-1.3621011972599166,-0.17338665466940337,false
50,2,87.5,-1.3551502670510815,-0.17815230028259,false
50,2,87.6,-1.3481820215157267,-0.18281920686467892,false
50,2,87.7,-1.3411956341769236,-0.18738793598303546,false
50,2,87.8,-1.3341902455433254,-0.19185903736119944,false
50,2,87.9,-1.3271649613434948,-0.1962330486550999,false
50,2,88.0,-1.3201188506460957,-0.20051049521420894,false
50,2,88.1,-1.313050943857324,-0.20469188982665976,false
50,2,88.2,-1.3059602305862061,-0.2087777324472789,false
50,2,88.3,-1.2988456573675813,-0.2127685099074007,false
50,2,88.4,-1.2917061252316766,-0.21666469560524299,false
50,2,88.5,-1.2845404871082124,-0.22046674917552547,false
50,2,88.6,-1.277347545051879,-0.2241751161369075,false
50,2,88.7,-1.270126047274839,-0.22779022751570474,false
50,2,88.8,-1.2628746849705939,-0.2313124994442198,false
50,2,88.9,-1.2555920889121013,-0.23474233273188277,false
50,2,89.0,-1.248276825805429,-0.2380801124072473,false
50,2,89.1,-1.2409273943784658,-0.2413262072287226,false
50,2,89.2,-1.2335422211822447,-0.24448096916174078,false
50,2,89.3,-1.2261196560802778,-0.24754473281985986,false
50,2,89.4,-1.2186579673988907,-0.25051781486708574,false
50,2,89.5,-1.2111553367088854,-0.2534005133784556,false
50,2,89.6,-1.2036098532059003,-0.25619310715566235,false
50,2,89.7,-1.1960195076535447,-0.2588958549942092,false
50,2,89.8,-1.1883821858497234,-0.26150899489826346,false
50,2,89.9,-1.1806956615724846,-0.26403274323902504,false
50,2,90.0,-1.1729575889571722,-0.26646729385203616,false
50,2,90.1,-1.1651654942515806,-0.26881281706842597,false
50,2,90.2,-1.1573167668901188,-0.2710694586746077,false
50,2,90.3,-1.149408649821632,-0.27323733879441564,false
50,2,90.4,-1.1414382290183882,-0.27531655068708305,false
50,2,90.5,-1.1334024220857335,-0.27730715945380935,false
50,2,90.6,-1.1252979658829243,-0.2792092006449402,false
50,2,90.7,-1.1171214030555172,-0.2810226787589766,false
50,2,90.8,-1.1088690673682993,-0.28274756562372877,false
50,2,90.9,-1.1005370677148754,-0.2843837986489273,false
50,2,91.0,-1.0921212706655017,-0.28593127893847964,false
50,2,91.1,-1.0836172813983194,-0.2873898692493061,false
50,2,91.2,-1.0750204228405298,-0.288759391782281,false
50,2,91.3,-1.066325712824943,-0.29003962578922676,false
50,2,91.4,-1.0575278390433511,-0.29123030497813435,false
50,2,91.5,-1.0486211315509069,-0.2923311146967896,false
50,2,91.6,-1.0395995325446166,-0.2933416888727366,false
50,2,91.7,-1.0304565631036227,-0.29426160668497536,false
50,2,91.8,-1.0211852865384583,-0.295090388939925,false
50,2,91.9,-1.0117782679501321,-0.29582749412094517,false
50,2,92.0,-1.002227529546826,-0.2964723140770359,false
50,2,92.1,-0.9925245012050666,-0.29702416931217046,false
50,2,92.2,-0.9826599656922304,-0.29748230383198077,false
50,2,92.3,-0.9726239978866524,-0.29784587949912605,false
50,2,92.4,-0.9624058972387284,-0.298113969842533,false
50,2,92.5,-0.9519941126091567,-0.29828555325868084,false
50,2,92.6,-0.9413761584964989,-0.29835950553508606,false
50,2,92.7,-0.9305385215227078,-0.2983345916169556,false
50,2,92.8,-0.9194665558788762,-0.2982094565274427,false
50,2,92.9,-0.9081443662403134,-0.2979826153398362,false
50,2,93.0,-0.8965546764355696,-0.2976524420860898,false
50,2,93.1,-0.8846786818928419,-0.2972171574700534,false
50,2,93.2,-0.8724958835830025,-0.29667481523525635,false
50,2,93.3,-0.8599839008239314,-0.29602328701570196,false
50,2,93.4,-0.8471182598973164,-0.2952602454733852,false
50,2,93.5,-0.833872154946647,-0.29438314549758227,false
50,2,93.6,-0.8202161770622929,-0.2933892032077253,false
50,2,93.7,-0.8061180068031976,-0.29227537246310575,false
50,2,93.8,-0.7915420646400503,-0.2910383185378619,false
50,2,93.9,-0.7764491129154281,-0.28967438856767996,false
50,2,94.0,-0.7607958018846557,-0.288179578314198,false
50,2,94.1,-0.7445341512087289,-0.2865494947229285,false
50,2,94.2,-0.7276109568999639,-0.2847793136691195,false
50,2,94.3,-0.7099671121573244,-0.28286373219173433,false
50,2,94.4,-0.6915368287634784,-0.28079691440692905,false
50,2,94.5,-0.6722467437539497,-0.27857243016731065,false
50,2,94.6,-0.6520148939367709,-0.2761831853902878,false
50,2,94.7,-0.6307495386023367,-0.2736213428168024,false
50,2,94.8,-0.6083478085413626,-0.27087823178032827,false
50,2,94.9,-0.5846941575032486,-0.26794424536645245,false
50,2,95.0,-0.5596585908466326,-0.2648087231294695,false
50,2,95.1,-0.5330946459586368,-0.26145981731240403,false
50,2,95.2,-0.5048371010028927,-0.257884340305873,false
50,2,95.3,-0.47469939418717333,-0.2540675909052636,false
50,2,95.4,-0.4424707473075201,-0.24999315682776765,false
50,2,95.5,-0.40791300829629423,-0.2456426909995511,false
50,2,95.6,-0.3707572630610077,-0.2409956594261078,false
50,2,95.7,-0.33070032466928995,-0.23602905918029293,false
50,2,95.8,-0.287401298881966,-0.23071710643054766,false
50,2,95.9,-0.24047856450964122,-0.22503089685233668,false
50,2,96.0,-0.18950771567677122,-0.21893804474640444,false
50,2,96.1,-0.13402131673833667,-0.2124023134656407,false
50,2,96.2,-0.07351174827254064,-0.20538325931498702,false
50,2,96.3,-0.00743899880920261,-0.1978359251694651,false
50,2,96.4,0.06475401593000096,-0.18971064002082244,false
50,2,96.5,0.14361520239536535,-0.18095300766114097,false
50,2,96.6,0.2296419639503402,-0.17150420187095133,false
50,2,96.7,0.32322039678286046,-0.16130172438298093,false
50,2,96.8,0.42454154362941354,-0.15028081808756436,false
50,2,96.9,0.5334944823360738,-0.13837674566024896,false
50,2,97.0,0.6495428354784643,-0.12552811620391435,false
50,2,97.1,0.7716023583029697,-0.11168133313645623,false
50,2,97.2,0.8979512024640796,-0.09679601101660028,false
50,2,97.3,1.0262159400371196,-0.08085086271740682,false
50,2,97.4,1.1534758546559702,-0.06384915626402403,false
50,2,97.5,1.2765055073216234,-0.045822541774347456,false
50,2,97.6,1.392130345785329,-0.02683206823793327,false
50,2,97.7,1.4976187708689055,-0.006965691396964995,false
50,2,97.8,1.5910063516443427,0.013667562262568513,false
50,2,97.9,1.6712658152264184,0.03494570069612675,false
50,2,98.0,1.738293495658658,0.056742524259945554,false
50,2,98.1,1.79274656091557,0.07893546479746838,false
50,2,98.2,1.8358026738890476,0.10141145957644991,false
50,2,98.3,1.868914347814838,0.12407050671485444,false
50,2,98.4,1.8936063260223577,0.14682711502933476,false
50,2,98.5,1.9113350899604962,0.16961016629748304,false
50,2,98.6,1.9234079462384834,0.19236177163175744,false
50,2,98.7,1.9309484443108333,0.21503561904447513,false
50,2,98.8,1.9348926507231696,0.2375951690550953,false
50,2,98.9,1.9360030897097422,0.2600119191445168,false
50,2,99.0,1.9348908805626726,0.28226385213399474,false
50,2,99.1,1.9320400909657627,0.3043341124533126,false
50,2,99.2,1.9278309714417154,0.3262099119699703,false
50,2,99.3,1.9225604986905411,0.347881645178751,false
50,2,99.4,1.9164597155607628,0.36934218460309914,false
50,2,99.5,1.9097079300707676,0.39058632570937274,false
50,2,99.6,1.9024441062156705,0.41161035284891306,false
50,2,99.7,1.8947758737276457,0.43241170153219205,false
50,2,99.8,1.8867865853091568,0.45298869649048357,false
50,2,99.9,1.8785408077507333,0.4733403488860436,false
50,2,100.0,1.8700885755910557,0.493466199435747,false
75,1,0.0,-1.8633893588791945,0.9432517283983279,true
75,1,0.1,-1.89544272864903,0.9255172164439067,false
75,1,0.2,-1.919496813123561,0.9076567969126949,false
75,1,0.30000000000000004,-1.936988286851434,0.8897380169353477,false
75,1,0.4,-1.94918887726972,0.8718154825522532,false
75,1,0.5,-1.9571798455489053,0.853932609597479,false
75,1,0.6000000000000001,-1.9618542591546815,0.8361234570382327,false
75,1,0.7000000000000001,-1.9639344061985005,0.8184144483974491,false
75,1,0.8,-1.9639956125867923,0.8008258862964533,false
75,1,0.9,-1.9624911341049855,0.7833732296583147,false
75,1,1.0,-1.959775276510412,0.7660681400569517,false
75,1,1.1,-1.9561234974424415,0.7489193218006227,false
75,1,1.2,-1.9517491775511477,0.7319331868765473,false
75,1,1.3,-1.9468172356185773,0.715114376017503,false
75,1,1.4,-1.9414549772669583,0.6984661641787124,false
75,1,1.5,-1.9357606283382112,0.6819907745693758,false
75,1,1.6,-1.9298099871333114,0.6656896211093192,false
75,1,1.7000000000000002,-1.9236615783388782,0.6495634952763167,false
75,1,1.8,-1.9173606296725456,0.6336127099649408,false
75,1,1.9,-1.9109421321222306,0.6178372102225882,false
75,1,2.0,-1.9044331914150363,0.6022366585153094,false
75,1,2.1,-1.8978548336658434,0.5868105004283968,false
75,1,2.2,-1.891223391856262,0.5715580153424239,false
75,1,2.3,-1.8845515709314031,0.5564783555689014,false
75,1,2.4,-1.8778492666802362,0.5415705766159331,false
75,1,2.5,-1.8711241960097587,0.5268336606296959,false
75,1,2.6,-1.8643823826912347,0.5122665345793043,false
75,1,2.7,-1.857628532273865,0.49786808438685204,false
75,1,2.8,-1.8508663219184265,0.4836371659248318,false
75,1,2.9,-1.8440986248383624,0.4695726135893934,false
75,1,3.0,-1.8373276844089828,0.45567324699444006,false
75,1,3.1,-1.8305552494768953,0.44193787620643316,false
75,1,3.2,-1.8237826797102692,0.42836530584389904,false
75,1,3.3,-1.8170110277763003,0.414954338292069,false
75,1,3.4,-1.810241103563019,0.40170377622656495,false
75,1,3.5,-1.8034735244625497,0.3886124245965506,false
75,1,3.6,-1.7967087548140253,0.3756790921842476,false
75,1,3.7,-1.7899471368997706,0.36290259283183474,false
75,1,3.8,-1.7831889153472393,0.3502817464067319,false
75,1,3.9,-1.7764342563729847,0.33781537956076385,false
75,1,4.0,-1.7696832629842463,0.3255023263266606,false
75,1,4.1,-1.7629359870062413,0.31334142858599134,false
75,1,4.2,-1.75619243861189,0.30133153643533805,false
75,1,4.3,-1.749452593882505,0.2894715084718233,false
75,1,4.4,-1.7427164008129874,0.2777602120146579,false
75,1,4.5,-1.735983784085676,0.26619652327588755,false
75,1,4.6,-1.7292546488674143,0.25477932749078347,false
75,1,4.7,-1.7225288838300918,0.2435075190161707,false
75,1,4.8,-1.7158063635524734,0.232380001403294,false
75,1,4.9,-1.7090869504279202,0.2213956874504856,false
75,1,5.0,-1.7023704961765271,0.21055349923984198,false
75,1,5.1,-1.6956568430397276,0.19985236816128127,false
75,1,5.2,-1.688945824719288,0.1892912349266889,false
75,1,5.3,-1.682237267109895,0.17886904957633326,false
75,1,5.4,-1.6755309888644927,0.16858477147931336,false
75,1,5.5,-1.6688268018235548,0.15843736932946656,false
75,1,5.6,-1.6621245113331853,0.14842582113789876,false
75,1,5.7,-1.6554239164719027,0.13854911422308602,false
75,1,5.8,-1.6487248102019896,0.1288062451993271,false
75,1,5.9,-1.642026979458075,0.11919621996418982,false
75,1,6.0,-1.635330205183094,0.10971805368548607,false
75,1,6.1,-1.6286342623197043,0.10037077078822255,false
75,1,6.2,-1.6219389197636058,0.091153404941905,false
75,1,6.3,-1.6152439402838876,0.08206499904851831,false
75,1,6.4,-1.6085490804144478,0.07310460523146026,false
75,1,6.5,-1.6018540903196743,0.06427128482567199,false
75,1,6.6,-1.595158713636862,0.05556410836918041,false
75,1,6.7,-1.588462687297263,0.046982155596246473,false
75,1,6.8,-1.581765741327197,0.03852451543229623,false
75,1,6.9,-1.575067598630251,0.030190285990799707,false
75,1,7.0,-1.5683679747512678,0.02197857457225303,false
75,1,7.1,-1.5616665776225567,0.013888497665413117,false
75,1,7.2,-1.5549631072925116,0.005919180950930436,false
75,1,7.3,-1.5482572556366296,-0.0019302406924766782,false
75,1,7.4,-1.5415487060507438,-0.009660623179162617,false
75,1,7.5,-1.5348371331261264,-0.017272813204865435,false
75,1,7.6,-1.528122202305982,-0.024767648232040272,false
75,1,7.7,-1.521403569522711,-0.03214595647206411,false
75,1,7.8,-1.514680880815217,-0.039408556864155016,false
75,1,7.9,-1.5079537719254008,-0.04655625905084333,false
75,1,8.0,-1.5012218678728833,-0.053589863349825004,false
75,1,8.1,-1.4944847825068792,-0.06051016072201913,false
75,1,8.2,-1.4877421180340409,-0.0673179327356428,false
75,1,8.3,-1.480993464520968,-0.0740139515261062,false
75,1,8.4,-1.4742383993699737,-0.08059897975152026,false
75,1,8.5,-1.4674764867665662,-0.08707377054359658,false
75,1,8.6,-1.4607072770969851,-0.09343906745370689,false
75,1,8.7,-1.453930306333995,-0.09969560439385487,false
75,1,8.8,-1.4471450953889957,-0.10584410557229763,false
75,1,8.9,-1.4403511494283607,-0.11188528542353844,false
75,1,9.0,-1.4335479571517515,-0.1178198485323932,false
75,1,9.1,-1.426734990029981,-0.12364848955181505,false
75,1,9.2,-1.4199117014998155,-0.12937189311414013,false
75,1,9.3,-1.4130775261128996,-0.1349907337353951,false
75,1,9.4,-1.406231878635776,-0.14050567571228356,false
75,1,9.5,-1.399374153097732,-0.14591737301144123,false
75,1,9.6,-1.3925037217829546,-0.15122646915052299,false
75,1,9.7,-1.385619934163195,-0.15643359707065385,false
75,1,9.8,-1.3787221157668503,-0.16153937899974316,false
75,1,9.9,-1.3718095669800363,-0.1665444263061264,false
75,1,10.0,-1.3648815617748786,-0.17144933934196036,false
75,1,10.1,-1.3579373463598587,-0.1762547072757563,false
75,1,10.2,-1.3509761377466318,-0.18096110791339112,false
75,1,10.3,-1.3439971222272753,-0.185569107506888,false
75,1,10.4,-1.3369994537554257,-0.19007926055020544,false
75,1,10.5,-1.3299822522242142,-0.19449210956121704,false
75,1,10.6,-1.3229446016333108,-0.19880818484900245,false
75,1,10.7,-1.3158855481367362,-0.20302800426550294,false
75,1,10.8,-1.3088040979623747,-0.20715207294052243,false
75,1,10.9,-1.3016992151933446,-0.21118088299897547,false
75,1,11.0,-1.2945698194005069,-0.21511491325919752,false
75,1,11.1,-1.287414783114454,-0.2189546289110394,false
75,1,11.2,-1.2802329291242716,-0.22270048117236513,false
75,1,11.3,-1.2730230275892165,-0.226352906922461,false
75,1,11.4,-1.2657837929481972,-0.22991232831074213,false
75,1,11.5,-1.2585138806105372,-0.23337915233900958,false
75,1,11.6,-1.2512118834099726,-0.23675377041536538,false
75,1,11.7,-1.243876327802133,-0.240036557877734,false
75,1,11.8,-1.236505669783871,-0.24322787348476396,false
75,1,11.9,-1.2290982905107322,-0.2463280588716921,false
75,1,12.0,-1.221652491586549,-0.2493374379685431,false
75,1,12.1,-1.2141664899965883,-0.25225631637780577,false
75,1,12.2,-1.2066384126528422,-0.2550849807084743,false
75,1,12.3,-1.1990662905169056,-0.2578236978630633,false
75,1,12.4,-1.191448052262365,-0.2604727142738976,false
75,1,12.5,-1.1837815174347257,-0.26303225508463823,false
75,1,12.6,-1.1760643890625428,-0.26550252327263135,false
75,1,12.7,-1.1682942456685557,-0.2678836987072531,false
75,1,12.8,-1.1604685326241924,-0.2701759371389642,false
75,1,12.9,-1.1525845527847287,-0.2723793691132804,false
75,1,13.0,-1.1446394563355649,-0.274494098803303,false
75,1,13.1,-1.1366302297724473,-0.2765202027538262,false
75,1,13.2,-1.1285536839298718,-0.2784577285293467,false
75,1,13.3,-1.120406440962252,-0.28030669325752317,false
75,1,13.4,-1.1121849201715701,-0.2820670820587764,false
75,1,13.5,-1.1038853225629652,-0.28373884635175595,false
75,1,13.6,-1.095503613995887,-0.2853219020233285,false
75,1,13.7,-1.087035506782798,-0.28681612745054086,false
75,1,13.8,-1.0784764395697062,-0.28822136136066684,false
75,1,13.9,-1.0698215553127375,-0.2895374005139407,false
75,1,14.0,-1.0610656771421798,-0.2907639971918858,false
75,1,14.1,-1.0522032818795324,-0.29190085647224584,false
75,1,14.2,-1.0432284709436084,-0.2929476332693835,false
75,1,14.3,-1.0341349383481313,-0.2939039291165948,false
75,1,14.4,-1.0249159354548822,-0.29476928866406243,false
75,1,14.5,-1.0155642321025795,-0.29554319586308625,false
75,1,14.6,-1.0060720736814102,-0.2962250698037384,false
75,1,14.7,-0.9964311336655046,-0.2968142601691307,false
75,1,14.8,-0.9866324610494411,-0.2973100422649838,false
75,1,14.9,-0.976666422058717,-0.29771161157807374,false
75,1,15.0,-0.9665226354163902,-0.2980180778113021,false
75,1,15.1,-0.9561899003468752,-0.2982284583364866,false
75,1,15.2,-0.9456561163809238,-0.2983416709983707,false
75,1,15.3,-0.9349081938904945,-0.2983565261946523,false
75,1,15.4,-0.9239319541254161,-0.2982717181468618,false
75,1,15.5,-0.9127120173418316,-0.2980858152654742,false
75,1,15.6,-0.9012316774010741,-0.2977972494994765,false
75,1,15.7,-0.8894727609718484,-0.297404304545458,false
75,1,15.8,-0.877415469182451,-0.29690510277381094,false
75,1,15.9,-0.8650381992363441,-0.29629759070944606,false
75,1,16.0,-0.8523173431156136,-0.29557952288108824,false
75,1,16.1,-0.8392270600433179,-0.29474844382619486,false
75,1,16.2,-0.8257390188465858,-0.2938016680072225,false
75,1,16.3,-0.8118221057451221,-0.292736257358633,false
75,1,16.4,-0.7974420923703887,-0.29154899614184937,false
75,1,16.5,-0.7825612579833832,-0.29023636273637676,false
75,1,16.6,-0.7671379588864228,-0.28879449793838635,false
75,1,16.7,-0.7511261368984983,-0.28721916927195507,false
75,1,16.8,-0.7344747574665116,-0.2855057307414432,false
75,1,16.9,-0.7171271664997939,-0.2836490773646004,false
75,1,17.0,-0.6990203533313579,-0.2816435937232331,false
75,1,17.1,-0.6800841053248204,-0.27948309564990387,false
75,1,17.2,-0.6602400375770601,-0.2771607640334933,false
75,1,17.3,-0.6394004789598989,-0.27466906957216736,false
75,1,17.4,-0.6174671934955362,-0.27199968712861283,false
75,1,17.5,-0.5943299139457999,-0.2691433981498311,false
75,1,17.6,-0.5698646628154517,-0.26608997940493667,false
75,1,17.7,-0.5439318352202402,-0.26282807607549097,false
75,1,17.8,-0.5163740190451508,-0.25934505701588195,false
75,1,17.9,-0.48701353176494605,-0.2556268498072243,false
75,1,18.0,-0.4556496621468317,-0.2516577530925058,false
75,1,18.1,-0.4220556217451572,-0.2474202236603028,false
75,1,18.2,-0.3859752400521529,-0.24289463592930663,false
75,1,18.3,-0.3471194849317455,-0.238059012015183,false
75,1,18.4,-0.3051629660423383,-0.2328887216457891,false
75,1,18.5,-0.25974069681938594,-0.22735615314437305,false
75,1,18.6,-0.2104455686658164,-0.22143035998017005,false
75,1,18.7,-0.15682725317382937,-0.21507669263949983,false
75,1,18.8,-0.0983936227370902,-0.2082564336819105,false
75,1,18.9,-0.034616294532916564,-0.20092646595511363,false
75,1,19.0,0.03505742812218998,-0.1930390213879763,false
75,1,19.1,0.11118314629189889,-0.1845415818633691,false
75,1,19.2,0.19428461176579828,-0.17537703506518348,false
75,1,19.3,0.28480123434600824,-0.16548422574137192,false
75,1,19.4,0.38301380299261784,-0.15479908145473478,false
75,1,19.5,0.4889465406288413,-0.14325651957679306,false
75,1,19.6,0.6022488507789749,-0.13079333679957428,false
75,1,19.7,0.7220694855257563,-0.11735221052318474,false
75,1,19.8,0.8469490370425373,-0.10288676553242966,false
75,1,19.9,0.974770067990169,-0.08736735847921455,false
75,1,20.0,1.1028097823433731,-0.07078683919607034,false
75,1,20.1,1.2279272751331851,-0.05316518303982675,false
75,1,20.2,1.3468803497435837,-0.034551755283849295,false
75,1,20.3,1.4567148334529698,-0.015024259165147366,false
75,1,20.4,1.5551284613087695,0.005315842462038839,false
75,1,20.5,1.6407099493333597,0.026350699091257236,false
75,1,20.6,1.7129981228160724,0.04795477354996659,false
75,1,20.7,1.7723715813045657,0.07000321187257952,false
75,1,20.8,1.81983004091635,0.09237858564105608,false
75,1,20.9,1.8567433548123224,0.11497537729647445,false
75,1,21.0,1.8846278006934107,0.13770222237732296,false
75,1,21.1,1.9049800356170818,0.1604823371670904,false
75,1,21.2,1.9191735339043743,0.18325271155562398,false
75,1,21.3,1.9284073169586136,0.20596260939212077,false
75,1,21.4,1.9336916342657755,0.2285717913711452,false
75,1,21.5,1.9358561777145844,0.25104873295705504,false
75,1,21.6,1.9355698323904522,0.2733689905360568,false
75,1,21.7,1.9333646697610127,0.2955137843513889,false
75,1,21.8,1.929659899880518,0.31746881391394227,false
75,1,21.9,1.9247836007873838,0.33922329251980493,false
75,1,22.0,1.9189913581864662,0.3607691741595728,false
75,1,22.1,1.9124816930937716,0.3821005421238284,false
75,1,22.2,1.9054085290407494,0.40321312964737954,false
75,1,22.3,1.897891103105852,0.4241039462837435,false
75,1,22.4,1.8900217561524562,0.44477098780759583,false
75,1,22.5,1.8818720086179719,0.4652130114928226,false
75,1,22.6,1.8734972743843812,0.48542936223456545,false
75,1,22.7,1.8649405056421993,0.5054198380479002,false
75,1,22.8,1.856235005504489,0.5251845859824501,false
75,1,22.9,1.847406596257447,0.5447240214976493,false
75,1,23.0,1.8384752905026875,0.5640387659238942,false
75,1,23.1,1.8294565796218878,0.5831295978677556,false
75,1,23.2,1.8203624279753363,0.601997415374543,false
75,1,23.3,1.811202040884395,0.6206432063979545,false
75,1,23.4,1.8019824586529751,0.6390680256926964,false
75,1,23.5,1.792709016703273,0.6572729766804268,false
75,1,23.6,1.7833857025457727,0.675259197172524,false
75,1,23.7,1.7740154331355364,0.6930278480886011,false
75,1,23.8,1.7646002706822408,0.7105801045055974,false
75,1,23.9,1.7551415907872387,0.7279171485226601,false
75,1,24.0,1.7456402135732796,0.7450401635425947,false
75,1,24.1,1.7360965060179785,0.7619503296595924,false
75,1,24.2,1.726510461822097,0.778648819911472,false
75,1,24.3,1.7168817637018998,0.795136797207572,false
75,1,24.4,1.7072098318874962,0.8114154117843284,false
75,1,24.5,1.6974938617571151,0.8274857990722397,false
75,1,24.6,1.6877328528805637,0.843349077882494,false
75,1,24.7,1.6779256312378694,0.8590063488406094,false
75,1,24.8,1.6680708659864174,0.8744586930092842,false
75,1,24.9,1.6581670818451337,0.889707170654208,false
75,1,25.0,1.6482126679270923,0.9047528201155833,false
75,1,25.1,1.6382058836667912,0.9195966567551198,false
75,1,25.2,1.6281448623433195,0.9342396719537128,false
75,1,25.3,1.6180276125865547,0.9486828321392529,false
75,1,25.4,1.6078520181633587,0.9629270778272804,false
75,1,25.5,1.59761583626902,0.976973322659708,false
75,1,25.6,1.5873166944917354,0.990822452428733,false
75,1,25.7,1.576952086571432,1.0044753240744733,false
75,1,25.8,1.5665193670361948,1.017932764645877,false
75,1,25.9,1.5560157447679446,1.0311955702151463,false
75,1,26.0,1.5454382755222558,1.0442645047363341,false
75,1,26.1,1.5347838534040552,1.057140298838961,false
75,1,26.2,1.5240492012803804,1.069823648547488,false
75,1,26.3,1.513230860092574,1.0823152139172842,false
75,1,26.4,1.5023251770125887,1.0946156175773774,false
75,1,26.5,1.4913282923708318,1.1067254431697506,false
75,1,26.6,1.4802361252657417,1.1186452336742898,false
75,1,26.7,1.4690443577475363,1.130375489607653,false
75,1,26.8,1.457748417449885,1.141916667083355,false
75,1,26.9,1.4463434585232002,1.1532691757192008,false
75,1,27.0,1.4348243407013614,1.1644333763768675,false
75,1,27.1,1.4231856063095263,1.1754095787168892,false
75,1,27.2,1.4114214549937205,1.1861980385505473,false
75,1,27.3,1.3995257159226087,1.1967989549681453,false
75,1,27.4,1.3874918171775563,1.2072124672208688,false
75,1,27.5,1.375312752008126,1.2174386513308102,false
75,1,27.6,1.3629810415856514,1.2274775164007723,false
75,1,27.7,1.35048869383655,1.237329000592076,false
75,1,27.8,1.3378271578784562,1.2469929667347286,false
75,1,27.9,1.3249872735147339,1.2564691975299034,false
75,1,28.0,1.3119592151649437,1.2657573902996313,false
75,1,28.1,1.2987324295185267,1.2748571512328253,false
75,1,28.2,1.2852955660941576,1.283767989070133,false
75,1,28.3,1.271636399765326,1.2924893081624944,false
75,1,28.4,1.2577417441706311,1.3010204008295099,false
75,1,28.5,1.2435973547613492,1.3093604389336146,false
75,1,28.6,1.2291878200446535,1.317508464574368,false
75,1,28.7,1.2144964393531525,1.3254633797936355,false
75,1,28.8,1.1995050852038665,1.3332239351667483,false
75,1,28.9,1.1841940479947874,1.3407887171364803,false
75,1,29.0,1.1685418604156688,1.3481561339254329,false
75,1,29.1,1.1525250985107158,1.3553243998376208,false
75,1,29.2,1.136118155811255,1.3622915177310515,false
75,1,29.3,1.1192929863404235,1.3690552594091125,false
75,1,29.4,1.102018811560489,1.3756131436386883,false
75,1,29.5,1.084261785463829,1.3819624114560156,false
75,1,29.6,1.0659846109737214,1.388099998366003,false
75,1,29.7,1.0471460995886213,1.3940225029754996,false
75,1,29.8,1.0277006647353566,1.399726151523892,false
75,1,29.9,1.0075977375479919,1.4052067576831526,false
75,1,30.0,0.986781091708411,1.4104596768913724,false
75,1,30.1,0.9651880615135988,1.415479754355689,false
75,1,30.2,0.9427486344091703,1.4202612657086655,false
75,1,30.3,0.9193843957822183,1.4247978491222653,false
75,1,30.4,0.8950072997757049,1.429082427470755,false
75,1,30.5,0.8695182352228567,1.4331071188827973,false
75,1,30.6,0.8428053504895517,1.4368631337280233,false
75,1,30.7,0.8147420951110733,1.440340655739114,false
75,1,30.8,0.7851849297994249,1.4435287045724892,false
75,1,30.9,0.7539706500836258,1.4464149766574195,false
75,1,31.0,0.7209132633107208,1.448985660678316,false
75,1,31.1,0.6858003553905283,1.4512252234915155,false
75,1,31.2,0.6483888849513618,1.4531161617266197,false
75,1,31.3,0.608400352584896,1.45463871382308,false
75,1,31.4,0.5655153183343801,1.455770526913259,false
75,1,31.5,0.5193672923988139,1.4564862729702663,false
75,1,31.6,0.4695361194274632,1.4567572093045573,false
75,1,31.7,0.4155411425320927,1.4565506803263566,false
75,1,31.8,0.35683470972212605,1.455829561301169,false
75,1,31.9,0.29279703182144823,1.4545516518689563,false
75,1,32.0,0.22273409808005268,1.452669039260977,false
75,1,32.1,0.1458814042931471,1.450127471143947,false
75,1,32.2,0.061417748746334155,1.4468658094892817,false
75,1,32.3,-0.03150465602140734,1.4428156841333117,false
75,1,32.4,-0.13370518275251103,1.4379015316589383,false
75,1,32.5,-0.24588430380548815,1.432041292390691,false
75,1,32.6,-0.368486844206402,1.4251481365561471,false
75,1,32.7,-0.5015127908582487,1.4171336707876205,false
75,1,32.8,-0.6442831374215919,1.407913075521821,false
75,1,32.9,-0.7951948652282603,1.3974124404045958,false
75,1,33.0,-0.9515370829702479,1.3855780815396521,false
75,1,33.1,-1.1094743316336184,1.372386796598365,false
75,1,33.2,-1.264300776468095,1.3578550176405069,false
75,1,33.3,-1.4109969724051894,1.342044156349035,false
75,1,33.4,-1.5449845488085758,1.3250597610182002,false
75,1,33.5,-1.6628470633703096,1.3070437129713335,false
75,1,33.6,-1.7627689895717273,1.288161007699433,false
75,1,33.7,-1.8445699558991997,1.2685844433381634,false
75,1,33.8,-1.9093929747607594,1.24848080036199,false
75,1,33.9,-1.9592219481680029,1.2280009136722694,false
75,1,34.0,-1.9964063122689368,1.2072743214265882,false
75,1,34.1,-2.0232995370679796,1.1864078364899722,false
75,1,34.2,-2.0420391349596088,1.165486789702638,false
75,1,34.3,-2.0544463181061468,1.144577704494727,false
75,1,34.4,-2.062006530580313,1.123731470303079,false
75,1,34.5,-2.0658950780055263,1.1029864404649268,false
75,1,34.6,-2.0670223048113243,1.082371167433877,false
75,1,34.7,-2.066082951703826,1.0619066762104836,false
75,1,34.8,-2.06360184172803,1.041608281677136,false
75,1,34.9,-2.0599727354458417,1.0214870039896073,false
75,1,35.0,-2.055489763511264,1.001550651648527,false
75,1,35.1,-2.0503720602831055,0.9818046404324836,false
75,1,35.2,-2.044782670923214,0.9622526076833676,false
75,1,35.3,-2.0388428631618556,0.9428968707016321,false
75,1,35.4,-2.0326428611189566,0.9237387677281634,false
75,1,35.5,-2.0262498473621546,0.9047789111506406,false
75,1,35.6,-2.019713906051381,0.8860173754042788,false
75,1,35.7,-2.013072427467538,0.8674538364245132,false
75,1,35.8,-2.0063533690663204,0.8490876752119473,false
75,1,35.9,-1.9995776696108407,0.8309180548273074,false
75,1,36.0,-1.992761037220981,0.8129439777107863,false
75,1,36.1,-1.9859152749723759,0.7951643284203597,false
75,1,36.2,-1.9790492649208504,0.7775779055522356,false
75,1,36.3,-1.9721696996943754,0.760183445623928,false
75,1,36.4,-1.9652816273481422,0.7429796409759883,false
75,1,36.5,-1.9583888579019575,0.7259651532144881,false
75,1,36.6,-1.951494267267632,0.7091386233226677,false
75,1,36.7,-1.9446000249260271,0.6924986792796776,false
75,1,36.8,-1.9377077648379133,0.676043941809729,false
75,1,36.9,-1.9308187140125146,0.6597730287262142,false
75,1,37.0,-1.9239337894294843,0.6436845582177011,false
75,1,37.1,-1.917053671259816,0.6277771513353904,false
75,1,37.2,-1.9101788582993067,0.6120494338766731,false
75,1,37.3,-1.903309710024498,0.5965000378110438,false
75,1,37.4,-1.8964464785662825,0.5811276023584937,false
75,1,37.5,-1.889589333068397,0.5659307748034875,false
75,1,37.6,-1.8827383782819258,0.5509082111073641,false
75,1,37.7,-1.875893668787524,0.5360585763667873,false
75,1,37.8,-1.8690552198938843,0.5213805451544141,false
75,1,37.9,-1.8622230160040367,0.5068728017693105,false
75,1,38.0,-1.8553970170483365,0.49253404041811055,false
75,1,38.1,-1.848577163438137,0.478362965342971,false
75,1,38.2,-1.8417633798850264,0.46435829090861425,false
75,1,38.3,-1.8349555783481615,0.450518741657901,false
75,1,38.4,-1.8281536603099433,0.43684305234319476,false
75,1,38.5,-1.82135751853309,0.4233299679391179,false
75,1,38.6,-1.8145670384163128,0.4099782436410292,false
75,1,38.7,-1.8077820990385427,0.3967866448525746,false
75,1,38.8,-1.8010025739608462,0.3837539471649162,false
75,1,38.9,-1.7942283318392949,0.3708789363296656,false
75,1,39.0,-1.7874592368898903,0.3581604082271052,false
75,1,39.1,-1.7806951492373082,0.345597168830934,false
75,1,39.2,-1.7739359251720692,0.33318803417051335,false
75,1,39.3,-1.7671814173352078,0.32093183029137673,false
75,1,39.4,-1.7604314748452567,0.30882739321461156,false
75,1,39.5,-1.7536859433790624,0.2968735688955943,false
75,1,39.6,-1.7469446652153955,0.28506921318246425,false
75,1,39.7,-1.7402074792483346,0.2734131917746452,false
75,1,39.8,-1.7334742209758551,0.2619043801816662,false
75,1,39.9,-1.7267447224678523,0.25054166368248626,false
75,1,40.0,-1.7200188123168796,0.2393239372854917,false
75,1,40.1,-1.7132963155741527,0.22825010568930768,false
75,1,40.2,-1.7065770536727756,0.2173190832445438,false
75,1,40.3,-1.6998608443396963,0.2065297939165766,false
75,1,40.4,-1.6931475014975306,0.19588117124945925,false
75,1,40.5,-1.6864368351571004,0.1853721583310389,false
75,1,40.6,-1.6797286513013086,0.17500170775935509,false
75,1,40.7,-1.6730227517607774,0.16476878161038697,false
75,1,40.8,-1.6663189340815334,0.15467235140721367,false
75,1,40.9,-1.659616991384892,0.14471139809064948,false
75,1,41.0,-1.6529167122195942,0.13488491199141428,false
75,1,41.1,-1.646217880406168,0.12519189280389895,false
75,1,41.2,-1.6395202748734012,0.11563134956158602,false
75,1,41.3,-1.6328236694867626,0.10620230061418613,false
75,1,41.4,-1.6261278328685431,0.09690377360655267,false
75,1,41.5,-1.6194325282094475,0.08773480545943886,false
75,1,41.6,-1.6127375130713086,0.07869444235216318,false
75,1,41.7,-1.6060425391805686,0.06978173970725252,false
75,1,41.8,-1.5993473522121158,0.06099576217713474,false
75,1,41.9,-1.5926516915630364,0.05233558363295626,false
75,1,42.0,-1.5859552901157952,0.04380028715560354,false
75,1,42.1,-1.5792578739903191,0.03538896502901164,false
75,1,42.2,-1.5725591622844186,0.027100718735847427,false
75,1,42.3,-1.565858866801938,0.018934658955659565,false
75,1,42.4,-1.5591566917679844,0.010889905565592705,false
75,1,42.5,-1.5524523335305365,0.0029655876437686725,false
75,1,42.6,-1.5457454802476847,-0.00483915652455667,false
75,1,42.7,-1.5390358115597096,-0.012525179437945951,false
75,1,42.8,-1.5323229982451434,-0.020093324366720573,false
75,1,42.9,-1.5256067018599058,-0.027544425337759745,false
75,1,43.0,-1.518886574358546,-0.03487930711602201,false
75,1,43.1,-1.5121622576965497,-0.042098785182644344,false
75,1,43.2,-1.5054333834126064,-0.049203665709465445,false
75,1,43.3,-1.4986995721896523,-0.05619474552981037,false
75,1,43.4,-1.4919604333934275,-0.06307281210536357,false
75,1,43.5,-1.4852155645871892,-0.06983864348894694,false
75,1,43.6,-1.4784645510211427,-0.07649300828300759,false
75,1,43.7,-1.4717069650950376,-0.08303666559360819,false
75,1,43.8,-1.464942365792276,-0.08947036497969914,false
75,1,43.9,-1.458170298083757,-0.09579484639743852,false
75,1,44.0,-1.451390292299559,-0.10201084013930939,false
75,1,44.1,-1.4446018634664188,-0.10811906676776914,false
75,1,44.2,-1.4378045106088257,-0.1141202370431472,false
75,1,44.3,-1.4309977160113787,-0.12001505184548938,false
75,1,44.4,-1.4241809444398923,-0.12580420209002646,false
75,1,44.5,-1.417353642318539,-0.13148836863592378,false
75,1,44.6,-1.4105152368601195,-0.13706822218794434,false
75,1,44.7,-1.403665135146326,-0.1425444231906342,false
75,1,44.8,-1.396802723154628,-0.14791762171461095,false
75,1,44.9,-1.3899273647281483,-0.15318845733450737,false
75,1,45.0,-1.3830384004846106,-0.1583575589980914,false
75,1,45.1,-1.3761351466601413,-0.1634255448860496,false
75,1,45.2,-1.3692168938833602,-0.1683930222618842,false
75,1,45.3,-1.3622829058748434,-0.1732605873113357,false
75,1,45.4,-1.3553324180666335,-0.17802882497069905,false
75,1,45.5,-1.3483646361360455,-0.18269830874335644,false
75,1,45.6,-1.3413787344475383,-0.1872696005037988,false
75,1,45.7,-1.334373854395909,-0.191743250288355,false
75,1,45.8,-1.3273491026434974,-0.19611979607178848,false
75,1,45.9,-1.3203035492434714,-0.20039976352885716,false
75,1,46.0,-1.313236225640588,-0.20458366577986437,false
75,1,46.1,-1.3061461225400768,-0.20867200311915235,false
75,1,46.2,-1.2990321876344821,-0.21266526272540867,false
75,1,46.3,-1.291893323177405,-0.216563918352567,false
75,1,46.4,-1.284728383392102,-0.22036842999998668,false
75,1,46.5,-1.2775361717018128,-0.22407924356048992,false
75,1,46.6,-1.2703154377675097,-0.2276967904447201,false
75,1,46.7,-1.2630648743174346,-0.23122148718015925,false
75,1,46.8,-1.255783113751357,-0.23465373498300432,false
75,1,46.9,-1.2484687245008796,-0.23799391930095257,false
75,1,47.0,-1.2411202071253602,-0.24124240932478017,false
75,1,47.1,-1.2337359901210614,-0.24439955746641914,false
75,1,47.2,-1.2263144254189842,-0.24746569880103794,false
75,1,47.3,-1.2188537835444415,-0.25044115047041504,false
75,1,47.4,-1.2113522484087729,-0.2533262110446545,false
75,1,47.5,-1.203807911700651,-0.256121159839031,false
75,1,47.6,-1.1962187668411481,-0.25882625618245997,false
75,1,47.7,-1.1885827024630775,-0.2614417386337722,false
75,1,47.8,-1.1808974953710585,-0.2639678241416174,false
75,1,47.9,-1.1731608029342107,-0.2664047071434338,false
75,1,48.0,-1.1653701548583124,-0.26875255859848945,false
75,1,48.1,-1.157522944278595,-0.2710115249495267,false
75,1,48.2,-1.1496164181079886,-0.2731817270070102,false
75,1,48.3,-1.1416476665685305,-0.27526325874939733,false
75,1,48.4,-1.1336136118256586,-0.27725618603219615,false
75,1,48.5,-1.1255109956361478,-0.2791605451978551,false
75,1,48.6,-1.1173363659103508,-0.28097634157772267,false
75,1,48.7,-1.1090860620780432,-0.2827035478764177,false
75,1,48.8,-1.1007561991343437,-0.2843421024279501,false
75,1,48.9,-1.0923426502277065,-0.285891907311812,false
75,1,49.0,-1.08384102763559,-0.2873528263160074,false
75,1,49.1,-1.0752466619548697,-0.2887246827325849,false
75,1,49.2,-1.066554579313004,-0.2900072569696655,false
75,1,49.3,-1.0577594763820815,-0.29120028396218767,false
75,1,49.4,-1.048855692950683,-0.2923034503616045,false
75,1,49.5,-1.0398371817775383,-0.29331639148252686,false
75,1,49.6,-1.0306974754156393,-0.2942386879817791,false
75,1,49.7,-1.0214296496551212,-0.2950698622424793,false
75,1,49.8,-1.0120262831870694,-0.2958093744325261,false
75,1,49.9,-1.0024794130375123,-0.2964566182032148,false
75,1,50.0,-0.9927804852601694,-0.2970109159895526,false
75,1,50.1,-0.982920300306773,-0.29747151386912535,false
75,1,50.2,-0.9728889524134945,-0.2978375759309959,false
75,1,50.3,-0.9626757622494628,-0.2981081780999939,false
75,1,50.4,-0.9522692019665382,-0.29828230135476635,false
75,1,50.5,-0.9416568116659956,-0.2983588242699676,false
75,1,50.6,-0.9308251061548001,-0.29833651480381435,false
75,1,50.7,-0.9197594706984075,-0.298214021241734,false
75,1,50.8,-0.908444044284628,-0.2979898621947774,false
75,1,50.9,-0.8968615886894922,-0.2976624155375907,false
75,1,51.0,-0.8849933413759077,-0.2972299061547597,false
75,1,51.1,-0.8728188499529173,-0.29669039234589517,false
75,1,51.2,-0.8603157855702305,-0.2960417507185187,false
75,1,51.3,-0.8474597322108478,-0.29528165937315654,false
75,1,51.4,-0.8342239483641019,-0.2944075791564954,false
75,1,51.5,-0.8205790970008698,-0.29341673272534724,false
75,1,51.6,-0.8064929391189795,-0.2923060811257519,false
75,1,51.7,-0.7919299853651995,-0.29107229754693303,false
75,1,51.8,-0.776851099354323,-0.28971173785799903,false
75,1,51.9,-0.7612130452780594,-0.28822040747507927,false
75,1,52.0,-0.7449679712084962,-0.28659392403668427,false
75,1,52.1,-0.7280628181350681,-0.28482747528399593,false
75,1,52.2,-0.7104386432154688,-0.2829157714489131,false
75,1,52.3,-0.6920298439613123,-0.2808529913442793,false
75,1,52.4,-0.6727632681226063,-0.2786327212260713,false
75,1,52.5,-0.6525571919069868,-0.2762478853548418,false
75,1,52.6,-0.6313201469324999,-0.27369066702219347,false
75,1,52.7,-0.6089495740882028,-0.2709524186271595,false
75,1,52.8,-0.5853302804811593,-0.2680235591882371,false
75,1,52.9,-0.5603326742456396,-0.264893457463228,false
75,1,53.0,-0.5338107517732188,-0.26155029862903056,false
75,1,53.1,-0.5055998138333954,-0.25798093226201513,false
75,1,53.2,-0.47551389256465876,-0.25417069918230145,false
75,1,53.3,-0.4433428826885821,-0.2501032346245432,false
75,1,53.4,-0.4088493909666829,-0.24576024524155712,false
75,1,53.5,-0.3717653530126815,-0.24112125774145568,false
75,1,53.6,-0.33178852363696926,-0.23616333766670092,false
75,1,53.7,-0.2885790368040109,-0.23086077819000356,false
75,1,53.8,-0.24175636924823998,-0.22518476118956246,false
75,1,53.9,-0.19089724828395066,-0.2191029967975061,false
75,1,54.0,-0.13553534515225713,-0.2125793538220095,false
75,1,54.1,-0.07516401932201003,-0.20557350290547993,false
75,1,54.2,-0.009243951325506664,-0.198040608226288,false
75,1,54.3,0.06278177477321148,-0.1899311233461048,false
75,1,54.4,0.1414617570032629,-0.18119077361008587,false
75,1,54.5,0.22729540157232048,-0.1717608414941381,false
75,1,54.6,0.3206726806986986,-0.16157891013930592,false
75,1,54.7,0.4217910104049489,-0.15058025673646283,false
75,1,54.8,0.5305489002621138,-0.13870010591353052,false
75,1,54.9,0.6464227289437134,-0.12587692731080405,false
75,1,55.0,0.7683439634514735,-0.11205685480092889,false
75,1,55.1,0.894608052422626,-0.09719908258202427,false
75,1,55.2,1.0228578825690418,-0.08128174980988509,false
75,1,55.3,1.150184566380349,-0.06430742318075491,false
75,1,55.4,1.2733664771864337,-0.046306982600247674,false
75,1,55.5,1.3892226751478856,-0.02734072353571395,false
75,1,55.6,1.495005316747746,-0.007495958878945493,false
75,1,55.7,1.5887269293579773,0.013118739738559777,false
75,1,55.8,1.6693351085896149,0.034381607187503424,false
75,1,55.9,1.7367035760269052,0.05616644719638392,false
75,1,56.0,1.791472479611043,0.07835051177880165,false
75,1,56.1,1.8348090967294752,0.10082043405720341,false
75,1,56.2,1.8681615812713752,0.12347584360486341,false
75,1,56.3,1.8930548558842828,0.14623086554894843,false
75,1,56.4,1.910948456042344,0.16901401684044778,false
75,1,56.5,1.9231542015630945,0.19176708206384585,false
75,1,56.6,1.9308006021403197,0.21444346913368315,false
75,1,56.7,1.9348285071460771,0.2370064055264643,false
75,1,56.8,1.9360047211345817,0.2594271990823625,false
75,1,56.9,1.9349440164905172,0.2816836807689172,false
75,1,57.0,1.9321334807890307,0.303758874829973,false
75,1,57.1,1.9279558065433882,0.3256398988019636,false
75,1,57.2,1.9227099149055946,0.3473170735759925,false
75,1,57.3,1.916628380402728,0.36878321447737106,false
75,1,57.4,1.9098917086391023,0.39003307264398906,false
75,1,57.5,1.9026397953173542,0.4110628981333689,false
75,1,57.6,1.8949809927395465,0.4318700999551512,false
75,1,57.7,1.8869992129868955,0.4524529823772214,false
75,1,57.8,1.878759455577749,0.47281054077003093,false
75,1,57.9,1.8703120898310592,0.4929423036721728,false
75,1,58.0,1.8616961631204205,0.5128482106116449,false
75,1,58.1,1.8529419525255193,0.5325285175279226,false
75,1,58.2,1.844072931589684,0.5519837234769827,false
75,1,58.3,1.83510728627845,0.5712145137430061,false
75,1,58.4,1.826059084089724,0.5902217156017537,false
75,1,58.5,1.816939176500012,0.6090062638474907,false
75,1,58.6,1.8077558964011435,0.6275691738628966,false
75,1,58.7,1.7985155978437066,0.6459115205241829,false
75,1,58.8,1.7892230743654196,0.6640344216270077,false
75,1,58.9,1.7798818837135468,0.6819390248203637,false
75,1,59.0,1.770494600285493,0.6996264972668708,false
75,1,59.1,1.7610630116512127,0.7170980174253132,false
75,1,59.2,1.751588271727776,0.7343547684875089,false
75,1,59.3,1.7420710202749243,0.7513979331063396,false
75,1,59.4,1.7325114761594609,0.7682286891324202,false
75,1,59.5,1.722909510134443,0.78484820613907,false
75,1,59.6,1.7132647015732743,0.8012576425632794,false
75,1,59.7,1.703576382595222,0.817458143327519,false
75,1,59.8,1.6938436722462238,0.8334508378360346,false
75,1,59.9,1.6840655028028555,0.8492368382616114,false
75,1,60.0,1.674240639806556,0.8648172380561618,false
75,1,60.1,1.6643676970782022,0.880193110631999,false
75,1,60.2,1.6544451476857744,0.8953655081711854,false
75,1,60.3,1.6444713316217676,0.9103354605285385,false
75,1,60.4,1.634444460778132,0.9251039742002585,false
75,1,60.5,1.624362621674034,0.9396720313351041,false
75,1,60.6,1.614223776287326,0.9540405887688885,false
75,1,60.7,1.6040257612579298,0.9682105770660268,false
75,1,60.8,1.5937662856653796,0.982182899554135,false
75,1,60.9,1.5834429275297746,0.9959584313393824,false
75,1,61.0,1.5730531291423304,1.0095380182915548,false
75,1,61.1,1.5625941912962844,1.0229224759886688,false
75,1,61.2,1.5520632664592904,1.0361125886115687,false
75,1,61.3,1.541457350903159,1.049109107779256,false
75,1,61.4,1.5307732757847252,1.0619127513158195,false
75,1,61.5,1.520007697151817,1.0745242019397467,false
75,1,61.6,1.5091570848299771,1.0869441058661444,false
75,1,61.7,1.4982177101281235,1.0991730713119756,false
75,1,61.8,1.4871856322841572,1.11121166689385,false
75,1,61.9,1.4760566835541369,1.1230604199071776,false
75,1,62.0,1.4648264528305988,1.1347198144746091,false
75,1,62.1,1.4534902676564474,1.1461902895506442,false
75,1,62.2,1.4420431744801532,1.1574722367680623,false
75,1,62.3,1.430479916975316,1.168565998110423,false
75,1,62.4,1.4187949122225092,1.179471863393261,false
75,1,62.5,1.4069822245231767,1.1901900675347508,false
75,1,62.6,1.3950355365836407,1.2007207875945023,false
75,1,62.7,1.382948117771334,1.2110641395567454,false
75,1,62.8,1.370712789104428,1.221220174831419,false
75,1,62.9,1.3583218845892202,1.2311888764435586,false
75,1,63.0,1.3457672084659658,1.24097015487782,false
75,1,63.1,1.3330399878620645,1.2505638435409157,false
75,1,63.2,1.3201308202802848,1.259969693800098,false
75,1,63.3,1.3070296152673198,1.2691873695505214,false
75,1,63.4,1.2937255295125203,1.2782164412582275,false
75,1,63.5,1.2802068945157594,1.2870563794185206,false
75,1,63.6,1.2664611358343298,1.2957065473614666,false
75,1,63.7,1.2524746827682292,1.3041661933270094,false
75,1,63.8,1.238232867167246,1.312434441721516,false
75,1,63.9,1.223719809837188,1.320510283455226,false
75,1,64.0,1.2089182927807607,1.3283925652457802,false
75,1,64.1,1.1938096152242708,1.336079977756398,false
75,1,64.2,1.178373431046331,1.3435710424179685,false
75,1,64.3,1.162587564829373,1.3508640967618042,false
75,1,64.4,1.1464278032872814,1.3579572780635234,false
75,1,64.5,1.1298676582687535,1.3648485050677552,false
75,1,64.6,1.112878096879156,1.3715354575272927,false
75,1,64.7,1.0954272334833584,1.378015553247933,false
75,1,64.8,1.0774799774239825,1.3842859222803732,false
75,1,64.9,1.0589976291847136,1.3903433778417102,false
75,1,65.0,1.0399374164123487,1.3961843834796641,false
75,1,65.1,1.0202519596435906,1.4018050159105138,false
75,1,65.2,0.9998886557159865,1.4072009228645237,false
75,1,65.3,0.978788964622693,1.4123672751574439,false
75,1,65.4,0.9568875829372487,1.4172987120701244,false
75,1,65.5,0.934111483821772,1.421989278956453,false
75,1,65.6,0.9103787999736247,1.4264323558081997,false
75,1,65.7,0.8855975216020795,1.4306205752788501,false
75,1,65.8,0.8596639766194083,1.4345457284016665,false
75,1,65.9,0.8324610546871976,1.4381986559243836,false
75,1,66.0,0.8038561306733327,1.4415691228189955,false
75,1,66.1,0.7736986367000438,1.4446456731064239,false
75,1,66.2,0.7418172258227309,1.4474154616623505,false
75,1,66.3,0.7080164654550035,1.449864059148782,false
75,1,66.4,0.6720729966862745,1.451975225664723,false
75,1,66.5,0.6337310995948802,1.453730648168432,false
75,1,66.6,0.5926976194901937,1.4551096362681888,false
75,1,66.7,0.5486362428003834,1.4560887707414623,false
75,1,66.8,0.5011611770120892,1.4566414993508354,false
75,1,66.9,0.4498304070470625,1.4567376755548505,false
75,1,67.0,0.394138902090344,1.4563430381702884,false
75,1,67.1,0.33351247900232883,1.4554186348867946,false
75,1,67.2,0.26730355802062694,1.4539202012342498,false
75,1,67.3,0.19479086273901514,1.4517975213327303,false
75,1,67.4,0.11518632373857267,1.4489938205726685,false
75,1,67.5,0.02765413191753517,1.4454452772363156,false
75,1,67.6,-0.06865095885110226,1.4410807943507433,false
75,1,67.7,-0.17451665610131709,1.4358222478698306,false
75,1,67.8,-0.2905664774858395,1.4295855204712733,false
75,1,67.9,-0.41710360155192583,1.4222827266518248,false
75,1,68.0,-0.553902839790501,1.4138260941827667,false
75,1,68.1,-0.699966552356388,1.4041339117046352,false
75,1,68.2,-0.8532919228783077,1.3931386690290113,false
75,1,68.3,-1.0107362070854666,1.3807969013663401,false
75,1,68.4,-1.168091457192394,1.3670993204288227,false
75,1,68.5,-1.320454680616572,1.3520788684755527,false
75,1,68.6,-1.4628791279172213,1.3358139650900123,false
75,1,68.7,-1.59114759942306,1.3184250274847749,false
75,1,68.8,-1.7024127422429056,1.3000643369184808,false
75,1,68.9,-1.7954889544639683,1.2809015952572382,false
75,1,69.0,-1.870741496372878,1.2611087914372554,false
75,1,69.1,-1.929687745687748,1.2408476493986247,false
75,1,69.2,-1.9744994859086609,1.2202614207551306,false
75,1,69.3,-2.0075623340077673,1.1994711276616172,false
75,1,69.4,-2.031167451680681,1.1785752909335225,false
75,1,69.5,-2.047340436321279,1.1576518414834962,false
75,1,69.6,-2.0577759286991504,1.136761071034069,false
75,1,69.7,-2.063838732077136,1.1159488269627802,false
75,1,69.8,-2.06659916428082,1.0952494958106505,false
75,1,69.9,-2.066881130531933,1.074688570002644,false
75,1,70.0,-2.0653107179931145,1.054284746246667,false
75,1,70.1,-2.062359518162204,1.0340515846471374,false
75,1,70.2,-2.058380683948524,1.0139987913206712,false
75,1,70.3,-2.0536377069363136,0.9941331949393403,false
75,1,70.4,-2.0483267719731226,0.9744594826211709,false
75,1,70.5,-2.0425938147045652,0.9549807507000937,false
75,1,70.6,-2.036547382933836,0.9356989151534042,false
75,1,70.7,-2.0302682578760476,0.9166150166609578,false
75,1,70.8,-2.023816615097045,0.8977294470554743,false
75,1,70.9,-2.0172373378280066,0.8790421173614423,false
75,1,71.0,-2.0105639528168533,0.8605525825310208,false
75,1,71.1,-2.0038215439906875,0.8422601341128041,false
75,1,71.2,-1.9970289096817357,0.8241638691790983,false
75,1,71.3,-1.9902001608931528,0.8062627416682037,false
75,1,71.4,-1.9833459067317578,0.7885556006899321,false
75,1,71.5,-1.9764741348694637,0.7710412191540886,false
75,1,71.6,-1.969590866550114,0.7537183152049203,false
75,1,71.7,-1.962700644740742,0.7365855682983214,false
75,1,71.8,-1.955806898623513,0.7196416312822621,false
75,1,71.9,-1.9489122162949337,0.7028851394896294,false
75,1,72.0,-1.9420185492071735,0.6863147175933598,false
75,1,72.1,-1.935127365757163,0.6699289847820745,false
75,1,72.2,-1.9282397669165257,0.6537265586725504,false
75,1,72.3,-1.9213565734692868,0.6377060582701611,false
75,1,72.4,-1.9144783919692783,0.6218661062102827,false
75,1,72.5,-1.9076056647142687,0.6062053304555003,false
75,1,72.6,-1.9007387076898998,0.5907223655800973,false
75,1,72.7,-1.8938777394394701,0.575415853740905,false
75,1,72.8,-1.8870229030745833,0.56028444540934,false
75,1,72.9,-1.8801742830898123,0.5453267999212577,false
75,1,73.0,-1.8733319182327708,0.5305415858875735,false
75,1,73.1,-1.866495811373113,0.5159274814982977,false
75,1,73.2,-1.8596659370833366,0.5014831747448506,false
75,1,73.3,-1.8528422474711181,0.48720736357964023,false
75,1,73.4,-1.846024676672668,0.4730987560274259,false
75,1,73.5,-1.8392131443184097,0.4591560702595994,false
75,1,73.6,-1.8324075582081394,0.4453780346399403,false
75,1,73.7,-1.8256078163766958,0.4317633877484307,false
75,1,73.8,-1.8188138086886065,0.4183108783882155,false
75,1,73.9,-1.8120254180678308,0.4050192655796393,false
75,1,74.0,-1.8052425214440853,0.39188731854441,false
75,1,74.1,-1.7984649904784475,0.37891381668225904,false
75,1,74.2,-1.7916926921165615,0.366097549541945,false
75,1,74.3,-1.7849254890067556,0.353437316788044,false
75,1,74.4,-1.7781632398119414,0.34093192816465784,false
75,1,74.5,-1.7714057994376473,0.3285802034569288,false
75,1,74.6,-1.7646530191935488,0.3163809724510637,false
75,1,74.7,-1.7579047469019609,0.30433307489342276,false
75,1,74.8,-1.75116082696379,0.29243536044911594,false
75,1,74.9,-1.7444211003900987,0.2806866886604621,false
75,1,75.0,-1.7376854048056372,0.269085928905596,false
75,2,75.0,0.371926492535351,1.3965132002575302,true
75,2,75.1,0.31548573767357846,1.3958429243468276,false
75,2,75.2,0.25376292350277235,1.3946364536606062,false
75,2,75.3,0.18610028932493153,1.3928463359912848,false
75,2,75.4,0.11177752777678984,1.390419144018932,false
75,2,75.5,0.030026566808346866,1.3872950042454983,false
75,2,75.6,-0.05993813846153996,1.3834073309374737,false
75,2,75.7,-0.1588661328887913,1.378682939476952,false
75,2,75.8,-0.26738509114458564,1.3730427903538363,false
75,2,75.9,-0.38587359252832576,1.3664036986517134,false
75,2,76.0,-0.5142881745681136,1.358681407033077,false
75,2,76.1,-0.6519527550236061,1.3497954075943102,false
75,2,76.2,-0.7973417523668054,1.3396757229353782,false
75,2,76.3,-0.9479203016156607,1.328271424639177,false
75,2,76.4,-1.100132747923276,1.3155599485492804,false
75,2,76.5,-1.2496276055503388,1.3015554155496523,false
75,2,76.6,-1.3917466081665142,1.2863136000328415,false
75,2,76.7,-1.5221917199609343,1.2699314485093587,false
75,2,76.8,-1.6376755072479117,1.2525403905672936,false
75,2,76.9,-1.7363397993133665,1.2342946590728017,false
75,2,77.0,-1.8178250277243717,1.215357429531894,false
75,2,77.1,-1.8830251566214447,1.1958879481420914,false
75,2,77.2,-1.9336707802138973,1.1760319164490487,false
75,2,77.3,-1.9718971866922885,1.155915941831373,false
75,2,77.4,-1.9999003451653492,1.135645635656025,false
75,2,77.5,-2.019715572888208,1.1153063201561726,false
75,2,77.6,-2.0331065088338662,1.094965232438943,false
75,2,77.7,-2.0415327220182635,1.0746743430510524,false
75,2,77.8,-2.0461639366965843,1.0544732148680813,false
75,2,77.9,-2.047916604134073,1.0343915930750383,false
75,2,78.0,-2.047497401630213,1.0144516003810173,false
75,2,78.1,-2.045445244896237,0.9946695198900367,false
75,2,78.2,-2.0421680185788573,0.9750572023884839,false
75,2,78.3,-2.0379729000823135,0.9556231558325036,false
75,2,78.4,-2.0330905098797576,0.9363733776972368,false
75,2,78.5,-2.0276936971004984,0.9173119851894403,false
75,2,78.6,-2.0219119235126657,0.8984416895786109,false
75,2,78.7,-2.0158421612101143,0.8797641518565131,false
75,2,78.8,-2.009557091115885,0.8612802488290067,false
75,2,78.9,-2.00311124295185,0.8429902719881279,false
75,2,79.0,-1.996545580947628,0.8248940761153818,false
75,2,79.1,-1.989890923779815,0.8069911903691097,false
75,2,79.2,-1.983170493828354,0.789280901399522,false
75,2,79.3,-1.976401817794093,0.7717623156097014,false
75,2,79.4,-1.9695981447306816,0.7544344058619945,false
75,2,79.5,-1.9627695051846052,0.7372960465718226,false
75,2,79.6,-1.9559235033685134,0.7203460401210634,false
75,2,79.7,-1.949065910602871,0.7035831367730969,false
75,2,79.8,-1.9422011106588384,0.687006049714924,false
75,2,79.9,-1.935332434584485,0.67061346643861,false
75,2,80.0,-1.9284624129302501,0.6544040573674982,false
75,2,80.1,-1.9215929661321274,0.6383764824045991,false
75,2,80.2,-1.9147255485094652,0.6225293959108572,false
75,2,80.3,-1.9078612574044067,0.6068614504945214,false
75,2,80.4,-1.901000916073716,0.5913712998984347,false
75,2,80.5,-1.8941451367767779,0.5760576012014604,false
75,2,80.6,-1.887294368890944,0.5609190164973743,false
75,2,80.7,-1.8804489356833178,0.5459542141748541,false
75,2,80.8,-1.8736090624704709,0.5311618698923468,false
75,2,80.9,-1.8667748982260781,0.5165406673190942,false
75,2,81.0,-1.8599465321931827,0.5020892986966177,false
75,2,81.1,-1.8531240066798638,0.48780646526210675,false
75,2,81.2,-1.846307326932711,0.47369087756541745,false
75,2,81.3,-1.8394964687681254,0.4597412557039834,false
75,2,81.4,-1.8326913844795252,0.4459563294943098,false
75,2,81.5,-1.8258920074159417,0.43233483859442273,false
75,2,81.6,-1.8190982555345434,0.41887553258836174,false
75,2,81.7,-1.8123100341589522,0.40557717104128854,false
75,2,81.8,-1.805527238121437,0.3924385235318544,false
75,2,81.9,-1.7987497534260068,0.37945836966698415,false
75,2,82.0,-1.7919774585380555,0.3666354990830921,false
75,2,82.1,-1.7852102253821573,0.35396871143686126,false
75,2,82.2,-1.778447920111176,0.3414568163880361,false
75,2,82.3,-1.7716904036956411,0.32909863357614916,false
75,2,82.4,-1.7649375323714245,0.31689299259269177,false
75,2,82.5,-1.7581891579752937,0.30483873294991964,false
75,2,82.6,-1.751445128191394,0.29293470404723565,false
75,2,82.7,-1.7447052867266362,0.28117976513589826,false
75,2,82.8,-1.7379694734290403,0.2695727852826522,false
75,2,82.9,-1.7312375243600207,0.2581126433327598,false
75,2,83.0,-1.7245092718292019,0.24679822787281858,false
75,2,83.1,-1.717784544398495,0.23562843719367815,false
75,2,83.2,-1.711063166860694,0.22460217925371184,false
75,2,83.3,-1.704344960196703,0.2137183716426548,false
75,2,83.4,-1.6976297415146018,0.20297594154618484,false
75,2,83.5,-1.6909173239730373,0.19237382571139514,false
75,2,83.6,-1.684207516690864,0.18191097041328663,false
75,2,83.7,-1.6775001246445094,0.1715863314223919,false
75,2,83.8,-1.6707949485541693,0.16139887397362893,false
75,2,83.9,-1.6640917847596637,0.1513475727364746,false
75,2,84.0,-1.6573904250865368,0.14143141178653995,false
75,2,84.1,-1.650690656702805,0.13164938457862432,false
75,2,84.2,-1.643992261966599,0.12200049392132217,false
75,2,84.3,-1.6372950182648098,0.11248375195325389,false
75,2,84.4,-1.630598697842756,0.10309818012099112,false
75,2,84.5,-1.6239030676247832,0.09384280915874686,false
75,2,84.6,-1.6172078890256378,0.08471667906990095,false
75,2,84.7,-1.6105129177523811,0.07571883911043337,false
75,2,84.8,-1.6038179035965545,0.06684834777433916,false
75,2,84.9,-1.597122590216242,0.05810427278110138,false
75,2,85.0,-1.590426714907634,0.049485691065301526,false
75,2,85.1,-1.5837300083656332,0.04099168876844987,false
75,2,85.2,-1.577032194433006,0.03262136123312228,false
75,2,85.3,-1.5703329898375284,0.02437381299949394,false
75,2,85.4,-1.5636321039165308,0.016248157804365324,false
75,2,85.5,-1.5569292383281916,0.008243518582780395,false
75,2,85.6,-1.5502240867488872,0.0003590274723427652,false
75,2,85.7,-1.5435163345558456,-0.007406174179658818,false
75,2,85.8,-1.536805658494304,-0.015052935806197818,false
75,2,85.9,-1.5300917263283047,-0.0225820976074058,false
75,2,86.0,-1.523374196474213,-0.029994490534284893,false
75,2,86.1,-1.5166527176159668,-0.037290936269097276,false
75,2,86.2,-1.5099269283010064,-0.044472247202284224,false
75,2,86.3,-1.503196456515755,-0.0515392264057573,false
75,2,86.4,-1.496460919239445,-0.058492667602396096,false
75,2,86.5,-1.4897199219750015,-0.06533335513157537,false
75,2,86.6,-1.4829730582556009,-0.07206206391053455,false
75,2,86.7,-1.4762199091254293,-0.07867955939139037,false
75,2,86.8,-1.469460042593062,-0.0851865975135807,false
75,2,86.9,-1.462693013055767,-0.09158392465151459,false
75,2,87.0,-1.4559183606929242,-0.0978722775571891,false
75,2,87.1,-1.4491356108266122,-0.10405238329751759,false
75,2,87.2,-1.442344273247279,-0.11012495918609805,false
75,2,87.3,-1.4355438415022606,-0.11609071270913197,false
75,2,87.4,-1.4287337921447427,-0.12195034144518535,false
75,2,87.5,-1.4219135839405896,-0.12770453297846246,false
75,2,87.6,-1.4150826570302624,-0.1333539648052414,false
75,2,87.7,-1.4082404320428465,-0.13889930423309624,false
75,2,87.8,-1.4013863091589798,-0.1443412082725053,false
75,2,87.9,-1.3945196671192217,-0.14968032352041719,false
75,2,88.0,-1.3876398621741433,-0.15491728603531657,false
75,2,88.1,-1.3807462269721218,-0.16005272120329983,false
75,2,88.2,-1.3738380693805083,-0.1650872435946357,false
75,2,88.3,-1.3669146712354947,-0.1700214568102488,false
75,2,88.4,-1.3599752870156245,-0.17485595331752363,false
75,2,88.5,-1.353019142433493,-0.1795913142747825,false
75,2,88.6,-1.3460454329397238,-0.18422810934374403,false
75,2,88.7,-1.3390533221328322,-0.18876689648921716,false
75,2,88.8,-1.3320419400680445,-0.19320822176523023,false
75,2,88.9,-1.3250103814575647,-0.19755261908673474,false
75,2,89.0,-1.3179577037541401,-0.20180060998595709,false
75,2,89.1,-1.3108829251090812,-0.20595270335240154,false
75,2,89.2,-1.3037850221951197,-0.2100093951554301,false
75,2,89.3,-1.2966629278836546,-0.2139711681482605,false
75,2,89.4,-1.2895155287650089,-0.21783849155213253,false
75,2,89.5,-1.2823416624993067,-0.22161182071929328,false
75,2,89.6,-1.2751401149844637,-0.22529159677334268,false
75,2,89.7,-1.2679096173265538,-0.22887824622536246,false
75,2,89.8,-1.2606488425964628,-0.23237218056412196,false
75,2,89.9,-1.253356402355241,-0.23577379581851218,false
75,2,90.0,-1.2460308429289202,-0.2390834720902051,false
75,2,90.1,-1.2386706414117337,-0.24230157305436448,false
75,2,90.2,-1.2312742013746598,-0.24542844542604875,false
75,2,90.3,-1.2238398482539736,-0.24846441838974234,false
75,2,90.4,-1.2163658243920121,-0.251409802989227,false
75,2,90.5,-1.2088502836996091,-0.2542648914747579,false
75,2,90.6,-1.2012912859065963,-0.25702995660423844,false
75,2,90.7,-1.1936867903633686,-0.2597052508947879,false
75,2,90.8,-1.1860346493527278,-0.26229100582076637,false
75,2,90.9,-1.1783326008669976,-0.26478743095395796,false
75,2,91.0,-1.170578260800691,-0.2671947130412104,false
75,2,91.1,-1.1627691145037573,-0.2695130150143846,false
75,2,91.2,-1.1549025076345447,-0.27174247492697473,false
75,2,91.3,-1.1469756362450236,-0.2738832048112134,false
75,2,91.4,-1.1389855360234302,-0.27593528944887086,false
75,2,91.5,-1.1309290706111903,-0.2778987850482821,false
75,2,91.6,-1.1228029189016548,-0.27977371781938787,false
75,2,91.7,-1.1146035612176877,-0.28156008243774105,false
75,2,91.8,-1.1063272642533102,-0.28325784038749746,false
75,2,91.9,-1.0979700646512618,-0.28486691817237364,false
75,2,92.0,-1.089527751073247,-0.28638720538239076,false
75,2,92.1,-1.0809958446025731,-0.287818552602924,false
75,2,92.2,-1.072369577299538,-0.2891607691511196,false
75,2,92.3,-1.063643868707983,-0.29041362062310644,false
75,2,92.4,-1.054813300086485,-0.2915768262335893,false
75,2,92.5,-1.0458720861092878,-0.29265005592734455,false
75,2,92.6,-1.036814043749726,-0.2936329272398048,false
75,2,92.7,-1.0276325580219932,-0.2945250018812905,false
75,2,92.8,-1.0183205442149175,-0.2953257820164707,false
75,2,92.9,-1.0088704062031182,-0.296034706207269,false
75,2,93.0,-0.9992739903655657,-0.29665114498361705,false
75,2,93.1,-0.9895225345780068,-0.2971743960021233,false
75,2,93.2,-0.9796066116726438,-0.2976036787478023,false
75,2,93.3,-0.969516066674304,-0.29793812872839887,false
75,2,93.4,-0.9592399470252839,-0.2981767911044472,false
75,2,93.5,-0.9487664248989717,-0.2983186136908976,false
75,2,93.6,-0.9380827105727075,-0.2983624392577846,false
75,2,93.7,-0.9271749556801943,-0.29830699704783453,false
75,2,93.8,-0.9160281449896273,-0.29815089341791845,false
75,2,93.9,-0.9046259751514946,-0.29789260149862556,false
75,2,94.0,-0.8929507186248855,-0.2975304497516927,false
75,2,94.1,-0.8809830707175152,-0.297062609288265,false
75,2,94.2,-0.8687019773558935,-0.29648707979161626,false
75,2,94.3,-0.856084440830434,-0.2958016738655934,false
75,2,94.4,-0.8431053003268125,-0.29500399960416823,false
75,2,94.5,-0.8297369835491268,-0.29409144114748903,false
75,2,94.6,-0.8159492251504172,-0.2930611369550449,false
75,2,94.7,-0.8017087469982447,-0.29190995548618065,false
75,2,94.8,-0.7869788945019882,-0.2906344679313133,false
75,2,94.9,-0.7717192222974973,-0.2892309175827286,false
75,2,95.0,-0.7558850215057534,-0.2876951853705681,false
75,2,95.1,-0.739426779537015,-0.2860227510161697,false
75,2,95.2,-0.7222895619835006,-0.2842086491697778,false
75,2,95.3,-0.7044123045188002,-0.28224741980112544,false
75,2,95.4,-0.6857270008958003,-0.28013305199778427,false
75,2,95.5,-0.6661577711169319,-0.2778589201957645,false
75,2,95.6,-0.6456197916769284,-0.2754177117181421,false
75,2,95.7,-0.624018067528031,-0.27280134432951264,false
75,2,95.8,-0.6012460232391396,-0.2700008723268854,false
75,2,95.9,-0.5771838889720572,-0.26700637948310785,false
75,2,96.0,-0.5516968558091422,-0.26380685694201966,false
75,2,96.1,-0.5246329753304321,-0.26039006394525954,false
75,2,96.2,-0.49582078124934276,-0.2567423690669685,false
75,2,96.3,-0.46506661807468497,-0.2528485694750306,false
75,2,96.4,-0.4321516757758327,-0.24869168567566877,false
75,2,96.5,-0.39682875421681124,-0.24425272931108497,false
75,2,96.6,-0.35881882253812714,-0.23951044199001098,false
75,2,96.7,-0.3178075052425925,-0.23444100402550255,false
75,2,96.8,-0.27344173068255245,-0.2290177136129644,false
75,2,96.9,-0.22532693583585475,-0.22321063981465555,false
75,2,97.0,-0.17302545599290614,-0.2169862573115324,false
75,2,97.1,-0.11605706651508073,-0.21030707804995907,false
75,2,97.2,-0.0539031149226062,-0.20313130571554439,false
75,2,97.3,0.013983694480305925,-0.19541255470341357,false
75,2,97.4,0.08816103501188735,-0.18709969727650194,false
75,2,97.5,0.1691665590488771,-0.17813693185948237,false
75,2,97.6,0.25747106646143697,-0.1684642014589683,false
75,2,97.7,0.3534109524443408,-0.1580181303831846,false
75,2,97.8,0.45709715982779925,-0.14673368012216287,false
75,2,97.9,0.5683020644094554,-0.13454673248284163,false
75,2,98.0,0.6863338220662731,-0.12139775959046381,false
75,2,98.1,0.809919951979593,-0.10723659841961326,false
75,2,98.2,0.9371359036727934,-0.09202808309524178,false
75,2,98.3,1.0654233141674538,-0.07575791371570961,false
75,2,98.4,1.1917362183533986,-0.058437748919082266,false
75,2,98.5,1.3128233955435424,-0.04010828518144423,false
75,2,98.6,1.4256052982800222,-0.02083923911094688,false
75,2,98.7,1.5275565713284438,-0.0007257691048937302,false
75,2,98.8,1.6169901336236916,0.020118204883959143,false
75,2,98.9,1.6931709304720857,0.041568487760915665,false
75,2,99.0,1.756250611430315,0.06349923558968602,false
75,2,99.1,1.807072699312075,0.08579027236026068,false
75,2,99.2,1.8469237583364657,0.10833226112002627,false
75,2,99.3,1.8772971914424603,0.1310295727271101,false
75,2,99.4,1.8997088233371304,0.15380118776791676,false
75,2,99.5,1.9155756174313332,0.17658019108316017,false
75,2,99.6,1.9261505842454012,0.19931242569229352,false
75,2,99.7,1.9324992368865532,0.22195476267141082,false
75,2,99.8,1.9355025094905367,0.2444732999687265,false
75,2,99.9,1.9358740379068693,0.2668416748731733,false
75,2,100.0,1.9341834698640865,0.2890395799266444,false
100,1,0.0,-1.8633893588791945,0.9432517283983279,true
100,1,0.1,-1.89544272864903,0.9255172164439067,false
100,1,0.2,-1.919496813123561,0.9076567969126949,false
100,1,0.30000000000000004,-1.936988286851434,0.8897380169353477,false
100,1,0.4,-1.94918887726972,0.8718154825522532,false
100,1,0.5,-1.9571798455489053,0.853932609597479,false
100,1,0.6000000000000001,-1.9618542591546815,0.8361234570382327,false
100,1,0.7000000000000001,-1.9639344061985005,0.8184144483974491,false
100,1,0.8,-1.9639956125867923,0.8008258862964533,false
100,1,0.9,-1.9624911341049855,0.7833732296583147,false
100,1,1.0,-1.959775276510412,0.7660681400569517,false
100,1,1.1,-1.9561234974424415,0.7489193218006227,false
100,1,1.2,-1.9517491775511477,0.7319331868765473,false
100,1,1.3,-1.9468172356185773,0.715114376017503,false
100,1,1.4,-1.9414549772669583,0.6984661641787124,false
100,1,1.5,-1.9357606283382112,0.6819907745693758,false
100,1,1.6,-1.9298099871333114,0.6656896211093192,false
100,1,1.7000000000000002,-1.9236615783388782,0.6495634952763167,false
100,1,1.8,-1.9173606296725456,0.6336127099649408,false
100,1,1.9,-1.9109421321222306,0.6178372102225882,false
100,1,2.0,-1.9044331914150363,0.6022366585153094,false
100,1,2.1,-1.8978548336658434,0.5868105004283968,false
100,1,2.2,-1.891223391856262,0.5715580153424239,false
100,1,2.3,-1.8845515709314031,0.5564783555689014,false
100,1,2.4,-1.8778492666802362,0.5415705766159331,false
100,1,2.5,-1.8711241960097587,0.5268336606296959,false
100,1,2.6,-1.8643823826912347,0.5122665345793043,false
100,1,2.7,-1.857628532273865,0.49786808438685204,false
100,1,2.8,-1.8508663219184265,0.4836371659248318,false
100,1,2.9,-1.8440986248383624,0.4695726135893934,false
100,1,3.0,-1.8373276844089828,0.45567324699444006,false
100,1,3.1,-1.8305552494768953,0.44193787620643316,false
100,1,3.2,-1.8237826797102692,0.42836530584389904,false
100,1,3.3,-1.8170110277763003,0.414954338292069,false
100,1,3.4,-1.810241103563019,0.40170377622656495,false
100,1,3.5,-1.8034735244625497,0.3886124245965506,false
100,1,3.6,-1.7967087548140253,0.3756790921842476,false
100,1,3.7,-1.7899471368997706,0.36290259283183474,false
100,1,3.8,-1.7831889153472393,0.3502817464067319,false
100,1,3.9,-1.7764342563729847,0.33781537956076385,false
100,1,4.0,-1.7696832629842463,0.3255023263266606,false
100,1,4.1,-1.7629359870062413,0.31334142858599134,false
100,1,4.2,-1.75619243861189,0.30133153643533805,false
100,1,4.3,-1.749452593882505,0.2894715084718233,false
100,1,4.4,-1.7427164008129874,0.2777602120146579,false
100,1,4.5,-1.735983784085676,0.26619652327588755,false
100,1,4.6,-1.7292546488674143,0.25477932749078347,false
100,1,4.7,-1.7225288838300918,0.2435075190161707,false
100,1,4.8,-1.7158063635524734,0.232380001403294,false
100,1,4.9,-1.7090869504279202,0.2213956874504856,false
100,1,5.0,-1.7023704961765271,0.21055349923984198,false
100,1,5.1,-1.6956568430397276,0.19985236816128127,false
100,1,5.2,-1.688945824719288,0.1892912349266889,false
100,1,5.3,-1.682237267109895,0.17886904957633326,false
100,1,5.4,-1.6755309888644927,0.16858477147931336,false
100,1,5.5,-1.6688268018235548,0.15843736932946656,false
100,1,5.6,-1.6621245113331853,0.14842582113789876,false
100,1,5.7,-1.6554239164719027,0.13854911422308602,false
100,1,5.8,-1.6487248102019896,0.1288062451993271,false
100,1,5.9,-1.642026979458075,0.11919621996418982,false
100,1,6.0,-1.635330205183094,0.10971805368548607,false
100,1,6.1,-1.6286342623197043,0.10037077078822255,false
100,1,6.2,-1.6219389197636058,0.091153404941905,false
100,1,6.3,-1.6152439402838876,0.08206499904851831,false
100,1,6.4,-1.6085490804144478,0.07310460523146026,false
100,1,6.5,-1.6018540903196743,0.06427128482567199,false
100,1,6.6,-1.595158713636862,0.05556410836918041,false
100,1,6.7,-1.588462687297263,0.046982155596246473,false
100,1,6.8,-1.581765741327197,0.03852451543229623,false
100,1,6.9,-1.575067598630251,0.030190285990799707,false
100,1,7.0,-1.5683679747512678,0.02197857457225303,false
100,1,7.1,-1.5616665776225567,0.013888497665413117,false
100,1,7.2,-1.5549631072925116,0.005919180950930436,false
100,1,7.3,-1.5482572556366296,-0.0019302406924766782,false
100,1,7.4,-1.5415487060507438,-0.009660623179162617,false
100,1,7.5,-1.5348371331261264,-0.017272813204865435,false
100,1,7.6,-1.528122202305982,-0.024767648232040272,false
100,1,7.7,-1.521403569522711,-0.03214595647206411,false
100,1,7.8,-1.514680880815217,-0.039408556864155016,false
100,1,7.9,-1.5079537719254008,-0.04655625905084333,false
100,1,8.0,-1.5012218678728833,-0.053589863349825004,false
100,1,8.1,-1.4944847825068792,-0.06051016072201913,false
100,1,8.2,-1.4877421180340409,-0.0673179327356428,false
100,1,8.3,-1.480993464520968,-0.0740139515261062,false
100,1,8.4,-1.4742383993699737,-0.08059897975152026,false
100,1,8.5,-1.4674764867665662,-0.08707377054359658,false
100,1,8.6,-1.4607072770969851,-0.09343906745370689,false
100,1,8.7,-1.453930306333995,-0.09969560439385487,false
100,1,8.8,-1.4471450953889957,-0.10584410557229763,false
100,1,8.9,-1.4403511494283607,-0.11188528542353844,false
100,1,9.0,-1.4335479571517515,-0.1178198485323932,false
100,1,9.1,-1.426734990029981,-0.12364848955181505,false
100,1,9.2,-1.4199117014998155,-0.12937189311414013,false
100,1,9.3,-1.4130775261128996,-0.1349907337353951,false
100,1,9.4,-1.406231878635776,-0.14050567571228356,false
100,1,9.5,-1.399374153097732,-0.14591737301144123,false
100,1,9.6,-1.3925037217829546,-0.15122646915052299,false
100,1,9.7,-1.385619934163195,-0.15643359707065385,false
100,1,9.8,-1.3787221157668503,-0.16153937899974316,false
100,1,9.9,-1.3718095669800363,-0.1665444263061264,false
100,1,10.0,-1.3648815617748786,-0.17144933934196036,false
100,1,10.1,-1.3579373463598587,-0.1762547072757563,false
100,1,10.2,-1.3509761377466318,-0.18096110791339112,false
100,1,10.3,-1.3439971222272753,-0.185569107506888,false
100,1,10.4,-1.3369994537554257,-0.19007926055020544,false
100,1,10.5,-1.3299822522242142,-0.19449210956121704,false
100,1,10.6,-1.3229446016333108,-0.19880818484900245,false
100,1,10.7,-1.3158855481367362,-0.20302800426550294,false
100,1,10.8,-1.3088040979623747,-0.20715207294052243,false
100,1,10.9,-1.3016992151933446,-0.21118088299897547,false
100,1,11.0,-1.2945698194005069,-0.21511491325919752,false
100,1,11.1,-1.287414783114454,-0.2189546289110394,false
100,1,11.2,-1.2802329291242716,-0.22270048117236513,false
100,1,11.3,-1.2730230275892165,-0.226352906922461,false
100,1,11.4,-1.2657837929481972,-0.22991232831074213,false
100,1,11.5,-1.2585138806105372,-0.23337915233900958,false
100,1,11.6,-1.2512118834099726,-0.23675377041536538,false
100,1,11.7,-1.243876327802133,-0.240036557877734,false
100,1,11.8,-1.236505669783871,-0.24322787348476396,false
100,1,11.9,-1.2290982905107322,-0.2463280588716921,false
100,1,12.0,-1.221652491586549,-0.2493374379685431,false
100,1,12.1,-1.2141664899965883,-0.25225631637780577,false
100,1,12.2,-1.2066384126528422,-0.2550849807084743,false
100,1,12.3,-1.1990662905169056,-0.2578236978630633,false
100,1,12.4,-1.191448052262365,-0.2604727142738976,false
100,1,12.5,-1.1837815174347257,-0.26303225508463823,false
100,1,12.6,-1.1760643890625428,-0.26550252327263135,false
100,1,12.7,-1.1682942456685557,-0.2678836987072531,false
100,1,12.8,-1.1604685326241924,-0.2701759371389642,false
100,1,12.9,-1.1525845527847287,-0.2723793691132804,false
100,1,13.0,-1.1446394563355649,-0.274494098803303,false
100,1,13.1,-1.1366302297724473,-0.2765202027538262,false
100,1,13.2,-1.1285536839298718,-0.2784577285293467,false
100,1,13.3,-1.120406440962252,-0.28030669325752317,false
100,1,13.4,-1.1121849201715701,-0.2820670820587764,false
100,1,13.5,-1.1038853225629652,-0.28373884635175595,false
100,1,13.6,-1.095503613995887,-0.2853219020233285,false
100,1,13.7,-1.087035506782798,-0.28681612745054086,false
100,1,13.8,-1.0784764395697062,-0.28822136136066684,false
100,1,13.9,-1.0698215553127375,-0.2895374005139407,false
100,1,14.0,-1.0610656771421798,-0.2907639971918858,false
100,1,14.1,-1.0522032818795324,-0.29190085647224584,false
100,1,14.2,-1.0432284709436084,-0.2929476332693835,false
100,1,14.3,-1.0341349383481313,-0.2939039291165948,false
100,1,14.4,-1.0249159354548822,-0.29476928866406243,false
100,1,14.5,-1.0155642321025795,-0.29554319586308625,false
100,1,14.6,-1.0060720736814102,-0.2962250698037384,false
100,1,14.7,-0.9964311336655046,-0.2968142601691307,false
100,1,14.8,-0.9866324610494411,-0.2973100422649838,false
100,1,14.9,-0.976666422058717,-0.29771161157807374,false
100,1,15.0,-0.9665226354163902,-0.2980180778113021,false
100,1,15.1,-0.9561899003468752,-0.2982284583364866,false
100,1,15.2,-0.9456561163809238,-0.2983416709983707,false
100,1,15.3,-0.9349081938904945,-0.2983565261946523,false
100,1,15.4,-0.9239319541254161,-0.2982717181468618,false
100,1,15.5,-0.9127120173418316,-0.2980858152654742,false
100,1,15.6,-0.9012316774010741,-0.2977972494994765,false
100,1,15.7,-0.8894727609718484,-0.297404304545458,false
100,1,15.8,-0.877415469182451,-0.29690510277381094,false
100,1,15.9,-0.8650381992363441,-0.29629759070944606,false
100,1,16.0,-0.8523173431156136,-0.29557952288108824,false
100,1,16.1,-0.8392270600433179,-0.29474844382619486,false
100,1,16.2,-0.8257390188465858,-0.2938016680072225,false
100,1,16.3,-0.8118221057451221,-0.292736257358633,false
100,1,16.4,-0.7974420923703887,-0.29154899614184937,false
100,1,16.5,-0.7825612579833832,-0.29023636273637676,false
100,1,16.6,-0.7671379588864228,-0.28879449793838635,false
100,1,16.7,-0.7511261368984983,-0.28721916927195507,false
100,1,16.8,-0.7344747574665116,-0.2855057307414432,false
100,1,16.9,-0.7171271664997939,-0.2836490773646004,false
100,1,17.0,-0.6990203533313579,-0.2816435937232331,false
100,1,17.1,-0.6800841053248204,-0.27948309564990387,false
100,1,17.2,-0.6602400375770601,-0.2771607640334933,false
100,1,17.3,-0.6394004789598989,-0.27466906957216736,false
100,1,17.4,-0.6174671934955362,-0.27199968712861283,false
100,1,17.5,-0.5943299139457999,-0.2691433981498311,false
100,1,17.6,-0.5698646628154517,-0.26608997940493667,false
100,1,17.7,-0.5439318352202402,-0.26282807607549097,false
100,1,17.8,-0.5163740190451508,-0.25934505701588195,false
100,1,17.9,-0.48701353176494605,-0.2556268498072243,false
100,1,18.0,-0.4556496621468317,-0.2516577530925058,false
100,1,18.1,-0.4220556217451572,-0.2474202236603028,false
100,1,18.2,-0.3859752400521529,-0.24289463592930663,false
100,1,18.3,-0.3471194849317455,-0.238059012015183,false
100,1,18.4,-0.3051629660423383,-0.2328887216457891,false
100,1,18.5,-0.25974069681938594,-0.22735615314437305,false
100,1,18.6,-0.2104455686658164,-0.22143035998017005,false
100,1,18.7,-0.15682725317382937,-0.21507669263949983,false
100,1,18.8,-0.0983936227370902,-0.2082564336819105,false
100,1,18.9,-0.034616294532916564,-0.20092646595511363,false
100,1,19.0,0.03505742812218998,-0.1930390213879763,false
100,1,19.1,0.11118314629189889,-0.1845415818633691,false
100,1,19.2,0.19428461176579828,-0.17537703506518348,false
100,1,19.3,0.28480123434600824,-0.16548422574137192,false
100,1,19.4,0.38301380299261784,-0.15479908145473478,false
100,1,19.5,0.4889465406288413,-0.14325651957679306,false
100,1,19.6,0.6022488507789749,-0.13079333679957428,false
100,1,19.7,0.7220694855257563,-0.11735221052318474,false
100,1,19.8,0.8469490370425373,-0.10288676553242966,false
100,1,19.9,0.974770067990169,-0.08736735847921455,false
100,1,20.0,1.1028097823433731,-0.07078683919607034,false
100,1,20.1,1.2279272751331851,-0.05316518303982675,false
100,1,20.2,1.3468803497435837,-0.034551755283849295,false
100,1,20.3,1.4567148334529698,-0.015024259165147366,false
100,1,20.4,1.5551284613087695,0.005315842462038839,false
100,1,20.5,1.6407099493333597,0.026350699091257236,false
100,1,20.6,1.7129981228160724,0.04795477354996659,false
100,1,20.7,1.7723715813045657,0.07000321187257952,false
100,1,20.8,1.81983004091635,0.09237858564105608,false
100,1,20.9,1.8567433548123224,0.11497537729647445,false
100,1,21.0,1.8846278006934107,0.13770222237732296,false
100,1,21.1,1.9049800356170818,0.1604823371670904,false
100,1,21.2,1.9191735339043743,0.18325271155562398,false
100,1,21.3,1.9284073169586136,0.20596260939212077,false
100,1,21.4,1.9336916342657755,0.2285717913711452,false
100,1,21.5,1.9358561777145844,0.25104873295705504,false
100,1,21.6,1.9355698323904522,0.2733689905360568,false
100,1,21.7,1.9333646697610127,0.2955137843513889,false
100,1,21.8,1.929659899880518,0.31746881391394227,false
100,1,21.9,1.9247836007873838,0.33922329251980493,false
100,1,22.0,1.9189913581864662,0.3607691741595728,false
100,1,22.1,1.9124816930937716,0.3821005421238284,false
100,1,22.2,1.9054085290407494,0.40321312964737954,false
100,1,22.3,1.897891103105852,0.4241039462837435,false
100,1,22.4,1.8900217561524562,0.44477098780759583,false
100,1,22.5,1.8818720086179719,0.4652130114928226,false
100,1,22.6,1.8734972743843812,0.48542936223456545,false
100,1,22.7,1.8649405056421993,0.5054198380479002,false
100,1,22.8,1.856235005504489,0.5251845859824501,false
100,1,22.9,1.847406596257447,0.5447240214976493,false
100,1,23.0,1.8384752905026875,0.5640387659238942,false
100,1,23.1,1.8294565796218878,0.5831295978677556,false
100,1,23.2,1.8203624279753363,0.601997415374543,false
100,1,23.3,1.811202040884395,0.6206432063979545,false
100,1,23.4,1.8019824586529751,0.6390680256926964,false
100,1,23.5,1.792709016703273,0.6572729766804268,false
100,1,23.6,1.7833857025457727,0.675259197172524,false
100,1,23.7,1.7740154331355364,0.6930278480886011,false
100,1,23.8,1.7646002706822408,0.7105801045055974,false
100,1,23.9,1.7551415907872387,0.7279171485226601,false
100,1,24.0,1.7456402135732796,0.7450401635425947,false
100,1,24.1,1.7360965060179785,0.7619503296595924,false
100,1,24.2,1.726510461822097,0.778648819911472,false
100,1,24.3,1.7168817637018998,0.795136797207572,false
100,1,24.4,1.7072098318874962,0.8114154117843284,false
100,1,24.5,1.6974938617571151,0.8274857990722397,false
100,1,24.6,1.6877328528805637,0.843349077882494,false
100,1,24.7,1.6779256312378694,0.8590063488406094,false
100,1,24.8,1.6680708659864174,0.8744586930092842,false
100,1,24.9,1.6581670818451337,0.889707170654208,false
100,1,25.0,1.6482126679270923,0.9047528201155833,false
100,1,25.1,1.6382058836667912,0.9195966567551198,false
100,1,25.2,1.6281448623433195,0.9342396719537128,false
100,1,25.3,1.6180276125865547,0.9486828321392529,false
100,1,25.4,1.6078520181633587,0.9629270778272804,false
100,1,25.5,1.59761583626902,0.976973322659708,false
100,1,25.6,1.5873166944917354,0.990822452428733,false
100,1,25.7,1.576952086571432,1.0044753240744733,false
100,1,25.8,1.5665193670361948,1.017932764645877,false
100,1,25.9,1.5560157447679446,1.0311955702151463,false
100,1,26.0,1.5454382755222558,1.0442645047363341,false
100,1,26.1,1.5347838534040552,1.057140298838961,false
100,1,26.2,1.5240492012803804,1.069823648547488,false
100,1,26.3,1.513230860092574,1.0823152139172842,false
100,1,26.4,1.5023251770125887,1.0946156175773774,false
100,1,26.5,1.4913282923708318,1.1067254431697506,false
100,1,26.6,1.4802361252657417,1.1186452336742898,false
100,1,26.7,1.4690443577475363,1.130375489607653,false
100,1,26.8,1.457748417449885,1.141916667083355,false
100,1,26.9,1.4463434585232002,1.1532691757192008,false
100,1,27.0,1.4348243407013614,1.1644333763768675,false
100,1,27.1,1.4231856063095263,1.1754095787168892,false
100,1,27.2,1.4114214549937205,1.1861980385505473,false
100,1,27.3,1.3995257159226087,1.1967989549681453,false
100,1,27.4,1.3874918171775563,1.2072124672208688,false
100,1,27.5,1.375312752008126,1.2174386513308102,false
100,1,27.6,1.3629810415856514,1.2274775164007723,false
100,1,27.7,1.35048869383655,1.237329000592076,false
100,1,27.8,1.3378271578784562,1.2469929667347286,false
100,1,27.9,1.3249872735147339,1.2564691975299034,false
100,1,28.0,1.3119592151649437,1.2657573902996313,false
100,1,28.1,1.2987324295185267,1.2748571512328253,false
100,1,28.2,1.2852955660941576,1.283767989070133,false
100,1,28.3,1.271636399765326,1.2924893081624944,false
100,1,28.4,1.2577417441706311,1.3010204008295099,false
100,1,28.5,1.2435973547613492,1.3093604389336146,false
100,1,28.6,1.2291878200446535,1.317508464574368,false
100,1,28.7,1.2144964393531525,1.3254633797936355,false
100,1,28.8,1.1995050852038665,1.3332239351667483,false
100,1,28.9,1.1841940479947874,1.3407887171364803,false
100,1,29.0,1.1685418604156688,1.3481561339254329,false
100,1,29.1,1.1525250985107158,1.3553243998376208,false
100,1,29.2,1.136118155811255,1.3622915177310515,false
100,1,29.3,1.1192929863404235,1.3690552594091125,false
100,1,29.4,1.102018811560489,1.3756131436386883,false
100,1,29.5,1.084261785463829,1.3819624114560156,false
100,1,29.6,1.0659846109737214,1.388099998366003,false
100,1,29.7,1.0471460995886213,1.3940225029754996,false
100,1,29.8,1.0277006647353566,1.399726151523892,false
100,1,29.9,1.0075977375479919,1.4052067576831526,false
100,1,30.0,0.986781091708411,1.4104596768913724,false
100,1,30.1,0.9651880615135988,1.415479754355689,false
100,1,30.2,0.9427486344091703,1.4202612657086655,false
100,1,30.3,0.9193843957822183,1.4247978491222653,false
100,1,30.4,0.8950072997757049,1.429082427470755,false
100,1,30.5,0.8695182352228567,1.4331071188827973,false
100,1,30.6,0.8428053504895517,1.4368631337280233,false
100,1,30.7,0.8147420951110733,1.440340655739114,false
100,1,30.8,0.7851849297994249,1.4435287045724892,false
100,1,30.9,0.7539706500836258,1.4464149766574195,false
100,1,31.0,0.7209132633107208,1.448985660678316,false
100,1,31.1,0.6858003553905283,1.4512252234915155,false
100,1,31.2,0.6483888849513618,1.4531161617266197,false
100,1,31.3,0.608400352584896,1.45463871382308,false
100,1,31.4,0.5655153183343801,1.455770526913259,false
100,1,31.5,0.5193672923988139,1.4564862729702663,false
100,1,31.6,0.4695361194274632,1.4567572093045573,false
100,1,31.7,0.4155411425320927,1.4565506803263566,false
100,1,31.8,0.35683470972212605,1.455829561301169,false
100,1,31.9,0.29279703182144823,1.4545516518689563,false
100,1,32.0,0.22273409808005268,1.452669039260977,false
100,1,32.1,0.1458814042931471,1.450127471143947,false
100,1,32.2,0.061417748746334155,1.4468658094892817,false
100,1,32.3,-0.03150465602140734,1.4428156841333117,false
100,1,32.4,-0.13370518275251103,1.4379015316589383,false
100,1,32.5,-0.24588430380548815,1.432041292390691,false
100,1,32.6,-0.368486844206402,1.4251481365561471,false
100,1,32.7,-0.5015127908582487,1.4171336707876205,false
100,1,32.8,-0.6442831374215919,1.407913075521821,false
100,1,32.9,-0.7951948652282603,1.3974124404045958,false
100,1,33.0,-0.9515370829702479,1.3855780815396521,false
100,1,33.1,-1.1094743316336184,1.372386796598365,false
100,1,33.2,-1.264300776468095,1.3578550176405069,false
100,1,33.3,-1.4109969724051894,1.342044156349035,false
100,1,33.4,-1.5449845488085758,1.3250597610182002,false
100,1,33.5,-1.6628470633703096,1.3070437129713335,false
100,1,33.6,-1.7627689895717273,1.288161007699433,false
100,1,33.7,-1.8445699558991997,1.2685844433381634,false
100,1,33.8,-1.9093929747607594,1.24848080036199,false
100,1,33.9,-1.9592219481680029,1.2280009136722694,false
100,1,34.0,-1.9964063122689368,1.2072743214265882,false
100,1,34.1,-2.0232995370679796,1.1864078364899722,false
100,1,34.2,-2.0420391349596088,1.165486789702638,false
100,1,34.3,-2.0544463181061468,1.144577704494727,false
100,1,34.4,-2.062006530580313,1.123731470303079,false
100,1,34.5,-2.0658950780055263,1.1029864404649268,false
100,1,34.6,-2.0670223048113243,1.082371167433877,false
100,1,34.7,-2.066082951703826,1.0619066762104836,false
100,1,34.8,-2.06360184172803,1.041608281677136,false
100,1,34.9,-2.0599727354458417,1.0214870039896073,false
100,1,35.0,-2.055489763511264,1.001550651648527,false
100,1,35.1,-2.0503720602831055,0.9818046404324836,false
100,1,35.2,-2.044782670923214,0.9622526076833676,false
100,1,35.3,-2.0388428631618556,0.9428968707016321,false
100,1,35.4,-2.0326428611189566,0.9237387677281634,false
100,1,35.5,-2.0262498473621546,0.9047789111506406,false
100,1,35.6,-2.019713906051381,0.8860173754042788,false
100,1,35.7,-2.013072427467538,0.8674538364245132,false
100,1,35.8,-2.0063533690663204,0.8490876752119473,false
100,1,35.9,-1.9995776696108407,0.8309180548273074,false
100,1,36.0,-1.992761037220981,0.8129439777107863,false
100,1,36.1,-1.9859152749723759,0.7951643284203597,false
100,1,36.2,-1.9790492649208504,0.7775779055522356,false
100,1,36.3,-1.9721696996943754,0.760183445623928,false
100,1,36.4,-1.9652816273481422,0.7429796409759883,false
100,1,36.5,-1.9583888579019575,0.7259651532144881,false
100,1,36.6,-1.951494267267632,0.7091386233226677,false
100,1,36.7,-1.9446000249260271,0.6924986792796776,false
100,1,36.8,-1.9377077648379133,0.676043941809729,false
100,1,36.9,-1.9308187140125146,0.6597730287262142,false
100,1,37.0,-1.9239337894294843,0.6436845582177011,false
100,1,37.1,-1.917053671259816,0.6277771513353904,false
100,1,37.2,-1.9101788582993067,0.6120494338766731,false
100,1,37.3,-1.903309710024498,0.5965000378110438,false
100,1,37.4,-1.8964464785662825,0.5811276023584937,false
100,1,37.5,-1.889589333068397,0.5659307748034875,false
100,1,37.6,-1.8827383782819258,0.5509082111073641,false
100,1,37.7,-1.875893668787524,0.5360585763667873,false
100,1,37.8,-1.8690552198938843,0.5213805451544141,false
100,1,37.9,-1.8622230160040367,0.5068728017693105,false
100,1,38.0,-1.8553970170483365,0.49253404041811055,false
100,1,38.1,-1.848577163438137,0.478362965342971,false
100,1,38.2,-1.8417633798850264,0.46435829090861425,false
100,1,38.3,-1.8349555783481615,0.450518741657901,false
100,1,38.4,-1.8281536603099433,0.43684305234319476,false
100,1,38.5,-1.82135751853309,0.4233299679391179,false
100,1,38.6,-1.8145670384163128,0.4099782436410292,false
100,1,38.7,-1.8077820990385427,0.3967866448525746,false
100,1,38.8,-1.8010025739608462,0.3837539471649162,false
100,1,38.9,-1.7942283318392949,0.3708789363296656,false
100,1,39.0,-1.7874592368898903,0.3581604082271052,false
100,1,39.1,-1.7806951492373082,0.345597168830934,false
100,1,39.2,-1.7739359251720692,0.33318803417051335,false
100,1,39.3,-1.7671814173352078,0.32093183029137673,false
100,1,39.4,-1.7604314748452567,0.30882739321461156,false
100,1,39.5,-1.7536859433790624,0.2968735688955943,false
100,1,39.6,-1.7469446652153955,0.28506921318246425,false
100,1,39.7,-1.7402074792483346,0.2734131917746452,false
100,1,39.8,-1.7334742209758551,0.2619043801816662,false
100,1,39.9,-1.7267447224678523,0.25054166368248626,false
100,1,40.0,-1.7200188123168796,0.2393239372854917,false
100,1,40.1,-1.7132963155741527,0.22825010568930768,false
100,1,40.2,-1.7065770536727756,0.2173190832445438,false
100,1,40.3,-1.6998608443396963,0.2065297939165766,false
100,1,40.4,-1.6931475014975306,0.19588117124945925,false
100,1,40.5,-1.6864368351571004,0.1853721583310389,false
100,1,40.6,-1.6797286513013086,0.17500170775935509,false
100,1,40.7,-1.6730227517607774,0.16476878161038697,false
100,1,40.8,-1.6663189340815334,0.15467235140721367,false
100,1,40.9,-1.659616991384892,0.14471139809064948,false
100,1,41.0,-1.6529167122195942,0.13488491199141428,false
100,1,41.1,-1.646217880406168,0.12519189280389895,false
100,1,41.2,-1.6395202748734012,0.11563134956158602,false
100,1,41.3,-1.6328236694867626,0.10620230061418613,false
100,1,41.4,-1.6261278328685431,0.09690377360655267,false
100,1,41.5,-1.6194325282094475,0.08773480545943886,false
100,1,41.6,-1.6127375130713086,0.07869444235216318,false
100,1,41.7,-1.6060425391805686,0.06978173970725252,false
100,1,41.8,-1.5993473522121158,0.06099576217713474,false
100,1,41.9,-1.5926516915630364,0.05233558363295626,false
100,1,42.0,-1.5859552901157952,0.04380028715560354,false
100,1,42.1,-1.5792578739903191,0.03538896502901164,false
100,1,42.2,-1.5725591622844186,0.027100718735847427,false
100,1,42.3,-1.565858866801938,0.018934658955659565,false
100,1,42.4,-1.5591566917679844,0.010889905565592705,false
100,1,42.5,-1.5524523335305365,0.0029655876437686725,false
100,1,42.6,-1.5457454802476847,-0.00483915652455667,false
100,1,42.7,-1.5390358115597096,-0.012525179437945951,false
100,1,42.8,-1.5323229982451434,-0.020093324366720573,false
100,1,42.9,-1.5256067018599058,-0.027544425337759745,false
100,1,43.0,-1.518886574358546,-0.03487930711602201,false
100,1,43.1,-1.5121622576965497,-0.042098785182644344,false
100,1,43.2,-1.5054333834126064,-0.049203665709465445,false
100,1,43.3,-1.4986995721896523,-0.05619474552981037,false
100,1,43.4,-1.4919604333934275,-0.06307281210536357,false
100,1,43.5,-1.4852155645871892,-0.06983864348894694,false
100,1,43.6,-1.4784645510211427,-0.07649300828300759,false
100,1,43.7,-1.4717069650950376,-0.08303666559360819,false
100,1,43.8,-1.464942365792276,-0.08947036497969914,false
100,1,43.9,-1.458170298083757,-0.09579484639743852,false
100,1,44.0,-1.451390292299559,-0.10201084013930939,false
100,1,44.1,-1.4446018634664188,-0.10811906676776914,false
100,1,44.2,-1.4378045106088257,-0.1141202370431472,false
100,1,44.3,-1.4309977160113787,-0.12001505184548938,false
100,1,44.4,-1.4241809444398923,-0.12580420209002646,false
100,1,44.5,-1.417353642318539,-0.13148836863592378,false
100,1,44.6,-1.4105152368601195,-0.13706822218794434,false
100,1,44.7,-1.403665135146326,-0.1425444231906342,false
100,1,44.8,-1.396802723154628,-0.14791762171461095,false
100,1,44.9,-1.3899273647281483,-0.15318845733450737,false
100,1,45.0,-1.3830384004846106,-0.1583575589980914,false
100,1,45.1,-1.3761351466601413,-0.1634255448860496,false
100,1,45.2,-1.3692168938833602,-0.1683930222618842,false
100,1,45.3,-1.3622829058748434,-0.1732605873113357,false
100,1,45.4,-1.3553324180666335,-0.17802882497069905,false
100,1,45.5,-1.3483646361360455,-0.18269830874335644,false
100,1,45.6,-1.3413787344475383,-0.1872696005037988,false
100,1,45.7,-1.334373854395909,-0.191743250288355,false
100,1,45.8,-1.3273491026434974,-0.19611979607178848,false
100,1,45.9,-1.3203035492434714,-0.20039976352885716,false
100,1,46.0,-1.313236225640588,-0.20458366577986437,false
100,1,46.1,-1.3061461225400768,-0.20867200311915235,false
100,1,46.2,-1.2990321876344821,-0.21266526272540867,false
100,1,46.3,-1.291893323177405,-0.216563918352567,false
100,1,46.4,-1.284728383392102,-0.22036842999998668,false
100,1,46.5,-1.2775361717018128,-0.22407924356048992,false
100,1,46.6,-1.2703154377675097,-0.2276967904447201,false
100,1,46.7,-1.2630648743174346,-0.23122148718015925,false
100,1,46.8,-1.255783113751357,-0.23465373498300432,false
100,1,46.9,-1.2484687245008796,-0.23799391930095257,false
100,1,47.0,-1.2411202071253602,-0.24124240932478017,false
100,1,47.1,-1.2337359901210614,-0.24439955746641914,false
100,1,47.2,-1.2263144254189842,-0.24746569880103794,false
100,1,47.3,-1.2188537835444415,-0.25044115047041504,false
100,1,47.4,-1.2113522484087729,-0.2533262110446545,false
100,1,47.5,-1.203807911700651,-0.256121159839031,false
100,1,47.6,-1.1962187668411481,-0.25882625618245997,false
100,1,47.7,-1.1885827024630775,-0.2614417386337722,false
100,1,47.8,-1.1808974953710585,-0.2639678241416174,false
100,1,47.9,-1.1731608029342107,-0.2664047071434338,false
100,1,48.0,-1.1653701548583124,-0.26875255859848945,false
100,1,48.1,-1.157522944278595,-0.2710115249495267,false
100,1,48.2,-1.1496164181079886,-0.2731817270070102,false
100,1,48.3,-1.1416476665685305,-0.27526325874939733,false
100,1,48.4,-1.1336136118256586,-0.27725618603219615,false
100,1,48.5,-1.1255109956361478,-0.2791605451978551,false
100,1,48.6,-1.1173363659103508,-0.28097634157772267,false
100,1,48.7,-1.1090860620780432,-0.2827035478764177,false
100,1,48.8,-1.1007561991343437,-0.2843421024279501,false
100,1,48.9,-1.0923426502277065,-0.285891907311812,false
100,1,49.0,-1.08384102763559,-0.2873528263160074,false
100,1,49.1,-1.0752466619548697,-0.2887246827325849,false
100,1,49.2,-1.066554579313004,-0.2900072569696655,false
100,1,49.3,-1.0577594763820815,-0.29120028396218767,false
100,1,49.4,-1.048855692950683,-0.2923034503616045,false
100,1,49.5,-1.0398371817775383,-0.29331639148252686,false
100,1,49.6,-1.0306974754156393,-0.2942386879817791,false
100,1,49.7,-1.0214296496551212,-0.2950698622424793,false
100,1,49.8,-1.0120262831870694,-0.2958093744325261,false
100,1,49.9,-1.0024794130375123,-0.2964566182032148,false
100,1,50.0,-0.9927804852601694,-0.2970109159895526,false
100,1,50.1,-0.982920300306773,-0.29747151386912535,false
100,1,50.2,-0.9728889524134945,-0.2978375759309959,false
100,1,50.3,-0.9626757622494628,-0.2981081780999939,false
100,1,50.4,-0.9522692019665382,-0.29828230135476635,false
100,1,50.5,-0.9416568116659956,-0.2983588242699676,false
100,1,50.6,-0.9308251061548001,-0.29833651480381435,false
100,1,50.7,-0.9197594706984075,-0.298214021241734,false
100,1,50.8,-0.908444044284628,-0.2979898621947774,false
100,1,50.9,-0.8968615886894922,-0.2976624155375907,false
100,1,51.0,-0.8849933413759077,-0.2972299061547597,false
100,1,51.1,-0.8728188499529173,-0.29669039234589517,false
100,1,51.2,-0.8603157855702305,-0.2960417507185187,false
100,1,51.3,-0.8474597322108478,-0.29528165937315654,false
100,1,51.4,-0.8342239483641019,-0.2944075791564954,false
100,1,51.5,-0.8205790970008698,-0.29341673272534724,false
100,1,51.6,-0.8064929391189795,-0.2923060811257519,false
100,1,51.7,-0.7919299853651995,-0.29107229754693303,false
100,1,51.8,-0.776851099354323,-0.28971173785799903,false
100,1,51.9,-0.7612130452780594,-0.28822040747507927,false
100,1,52.0,-0.7449679712084962,-0.28659392403668427,false
100,1,52.1,-0.7280628181350681,-0.28482747528399593,false
100,1,52.2,-0.7104386432154688,-0.2829157714489131,false
100,1,52.3,-0.6920298439613123,-0.2808529913442793,false
100,1,52.4,-0.6727632681226063,-0.2786327212260713,false
100,1,52.5,-0.6525571919069868,-0.2762478853548418,false
100,1,52.6,-0.6313201469324999,-0.27369066702219347,false
100,1,52.7,-0.6089495740882028,-0.2709524186271595,false
100,1,52.8,-0.5853302804811593,-0.2680235591882371,false
100,1,52.9,-0.5603326742456396,-0.264893457463228,false
100,1,53.0,-0.5338107517732188,-0.26155029862903056,false
100,1,53.1,-0.5055998138333954,-0.25798093226201513,false
100,1,53.2,-0.47551389256465876,-0.25417069918230145,false
100,1,53.3,-0.4433428826885821,-0.2501032346245432,false
100,1,53.4,-0.4088493909666829,-0.24576024524155712,false
100,1,53.5,-0.3717653530126815,-0.24112125774145568,false
100,1,53.6,-0.33178852363696926,-0.23616333766670092,false
100,1,53.7,-0.2885790368040109,-0.23086077819000356,false
100,1,53.8,-0.24175636924823998,-0.22518476118956246,false
100,1,53.9,-0.19089724828395066,-0.2191029967975061,false
100,1,54.0,-0.13553534515225713,-0.2125793538220095,false
100,1,54.1,-0.07516401932201003,-0.20557350290547993,false
100,1,54.2,-0.009243951325506664,-0.198040608226288,false
100,1,54.3,0.06278177477321148,-0.1899311233461048,false
100,1,54.4,0.1414617570032629,-0.18119077361008587,false
100,1,54.5,0.22729540157232048,-0.1717608414941381,false
100,1,54.6,0.3206726806986986,-0.16157891013930592,false
100,1,54.7,0.4217910104049489,-0.15058025673646283,false
100,1,54.8,0.5305489002621138,-0.13870010591353052,false
100,1,54.9,0.6464227289437134,-0.12587692731080405,false
100,1,55.0,0.7683439634514735,-0.11205685480092889,false
100,1,55.1,0.894608052422626,-0.09719908258202427,false
100,1,55.2,1.0228578825690418,-0.08128174980988509,false
100,1,55.3,1.150184566380349,-0.06430742318075491,false
100,1,55.4,1.2733664771864337,-0.046306982600247674,false
100,1,55.5,1.3892226751478856,-0.02734072353571395,false
100,1,55.6,1.495005316747746,-0.007495958878945493,false
100,1,55.7,1.5887269293579773,0.013118739738559777,false
100,1,55.8,1.6693351085896149,0.034381607187503424,false
100,1,55.9,1.7367035760269052,0.05616644719638392,false
100,1,56.0,1.791472479611043,0.07835051177880165,false
100,1,56.1,1.8348090967294752,0.10082043405720341,false
100,1,56.2,1.8681615812713752,0.12347584360486341,false
100,1,56.3,1.8930548558842828,0.14623086554894843,false
100,1,56.4,1.910948456042344,0.16901401684044778,false
100,1,56.5,1.9231542015630945,0.19176708206384585,false
100,1,56.6,1.9308006021403197,0.21444346913368315,false
100,1,56.7,1.9348285071460771,0.2370064055264643,false
100,1,56.8,1.9360047211345817,0.2594271990823625,false
100,1,56.9,1.9349440164905172,0.2816836807689172,false
100,1,57.0,1.9321334807890307,0.303758874829973,false
100,1,57.1,1.9279558065433882,0.3256398988019636,false
100,1,57.2,1.9227099149055946,0.3473170735759925,false
100,1,57.3,1.916628380402728,0.36878321447737106,false
100,1,57.4,1.9098917086391023,0.39003307264398906,false
100,1,57.5,1.9026397953173542,0.4110628981333689,false
100,1,57.6,1.8949809927395465,0.4318700999551512,false
100,1,57.7,1.8869992129868955,0.4524529823772214,false
100,1,57.8,1.878759455577749,0.47281054077003093,false
100,1,57.9,1.8703120898310592,0.4929423036721728,false
100,1,58.0,1.8616961631204205,0.5128482106116449,false
100,1,58.1,1.8529419525255193,0.5325285175279226,false
100,1,58.2,1.844072931589684,0.5519837234769827,false
100,1,58.3,1.83510728627845,0.5712145137430061,false
100,1,58.4,1.826059084089724,0.5902217156017537,false
100,1,58.5,1.816939176500012,0.6090062638474907,false
100,1,58.6,1.8077558964011435,0.6275691738628966,false
100,1,58.7,1.7985155978437066,0.6459115205241829,false
100,1,58.8,1.7892230743654196,0.6640344216270077,false
100,1,58.9,1.7798818837135468,0.6819390248203637,false
100,1,59.0,1.770494600285493,0.6996264972668708,false
100,1,59.1,1.7610630116512127,0.7170980174253132,false
100,1,59.2,1.751588271727776,0.7343547684875089,false
100,1,59.3,1.7420710202749243,0.7513979331063396,false
100,1,59.4,1.7325114761594609,0.7682286891324202,false
100,1,59.5,1.722909510134443,0.78484820613907,false
100,1,59.6,1.7132647015732743,0.8012576425632794,false
100,1,59.7,1.703576382595222,0.817458143327519,false
100,1,59.8,1.6938436722462238,0.8334508378360346,false
100,1,59.9,1.6840655028028555,0.8492368382616114,false
100,1,60.0,1.674240639806556,0.8648172380561618,false
100,1,60.1,1.6643676970782022,0.880193110631999,false
100,1,60.2,1.6544451476857744,0.8953655081711854,false
100,1,60.3,1.6444713316217676,0.9103354605285385,false
100,1,60.4,1.634444460778132,0.9251039742002585,false
100,1,60.5,1.624362621674034,0.9396720313351041,false
100,1,60.6,1.614223776287326,0.9540405887688885,false
100,1,60.7,1.6040257612579298,0.9682105770660268,false
100,1,60.8,1.5937662856653796,0.982182899554135,false
100,1,60.9,1.5834429275297746,0.9959584313393824,false
100,1,61.0,1.5730531291423304,1.0095380182915548,false
100,1,61.1,1.5625941912962844,1.0229224759886688,false
100,1,61.2,1.5520632664592904,1.0361125886115687,false
100,1,61.3,1.541457350903159,1.049109107779256,false
100,1,61.4,1.5307732757847252,1.0619127513158195,false
100,1,61.5,1.520007697151817,1.0745242019397467,false
100,1,61.6,1.5091570848299771,1.0869441058661444,false
100,1,61.7,1.4982177101281235,1.0991730713119756,false
100,1,61.8,1.4871856322841572,1.11121166689385,false
100,1,61.9,1.4760566835541369,1.1230604199071776,false
100,1,62.0,1.4648264528305988,1.1347198144746091,false
100,1,62.1,1.4534902676564474,1.1461902895506442,false
100,1,62.2,1.4420431744801532,1.1574722367680623,false
100,1,62.3,1.430479916975316,1.168565998110423,false
100,1,62.4,1.4187949122225092,1.179471863393261,false
100,1,62.5,1.4069822245231767,1.1901900675347508,false
100,1,62.6,1.3950355365836407,1.2007207875945023,false
100,1,62.7,1.382948117771334,1.2110641395567454,false
100,1,62.8,1.370712789104428,1.221220174831419,false
100,1,62.9,1.3583218845892202,1.2311888764435586,false
100,1,63.0,1.3457672084659658,1.24097015487782,false
100,1,63.1,1.3330399878620645,1.2505638435409157,false
100,1,63.2,1.3201308202802848,1.259969693800098,false
100,1,63.3,1.3070296152673198,1.2691873695505214,false
100,1,63.4,1.2937255295125203,1.2782164412582275,false
100,1,63.5,1.2802068945157594,1.2870563794185206,false
100,1,63.6,1.2664611358343298,1.2957065473614666,false
100,1,63.7,1.2524746827682292,1.3041661933270094,false
100,1,63.8,1.238232867167246,1.312434441721516,false
100,1,63.9,1.223719809837188,1.320510283455226,false
100,1,64.0,1.2089182927807607,1.3283925652457802,false
100,1,64.1,1.1938096152242708,1.336079977756398,false
100,1,64.2,1.178373431046331,1.3435710424179685,false
100,1,64.3,1.162587564829373,1.3508640967618042,false
100,1,64.4,1.1464278032872814,1.3579572780635234,false
100,1,64.5,1.1298676582687535,1.3648485050677552,false
100,1,64.6,1.112878096879156,1.3715354575272927,false
100,1,64.7,1.0954272334833584,1.378015553247933,false
100,1,64.8,1.0774799774239825,1.3842859222803732,false
100,1,64.9,1.0589976291847136,1.3903433778417102,false
100,1,65.0,1.0399374164123487,1.3961843834796641,false
100,1,65.1,1.0202519596435906,1.4018050159105138,false
100,1,65.2,0.9998886557159865,1.4072009228645237,false
100,1,65.3,0.978788964622693,1.4123672751574439,false
100,1,65.4,0.9568875829372487,1.4172987120701244,false
100,1,65.5,0.934111483821772,1.421989278956453,false
100,1,65.6,0.9103787999736247,1.4264323558081997,false
100,1,65.7,0.8855975216020795,1.4306205752788501,false
100,1,65.8,0.8596639766194083,1.4345457284016665,false
100,1,65.9,0.8324610546871976,1.4381986559243836,false
100,1,66.0,0.8038561306733327,1.4415691228189955,false
100,1,66.1,0.7736986367000438,1.4446456731064239,false
100,1,66.2,0.7418172258227309,1.4474154616623505,false
100,1,66.3,0.7080164654550035,1.449864059148782,false
100,1,66.4,0.6720729966862745,1.451975225664723,false
100,1,66.5,0.6337310995948802,1.453730648168432,false
100,1,66.6,0.5926976194901937,1.4551096362681888,false
100,1,66.7,0.5486362428003834,1.4560887707414623,false
100,1,66.8,0.5011611770120892,1.4566414993508354,false
100,1,66.9,0.4498304070470625,1.4567376755548505,false
100,1,67.0,0.394138902090344,1.4563430381702884,false
100,1,67.1,0.33351247900232883,1.4554186348867946,false
100,1,67.2,0.26730355802062694,1.4539202012342498,false
100,1,67.3,0.19479086273901514,1.4517975213327303,false
100,1,67.4,0.11518632373857267,1.4489938205726685,false
100,1,67.5,0.02765413191753517,1.4454452772363156,false
100,1,67.6,-0.06865095885110226,1.4410807943507433,false
100,1,67.7,-0.17451665610131709,1.4358222478698306,false
100,1,67.8,-0.2905664774858395,1.4295855204712733,false
100,1,67.9,-0.41710360155192583,1.4222827266518248,false
100,1,68.0,-0.553902839790501,1.4138260941827667,false
100,1,68.1,-0.699966552356388,1.4041339117046352,false
100,1,68.2,-0.8532919228783077,1.3931386690290113,false
100,1,68.3,-1.0107362070854666,1.3807969013663401,false
100,1,68.4,-1.168091457192394,1.3670993204288227,false
100,1,68.5,-1.320454680616572,1.3520788684755527,false
100,1,68.6,-1.4628791279172213,1.3358139650900123,false
100,1,68.7,-1.59114759942306,1.3184250274847749,false
100,1,68.8,-1.7024127422429056,1.3000643369184808,false
100,1,68.9,-1.7954889544639683,1.2809015952572382,false
100,1,69.0,-1.870741496372878,1.2611087914372554,false
100,1,69.1,-1.929687745687748,1.2408476493986247,false
100,1,69.2,-1.9744994859086609,1.2202614207551306,false
100,1,69.3,-2.0075623340077673,1.1994711276616172,false
100,1,69.4,-2.031167451680681,1.1785752909335225,false
100,1,69.5,-2.047340436321279,1.1576518414834962,false
100,1,69.6,-2.0577759286991504,1.136761071034069,false
100,1,69.7,-2.063838732077136,1.1159488269627802,false
100,1,69.8,-2.06659916428082,1.0952494958106505,false
100,1,69.9,-2.066881130531933,1.074688570002644,false
100,1,70.0,-2.0653107179931145,1.054284746246667,false
100,1,70.1,-2.062359518162204,1.0340515846471374,false
100,1,70.2,-2.058380683948524,1.0139987913206712,false
100,1,70.3,-2.0536377069363136,0.9941331949393403,false
100,1,70.4,-2.0483267719731226,0.9744594826211709,false
100,1,70.5,-2.0425938147045652,0.9549807507000937,false
100,1,70.6,-2.036547382933836,0.9356989151534042,false
100,1,70.7,-2.0302682578760476,0.9166150166609578,false
100,1,70.8,-2.023816615097045,0.8977294470554743,false
100,1,70.9,-2.0172373378280066,0.8790421173614423,false
100,1,71.0,-2.0105639528168533,0.8605525825310208,false
100,1,71.1,-2.0038215439906875,0.8422601341128041,false
100,1,71.2,-1.9970289096817357,0.8241638691790983,false
100,1,71.3,-1.9902001608931528,0.8062627416682037,false
100,1,71.4,-1.9833459067317578,0.7885556006899321,false
100,1,71.5,-1.9764741348694637,0.7710412191540886,false
100,1,71.6,-1.969590866550114,0.7537183152049203,false
100,1,71.7,-1.962700644740742,0.7365855682983214,false
100,1,71.8,-1.955806898623513,0.7196416312822621,false
100,1,71.9,-1.9489122162949337,0.7028851394896294,false
100,1,72.0,-1.9420185492071735,0.6863147175933598,false
100,1,72.1,-1.935127365757163,0.6699289847820745,false
100,1,72.2,-1.9282397669165257,0.6537265586725504,false
100,1,72.3,-1.9213565734692868,0.6377060582701611,false
100,1,72.4,-1.9144783919692783,0.6218661062102827,false
100,1,72.5,-1.9076056647142687,0.6062053304555003,false
100,1,72.6,-1.9007387076898998,0.5907223655800973,false
100,1,72.7,-1.8938777394394701,0.575415853740905,false
100,1,72.8,-1.8870229030745833,0.56028444540934,false
100,1,72.9,-1.8801742830898123,0.5453267999212577,false
100,1,73.0,-1.8733319182327708,0.5305415858875735,false
100,1,73.1,-1.866495811373113,0.5159274814982977,false
100,1,73.2,-1.8596659370833366,0.5014831747448506,false
100,1,73.3,-1.8528422474711181,0.48720736357964023,false
100,1,73.4,-1.846024676672668,0.4730987560274259,false
100,1,73.5,-1.8392131443184097,0.4591560702595994,false
100,1,73.6,-1.8324075582081394,0.4453780346399403,false
100,1,73.7,-1.8256078163766958,0.4317633877484307,false
100,1,73.8,-1.8188138086886065,0.4183108783882155,false
100,1,73.9,-1.8120254180678308,0.4050192655796393,false
100,1,74.0,-1.8052425214440853,0.39188731854441,false
100,1,74.1,-1.7984649904784475,0.37891381668225904,false
100,1,74.2,-1.7916926921165615,0.366097549541945,false
100,1,74.3,-1.7849254890067556,0.353437316788044,false
100,1,74.4,-1.7781632398119414,0.34093192816465784,false
100,1,74.5,-1.7714057994376473,0.3285802034569288,false
100,1,74.6,-1.7646530191935488,0.3163809724510637,false
100,1,74.7,-1.7579047469019609,0.30433307489342276,false
100,1,74.8,-1.75116082696379,0.29243536044911594,false
100,1,74.9,-1.7444211003900987,0.2806866886604621,false
100,1,75.0,-1.7376854048056372,0.269085928905596,false
100,1,75.1,-1.7309535744292914,0.257631960357456,false
100,1,75.2,-1.7242254400352919,0.2463236719433422,false
100,1,75.3,-1.7175008288981706,0.23515996230520372,false
100,1,75.4,-1.7107795647237758,0.22413973976078688,false
100,1,75.5,-1.7040614675681245,0.2132619222657579,false
100,1,75.6,-1.6973463537454447,0.2025254373768974,false
100,1,75.7,-1.6906340357264371,0.19192922221645353,false
100,1,75.8,-1.6839243220275084,0.18147222343773073,false
100,1,75.9,-1.6772170170915184,0.17115339719198558,false
100,1,76.0,-1.6705119211604151,0.16097170909669586,false
100,1,76.1,-1.6638088301399858,0.15092613420526615,false
100,1,76.2,-1.6571075354568388,0.14101565697823096,false
100,1,76.3,-1.650407823907636,0.13123927125601537,false
100,1,76.4,-1.6437094775005168,0.12159598023331335,false
100,1,76.5,-1.6370122732885772,0.11208479643514377,false
100,1,76.6,-1.63031598319522,0.10270474169464541,false
100,1,76.7,-1.6236203738311297,0.09345484713267407,false
100,1,76.8,-1.6169252063025765,0.08433415313926625,false
100,1,76.9,-1.610230236010721,0.07534170935703713,false
100,1,77.0,-1.6035352124415312,0.06647657466658269,false
100,1,77.1,-1.5968398789458975,0.057737817173958934,false
100,1,77.2,-1.5901439725094841,0.04912451420031545,false
100,1,77.3,-1.5834472235118175,0.04063575227376345,false
100,1,77.4,-1.5767493554740708,0.03227062712356308,false
100,1,77.5,-1.5700500847949637,0.024028243676719477,false
100,1,77.6,-1.563349120474152,0.015907716057081273,false
100,1,77.7,-1.556646163822441,0.007908167587041303,false
100,1,77.8,-1.5499409081581013,2.8730791944209244e-5,false
100,1,77.9,-1.5432330384885293,-0.007731452592687982,false
100,1,78.0,-1.5365222311764284,-0.015373231610994888,false
100,1,78.1,-1.5298081535896424,-0.02289744607355715,false
100,1,78.2,-1.5230904637337068,-0.030304926540984514,false
100,1,78.3,-1.516368809866125,-0.03759649430417292,false
100,1,78.4,-1.5096428300913036,-0.044772961361083025,false
100,1,78.5,-1.5029121519350148,-0.0518351303898829,false
100,1,78.6,-1.49617639189717,-0.05878379471828862,false
100,1,78.7,-1.4894351549816107,-0.06561973828892577,false
100,1,78.8,-1.4826880342015292,-0.07234373562052428,false
100,1,78.9,-1.4759346100590356,-0.07895655176474682,false
100,1,79.0,-1.4691744499972854,-0.08545894225843882,false
100,1,79.1,-1.4624071078234686,-0.09185165307107426,false
100,1,79.2,-1.4556321231008387,-0.09813542054715726,false
100,1,79.3,-1.4488490205078328,-0.10431097134332366,false
100,1,79.4,-1.4420573091621887,-0.11037902235987061,false
100,1,79.5,-1.4352564819078142,-0.11634028066642366,false
100,1,79.6,-1.428446014562003,-0.12219544342143213,false
100,1,79.7,-1.4216253651204025,-0.12794519778516297,false
100,1,79.8,-1.4147939729169547,-0.1335902208258407,false
100,1,79.9,-1.4079512577358186,-0.1391311794185574,false
100,1,80.0,-1.4010966188720517,-0.1445687301365512,false
100,1,80.1,-1.3942294341375858,-0.14990351913442368,false
100,1,80.2,-1.3873490588087594,-0.155136182022837,false
100,1,80.3,-1.3804548245113801,-0.1602673437341992,false
100,1,80.4,-1.3735460380389724,-0.16529761837881157,false
100,1,80.5,-1.3666219800995172,-0.1702276090909142,false
100,1,80.6,-1.3596819039856178,-0.17505790786402547,false
100,1,80.7,-1.352725034162612,-0.17978909537492743,false
100,1,80.8,-1.345750564768705,-0.1844217407956008,false
100,1,80.9,-1.338757658020704,-0.18895640159236338,false
100,1,81.0,-1.3317454425184088,-0.19339362331140794,false
100,1,81.1,-1.3247130114401164,-0.1977339393498772,false
100,1,81.2,-1.3176594206210674,-0.2019778707115462,false
100,1,81.3,-1.3105836865059552,-0.20612592574611194,false
100,1,81.4,-1.3034847839658517,-0.21017859987101295,false
100,1,81.5,-1.2963616439690597,-0.2141363752746159,false
100,1,81.6,-1.2892131510944738,-0.21799972059951572,false
100,1,81.7,-1.2820381408750148,-0.22176909060459524,false
100,1,81.8,-1.2748353969575814,-0.22544492580438108,false
100,1,81.9,-1.2676036480647273,-0.22902765208411355,false
100,1,82.0,-1.2603415647419125,-0.2325176802888182,false
100,1,82.1,-1.2530477558726785,-0.23591540578452447,false
100,1,82.2,-1.245720764942435,-0.23922120798962115,false
100,1,82.3,-1.2383590660297183,-0.24243544987416762,false
100,1,82.4,-1.23096105950175,-0.24555847742479334,false
100,1,82.5,-1.2235250673888831,-0.24859061907261243,false
100,1,82.6,-1.216049328410031,-0.2515321850813555,false
100,1,82.7,-1.2085319926184084,-0.25438346689267227,false
100,1,82.8,-1.2009711156338483,-0.2571447364252867,false
100,1,82.9,-1.193364652424543,-0.2598162453243858,false
100,1,83.0,-1.1857104505972482,-0.262398224157292,false
100,1,83.1,-1.1780062431507592,-0.2648908815511034,false
100,1,83.2,-1.1702496406427292,-0.26729440326758236,false
100,1,83.3,-1.1624381227146212,-0.2696089512101265,false
100,1,83.4,-1.1545690289136636,-0.2718346623571603,false
100,1,83.5,-1.1466395487440646,-0.27397164761573795,false
100,1,83.6,-1.1386467108723088,-0.2760199905885386,false
100,1,83.7,-1.1305873714030266,-0.277979746246759,false
100,1,83.8,-1.1224582011325483,-0.2798509395006551,false
100,1,83.9,-1.1142556716767131,-0.2816335636586471,false
100,1,84.0,-1.1059760403576055,-0.2833275787649657,false
100,1,84.1,-1.097615333720476,-0.2849329098047753,false
100,1,84.2,-1.089169329536942,-0.2864494447645413,false
100,1,84.3,-1.0806335371334015,-0.287877032534103,false
100,1,84.4,-1.0720031758641475,-0.2892154806354488,false
100,1,84.5,-1.0632731515266096,-0.29046455276154637,false
100,1,84.6,-1.0544380304910712,-0.2916239661067347,false
100,1,84.7,-1.0454920112886805,-0.2926933884681029,false
100,1,84.8,-1.0364288933690482,-0.2936724350949403,false
100,1,84.9,-1.0272420427016122,-0.2945606652606955,false
100,1,85.0,-1.0179243538525258,-0.2953575785288937,false
100,1,85.1,-1.0084682081202532,-0.2960626106810769,false
100,1,85.2,-0.9988654272573874,-0.2966751292709964,false
100,1,85.3,-0.9891072222422691,-0.2971944287649312,false
100,1,85.4,-0.9791841364904763,-0.29761972522305413,false
100,1,85.5,-0.9690859828115982,-0.29795015047112755,false
100,1,85.6,-0.9588017733190664,-0.2981847457053786,false
100,1,85.7,-0.9483196413880458,-0.29832245446605704,false
100,1,85.8,-0.937626754625942,-0.2983621149067703,false
100,1,85.9,-0.9267092176689962,-0.29830245127706007,false
100,1,86.0,-0.915551963443197,-0.29814206452462766,false
100,1,86.1,-0.904138631324233,-0.29787942191091027,false
100,1,86.2,-0.8924514303945937,-0.2975128455190828,false
100,1,86.3,-0.8804709857205262,-0.2970404995166992,false
100,1,86.4,-0.868176165250713,-0.2964603760157209,false
100,1,86.5,-0.8555438845644817,-0.29577027935017974,false
100,1,86.6,-0.8425488862610372,-0.29496780856567884,false
100,1,86.7,-0.8291634902721509,-0.2940503378847587,false
100,1,86.8,-0.8153573107869017,-0.29301499487715404,false
100,1,86.9,-0.8010969347847424,-0.29185863602333967,false
100,1,87.0,-0.7863455563669922,-0.29057781931257626,false
100,1,87.1,-0.7710625601399491,-0.2891687734618515,false
100,1,87.2,-0.7552030458171884,-0.2876273632784401,false
100,1,87.3,-0.738717284956019,-0.28594905061489945,false
100,1,87.4,-0.7215500993065845,-0.28412885027963874,false
100,1,87.5,-0.7036401486187495,-0.2821612801670846,false
100,1,87.6,-0.6849191139170729,-0.2800403047571834,false
100,1,87.7,-0.6653107602286679,-0.27775927100282305,false
100,1,87.8,-0.644729860569904,-0.275310835474251,false
100,1,87.9,-0.6230809607470859,-0.2726868814607682,false
100,1,88.0,-0.6002569623555598,-0.26987842454200345,false
100,1,88.1,-0.5761374995352551,-0.2668755049359017,false
100,1,88.2,-0.5505870839968848,-0.26366706471331997,false
100,1,88.3,-0.5234529932787632,-0.26024080775007524,false
100,1,88.4,-0.494562880245042,-0.2565830400848299,false
100,1,88.5,-0.4637220892237878,-0.25267848819647026,false
100,1,88.6,-0.4307106785569644,-0.24851009265834367,false
100,1,88.7,-0.39528017469113763,-0.24405877474929266,false
100,1,88.8,-0.35715012521848555,-0.23930317402772863,false
100,1,88.9,-0.31600458615669386,-0.23421935579528794,false
100,1,89.0,-0.2714887846103721,-0.22878048907549514,false
100,1,89.1,-0.22320635888888338,-0.22295649862721487,false
100,1,89.2,-0.1707178166939166,-0.21671369919776648,false
100,1,89.3,-0.11354119555667967,-0.21001442751748814,false
100,1,89.4,-0.051156386963347095,-0.2028166985230881,false
100,1,89.5,0.01698478388529219,-0.19507392827290537,false
100,1,89.6,0.09143985963290338,-0.18673478833120352,false
100,1,89.7,0.1727447483529277,-0.17774328596519903,false
100,1,89.8,0.26136609973523606,-0.16803920077900195,false
100,1,89.9,0.3576327984969745,-0.1575590475657713,false
100,1,90.0,0.4616439139328722,-0.14623776723259962,false
100,1,90.1,0.5731547904105053,-0.13401135322343788,false
100,1,90.2,0.6914512458293998,-0.12082056921586652,false
100,1,90.3,0.8152342383788915,-0.10661576717836455,false
100,1,90.4,0.9425512933554883,-0.09136254511416148,false
100,1,90.5,1.0708195134527387,-0.07504760604841305,false
100,1,90.6,1.196977672362014,-0.05768379107944187,false
100,1,90.7,1.3177737791375244,-0.03931304703631772,false
100,1,90.8,1.4301442987557387,-0.020006261922699203,false
100,1,90.9,1.5315945543717866,0.00014046048581357884,false
100,1,91.0,1.6204766893013927,0.021012587957191596,false
100,1,91.1,1.696095555304227,0.042485686235731776,false
100,1,91.2,1.7586366039588806,0.06443401596866812,false
100,1,91.3,1.8089672059409492,0.08673777077283006,false
100,1,91.4,1.8483871632099305,0.1092881499773404,false
100,1,91.5,1.8783941164750533,0.13199013505109006,false
100,1,91.6,1.900501732369879,0.15476332011463836,false
100,1,91.7,1.9161210209126363,0.17754136002049797,false
100,1,91.8,1.926497316581479,0.20027059981660883,false
100,1,91.9,1.9326881423018,0.2229083362912017,false
100,1,92.0,1.935566952618332,0.24542101864241003,false
100,1,92.1,1.9358408118153794,0.2677825682610063,false
100,1,92.2,1.9340738272652755,0.2899729041820613,false
100,1,92.3,1.930711384345139,0.3119767005899566,false
100,1,92.4,1.9261025552879953,0.3337823685314436,false
100,1,92.5,1.9205195473173569,0.35538123737794486,false
100,1,92.6,1.914173922748431,0.3767669057302534,false
100,1,92.7,1.9072297745347915,0.3979347315477426,false
100,1,92.8,1.8998142377859175,0.4188814342364161,false
100,1,92.9,1.89202577235278,0.43960478544573056,false
100,1,93.0,1.8839406334849194,0.46010336943644686,false
100,1,93.1,1.8756178976775884,0.48037639762929757,false
100,1,93.2,1.8671033515034077,0.5004235651517498,false
100,1,93.3,1.858432493680543,0.5202449398428797,false
100,1,93.4,1.8496328497607482,0.5398408763007763,false
100,1,93.5,1.8407257561255705,0.5592119492366205,false
100,1,93.6,1.8317277352764276,0.5783589017128329,false
100,1,93.7,1.822651556783904,0.5972826048615325,false
100,1,93.8,1.813507056586953,0.6159840264659264,false
100,1,93.9,1.8043017704871525,0.6344642063921485,false
100,1,94.0,1.7950414246765998,0.6527242373234399,false
100,1,94.1,1.7857303161394489,0.6707652496046833,false
100,1,94.2,1.7763716081023184,0.6885883992783308,false
100,1,94.3,1.7669675598426118,0.7061948586021473,false
100,1,94.4,1.7575197056774463,0.7235858084998822,false
100,1,94.5,1.7480289945250305,0.7407624325194306,false
100,1,94.6,1.738495898805467,0.7577259119680019,false
100,1,94.7,1.7289204994380127,0.774477421966969,false
100,1,94.8,1.7193025521509067,0.7910181282255119,false
100,1,94.9,1.7096415391368862,0.8073491843757843,false
100,1,95.0,1.6999367091777298,0.8234717297461046,false
100,1,95.1,1.6901871086602798,0.8393868874748441,false
100,1,95.2,1.6803916053652836,0.8550957628880212,false
100,1,95.3,1.6705489064917372,0.8705994420794124,false
100,1,95.4,1.6606575720547179,0.8858989906442972,false
100,1,95.5,1.6507160245421832,0.9009954525275347,false
100,1,95.6,1.640722555519265,0.9158898489541345,false
100,1,95.7,1.6306753297144485,0.9305831774162945,false
100,1,95.8,1.6205723870009239,0.9450764106953853,false
100,1,95.9,1.6104116425907806,0.9593704959008569,false
100,1,96.0,1.600190885683812,0.9734663535107221,false
100,1,96.1,1.589907776751994,0.9873648764003117,false
100,1,96.2,1.579559843591727,1.0010669288475218,false
100,1,96.3,1.5691444762359807,1.0145733455038808,false
100,1,96.4,1.5586589207854038,1.0278849303215316,false
100,1,96.5,1.5481002721896282,1.041002455426704,false
100,1,96.6,1.5374654659860374,1.0539266599305,false
100,1,96.7,1.5267512689821363,1.066658248667844,false
100,1,96.8,1.5159542688485037,1.079197890855308,false
100,1,96.9,1.505070862571367,1.0915462186581968,false
100,1,97.0,1.494097243696544,1.1037038256568077,false
100,1,97.1,1.483029388279301,1.1156712652011453,false
100,1,97.2,1.4718630394370895,1.12744904864259,false
100,1,97.3,1.4605936903837204,1.1390376434300709,false
100,1,97.4,1.4492165658038552,1.1504374710571874,false
100,1,97.5,1.437726601405318,1.1616489048454306,false
100,1,97.6,1.4261184214631881,1.1726722675471675,false
100,1,97.7,1.4143863141434219,1.1835078287503518,false
100,1,97.8,1.4025242043643598,1.1941558020649736,false
100,1,97.9,1.3905256239212436,1.204616342069049,false
100,1,98.0,1.3783836785611563,1.2148895409894194,false
100,1,98.1,1.3660910116527627,1.2249754250897553,false
100,1,98.2,1.3536397640459785,1.234873950734883,false
100,1,98.3,1.3410215296601347,1.24458500009681,false
100,1,98.4,1.328227306274064,1.2541083764635628,false
100,1,98.5,1.3152474409163395,1.2634437991070668,false
100,1,98.6,1.3020715691668658,1.2725908976607192,false
100,1,98.7,1.288688547580079,1.2815492059508975,false
100,1,98.8,1.2750863783226745,1.2903181552192935,false
100,1,98.9,1.2612521249820954,1.298897066664501,false
100,1,99.0,1.2471718183424567,1.3072851432215253,false
100,1,99.1,1.2328303507379514,1.3154814604866214,false
100,1,99.2,1.218211357375037,1.3234849566818225,false
100,1,99.3,1.2032970827578118,1.3312944215384073,false
100,1,99.4,1.1880682300487102,1.3389084839609877,false
100,1,99.5,1.1725037908402864,1.3463255983134528,false
100,1,99.6,1.1565808523929595,1.3535440291441512,false
100,1,99.7,1.1402743788956062,1.3605618341398218,false
100,1,99.8,1.1235569627157134,1.3673768450651282,false
100,1,99.9,1.1063985409053034,1.3739866464063477,false
100,1,100.0,1.0887660713963176,1.3803885513927268,false
