t,v,w,J11_prefix,J12_prefix,J21_prefix,J22_prefix,J11_fixed,J12_fixed,J21_fixed,J22_fixed,J11_exact,eig_re1_prefix,eig_im1_prefix,eig_re2_prefix,eig_im2_prefix,eig_re1_fixed,eig_im1_fixed,eig_re2_fixed,eig_im2_fixed,trace_prefix,trace_fixed,det_prefix,det_fixed
0.0,-1.929437229309386,0.9101151095828509,1.0,-1.0,0.08,-0.064,-2.7227280218450796,-1.0,0.08,-0.064,-2.7227280218450796,0.91858184606129,0.0,0.017418153938710032,0.0,-0.094438041694092,0.0,-2.6922899801509876,0.0,0.9359999999999999,-2.7867280218450796,0.016,0.2542545933980851
0.25,-1.9155737728924656,0.8714134198397485,1.0,-1.0,0.08,-0.064,-2.669422879393475,-1.0,0.08,-0.064,-2.669422879393475,0.91858184606129,0.0,0.017418153938710032,0.0,-0.09507584129727993,0.0,-2.638347038096195,0.0,0.9359999999999999,-2.733422879393475,0.016,0.2508430642811824
0.5,-1.9014837322731335,0.8336036527597914,1.0,-1.0,0.08,-0.064,-2.6156403840993656,-1.0,0.08,-0.064,-2.6156403840993656,0.91858184606129,0.0,0.017418153938710032,0.0,-0.09574737969435707,0.0,-2.5838930044050086,0.0,0.9359999999999999,-2.6796403840993657,0.016,0.2474009845823594
0.75,-1.8873004455401534,0.7966746633284079,1.0,-1.0,0.08,-0.064,-2.5619029717360613,-1.0,0.08,-0.064,-2.5619029717360613,0.91858184606129,0.0,0.017418153938710032,0.0,-0.09644837693161631,0.0,-2.529454594804445,0.0,0.9359999999999999,-2.6259029717360614,0.016,0.2439617901911079
1.0,-1.8730891095330147,0.7606135967388087,1.0,-1.0,0.08,-0.064,-2.5084628122511816,-1.0,0.08,-0.064,-2.5084628122511816,0.91858184606129,0.0,0.017418153938710032,0.0,-0.09717732404196291,0.0,-2.4752854882092183,0.0,0.9359999999999999,-2.5724628122511817,0.016,0.24054161998407564
1.25,-1.8588817622244627,0.7254068772835245,1.0,-1.0,0.08,-0.064,-2.4554414059307232,-1.0,0.08,-0.064,-2.4554414059307232,0.91858184606129,0.0,0.017418153938710032,0.0,-0.09793414791319605,0.0,-2.4215072580175274,0.0,0.9359999999999999,-2.5194414059307233,0.016,0.2371482499795663
1.5,-1.84469410235031,0.6910406903771935,1.0,-1.0,0.08,-0.064,-2.402896331246016,-1.0,0.08,-0.064,-2.402896331246016,0.91858184606129,0.0,0.017418153938710032,0.0,-0.09871955838733143,0.0,-2.3681767728586847,0.0,0.9359999999999999,-2.466896331246016,0.016,0.23378536519974502
1.75,-1.8305336700645556,0.6575012195804468,1.0,-1.0,0.08,-0.064,-2.3508535172400107,-1.0,0.08,-0.064,-2.3508535172400107,0.91858184606129,0.0,0.017418153938710032,0.0,-0.09953472763131195,0.0,-2.315318789608699,0.0,0.9359999999999999,-2.4148535172400107,0.016,0.23045462510336068
2.0,-1.816403873564684,0.6247747638126013,1.0,-1.0,0.08,-0.064,-2.299323031900788,-1.0,0.08,-0.064,-2.299323031900788,0.91858184606129,0.0,0.017418153938710032,0.0,-0.10038113407133076,0.0,-2.2629418978294575,0.0,0.9359999999999999,-2.363323031900788,0.016,0.22715667404165044
2.25,-1.8023059949116513,0.5928477952787803,1.0,-1.0,0.08,-0.064,-2.2483068992944775,-1.0,0.08,-0.064,-2.2483068992944775,0.91858184606129,0.0,0.017418153938710032,0.0,-0.10126048940133606,0.0,-2.2110464098931413,0.0,0.9359999999999999,-2.3123068992944775,0.016,0.22389164155484656
2.5,-1.7882402009897445,0.5617069877216363,1.0,-1.0,0.08,-0.064,-2.1978030164358415,-1.0,0.08,-0.064,-2.1978030164358415,0.91858184606129,0.0,0.017418153938710032,0.0,-0.10217470860702599,0.0,-2.1596283078288154,0.0,0.9359999999999999,-2.2618030164358416,0.016,0.2206593930518939
2.75,-1.774206058751138,0.5313392296582665,1.0,-1.0,0.08,-0.064,-2.1478071389092457,-1.0,0.08,-0.064,-2.1478071389092457,0.91858184606129,0.0,0.017418153938710032,0.0,-0.10312590314853479,0.0,-2.108681235760711,0.0,0.9359999999999999,-2.2118071389092457,0.016,0.21745965689019173
3.0,-1.7602028004504906,0.5017316299490523,1.0,-1.0,0.08,-0.064,-2.0983138987137497,-1.0,0.08,-0.064,-2.0983138987137497,0.91858184606129,0.0,0.017418153938710032,0.0,-0.10411638744299809,0.0,-2.0581975112707513,0.0,0.9359999999999999,-2.16231389871375,0.016,0.21429208951768
3.25,-1.7462294612430809,0.4728715194246536,1.0,-1.0,0.08,-0.064,-2.0493173313133006,-1.0,0.08,-0.064,-2.0493173313133006,0.91858184606129,0.0,0.017418153938710032,0.0,-0.10514869382070499,0.0,-2.0081686374925956,0.0,0.9359999999999999,-2.1133173313133007,0.016,0.21115630920405126
3.5,-1.7322849508061091,0.44474645048411143,1.0,-1.0,0.08,-0.064,-2.0008111507893234,-1.0,0.08,-0.064,-2.0008111507893234,0.91858184606129,0.0,0.017418153938710032,0.0,-0.10622559371968196,0.0,-1.9585855570696413,0.0,0.9359999999999999,-2.0648111507893234,0.016,0.20805191365051673
3.75,-1.7183680904082117,0.4173441956582644,1.0,-1.0,0.08,-0.064,-1.952788894133164,-1.0,0.08,-0.064,-1.952788894133164,0.91858184606129,0.0,0.017418153938710032,0.0,-0.10735012426653509,0.0,-1.9094387698666289,0.0,0.9359999999999999,-2.016788894133164,0.016,0.20497848922452253
4.0,-1.7044776316223749,0.39065274566188624,1.0,-1.0,0.08,-0.064,-1.90524399670102,-1.0,0.08,-0.064,-1.90524399670102,0.91858184606129,0.0,0.017418153938710032,0.0,-0.10852562017805892,0.0,-1.8607183765229611,0.0,0.9359999999999999,-1.96924399670102,0.016,0.20193561578886526
4.25,-1.6906122651180333,0.36466030721399906,1.0,-1.0,0.08,-0.064,-1.858169830967527,-1.0,0.08,-0.064,-1.858169830967527,0.91858184606129,0.0,0.017418153938710032,0.0,-0.10975575141823526,0.0,-1.8124140795492916,0.0,0.9359999999999999,-1.922169830967527,0.016,0.19892286918192173
4.5,-1.6767706239697477,0.33935530077809756,1.0,-1.0,0.08,-0.064,-1.8115597254078972,-1.0,0.08,-0.064,-1.8115597254078972,0.91858184606129,0.0,0.017418153938710032,0.0,-0.11104456742079011,0.0,-1.7645151579871072,0.0,0.9359999999999999,-1.8755597254078973,0.016,0.19593982242610544
4.75,-1.6629512838359266,0.314726358306503,1.0,-1.0,0.08,-0.064,-1.7654069724115566,-1.0,0.08,-0.064,-1.7654069724115566,0.91858184606129,0.0,0.017418153938710032,0.0,-0.11239654902857502,0.0,-1.7170104233829817,0.0,0.9359999999999999,-1.8294069724115567,0.016,0.1929860462343396
5.0,-1.6491527612622463,0.2907623210371073,1.0,-1.0,0.08,-0.064,-1.7197048299788915,-1.0,0.08,-0.064,-1.7197048299788915,0.91858184606129,0.0,0.017418153938710032,0.0,-0.1138166696641699,0.0,-1.6698881603147218,0.0,0.9359999999999999,-1.7837048299788916,0.016,0.19006110911864904
5.25,-1.6353735107778906,0.2674522373715444,1.0,-1.0,0.08,-0.064,-1.6744465197540035,-1.0,0.08,-0.064,-1.6744465197540035,0.91858184606129,0.0,0.017418153938710032,0.0,-0.11531046767425268,0.0,-1.6231360520797509,0.0,0.9359999999999999,-1.7384465197540035,0.016,0.18716457726425623
5.5,-1.6216119211353357,0.24478536085357636,1.0,-1.0,0.08,-0.064,-1.629625222768234,-1.0,0.08,-0.064,-1.629625222768234,0.91858184606129,0.0,0.017418153938710032,0.0,-0.11688413232468163,0.0,-1.5767410904435524,0.0,0.9359999999999999,-1.693625222768234,0.016,0.184296014257167
5.75,-1.6078663108697067,0.22275114826113562,1.0,-1.0,0.08,-0.064,-1.5852340736297603,-1.0,0.08,-0.064,-1.5852340736297603,0.91858184606129,0.0,0.017418153938710032,0.0,-0.11854460661168298,0.0,-1.5306894670180773,0.0,0.9359999999999999,-1.6492340736297604,0.016,0.18145498071230465
6.0,-1.5941349232554127,0.20133925782282566,1.0,-1.0,0.08,-0.064,-1.5412661535425407,-1.0,0.08,-0.064,-1.5412661535425407,0.91858184606129,0.0,0.017418153938710032,0.0,-0.12029971095907929,0.0,-1.4849664425834614,0.0,0.9359999999999999,-1.6052661535425408,0.016,0.1786410338267226
6.25,-1.5804159206804407,0.18053954756858664,1.0,-1.0,0.08,-0.064,-1.4977144823402044,-1.0,0.08,-0.064,-1.4977144823402044,0.91858184606129,0.0,0.017418153938710032,0.0,-0.12215829307772057,0.0,-1.439556189262484,0.0,0.9359999999999999,-1.5617144823402045,0.016,0.17585372686977307
6.5,-1.5667073784234749,0.1603420738240534,1.0,-1.0,0.08,-0.064,-1.454572009606557,-1.0,0.08,-0.064,-1.454572009606557,0.91858184606129,0.0,0.017418153938710032,0.0,-0.12413041089316845,0.0,-1.3944415987133887,0.0,0.9359999999999999,-1.5185720096065571,0.016,0.17309260861481965
6.75,-1.5530072777955475,0.1407370898585211,1.0,-1.0,0.08,-0.064,-1.4118316048859367,-1.0,0.08,-0.064,-1.4118316048859367,0.91858184606129,0.0,0.017418153938710032,0.0,-0.1262275576790609,0.0,-1.3496040472068758,0.0,0.9359999999999999,-1.4758316048859368,0.016,0.17035722271269996
7.0,-1.5393134985905166,0.1217150446972169,1.0,-1.0,0.08,-0.064,-1.3694860469429764,-1.0,0.08,-0.064,-1.3694860469429764,0.91858184606129,0.0,0.017418153938710032,0.0,-0.128462941630619,0.0,-1.3050231053123573,0.0,0.9359999999999999,-1.4334860469429764,0.016,0.16764710700435048
7.25,-1.5256238107739892,0.10326658210966061,1.0,-1.0,0.08,-0.064,-1.327528012000549,-1.0,0.08,-0.064,-1.327528012000549,0.91858184606129,0.0,0.017418153938710032,0.0,-0.13085183647521031,0.0,-1.2606761755253388,0.0,0.9359999999999999,-1.391528012000549,0.016,0.16496179276803513
7.5,-1.5119358653265782,0.0853825397872426,1.0,-1.0,0.08,-0.064,-1.285950060860829,-1.0,0.08,-0.064,-1.285950060860829,0.91858184606129,0.0,0.017418153938710032,0.0,-0.13341202596145532,0.0,-1.2165380348993735,0.0,0.9359999999999999,-1.349950060860829,0.016,0.16230080389509308
7.75,-1.4982471841432465,0.06805394872474763,1.0,-1.0,0.08,-0.064,-1.2447446247931673,-1.0,0.08,-0.064,-1.2447446247931673,0.91858184606129,0.0,0.017418153938710032,0.0,-0.13616437416667837,0.0,-1.1725802506264889,0.0,0.9359999999999999,-1.3087446247931673,0.016,0.15966365598676274
8.0,-1.4845551488752087,0.05127203282241835,1.0,-1.0,0.08,-0.064,-1.2039039900518924,-1.0,0.08,-0.064,-1.2039039900518924,0.91858184606129,0.0,0.017418153938710032,0.0,-0.13913356708085017,0.0,-1.1287704229710422,0.0,0.9359999999999999,-1.2679039900518925,0.016,0.1570498553633211
8.25,-1.470856988583766,0.03502820872730765,1.0,-1.0,0.08,-0.064,-1.1634202808657044,-1.0,0.08,-0.064,-1.1634202808657044,0.91858184606129,0.0,0.017418153938710032,0.0,-0.1423490914537219,0.0,-1.0850711894119824,0.0,0.9359999999999999,-1.2274202808657044,0.016,0.15445889797540507
8.5,-1.457149766055915,0.019314085935152367,1.0,-1.0,0.08,-0.064,-1.1232854407168071,-1.0,0.08,-0.064,-1.1232854407168071,0.91858184606129,0.0,0.017418153938710032,0.0,-0.1458465488376434,0.0,-1.0414388918791637,0.0,0.9359999999999999,-1.1872854407168072,0.016,0.15189026820587564
8.75,-1.4434303626090277,0.004121467176863519,1.0,-1.0,0.08,-0.064,-1.083491211701629,-1.0,0.08,-0.064,-1.083491211701629,0.91858184606129,0.0,0.017418153938710032,0.0,-0.1496694538636815,0.0,-0.9978217578379476,0.0,0.9359999999999999,-1.1474912117016292,0.016,0.14934343754890428
9.0,-1.4296954611856953,-0.010557650882975653,1.0,-1.0,0.08,-0.064,-1.0440291117349778,-1.0,0.08,-0.064,-1.0440291117349778,0.91858184606129,0.0,0.017418153938710032,0.0,-0.15387175015681215,0.0,-0.9541573615781656,0.0,0.9359999999999999,-1.1080291117349779,0.016,0.1468178631510386
9.25,-1.4159415275091938,-0.024731076604402505,1.0,-1.0,0.08,-0.064,-1.0048904093250686,-1.0,0.08,-0.064,-1.0048904093250686,0.91858184606129,0.0,0.017418153938710032,0.0,-0.15852142170916253,0.0,-0.910368987615906,0.0,0.9359999999999999,-1.0688904093250686,0.016,0.14431298619680438
9.5,-1.4021647890340918,-0.03840642195155146,1.0,-1.0,0.08,-0.064,-0.9660660956070193,-1.0,0.08,-0.064,-0.9660660956070193,0.91858184606129,0.0,0.017418153938710032,0.0,-0.1637058353491895,0.0,-0.8663602602578298,0.0,0.9359999999999999,-1.0300660956070193,0.016,0.1418282301188492
9.75,-1.3883612113842094,-0.0515911006525947,1.0,-1.0,0.08,-0.064,-0.9275468532762292,-1.0,0.08,-0.064,-0.9275468532762292,0.91858184606129,0.0,0.017418153938710032,0.0,-0.16953993364449305,0.0,-0.8220069196317361,0.0,0.9359999999999999,-0.9915468532762293,0.016,0.13936299860967868
10.0,-1.3745264719201584,-0.06429232589348444,1.0,-1.0,0.08,-0.064,-0.889323022009278,-1.0,0.08,-0.064,-0.889323022009278,0.91858184606129,0.0,0.017418153938710032,0.0,-0.17617936067848106,0.0,-0.7771436613307969,0.0,0.9359999999999999,-0.9533230220092781,0.016,0.13691667340859381
10.25,-1.360655930019473,-0.0765171074919037,1.0,-1.0,0.08,-0.064,-0.8513845598971568,-1.0,0.08,-0.064,-0.8513845598971568,0.91858184606129,0.0,0.017418153938710032,0.0,-0.1838426655776434,0.0,-0.7315418943195133,0.0,0.9359999999999999,-0.9153845598971568,0.016,0.13448861183341804
10.5,-1.3467445935819695,-0.08827224848973,1.0,-1.0,0.08,-0.064,-0.8137210003422644,-1.0,0.08,-0.064,-0.8137210003422644,0.91858184606129,0.0,0.017418153938710032,0.0,-0.19285156824273372,0.0,-0.6848694320995306,0.0,0.9359999999999999,-0.8777210003422644,0.016,0.1320781440219049
10.75,-1.3327870811890168,-0.09956434109281606,1.0,-1.0,0.08,-0.064,-0.7763214037843389,-1.0,0.08,-0.064,-0.7763214037843389,0.91858184606129,0.0,0.017418153938710032,0.0,-0.2037110643957699,0.0,-0.6366103393885689,0.0,0.9359999999999999,-0.840321403784339,0.016,0.1296845698421977
11.0,-1.3187775792450023,-0.11039976187571654,1.0,-1.0,0.08,-0.064,-0.7391743035193081,-1.0,0.08,-0.064,-0.7391743035193081,0.91858184606129,0.0,0.017418153938710032,0.0,-0.21729096342903315,0.0,-0.585883340090275,0.0,0.9359999999999999,-0.8031743035193082,0.016,0.1273071554252357
11.25,-1.3047097933087206,-0.12078466615580902,1.0,-1.0,0.08,-0.064,-0.7022676447556844,-1.0,0.08,-0.064,-0.7022676447556844,0.91858184606129,0.0,0.017418153938710032,0.0,-0.23532855662086005,0.0,-0.5309390881348243,0.0,0.9359999999999999,-0.7662676447556844,0.016,0.12494512926436381
11.5,-1.29057689267719,-0.13072498142565356,1.0,-1.0,0.08,-0.064,-0.6655887159123108,-1.0,0.08,-0.064,-0.6655887159123108,0.91858184606129,0.0,0.017418153938710032,0.0,-0.26243593974712026,0.0,-0.4671527761651905,0.0,0.9359999999999999,-0.7295887159123109,0.016,0.1225976778183879
11.75,-1.2763714471087952,-0.14022639971390907,1.0,-1.0,0.08,-0.064,-0.6291240709946,-1.0,0.08,-0.064,-0.6291240709946,0.91858184606129,0.0,0.017418153938710032,0.0,-0.34656203549729997,0.012597463856768281,-0.34656203549729997,-0.012597463856768281,0.9359999999999999,-0.6931240709946,0.016,0.1202639405436544
12.0,-1.2620853543595596,-0.14929436872304724,1.0,-1.0,0.08,-0.064,-0.592859441688895,-1.0,0.08,-0.064,-0.592859441688895,0.91858184606129,0.0,0.017418153938710032,0.0,-0.32842972084444755,0.10038387686340648,-0.32842972084444755,-0.10038387686340648,0.9359999999999999,-0.6568594416888951,0.016,0.11794300426808929
12.25,-1.2477097569466566,-0.15793408156570246,1.0,-1.0,0.08,-0.064,-0.556779637579885,-1.0,0.08,-0.064,-0.556779637579885,0.91858184606129,0.0,0.017418153938710032,0.0,-0.3103898187899425,0.13889585017796358,-0.3103898187899425,-0.13889585017796358,0.9359999999999999,-0.6207796375798851,0.016,0.11563389680511264
12.5,-1.2332349462355996,-0.1661504648898063,1.0,-1.0,0.08,-0.064,-0.5208684326167221,-1.0,0.08,-0.064,-0.5208684326167221,0.91858184606129,0.0,0.017418153938710032,0.0,-0.29243421630836103,0.16678671655616017,-0.29243421630836103,-0.16678671655616017,0.9359999999999999,-0.5848684326167222,0.016,0.11333557968747023
12.75,-1.2186502515572533,-0.1739481651444701,1.0,-1.0,0.08,-0.064,-0.4851084356205564,-1.0,0.08,-0.064,-0.4851084356205564,0.91858184606129,0.0,0.017418153938710032,0.0,-0.2745542178102782,0.18885688063266834,-0.2745542178102782,-0.18885688063266834,0.9359999999999999,-0.5491084356205564,0.016,0.1110469398797156
13.0,-1.203943911579166,-0.18133153269238167,1.0,-1.0,0.08,-0.064,-0.4494809422285422,-1.0,0.08,-0.064,-0.4494809422285422,0.91858184606129,0.0,0.017418153938710032,0.0,-0.25674047111427106,0.20700509847501053,-0.25674047111427106,-0.20700509847501053,0.9359999999999999,-0.5134809422285422,0.016,0.10876678030262671
13.25,-1.1891029245587057,-0.18830460341835925,1.0,-1.0,0.08,-0.064,-0.4139657651940667,-1.0,0.08,-0.064,-0.4139657651940667,0.91858184606129,0.0,0.017418153938710032,0.0,-0.23898288259703337,0.22221834037278032,-0.23898288259703337,-0.22221834037278032,0.9359999999999999,-0.4779657651940667,0.016,0.10649380897242028
13.5,-1.1741128733618127,-0.19487107741523094,1.0,-1.0,0.08,-0.064,-0.3785410393939319,-1.0,0.08,-0.064,-0.3785410393939319,0.91858184606129,0.0,0.017418153938710032,0.0,-0.22127051969696593,0.23508718304970655,-0.22127051969696593,-0.23508718304970655,0.9359999999999999,-0.4425410393939319,0.016,0.10422662652121165
13.75,-1.1589577202003618,-0.20103429424427527,1.0,-1.0,0.08,-0.064,-0.34318299721202017,-1.0,0.08,-0.064,-0.34318299721202017,0.91858184606129,0.0,0.017418153938710032,0.0,-0.20359149860601009,0.2459963689100477,-0.20359149860601009,-0.2459963689100477,0.9359999999999999,-0.40718299721202017,0.016,0.1019637118215693
14.0,-1.1436195648699368,-0.2067972041641031,1.0,-1.0,0.08,-0.064,-0.30786570915330325,-1.0,0.08,-0.064,-0.30786570915330325,0.91858184606129,0.0,0.017418153938710032,0.0,-0.18593285457665165,0.25521046015943216,-0.18593285457665165,-0.25521046015943216,0.9359999999999999,-0.37186570915330325,0.016,0.0997034053858114
14.25,-1.1280783587882508,-0.2121623345939507,1.0,-1.0,0.08,-0.064,-0.27256078356639346,-1.0,0.08,-0.064,-0.27256078356639346,0.91858184606129,0.0,0.017418153938710032,0.0,-0.1682803917831967,0.26291747733755355,-0.1682803917831967,-0.26291747733755355,0.9359999999999999,-0.33656078356639346,0.016,0.09744389014824918
14.5,-1.1123115652497302,-0.2171317509182494,1.0,-1.0,0.08,-0.064,-0.23723701818830478,-1.0,0.08,-0.064,-0.23723701818830478,0.91858184606129,0.0,0.017418153938710032,0.0,-0.15061850909415236,0.26925310375612427,-0.15061850909415236,-0.26925310375612427,0.9359999999999999,-0.3012370181883048,0.016,0.0951831691640515
14.75,-1.0962937539000512,-0.22170701054034916,1.0,-1.0,0.08,-0.064,-0.20185999484026618,-1.0,0.08,-0.064,-0.20185999484026618,0.91858184606129,0.0,0.017418153938710032,0.0,-0.13292999742013312,0.2743148837661939,-0.13292999742013312,-0.2743148837661939,0.9359999999999999,-0.2658599948402662,0.016,0.09291903966977703
15.0,-1.07999611432935,-0.2258891088430245,1.0,-1.0,0.08,-0.064,-0.16639160696649435,-1.0,0.08,-0.064,-0.16639160696649435,0.91858184606129,0.0,0.017418153938710032,0.0,-0.11519580348324718,0.278170792330368,-0.11519580348324718,-0.278170792330368,0.9359999999999999,-0.23039160696649436,0.016,0.09064906284585564
15.25,-1.063385869659406,-0.22967841539679482,1.0,-1.0,0.08,-0.064,-0.13078950779129128,-1.0,0.08,-0.064,-0.13078950779129128,0.91858184606129,0.0,0.017418153938710032,0.0,-0.09739475389564564,0.2808643630157611,-0.09739475389564564,-0.2808643630157611,0.9359999999999999,-0.19478950779129128,0.016,0.08837052849864264
15.5,-1.0464255657517199,-0.23307459835410255,1.0,-1.0,0.08,-0.064,-0.09500646465880669,-1.0,0.08,-0.064,-0.09500646465880669,0.91858184606129,0.0,0.017418153938710032,0.0,-0.07950323232940334,0.28241750970387886,-0.07950323232940334,-0.28241750970387886,0.9359999999999999,-0.1590064646588067,0.016,0.08608041373816364
15.75,-1.0290722047689134,-0.23607653445110602,1.0,-1.0,0.08,-0.064,-0.05898960262795239,-1.0,0.08,-0.064,-0.05898960262795239,0.91858184606129,0.0,0.017418153938710032,0.0,-0.061494801313976194,0.282831617715459,-0.061494801313976194,-0.282831617715459,0.9359999999999999,-0.12298960262795239,0.016,0.08377533456818896
16.0,-1.0112761826986443,-0.23868220137291893,1.0,-1.0,0.08,-0.064,-0.022679517693541706,-1.0,0.08,-0.064,-0.022679517693541706,0.91858184606129,0.0,0.017418153938710032,0.0,-0.043339758846770854,0.28208713979104116,-0.043339758846770854,-0.28208713979104116,0.9359999999999999,-0.08667951769354171,0.016,0.08145148913238667
16.25,-0.9929799782839744,-0.24088854837308502,1.0,-1.0,0.08,-0.064,0.013990762727157602,-1.0,0.08,-0.064,0.013990762727157602,0.91858184606129,0.0,0.017418153938710032,0.0,-0.025004618636421217,0.28014167885609065,-0.025004618636421217,-0.28014167885609065,0.9359999999999999,-0.0500092372728424,0.016,0.07910459118546191
16.5,-0.9741165244528036,-0.24269133990598987,1.0,-1.0,0.08,-0.064,0.05109699678799051,-1.0,0.08,-0.064,0.05109699678799051,0.91858184606129,0.0,0.017418153938710032,0.0,-0.006451501606004741,0.2769262904323032,-0.006451501606004741,-0.2769262904323032,0.9359999999999999,-0.01290300321200949,0.016,0.07672979220556861
16.75,-0.9546071711776138,-0.24408496553776218,1.0,-1.0,0.08,-0.064,0.0887251487362739,-1.0,0.08,-0.064,0.0887251487362739,0.91858184606129,0.0,0.017418153938710032,0.0,0.01236257436813695,0.27233941550181606,0.01236257436813695,-0.27233941550181606,0.9359999999999999,0.024725148736273905,0.016,0.07432159048087845
17.0,-0.9343591184005049,-0.24506220741572876,1.0,-1.0,0.08,-0.064,0.12697303786183123,-1.0,0.08,-0.064,0.12697303786183123,0.91858184606129,0.0,0.017418153938710032,0.0,0.031486518930915613,0.2662373465583968,0.031486518930915613,-0.2662373465583968,0.9359999999999999,0.06297303786183123,0.016,0.07187372557684281
17.25,-0.9132621558691228,-0.24561395391372315,1.0,-1.0,0.08,-0.064,0.16595223465728193,-1.0,0.08,-0.064,0.16595223465728193,0.91858184606129,0.0,0.017418153938710032,0.0,0.05097611732864099,0.2584192184107649,0.05097611732864099,-0.2584192184107649,0.9359999999999999,0.10195223465728193,0.016,0.06937905698193396
17.5,-0.8911844885534576,-0.24572884446763743,1.0,-1.0,0.08,-0.064,0.20579020736171239,-1.0,0.08,-0.064,0.20579020736171239,0.91858184606129,0.0,0.017418153938710032,0.0,0.0708951036808562,0.2486027172074575,0.0708951036808562,-0.2486027172074575,0.9359999999999999,0.14179020736171238,0.016,0.06682942672885041
17.75,-0.8679673445614523,-0.24539282569542745,1.0,-1.0,0.08,-0.064,0.24663268877494127,-1.0,0.08,-0.064,0.24663268877494127,0.91858184606129,0.0,0.017418153938710032,0.0,0.09131634438747063,0.23638281064009842,0.09131634438747063,-0.23638281064009842,0.9359999999999999,0.18263268877494127,0.016,0.06421550791840375
18.0,-0.8434179464946864,-0.244588592112529,1.0,-1.0,0.08,-0.064,0.2886461675306865,-1.0,0.08,-0.064,0.2886461675306865,0.91858184606129,0.0,0.017418153938710032,0.0,0.11232308376534324,0.22115643814160094,0.11232308376534324,-0.22115643814160094,0.9359999999999999,0.2246461675306865,0.016,0.06152664527803607
18.25,-0.8173002611097337,-0.24329487531044625,1.0,-1.0,0.08,-0.064,0.332020283189961,-1.0,0.08,-0.064,0.332020283189961,0.91858184606129,0.0,0.017418153938710032,0.0,0.13401014159498054,0.2019702548038591,0.13401014159498054,-0.2019702548038591,0.9359999999999999,0.268020283189961,0.016,0.0587507018758425
18.5,-0.7893227022025194,-0.24148553219077223,1.0,-1.0,0.08,-0.064,0.3769696717877128,-1.0,0.08,-0.064,0.3769696717877128,0.91858184606129,0.0,0.017418153938710032,0.0,0.1564848358938564,0.17716217751218574,0.1564848358938564,-0.17716217751218574,0.9359999999999999,0.3129696717877128,0.016,0.055873941005586375
18.75,-0.7591216121710912,-0.2391283640034448,1.0,-1.0,0.08,-0.064,0.42373437793476343,-1.0,0.08,-0.064,0.42373437793476343,0.91858184606129,0.0,0.017418153938710032,0.0,0.1798671889673817,0.14327872886492027,0.1798671889673817,-0.14327872886492027,0.9359999999999999,0.3597343779347634,0.016,0.05288099981217515
19.0,-0.7262388355791966,-0.23618357094801004,1.0,-1.0,0.08,-0.064,0.4725771536965728,-1.0,0.08,-0.064,0.4725771536965728,0.91858184606129,0.0,0.017418153938710032,0.0,0.20428857684828644,0.08956137299484145,0.20428857684828644,-0.08956137299484145,0.9359999999999999,0.4085771536965728,0.016,0.04975506216341933
19.25,-0.6900909452512142,-0.23260170813372158,1.0,-1.0,0.08,-0.064,0.5237744872822858,-1.0,0.08,-0.064,0.5237744872822858,0.91858184606129,0.0,0.017418153938710032,0.0,0.30969771898735615,0.0,0.15007676829492972,0.0,0.9359999999999999,0.4597744872822858,0.016,0.04647843281393371
19.5,-0.6499265779504612,-0.22832095213621043,1.0,-1.0,0.08,-0.064,0.5775954432736031,-1.0,0.08,-0.064,0.5775954432736031,0.91858184606129,0.0,0.017418153938710032,0.0,0.40816211047170153,0.0,0.10543333280190154,0.0,0.9359999999999999,0.5135954432736032,0.016,0.0430338916304894
19.75,-0.6047667409520614,-0.2232634051894844,1.0,-1.0,0.08,-0.064,0.6342571890382223,-1.0,0.08,-0.064,0.6342571890382223,0.91858184606129,0.0,0.017418153938710032,0.0,0.48980095589428546,0.0,0.08045623314393688,0.0,0.9359999999999999,0.5702571890382222,0.016,0.039407539901553774
20.0,-0.5533207232211154,-0.2173300453949752,1.0,-1.0,0.08,-0.064,0.6938361772540619,-1.0,0.08,-0.064,0.6938361772540619,0.91858184606129,0.0,0.017418153938710032,0.0,0.5670666914166607,0.0,0.06276948583740122,0.0,0.9359999999999999,0.6298361772540619,0.016,0.03559448465574004
20.25,-0.4938673912609636,-0.21039376383754743,1.0,-1.0,0.08,-0.064,0.7560949998490903,-1.0,0.08,-0.064,0.7560949998490903,0.91858184606129,0.0,0.017418153938710032,0.0,0.6429295509050141,0.0,0.049165448944076054,0.0,0.9359999999999999,0.6920949998490904,0.016,0.031609920009658225
20.5,-0.42408879701142016,-0.2022897059981391,1.0,-1.0,0.08,-0.064,0.8201486922494066,-1.0,0.08,-0.064,0.8201486922494066,0.91858184606129,0.0,0.017418153938710032,0.0,0.7178238531171108,0.0,0.03832483913229576,0.0,0.9359999999999999,0.7561486922494065,0.016,0.027510483696037986
20.75,-0.34084284952315935,-0.19280187734307322,1.0,-1.0,0.08,-0.064,0.883826151928933,-1.0,0.08,-0.064,0.883826151928933,0.91858184606129,0.0,0.017418153938710032,0.0,0.7901677321754093,0.0,0.029658419753523818,0.0,0.9359999999999999,0.8198261519289329,0.016,0.023435126276548292
21.0,-0.23987304377217955,-0.1816448061912463,1.0,-1.0,0.08,-0.064,0.94246092287147,-1.0,0.08,-0.064,0.94246092287147,0.91858184606129,0.0,0.017418153938710032,0.0,0.8554526344597375,0.0,0.023008288411732386,0.0,0.9359999999999999,0.8784609228714699,0.016,0.01968250093622592
21.25,-0.11550113788211257,-0.1684394154533693,1.0,-1.0,0.08,-0.064,0.9866594871479373,-1.0,0.08,-0.064,0.9866594871479373,0.91858184606129,0.0,0.017418153938710032,0.0,0.9040162460601995,0.0,0.018643241087737808,0.0,0.9359999999999999,0.9226594871479372,0.016,0.016853792822532014
21.5,0.039501950689017,-0.15268440969682007,1.0,-1.0,0.08,-0.064,0.9984395958917625,-1.0,0.08,-0.064,0.9984395958917625,0.91858184606129,0.0,0.017418153938710032,0.0,0.9168801961684319,0.0,0.017559399723330524,0.0,0.9359999999999999,0.9344395958917624,0.016,0.016099865862927196
21.75,0.23328663082483392,-0.13373163214070916,1.0,-1.0,0.08,-0.064,0.9455773478783976,-1.0,0.08,-0.064,0.9455773478783976,0.91858184606129,0.0,0.017418153938710032,0.0,0.8588934518804401,0.0,0.02268389599795742,0.0,0.9359999999999999,0.8815773478783977,0.016,0.019483049735782552
22.0,0.4722064405632697,-0.11079212335829758,1.0,-1.0,0.08,-0.064,0.7770210774905673,-1.0,0.08,-0.064,0.7770210774905673,0.91858184606129,0.0,0.017418153938710032,0.0,0.6676843056277906,0.0,0.04533677186277682,0.0,0.9359999999999999,0.7130210774905672,0.016,0.03027065104060369
22.25,0.7541263079850213,-0.0830328850036178,1.0,-1.0,0.08,-0.064,0.4312935116048807,-1.0,0.08,-0.064,0.4312935116048807,0.91858184606129,0.0,0.017418153938710032,0.0,0.18364675580244033,0.13664217628728864,0.18364675580244033,-0.13664217628728864,0.9359999999999999,0.3672935116048807,0.016,0.052397215257287647
22.5,1.0586182785171,-0.04984333393203023,1.0,-1.0,0.08,-0.064,-0.12067265961050855,-1.0,0.08,-0.064,-0.12067265961050855,0.91858184606129,0.0,0.017418153938710032,0.0,-0.09233632980525429,0.2814197086438118,-0.09233632980525429,-0.2814197086438118,0.9359999999999999,-0.18467265961050855,0.016,0.08772305021507255
22.75,1.3447183820578372,-0.011244184714486417,1.0,-1.0,0.08,-0.064,-0.8082675270442474,-1.0,0.08,-0.064,-0.8082675270442474,0.91858184606129,0.0,0.017418153938710032,0.0,-0.19430006456116444,0.0,-0.6779674624830829,0.0,0.9359999999999999,-0.8722675270442475,0.016,0.13172912173083184
23.0,1.5702570138884093,0.03187068507138514,1.0,-1.0,0.08,-0.064,-1.4657070896657443,-1.0,0.08,-0.064,-1.4657070896657443,0.91858184606129,0.0,0.017418153938710032,0.0,-0.12360812277919173,0.0,-1.4060989668865527,0.0,0.9359999999999999,-1.5297070896657443,0.016,0.17380525373860764
23.25,1.71865683771915,0.0780090337343394,1.0,-1.0,0.08,-0.064,-1.9537813258387886,-1.0,0.08,-0.064,-1.9537813258387886,0.91858184606129,0.0,0.017418153938710032,0.0,-0.10732626429206807,0.0,-1.9104550615467204,0.0,0.9359999999999999,-2.0177813258387887,0.016,0.20504200485368246
23.5,1.8012514425328028,0.12567190365576372,1.0,-1.0,0.08,-0.064,-2.2445067592265024,-1.0,0.08,-0.064,-2.2445067592265024,0.91858184606129,0.0,0.017418153938710032,0.0,-0.10132772613238172,0.0,-2.2071790330941203,0.0,0.9359999999999999,-2.3085067592265025,0.016,0.22364843259049616
23.75,1.8395207536564575,0.17374104021365347,1.0,-1.0,0.08,-0.064,-2.3838366031328215,-1.0,0.08,-0.064,-2.3838366031328215,0.91858184606129,0.0,0.017418153938710032,0.0,-0.09901365391457222,0.0,-2.3488229492182495,0.0,0.9359999999999999,-2.4478366031328216,0.016,0.23256554260050055
24.0,1.851661136341617,0.2215219625333894,1.0,-1.0,0.08,-0.064,-2.4286489638379285,-1.0,0.08,-0.064,-2.4286489638379285,0.91858184606129,0.0,0.017418153938710032,0.0,-0.09833006531888897,0.0,-2.3943188985190393,0.0,0.9359999999999999,-2.4926489638379286,0.016,0.23543353368562742
24.25,1.8493969810513253,0.26862751055606293,1.0,-1.0,0.08,-0.064,-2.420269193521756,-1.0,0.08,-0.064,-2.420269193521756,0.91858184606129,0.0,0.017418153938710032,0.0,-0.09845582713851739,0.0,-2.385813366383239,0.0,0.9359999999999999,-2.4842691935217562,0.016,0.2348972283853924
24.5,1.8394033135489838,0.3148555937120518,1.0,-1.0,0.08,-0.064,-2.3834045498949807,-1.0,0.08,-0.064,-2.3834045498949807,0.91858184606129,0.0,0.017418153938710032,0.0,-0.09902037924613938,0.0,-2.348384170648841,0.0,0.9359999999999999,-2.447404549894981,0.016,0.23253789119327878
24.75,1.8252752688245002,0.3601062857183266,1.0,-1.0,0.08,-0.064,-2.331629806982351,-1.0,0.08,-0.064,-2.331629806982351,0.91858184606129,0.0,0.017418153938710032,0.0,-0.09984576213122653,0.0,-2.2957840448511244,0.0,0.9359999999999999,-2.395629806982351,0.016,0.2292243076468705
25.0,1.808907426629314,0.40433392330546597,1.0,-1.0,0.08,-0.064,-2.2721460781146865,-1.0,0.08,-0.064,-2.2721460781146865,0.91858184606129,0.0,0.017418153938710032,0.0,-0.10084425591226812,0.0,-2.2353018222024184,0.0,0.9359999999999999,-2.3361460781146866,0.016,0.22541734899933993
25.25,1.7912928560179016,0.44752123629665996,1.0,-1.0,0.08,-0.064,-2.20873009602077,-1.0,0.08,-0.064,-2.20873009602077,0.91858184606129,0.0,0.017418153938710032,0.0,-0.10197305452130384,0.0,-2.170757041499466,0.0,0.9359999999999999,-2.27273009602077,0.016,0.2213587261453293
25.5,1.7729529165352316,0.4896657373634466,1.0,-1.0,0.08,-0.064,-2.1433620442507832,-1.0,0.08,-0.064,-2.1433620442507832,0.91858184606129,0.0,0.017418153938710032,0.0,-0.10321281784916424,0.0,-2.104149226401619,0.0,0.9359999999999999,-2.2073620442507833,0.016,0.21717517083205012
25.75,1.7541619374481403,0.53077260475031,1.0,-1.0,0.08,-0.064,-2.0770841027918134,-1.0,0.08,-0.064,-2.0770841027918134,0.91858184606129,0.0,0.017418153938710032,0.0,-0.10455711298937022,0.0,-2.036526989802443,0.0,0.9359999999999999,-2.1410841027918135,0.016,0.21293338257867608
26.0,1.735063781128826,0.5708509442760437,1.0,-1.0,0.08,-0.064,-2.0104463245850583,-1.0,0.08,-0.064,-2.0104463245850583,0.91858184606129,0.0,0.017418153938710032,0.0,-0.10600711667117575,0.0,-1.9684392079138826,0.0,0.9359999999999999,-2.0744463245850584,0.016,0.20866856477344373
26.25,1.7157324738842838,0.6099118062201707,1.0,-1.0,0.08,-0.064,-1.9437379219410844,-1.0,0.08,-0.064,-1.9437379219410844,0.91858184606129,0.0,0.017418153938710032,0.0,-0.1075689755885014,0.0,-1.900168946352583,0.0,0.9359999999999999,-2.0077379219410845,0.016,0.20439922700422944
26.5,1.6962039807577383,0.6479671183673013,1.0,-1.0,0.08,-0.064,-1.8771079443383973,-1.0,0.08,-0.064,-1.8771079443383973,0.91858184606129,0.0,0.017418153938710032,0.0,-0.1092525705357448,0.0,-1.8318553738026524,0.0,0.9359999999999999,-1.9411079443383974,0.016,0.2001349084376574
26.75,1.676493015010455,0.6850291015493829,1.0,-1.0,0.08,-0.064,-1.810628829378845,-1.0,0.08,-0.064,-1.810628829378845,0.91858184606129,0.0,0.017418153938710032,0.0,-0.11107106863190137,0.0,-1.7635577607469437,0.0,0.9359999999999999,-1.8746288293788451,0.016,0.1958802450802461
27.0,1.6566020115435207,0.7211099417893655,1.0,-1.0,0.08,-0.064,-1.7443302246500392,-1.0,0.08,-0.064,-1.7443302246500392,0.91858184606129,0.0,0.017418153938710032,0.0,-0.11304096532398615,0.0,-1.695289259326053,0.0,0.9359999999999999,-1.8083302246500392,0.016,0.19163713437760252
27.25,1.6365259464211546,0.7562216000909071,1.0,-1.0,0.08,-0.064,-1.6782171733096556,-1.0,0.08,-0.064,-1.6782171733096556,0.91858184606129,0.0,0.017418153938710032,0.0,-0.11518248533806967,0.0,-1.627034687971586,0.0,0.9359999999999999,-1.7422171733096556,0.016,0.18740589909181798
27.5,1.6162549217545852,0.7903756963991658,1.0,-1.0,0.08,-0.064,-1.6122799720959202,-1.0,0.08,-0.064,-1.6122799720959202,0.91858184606129,0.0,0.017418153938710032,0.0,-0.11752030965941196,0.0,-1.5587596624365083,0.0,0.9359999999999999,-1.6762799720959203,0.016,0.1831859182141389
27.75,1.5957755265359577,0.8235834333259281,1.0,-1.0,0.08,-0.064,-1.5464995310911123,-1.0,0.08,-0.064,-1.5464995310911123,0.91858184606129,0.0,0.017418153938710032,0.0,-0.1200846650614889,0.0,-1.4904148660296235,0.0,0.9359999999999999,-1.6104995310911123,0.016,0.17897596998983117
28.0,1.575071510679852,0.8558555406193522,1.0,-1.0,0.08,-0.064,-1.4808502637553111,-1.0,0.08,-0.064,-1.4808502637553111,0.91858184606129,0.0,0.017418153938710032,0.0,-0.1229128783551576,0.0,-1.4219373854001536,0.0,0.9359999999999999,-1.5448502637553112,0.016,0.17477441688033993
28.25,1.55412405985579,0.8872022295774227,1.0,-1.0,0.08,-0.064,-1.415301593422643,-1.0,0.08,-0.064,-1.415301593422643,0.91858184606129,0.0,0.017418153938710032,0.0,-0.12605157971651187,0.0,-1.3532500137061312,0.0,0.9359999999999999,-1.479301593422643,0.016,0.17057930197904916
28.5,1.532911825021105,0.9176331510167056,1.0,-1.0,0.08,-0.064,-1.3498186632895344,-1.0,0.08,-0.064,-1.3498186632895344,0.91858184606129,0.0,0.017418153938710032,0.0,-0.12955986319786436,0.0,-1.2842588000916701,0.0,0.9359999999999999,-1.4138186632895344,0.016,0.1663883944505302
28.75,1.5114107876177303,0.9471573527663966,1.0,-1.0,0.08,-0.064,-1.2843625689272473,-1.0,0.08,-0.064,-1.2843625689272473,0.91858184606129,0.0,0.017418153938710032,0.0,-0.13351391915508426,0.0,-1.2148486497721631,0.0,0.9359999999999999,-1.3483625689272474,0.016,0.16219920441134386
29.0,1.489594000469147,0.9757832338833139,1.0,-1.0,0.08,-0.064,-1.2188902862336772,-1.0,0.08,-0.064,-1.2188902862336772,0.91858184606129,0.0,0.017418153938710032,0.0,-0.13801402239700644,0.0,-1.1448762638366707,0.0,0.9359999999999999,-1.2828902862336773,0.016,0.15800897831895533
29.25,1.4674312203766846,1.0035184933635424,1.0,-1.0,0.08,-0.064,-1.153354386536206,-1.0,0.08,-0.064,-1.153354386536206,0.91858184606129,0.0,0.017418153938710032,0.0,-0.14319545907607434,0.0,-1.0741589274601315,0.0,0.9359999999999999,-1.217354386536206,0.016,0.15381468073831717
29.5,1.4448884331378984,1.0303700713172272,1.0,-1.0,0.08,-0.064,-1.087702584215691,-1.0,0.08,-0.064,-1.087702584215691,0.91858184606129,0.0,0.017418153938710032,0.0,-0.14924638680028696,0.0,-1.002456197415404,0.0,0.9359999999999999,-1.1517025842156912,0.016,0.14961296538980426
29.75,1.421927260685413,1.0563440805055213,1.0,-1.0,0.08,-0.064,-1.0218771346803224,-1.0,0.08,-0.064,-1.0218771346803224,0.91858184606129,0.0,0.017418153938710032,0.0,-0.15643869504283933,0.0,-0.9294384396374831,0.0,0.9359999999999999,-1.0858771346803224,0.016,0.14540013661954063
30.0,1.3985042306230033,1.0814457258728898,1.0,-1.0,0.08,-0.064,-0.9558140830704382,-1.0,0.08,-0.064,-0.9558140830704382,0.91858184606129,0.0,0.017418153938710032,0.0,-0.1651852846200345,0.0,-0.8546287984504037,0.0,0.9359999999999999,-1.0198140830704383,0.016,0.14117210131650806
30.25,1.3745698788816854,1.1056792092605918,1.0,-1.0,0.08,-0.064,-0.8894423519288108,-1.0,0.08,-0.064,-0.8894423519288108,0.91858184606129,0.0,0.017418153938710032,0.0,-0.17615709113482753,0.0,-0.7772852607939833,0.0,0.9359999999999999,-0.9534423519288109,0.016,0.1369243105234439
30.5,1.3500676451770293,1.1290476158446194,1.0,-1.0,0.08,-0.064,-0.822682646553849,-1.0,0.08,-0.064,-0.822682646553849,0.91858184606129,0.0,0.017418153938710032,0.0,-0.1905571474559524,0.0,-0.6961254990978967,0.0,0.9359999999999999,-0.8866826465538491,0.016,0.13265168937944635
30.75,1.3249325071060467,1.1515527779643873,1.0,-1.0,0.08,-0.064,-0.7554461483863144,-1.0,0.08,-0.064,-0.7554461483863144,0.91858184606129,0.0,0.017418153938710032,0.0,-0.21091551893036728,0.0,-0.6085306294559472,0.0,0.9359999999999999,-0.8194461483863145,0.016,0.12834855349672414
31.0,1.2990892805449716,1.1731951108304879,1.0,-1.0,0.08,-0.064,-0.6876329588268519,-1.0,0.08,-0.064,-0.6876329588268519,0.91858184606129,0.0,0.017418153938710032,0.0,-0.24455522529103274,0.0,-0.5070777335358192,0.0,0.9359999999999999,-0.751632958826852,0.016,0.12400850936491853
31.25,1.2724504894854909,1.1939734130206234,1.0,-1.0,0.08,-0.064,-0.6191302481918655,-1.0,0.08,-0.064,-0.6191302481918655,0.91858184606129,0.0,0.017418153938710032,0.0,-0.34156512409593276,0.05438383845968815,-0.34156512409593276,-0.05438383845968815,0.9359999999999999,-0.6831302481918655,0.016,0.11962433588427938
31.5,1.244913674760616,1.213884622546527,1.0,-1.0,0.08,-0.064,-0.5498100576059806,-1.0,0.08,-0.064,-0.5498100576059806,0.91858184606129,0.0,0.017418153938710032,0.0,-0.3069050288029902,0.1449039232809741,-0.3069050288029902,-0.1449039232809741,0.9359999999999999,-0.6138100576059806,0.016,0.11518784368678277
31.75,1.216357964187087,1.2329235163901946,1.0,-1.0,0.08,-0.064,-0.47952669704135475,-1.0,0.08,-0.064,-0.47952669704135475,0.91858184606129,0.0,0.017418153938710032,0.0,-0.2717633485206773,0.19192287776988842,-0.2717633485206773,-0.19192287776988842,0.9359999999999999,-0.5435266970413548,0.016,0.11068970861064671
32.0,1.1866396604667329,1.2510823374584705,1.0,-1.0,0.08,-0.064,-0.40811368379260315,-1.0,0.08,-0.064,-0.40811368379260315,0.91858184606129,0.0,0.017418153938710032,0.0,-0.23605684189630158,0.22449152134695666,-0.23605684189630158,-0.22449152134695666,0.9359999999999999,-0.47211368379260316,0.016,0.1061192757627266
32.25,1.1555865087100043,1.2683503274420467,1.0,-1.0,0.08,-0.064,-0.335380179112577,-1.0,0.08,-0.064,-0.335380179112577,0.91858184606129,0.0,0.017418153938710032,0.0,-0.1996900895562885,0.2481696991903049,-0.1996900895562885,-0.2481696991903049,0.9359999999999999,-0.399380179112577,0.016,0.10146433146320494
32.5,1.1229901689421016,1.284713136423909,1.0,-1.0,0.08,-0.064,-0.26110691954060994,-1.0,0.08,-0.064,-0.26110691954060994,0.91858184606129,0.0,0.017418153938710032,0.0,-0.16255345977030494,0.26511736187451557,-0.16255345977030494,-0.26511736187451557,0.9359999999999999,-0.32510691954060994,0.016,0.09671084285059904
32.75,1.0885962193191796,1.3001520692691524,1.0,-1.0,0.08,-0.064,-0.18504172871601132,-1.0,0.08,-0.064,-0.18504172871601132,0.91858184606129,0.0,0.017418153938710032,0.0,-0.12452086435800568,0.27629191985535856,-0.12452086435800568,-0.27629191985535856,0.9359999999999999,-0.24904172871601132,0.016,0.09184267063782471
33.0,1.05209072022656,1.3146431133386152,1.0,-1.0,0.08,-0.064,-0.10689488358684152,-1.0,0.08,-0.064,-0.10689488358684152,0.91858184606129,0.0,0.017418153938710032,0.0,-0.08544744179342077,0.28202838020404586,-0.08544744179342077,-0.28202838020404586,0.9359999999999999,-0.17089488358684152,0.016,0.08684127254955784
33.25,1.013081926547358,1.328155669601031,1.0,-1.0,0.08,-0.064,-0.026334989896906524,-1.0,0.08,-0.064,-0.026334989896906524,0.91858184606129,0.0,0.017418153938710032,0.0,-0.04516749494845325,0.28221505408727476,-0.04516749494845325,-0.28221505408727476,0.9359999999999999,-0.09033498989690653,0.016,0.08168543935340201
33.5,0.9710750641042956,1.3406508762146503,1.0,-1.0,0.08,-0.064,0.05701321987483832,-1.0,0.08,-0.064,0.05701321987483832,0.91858184606129,0.0,0.017418153938710032,0.0,-0.0034933900625808484,0.27629504185540676,-0.0034933900625808484,-0.27629504185540676,0.9359999999999999,-0.0069867801251616846,0.016,0.07635115392801035
33.75,0.9254370586049496,1.3520793645680038,1.0,-1.0,0.08,-0.064,0.143566250560619,-1.0,0.08,-0.064,0.143566250560619,0.91858184606129,0.0,0.017418153938710032,0.0,0.0397831252803095,0.26311416325817877,0.0397831252803095,-0.26311416325817877,0.9359999999999999,0.079566250560619,0.016,0.0708117599641204
34.0,0.8753465210920888,1.3623782139476615,1.0,-1.0,0.08,-0.064,0.23376846801197748,-1.0,0.08,-0.064,0.23376846801197748,0.91858184606129,0.0,0.017418153938710032,0.0,0.08488423400598874,0.24048593485784148,0.08488423400598874,-0.24048593485784148,0.9359999999999999,0.16976846801197748,0.016,0.06503881804723344
34.25,0.819721848318987,1.3714667589558345,1.0,-1.0,0.08,-0.064,0.3280560913885038,-1.0,0.08,-0.064,0.3280560913885038,0.91858184606129,0.0,0.017418153938710032,0.0,0.1320280456942519,0.20389459360486314,0.1320280456942519,-0.20389459360486314,0.9359999999999999,0.2640560913885038,0.016,0.059004410151135764
34.5,0.7571165593405396,1.37924073297296,1.0,-1.0,0.08,-0.064,0.42677451557234325,-1.0,0.08,-0.064,0.42677451557234325,0.91858184606129,0.0,0.017418153938710032,0.0,0.18138725778617165,0.14065949564882907,0.18138725778617165,-0.14065949564882907,0.9359999999999999,0.36277451557234325,0.016,0.05268643100337004
34.75,0.6855654703215887,1.3855639717089976,1.0,-1.0,0.08,-0.064,0.529999985902739,-1.0,0.08,-0.064,0.529999985902739,0.91858184606129,0.0,0.017418153938710032,0.0,0.3236035017858154,0.0,0.14239648411692357,0.0,0.9359999999999999,0.465999985902739,0.016,0.0460800009022247
35.0,0.6023578851409175,1.390256516645133,1.0,-1.0,0.08,-0.064,0.6371649782085613,-1.0,0.08,-0.064,0.6371649782085613,0.91858184606129,0.0,0.017418153938710032,0.0,0.49372514928453687,0.0,0.07943982892402451,0.0,0.9359999999999999,0.5731649782085613,0.016,0.039221441394652064
35.25,0.5037066109661736,1.3930774263181829,1.0,-1.0,0.08,-0.064,0.7462796500689718,-1.0,0.08,-0.064,0.7462796500689718,0.91858184606129,0.0,0.017418153938710032,0.0,0.6312058137835528,0.0,0.051073836285418936,0.0,0.9359999999999999,0.6822796500689718,0.016,0.03223810239558581
35.5,0.38428429537620135,1.3937000040664185,1.0,-1.0,0.08,-0.064,0.8523255803272165,-1.0,0.08,-0.064,0.8523255803272165,0.91858184606129,0.0,0.017418153938710032,0.0,0.754597447612781,0.0,0.03372813271443546,0.0,0.9359999999999999,0.7883255803272164,0.016,0.02545116285905814
35.75,0.23664826754361135,1.3916769786610124,1.0,-1.0,0.08,-0.064,0.9439975974686073,-1.0,0.08,-0.064,0.9439975974686073,0.91858184606129,0.0,0.017418153938710032,0.0,0.857149597757416,0.0,0.022847999711191253,0.0,0.9359999999999999,0.8799975974686074,0.016,0.019584153762009126
36.0,0.0507888308591093,1.3863953129014868,1.0,-1.0,0.08,-0.064,0.9974204946599647,-1.0,0.08,-0.064,0.9974204946599647,0.91858184606129,0.0,0.017418153938710032,0.0,0.9157685582663808,0.0,0.017651936393583978,0.0,0.9359999999999999,0.9334204946599647,0.016,0.01616508834176225
36.25,-0.1852793730109425,1.3770306177046499,1.0,-1.0,0.08,-0.064,0.965671553936672,-1.0,0.08,-0.064,0.965671553936672,0.91858184606129,0.0,0.017418153938710032,0.0,0.8810169913961516,0.0,0.02065456254052045,0.0,0.9359999999999999,0.901671553936672,0.016,0.018197020548052986
36.5,-0.48133130964463633,1.3625436776649331,1.0,-1.0,0.08,-0.064,0.7683201703557793,-1.0,0.08,-0.064,0.7683201703557793,0.91858184606129,0.0,0.017418153938710032,0.0,0.657429173844378,0.0,0.046890996511401245,0.0,0.9359999999999999,0.7043201703557793,0.016,0.030827509097230123
36.75,-0.832931238598919,1.3418313746874297,1.0,-1.0,0.08,-0.064,0.3062255517660706,-1.0,0.08,-0.064,0.3062255517660706,0.91858184606129,0.0,0.017418153938710032,0.0,0.12111277588303529,0.2138533614533032,0.12111277588303529,-0.2138533614533032,0.9359999999999999,0.24222555176607058,0.016,0.06040156468697148
37.0,-1.203715789760869,1.314188914139211,1.0,-1.0,0.08,-0.064,-0.44893170251963266,-1.0,0.08,-0.064,-0.44893170251963266,0.91858184606129,0.0,0.017418153938710032,0.0,-0.25646585125981636,0.20726045473952398,-0.25646585125981636,-0.20726045473952398,0.9359999999999999,-0.5129317025196327,0.016,0.10873162896125649
37.25,-1.5277796592603103,1.2799790485086402,1.0,-1.0,0.08,-0.064,-1.3341106872495496,-1.0,0.08,-0.064,-1.3341106872495496,0.91858184606129,0.0,0.017418153938710032,0.0,-0.1304647268657741,0.0,-1.2676459603837755,0.0,0.9359999999999999,-1.3981106872495497,0.016,0.16538308398397117
37.5,-1.754360757364606,1.2408080990565593,1.0,-1.0,0.08,-0.064,-2.077781666980914,-1.0,0.08,-0.064,-2.077781666980914,0.91858184606129,0.0,0.017418153938710032,0.0,-0.10454247468442726,0.0,-2.0372391922964868,0.0,0.9359999999999999,-2.141781666980914,0.016,0.21297802668677848
37.75,-1.8829972738002165,1.1987738132901453,1.0,-1.0,0.08,-0.064,-2.5456787331390474,-1.0,0.08,-0.064,-2.5456787331390474,0.91858184606129,0.0,0.017418153938710032,0.0,-0.09666622764089447,0.0,-2.513012505498153,0.0,0.9359999999999999,-2.6096787331390474,0.016,0.24292343892089904
38.0,-1.9438760961918802,1.1555843310583682,1.0,-1.0,0.08,-0.064,-2.7786542773461833,-1.0,0.08,-0.064,-2.7786542773461833,0.91858184606129,0.0,0.017418153938710032,0.0,-0.09379673925525453,0.0,-2.748857538090929,0.0,0.9359999999999999,-2.8426542773461834,0.016,0.25783387375015576
38.25,-1.9666527842393815,1.112291835499316,1.0,-1.0,0.08,-0.064,-2.867723173756511,-1.0,0.08,-0.064,-2.867723173756511,0.91858184606129,0.0,0.017418153938710032,0.0,-0.09282993802058234,0.0,-2.838893235735929,0.0,0.9359999999999999,-2.9317231737565113,0.016,0.2635342831204167
38.5,-1.970119164366119,1.0694491957416463,1.0,-1.0,0.08,-0.064,-2.8813695218026547,-1.0,0.08,-0.064,-2.8813695218026547,0.91858184606129,0.0,0.017418153938710032,0.0,-0.09268738568801566,0.0,-2.8526821361146393,0.0,0.9359999999999999,-2.9453695218026548,0.016,0.2644076493953699
38.75,-1.9642373961172026,1.0273220923537476,1.0,-1.0,0.08,-0.064,-2.8582285483052883,-1.0,0.08,-0.064,-2.8582285483052883,0.91858184606129,0.0,0.017418153938710032,0.0,-0.09292996820513413,0.0,-2.8292985801001542,0.0,0.9359999999999999,-2.9222285483052883,0.016,0.26292662709153847
39.0,-1.953906202159541,0.98603005381182,1.0,-1.0,0.08,-0.064,-2.8177494468375213,-1.0,0.08,-0.064,-2.8177494468375213,0.91858184606129,0.0,0.017418153938710032,0.0,-0.09336442513177218,0.0,-2.788385021705749,0.0,0.9359999999999999,-2.8817494468375213,0.016,0.26033596459760133
39.25,-1.9414678094118327,0.945621954526958,1.0,-1.0,0.08,-0.064,-2.7692972549823804,-1.0,0.08,-0.064,-2.7692972549823804,0.91858184606129,0.0,0.017418153938710032,0.0,-0.09390212515077553,0.0,-2.739395129831605,0.0,0.9359999999999999,-2.8332972549823805,0.016,0.25723502431887235
39.5,-1.92803517638568,0.9061131472977486,1.0,-1.0,0.08,-0.064,-2.71731964138056,-1.0,0.08,-0.064,-2.71731964138056,0.91858184606129,0.0,0.017418153938710032,0.0,-0.09450154338230946,0.0,-2.686818097998251,0.0,0.9359999999999999,-2.78131964138056,0.016,0.25390845704835585
39.75,-1.914139158029844,0.8675031637264089,1.0,-1.0,0.08,-0.064,-2.6639287163031993,-1.0,0.08,-0.064,-2.6639287163031993,0.91858184606129,0.0,0.017418153938710032,0.0,-0.09514312075663059,0.0,-2.6327855955465687,0.0,0.9359999999999999,-2.7279287163031993,0.016,0.2504914378434048
40.0,-1.9000350109728283,0.8297840878260065,1.0,-1.0,0.08,-0.064,-2.6101330429225156,-1.0,0.08,-0.064,-2.6101330429225156,0.91858184606129,0.0,0.017418153938710032,0.0,-0.0958178082432069,0.0,-2.578315234679309,0.0,0.9359999999999999,-2.6741330429225156,0.016,0.24704851474704098
40.25,-1.885846615203244,0.7929445299177391,1.0,-1.0,0.08,-0.064,-2.5564174560735324,-1.0,0.08,-0.064,-2.5564174560735324,0.91858184606129,0.0,0.017418153938710032,0.0,-0.09652170337389426,0.0,-2.523895752699638,0.0,0.9359999999999999,-2.6204174560735325,0.016,0.24361071718870608
40.5,-1.8716345866564537,0.756971527633769,1.0,-1.0,0.08,-0.064,-2.503016025968674,-1.0,0.08,-0.064,-2.503016025968674,0.91858184606129,0.0,0.017418153938710032,0.0,-0.09725348981782622,0.0,-2.4697625361508475,0.0,0.9359999999999999,-2.567016025968674,0.016,0.24019302566199516
40.75,-1.857428717313939,0.72185146428111,1.0,-1.0,0.08,-0.064,-2.450041439902505,-1.0,0.08,-0.064,-2.450041439902505,0.91858184606129,0.0,0.017418153938710032,0.0,-0.09801319701060962,0.0,-2.4160282428918953,0.0,0.9359999999999999,-2.514041439902505,0.016,0.2368026521537603
41.0,-1.843243590367053,0.6875705169250692,1.0,-1.0,0.08,-0.064,-2.3975469334292243,-1.0,0.08,-0.064,-2.3975469334292243,0.91858184606129,0.0,0.017418153938710032,0.0,-0.09880159311119344,0.0,-2.362745340318031,0.0,0.9359999999999999,-2.4615469334292244,0.016,0.23344300373947033
41.25,-1.8290861842446824,0.6541148768920095,1.0,-1.0,0.08,-0.064,-2.345556269394772,-1.0,0.08,-0.064,-2.345556269394772,0.91858184606129,0.0,0.017418153938710032,0.0,-0.09961988693209545,0.0,-2.3099363824626766,0.0,0.9359999999999999,-2.409556269394772,0.016,0.23011560124126543
41.5,-1.814959620014145,0.6214708588444173,1.0,-1.0,0.08,-0.064,-2.2940784222818893,-1.0,0.08,-0.064,-2.2940784222818893,0.91858184606129,0.0,0.017418153938710032,0.0,-0.10046958316979687,0.0,-2.257608839112092,0.0,0.9359999999999999,-2.3580784222818894,0.016,0.22682101902604093
41.75,-1.800865030379429,0.5896249546527284,1.0,-1.0,0.08,-0.064,-2.2431148576435014,-1.0,0.08,-0.064,-2.2431148576435014,0.91858184606129,0.0,0.017418153938710032,0.0,-0.1013524151952881,0.0,-2.205762442448213,0.0,0.9359999999999999,-2.3071148576435014,0.016,0.22355935088918408
42.0,-1.7868025027874834,0.5585638596035103,1.0,-1.0,0.08,-0.064,-2.1926631839676145,-1.0,0.08,-0.064,-2.1926631839676145,0.91858184606129,0.0,0.017418153938710032,0.0,-0.10227031813375811,0.0,-2.1543928658338563,0.0,0.9359999999999999,-2.2566631839676146,0.016,0.22033044377392733
42.25,-1.7727715606137802,0.5282744845962278,1.0,-1.0,0.08,-0.064,-2.142719006121017,-1.0,0.08,-0.064,-2.142719006121017,0.91858184606129,0.0,0.017418153938710032,0.0,-0.10322542374804593,0.0,-2.103493582372971,0.0,0.9359999999999999,-2.206719006121017,0.016,0.2171340163917451
42.5,-1.7587714110924992,0.49874396117843084,1.0,-1.0,0.08,-0.064,-2.093276876476301,-1.0,0.08,-0.064,-2.093276876476301,0.91858184606129,0.0,0.017418153938710032,0.0,-0.10422006795239222,0.0,-2.0530568085239085,0.0,0.9359999999999999,-2.157276876476301,0.016,0.21396972009448326
42.75,-1.74480107401412,0.46995964289789044,1.0,-1.0,0.08,-0.064,-2.0443307878808263,-1.0,0.08,-0.064,-2.0443307878808263,0.91858184606129,0.0,0.017418153938710032,0.0,-0.10525680647944305,0.0,-2.0030739814013834,0.0,0.9359999999999999,-2.1083307878808264,0.016,0.2108371704243729
43.0,-1.7308594487101991,0.44190910475967626,1.0,-1.0,0.08,-0.064,-1.9958744311893746,-1.0,0.08,-0.064,-1.9958744311893746,0.91858184606129,0.0,0.017418153938710032,0.0,-0.10633843664853829,0.0,-1.9535359945408364,0.0,0.9359999999999999,-2.0598744311893746,0.016,0.20773596359611998
43.25,-1.7169453486743635,0.4145801417186454,1.0,-1.0,0.08,-0.064,-1.9479013303345316,-1.0,0.08,-0.064,-1.9479013303345316,0.91858184606129,0.0,0.017418153938710032,0.0,-0.10746802448406681,0.0,-1.9044333058504648,0.0,0.9359999999999999,-2.0119013303345317,0.016,0.20466568514141004
43.5,-1.7030575189617172,0.3879607666978521,1.0,-1.0,0.08,-0.064,-1.9004049128920397,-1.0,0.08,-0.064,-1.9004049128920397,0.91858184606129,0.0,0.017418153938710032,0.0,-0.10864893717916635,0.0,-1.8557559757128734,0.0,0.9359999999999999,-1.9644049128920398,0.016,0.20162591442509056
43.75,-1.6891946442622772,0.3620392083951904,1.0,-1.0,0.08,-0.064,-1.853378546204361,-1.0,0.08,-0.064,-1.853378546204361,0.91858184606129,0.0,0.017418153938710032,0.0,-0.10988488138162153,0.0,-1.8074936648227395,0.0,0.9359999999999999,-1.917378546204361,0.016,0.1986162269570791
44.0,-1.675355351805543,0.33680390902096485,1.0,-1.0,0.08,-0.064,-1.806815554823475,-1.0,0.08,-0.064,-1.806815554823475,0.91858184606129,0.0,0.017418153938710032,0.0,-0.1111799481474835,0.0,-1.7596356066759915,0.0,0.9359999999999999,-1.870815554823475,0.016,0.19563619550870243
44.25,-1.6615382113025892,0.3122435220458141,1.0,-1.0,0.08,-0.064,-1.7607092276186074,-1.0,0.08,-0.064,-1.7607092276186074,0.91858184606129,0.0,0.017418153938710032,0.0,-0.11253866574904352,0.0,-1.7121705618695637,0.0,0.9359999999999999,-1.8247092276186074,0.016,0.19268539056759088
44.5,-1.6477417331022042,0.28834691000468177,1.0,-1.0,0.08,-0.064,-1.7150528190066554,-1.0,0.08,-0.064,-1.7150528190066554,0.91858184606129,0.0,0.017418153938710032,0.0,-0.11396606189170833,0.0,-1.665086757114947,0.0,0.9359999999999999,-1.7790528190066555,0.016,0.18976338041642593
44.75,-1.6339643651871705,0.26510314238449956,1.0,-1.0,0.08,-0.064,-1.6698395467015126,-1.0,0.08,-0.064,-1.6698395467015126,0.91858184606129,0.0,0.017418153938710032,0.0,-0.11546773733140406,0.0,-1.6183718093701085,0.0,0.9359999999999999,-1.7338395467015126,0.016,0.1868697309888968
45.0,-1.6202044893384402,0.24250149361364987,1.0,-1.0,0.08,-0.064,-1.6250625872724358,-1.0,0.08,-0.064,-1.6250625872724358,0.91858184606129,0.0,0.017418153938710032,0.0,-0.11704995343192937,0.0,-1.5720126338405065,0.0,0.9359999999999999,-1.6890625872724359,0.016,0.1840040055854359
45.25,-1.606460416630457,0.2205314411662764,1.0,-1.0,0.08,-0.064,-1.5807150702005015,-1.0,0.08,-0.064,-1.5807150702005015,0.91858184606129,0.0,0.017418153938710032,0.0,-0.11871973690907339,0.0,-1.525995333291428,0.0,0.9359999999999999,-1.6447150702005016,0.016,0.18116576449283212
45.5,-1.5927303823279817,0.19918266379207805,1.0,-1.0,0.08,-0.064,-1.5367900707906381,-1.0,0.08,-0.064,-1.5367900707906381,0.91858184606129,0.0,0.017418153938710032,0.0,-0.12048500593930846,0.0,-1.4803050648513296,0.0,0.9359999999999999,-1.6007900707906382,0.016,0.17835456453060083
45.75,-1.5790125402004183,0.17844503988124,1.0,-1.0,0.08,-0.064,-1.4932806021101777,-1.0,0.08,-0.064,-1.4932806021101777,0.91858184606129,0.0,0.017418153938710032,0.0,-0.12235472305408782,0.0,-1.43492587905609,0.0,0.9359999999999999,-1.5572806021101777,0.016,0.17556995853505136
46.0,-1.5653049562359882,0.15830864597404593,1.0,-1.0,0.08,-0.064,-1.450179606016949,-1.0,0.08,-0.064,-1.450179606016949,0.91858184606129,0.0,0.017418153938710032,0.0,-0.12433908192289093,0.0,-1.389840524094058,0.0,0.9359999999999999,-1.514179606016949,0.016,0.17281149478508473
46.25,-1.5516056017154678,0.1387637554251514,1.0,-1.0,0.08,-0.064,-1.407479943274819,-1.0,0.08,-0.064,-1.407479943274819,0.91858184606129,0.0,0.017418153938710032,0.0,-0.1264497374341788,0.0,-1.3450302058406403,0.0,0.9359999999999999,-1.4714799432748191,0.016,0.17007871636958843
46.5,-1.5379123455881898,0.11980083723331418,1.0,-1.0,0.08,-0.064,-1.3651743827125675,-1.0,0.08,-0.064,-1.3651743827125675,0.91858184606129,0.0,0.017418153938710032,0.0,-0.12870009168873026,0.0,-1.3004742910238374,0.0,0.9359999999999999,-1.4291743827125676,0.016,0.16737116049360432
46.75,-1.5242229460785228,0.10141055504849174,1.0,-1.0,0.08,-0.064,-1.3232555893522915,-1.0,0.08,-0.064,-1.3232555893522915,0.91858184606129,0.0,0.017418153938710032,0.0,-0.13110565304192817,0.0,-1.2561499363103632,0.0,0.9359999999999999,-1.3872555893522915,0.016,0.16468835771854665
47.0,-1.5105350414372858,0.08358376636958507,1.0,-1.0,0.08,-0.064,-1.281716111409943,-1.0,0.08,-0.064,-1.281716111409943,0.91858184606129,0.0,0.017418153938710032,0.0,-0.13368449181590417,0.0,-1.2120316195940388,0.0,0.9359999999999999,-1.345716111409943,0.016,0.16202983113023633
47.25,-1.4968461397383577,0.06631152194773648,1.0,-1.0,0.08,-0.064,-1.240548366049623,-1.0,0.08,-0.064,-1.240548366049623,0.91858184606129,0.0,0.017418153938710032,0.0,-0.13645782576817173,0.0,-1.1680905402814514,0.0,0.9359999999999999,-1.304548366049623,0.016,0.1593950954271759
47.5,-1.483153607605303,0.04958506541198164,1.0,-1.0,0.08,-0.064,-1.1997446237526246,-1.0,0.08,-0.064,-1.1997446237526246,0.91858184606129,0.0,0.017418153938710032,0.0,-0.13945078249752113,0.0,-1.1242938412551033,0.0,0.9359999999999999,-1.2637446237526246,0.016,0.15678365592016796
47.75,-1.4694546577355037,0.03339583313624301,1.0,-1.0,0.08,-0.064,-1.1592969911405664,-1.0,0.08,-0.064,-1.1592969911405664,0.91858184606129,0.0,0.017418153938710032,0.0,-0.14269340742175432,0.0,-1.0806035837188122,0.0,0.9359999999999999,-1.2232969911405664,0.016,0.15419500743299627
48.0,-1.4557463350694824,0.017735454369172877,1.0,-1.0,0.08,-0.064,-1.1191973920682292,-1.0,0.08,-0.064,-1.1191973920682292,0.91858184606129,0.0,0.017418153938710032,0.0,-0.14622201943676733,0.0,-1.036975372631462,0.0,0.9359999999999999,-1.1831973920682293,0.016,0.15162863309236665
48.25,-1.4420255014302135,0.002595751651256203,1.0,-1.0,0.08,-0.064,-1.0794375467750585,-1.0,0.08,-0.064,-1.0794375467750585,0.91858184606129,0.0,0.017418153938710032,0.0,-0.15008107008036856,0.0,-0.9933564766946898,0.0,0.9359999999999999,-1.1434375467750586,0.016,0.14908400299360375
48.5,-1.428288818430594,-0.012031258453069649,1.0,-1.0,0.08,-0.064,-1.0400089488538624,-1.0,0.08,-0.064,-1.0400089488538624,0.91858184606129,0.0,0.017418153938710032,0.0,-0.15432575100725246,0.0,-0.9496831978466098,0.0,0.9359999999999999,-1.1040089488538625,0.016,0.14656057272664721
48.75,-1.414532728416118,-0.026153364276655485,1.0,-1.0,0.08,-0.064,-1.000902839760347,-1.0,0.08,-0.064,-1.000902839760347,0.91858184606129,0.0,0.017418153938710032,0.0,-0.1590257475064726,0.0,-0.9058770922538744,0.0,0.9359999999999999,-1.064902839760347,0.016,0.14405778174466222
49.0,-1.4007534331732567,-0.039778157588144916,1.0,-1.0,0.08,-0.064,-0.9621101805466652,-1.0,0.08,-0.064,-0.9621101805466652,0.91858184606129,0.0,0.017418153938710032,0.0,-0.16427081009374814,0.0,-0.861839370452917,0.0,0.9359999999999999,-1.0261101805466653,0.016,0.14157505155498656
49.25,-1.3869468700910095,-0.052913031706456226,1.0,-1.0,0.08,-0.064,-0.9236216204552474,-1.0,0.08,-0.064,-0.9236216204552474,0.91858184606129,0.0,0.017418153938710032,0.0,-0.17017933371687644,0.0,-0.817442286738371,0.0,0.9359999999999999,-0.9876216204552475,0.016,0.13911178370913582
49.5,-1.373108685412256,-0.0655651791439174,1.0,-1.0,0.08,-0.064,-0.8854274619545737,-1.0,0.08,-0.064,-0.8854274619545737,0.91858184606129,0.0,0.017418153938710032,0.0,-0.17691217152320485,0.0,-0.7725152904313688,0.0,0.9359999999999999,-0.9494274619545737,0.016,0.13666735756509274
49.75,-1.3592342041512626,-0.0777415887236898,1.0,-1.0,0.08,-0.064,-0.8475176217347162,-1.0,0.08,-0.064,-0.8475176217347162,0.91858184606129,0.0,0.017418153938710032,0.0,-0.18469615041371604,0.0,-0.7268214713210002,0.0,0.9359999999999999,-0.9115176217347163,0.016,0.13424112779102182
50.0,-1.345318396182056,-0.08944904210888066,1.0,-1.0,0.08,-0.064,-0.8098815871058593,-1.0,0.08,-0.064,-0.8098815871058593,0.91858184606129,0.0,0.017418153938710032,0.0,-0.1938670691484007,0.0,-0.6800145179574586,0.0,0.9359999999999999,-0.8738815871058594,0.016,0.131832421574775
50.25,-1.331355837916885,-0.10069410967108688,1.0,-1.0,0.08,-0.064,-0.7725083671553712,-1.0,0.08,-0.064,-0.7725083671553712,0.91858184606129,0.0,0.017418153938710032,0.0,-0.20495620753878233,0.0,-0.6315521596165887,0.0,0.9359999999999999,-0.8365083671553712,0.016,0.12944053549794377
50.5,-1.3173406688917133,-0.11148314561474923,1.0,-1.0,0.08,-0.064,-0.7353864379160666,-1.0,0.08,-0.064,-0.7353864379160666,0.91858184606129,0.0,0.017418153938710032,0.0,-0.2188896314537858,0.0,-0.5804968064622809,0.0,0.9359999999999999,-0.7993864379160667,0.016,0.12706473202662824
50.75,-1.30326654245282,-0.12182228226028605,1.0,-1.0,0.08,-0.064,-0.698503680676928,-1.0,0.08,-0.064,-0.698503680676928,0.91858184606129,0.0,0.017418153938710032,0.0,-0.2375551799801166,0.0,-0.5249485006968113,0.0,0.9359999999999999,-0.7625036806769281,0.016,0.1247042355633234
51.0,-1.2891265695905523,-0.13171742337310033,1.0,-1.0,0.08,-0.064,-0.661847312424305,-1.0,0.08,-0.064,-0.661847312424305,0.91858184606129,0.0,0.017418153938710032,0.0,-0.2662005863516424,0.0,-0.4596467260726625,0.0,0.9359999999999999,-0.725847312424305,0.016,0.12235822799515553
51.25,-1.2749132547871764,-0.1411742364066921,1.0,-1.0,0.08,-0.064,-0.6254038072320318,-1.0,0.08,-0.064,-0.6254038072320318,0.91858184606129,0.0,0.017418153938710032,0.0,-0.3447019036160159,0.03473386397084155,-0.3447019036160159,-0.03473386397084155,0.9359999999999999,-0.6894038072320319,0.016,0.12002584366285003
51.5,-1.2606184225283639,-0.15019814350562913,1.0,-1.0,0.08,-0.064,-0.5891588072179004,-1.0,0.08,-0.064,-0.5891588072179004,0.91858184606129,0.0,0.017418153938710032,0.0,-0.3265794036089501,0.10512876295461691,-0.3265794036089501,-0.10512876295461691,0.9359999999999999,-0.6531588072179004,0.016,0.11770616366194564
51.75,-1.2462331328627922,-0.1587943110872317,1.0,-1.0,0.08,-0.064,-0.5530970214450097,-1.0,0.08,-0.064,-0.5530970214450097,0.91858184606129,0.0,0.017418153938710032,0.0,-0.3085485107225049,0.14211272252477927,-0.3085485107225049,-0.14211272252477927,0.9359999999999999,-0.6170970214450098,0.016,0.11539820937248062
52.0,-1.2317475840699803,-0.16696763778853468,1.0,-1.0,0.08,-0.064,-0.5172021108622329,-1.0,0.08,-0.064,-0.5172021108622329,0.91858184606129,0.0,0.017418153938710032,0.0,-0.2906010554311165,0.16926890345690812,-0.2906010554311165,-0.16926890345690812,0.9359999999999999,-0.581202110862233,0.016,0.11310093509518292
52.25,-1.217151000097751,-0.17472274052615752,1.0,-1.0,0.08,-0.064,-0.4814565570389555,-1.0,0.08,-0.064,-0.4814565570389555,0.91858184606129,0.0,0.017418153938710032,0.0,-0.2727282785194778,0.19087300947565983,-0.2727282785194778,-0.19087300947565983,0.9359999999999999,-0.5454565570389556,0.016,0.11081321965049316
52.5,-1.2024314999384937,-0.18206393836959786,1.0,-1.0,0.08,-0.064,-0.445841512044336,-1.0,0.08,-0.064,-0.445841512044336,0.91858184606129,0.0,0.017418153938710032,0.0,-0.254920756022168,0.2086846063319569,-0.254920756022168,-0.2086846063319569,0.9359999999999999,-0.509841512044336,0.016,0.10853385677083752
52.75,-1.1875759455029402,-0.18899523387119896,1.0,-1.0,0.08,-0.064,-0.41033662633720214,-1.0,0.08,-0.064,-0.41033662633720214,0.91858184606129,0.0,0.017418153938710032,0.0,-0.2371683131686011,0.22363527296547234,-0.2371683131686011,-0.22363527296547234,0.9359999999999999,-0.47433662633720214,0.016,0.10626154408558093
53.0,-1.17256976378938,-0.19552029142613592,1.0,-1.0,0.08,-0.064,-0.374919850953082,-1.0,0.08,-0.064,-0.374919850953082,0.91858184606129,0.0,0.017418153938710032,0.0,-0.21945992547654097,0.2362884076099128,-0.21945992547654097,-0.2362884076099128,0.9359999999999999,-0.438919850953082,0.016,0.10399487046099724
53.25,-1.157396738193526,-0.2016424121500505,1.0,-1.0,0.08,-0.064,-0.33956720958101316,-1.0,0.08,-0.064,-0.33956720958101316,0.91858184606129,0.0,0.017418153938710032,0.0,-0.20178360479050658,0.24701351835665494,-0.20178360479050658,-0.24701351835665494,0.9359999999999999,-0.40356720958101316,0.016,0.10173230141318483
53.5,-1.1420387626048185,-0.20736450465634854,1.0,-1.0,0.08,-0.064,-0.30425253529194496,-1.0,0.08,-0.064,-0.30425253529194496,0.91858184606129,0.0,0.017418153938710032,0.0,-0.18412626764597245,0.25606577245201706,-0.18412626764597245,-0.25606577245201706,0.9359999999999999,-0.36825253529194496,0.016,0.09947216225868448
53.75,-1.1264755504168562,-0.21268905098440966,1.0,-1.0,0.08,-0.064,-0.2689471656869591,-1.0,0.08,-0.064,-0.2689471656869591,0.91858184606129,0.0,0.017418153938710032,0.0,-0.16647358284347952,0.26362694251388746,-0.16647358284347952,-0.26362694251388746,0.9359999999999999,-0.3329471656869591,0.016,0.09721261860396538
54.0,-1.1106842886472776,-0.21761806676720818,1.0,-1.0,0.08,-0.064,-0.23361958904790914,-1.0,0.08,-0.064,-0.23361958904790914,0.91858184606129,0.0,0.017418153938710032,0.0,-0.14880979452395457,0.2698282764144718,-0.14880979452395457,-0.2698282764144718,0.9359999999999999,-0.29761958904790914,0.016,0.09495165369906619
54.25,-1.0946392248882233,-0.22215305452319045,1.0,-1.0,0.08,-0.064,-0.1982350326638902,-1.0,0.08,-0.064,-0.1982350326638902,0.91858184606129,0.0,0.017418153938710032,0.0,-0.13111751633194507,0.27476396962016525,-0.13111751633194507,-0.27476396962016525,0.9359999999999999,-0.2622350326638902,0.016,0.09268704209048896
54.5,-1.07831117162095,-0.22629494870097475,1.0,-1.0,0.08,-0.064,-0.16275498284254564,-1.0,0.08,-0.064,-0.16275498284254564,0.91858184606129,0.0,0.017418153938710032,0.0,-0.11337749142127282,0.2784993058177024,-0.11337749142127282,-0.2784993058177024,0.9359999999999999,-0.22675498284254564,0.016,0.09041631890192293
54.75,-1.0616669082951102,-0.23004405078102572,1.0,-1.0,0.08,-0.064,-0.12713662416889804,-1.0,0.08,-0.064,-0.12713662416889804,0.91858184606129,0.0,0.017418153938710032,0.0,-0.09556831208444902,0.2810755088444008,-0.09556831208444902,-0.2810755088444008,0.9359999999999999,-0.19113662416889804,0.016,0.08813674394680948
55.0,-1.0446684561779886,-0.23339995232524136,1.0,-1.0,0.08,-0.064,-0.09133218333330229,-1.0,0.08,-0.064,-0.09133218333330229,0.91858184606129,0.0,0.017418153938710032,0.0,-0.07766609166665114,0.2825123677621188,-0.07766609166665114,-0.2825123677621188,0.9359999999999999,-0.1553321833333023,0.016,0.08584525973333135
55.25,-1.0272721938864395,-0.23636144333564643,1.0,-1.0,0.08,-0.064,-0.055288160332258585,-1.0,0.08,-0.064,-0.055288160332258585,0.91858184606129,0.0,0.017418153938710032,0.0,-0.05964408016612929,0.28280916880893536,-0.05964408016612929,-0.28280916880893536,0.9359999999999999,-0.11928816033225859,0.016,0.08353844226126456
55.5,-1.0094277721216862,-0.2389264025996202,1.0,-1.0,0.08,-0.064,-0.01894442713055078,-1.0,0.08,-0.064,-0.01894442713055078,0.91858184606129,0.0,0.017418153938710032,0.0,-0.04147221356527539,0.2819441413442589,-0.04147221356527539,-0.2819441413442589,0.9359999999999999,-0.08294442713055078,0.016,0.08121244333635526
55.75,-0.9910767735927928,-0.24109166581020125,1.0,-1.0,0.08,-0.064,0.017766828844900107,-1.0,0.08,-0.064,0.017766828844900107,0.91858184606129,0.0,0.017418153938710032,0.0,-0.023116585577549958,0.279872375244793,-0.023116585577549958,-0.279872375244793,0.9359999999999999,-0.046233171155099895,0.016,0.0788629229539264
56.0,-0.9721510472529938,-0.2428528660858205,1.0,-1.0,0.08,-0.064,0.054922341324907364,-1.0,0.08,-0.064,0.054922341324907364,0.91858184606129,0.0,0.017418153938710032,0.0,-0.004538829337546325,0.2765219144723444,-0.004538829337546325,-0.2765219144723444,0.9359999999999999,-0.009077658675092637,0.016,0.07648497015520593
56.25,-0.952570623100331,-0.24420423997705862,1.0,-1.0,0.08,-0.064,0.09260920800624706,-1.0,0.08,-0.064,0.09260920800624706,0.91858184606129,0.0,0.017418153938710032,0.0,0.014304604003123528,0.27178739667599383,0.014304604003123528,-0.27178739667599383,0.9359999999999999,0.028609208006247056,0.016,0.0740730106876002
56.5,-0.9322410824969966,-0.2451383900028087,1.0,-1.0,0.08,-0.064,0.13092656410482806,-1.0,0.08,-0.064,0.13092656410482806,0.91858184606129,0.0,0.017418153938710032,0.0,0.033463282052414,0.2655200720314221,0.033463282052414,-0.2655200720314221,0.9359999999999999,0.06692656410482806,0.016,0.07162069989729102
56.75,-0.9110502157517756,-0.24564599201290727,1.0,-1.0,0.08,-0.064,0.16998750437864318,-1.0,0.08,-0.064,0.16998750437864318,0.91858184606129,0.0,0.017418153938710032,0.0,0.052993752189321605,0.25751206175374314,0.052993752189321605,-0.25751206175374314,0.9359999999999999,0.10598750437864318,0.016,0.06912079971976684
57.0,-0.8888637384992549,-0.24571543195623513,1.0,-1.0,0.08,-0.064,0.2099212543811282,-1.0,0.08,-0.064,0.2099212543811282,0.91858184606129,0.0,0.017418153938710032,0.0,0.07296062719056408,0.2474707792842769,0.07296062719056408,-0.2474707792842769,0.9359999999999999,0.14592125438112818,0.016,0.0665650397196078
57.25,-0.865519753715527,-0.24533235155098085,1.0,-1.0,0.08,-0.064,0.2508755559282134,-1.0,0.08,-0.064,0.2508755559282134,0.91858184606129,0.0,0.017418153938710032,0.0,0.09343777796410671,0.2349752030954003,0.09343777796410671,-0.2349752030954003,0.9359999999999999,0.18687555592821342,0.016,0.06394396442059433
57.5,-0.8408215259437207,-0.24447907534005311,1.0,-1.0,0.08,-0.064,0.2930191615096731,-1.0,0.08,-0.064,0.2930191615096731,0.91858184606129,0.0,0.017418153938710032,0.0,0.11450958075483654,0.21939537273774143,0.11450958075483654,-0.21939537273774143,0.9359999999999999,0.2290191615096731,0.016,0.06124677366338092
57.75,-0.8145279619223291,-0.24313388184083484,1.0,-1.0,0.08,-0.064,0.3365441992466568,-1.0,0.08,-0.064,0.3365441992466568,0.91858184606129,0.0,0.017418153938710032,0.0,0.1362720996233284,0.19972752968097218,0.1362720996233284,-0.19972752968097218,0.9359999999999999,0.2725441992466568,0.016,0.05846117124821396
58.0,-0.7863409425347094,-0.24127006774448873,1.0,-1.0,0.08,-0.064,0.38166792209362477,-1.0,0.08,-0.064,0.38166792209362477,0.91858184606129,0.0,0.017418153938710032,0.0,0.1588339610468124,0.17419823708691112,0.1588339610468124,-0.17419823708691112,0.9359999999999999,0.31766792209362477,0.016,0.055573252986008015
58.25,-0.7558882876860685,-0.2388547345786321,1.0,-1.0,0.08,-0.064,0.42863289653902326,-1.0,0.08,-0.064,0.42863289653902326,0.91858184606129,0.0,0.017418153938710032,0.0,0.18231644826951166,0.13902592316504506,0.18231644826951166,-0.13902592316504506,0.9359999999999999,0.36463289653902325,0.016,0.05256749462150251
58.5,-0.7227006030243178,-0.235847199233065,1.0,-1.0,0.08,-0.064,0.47770383838828745,-1.0,0.08,-0.064,0.47770383838828745,0.91858184606129,0.0,0.017418153938710032,0.0,0.2068519191941437,0.08148151857230598,0.2068519191941437,-0.08148151857230598,0.9359999999999999,0.41370383838828745,0.016,0.049426954343149615
58.75,-0.6861794743804925,-0.2321968892787421,1.0,-1.0,0.08,-0.064,0.529157728938911,-1.0,0.08,-0.064,0.529157728938911,0.91858184606129,0.0,0.017418153938710032,0.0,0.3217922202520491,0.0,0.14336550868686182,0.0,0.9359999999999999,0.465157728938911,0.016,0.0461339053479097
59.0,-0.6455533288734847,-0.22784052524368187,1.0,-1.0,0.08,-0.064,0.5832608995803625,-1.0,0.08,-0.064,0.5832608995803625,0.91858184606129,0.0,0.017418153938710032,0.0,0.41690939953042805,0.0,0.10235150004993457,0.0,0.9359999999999999,0.5192608995803625,0.016,0.0426713024268568
59.25,-0.5998156269215009,-0.22269830662147835,1.0,-1.0,0.08,-0.064,0.6402212137007669,-1.0,0.08,-0.064,0.6402212137007669,0.91858184606129,0.0,0.017418153938710032,0.0,0.497829178885731,0.0,0.07839203481503582,0.0,0.9359999999999999,0.576221213700767,0.016,0.03902584232315092
59.5,-0.5476377525557404,-0.21666869529864846,1.0,-1.0,0.08,-0.064,0.7000928919756977,-1.0,0.08,-0.064,0.7000928919756977,0.91858184606129,0.0,0.017418153938710032,0.0,0.574872236927829,0.0,0.06122065504786886,0.0,0.9359999999999999,0.6360928919756976,0.016,0.035194054913555345
59.75,-0.4872460689100766,-0.2096212169842343,1.0,-1.0,0.08,-0.064,0.7625912683316769,-1.0,0.08,-0.064,0.7625912683316769,0.91858184606129,0.0,0.017418153938710032,0.0,0.6506480544656306,0.0,0.047943213866046316,0.0,0.9359999999999999,0.6985912683316768,0.016,0.03119415882677267
60.0,-0.41624984717204644,-0.20138647234810292,1.0,-1.0,0.08,-0.064,0.826736064729248,-1.0,0.08,-0.064,0.826736064729248,0.91858184606129,0.0,0.017418153938710032,0.0,0.7253922818766849,0.0,0.037343782852563054,0.0,0.9359999999999999,0.762736064729248,0.016,0.027088891857328136
60.25,-0.3314072051634036,-0.19174229272912083,1.0,-1.0,0.08,-0.064,0.8901692643657817,-1.0,0.08,-0.064,0.8901692643657817,0.91858184606129,0.0,0.017418153938710032,0.0,0.7972847704768331,0.0,0.028884493888948717,0.0,0.9359999999999999,0.8261692643657816,0.016,0.02302916708058997
60.5,-0.22832959588458043,-0.1803948339269533,1.0,-1.0,0.08,-0.064,0.9478655956431842,-1.0,0.08,-0.064,0.9478655956431842,0.91858184606129,0.0,0.017418153938710032,0.0,0.8614181919792241,0.0,0.022447403663959975,0.0,0.9359999999999999,0.8838655956431842,0.016,0.019336601878836217
60.75,-0.10117973135056095,-0.16695386393413902,1.0,-1.0,0.08,-0.064,0.9897626619638283,-1.0,0.08,-0.064,0.9897626619638283,0.91858184606129,0.0,0.017418153938710032,0.0,0.9074079746572661,0.0,0.018354687306562145,0.0,0.9359999999999999,0.9257626619638284,0.016,0.016655189634314983
61.0,0.05741613617150184,-0.15090397408638123,1.0,-1.0,0.08,-0.064,0.9967033873071356,-1.0,0.08,-0.064,0.9967033873071356,0.91858184606129,0.0,0.017418153938710032,0.0,0.9149861985249697,0.0,0.01771718878216602,0.0,0.9359999999999999,0.9327033873071355,0.016,0.016210983212343332
61.25,0.2556015648628528,-0.13158140163920953,1.0,-1.0,0.08,-0.064,0.9346678400396609,-1.0,0.08,-0.064,0.9346678400396609,0.91858184606129,0.0,0.017418153938710032,0.0,0.8468364882771506,0.0,0.02383135176251029,0.0,0.9359999999999999,0.8706678400396608,0.016,0.02018125823746171
61.5,0.49924884626645966,-0.10818596408977406,1.0,-1.0,0.08,-0.064,0.750750589501609,-1.0,0.08,-0.064,0.750750589501609,0.91858184606129,0.0,0.017418153938710032,0.0,0.6365554966289408,0.0,0.05019509287266806,0.0,0.9359999999999999,0.686750589501609,0.016,0.03195196227189702
61.75,0.7848028183324879,-0.07989182582369586,1.0,-1.0,0.08,-0.064,0.38408453633738415,-1.0,0.08,-0.064,0.38408453633738415,0.91858184606129,0.0,0.017418153938710032,0.0,0.16004226816869205,0.17264142629689969,0.16004226816869205,-0.17264142629689969,0.9359999999999999,0.32008453633738415,0.016,0.05541858967440741
62.0,1.0895492244804232,-0.04613351352947154,1.0,-1.0,0.08,-0.064,-0.1871175125658917,-1.0,0.08,-0.064,-0.1871175125658917,0.91858184606129,0.0,0.017418153938710032,0.0,-0.12555875628294588,0.2760625282882429,-0.12555875628294588,-0.2760625282882429,0.9359999999999999,-0.2511175125658917,0.016,0.09197552080421707
62.25,1.371129300125863,-0.007016950008328819,1.0,-1.0,0.08,-0.064,-0.8799955576636391,-1.0,0.08,-0.064,-0.8799955576636391,0.91858184606129,0.0,0.017418153938710032,0.0,-0.17795324558609105,0.0,-0.7660423120775481,0.0,0.9359999999999999,-0.9439955576636392,0.016,0.1363197156904729
62.5,1.5889720142830381,0.03648078934059337,1.0,-1.0,0.08,-0.064,-1.5248320621746956,-1.0,0.08,-0.064,-1.5248320621746956,0.91858184606129,0.0,0.017418153938710032,0.0,-0.12098631799963927,0.0,-1.4678457441750563,0.0,0.9359999999999999,-1.5888320621746956,0.016,0.17758925197918052
62.75,1.729786296308143,0.08283936330204984,1.0,-1.0,0.08,-0.064,-1.9921606308954427,-1.0,0.08,-0.064,-1.9921606308954427,0.91858184606129,0.0,0.017418153938710032,0.0,-0.10642373372447564,0.0,-1.949736897170967,0.0,0.9359999999999999,-2.0561606308954428,0.016,0.20749828037730833
63.0,1.8068464377928783,0.13058746711315575,1.0,-1.0,0.08,-0.064,-2.2646940497648136,-1.0,0.08,-0.064,-2.2646940497648136,0.91858184606129,0.0,0.017418153938710032,0.0,-0.1009733487141635,0.0,-2.22772070105065,0.0,0.9359999999999999,-2.3286940497648136,0.016,0.2249404191849481
63.25,1.8417152837501967,0.1786527129695781,1.0,-1.0,0.08,-0.064,-2.391915186399067,-1.0,0.08,-0.064,-2.391915186399067,0.91858184606129,0.0,0.017418153938710032,0.0,-0.09888838417519263,0.0,-2.3570268022238743,0.0,0.9359999999999999,-2.455915186399067,0.016,0.23308257192954027
63.5,1.8519452475721043,0.22637831533893712,1.0,-1.0,0.08,-0.064,-2.429701200004903,-1.0,0.08,-0.064,-2.429701200004903,0.91858184606129,0.0,0.017418153938710032,0.0,-0.09831433939673623,0.0,-2.3953868606081663,0.0,0.9359999999999999,-2.493701200004903,0.016,0.23550087680031379
63.75,1.848649695527436,0.2734010972167735,1.0,-1.0,0.08,-0.064,-2.4175056967736817,-1.0,0.08,-0.064,-2.4175056967736817,0.91858184606129,0.0,0.017418153938710032,0.0,-0.09849750644855809,0.0,-2.383008190325124,0.0,0.9359999999999999,-2.4815056967736817,0.016,0.23472036459351564
64.0,1.8381052414912256,0.31953253884133576,1.0,-1.0,0.08,-0.064,-2.378630878797517,-1.0,0.08,-0.064,-2.378630878797517,0.91858184606129,0.0,0.017418153938710032,0.0,-0.09909486113852117,0.0,-2.3435360176589954,0.0,0.9359999999999999,-2.442630878797517,0.016,0.23223237624304108
64.25,1.8236809865421748,0.36467999634752657,1.0,-1.0,0.08,-0.064,-2.3258123406754394,-1.0,0.08,-0.064,-2.3258123406754394,0.91858184606129,0.0,0.017418153938710032,0.0,-0.09994098088742148,0.0,-2.289871359788018,0.0,0.9359999999999999,-2.3898123406754395,0.016,0.22885198980322813
64.5,1.8071504394556874,0.40880163064577396,1.0,-1.0,0.08,-0.064,-2.2657927108248836,-1.0,0.08,-0.064,-2.2657927108248836,0.91858184606129,0.0,0.017418153938710032,0.0,-0.10095425860435076,0.0,-2.228838452220533,0.0,0.9359999999999999,-2.3297927108248837,0.016,0.22501073349279258
64.75,1.7894431742957162,0.45188216510292106,1.0,-1.0,0.08,-0.064,-2.202106874033529,-1.0,0.08,-0.064,-2.202106874033529,0.91858184606129,0.0,0.017418153938710032,0.0,-0.10209502311378013,0.0,-2.164011850919749,0.0,0.9359999999999999,-2.266106874033529,0.016,0.22093483993814583
65.0,1.7710473604049082,0.4939201483836222,1.0,-1.0,0.08,-0.064,-2.136608752797193,-1.0,0.08,-0.064,-2.136608752797193,0.91858184606129,0.0,0.017418153938710032,0.0,-0.10334562071063727,0.0,-2.097263132086556,0.0,0.9359999999999999,-2.200608752797193,0.016,0.21674296017902034
65.25,1.7522198722868905,0.5349212932507845,1.0,-1.0,0.08,-0.064,-2.070274480837086,-1.0,0.08,-0.064,-2.070274480837086,0.91858184606129,0.0,0.017418153938710032,0.0,-0.1047005811445263,0.0,-2.0295738996925596,0.0,0.9359999999999999,-2.134274480837086,0.016,0.2124975667735735
65.5,1.7330952853445831,0.574894975241816,1.0,-1.0,0.08,-0.064,-2.003619268083622,-1.0,0.08,-0.064,-2.003619268083622,0.91858184606129,0.0,0.017418153938710032,0.0,-0.10616168019277061,0.0,-1.9614575878908513,0.0,0.9359999999999999,-2.067619268083622,0.016,0.2082316331573518
65.75,1.713742604701054,0.6138523727611503,1.0,-1.0,0.08,-0.064,-1.9369137151675528,-1.0,0.08,-0.064,-1.9369137151675528,0.91858184606129,0.0,0.017418153938710032,0.0,-0.10773548665347249,0.0,-1.8931782285140804,0.0,0.9359999999999999,-2.000913715167553,0.016,0.20396247777072338
66.0,1.6941950222824205,0.651805464766856,1.0,-1.0,0.08,-0.064,-1.8702967735265306,-1.0,0.08,-0.064,-1.8702967735265306,0.91858184606129,0.0,0.017418153938710032,0.0,-0.10943222828594674,0.0,-1.8248645452405838,0.0,0.9359999999999999,-1.9342967735265306,0.016,0.19969899350569797
66.25,1.6744656743201785,0.6887664805587749,1.0,-1.0,0.08,-0.064,-1.8038352944765301,-1.0,0.08,-0.064,-1.8038352944765301,0.91858184606129,0.0,0.017418153938710032,0.0,-0.11126540419959288,0.0,-1.7565698902769373,0.0,0.9359999999999999,-1.8678352944765302,0.016,0.19544545884649794
66.5,1.6545560600396982,0.724747590236847,1.0,-1.0,0.08,-0.064,-1.7375557558140895,-1.0,0.08,-0.064,-1.7375557558140895,0.91858184606129,0.0,0.017418153938710032,0.0,-0.11325186757175615,0.0,-1.6883038882423334,0.0,0.9359999999999999,-1.8015557558140896,0.016,0.19120356837210173
66.75,1.6344605646255568,0.7597607243520236,1.0,-1.0,0.08,-0.064,-1.671461337316094,-1.0,0.08,-0.064,-1.671461337316094,0.91858184606129,0.0,0.017418153938710032,0.0,-0.11541226017563366,0.0,-1.6200490771404603,0.0,0.9359999999999999,-1.735461337316094,0.016,0.18697352558823002
67.0,1.6141688829409329,0.7938174631767909,1.0,-1.0,0.08,-0.064,-1.605541182654779,-1.0,0.08,-0.064,-1.605541182654779,0.91858184606129,0.0,0.017418153938710032,0.0,-0.1177717737166673,0.0,-1.5517694089381115,0.0,0.9359999999999999,-1.669541182654779,0.016,0.18275463568990585
67.25,1.5936672909202398,0.8269289632457898,1.0,-1.0,0.08,-0.064,-1.539775434149056,-1.0,0.08,-0.064,-1.539775434149056,0.91858184606129,0.0,0.017418153938710032,0.0,-0.12036128104327713,0.0,-1.483414153105779,0.0,0.9359999999999999,-1.603775434149056,0.016,0.1785456277855396
67.5,1.5729392684845231,0.859105903242136,1.0,-1.0,0.08,-0.064,-1.4741379423406267,-1.0,0.08,-0.064,-1.4741379423406267,0.91858184606129,0.0,0.017418153938710032,0.0,-0.12321894670088271,0.0,-1.4149189956397439,0.0,0.9359999999999999,-1.5381379423406267,0.016,0.1743448283098001
67.75,1.5519657437904946,0.8903584390159857,1.0,-1.0,0.08,-0.064,-1.4085976698991827,-1.0,0.08,-0.064,-1.4085976698991827,0.91858184606129,0.0,0.017418153938710032,0.0,-0.12639251142557847,0.0,-1.3462051584736043,0.0,0.9359999999999999,-1.4725976698991827,0.016,0.1701502508735477
68.0,1.5307251031067528,0.9206961616622167,1.0,-1.0,0.08,-0.064,-1.343119341281179,-1.0,0.08,-0.064,-1.343119341281179,0.91858184606129,0.0,0.017418153938710032,0.0,-0.12994257508825216,0.0,-1.2771767661929267,0.0,0.9359999999999999,-1.407119341281179,0.016,0.16595963784199547
68.25,1.5091930419561275,0.9501280547938876,1.0,-1.0,0.08,-0.064,-1.2776636378887893,-1.0,0.08,-0.064,-1.2776636378887893,0.91858184606129,0.0,0.017418153938710032,0.0,-0.13394742125401424,0.0,-1.207716216634775,0.0,0.9359999999999999,-1.3416636378887894,0.016,0.16177047282488252
68.5,1.4873422945028225,0.9786624482904449,1.0,-1.0,0.08,-0.064,-1.2121871010169203,-1.0,0.08,-0.064,-1.2121871010169203,0.91858184606129,0.0,0.017418153938710032,0.0,-0.1385103194694171,0.0,-1.137676781547503,0.0,0.9359999999999999,-1.2761871010169203,0.016,0.1575799744650829
68.75,1.4651422553150384,1.0063069663308097,1.0,-1.0,0.08,-0.064,-1.1466418283096371,-1.0,0.08,-0.064,-1.1466418283096371,0.91858184606129,0.0,0.017418153938710032,0.0,-0.14377099041805913,0.0,-1.066870837891578,0.0,0.9359999999999999,-1.2106418283096372,0.016,0.15338507701181678
69.0,1.4425584929577457,1.0330684676813522,1.0,-1.0,0.08,-0.064,-1.0809750056045226,-1.0,0.08,-0.064,-1.0809750056045226,0.91858184606129,0.0,0.017418153938710032,0.0,-0.14992444182073195,0.0,-0.9950505637837905,0.0,0.9359999999999999,-1.1449750056045227,0.016,0.14918240035868946
69.25,1.4195521441105057,1.0589529761190921,1.0,-1.0,0.08,-0.064,-1.0151282898487333,-1.0,0.08,-0.064,-1.0151282898487333,0.91858184606129,0.0,0.017418153938710032,0.0,-0.15725372662839082,0.0,-0.9218745632203424,0.0,0.9359999999999999,-1.0791282898487333,0.016,0.14496821055031892
69.5,1.3960791675399953,1.0839655985859007,1.0,-1.0,0.08,-0.064,-0.9490370420391661,-1.0,0.08,-0.064,-0.9490370420391661,0.91858184606129,0.0,0.017418153938710032,0.0,-0.16619126462456676,0.0,-0.8468457774145992,0.0,0.9359999999999999,-1.0130370420391661,0.016,0.14073837069050663
69.75,1.37208942760992,1.108110428203185,1.0,-1.0,0.08,-0.064,-0.8826293973589179,-1.0,0.08,-0.064,-0.8826293973589179,0.91858184606129,0.0,0.017418153938710032,0.0,-0.1774456016871298,0.0,-0.769183795671788,0.0,0.9359999999999999,-0.9466293973589179,0.016,0.13648828143097075
70.0,1.3475255657447942,1.1313904286122554,1.0,-1.0,0.08,-0.064,-0.8158251503358276,-1.0,0.08,-0.064,-0.8158251503358276,0.91858184606129,0.0,0.017418153938710032,0.0,-0.19230347967792089,0.0,-0.6875216706579066,0.0,0.9359999999999999,-0.8798251503358276,0.016,0.13221280962149295
70.25,1.3223216040539765,1.153807295201319,1.0,-1.0,0.08,-0.064,-0.7485344245478811,-1.0,0.08,-0.064,-0.7485344245478811,0.91858184606129,0.0,0.017418153938710032,0.0,-0.21353204527586864,0.0,-0.5990023792720125,0.0,0.9359999999999999,-0.8125344245478812,0.016,0.1279062031710644
70.5,1.2964012065988786,1.175361287566284,1.0,-1.0,0.08,-0.064,-0.680656088471028,-1.0,0.08,-0.064,-0.680656088471028,0.91858184606129,0.0,0.017418153938710032,0.0,-0.24958366407048543,0.0,-0.4950724244005425,0.0,0.9359999999999999,-0.744656088471028,0.016,0.1235619896621458
70.75,1.2696754984711376,1.1960510259249588,1.0,-1.0,0.08,-0.064,-0.6120758714179317,-1.0,0.08,-0.064,-0.6120758714179317,0.91858184606129,0.0,0.017418153938710032,0.0,-0.3380379357089659,0.07002292333492441,-0.3380379357089659,-0.07002292333492441,0.9359999999999999,-0.6760758714179318,0.016,0.11917285577074764
71.0,1.242040308021996,1.2158732420113836,1.0,-1.0,0.08,-0.064,-0.5426641267513745,-1.0,0.08,-0.064,-0.5426641267513745,0.91858184606129,0.0,0.017418153938710032,0.0,-0.30333206337568724,0.15073209160738135,-0.30333206337568724,-0.15073209160738135,0.9359999999999999,-0.6066641267513746,0.016,0.11473050411208797
71.25,1.213372649005052,1.2348224719995837,1.0,-1.0,0.08,-0.064,-0.4722731853535369,-1.0,0.08,-0.064,-0.4722731853535369,0.91858184606129,0.0,0.017418153938710032,0.0,-0.26813659267676854,0.1957760238903609,-0.26813659267676854,-0.1957760238903609,0.9359999999999999,-0.536273185353537,0.016,0.11022548386262636
71.5,1.1835261907925363,1.2528906749254287,1.0,-1.0,0.08,-0.064,-0.40073424429189086,-1.0,0.08,-0.064,-0.40073424429189086,0.91858184606129,0.0,0.017418153938710032,0.0,-0.23236712214594538,0.227271890431466,-0.23236712214594538,-0.227271890431466,0.9359999999999999,-0.46473424429189086,0.016,0.10564699163468103
71.75,1.1523253667747748,1.2700667544243767,1.0,-1.0,0.08,-0.064,-0.32785375091261937,-1.0,0.08,-0.064,-0.32785375091261937,0.91858184606129,0.0,0.017418153938710032,0.0,-0.19592687545630966,0.2501905264640037,-0.19592687545630966,-0.2501905264640037,0.9359999999999999,-0.39185375091261937,0.016,0.10098264005840765
72.0,1.1195576292142893,1.2863359536897692,1.0,-1.0,0.08,-0.064,-0.25340928513191985,-1.0,0.08,-0.064,-0.25340928513191985,0.91858184606129,0.0,0.017418153938710032,0.0,-0.15870464256595995,0.26651647355548924,-0.15870464256595995,-0.26651647355548924,0.9359999999999999,-0.31740928513191985,0.016,0.09621819424844287
72.25,1.0849631511302869,1.3016790823444666,1.0,-1.0,0.08,-0.064,-0.17714503931056158,-1.0,0.08,-0.064,-0.17714503931056158,0.91858184606129,0.0,0.017418153938710032,0.0,-0.12057251965528079,0.27712731734683405,-0.12057251965528079,-0.27712731734683405,0.9359999999999999,-0.24114503931056158,0.016,0.09133728251587594
72.5,1.0482209679124403,1.3160715178375204,1.0,-1.0,0.08,-0.064,-0.09876719757129337,-1.0,0.08,-0.064,-0.09876719757129337,0.91858184606129,0.0,0.017418153938710032,0.0,-0.08138359878564669,0.282308006427837,-0.08138359878564669,-0.282308006427837,0.9359999999999999,-0.16276719757129338,0.016,0.08632110064456278
72.75,1.008930089457559,1.3294819006215324,1.0,-1.0,0.08,-0.064,-0.017939925412838065,-1.0,0.08,-0.064,-0.017939925412838065,0.91858184606129,0.0,0.017418153938710032,0.0,-0.04096996270641904,0.28190356042848463,-0.04096996270641904,-0.28190356042848463,0.9359999999999999,-0.08193992541283807,0.016,0.08114815522642164
73.0,0.9665834127305102,1.3418704080136656,1.0,-1.0,0.08,-0.064,0.06571650623424019,-1.0,0.08,-0.064,0.06571650623424019,0.91858184606129,0.0,0.017418153938710032,0.0,0.0008582531171200929,0.2753060242758875,0.0008582531171200929,-0.2753060242758875,0.9359999999999999,0.0017165062342401893,0.016,0.07579414360100863
73.25,0.9205311907015092,1.3531864404936227,1.0,-1.0,0.08,-0.064,0.15262232694566158,-1.0,0.08,-0.064,0.15262232694566158,0.91858184606129,0.0,0.017418153938710032,0.0,0.044311163472830796,0.2612827814211295,0.044311163472830796,-0.2612827814211295,0.9359999999999999,0.08862232694566158,0.016,0.07023217107547765
73.5,0.8699291571829395,1.3633654771774995,1.0,-1.0,0.08,-0.064,0.24322326148298057,-1.0,0.08,-0.064,0.24322326148298057,0.91858184606129,0.0,0.017418153938710032,0.0,0.08961163074149028,0.2374941407718095,0.08961163074149028,-0.2374941407718095,0.9359999999999999,0.17922326148298057,0.016,0.06443371126508925
73.75,0.813663851176062,1.3723247402311594,1.0,-1.0,0.08,-0.064,0.33795113728933923,-1.0,0.08,-0.064,0.33795113728933923,0.91858184606129,0.0,0.017418153938710032,0.0,0.13697556864466962,0.19901964930114732,0.13697556864466962,-0.19901964930114732,0.9359999999999999,0.27395113728933923,0.016,0.05837112721348229
74.0,0.7502437866635241,1.3799571296323545,1.0,-1.0,0.08,-0.064,0.4371342605727766,-1.0,0.08,-0.064,0.4371342605727766,0.91858184606129,0.0,0.017418153938710032,0.0,0.18656713028638827,0.1312101871808897,0.18656713028638827,-0.1312101871808897,0.9359999999999999,0.3731342605727766,0.016,0.0520234073233423
74.25,0.6776393909167266,1.3861226193680485,1.0,-1.0,0.08,-0.064,0.5408048558780079,-1.0,0.08,-0.064,0.5408048558780079,0.91858184606129,0.0,0.017418153938710032,0.0,0.34539414922343087,0.0,0.13141070665457708,0.0,0.9359999999999999,0.47680485587800786,0.016,0.0453884892238075
74.5,0.5930470607525945,1.390635907200452,1.0,-1.0,0.08,-0.064,0.6482951837327086,-1.0,0.08,-0.064,0.6482951837327086,0.91858184606129,0.0,0.017418153938710032,0.0,0.5085756565719355,0.0,0.07571952716077304,0.0,0.9359999999999999,0.5842951837327086,0.016,0.03850910824110665
74.75,0.4925456529728388,1.3932485644129153,1.0,-1.0,0.08,-0.064,0.7573987797375599,-1.0,0.08,-0.064,0.7573987797375599,0.91858184606129,0.0,0.017418153938710032,0.0,0.6444811704373501,0.0,0.04891760930020972,0.0,0.9359999999999999,0.6933987797375598,0.016,0.03152647809679617
75.0,0.37061876881582306,1.3936233414372583,1.0,-1.0,0.08,-0.064,0.8626417282014436,-1.0,0.08,-0.064,0.8626417282014436,0.91858184606129,0.0,0.017418153938710032,0.0,0.7662898316048414,0.0,0.032351896596602286,0.0,0.9359999999999999,0.7986417282014435,0.016,0.02479092939510762
75.25,0.21957515509329203,1.3912982242512721,1.0,-1.0,0.08,-0.064,0.9517867512657567,-1.0,0.08,-0.064,0.9517867512657567,0.91858184606129,0.0,0.017418153938710032,0.0,0.865741311519449,0.0,0.022045439746307877,0.0,0.9359999999999999,0.8877867512657567,0.016,0.01908564791899157
75.5,0.029143034828179953,1.385640438615369,1.0,-1.0,0.08,-0.064,0.9991506835210034,-1.0,0.08,-0.064,0.9991506835210034,0.91858184606129,0.0,0.017418153938710032,0.0,0.917655716769004,0.0,0.01749496675199927,0.0,0.9359999999999999,0.9351506835210035,0.016,0.016054356254655785
75.75,-0.212725252931265,1.3758023616799298,1.0,-1.0,0.08,-0.064,0.9547479667653294,-1.0,0.08,-0.064,0.9547479667653294,0.91858184606129,0.0,0.017418153938710032,0.0,0.8690033673341597,0.0,0.021744599431169687,0.0,0.9359999999999999,0.8907479667653293,0.016,0.018896130127018913
76.0,-0.5150660974067017,1.3607272205375602,1.0,-1.0,0.08,-0.064,0.7347069153022301,-1.0,0.08,-0.064,0.7347069153022301,0.91858184606129,0.0,0.017418153938710032,0.0,0.6172810798130823,0.0,0.05342583548914784,0.0,0.9359999999999999,0.67070691530223,0.016,0.032978757420657284
76.25,-0.8709583892937314,1.3393252800266224,1.0,-1.0,0.08,-0.064,0.24143148411886917,-1.0,0.08,-0.064,0.24143148411886917,0.91858184606129,0.0,0.017418153938710032,0.0,0.08871574205943458,0.23807121230261385,0.08871574205943458,-0.23807121230261385,0.9359999999999999,0.17743148411886916,0.016,0.06454838501639237
76.5,-1.2402047147067543,1.3109711902577408,1.0,-1.0,0.08,-0.064,-0.5381077343808616,-1.0,0.08,-0.064,-0.5381077343808616,0.91858184606129,0.0,0.017418153938710032,0.0,-0.3010538671904308,0.15429019427708815,-0.3010538671904308,-0.15429019427708815,0.9359999999999999,-0.6021077343808616,0.016,0.11443889500037514
76.75,-1.5558699569479975,1.2761630413922058,1.0,-1.0,0.08,-0.064,-1.4207313229333636,-1.0,0.08,-0.064,-1.4207313229333636,0.91858184606129,0.0,0.017418153938710032,0.0,-0.12577830297063808,0.0,-1.3589530199627253,0.0,0.9359999999999999,-1.4847313229333636,0.016,0.17092680466773527
77.0,-1.7716287459932685,1.2366038703202147,1.0,-1.0,0.08,-0.064,-2.138668413629681,-1.0,0.08,-0.064,-2.138668413629681,0.91858184606129,0.0,0.017418153938710032,0.0,-0.10330502055415089,0.0,-2.09936339307553,0.0,0.9359999999999999,-2.2026684136296812,0.016,0.2168747784722996
77.25,-1.8917657728222126,1.1943840325399206,1.0,-1.0,0.08,-0.064,-2.578777739221623,-1.0,0.08,-0.064,-2.578777739221623,0.91858184606129,0.0,0.017418153938710032,0.0,-0.09622489306679219,0.0,-2.546552846154831,0.0,0.9359999999999999,-2.642777739221623,0.016,0.2450417753101839
77.5,-1.9475508226045974,1.1511459710157772,1.0,-1.0,0.08,-0.064,-2.792954206627844,-1.0,0.08,-0.064,-2.792954206627844,0.91858184606129,0.0,0.017418153938710032,0.0,-0.09363712583798824,0.0,-2.763317080789856,0.0,0.9359999999999999,-2.856954206627844,0.016,0.258749069224182
77.75,-1.9676696710776838,1.1078804757357972,1.0,-1.0,0.08,-0.064,-2.87172393447896,-1.0,0.08,-0.064,-2.87172393447896,0.91858184606129,0.0,0.017418153938710032,0.0,-0.09278799720677561,0.0,-2.842935937272184,0.0,0.9359999999999999,-2.93572393447896,0.016,0.26379033180665346
78.0,-1.9698342204371417,1.0651021898446522,1.0,-1.0,0.08,-0.064,-2.8802468560052015,-1.0,0.08,-0.064,-2.8802468560052015,0.91858184606129,0.0,0.017418153938710032,0.0,-0.09269905947426584,0.0,-2.8515477965309355,0.0,0.9359999999999999,-2.9442468560052015,0.016,0.2643357987843329
78.25,-1.9633304705611938,1.0230566838915125,1.0,-1.0,0.08,-0.064,-2.854666536634039,-1.0,0.08,-0.064,-2.854666536634039,0.91858184606129,0.0,0.017418153938710032,0.0,-0.09296767680343944,0.0,-2.8256988598305997,0.0,0.9359999999999999,-2.918666536634039,0.016,0.2626986583445785
78.5,-1.9527043886066808,0.9818536373815914,1.0,-1.0,0.08,-0.064,-2.813054429283791,-1.0,0.08,-0.064,-2.813054429283791,0.91858184606129,0.0,0.017418153938710032,0.0,-0.0934156713893638,0.0,-2.783638757894427,0.0,0.9359999999999999,-2.877054429283791,0.016,0.2600354834741626
78.75,-1.940126573414338,0.9415372323672182,1.0,-1.0,0.08,-0.064,-2.7640911208684606,-1.0,0.08,-0.064,-2.7640911208684606,0.91858184606129,0.0,0.017418153938710032,0.0,-0.09396108766433404,0.0,-2.734130033204126,0.0,0.9359999999999999,-2.8280911208684607,0.016,0.2569018317355815
79.0,-1.9266284911758889,0.9021206048055115,1.0,-1.0,0.08,-0.064,-2.711897343010682,-1.0,0.08,-0.064,-2.711897343010682,0.91858184606129,0.0,0.017418153938710032,0.0,-0.09456547817833734,0.0,-2.6813318648323445,0.0,0.9359999999999999,-2.775897343010682,0.016,0.25356142995268366
79.25,-1.9127024688248275,0.8636022413098515,1.0,-1.0,0.08,-0.064,-2.6584307342485904,-1.0,0.08,-0.064,-2.6584307342485904,0.91858184606129,0.0,0.017418153938710032,0.0,-0.09521074284229046,0.0,-2.6272199914063004,0.0,0.9359999999999999,-2.7224307342485905,0.016,0.25013956699190976
79.5,-1.898585458194935,0.8259737357716891,1.0,-1.0,0.08,-0.064,-2.6046267420692715,-1.0,0.08,-0.064,-2.6046267420692715,0.91858184606129,0.0,0.017418153938710032,0.0,-0.09588854060309918,0.0,-2.572738201466172,0.0,0.9359999999999999,-2.6686267420692715,0.016,0.2466961114924334
79.75,-1.8843925622040423,0.7892234728858587,1.0,-1.0,0.08,-0.064,-2.550935328489915,-1.0,0.08,-0.064,-2.550935328489915,0.91858184606129,0.0,0.017418153938710032,0.0,-0.09659532084008382,0.0,-2.5183400076498312,0.0,0.9359999999999999,-2.6149353284899153,0.016,0.2432598610233546
80.0,-1.8701801405806666,0.7533383919317059,1.0,-1.0,0.08,-0.064,-2.497573758222322,-1.0,0.08,-0.064,-2.497573758222322,0.91858184606129,0.0,0.017418153938710032,0.0,-0.09732994741610387,0.0,-2.464243810806218,0.0,0.9359999999999999,-2.561573758222322,0.016,0.2398447205262286
80.25,-1.8559758958098662,0.7183048397290751,1.0,-1.0,0.08,-0.064,-2.444646525827235,-1.0,0.08,-0.064,-2.444646525827235,0.91858184606129,0.0,0.017418153938710032,0.0,-0.09809254621676336,0.0,-2.410553979610472,0.0,0.9359999999999999,-2.5086465258272352,0.016,0.23645737765294303
80.5,-1.8417933718504134,0.6841089872100291,1.0,-1.0,0.08,-0.064,-2.392202824592115,-1.0,0.08,-0.064,-2.392202824592115,0.91858184606129,0.0,0.017418153938710032,0.0,-0.09888394072130557,0.0,-2.3573188838708097,0.0,0.9359999999999999,-2.4562028245921153,0.016,0.23310098077389535
80.75,-1.8276390230661959,0.6507370345637756,1.0,-1.0,0.08,-0.064,-2.3402643986343588,-1.0,0.08,-0.064,-2.3402643986343588,0.91858184606129,0.0,0.017418153938710032,0.0,-0.09970537493264922,0.0,-2.3045590237017093,0.0,0.9359999999999999,-2.404264398634359,0.016,0.22977692151259896
81.0,-1.813515702202906,0.6181753127379672,1.0,-1.0,0.08,-0.064,-2.2888392021364994,-1.0,0.08,-0.064,-2.2888392021364994,0.91858184606129,0.0,0.017418153938710032,0.0,-0.1005583791437657,0.0,-2.252280822992734,0.0,0.9359999999999999,-2.3528392021364994,0.016,0.22648570893673595
81.25,-1.7994244021110481,0.586410333531798,1.0,-1.0,0.08,-0.064,-2.2379281789127026,-1.0,0.08,-0.064,-2.2379281789127026,0.91858184606129,0.0,0.017418153938710032,0.0,-0.10144470813570372,0.0,-2.200483470776999,0.0,0.9359999999999999,-2.3019281789127026,0.016,0.22322740345041298
81.5,-1.7853651356551354,0.5554288138979414,1.0,-1.0,0.08,-0.064,-2.1875286676128796,-1.0,0.08,-0.064,-2.1875286676128796,0.91858184606129,0.0,0.017418153938710032,0.0,-0.10236631712698926,0.0,-2.1491623504858905,0.0,0.9359999999999999,-2.2515286676128796,0.016,0.2200018347272243
81.75,-1.771337385138289,0.5252176871681385,1.0,-1.0,0.08,-0.064,-2.1376361319885513,-1.0,0.08,-0.064,-2.1376361319885513,0.91858184606129,0.0,0.017418153938710032,0.0,-0.10332535826548722,0.0,-2.098310773723064,0.0,0.9359999999999999,-2.2016361319885513,0.016,0.21680871244726732
82.0,-1.7573403340754414,0.495764107589814,1.0,-1.0,0.08,-0.064,-2.088245049768384,-1.0,0.08,-0.064,-2.088245049768384,0.91858184606129,0.0,0.017418153938710032,0.0,-0.10432418912828433,0.0,-2.0479208606401,0.0,0.9359999999999999,-2.1522450497683843,0.016,0.21364768318517657
82.25,-1.743372987569972,0.46705545142140403,1.0,-1.0,0.08,-0.064,-2.0393493737886494,-1.0,0.08,-0.064,-2.0393493737886494,0.91858184606129,0.0,0.017418153938710032,0.0,-0.10536538907896331,0.0,-1.9979839847096863,0.0,0.9359999999999999,-2.1033493737886495,0.016,0.21051835992247356
82.5,-1.7294342349580578,0.4390793162578176,1.0,-1.0,0.08,-0.064,-1.9909427730449623,-1.0,0.08,-0.064,-1.9909427730449623,0.91858184606129,0.0,0.017418153938710032,0.0,-0.10645178160217747,0.0,-1.9484909914427848,0.0,0.9359999999999999,-2.0549427730449623,0.016,0.2074203374748776
82.75,-1.7155228821341024,0.41182351945696066,1.0,-1.0,0.08,-0.064,-1.9430187591256969,-1.0,0.08,-0.064,-1.9430187591256969,0.91858184606129,0.0,0.017418153938710032,0.0,-0.10758646195968297,0.0,-1.899432297166014,0.0,0.9359999999999999,-2.007018759125697,0.016,0.2043532005840446
83.0,-1.7016376677164882,0.3852760961270791,1.0,-1.0,0.08,-0.064,-1.8955707521916088,-1.0,0.08,-0.064,-1.8955707521916088,0.91858184606129,0.0,0.017418153938710032,0.0,-0.1087728302212149,0.0,-1.8507979219703938,0.0,0.9359999999999999,-1.9595707521916088,0.016,0.20131652814026296
83.25,-1.6877772704444267,0.35942529692117714,1.0,-1.0,0.08,-0.064,-1.8485921146288389,-1.0,0.08,-0.064,-1.8485921146288389,0.91858184606129,0.0,0.017418153938710032,0.0,-0.11001463018816039,0.0,-1.8025774844406786,0.0,0.9359999999999999,-1.912592114628839,0.016,0.1983098953362457
83.5,-1.6739403117007847,0.33425958577274484,1.0,-1.0,0.08,-0.064,-1.8020761671369199,-1.0,0.08,-0.064,-1.8020761671369199,0.91858184606129,0.0,0.017418153938710032,0.0,-0.11131599509064521,0.0,-1.7547601720462747,0.0,0.9359999999999999,-1.86607616713692,0.016,0.1953328746967629
83.75,-1.660125355229478,0.3097676376477154,1.0,-1.0,0.08,-0.064,-1.7560161950758002,-1.0,0.08,-0.064,-1.7560161950758002,0.91858184606129,0.0,0.017418153938710032,0.0,-0.11268150128032067,0.0,-1.7073346937954796,0.0,0.9359999999999999,-1.8200161950758003,0.016,0.19238503648485122
84.0,-1.6463309051506791,0.2859383363559453,1.0,-1.0,0.08,-0.064,-1.710405449254254,-1.0,0.08,-0.064,-1.710405449254254,0.91858184606129,0.0,0.017418153938710032,0.0,-0.11411623151427647,0.0,-1.6602892177399775,0.0,0.9359999999999999,-1.774405449254254,0.016,0.18946594875227224
84.25,-1.632555402860461,0.2627607724485962,1.0,-1.0,0.08,-0.064,-1.6652371434088815,-1.0,0.08,-0.064,-1.6652371434088815,0.91858184606129,0.0,0.017418153938710032,0.0,-0.11562584987193941,0.0,-1.613611293536942,0.0,0.9359999999999999,-1.7292371434088816,0.016,0.18657517717816843
84.5,-1.6187972231210157,0.24022424121880695,1.0,-1.0,0.08,-0.064,-1.6205044495843115,-1.0,0.08,-0.064,-1.6205044495843115,0.91858184606129,0.0,0.017418153938710032,0.0,-0.11721669090851214,0.0,-1.5672877586757994,0.0,0.9359999999999999,-1.6845044495843116,0.016,0.18371228477339593
84.75,-1.6050546694926453,0.21831824081838383,1.0,-1.0,0.08,-0.064,-1.5762004920601447,-1.0,0.08,-0.064,-1.5762004920601447,0.91858184606129,0.0,0.017418153938710032,0.0,-0.11889586637551262,0.0,-1.521304625684632,0.0,0.9359999999999999,-1.6402004920601447,0.016,0.18087683149184927
85.0,-1.5913259691709314,0.19703247050098824,1.0,-1.0,0.08,-0.064,-1.5323183401578042,-1.0,0.08,-0.064,-1.5323183401578042,0.91858184606129,0.0,0.017418153938710032,0.0,-0.12067139379733531,0.0,-1.475646946360469,0.0,0.9359999999999999,-1.5963183401578043,0.016,0.17806837377009946
85.25,-1.5776092672408961,0.17635682900143235,1.0,-1.0,0.08,-0.064,-1.488851000084357,-1.0,0.08,-0.064,-1.488851000084357,0.91858184606129,0.0,0.017418153938710032,0.0,-0.12255235247428206,0.0,-1.430298647610075,0.0,0.9359999999999999,-1.552851000084357,0.016,0.17528646400539885
85.5,-1.5639026203278055,0.15628141306064966,1.0,-1.0,0.08,-0.064,-1.4457914058681762,-1.0,0.08,-0.064,-1.4457914058681762,0.91858184606129,0.0,0.017418153938710032,0.0,-0.12454907421875365,0.0,-1.3852423316494225,0.0,0.9359999999999999,-1.5097914058681763,0.016,0.17253064997556328
85.75,-1.5502039896023891,0.1367965161063887,1.0,-1.0,0.08,-0.064,-1.4031324093791637,-1.0,0.08,-0.064,-1.4031324093791637,0.91858184606129,0.0,0.017418153938710032,0.0,-0.12667337851480243,0.0,-1.3404590308643614,0.0,0.9359999999999999,-1.4671324093791638,0.016,0.16980047420026648
86.0,-1.5365112330816215,0.11789262710052763,1.0,-1.0,0.08,-0.064,-1.3608667693860053,-1.0,0.08,-0.064,-1.3608667693860053,0.91858184606129,0.0,0.017418153938710032,0.0,-0.1289388651091221,0.0,-1.295927904276883,0.0,0.9359999999999999,-1.4248667693860053,0.016,0.16709547324070434
86.25,-1.522822097151854,0.09956042956504618,1.0,-1.0,0.08,-0.064,-1.3189871395739705,-1.0,0.08,-0.064,-1.3189871395739705,0.91858184606129,0.0,0.017418153938710032,0.0,-0.13136128172994588,0.0,-1.2516258578440245,0.0,0.9359999999999999,-1.3829871395739706,0.016,0.1644151769327341
86.5,-1.5091342072273437,0.08179080080009205,1.0,-1.0,0.08,-0.064,-1.277486055423703,-1.0,0.08,-0.064,-1.277486055423703,0.91858184606129,0.0,0.017418153938710032,0.0,-0.13395899136488207,0.0,-1.2075270640588212,0.0,0.9359999999999999,-1.3414860554237031,0.016,0.16175910754711698
86.75,-1.4954450574429299,0.06457481130922796,1.0,-1.0,0.08,-0.064,-1.2363559198304879,-1.0,0.08,-0.064,-1.2363559198304879,0.91858184606129,0.0,0.017418153938710032,0.0,-0.1367535733787284,0.0,-1.1636023464517595,0.0,0.9359999999999999,-1.300355919830488,0.016,0.15912677886915122
87.0,-1.4817519992639923,0.047903724448870894,1.0,-1.0,0.08,-0.064,-1.195588987322838,-1.0,0.08,-0.064,-1.195588987322838,0.91858184606129,0.0,0.017418153938710032,0.0,-0.13977060745016345,0.0,-1.1198183798726746,0.0,0.9359999999999999,-1.259588987322838,0.016,0.15651769518866163
87.25,-1.4680522288792883,0.03176899632115188,1.0,-1.0,0.08,-0.064,-1.1551773467174464,-1.0,0.08,-0.064,-1.1551773467174464,0.91858184606129,0.0,0.017418153938710032,0.0,-0.1430407117327704,0.0,-1.076136634984676,0.0,0.9359999999999999,-1.2191773467174465,0.016,0.15393135018991658
87.5,-1.4543427732221608,0.016162275931983248,1.0,-1.0,0.08,-0.064,-1.115112902023525,-1.0,0.08,-0.064,-1.115112902023525,0.91858184606129,0.0,0.017418153938710032,0.0,-0.14660094173337107,0.0,-1.032511960290154,0.0,0.9359999999999999,-1.1791129020235251,0.016,0.15136722572950562
87.75,-1.4406204744423676,0.0010754056390645064,1.0,-1.0,0.08,-0.064,-1.0753873513825525,-1.0,0.08,-0.064,-1.0753873513825525,0.91858184606129,0.0,0.017418153938710032,0.0,-0.1504967128752825,0.0,-0.98889063850727,0.0,0.9359999999999999,-1.1393873513825525,0.016,0.14882479048848338
88.0,-1.4268819726237472,-0.013499578082045575,1.0,-1.0,0.08,-0.064,-1.0359921637986358,-1.0,0.08,-0.064,-1.0359921637986358,0.91858184606129,0.0,0.017418153938710032,0.0,-0.15478450360044202,0.0,-0.9452076601981938,0.0,0.9359999999999999,-1.0999921637986358,0.016,0.1463034984831127
88.25,-1.4131236865112853,-0.02757044352173982,1.0,-1.0,0.08,-0.064,-0.9969185533792451,-1.0,0.08,-0.064,-0.9969185533792451,0.91858184606129,0.0,0.017418153938710032,0.0,-0.1595357578750213,0.0,-0.9013827955042237,0.0,0.9359999999999999,-1.0609185533792451,0.016,0.1438027874162717
88.5,-1.399341791973996,-0.04114476223346386,1.0,-1.0,0.08,-0.064,-0.9581574507649944,-1.0,0.08,-0.064,-0.9581574507649944,0.91858184606129,0.0,0.017418153938710032,0.0,-0.16484269795375267,0.0,-0.8573147528112417,0.0,0.9359999999999999,-1.0221574507649944,0.016,0.14132207684895964
88.75,-1.38553219788627,-0.05422990710224426,1.0,-1.0,0.08,-0.064,-0.9196994713795581,-1.0,0.08,-0.064,-0.9196994713795581,0.91858184606129,0.0,0.017418153938710032,0.0,-0.17082731228322978,0.0,-0.8128721590963284,0.0,0.9359999999999999,-0.9836994713795582,0.016,0.13886076616829174
89.0,-1.3716905190586117,-0.06683304993664814,1.0,-1.0,0.08,-0.064,-0.8815348800752834,-1.0,0.08,-0.064,-0.8815348800752834,0.91858184606129,0.0,0.017418153938710032,0.0,-0.17765590174249646,0.0,-0.7678789783327868,0.0,0.9359999999999999,-0.9455348800752834,0.016,0.13641823232481817
89.25,-1.3578120457873455,-0.07896115852902506,1.0,-1.0,0.08,-0.064,-0.8436535516852164,-1.0,0.08,-0.064,-0.8436535516852164,0.91858184606129,0.0,0.017418153938710032,0.0,-0.18556400324111008,0.0,-0.7220895484441063,0.0,0.9359999999999999,-0.9076535516852164,0.016,0.13399382730785386
89.5,-1.343891709519936,-0.09062099312051314,1.0,-1.0,0.08,-0.064,-0.806044926916416,-1.0,0.08,-0.064,-0.806044926916416,0.91858184606129,0.0,0.017418153938710032,0.0,-0.19490235103403541,0.0,-0.6751425758823806,0.0,0.9359999999999999,-0.8700449269164161,0.016,0.13158687532265062
89.75,-1.3299240440455062,-0.10181910219747199,1.0,-1.0,0.08,-0.064,-0.7686979629303536,-1.0,0.08,-0.064,-0.7686979629303536,0.91858184606129,0.0,0.017418153938710032,0.0,-0.20623043221369472,0.0,-0.626467530716659,0.0,0.9359999999999999,-0.8326979629303537,0.016,0.12919666962754264
90.0,-1.3159031415159304,-0.11256181753444992,1.0,-1.0,0.08,-0.064,-0.7316010778514945,-1.0,0.08,-0.064,-0.7316010778514945,0.91858184606129,0.0,0.017418153938710032,0.0,-0.22053576581185613,0.0,-0.5750653120396383,0.0,0.9359999999999999,-0.7956010778514946,0.016,0.12682246898249566
90.25,-1.3018226024776907,-0.12285524838515119,1.0,-1.0,0.08,-0.064,-0.6947420883217874,-1.0,0.08,-0.064,-0.6947420883217874,0.91858184606129,0.0,0.017418153938710032,0.0,-0.23987589910153204,0.0,-0.5188661892202553,0.0,0.9359999999999999,-0.7587420883217875,0.016,0.1244634936525944
90.5,-1.2876754789437257,-0.13270527470671248,1.0,-1.0,0.08,-0.064,-0.6581081390729531,-1.0,0.08,-0.064,-0.6581081390729531,0.91858184606129,0.0,0.017418153938710032,0.0,-0.27027345360894595,0.0,-0.45183468546400707,0.0,0.9359999999999999,-0.7221081390729531,0.016,0.12211892090066899
90.75,-1.2734542093518921,-0.14211753928340046,1.0,-1.0,0.08,-0.064,-0.6216856233160528,-1.0,0.08,-0.064,-0.6216856233160528,0.91858184606129,0.0,0.017418153938710032,0.0,-0.34284281165802644,0.04739922348147098,-0.34284281165802644,-0.04739922348147098,0.9359999999999999,-0.6856856233160529,0.016,0.11978787989222739
91.0,-1.2591505440347897,-0.1510974385929463,1.0,-1.0,0.08,-0.064,-0.5854600925431068,-1.0,0.08,-0.064,-0.5854600925431068,0.91858184606129,0.0,0.017418153938710032,0.0,-0.32473004627155333,0.10963504444854122,-0.32473004627155333,-0.10963504444854122,0.9359999999999999,-0.6494600925431069,0.016,0.11746944592275883
91.25,-1.244755459555203,-0.1596501122313361,1.0,-1.0,0.08,-0.064,-0.5494161540924847,-1.0,0.08,-0.064,-0.5494161540924847,0.91858184606129,0.0,0.017418153938710032,0.0,-0.3067080770462423,0.14523356821518676,-0.3067080770462423,-0.14523356821518676,0.9359999999999999,-0.6134161540924847,0.016,0.11516263386191902
91.5,-1.230259059930163,-0.16778043067896356,1.0,-1.0,0.08,-0.064,-0.5135373545402484,-1.0,0.08,-0.064,-0.5135373545402484,0.91858184606129,0.0,0.017418153938710032,0.0,-0.2887686772701242,0.17169461761580868,-0.2887686772701242,-0.17169461761580868,0.9359999999999999,-0.5775373545402485,0.016,0.11286639069057591
91.75,-1.215650462359318,-0.17549298115135986,1.0,-1.0,0.08,-0.064,-0.47780604663442383,-1.0,0.08,-0.064,-0.47780604663442383,0.91858184606129,0.0,0.017418153938710032,0.0,-0.27090302331721194,0.192850042629493,-0.27090302331721194,-0.192850042629493,0.9359999999999999,-0.5418060466344239,0.016,0.11057958698460313
92.0,-1.2009176645702162,-0.1827920512296592,1.0,-1.0,0.08,-0.064,-0.44220323707678233,-1.0,0.08,-0.064,-0.44220323707678233,0.91858184606129,0.0,0.017418153938710032,0.0,-0.2531016185383912,0.21033444289074676,-0.2531016185383912,-0.21033444289074676,0.9359999999999999,-0.5062032370767824,0.016,0.10830100717291406
92.25,-1.1860473902688673,-0.18968160990752292,1.0,-1.0,0.08,-0.064,-0.40670841196359087,-1.0,0.08,-0.064,-0.40670841196359087,0.91858184606129,0.0,0.017418153938710032,0.0,-0.23535420598179535,0.22502830064760387,-0.23535420598179535,-0.22502830064760387,0.9359999999999999,-0.47070841196359087,0.016,0.10602933836566981
92.5,-1.1710249084056479,-0.1961652856198855,1.0,-1.0,0.08,-0.064,-0.37129933610645605,-1.0,0.08,-0.064,-0.37129933610645605,0.91858184606129,0.0,0.017418153938710032,0.0,-0.217649668053228,0.2374695338504138,-0.217649668053228,-0.2374695338504138,0.9359999999999999,-0.43529933610645605,0.016,0.10376315751081318
92.75,-1.1558338209913874,-0.20224634073133113,1.0,-1.0,0.08,-0.064,-0.33595182174755056,-1.0,0.08,-0.064,-0.33595182174755056,0.91858184606129,0.0,0.017418153938710032,0.0,-0.19997591087377528,0.24801320864431217,-0.19997591087377528,-0.24801320864431217,0.9359999999999999,-0.39995182174755056,0.016,0.10150091659184325
93.0,-1.140455812970114,-0.2079276418539926,1.0,-1.0,0.08,-0.064,-0.30063946133732333,-1.0,0.08,-0.064,-0.30063946133732333,0.91858184606129,0.0,0.017418153938710032,0.0,-0.18231973066866167,0.25690551051796334,-0.18231973066866167,-0.25690551051796334,0.9359999999999999,-0.36463946133732333,0.016,0.09924092552558869
93.25,-1.1248703560992623,-0.21321162523116574,1.0,-1.0,0.08,-0.064,-0.2653333180308812,-1.0,0.08,-0.064,-0.2653333180308812,0.91858184606129,0.0,0.017418153938710032,0.0,-0.1646666590154406,0.2643221968784858,-0.1646666590154406,-0.2643221968784858,0.9359999999999999,-0.32933331803088123,0.016,0.09698133235397641
93.5,-1.109054356806864,-0.21810025625634774,1.0,-1.0,0.08,-0.064,-0.23000156635228697,-1.0,0.08,-0.064,-0.23000156635228697,0.91858184606129,0.0,0.017418153938710032,0.0,-0.1470007831761435,0.270390218003808,-0.1470007831761435,-0.270390218003808,0.9359999999999999,-0.29400156635228697,0.016,0.09472010024654637
93.75,-1.0929817354567513,-0.2225949819889618,1.0,-1.0,0.08,-0.064,-0.19460907404205186,-1.0,0.08,-0.064,-0.19460907404205186,0.91858184606129,0.0,0.017418153938710032,0.0,-0.1293045370210259,0.27520050407742613,-0.1293045370210259,-0.27520050407742613,0.9359999999999999,-0.25860907404205186,0.016,0.09245498073869131
94.0,-1.0766229211803777,-0.2266966752655661,1.0,-1.0,0.08,-0.064,-0.15911691441096965,-1.0,0.08,-0.064,-0.15911691441096965,0.91858184606129,0.0,0.017418153938710032,0.0,-0.11155845720548482,0.27881569745664264,-0.11155845720548482,-0.27881569745664264,0.9359999999999999,-0.22311691441096965,0.016,0.09018348252230204
94.25,-1.0599442421878598,-0.23040556867289272,1.0,-1.0,0.08,-0.064,-0.12348179654719638,-1.0,0.08,-0.064,-0.12348179654719638,0.91858184606129,0.0,0.017418153938710032,0.0,-0.09374089827359822,0.28127473930283803,-0.09374089827359822,-0.28127473930283803,0.9359999999999999,-0.18748179654719638,0.016,0.08790283497902056
94.5,-1.0429071859242693,-0.23372117622533703,1.0,-1.0,0.08,-0.064,-0.08765539845247838,-1.0,0.08,-0.064,-0.08765539845247838,0.91858184606129,0.0,0.017418153938710032,0.0,-0.07582769922623919,0.28259530344825906,-0.07582769922623919,-0.28259530344825906,0.9359999999999999,-0.15165539845247838,0.016,0.08560994550095863
94.75,-1.0254674961403352,-0.23664220004592817,1.0,-1.0,0.08,-0.064,-0.05158358564032839,-1.0,0.08,-0.064,-0.05158358564032839,0.91858184606129,0.0,0.017418153938710032,0.0,-0.057791792820164195,0.2827745712818114,-0.057791792820164195,-0.2827745712818114,0.9359999999999999,-0.11558358564032839,0.016,0.08330134948098103
95.0,-1.0075740642761035,-0.2391664186476703,1.0,-1.0,0.08,-0.064,-0.015205495001865632,-1.0,0.08,-0.064,-0.015205495001865632,0.91858184606129,0.0,0.017418153938710032,0.0,-0.03960274750093282,0.28178852721588366,-0.03960274750093282,-0.28178852721588366,0.9359999999999999,-0.07920549500186563,0.016,0.08097315168011941
95.25,-0.9891675596402939,-0.2412905524986941,1.0,-1.0,0.08,-0.064,0.02154753895526562,-1.0,0.08,-0.064,0.02154753895526562,0.91858184606129,0.0,0.017418153938710032,0.0,-0.02122623052236719,0.27958970768730795,-0.02122623052236719,-0.27958970768730795,0.9359999999999999,-0.04245246104473438,0.016,0.078620957506863
95.5,-0.9701787254788127,-0.24301010135734655,1.0,-1.0,0.08,-0.064,0.05875324062830667,-1.0,0.08,-0.064,0.05875324062830667,0.91858184606129,0.0,0.017418153938710032,0.0,-0.0026233796858466767,0.2761030794446383,-0.0026233796858466767,-0.2761030794446383,0.9359999999999999,-0.0052467593716933325,0.016,0.07623979259978837
95.75,-0.950526244416729,-0.24431914628158274,1.0,-1.0,0.08,-0.064,0.09649985867502886,-1.0,0.08,-0.064,0.09649985867502886,0.91858184606129,0.0,0.017418153938710032,0.0,0.016249929337514436,0.2712193740154341,0.016249929337514436,-0.2712193740154341,0.9359999999999999,0.03249985867502886,0.016,0.07382400904479816
96.0,-0.9301140444241105,-0.24521010711009142,1.0,-1.0,0.08,-0.064,0.13488786436502376,-1.0,0.08,-0.064,0.13488786436502376,0.91858184606129,0.0,0.017418153938710032,0.0,0.03544393218251188,0.26478463768141836,0.03544393218251188,-0.26478463768141836,0.9359999999999999,0.07088786436502376,0.016,0.07136717668063847
96.25,-0.9088278717728874,-0.24567344338189612,1.0,-1.0,0.08,-0.064,0.17403189948876419,-1.0,0.08,-0.064,0.17403189948876419,0.91858184606129,0.0,0.017418153938710032,0.0,0.05501594974438209,0.2565837167601302,0.05501594974438209,-0.2565837167601302,0.9359999999999999,0.11003189948876418,0.016,0.0688619584327191
96.5,-0.8865308951287015,-0.24569728282390316,1.0,-1.0,0.08,-0.064,0.21406297198230317,-1.0,0.08,-0.064,0.21406297198230317,0.91858184606129,0.0,0.017418153938710032,0.0,0.07503148599115159,0.24631330841652102,0.07503148599115159,-0.24631330841652102,0.9359999999999999,0.15006297198230317,0.016,0.0662999697931326
96.75,-0.8630580171713004,-0.24526695628556275,1.0,-1.0,0.08,-0.064,0.25513085899634347,-1.0,0.08,-0.064,0.25513085899634347,0.91858184606129,0.0,0.017418153938710032,0.0,0.09556542949817173,0.23353559409448485,0.09556542949817173,-0.23353559409448485,0.9359999999999999,0.19113085899634347,0.016,0.06367162502423403
97.0,-0.8382084454100253,-0.24436441074708537,1.0,-1.0,0.08,-0.064,0.2974066020433088,-1.0,0.08,-0.064,0.2974066020433088,0.91858184606129,0.0,0.017418153938710032,0.0,0.11670330102165442,0.21759208855074985,0.11670330102165442,-0.21759208855074985,0.9359999999999999,0.23340660204330882,0.016,0.06096597746922823
97.25,-0.8117358949198488,-0.24296746191064383,1.0,-1.0,0.08,-0.064,0.3410848368986723,-1.0,0.08,-0.064,0.3410848368986723,0.91858184606129,0.0,0.017418153938710032,0.0,0.13854241844933615,0.1974248432409002,0.13854241844933615,-0.1974248432409002,0.9359999999999999,0.2770848368986723,0.016,0.05817057043848497
97.5,-0.7833355367385298,-0.2410488336328515,1.0,-1.0,0.08,-0.064,0.38638543688255944,-1.0,0.08,-0.064,0.38638543688255944,0.91858184606129,0.0,0.017418153938710032,0.0,0.1611927184412797,0.17113807162939088,0.1611927184412797,-0.17113807162939088,0.9359999999999999,0.32238543688255944,0.016,0.055271332039516195
97.75,-0.7526264279302117,-0.2385749111897121,1.0,-1.0,0.08,-0.064,0.4335534599810098,-1.0,0.08,-0.064,0.4335534599810098,0.91858184606129,0.0,0.017418153938710032,0.0,0.18477672999050493,0.1345739150624348,0.18477672999050493,-0.1345739150624348,0.9359999999999999,0.3695534599810098,0.016,0.052252578561215374
98.0,-0.719127605232675,-0.23550410628577906,1.0,-1.0,0.08,-0.064,0.4828554873923179,-1.0,0.08,-0.064,0.4828554873923179,0.91858184606129,0.0,0.017418153938710032,0.0,0.2094277436961589,0.07236897800319982,0.2094277436961589,-0.07236897800319982,0.9359999999999999,0.41885548739231787,0.016,0.04909724880689167
98.25,-0.6822252097275286,-0.23178468968261354,1.0,-1.0,0.08,-0.064,0.5345687632122296,-1.0,0.08,-0.064,0.5345687632122296,0.91858184606129,0.0,0.017418153938710032,0.0,0.3331165903788628,0.0,0.1374521728333668,0.0,0.9359999999999999,0.47056876321222957,0.016,0.045787599154417304
98.5,-0.6411268180561709,-0.22735188625991185,1.0,-1.0,0.08,-0.064,0.5889564031691695,-1.0,0.08,-0.064,0.5889564031691695,0.91858184606129,0.0,0.017418153938710032,0.0,0.42553652277643544,0.0,0.09941988039273403,0.0,0.9359999999999999,0.5249564031691696,0.016,0.04230679019717316
98.75,-0.5947974405160884,-0.22212393862866125,1.0,-1.0,0.08,-0.064,0.6462160047555103,-1.0,0.08,-0.064,0.6462160047555103,0.91858184606129,0.0,0.017418153938710032,0.0,0.5058210512423265,0.0,0.07639495351318387,0.0,0.9359999999999999,0.5822160047555103,0.016,0.038642175695647346
99.0,-0.5418692802877777,-0.21599671775944634,1.0,-1.0,0.08,-0.064,0.7063776830804058,-1.0,0.08,-0.064,0.7063776830804058,0.91858184606129,0.0,0.017418153938710032,0.0,0.582666266277184,0.0,0.05971141680322194,0.0,0.9359999999999999,0.6423776830804058,0.016,0.034791828282854036
99.25,-0.4805144072614703,-0.20883628029508317,1.0,-1.0,0.08,-0.064,0.7691059044141578,-1.0,0.08,-0.064,0.7691059044141578,0.91858184606129,0.0,0.017418153938710032,0.0,0.658357402783641,0.0,0.04674850163051689,0.0,0.9359999999999999,0.7051059044141579,0.016,0.0307772221174939
99.5,-0.4082668639359476,-0.2004685381927984,1.0,-1.0,0.08,-0.064,0.8333181678119065,-1.0,0.08,-0.064,0.8333181678119065,0.91858184606129,0.0,0.017418153938710032,0.0,0.7329333631333017,0.0,0.03638480467860464,0.0,0.9359999999999999,0.7693181678119065,0.016,0.026667637260037992
99.75,-0.3217818458076936,-0.19066495148732757,1.0,-1.0,0.08,-0.064,0.8964564437085937,-1.0,0.08,-0.064,0.8964564437085937,0.91858184606129,0.0,0.017418153938710032,0.0,0.8043250461975779,0.0,0.028131397511015552,0.0,0.9359999999999999,0.8324564437085937,0.016,0.022626787602649998
100.0,-0.21653543723977028,-0.17912304370459034,1.0,-1.0,0.08,-0.064,0.9531124044193815,-1.0,0.08,-0.064,0.9531124044193815,0.91858184606129,0.0,0.017418153938710032,0.0,0.8672019295108713,0.0,0.02191047490851021,0.0,0.9359999999999999,0.8891124044193814,0.016,0.019000806117159586
