param,window_size,window,t,v,w,is_node
true,1,1,0.0,-1.8633893588791945,0.9432517283983279,true
true,1,1,0.1,-1.8759558702077896,0.9279035376962608,false
true,1,1,0.2,-1.8843703767646123,0.9125702907581794,false
true,1,1,0.30000000000000004,-1.8895403034027127,0.8972812532766125,false
true,1,1,0.4,-1.8921938173428048,0.8820589997692619,false
true,1,1,0.5,-1.8929061383743895,0.8669207827157311,false
true,1,1,0.6000000000000001,-1.8921265684857047,0.8518796775104555,false
true,1,1,0.7000000000000001,-1.8902032583503436,0.8369455123096382,false
true,1,1,0.8,-1.887404483947407,0.8221256079675929,false
true,1,1,0.9,-1.8839362025299473,0.8074253584932276,false
true,1,1,1.0,-1.8799561572059242,0.792848681853651,false
true,1,2,1.0,-1.9125323535456933,0.6929179697822198,true
true,1,2,1.1,-1.8919788070934143,0.6789128519904627,false
true,1,2,1.2,-1.874878254698477,0.6651465369099823,false
true,1,2,1.3,-1.8603750597452822,0.6515935634668741,false
true,1,2,1.4,-1.8478444723774397,0.6382344789705532,false
true,1,2,1.5,-1.8368239369041826,0.6250542526563874,false
true,1,2,1.6,-1.8269670948218137,0.6120411494562567,false
true,1,2,1.7000000000000002,-1.818012179524158,0.5991859161311982,false
true,1,2,1.8,-1.8097598260032117,0.5864811844953594,false
true,1,2,1.9,-1.8020572070651308,0.5739210285359968,false
true,1,2,2.0,-1.794786519680844,0.5615006324511278,false
true,1,3,2.0,-1.7850999292832077,0.6076302784956488,true
true,1,3,2.1,-1.7842114863059264,0.5951036257865217,false
true,1,3,2.2,-1.7823760307950463,0.5826678953334029,false
true,1,3,2.3,-1.779786420640394,0.5703292606274748,false
true,1,3,2.4,-1.7765967034180108,0.5580924782103687,false
true,1,3,2.5,-1.7729296359045508,0.5459611752741663,false
true,1,3,2.6,-1.7688828936180596,0.5339380807877114,false
true,1,3,2.7,-1.7645341315649932,0.522025210330698,false
true,1,3,2.8,-1.7599450697116226,0.510224013398996,false
true,1,3,2.9,-1.755164768578279,0.49853549052815777,false
true,1,3,3.0,-1.750232242647644,0.48696028628306137,false
true,1,4,3.0,-1.7222571066428645,0.4630537913263451,true
true,1,4,3.1,-1.7201450238042144,0.45195573600617245,false
true,1,4,3.2,-1.7174048536275033,0.44094791747545004,false
true,1,4,3.3,-1.7141541258694066,0.43003428355645706,false
true,1,4,3.4,-1.7104884531827445,0.41921791002148967,false
true,1,4,3.5,-1.706485517391803,0.4085011645483257,false
true,1,4,3.6,-1.7022083855914871,0.39788584057370224,false
true,1,4,3.7,-1.6977082446304763,0.3873732662297127,false
true,1,4,3.8,-1.693026641395024,0.3769643928080914,false
true,1,4,3.9,-1.6881973094723022,0.3666598664966583,false
true,1,4,4.0,-1.6832476534234415,0.3564600865021319,false
true,1,5,4.0,-1.6694433869581868,0.3723335876818225,true
true,1,5,4.1,-1.6681277380474722,0.3622322161269165,false
true,1,5,4.2,-1.666105214418749,0.3522086881945192,false
true,1,5,4.3,-1.6634971248644457,0.3422676451349811,false
true,1,5,4.4,-1.6604041957550415,0.3324128157350733,false
true,1,5,4.5,-1.656909890795661,0.3226471727097564,false
true,1,5,4.6,-1.6530832714056325,0.31297306347244774,false
true,1,5,4.7,-1.6489814306015824,0.30339231899019337,false
true,1,5,4.8,-1.644651544564748,0.2939063440927855,false
true,1,5,4.9,-1.640132589693595,0.28451619221268537,false
true,1,5,5.0,-1.6354567720000057,0.2752226271339603,false
true,1,6,5.0,-1.6288245859175023,0.2992548548567516,true
true,1,6,5.1,-1.6272417428148995,0.2899447430780318,false
true,1,6,5.2,-1.6250444289094266,0.28070917212717156,false
true,1,6,5.3,-1.6223314246521774,0.2715521609405354,false
true,1,6,5.4,-1.6191857713312174,0.26247697960182975,false
true,1,6,5.5,-1.6156771499702878,0.2534862699293185,false
true,1,6,5.6,-1.6118639552106755,0.24458214754881885,false
true,1,6,5.7,-1.6077950822551756,0.23576628793811547,false
true,1,6,5.8,-1.60351145290482,0.2270399987327654,false
true,1,6,5.9,-1.5990473099111544,0.21840428034584533,false
true,1,6,6.0,-1.5944313090903433,0.209859876705666,false
true,1,7,6.0,-1.6058350378749668,0.1945719033519571,true
true,1,7,6.1,-1.5980376969036278,0.18613845309692656,false
true,1,7,6.2,-1.5905867771922866,0.17781956090122222,false
true,1,7,6.3,-1.5834268007065813,0.16961196188346522,false
true,1,7,6.4,-1.5765118423541187,0.1615128149444846,false
true,1,7,6.5,-1.5698037499378386,0.15351963126018778,false
true,1,7,6.6,-1.5632707242855877,0.14563021592711065,false
true,1,7,6.7,-1.5568861798568068,0.13784262013762327,false
true,1,7,6.8,-1.5506278254780494,0.1301551018327763,false
true,1,7,6.9,-1.5444769190645455,0.1225660932155514,false
true,1,7,7.0,-1.5384176607329532,0.11507417384141345,false
true,1,8,7.0,-1.5177769971566275,0.10912919098280535,true
true,1,8,7.1,-1.5138147108459503,0.10192734741898885,false
true,1,8,7.2,-1.5096605609451332,0.09480382971726786,false
true,1,8,7.3,-1.5053401934697708,0.0877595632686782,false
true,1,8,7.4,-1.5008756676938748,0.08079527772235769,false
true,1,8,7.5,-1.496285958267158,0.07391153478400679,false
true,1,8,7.6,-1.4915873888742868,0.06710875211191832,false
true,1,8,7.7,-1.4867940058181661,0.060387223847510295,false
true,1,8,7.8,-1.481917899219388,0.053747138249713666,false
true,1,8,7.9,-1.4769694787687493,0.04718859284122512,false
true,1,8,8.0,-1.4719577102073764,0.040711607419766774,false
true,1,9,8.0,-1.5900690618540554,0.11831699613929995,true
true,1,9,8.1,-1.5774774419947504,0.11051537246527243,false
true,1,9,8.2,-1.565909737298103,0.1028597219817338,false
true,1,9,8.3,-1.5551998076017184,0.09534163413414982,false
true,1,9,8.4,-1.5452119359942444,0.08795395065980793,false
true,1,9,8.5,-1.5358345000956226,0.08069054140477715,false
true,1,9,8.6,-1.5269751345143217,0.07354612577615303,false
true,1,9,8.7,-1.5185569900007396,0.06651612931443548,false
true,1,9,8.8,-1.5105158103679868,0.059596567592366693,false
true,1,9,8.9,-1.502797626872767,0.05278395158716494,false
true,1,9,9.0,-1.495356924152738,0.04607521007763411,false
true,1,10,9.0,-1.5499533788298938,-0.01777946650168178,true
true,1,10,9.1,-1.5301161688799876,-0.024363406245650445,false
true,1,10,9.2,-1.5121636097532711,-0.03075490271637107,false
true,1,10,9.3,-1.4957884442534453,-0.036968940758511086,false
true,1,10,9.4,-1.4807434838979885,-0.04301820989936742,false
true,1,10,9.5,-1.4668277614478815,-0.048913539832810965,false
true,1,10,9.6,-1.4538763515394595,-0.05466423822130549,false
true,1,10,9.7,-1.4417527683794324,-0.06027835604117217,false
true,1,10,9.8,-1.4303432068220534,-0.06576289836775548,false
true,1,10,9.9,-1.4195521235619577,-0.07112399351717759,false
true,1,10,10.0,-1.4092988069793402,-0.0763670300125321,false
true,1,11,10.0,-1.2920992226910661,-0.08890094643767085,true
true,1,11,10.1,-1.290361504012241,-0.09304872800940506,false
true,1,11,10.2,-1.2883362774161928,-0.09715502875280232,false
true,1,11,10.3,-1.2860450552303564,-0.10121790754872796,false
true,1,11,10.4,-1.2835077288570838,-0.10523560068639078,false
true,1,11,10.5,-1.2807426530115475,-0.10920650813875007,false
true,1,11,10.6,-1.2777667332840694,-0.11312918061212443,false
true,1,11,10.7,-1.2745955148460129,-0.11700230738252608,false
true,1,11,10.8,-1.2712432705949122,-0.12082470491572726,false
true,1,11,10.9,-1.2677230874369487,-0.12459530625614611,false
true,1,11,11.0,-1.2640469497401945,-0.12831315116073355,false
true,1,12,11.0,-1.4110576974651883,-0.09180359111046274,true
true,1,12,11.1,-1.3996434609358552,-0.09684225725835058,false
true,1,12,11.2,-1.3887986183826104,-0.10176008062010368,false
true,1,12,11.3,-1.378451800363489,-0.10656208032334383,false
true,1,12,11.4,-1.3685419645532793,-0.11125271686622264,false
true,1,12,11.5,-1.3590166369556875,-0.11583597075605748,false
true,1,12,11.6,-1.3498304963723669,-0.12031540804883571,false
true,1,12,11.7,-1.3409442264102902,-0.12469423529382567,false
true,1,12,11.8,-1.3323235778694986,-0.12897534584574558,false
true,1,12,11.9,-1.3239385979299818,-0.13316135909557358,false
true,1,12,12.0,-1.3157629925974252,-0.1372546538557032,false
true,1,13,12.0,-1.263538817630297,-0.19040445285425286,true
true,1,13,12.1,-1.253736373239398,-0.1936443787522077,false
true,1,13,12.2,-1.2441687236425525,-0.1967864214145644,false
true,1,13,12.3,-1.2348102247182735,-0.19983297332642921,false
true,1,13,12.4,-1.2256379845389986,-0.2027862184724855,false
true,1,13,12.5,-1.216631482405023,-0.2056481540509432,false
true,1,13,12.6,-1.2077722463787905,-0.2084206092521289,false
true,1,13,12.7,-1.199043578972449,-0.2111052615441341,false
true,1,13,12.8,-1.190430322666081,-0.21370365083101608,false
true,1,13,12.9,-1.1819186585210564,-0.21621719178693455,false
true,1,13,13.0,-1.173495932405136,-0.2186471846191507,false
true,1,14,13.0,-1.0819874770978348,-0.18226222623284566,true
true,1,14,13.1,-1.079662828463501,-0.18413643430572987,false
true,1,14,13.2,-1.077192015839612,-0.18597956168448568,false
true,1,14,13.3,-1.0745792264836598,-0.18779065791882338,false
true,1,14,13.4,-1.071828445372477,-0.1895688112080069,false
true,1,14,13.5,-1.0689434520820458,-0.19131314652811435,false
true,1,14,13.6,-1.0659278185547056,-0.1930228237500059,false
true,1,14,13.7,-1.0627849076081994,-0.19469703575454742,false
true,1,14,13.8,-1.0595178720510512,-0.19633500655047564,false
true,1,14,13.9,-1.0561296542785141,-0.1979359893992145,false
true,1,14,14.0,-1.052622986232622,-0.1994992649499602,false
true,1,15,14.0,-1.1910381754546808,-0.21601570124039943,true
true,1,15,14.1,-1.182276162170773,-0.21851833219268715,false
true,1,15,14.2,-1.1736147192373811,-0.22093553550569536,false
true,1,15,14.3,-1.1650409922820881,-0.22326860614174593,false
true,1,15,14.4,-1.1565431305533374,-0.2255187323945258,false
true,1,15,14.5,-1.1481101554795328,-0.2276870040365622,false
true,1,15,14.6,-1.1397318454302305,-0.22977441943306162,false
true,1,15,14.7,-1.131398634144923,-0.2317818917474898,false
true,1,15,14.8,-1.123101520706979,-0.23371025434496068,false
true,1,15,14.9,-1.1148319892752685,-0.23556026548328332,false
true,1,15,15.0,-1.1065819370591419,-0.23733261236781544,false
true,1,16,15.0,-0.9992594354586194,-0.22520959230785323,true
true,1,16,15.1,-0.9933567455268221,-0.2261357881109544,false
true,1,16,15.2,-0.9873561942103023,-0.22700861506087688,false
true,1,16,15.3,-0.9812558181011756,-0.22782762557778838,false
true,1,16,15.4,-0.9750533802500034,-0.228592358195493,false
true,1,16,15.5,-0.9687463585210916,-0.2293023354232537,false
true,1,16,15.6,-0.9623319322916558,-0.2299570615218719,false
true,1,16,15.7,-0.9558069673549554,-0.2305560201808179,false
true,1,16,15.8,-0.9491679988689082,-0.23109867208210155,false
true,1,16,15.9,-0.9424112121706306,-0.23158445233531771,false
true,1,16,16.0,-0.9355324212534389,-0.23201276776687474,false
true,1,17,16.0,-1.0106424918719998,-0.2400089056645974,true
true,1,17,16.1,-1.003256587403204,-0.24092553137724987,false
true,1,17,16.2,-0.9957870932166888,-0.2417770802071617,false
true,1,17,16.3,-0.9882293659911896,-0.24256328238302388,false
true,1,17,16.4,-0.9805784756498316,-0.2432838316979139,false
true,1,17,16.5,-0.9728291803520267,-0.24393838335666596,false
true,1,17,16.6,-0.9649758991517764,-0.24452655162840609,false
true,1,17,16.7,-0.9570126820471184,-0.24504790728580844,false
true,1,17,16.8,-0.9489331771111896,-0.24550197481041824,false
true,1,17,16.9,-0.9407305943561017,-0.24588822934089657,false
true,1,17,17.0,-0.9323976659357718,-0.24620609333823343,false
true,1,18,17.0,-0.9018255292404656,-0.23010134967109616,true
true,1,18,17.1,-0.8944736620663161,-0.23021360904752924,false
true,1,18,17.2,-0.8869649826515661,-0.23026590387615667,false
true,1,18,17.3,-0.8792921693436065,-0.23025733740090187,false
true,1,18,17.4,-0.8714472537877557,-0.23018695765396693,false
true,1,18,17.5,-0.8634215654980031,-0.23005375243374945,false
true,1,18,17.6,-0.8552056699942743,-0.229856643847598,false
true,1,18,17.7,-0.8467892997057446,-0.22959448236775482,false
true,1,18,17.8,-0.8381612767244071,-0.22926604034233175,false
true,1,18,17.9,-0.8293094263597102,-0.2288700048957134,false
true,1,18,18.0,-0.8202204802905826,-0.22840497014423256,false
true,1,19,18.0,-0.9647101026005018,-0.21871055210624862,true
true,1,19,18.1,-0.9593280135767263,-0.21940478318114764,false
true,1,19,18.2,-0.9538355314822948,-0.2200512266872754,false
true,1,19,18.3,-0.9482307458813392,-0.22064929972175754,false
true,1,19,18.4,-0.9425114641182111,-0.2211984067478938,false
true,1,19,18.5,-0.9366751975007938,-0.2216979373711017,false
true,1,19,18.6,-0.9307191458368,-0.22214726401239818,false
true,1,19,18.7,-0.9246401801577411,-0.22254573946629094,false
true,1,19,18.8,-0.9184348234458396,-0.22289269432864098,false
true,1,19,18.9,-0.912099229156947,-0.2231874342785902,false
true,1,19,19.0,-0.9056291573071156,-0.22342923719700022,false
true,1,20,19.0,-0.7223108092923511,-0.2328411026619706,true
true,1,20,19.1,-0.7084289001247311,-0.23147854500219953,false
true,1,20,19.2,-0.6939828333304947,-0.23001175802017737,false
true,1,20,19.3,-0.6789240356221918,-0.22843671727343332,false
true,1,20,19.4,-0.6631985730205205,-0.22674901568669756,false
true,1,20,19.5,-0.6467464482175744,-0.22494382050371,false
true,1,20,19.6,-0.6295007944514972,-0.22301582450729854,false
true,1,20,19.7,-0.6113869500279163,-0.22095919065708605,false
true,1,20,19.8,-0.5923213954845916,-0.21876748916463484,false
true,1,20,19.9,-0.5722105332039085,-0.2164336258797649,false
true,1,20,20.0,-0.5509492871960188,-0.2139497606994624,false
true,1,21,20.0,-0.6431483126570812,-0.2665967412024393,true
true,1,21,20.1,-0.6214042902029236,-0.2643565365495311,false
true,1,21,20.2,-0.5985226998817563,-0.2619527627496591,false
true,1,21,20.3,-0.5743811369158851,-0.25937691285743747,false
true,1,21,20.4,-0.5488417020510233,-0.25661949763059994,false
true,1,21,20.5,-0.5217487653670536,-0.25366991950589496,false
true,1,21,20.6,-0.49292642439900647,-0.25051632834213006,false
true,1,21,20.7,-0.46217563770511566,-0.24714545652665806,false
true,1,21,20.8,-0.4292710300976658,-0.24354243096030354,false
true,1,21,20.9,-0.3939573930877299,-0.23969055952041116,false
true,1,21,21.0,-0.3559459505827811,-0.23557108997472925,false
true,1,22,21.0,-0.19318488567826045,-0.2346057570064451,true
true,1,22,21.1,-0.13637337014282855,-0.22884402704024895,false
true,1,22,21.2,-0.0743334934665957,-0.2226455196599611,false
true,1,22,21.3,-0.006486620601699522,-0.21596903576263007,false
true,1,22,21.4,0.06776044486507657,-0.20876895003799864,false
true,1,22,21.5,0.14898276850443132,-0.20099524290068896,false
true,1,22,21.6,0.23768584197726972,-0.1925938641766251,false
true,1,22,21.7,0.33423016461561095,-0.18350759719890247,false
true,1,22,21.8,0.4387283800889561,-0.1736776272443366,false
true,1,22,21.9,0.5509166565726955,-0.16304602686309197,false
true,1,22,22.0,0.6700121578989072,-0.15155931898466868,false
true,1,23,22.0,0.37424191013992003,-0.12125044122358931,true
true,1,23,22.1,0.4757399898852958,-0.11151017384843312,false
true,1,23,22.2,0.5843188794326052,-0.10099400059081748,false
true,1,23,22.3,0.6991235708978787,-0.08965345219784074,false
true,1,23,22.4,0.8187034603457327,-0.07744951045176729,false
true,1,23,22.5,0.9409694424051106,-0.06435752319958093,false
true,1,23,22.6,1.0632545070544415,-0.050372044378997435,false
true,1,23,22.7,1.1825073816335008,-0.03551063852089725,false
true,1,23,22.8,1.2956103565328774,-0.01981559831458251,false
true,1,23,22.9,1.39976073387169,-0.003352806290944029,false
true,1,23,23.0,1.4928174804101286,0.013792369598285142,false
true,1,24,23.0,1.5769201481536128,0.050409116841059046,true
true,1,24,23.1,1.6426787055163383,0.0685153653419564,false
true,1,24,23.2,1.696517986016947,0.08698237857531067,false
true,1,24,23.3,1.7394688610396023,0.1057166476925927,false
true,1,24,23.4,1.772858610181026,0.12463481148979817,false
true,1,24,23.5,1.7981127030222783,0.14366513100315365,false
true,1,24,23.6,1.8166128528168815,0.16274759215866855,false
true,1,24,23.7,1.8296119331090865,0.1818331075121135,false
true,1,24,23.8,1.8381946414826944,0.20088223647191192,false
true,1,24,23.9,1.8432695327075,0.2198637346161182,false
true,1,24,24.0,1.845579610471871,0.2387531302885657,false
true,1,25,24.0,1.9617290694410625,0.25246077763057184,true
true,1,25,24.1,1.9340544660963177,0.27196172759299586,false
true,1,25,24.2,1.9113290015629925,0.2911383765704873,false
true,1,25,24.3,1.892231746806944,0.3100266765221156,false
true,1,25,24.4,1.875827278574598,0.32865345846400607,false
true,1,25,24.5,1.8614409651506287,0.34703902884959886,false
true,1,25,24.6,1.8485790817659742,0.3651989493775323,false
true,1,25,24.7,1.8368759673893966,0.38314528501554324,false
true,1,25,24.8,1.8260581260706603,0.40088749534603,false
true,1,25,24.9,1.8159192951990748,0.41843308077861596,false
true,1,25,25.0,1.806302809962438,0.4357880568544217,false
true,1,26,25.0,1.8148749530157198,0.43863009130384323,true
true,1,26,25.1,1.803670827410016,0.4558413093025295,false
true,1,26,25.2,1.793195147612819,0.47285641211012064,false
true,1,26,25.3,1.7832838031090197,0.4896817758341283,false
true,1,26,25.4,1.7738105898828673,0.5063225857073813,false
true,1,26,25.5,1.7646778935400051,0.5227831068694888,false
true,1,26,25.6,1.7558098152784984,0.5390668894225161,false
true,1,26,25.7,1.747147051400686,0.555176924738682,false
true,1,26,25.8,1.7386430476578225,0.5711157652909081,false
true,1,26,25.9,1.730261090534113,0.5868856169799722,false
true,1,26,26.0,1.721972093589784,0.6024884105872689,false
true,1,27,26.0,1.8816980462462976,0.572213782585656,true
true,1,27,26.1,1.8445069236801683,0.5889975119624914,false
true,1,27,26.2,1.8137945316847577,0.6054047405507463,false
true,1,27,26.3,1.7879233067356965,0.6214826143104479,false
true,1,27,26.4,1.7657285625840784,0.6372669379893078,false
true,1,27,26.5,1.746362305452005,0.6527853448789581,false
true,1,27,26.6,1.7291951832269294,0.6680594541016772,false
true,1,27,26.7,1.7137526466142998,0.6831063802779731,false
true,1,27,26.8,1.699672085291435,0.6979398147309224,false
true,1,27,26.9,1.6866732824815889,0.7125708149978569,false
true,1,27,27.0,1.6745375867035832,0.7270083908563807,false
true,1,28,27.0,1.6367064491153536,0.7512891080947524,true
true,1,28,27.1,1.629047260785278,0.7650996688704804,false
true,1,28,27.2,1.6212894357588319,0.778760644830599,false
true,1,28,27.3,1.613443651258226,0.7922722478892128,false
true,1,28,27.4,1.6055184266780622,0.8056347648485462,false
true,1,28,27.5,1.597520519017876,0.8188485413489528,false
true,1,28,27.6,1.5894552413710104,0.8319139687563488,false
true,1,28,27.7,1.5813267196090923,0.8448314734174055,false
true,1,28,27.8,1.573138099386766,0.8576015078247227,false
true,1,28,27.9,1.564891713171048,0.8702245433238021,false
true,1,28,28.0,1.5565892150610317,0.8827010640653473,false
true,1,29,28.0,1.6067854467648863,0.8468212909895946,true
true,1,29,28.1,1.5948028698651657,0.8597660843868187,false
true,1,29,28.2,1.5833428575398456,0.8725348979252514,false
true,1,29,28.3,1.572308766620522,0.8851326225860104,false
true,1,29,28.4,1.5616215768196955,0.8975634205204295,false
true,1,29,28.5,1.5512162946070784,0.909830855266515,false
true,1,29,28.6,1.5410391584247711,0.9219379958087535,false
true,1,29,28.7,1.5310454484945526,0.9338875002112301,false
true,1,29,28.8,1.5211977575063491,0.9456816831727309,false
true,1,29,28.9,1.511464615896507,0.9573225708365661,false
true,1,29,29.0,1.5018193922046552,0.9688119454316895,false
true,1,30,29.0,1.480476467441037,0.9722651948155796,true
true,1,30,29.1,1.4730142062686957,0.9834210478711015,false
true,1,30,29.2,1.465328985736268,0.9944453192145862,false
true,1,30,29.3,1.4574412791164617,1.0053371544342102,false
true,1,30,29.4,1.4493681915881342,1.0160958540426053,false
true,1,30,29.5,1.4411239401724405,1.026720847598171,false
true,1,30,29.6,1.4327202600680597,1.0372116715174449,false
true,1,30,29.7,1.4241667479470208,1.047567950011147,false
true,1,30,29.8,1.4154711514055,1.0577893786588457,false
true,1,30,29.9,1.4066396125031402,1.0678757102084857,false
true,1,30,30.0,1.3976768721884834,1.077826742248315,false
true,1,31,30.0,1.3893349327888949,1.0892822957322503,true
true,1,31,30.1,1.37989720301335,1.0989568536063923,false
true,1,31,30.2,1.3703567450708356,1.1084940224505284,false
true,1,31,30.3,1.360711501561573,1.1178938516422543,false
true,1,31,30.4,1.3509589611324848,1.1271563720121454,false
true,1,31,30.5,1.3410961751783133,1.1362815924132967,false
true,1,31,30.6,1.3311197680057276,1.1452694964193697,false
true,1,31,30.7,1.3210259410835465,1.1541200391007898,false
true,1,31,30.8,1.3108104718524831,1.1628331438334185,false
true,1,31,30.9,1.3004687074368917,1.1714086990975587,false
true,1,31,31.0,1.2899955534847107,1.1798465552276747,false
true,1,32,31.0,1.3515776276365816,1.1572966677257217,true
true,1,32,31.1,1.3387803570805088,1.1662226572357333,false
true,1,32,31.2,1.3261073674015122,1.1749901725030136,false
true,1,32,31.3,1.313523318160406,1.1836010718499044,false
true,1,32,31.4,1.3009965401142476,1.1920569350567487,false
true,1,32,31.5,1.2884983730831314,1.2003590916931584,false
true,1,32,31.6,1.2760026096930885,1.2085086444269766,false
true,1,32,31.7,1.263485023552296,1.2165064880983432,false
true,1,32,31.8,1.250922964830566,1.2243533251886656,false
true,1,32,31.9,1.2382950095767722,1.2320496781885082,false
true,1,32,32.0,1.225580651686464,1.2395958992669613,false
true,1,33,32.0,1.194493791554082,1.2388101102042406,true
true,1,33,32.1,1.1831288747918935,1.2459693976602173,false
true,1,33,32.2,1.1715140727058506,1.252991390558742,false
true,1,33,32.3,1.1596411993047824,1.25987494029579,false
true,1,33,32.4,1.1475007080855064,1.2666188349153842,false
true,1,33,32.5,1.1350816388927512,1.2732217884635457,false
true,1,33,32.6,1.1223715474362772,1.27968242991777,false
true,1,33,32.7,1.1093564164064278,1.2859992915524332,false
true,1,33,32.8,1.0960205467718345,1.2921707965915814,false
true,1,33,32.9,1.0823464274459853,1.298195245988656,false
true,1,33,33.0,1.068314581062323,1.3040708041575209,false
true,1,34,33.0,0.9895522877601498,1.337056712381783,true
true,1,34,33.1,0.972229574613505,1.3419313560786297,false
true,1,34,33.2,0.9543311099725822,1.346634495152076,false
true,1,34,33.3,0.9358081205539992,1.3511624410963017,false
true,1,34,33.4,0.9166064472080535,1.3555111189634923,false
true,1,34,33.5,0.8966657913867572,1.3596760239455106,false
true,1,34,33.6,0.8759188415875467,1.3636521717575034,false
true,1,34,33.7,0.8542902584249835,1.3674340418230175,false
true,1,34,33.8,0.8316954931278475,1.3710155120813456,false
true,1,34,33.9,0.8080394098002686,1.3743897840269816,false
true,1,34,34.0,0.7832146767125433,1.377549296343557,false
true,1,35,34.0,0.900606726609432,1.3980638159469712,true
true,1,35,34.1,0.8760745312286883,1.4018114172622804,false
true,1,35,34.2,0.8505967743673103,1.4053357779928988,false
true,1,35,34.3,0.8240583283733958,1.4086303305549446,false
true,1,35,34.4,0.7963308202274857,1.41168757973496,false
true,1,35,34.5,0.7672703287538306,1.414498994015424,false
true,1,35,34.6,0.7367147155562928,1.4170548778079257,false
true,1,35,34.7,0.7044805269989367,1.419344221548271,false
true,1,35,34.8,0.6703594004440381,1.4213545261092502,false
true,1,35,34.9,0.6341139078317197,1.42307159747262,false
true,1,35,35.0,0.5954727773618711,1.4244793071178534,false
true,1,36,35.0,0.6474564028430315,1.3544978114305821,true
true,1,36,35.1,0.6167007620600041,1.356480534300959,false
true,1,36,35.2,0.5837869212960894,1.3581968885353983,false
true,1,36,35.3,0.5484661844870586,1.3596303929994351,false
true,1,36,35.4,0.5104532073607696,1.3607625455981027,false
true,1,36,35.5,0.4694206221231102,1.361572522814083,false
true,1,36,35.6,0.4249932009911382,1.3620368363576165,false
true,1,36,35.7,0.37674178807308467,1.3621289443259206,false
true,1,36,35.8,0.3241774532142625,1.3618188169380536,false
true,1,36,35.9,0.26674668226944087,1.3610724618581564,false
true,1,36,36.0,0.20382898110899572,1.3598514226696279,false
true,1,37,36.0,-6.558618530540933e-5,1.3823640875773282,true
true,1,37,36.1,-0.09268502577811874,1.3787630137098414,false
true,1,37,36.2,-0.19452166652765052,1.3744099695654006,false
true,1,37,36.3,-0.3061165299652547,1.3692339233489956,false
true,1,37,36.4,-0.4276705602044071,1.363161217870542,false
true,1,37,36.5,-0.5588393005267387,1.356119090731494,false
true,1,37,36.6,-0.6985002694266038,1.3480409410746983,false
true,1,37,36.7,-0.8445452580383352,1.3388733655730345,false
true,1,37,36.8,-0.9937860092600143,1.3285844219914449,false
true,1,37,36.9,-1.1420780906451466,1.317171786886824,false
true,1,37,37.0,-1.2847298547254538,1.304668751965535,false
true,1,38,37.0,-1.268700902381726,1.3447176364891125,true
true,1,38,37.1,-1.4062041550554383,1.3310468600237992,false
true,1,38,37.2,-1.5296050624633835,1.3164207462237012,false
true,1,38,37.3,-1.6361967499123156,1.300969732694933,false
true,1,38,37.4,-1.7249512299512455,1.2848383422438137,false
true,1,38,37.5,-1.7963735746848335,1.2681720405911316,false
true,1,38,37.6,-1.8520756701436525,1.251106585874838,false
true,1,38,37.7,-1.8942680995203778,1.2337612994904803,false
true,1,38,37.8,-1.9253251525620316,1.2162362147034167,false
true,1,38,37.9,-1.9474908941675455,1.1986121667285807,false
true,1,38,38.0,-1.9627239109004546,1.1809526555598275,false
true,1,39,38.0,-1.9261160738091783,1.1447997669400989,true
true,1,39,38.1,-1.9418706504372114,1.1276519479303022,false
true,1,39,38.2,-1.9523191438851626,1.110510000611888,false
true,1,39,38.3,-1.9587165430799498,1.0934110001075255,false
true,1,39,38.4,-1.9620492743108948,1.0763828756890208,false
true,1,39,38.5,-1.9630783651722794,1.0594464417725884,false
true,1,39,38.6,-1.9623833466041318,1.0426170636929064,false
true,1,39,38.7,-1.9604015867090656,1.025905978839859,false
true,1,39,38.8,-1.9574611709292569,1.0093213209620888,false
true,1,39,38.9,-1.9538072466842926,0.9928689021248114,false
true,1,39,39.0,-1.9496225608391482,0.9765528033915771,false
true,1,40,39.0,-2.109821601590168,1.0155080787267945,true
true,1,40,39.1,-2.0661802270239233,0.9979697679149531,false
true,1,40,39.2,-2.0332539983450526,0.9808458902996091,false
true,1,40,39.3,-2.0077437078832374,0.9640624728899844,false
true,1,40,39.4,-1.9874752002240141,0.9475674594415238,false
true,1,40,39.5,-1.9709710609201725,0.9313234722809863,false
true,1,40,39.6,-1.9572036859760196,0.9153032333859569,false
true,1,40,39.7,-1.9454454223524114,0.8994865583635263,false
true,1,40,39.8,-1.935173775925754,0.8838583251935155,false
true,1,40,39.9,-1.9260094094251765,0.8684070702029734,false
true,1,40,40.0,-1.917674473392274,0.8531240000906962,false
true,1,41,40.0,-1.9877320457334957,0.8430275535219565,true
true,1,41,40.1,-1.9621168701591236,0.8274865836367132,false
true,1,41,40.2,-1.9415202789984896,0.8122279239644573,false
true,1,41,40.3,-1.9245879676004514,0.7972154804690098,false
true,1,41,40.4,-1.9103639763435938,0.7824224919832508,false
true,1,41,40.5,-1.8981613818392264,0.7678288499676705,false
true,1,41,40.6,-1.8874795745515227,0.7534192643252005,false
true,1,41,40.7,-1.8779495863592817,0.7391819796016125,false
true,1,41,40.8,-1.869296975428032,0.7251078600424582,false
true,1,41,40.9,-1.8613160686259027,0.7111897279641978,false
true,1,41,41.0,-1.8538517589949988,0.6974218796166805,false
true,1,42,41.0,-1.8611237669245497,0.6829137695078156,true
true,1,42,41.1,-1.8512011489725049,0.6693380643267507,false
true,1,42,41.2,-1.8422190408898191,0.6559241769188331,false
true,1,42,41.3,-1.8339633580362136,0.6426644687924268,false
true,1,42,41.4,-1.8262713416048526,0.6295528424358073,false
true,1,42,41.5,-1.8190185562278818,0.6165843768605287,false
true,1,42,41.6,-1.8121094045243327,0.6037550542955542,false
true,1,42,41.7,-1.8054701318591724,0.5910615537697317,false
true,1,42,41.8,-1.7990436204660185,0.5785010942678969,false
true,1,42,41.9,-1.7927854854260963,0.5660713149355053,false
true,1,42,42.0,-1.786661127828236,0.5537701831671287,false
true,1,43,42.0,-1.7942077594802224,0.5350262260116185,true
true,1,43,42.1,-1.7850243179134295,0.522924477171573,false
true,1,43,42.2,-1.776564297716343,0.5109701639548379,false
true,1,43,42.3,-1.7686764443481757,0.49915720600647134,false
true,1,43,42.4,-1.7612429804800762,0.487480628281702,false
true,1,43,42.5,-1.7541717427227113,0.4759363199568351,false
true,1,43,42.6,-1.747390297356417,0.4645208492580731,false
true,1,43,42.7,-1.7408414958813072,0.45323132035112457,false
true,1,43,42.8,-1.7344800913045897,0.44206526214099934,false
true,1,43,42.9,-1.728270144355023,0.431020541459608,false
true,1,43,43.0,-1.7221830234371898,0.42009529501051907,false
true,1,44,43.0,-1.7447806115570708,0.4534550130272823,true
true,1,44,43.1,-1.737715717592955,0.44225902161188435,false
true,1,44,43.2,-1.7309349020905471,0.43118961976832804,false
true,1,44,43.3,-1.7243833431652655,0.4202439617254905,false
true,1,44,43.4,-1.7180174040317382,0.4094196105939109,false
true,1,44,43.5,-1.7118022399670576,0.39871445652351145,false
true,1,44,43.6,-1.7057099440910628,0.38812665221702625,false
true,1,44,43.7,-1.699718103273478,0.37765456193092245,false
true,1,44,43.8,-1.6938086683678837,0.3672967210080652,false
true,1,44,43.9,-1.6879670668006597,0.3570518036690813,false
true,1,44,44.0,-1.6821815030098586,0.3469185973045615,false
true,1,45,44.0,-1.7288396746453414,0.3228136970888296,true
true,1,45,44.1,-1.7128589743926221,0.31261504173740157,false
true,1,45,44.2,-1.698770897381497,0.302601050091277,false
true,1,45,44.3,-1.6862002836719228,0.2927570122775464,false
true,1,45,44.4,-1.6748547488106846,0.28307095752416006,false
true,1,45,44.5,-1.6645041681169914,0.27353306305953146,false
true,1,45,44.6,-1.6549658842293966,0.2641352060826508,false
true,1,45,44.7,-1.6460938539414918,0.2548706198830548,false
true,1,45,44.8,-1.6377705631234967,0.24573362702431603,false
true,1,45,44.9,-1.629900922866388,0.23671943036781806,false
true,1,45,45.0,-1.622407607101549,0.22782394805433917,false
true,1,46,45.0,-1.703618853389809,0.23555331334618995,true
true,1,46,45.1,-1.684123073458876,0.22612688352327276,false
true,1,46,45.2,-1.6670483754891472,0.2169060382381331,false
true,1,46,45.3,-1.6519219835485963,0.207872127459916,false
true,1,46,45.4,-1.6383766051438589,0.19900994797188123,false
true,1,46,45.5,-1.626123461627418,0.19030699418393726,false
true,1,46,45.6,-1.6149331568376235,0.18175289540229342,false
true,1,46,45.7,-1.604621835123905,0.1733389868027106,false
true,1,46,45.8,-1.5950409907667384,0.16505797807757203,false
true,1,46,45.9,-1.586069849545462,0.1569036946133396,false
true,1,46,46.0,-1.577609595276691,0.14887087331183382,false
true,1,47,46.0,-1.6183562625858707,0.1691464288348624,true
true,1,47,46.1,-1.6063773480430468,0.1607924895834663,false
true,1,47,46.2,-1.5953841752137818,0.1525833135348341,false
true,1,47,46.3,-1.5852111309238461,0.144510800634879,false
true,1,47,46.4,-1.5757236152911083,0.13656809442926865,false
true,1,47,46.5,-1.5668115153371192,0.1287493540621333,false
true,1,47,46.6,-1.5583842240985508,0.12104957328160904,false
true,1,47,46.7,-1.5503667953907248,0.11346443556036119,false
true,1,47,46.8,-1.5426969447079613,0.10599019726520863,false
true,1,47,46.9,-1.5353226885036697,0.0986235928233645,false
true,1,47,47.0,-1.5282004706026355,0.09136175728908837,false
true,1,48,47.0,-1.5201002214618742,0.036381447564707035,true
true,1,48,47.1,-1.5090534384186898,0.02965409347092851,false
true,1,48,47.2,-1.4987060594710893,0.02305488359521642,false
true,1,48,47.3,-1.4889565749579787,0.01657784053064888,false
true,1,48,47.4,-1.479720149569734,0.010217765591658616,false
true,1,48,47.5,-1.470925495194567,0.003970113865399504,false
true,1,48,47.6,-1.4625124088765316,-0.0021691077802966736,false
true,1,48,47.7,-1.4544298168187686,-0.008203424514614581,false
true,1,48,47.8,-1.4466342075802134,-0.014135962848658305,false
true,1,48,47.9,-1.4390883675697286,-0.01996950826017463,false
true,1,48,48.0,-1.4317603534847985,-0.025706553350295144,false
true,1,49,48.0,-1.4825948353563436,0.003065157449063133,true
true,1,49,48.1,-1.472806621153126,-0.0031557380471760425,false
true,1,49,48.2,-1.4635170392494343,-0.009260930406903227,false
true,1,49,48.3,-1.45465839932646,-0.015254856363099787,false
true,1,49,48.4,-1.4461733263205838,-0.021141427051731818,false
true,1,49,48.5,-1.4380129684471108,-0.02692410620617096,false
true,1,49,48.6,-1.4301355570297363,-0.032605975026207136,false
true,1,49,48.7,-1.4225052405451086,-0.038189786287685934,false
true,1,49,48.8,-1.4150911343,-0.043678009703577735,false
true,1,49,48.9,-1.4078665410599736,-0.04907287012561262,false
true,1,49,49.0,-1.4008083082292737,-0.0543763798522261,false
true,1,50,49.0,-1.4027239792803257,-0.049297304264769075,true
true,1,50,49.1,-1.3961195236595918,-0.05456021697367551,false
true,1,50,49.2,-1.3896151406064523,-0.059737295680117534,false
true,1,50,49.3,-1.3831987256527596,-0.06482983663087152,false
true,1,50,49.4,-1.3768596366955745,-0.0698390372591216,false
true,1,50,49.5,-1.3705884920868237,-0.07476600764852677,false
true,1,50,49.6,-1.364376998957407,-0.0796117804383542,false
true,1,50,49.7,-1.3582178068017687,-0.08437731940021109,false
true,1,50,49.8,-1.352104382244081,-0.08906352687947623,false
true,1,50,49.9,-1.346030901626134,-0.0936712502637468,false
true,1,50,50.0,-1.3399921586375068,-0.09820128761518633,false
true,1,51,50.0,-1.3869063110229458,-0.06364603188435047,true
true,1,51,50.1,-1.3803563162347994,-0.068691494218767,false
true,1,51,50.2,-1.373894960792824,-0.07365289738176,false
true,1,51,50.3,-1.3675116221012775,-0.07853144120025385,false
true,1,51,50.4,-1.3611969162294144,-0.08332823820159799,false
true,1,51,50.5,-1.3549425307965612,-0.0880443233634726,false
true,1,51,50.6,-1.3487410822373258,-0.09268066256911761,false
true,1,51,50.7,-1.34258599353421,-0.09723815995443799,false
true,1,51,50.8,-1.3364713891911424,-0.10171766430398466,false
true,1,51,50.9,-1.3303920047760682,-0.10611997462836961,false
true,1,51,51.0,-1.3243431088112083,-0.11044584503538164,false
true,1,52,51.0,-1.1794149396292974,-0.09413400672752986,true
true,1,52,51.1,-1.1830223517161225,-0.09737125428786075,false
true,1,52,51.2,-1.1861708715331198,-0.10061477513775785,false
true,1,52,51.3,-1.1888758879175472,-0.10386093076814082,false
true,1,52,51.4,-1.1911534262838255,-0.1071062312864908,false
true,1,52,51.5,-1.1930199395118086,-0.11034733869629801,false
true,1,52,51.6,-1.1944921203710759,-0.11358106857370003,false
true,1,52,51.7,-1.1955867356179244,-0.11680439032422024,false
true,1,52,51.8,-1.196320481358697,-0.12001442620019226,false
true,1,52,51.9,-1.1967098588461584,-0.12320844925328464,false
true,1,52,52.0,-1.196771069556257,-0.12638388038743978,false
true,1,53,52.0,-1.1473480094925947,-0.14396331576208282,true
true,1,53,52.1,-1.1472094891180526,-0.14661186918061167,false
true,1,53,52.2,-1.1468154873246046,-0.14924139499249126,false
true,1,53,52.3,-1.1461758703604172,-0.15185001676861867,false
true,1,53,52.4,-1.1453002931889962,-0.15443594791131995,false
true,1,53,52.5,-1.1441981636844774,-0.15699748924906698,false
true,1,53,52.6,-1.1428786131570015,-0.15953302638667807,false
true,1,53,52.7,-1.1413504726121635,-0.16204102686066185,false
true,1,53,52.8,-1.1396222541550745,-0.16452003714431254,false
true,1,53,52.9,-1.1377021369665803,-0.16696867954224187,false
true,1,53,53.0,-1.1355979573041235,-0.1693856490093087,false
true,1,54,53.0,-1.0873921030985116,-0.18171131188267295,true
true,1,54,53.1,-1.085026509220453,-0.18363197085568883,false
true,1,54,53.2,-1.0825136572681804,-0.18552092178080867,false
true,1,54,53.3,-1.0798579293429693,-0.18737721027253473,false
true,1,54,53.4,-1.0770634912490087,-0.18919992211735712,false
true,1,54,53.5,-1.0741342901319222,-0.1909881812825441,false
true,1,54,53.6,-1.0710740530187646,-0.19274114792250868,false
true,1,54,53.7,-1.0678862861047158,-0.19445801638933066,false
true,1,54,53.8,-1.0645742746433196,-0.19613801325278266,false
true,1,54,53.9,-1.0611410833082846,-0.19778039533407848,false
true,1,54,54.0,-1.0575895569054286,-0.19938444775652575,false
true,1,55,54.0,-1.1258507196259466,-0.22501103319851593,true
true,1,55,54.1,-1.1183668838195098,-0.22694161603475738,false
true,1,55,54.2,-1.1108812640383416,-0.22880019947813726,false
true,1,55,54.3,-1.1033886502456873,-0.2305872077344897,false
true,1,55,54.4,-1.0958839618275493,-0.23230302129436245,false
true,1,55,54.5,-1.0883622161541657,-0.23394797811716128,false
true,1,55,54.6,-1.0808184989495897,-0.23552237456450492,false
true,1,55,54.7,-1.073247936107024,-0.2370264660973391,false
true,1,55,54.8,-1.0656456666196217,-0.23846046774850868,false
true,1,55,54.9,-1.0580068163219396,-0.2398245543798839,false
true,1,55,55.0,-1.0503264721569188,-0.2411188607307303,false
true,1,56,55.0,-1.0522402265941209,-0.25143763829231175,true
true,1,56,55.1,-1.0434706242501115,-0.2526075164838441,false
true,1,56,55.2,-1.034665958634831,-0.2536998639620744,false
true,1,56,55.3,-1.0258181685375611,-0.2547148635738177,false
true,1,56,55.4,-1.0169191360091205,-0.2556526325219106,false
true,1,56,55.5,-1.0079606372072354,-0.2565132221352492,false
true,1,56,55.6,-0.9989342930766185,-0.2572966172480394,false
true,1,56,55.7,-0.9898315192848341,-0.258002735187122,false
true,1,56,55.8,-0.9806434748337449,-0.2586314243616249,false
true,1,56,55.9,-0.9713610087541603,-0.2591824624445668,false
true,1,56,56.0,-0.9619746042681876,-0.2596555541312917,false
true,1,57,56.0,-0.9270933712653001,-0.21766969647017087,true
true,1,57,56.1,-0.9214133140873488,-0.21806941429464538,false
true,1,57,56.2,-0.9156089647572676,-0.21842079269929152,false
true,1,57,56.3,-0.9096770327234591,-0.21872313600189416,false
true,1,57,56.4,-0.9036138709703073,-0.21897572530985163,false
true,1,57,56.5,-0.897415452803581,-0.2191778157345822,false
true,1,57,56.6,-0.8910773460959606,-0.21932863342861614,false
true,1,57,56.7,-0.8845946847110644,-0.21942737242514845,false
true,1,57,56.8,-0.877962136788753,-0.2194731912575716,false
true,1,57,56.9,-0.8711738695336866,-0.21946520933396202,false
true,1,57,57.0,-0.8642235101023281,-0.21940250303861722,false
true,1,58,57.0,-0.975787673847884,-0.26299242561348035,true
true,1,58,57.1,-0.9660458078273129,-0.26347508967419475,false
true,1,58,57.2,-0.956194303939916,-0.2638765582760851,false
true,1,58,57.3,-0.94622175795815,-0.264196429928213,false
true,1,58,57.4,-0.9361162161297814,-0.2644342126171231,false
true,1,58,57.5,-0.9258650939192091,-0.2645893196818131,false
true,1,58,57.6,-0.9154550882218044,-0.2646610650417028,false
true,1,58,57.7,-0.9048720818962107,-0.2646486577251492,false
true,1,58,57.8,-0.8941010393257609,-0.26455119563666435,false
true,1,58,57.9,-0.8831258915599817,-0.2643676584904861,false
true,1,58,58.0,-0.8719294093966931,-0.26409689982632034,false
true,1,59,58.0,-0.717203678285931,-0.22746250422714084,true
true,1,59,58.1,-0.7036160515591996,-0.22609470420778507,false
true,1,59,58.2,-0.689470056974896,-0.22462507747504376,false
true,1,59,58.3,-0.6747182131292181,-0.22304963470812605,false
true,1,59,58.4,-0.6593078065447445,-0.22136401293714397,false
true,1,59,58.5,-0.6431802098166484,-0.21956343354414024,false
true,1,59,58.6,-0.6262700996592085,-0.21764265470460947,false
true,1,59,58.7,-0.6085045595348613,-0.2155959174469383,false
true,1,59,58.8,-0.5898020494697592,-0.21341688438206802,false
true,1,59,58.9,-0.570071223516742,-0.2110985700144555,false
true,1,59,59.0,-0.5492095732665818,-0.20863326138819435,false
true,1,60,59.0,-0.6511332682543701,-0.21706666634996463,true
true,1,60,59.1,-0.6349610581255084,-0.21522814718108862,false
true,1,60,59.2,-0.6179896316982827,-0.21326924921455223,false
true,1,60,59.3,-0.6001443919315047,-0.21118407486227023,false
true,1,60,59.4,-0.5813418879670682,-0.20896613470226694,false
true,1,60,59.5,-0.5614886007397082,-0.20660827591347794,false
true,1,60,59.6,-0.540479550717609,-0.204102600788122,false
true,1,60,59.7,-0.5181967044272302,-0.20144037387414698,false
true,1,60,59.8,-0.4945071557693126,-0.19861191611992415,false
true,1,60,59.9,-0.4692610591424384,-0.1956064842150168,false
true,1,60,60.0,-0.4422892952440621,-0.19241213316206549,false
true,1,61,60.0,-0.4401300181032084,-0.17466094445650182,true
true,1,61,60.1,-0.41290257336671266,-0.17136694563649724,false
true,1,61,60.2,-0.3836737169426227,-0.1678689888942919,false
true,1,61,60.3,-0.3522188213808703,-0.16415153661802068,false
true,1,61,60.4,-0.3182846255098103,-0.16019724683513942,false
true,1,61,60.5,-0.28158607859464085,-0.1559867437892122,false
true,1,61,60.6,-0.2418033009558755,-0.15149836511169315,false
true,1,61,60.7,-0.19857898833702592,-0.1467078878672327,false
true,1,61,60.8,-0.1515167820535724,-0.14158823907461,false
true,1,61,60.9,-0.1001814077057323,-0.1361092014878179,false
true,1,61,61.0,-0.044101776526853126,-0.13023713323544628,false
true,1,62,61.0,-0.004822088352476633,-0.16386706392469977,true
true,1,62,61.1,0.06413796534179818,-0.15700686744685918,false
true,1,62,61.2,0.13956328205770138,-0.1496150575759128,false
true,1,62,61.3,0.2219415714056931,-0.14164147240151315,false
true,1,62,61.4,0.3116517528764855,-0.13303276786502446,false
true,1,62,61.5,0.4088810739068265,-0.12373362055459379,false
true,1,62,61.6,0.5135191220617406,-0.11368867762349939,false
true,1,62,61.7,0.6250354214485601,-0.10284541265545893,false
true,1,62,61.8,0.7423585633134644,-0.091157949778982,false
true,1,62,61.9,0.8637889492132178,-0.07859171905117027,false
true,1,62,62.0,0.9869886536088084,-0.0651285008996768,false
true,1,63,62.0,1.1135638715339935,-0.10417715352687082,true
true,1,63,62.1,1.236464872890688,-0.0885556482319651,false
true,1,63,62.2,1.3514853616278446,-0.07208308267001802,false
true,1,63,62.3,1.4557959514802912,-0.05483950474698497,false
true,1,63,62.4,1.5474418578052875,-0.03692370388076788,false
true,1,63,62.5,1.6255077917155853,-0.018445315073927455,false
true,1,63,62.6,1.6900699856337742,0.00048348015493556926,false
true,1,63,62.7,1.741986925824056,0.019755120515599776,false
true,1,63,62.8,1.782618613173818,0.039271769903131845,false
true,1,63,62.9,1.8135567246383129,0.05894814940564509,false
true,1,63,63.0,1.8364146697395534,0.07871241852537264,false
true,1,64,63.0,1.7398847331179188,0.11607273842260957,true
true,1,64,63.1,1.7722654210417106,0.13492397856660787,false
true,1,64,63.2,1.7967160563896076,0.15388059279199473,false
true,1,64,63.3,1.814589337393861,0.1728841371289398,false
true,1,64,63.4,1.8271071203956837,0.1918868415736436,false
true,1,64,63.5,1.8353248882878923,0.2108503325953403,false
true,1,64,63.6,1.8401256895134617,0.229744207090898,false
true,1,64,63.7,1.8422313485575292,0.24854464312287522,false
true,1,64,63.8,1.8422220126665056,0.267233147004475,false
true,1,64,63.9,1.8405582833403358,0.28579547746903683,false
true,1,64,64.0,1.8376026530958662,0.30422075194756454,false
true,1,65,64.0,1.7622840146863965,0.36316525125024535,true
true,1,65,64.1,1.768214709741372,0.38050944490607613,false
true,1,65,64.2,1.7714510340596754,0.3977791494714575,false
true,1,65,64.3,1.7725141136166396,0.4149555008511762,false
true,1,65,64.4,1.7718310528677628,0.4320235270121689,false
true,1,65,64.5,1.7697483239589507,0.448971426564025,false
true,1,65,64.6,1.7665448774649102,0.4657899584257497,false
true,1,65,64.7,1.7624440795315293,0.4824719356443591,false
true,1,65,64.8,1.7576241002825068,0.49901181157879787,false
true,1,65,64.9,1.7522266865652336,0.5154053450925593,false
true,1,65,65.0,1.746364417702216,0.5316493316859282,false
true,1,66,65.0,1.858313772532062,0.49389124097002246,true
true,1,66,65.1,1.8331218154623183,0.5110381490948434,false
true,1,66,65.2,1.8117167444574973,0.5278905967559517,false
true,1,66,65.3,1.7931876629282393,0.5444768329581595,false
true,1,66,65.4,1.7768659184976445,0.5608186882453422,false
true,1,66,65.5,1.7622528510433482,0.5769332388803714,false
true,1,66,65.6,1.7489716680031917,0.592833988193405,false
true,1,66,65.7,1.7367345118919761,0.6085317217447834,false
true,1,66,65.8,1.7253194014047146,0.6240351365453465,false
true,1,66,65.9,1.7145537676803269,0.6393513104123119,false
true,1,66,66.0,1.704302501947861,0.6544860561508343,false
true,1,67,66.0,1.710250413477459,0.6207680871002204,true
true,1,67,66.1,1.7024370076948407,0.6359971223134839,false
true,1,67,66.2,1.6945946429416845,0.6510665792971169,false
true,1,67,66.3,1.6867237581927055,0.6659772471065382,false
true,1,67,66.4,1.6788245260097545,0.6807299121642473,false
true,1,67,66.5,1.6708969009562435,0.6953253563533452,false
true,1,67,66.6,1.6629406573654517,0.7097643554650597,false
true,1,67,66.7,1.6549554187782864,0.7240476779227561,false
true,1,67,66.8,1.646940680843323,0.7381760837217002,false
true,1,67,66.9,1.6388958290694704,0.7521503235368409,false
true,1,67,67.0,1.630820152511145,0.7659711379609893,false
true,1,68,67.0,1.7545916025175385,0.8169489446733573,true
true,1,68,67.1,1.7210920302913728,0.8311739365295947,false
true,1,68,67.2,1.6922923210238374,0.8450606098439575,false
true,1,68,67.3,1.6671418310307868,0.8586441913886133,false
true,1,68,67.4,1.6448626192973264,0.8719524604960817,false
true,1,68,67.5,1.6248673641789617,0.8850076200487027,false
true,1,68,67.6,1.6067053024052982,0.8978276219659886,false
true,1,68,67.7,1.5900255692128473,0.9104271278681355,false
true,1,68,67.8,1.5745517044797757,0.9228182190041739,false
true,1,68,67.9,1.5600635312161304,0.9350109297399802,false
true,1,68,68.0,1.546384024992333,0.9470136543061564,false
true,1,69,68.0,1.4631291381330827,0.9146664749321028,true
true,1,69,68.1,1.4629947055456718,0.9260812885197421,false
true,1,69,68.2,1.461799611729778,0.9374178895164605,false
true,1,69,68.3,1.4596653061366807,0.9486688128217082,false
true,1,69,68.4,1.4566995768837365,0.9598275543249193,false
true,1,69,68.5,1.4529975296413964,0.9708884596446318,false
true,1,69,68.6,1.4486426663593646,0.9818466218382653,false
true,1,69,68.7,1.443707992032133,0.9926977885182855,false
true,1,69,68.8,1.4382571000167867,1.0034382783277398,false
true,1,69,68.9,1.432345203688892,1.014064906405899,false
true,1,69,69.0,1.4260200951565847,1.0245749182744512,false
true,1,70,69.0,1.3550738009721444,1.0396157867431666,true
true,1,70,69.1,1.3532607597651705,1.049364894873418,false
true,1,70,69.2,1.3506605724356875,1.0590341601700808,false
true,1,70,69.3,1.3473419273756357,1.068618093561266,false
true,1,70,69.4,1.3433669390921994,1.078111762318812,false
true,1,70,69.5,1.338791466785343,1.0875107353111793,false
true,1,70,69.6,1.3336654874882596,1.0968110313833581,false
true,1,70,69.7,1.328033497956485,1.106009071171355,false
true,1,70,69.8,1.321934925797351,1.1151016324769125,false
true,1,70,69.9,1.3154045355465054,1.1240858091932675,false
true,1,70,70.0,1.308472819599197,1.1329589736762407,false
true,1,71,70.0,1.3178194168572777,1.1362973122578268,true
true,1,71,70.1,1.3095439748176247,1.1451063954230267,false
true,1,71,70.2,1.3009951056956712,1.1537921881048754,false
true,1,71,70.3,1.2921849381250925,1.1623533464056959,false
true,1,71,70.4,1.2831233284990085,1.1707886225066928,false
true,1,71,70.5,1.2738180628841056,1.179096846760959,false
true,1,71,70.6,1.2642750302271617,1.1872769113946764,false
true,1,71,70.7,1.2544983691981488,1.1953277555867963,false
true,1,71,70.8,1.244490590816981,1.2032483517168877,false
true,1,71,70.9,1.2342526787800217,1.2110376925883957,false
true,1,71,71.0,1.2237841691522313,1.218694779450077,false
true,1,72,71.0,1.2078870453499508,1.1751929178165614,true
true,1,72,71.1,1.202156001064262,1.1828875220919388,false
true,1,72,71.2,1.1959264490584232,1.1904853309578713,false
true,1,72,71.3,1.1892202602944837,1.1979830757343208,false
true,1,72,71.4,1.182056583902345,1.2053776720817952,false
true,1,72,71.5,1.174451933983237,1.2126661974658512,false
true,1,72,71.6,1.1664202754737323,1.2198458694566623,false
true,1,72,71.7,1.1579731052039088,1.2269140248348764,false
true,1,72,71.8,1.1491195249905297,1.2338680994472697,false
true,1,72,71.9,1.1398663041642416,1.240705608733188,false
true,1,72,72.0,1.130217929351688,1.2474241288243049,false
true,1,73,72.0,1.1579798417208564,1.2552089428756217,true
true,1,73,72.1,1.1463513696419536,1.2619714148067636,false
true,1,73,72.2,1.1344232742619156,1.2685968242295262,false
true,1,73,72.3,1.1221860196424778,1.2750836192796116,false
true,1,73,72.4,1.1096283344427627,1.2814301750673647,false
true,1,73,72.5,1.0967371330751186,1.2876347800046528,false
true,1,73,72.6,1.0834974141002036,1.2936956215004682,false
true,1,73,72.7,1.0698921340050827,1.299610770840672,false
true,1,73,72.8,1.055902054017774,1.3053781670517612,false
true,1,73,72.9,1.0415055570508673,1.3109955995289138,false
true,1,73,73.0,1.026678431220181,1.3164606891842652,false
true,1,74,73.0,0.988704722279021,1.341536501734411,true
true,1,74,73.1,0.97093156911252,1.3463740106817066,false
true,1,74,73.2,0.9525795094912216,1.3510366492137775,false
true,1,74,73.3,0.9335968266779572,1.3555207134833123,false
true,1,74,73.4,0.9139262522201664,1.3598220891972264,false
true,1,74,73.5,0.8935041603611118,1.3639362068248932,false
true,1,74,73.6,0.8722596360525783,1.3678579901774635,false
true,1,74,73.7,0.8501133936829335,1.3715817973037536,false
true,1,74,73.8,0.8269765195663938,1.3751013524565807,false
true,1,74,73.9,0.802749006549617,1.3784096676581186,false
true,1,74,74.0,0.7773180437884931,1.3814989521291217,false
true,1,75,74.0,0.8038582086357864,1.3625772065418709,true
true,1,75,74.1,0.7800774954996665,1.3657828891406174,false
true,1,75,74.2,0.7550305768624571,1.3687735090462303,false
true,1,75,74.3,0.728588317953833,1.3715398365452844,false
true,1,75,74.4,0.7006037429690096,1.3740716015272396,false
true,1,75,74.5,0.670909246931366,1.3763573470056283,false
true,1,75,74.6,0.6393133488467713,1.378384259548186,false
true,1,75,74.7,0.605596927852801,1.3801379728709502,false
true,1,75,74.8,0.5695088907231615,1.3816023404309041,false
true,1,75,74.9,0.5307612379973486,1.3827591725314534,false
true,1,75,75.0,0.48902353592498315,1.383587933364137,false
true,1,76,75.0,0.371926492535351,1.3965132002575302,true
true,1,76,75.1,0.31533833281584134,1.3959294898960077,false
true,1,76,75.2,0.25350263978835863,1.3948777271851944,false
true,1,76,75.3,0.1857389455196908,1.3933163818238863,false
true,1,76,75.4,0.11130187809313676,1.3911984963032404,false
true,1,76,75.5,0.02939777753028966,1.3884712600750502,false
true,1,76,75.6,-0.06078116679495342,1.3850757837892596,false
true,1,76,75.7,-0.15999649429850554,1.380947245593698,false
true,1,76,75.8,-0.26886635625001876,1.3760156576763143,false
true,1,76,75.9,-0.38772201662910777,1.3702075822325022,false
true,1,76,76.0,-0.5164145722555931,1.3634491811486293,false
true,1,77,76.0,-0.5334781644010416,1.3873217411626988,true
true,1,77,76.1,-0.6747334026292646,1.3792407579553065,false
true,1,77,76.2,-0.8229364676518514,1.37005545172687,false
true,1,77,76.3,-0.9749387873020584,1.3597292731888846,false
true,1,77,76.4,-1.1265484404266093,1.3482553336026901,false
true,1,77,76.5,-1.2729222437698495,1.3356631808197086,false
true,1,77,76.6,-1.4092354667005238,1.3220212315314401,false
true,1,77,76.7,-1.5314557218455604,1.3074332721624924,false
true,1,77,76.8,-1.636957967431163,1.292029268956856,false
true,1,77,76.9,-1.724772663293457,1.2759527079428317,false
true,1,77,77.0,-1.795432067263433,1.2593476821281027,false
true,1,78,77.0,-1.677061232463593,1.2565195694969866,true
true,1,78,77.1,-1.7547383702130923,1.240390823493073,false
true,1,78,77.2,-1.8164120155410426,1.2238104612963134,false
true,1,78,77.3,-1.8639610484348446,1.2069018507703295,false
true,1,78,77.4,-1.8996063130161986,1.1897709553716926,false
true,1,78,77.5,-1.9255700599321783,1.1725051656149663,false
true,1,78,77.6,-1.9438690589578358,1.1551743175892062,false
true,1,78,77.7,-1.9562205167586157,1.1378328822876183,false
true,1,78,77.8,-1.964024151219592,1.1205225624225317,false
true,1,78,77.9,-1.9683866815234603,1.1032748268390928,false
true,1,78,78.0,-1.9701646627635514,1.0861131476793933,false
true,1,79,78.0,-2.0156522024137513,1.0188882137014377,true
true,1,79,78.1,-1.998048268023299,1.0019692211381444,false
true,1,79,78.2,-1.983547506464563,0.9852854909567365,false
true,1,79,78.3,-1.9712994799131476,0.9688143679427466,false
true,1,79,78.4,-1.960700740635745,0.9525390747280653,false
true,1,79,78.5,-1.951317966270425,0.9364470331206222,false
true,1,79,78.6,-1.9428370424115153,0.9205286973453618,false
true,1,79,78.7,-1.9350285243374952,0.9047767305834898,false
true,1,79,78.8,-1.9277237593450385,0.8891854167027804,false
true,1,79,78.9,-1.9207981252650619,0.8737502358959174,false
true,1,79,79.0,-1.9141591187693925,0.8584675561293095,false
true,1,80,79.0,-1.8687248602785256,0.9463617268167379,true
true,1,80,79.1,-1.88038079820272,0.9309549154837634,false
true,1,80,79.2,-1.888068384906735,0.9155699283691182,false
true,1,80,79.3,-1.8926631640549334,0.9002346514190428,false
true,1,80,79.4,-1.8948644790579647,0.884970531310102,false
true,1,80,79.5,-1.895222786718712,0.8697939138370264,false
true,1,80,79.6,-1.8941668192519099,0.8547171541247469,false
true,1,80,79.7,-1.892028029431586,0.8397495129318553,false
true,1,80,79.8,-1.8890613535725531,0.8248978667185731,false
true,1,80,79.9,-1.8854622106432681,0.8101672627645519,false
true,1,80,80.0,-1.8813800830754117,0.7955613491373504,false
true,1,81,80.0,-1.8668447212976265,0.7551819346366915,true
true,1,81,80.1,-1.862057925956489,0.7410782102759111,false
true,1,81,80.2,-1.8570735915778092,0.7271034570848407,false
true,1,81,80.3,-1.851938049669148,0.7132582344714752,false
true,1,81,80.4,-1.846686866335035,0.6995427736936908,false
true,1,81,80.5,-1.8413473740424051,0.6859570552418693,false
true,1,81,80.6,-1.8359406038229646,0.6725008680381627,false
true,1,81,80.7,-1.830482759419122,0.65917385476037,false
true,1,81,80.8,-1.824986342179955,0.6459755465782124,false
true,1,81,80.9,-1.8194610099540023,0.6329053898074439,false
true,1,81,81.0,-1.8139142334611105,0.6199627663897306,false
true,1,82,81.0,-1.83845227728977,0.6193206693508918,true
true,1,82,81.1,-1.8277436874101476,0.6063346966201069,false
true,1,82,81.2,-1.8181199626125588,0.5935124508811677,false
true,1,82,81.3,-1.8093400528567702,0.5808452420540238,false
true,1,82,81.4,-1.8012196638788336,0.5683261201410809,false
true,1,82,81.5,-1.7936170143729884,0.5559494714211112,false
true,1,82,81.6,-1.786422445584648,0.5437107145083192,false
true,1,82,81.7,-1.7795507490070133,0.5316060697461008,false
true,1,82,81.8,-1.7729354430509636,0.5196323830547722,false
true,1,82,81.9,-1.7665244665843582,0.5077869905943903,false
true,1,82,82.0,-1.7602769146912731,0.4960676142640421,false
true,1,83,82.0,-1.6625536066531623,0.47881832221969417,true
true,1,83,82.1,-1.67208423623673,0.46804794654130555,false
true,1,83,82.2,-1.6790635897310706,0.45728075216274805,false
true,1,83,82.3,-1.6838992637041499,0.4465354002527645,false
true,1,83,82.4,-1.686944467283147,0.43582740094070754,false
true,1,83,82.5,-1.688501137453572,0.4251695561497009,false
true,1,83,82.6,-1.6888246643274794,0.41457236759966337,false
true,1,83,82.7,-1.6881293031666544,0.4040444012873055,false
true,1,83,82.8,-1.686593669586442,0.3935926058391399,false
true,1,83,82.9,-1.6843659547106347,0.38322258595281616,false
true,1,83,83.0,-1.681568666312294,0.37293883431248076,false
true,1,84,83.0,-1.667861240844588,0.41087182080391427,true
true,1,84,83.1,-1.6703220942016452,0.40052167061449123,false
true,1,84,83.2,-1.6714344986695604,0.39022347119935563,false
true,1,84,83.3,-1.6714243741073662,0.37998671722990834,false
true,1,84,83.4,-1.6704819647232776,0.36981918679071035,false
true,1,84,83.5,-1.6687665564504492,0.3597272178930809,false
true,1,84,83.6,-1.6664109317461182,0.34971594652052784,false
true,1,84,83.7,-1.6635254159177826,0.3397895091973829,false
true,1,84,83.8,-1.6602014546858173,0.32995121385001724,false
true,1,84,83.9,-1.6565147164905845,0.32020368295424895,false
true,1,84,84.0,-1.6525277444473965,0.3105489728513336,false
true,1,85,84.0,-1.7542716102647316,0.29607315845009285,true
true,1,85,84.1,-1.7312584873212769,0.28587139093118663,false
true,1,85,84.2,-1.7115014251212752,0.2759047052697827,false
true,1,85,84.3,-1.694316533497061,0.26614849452053957,false
true,1,85,84.4,-1.6791843087357305,0.25658306993705265,false
true,1,85,84.5,-1.6657043229655852,0.24719251120902044,false
true,1,85,84.6,-1.6535640948949724,0.23796382459007584,false
true,1,85,84.7,-1.6425171891460493,0.22888631526242792,false
true,1,85,84.8,-1.6323674860004167,0.21995111212882312,false
true,1,85,84.9,-1.6229576765196072,0.21115080318202267,false
true,1,85,85.0,-1.6141607130912188,0.20247915246835724,false
true,1,86,85.0,-1.5730522714366058,0.2324061764964538,true
true,1,86,85.1,-1.573389260448101,0.2239594716592002,false
true,1,86,85.2,-1.5728972574872053,0.21556735957015252,false
true,1,86,85.3,-1.5716951804011925,0.20723561656311087,false
true,1,86,85.4,-1.5698856342990561,0.1989691002214466,false
true,1,86,85.5,-1.5675568215166613,0.19077187764738668,false
true,1,86,85.6,-1.564784343386583,0.18264733807983446,false
true,1,86,85.7,-1.5616328556143515,0.17459829099246216,false
true,1,86,85.8,-1.5581575599746678,0.16662705101247224,false
true,1,86,85.9,-1.554405529041015,0.1587355110698895,false
true,1,86,86.0,-1.5504168695496927,0.15092520516611332,false
true,1,87,86.0,-1.6721483439170193,0.06514416504304954,true
true,1,87,86.1,-1.6423177466906718,0.05709821314581441,false
true,1,87,86.2,-1.6164220935531322,0.04932517229456473,false
true,1,87,86.3,-1.5936809717727072,0.0417951835584915,false
true,1,87,86.4,-1.5735004247668334,0.03448401544104706,false
true,1,87,86.5,-1.5554205764861473,0.027371764036463367,false
true,1,87,86.6,-1.5390800611970128,0.020441906983226683,false
true,1,87,86.7,-1.5241912522627292,0.013680600947769628,false
true,1,87,86.8,-1.5105226282487532,0.007076150742958653,false
true,1,87,86.9,-1.497885974309628,0.0006186019438202094,false
true,1,87,87.0,-1.4861269318250816,-0.0057005759929276084,false
true,1,88,87.0,-1.5463494767541903,0.02670833884429734,true
true,1,88,87.1,-1.5311201315336425,0.019850491385136403,false
true,1,88,87.2,-1.51717321609923,0.013152573714604526,false
true,1,88,87.3,-1.5043084386449979,0.006604165654815948,false
true,1,88,87.4,-1.4923620052809066,0.00019635913471473688,false
true,1,88,87.5,-1.481198881429771,-0.00607851015594487,false
true,1,88,87.6,-1.4707069328504352,-0.012227075599645046,false
true,1,88,87.7,-1.4607924324870785,-0.018255110138092175,false
true,1,88,87.8,-1.4513765745835554,-0.02416766406037402,false
true,1,88,87.9,-1.4423927416909708,-0.029969177261386627,false
true,1,88,88.0,-1.4337843413843192,-0.03566357136712833,false
true,1,89,88.0,-1.4777993398247602,-0.006787155655740277,true
true,1,89,88.1,-1.4676184137772128,-0.012905360994942452,false
true,1,89,88.2,-1.4579750246736551,-0.018905545617373683,false
true,1,89,88.3,-1.448796411947101,-0.024792450449167613,false
true,1,89,88.4,-1.4400209379555298,-0.030570251787641195,false
true,1,89,88.5,-1.431596140157471,-0.03624264553661471,false
true,1,89,88.6,-1.423477170001238,-0.04181291698115323,false
true,1,89,88.7,-1.4156255321568874,-0.04728399891641668,false
true,1,89,88.8,-1.408008059149153,-0.052658520328716554,false
true,1,89,88.9,-1.4005960720511341,-0.05793884736047522,false
true,1,89,89.0,-1.3933646893881217,-0.0631271179344245,false
true,1,90,89.0,-1.3558918153087096,-0.0803532309490681,true
true,1,90,89.1,-1.3503501633883628,-0.08504887849926318,false
true,1,90,89.2,-1.3447993594387686,-0.08967034177583784,false
true,1,90,89.3,-1.339239250439816,-0.09421802047191895,false
true,1,90,89.4,-1.3336696498889995,-0.09869231037530309,false
true,1,90,89.5,-1.3280903399634882,-0.10309360313525155,false
true,1,90,89.6,-1.3225010733225797,-0.10742228604654831,false
true,1,90,89.7,-1.3169015745933463,-0.11167874184801835,false
true,1,90,89.8,-1.3112915415760042,-0.11586334853303747,false
true,1,90,89.9,-1.305670646200132,-0.11997647916984963,false
true,1,90,90.0,-1.300038535258221,-0.12401850172975096,false
true,1,91,90.0,-1.3057552547667581,-0.11222626186181558,true
true,1,91,90.1,-1.3008635653815055,-0.11632139496547365,false
true,1,91,90.2,-1.295906527305399,-0.12035113035560227,false
true,1,91,90.3,-1.2908886310883672,-0.12431538238945833,false
true,1,91,90.4,-1.2858138745394405,-0.12821409977976167,false
true,1,91,90.5,-1.2806858108726624,-0.13204726164195835,false
true,1,91,90.6,-1.275507591708141,-0.1358148739297397,false
true,1,91,90.7,-1.2702820054491148,-0.1395169662174247,false
true,1,91,90.8,-1.2650115115074165,-0.14315358879203635,false
true,1,91,90.9,-1.259698270804139,-0.146724810021722,false
true,1,91,91.0,-1.2543441729298863,-0.1502307139706129,false
true,1,92,91.0,-1.3148803484091094,-0.13904068927251054,true
true,1,92,91.1,-1.3067807808716438,-0.14302455462262761,false
true,1,92,91.2,-1.2988543495086002,-0.1469191194443807,false
true,1,92,91.3,-1.2910820998246502,-0.15072625695217792,false
true,1,92,91.4,-1.2834471700082792,-0.1544476858136178,false
true,1,92,91.5,-1.275934510020901,-0.15808498667163862,false
true,1,92,91.6,-1.2685306426237244,-0.16163961649376776,false
true,1,92,91.7,-1.2612234592527458,-0.16511292106747652,false
true,1,92,91.8,-1.254002044980977,-0.16850614590758412,false
true,1,92,91.9,-1.2468565278613177,-0.17182044579838665,false
true,1,92,92.0,-1.2397779487850353,-0.17505689315771675,false
true,1,93,92.0,-1.227848583215335,-0.13919148866344835,true
true,1,93,92.1,-1.2249177183521558,-0.1425012355092011,false
true,1,93,92.2,-1.2218092547981407,-0.14576577926037093,false
true,1,93,92.3,-1.2185339547750622,-0.14898403553742998,false
true,1,93,92.4,-1.215101789958889,-0.1521550095169466,false
true,1,93,92.5,-1.211521985142695,-0.1552777892307244,false
true,1,93,92.6,-1.2078030611168058,-0.1583515392530636,false
true,1,93,92.7,-1.2039528763559435,-0.16137549476571542,false
true,1,93,92.8,-1.1999786672048247,-0.1643489559873133,false
true,1,93,92.9,-1.195887086338348,-0.1672712829520372,false
true,1,93,93.0,-1.1916842393422789,-0.1701418906208665,false
true,1,94,93.0,-1.0337774581347945,-0.17380969590676554,true
true,1,94,93.1,-1.032873162264193,-0.17535904846451314,false
true,1,94,93.2,-1.031821336616718,-0.17689071500198514,false
true,1,94,93.3,-1.0306245348909284,-0.17840364207608675,false
true,1,94,93.4,-1.0292852977705498,-0.17989680328530652,false
true,1,94,93.5,-1.0278061403313918,-0.18136919894254855,false
true,1,94,93.6,-1.026189540338204,-0.18281985565320494,false
true,1,94,93.7,-1.0244379273922457,-0.1842478258060176,false
true,1,94,93.8,-1.0225536728847673,-0.1856521869838939,false
true,1,94,93.9,-1.0205390807070662,-0.1870320413014199,false
true,1,94,94.0,-1.0183963786642,-0.1883865146753619,false
true,1,95,94.0,-0.9946027414460465,-0.22795286083524888,true
true,1,95,94.1,-0.9884226560264882,-0.22882331431512712,false
true,1,95,94.2,-0.9821439166354866,-0.22963853967472297,false
true,1,95,94.3,-0.9757640065335739,-0.23039809267712047,false
true,1,95,94.4,-0.9692801180381512,-0.23110151069756166,false
true,1,95,94.5,-0.9626891380168872,-0.2317483104639542,false
true,1,95,94.6,-0.9559876314715681,-0.23233798568859557,false
true,1,95,94.7,-0.9491718230418659,-0.23287000457591417,false
true,1,95,94.8,-0.9422375762353439,-0.23334380718967376,false
true,1,95,94.9,-0.935180370163791,-0.2337588026615469,false
true,1,95,95.0,-0.9279952735362056,-0.23411436622120793,false
true,1,96,95.0,-1.107684602063882,-0.20778149971481852,true
true,1,96,95.1,-1.1023357415961668,-0.20968570483358073,false
true,1,96,95.2,-1.0969150460219754,-0.21153482054200468,false
true,1,96,95.3,-1.0914230697217446,-0.2133286277955261,false
true,1,96,95.4,-1.0858601559901286,-0.21506691252191104,false
true,1,96,95.5,-1.0802264416446405,-0.2167494639253397,false
true,1,96,95.6,-1.0745218605833158,-0.21837607283385557,false
true,1,96,95.7,-1.0687461463045917,-0.2199465300815782,false
true,1,96,95.8,-1.0628988333967608,-0.22146062491721563,false
true,1,96,95.9,-1.056979257998126,-0.22291814343050056,false
true,1,96,96.0,-1.0509865572223545,-0.22431886698821,false
true,1,97,96.0,-1.0256350726673422,-0.24122685982307643,true
true,1,97,96.1,-1.0180784768669064,-0.24225458390010526,false
true,1,97,96.2,-1.0104501407336395,-0.24321520863304666,false
true,1,97,96.3,-1.0027451879310358,-0.24410857068227002,false
true,1,97,96.4,-0.9949585046643077,-0.24493446793268253,false
true,1,97,96.5,-0.9870847140661595,-0.24569265774645402,false
true,1,97,96.6,-0.9791181486599176,-0.24638285501512597,false
true,1,97,96.7,-0.9710528206294877,-0.24700472999599057,false
true,1,97,96.8,-0.9628823895970973,-0.24755790591545337,false
true,1,97,96.9,-0.9546001275765533,-0.24804195631968948,false
true,1,97,97.0,-0.9461988807311557,-0.2484564021502292,false
true,1,98,97.0,-0.7740831022381067,-0.2779771677896563,true
true,1,98,97.1,-0.7579660912656061,-0.27673059600630895,false
true,1,98,97.2,-0.7412819296733526,-0.27536122362881466,false
true,1,98,97.3,-0.7239752716360612,-0.27386509413878,false
true,1,98,97.4,-0.7059848329201228,-0.2722378117128796,false
true,1,98,97.5,-0.6872425678051305,-0.2704744934599762,false
true,1,98,97.6,-0.6676727236454361,-0.2685697149229626,false
true,1,98,97.7,-0.6471907537389323,-0.2665174478370529,false
true,1,98,97.8,-0.6257020665799725,-0.2643109889782463,false
true,1,98,97.9,-0.6031005869623834,-0.2619428787578293,false
true,1,98,98.0,-0.5792671020082076,-0.2594048080219123,false
true,1,99,98.0,-0.6712672073236214,-0.26842696921196313,true
true,1,99,98.1,-0.6510074008647876,-0.2664051506563992,false
true,1,99,98.2,-0.6297615411256843,-0.2642307985639853,false
true,1,99,98.3,-0.6074261735509885,-0.2618966177794535,false
true,1,99,98.4,-0.5838850806529549,-0.25939448489256595,false
true,1,99,98.5,-0.5590074399078776,-0.2567153445592795,false
true,1,99,98.6,-0.5326457151908424,-0.25384909075022777,false
true,1,99,98.7,-0.504633253994307,-0.25078443078509655,false
true,1,99,98.8,-0.4747815677810788,-0.247508729821005,false
true,1,99,98.9,-0.4428772841436435,-0.24400783333725018,false
true,1,99,99.0,-0.40867878079261566,-0.24026586516103865,false
true,1,100,99.0,-0.6838078574737383,-0.21409578436478638,true
true,1,100,99.1,-0.6698236262619386,-0.21254540591215523,false
true,1,100,99.2,-0.6552112698068945,-0.21089092872140933,false
true,1,100,99.3,-0.6399163471189251,-0.2091277944817653,false
true,1,100,99.4,-0.6238782648628294,-0.20725101577248528,false
true,1,100,99.5,-0.6070294640537661,-0.20525512656652206,false
true,1,100,99.6,-0.5892944871916495,-0.20313412609813875,false
true,1,100,99.7,-0.5705889081146762,-0.20088141511403854,false
true,1,100,99.8,-0.5508181048228741,-0.19848972338434342,false
true,1,100,99.9,-0.5298758536748445,-0.1959510271918599,false
true,1,100,100.0,-0.5076427220056837,-0.19325645534814787,false
true,5,1,0.0,-1.8633893588791945,0.9432517283983279,true
true,5,1,0.1,-1.8759558702077896,0.9279035376962608,false
true,5,1,0.2,-1.8843703767646123,0.9125702907581794,false
true,5,1,0.30000000000000004,-1.8895403034027127,0.8972812532766125,false
true,5,1,0.4,-1.8921938173428048,0.8820589997692619,false
true,5,1,0.5,-1.8929061383743895,0.8669207827157311,false
true,5,1,0.6000000000000001,-1.8921265684857047,0.8518796775104555,false
true,5,1,0.7000000000000001,-1.8902032583503436,0.8369455123096382,false
true,5,1,0.8,-1.887404483947407,0.8221256079675929,false
true,5,1,0.9,-1.8839362025299473,0.8074253584932276,false
true,5,1,1.0,-1.8799561572059242,0.792848681853651,false
true,5,1,1.1,-1.8755850045225413,0.7783983676516254,false
true,5,1,1.2,-1.8709149838607617,0.7640763439998278,false
true,5,1,1.3,-1.8660166132752447,0.7498838817383612,false
true,5,1,1.4,-1.8609438304046277,0.7358217504140478,false
true,5,1,1.5,-1.8557379239252518,0.7218903373020527,false
true,5,1,1.6,-1.8504305325358874,0.7080897382020932,false
true,5,1,1.7000000000000002,-1.8450459293449264,0.6944198267197904,false
true,5,1,1.8,-1.839602760823378,0.6808803071647352,false
true,5,1,1.9,-1.8341153705071287,0.6674707549767663,false
true,5,1,2.0,-1.8285948070296156,0.6541906476560765,false
true,5,1,2.1,-1.8230495923500714,0.6410393884584323,false
true,5,1,2.2,-1.8174863078251926,0.62801632457333,false
true,5,1,2.3,-1.8119100418627265,0.61512076109027,false
true,5,1,2.4,-1.806324732318165,0.6023519717453721,false
true,5,1,2.5,-1.8007334287731616,0.5897092072032765,false
true,5,1,2.6,-1.795138493758736,0.5771917014493675,false
true,5,1,2.7,-1.7895417573887986,0.5647986767308744,false
true,5,1,2.8,-1.783944636390954,0.5525293473817763,false
true,5,1,2.9,-1.7783482258888925,0.5403829227876842,false
true,5,1,3.0,-1.7727533702969824,0.5283586096869406,false
true,5,1,3.1,-1.7671607181764928,0.5164556139585142,false
true,5,1,3.2,-1.7615707647562524,0.5046731420124186,false
true,5,1,3.3,-1.7559838849493867,0.49301040187175665,false
true,5,1,3.4,-1.7504003590350643,0.48146660401510544,false
true,5,1,3.5,-1.7448203926692876,0.4700409620323302,false
true,5,1,3.6,-1.7392441325035257,0.4587326931349127,false
true,5,1,3.7,-1.7336716783955963,0.44754101855264805,false
true,5,1,3.8,-1.7281030929718668,0.43646516384144884,false
true,5,1,3.9,-1.7225384091270965,0.4255043591215062,false
true,5,1,4.0,-1.716977635915574,0.4146578392608089,false
true,5,1,4.1,-1.7114207631851628,0.4039248440157366,false
true,5,1,4.2,-1.7058677652272412,0.39330461813788886,false
true,5,1,4.3,-1.7003186036548414,0.3827964114543316,false
true,5,1,4.4,-1.6947732296743814,0.3723994789268967,false
true,5,1,4.5,-1.689231585880054,0.3621130806949687,false
true,5,1,4.6,-1.6836936076717526,0.351936482105251,false
true,5,1,4.7,-1.6781592243755292,0.34186895373126824,false
true,5,1,4.8,-1.6726283601285226,0.33190977138478595,false
true,5,1,4.9,-1.6671009345770211,0.32205821612087515,false
true,5,1,5.0,-1.661576863425943,0.3123135742379933,false
true,5,2,5.0,-1.6288245859175023,0.2992548548567516,true
true,5,2,5.1,-1.6272417428148995,0.2899447430780318,false
true,5,2,5.2,-1.6250444289094266,0.28070917212717156,false
true,5,2,5.3,-1.6223314246521774,0.2715521609405354,false
true,5,2,5.4,-1.6191857713312174,0.26247697960182975,false
true,5,2,5.5,-1.6156771499702878,0.2534862699293185,false
true,5,2,5.6,-1.6118639552106755,0.24458214754881885,false
true,5,2,5.7,-1.6077950822551756,0.23576628793811547,false
true,5,2,5.8,-1.60351145290482,0.2270399987327654,false
true,5,2,5.9,-1.5990473099111544,0.21840428034584533,false
true,5,2,6.0,-1.5944313090903433,0.209859876705666,false
true,5,2,6.1,-1.5896874371331389,0.20140731767434922,false
true,5,2,6.2,-1.584835780618535,0.19304695448671622,false
true,5,2,6.3,-1.579893168927526,0.18477898934807388,false
true,5,2,6.4,-1.574873710883048,0.17660350015272402,false
true,5,2,6.5,-1.5697892422024524,0.16852046113184774,false
true,5,2,6.6,-1.5646496983398737,0.16052976010819037,false
true,5,2,6.7,-1.5594634250607202,0.15263121292351445,false
true,5,2,6.8,-1.554237437137613,0.1448245755107352,false
true,5,2,6.9,-1.5489776338746715,0.1371095540036815,false
true,5,2,7.0,-1.5436889787327255,0.12948581321136748,false
true,5,2,7.1,-1.5383756491148577,0.12195298372855913,false
true,5,2,7.2,-1.5330411613516706,0.11451066790855677,false
true,5,2,7.3,-1.5276884750719935,0.10715844488599638,false
true,5,2,7.4,-1.5223200804327244,0.09989587480582368,false
true,5,2,7.5,-1.5169380710891838,0.09272250238833547,false
true,5,2,7.6,-1.5115442052955568,0.08563785993840047,false
true,5,2,7.7,-1.5061399571172185,0.07864146988890505,false
true,5,2,7.8,-1.5007265593989316,0.07173284695348202,false
true,5,2,7.9,-1.4953050398532228,0.06491149995114295,false
true,5,2,8.0,-1.4898762514017483,0.05817693335510892,false
true,5,2,8.1,-1.484440897710858,0.05152864860955587,false
true,5,2,8.2,-1.4789995547039396,0.044966145250859485,false
true,5,2,8.3,-1.473552688701769,0.03848892186399123,false
true,5,2,8.4,-1.4681006717332619,0.0320964768997762,false
true,5,2,8.5,-1.4626437944687845,0.02578830937460582,false
true,5,2,8.6,-1.457182277153332,0.019563919470762716,false
true,5,2,8.7,-1.4517162788547302,0.013422809052646284,false
true,5,2,8.8,-1.4462459052903625,0.007364482111789323,false
true,5,2,8.9,-1.4407712154529744,0.0013884451515490384,false
true,5,2,9.0,-1.4352922272203315,-0.004505792479325113,false
true,5,2,9.1,-1.4298089221037016,-0.010318718296453942,false
true,5,2,9.2,-1.4243212492652604,-0.016050816426312134,false
true,5,2,9.3,-1.4188291289137418,-0.021702567383817498,false
true,5,2,9.4,-1.413332455170288,-0.027274447876246947,false
true,5,2,9.5,-1.407831098481906,-0.032766930629404105,false
true,5,2,9.6,-1.4023249076477453,-0.03818048423255683,false
true,5,2,9.7,-1.396813711513183,-0.043515572999162914,false
true,5,2,9.8,-1.3912973203780956,-0.04877265684082462,false
true,5,2,9.9,-1.385775527158465,-0.053952191152269194,false
true,5,2,10.0,-1.38024810833436,-0.05905462670545338,false
true,5,3,10.0,-1.2920992226910661,-0.08890094643767085,true
true,5,3,10.1,-1.290361504012241,-0.09304872800940506,false
true,5,3,10.2,-1.2883362774161928,-0.09715502875280232,false
true,5,3,10.3,-1.2860450552303564,-0.10121790754872796,false
true,5,3,10.4,-1.2835077288570838,-0.10523560068639078,false
true,5,3,10.5,-1.2807426530115475,-0.10920650813875007,false
true,5,3,10.6,-1.2777667332840694,-0.11312918061212443,false
true,5,3,10.7,-1.2745955148460129,-0.11700230738252608,false
true,5,3,10.8,-1.2712432705949122,-0.12082470491572726,false
true,5,3,10.9,-1.2677230874369487,-0.12459530625614611,false
true,5,3,11.0,-1.2640469497401945,-0.12831315116073355,false
true,5,3,11.1,-1.2602258192678084,-0.13197737694762451,false
true,5,3,11.2,-1.2562697111242276,-0.13558721002492596,false
true,5,3,11.3,-1.2521877654266502,-0.13914195806225457,false
true,5,3,11.4,-1.2479883145555697,-0.14264100276616867,false
true,5,3,11.5,-1.2436789459478992,-0.14608379322017806,false
true,5,3,11.6,-1.2392665604797701,-0.14946983975032435,false
true,5,3,11.7,-1.2347574265481127,-0.15279870827821004,false
true,5,3,11.8,-1.2301572300046981,-0.15607001512465515,false
true,5,3,11.9,-1.2254711201268844,-0.15928342222875141,false
true,5,3,12.0,-1.2207037518287436,-0.16243863274886233,false
true,5,3,12.1,-1.2158593243269809,-0.1655353870140024,false
true,5,3,12.2,-1.2109416164800342,-0.16857345879596003,false
true,5,3,12.3,-1.2059540190176181,-0.17155265187445823,false
true,5,3,12.4,-1.20089956387302,-0.17447279686953754,false
true,5,3,12.5,-1.195780950822743,-0.17733374831717577,false
true,5,3,12.6,-1.1906005716284407,-0.18013538196590492,false
true,5,3,12.7,-1.185360531865155,-0.18287759227383968,false
true,5,3,12.8,-1.1800626706081632,-0.18556029008708436,false
true,5,3,12.9,-1.1747085781386477,-0.18818340048193205,false
true,5,3,13.0,-1.1692996118162189,-0.19074686075461153,false
true,5,3,13.1,-1.1638369102542498,-0.19325061854357262,false
true,5,3,13.2,-1.1583214059221927,-0.19569463007043378,false
true,5,3,13.3,-1.152753836287621,-0.1980788584867485,false
true,5,3,13.4,-1.1471347535997616,-0.2004032723146836,false
true,5,3,13.5,-1.1414645334057656,-0.20266784397054835,false
true,5,3,13.6,-1.1357433818809404,-0.20487254836087054,false
true,5,3,13.7,-1.1299713420446027,-0.207017361541391,false
true,5,3,13.8,-1.124148298924104,-0.2091022594299443,false
true,5,3,13.9,-1.1182739837208895,-0.21112721656471456,false
true,5,3,14.0,-1.1123479770241276,-0.21309220489980596,false
true,5,3,14.1,-1.1063697111094584,-0.2149971926304498,false
true,5,3,14.2,-1.1003384713526858,-0.21684214304048766,false
true,5,3,14.3,-1.0942533967807315,-0.21862701336502427,false
true,5,3,14.4,-1.0881134797748122,-0.22035175366133855,false
true,5,3,14.5,-1.0819175649335375,-0.2220163056812749,false
true,5,3,14.6,-1.075664347096374,-0.22362060173841247,false
true,5,3,14.7,-1.0693523685206159,-0.22516456356332812,false
true,5,3,14.8,-1.0629800151975664,-0.22664810114022613,false
true,5,3,14.9,-1.0565455122859813,-0.22807111151810722,false
true,5,3,15.0,-1.0500469186328687,-0.22943347758948565,false
true,5,4,15.0,-0.9992594354586194,-0.22520959230785323,true
true,5,4,15.1,-0.9933567455268221,-0.2261357881109544,false
true,5,4,15.2,-0.9873561942103023,-0.22700861506087688,false
true,5,4,15.3,-0.9812558181011756,-0.22782762557778838,false
true,5,4,15.4,-0.9750533802500034,-0.228592358195493,false
true,5,4,15.5,-0.9687463585210916,-0.2293023354232537,false
true,5,4,15.6,-0.9623319322916558,-0.2299570615218719,false
true,5,4,15.7,-0.9558069673549554,-0.2305560201808179,false
true,5,4,15.8,-0.9491679988689082,-0.23109867208210155,false
true,5,4,15.9,-0.9424112121706306,-0.23158445233531771,false
true,5,4,16.0,-0.9355324212534389,-0.23201276776687474,false
true,5,4,16.1,-0.9285270446756989,-0.23238299404479493,false
true,5,4,16.2,-0.9213900786400261,-0.2326944726186339,false
true,5,4,16.3,-0.9141160669461685,-0.23294650745197462,false
true,5,4,16.4,-0.906699067480781,-0.23313836152257253,false
true,5,4,16.5,-0.8991326148614582,-0.23326925306252327,false
true,5,4,16.6,-0.8914096787999356,-0.23333835150774418,false
true,5,4,16.7,-0.8835226176892315,-0.2333447731225528,false
true,5,4,16.8,-0.8754631268504621,-0.23328757626112595,false
true,5,4,16.9,-0.8672221807956616,-0.23316575622305638,false
true,5,4,17.0,-0.8587899687714775,-0.232978239655009,false
true,5,4,17.1,-0.8501558227430985,-0.23272387844451034,false
true,5,4,17.2,-0.8413081368558507,-0.23240144304507165,false
true,5,4,17.3,-0.8322342772708153,-0.2320096151640076,false
true,5,4,17.4,-0.8229204811073328,-0.2315469797353138,false
true,5,4,17.5,-0.8133517430355506,-0.2310120160896184,false
true,5,4,17.6,-0.8035116878417632,-0.23040308822130845,false
true,5,4,17.7,-0.7933824270329466,-0.22971843403919723,false
true,5,4,17.8,-0.7829443972484229,-0.22895615347124315,false
true,5,4,17.9,-0.7721761778988547,-0.22811419527550403,false
true,5,4,18.0,-0.7610542850473703,-0.22719034238830538,false
true,5,4,18.1,-0.7495529380748979,-0.22618219561603475,false
true,5,4,18.2,-0.7376437951206105,-0.2250871554484909,false
true,5,4,18.3,-0.7252956526460878,-0.223902401738664,false
true,5,4,18.4,-0.7124741037241946,-0.22262487095544928,false
true,5,4,18.5,-0.6991411487851313,-0.22125123067123392,false
true,5,4,18.6,-0.6852547515459677,-0.21977785089455465,false
true,5,4,18.7,-0.6707683316892975,-0.21820077179798178,false
true,5,4,18.8,-0.6556301845256172,-0.21651566732180086,false
true,5,4,18.9,-0.6397828163603361,-0.2147178040535858,false
true,5,4,19.0,-0.6231621825851463,-0.21280199469097297,false
true,5,4,19.1,-0.6056968136338026,-0.21076254528846333,false
true,5,4,19.2,-0.5873068119170777,-0.20859319536767268,false
true,5,4,19.3,-0.5679027007531797,-0.20628704983330928,false
true,5,4,19.4,-0.5473841042743814,-0.20383650148429147,false
true,5,4,19.5,-0.5256382355548496,-0.20123314274228823,false
true,5,4,19.6,-0.5025381691623318,-0.1984676650425004,false
true,5,4,19.7,-0.4779408746224452,-0.1955297441516303,false
true,5,4,19.8,-0.4516849899012739,-0.19240790951002854,false
true,5,4,19.9,-0.42358832051594275,-0.18908939556323326,false
true,5,4,20.0,-0.3934450626545909,-0.18555997299213794,false
true,5,5,20.0,-0.6431483126570812,-0.2665967412024393,true
true,5,5,20.1,-0.6214042902029236,-0.2643565365495311,false
true,5,5,20.2,-0.5985226998817563,-0.2619527627496591,false
true,5,5,20.3,-0.5743811369158851,-0.25937691285743747,false
true,5,5,20.4,-0.5488417020510233,-0.25661949763059994,false
true,5,5,20.5,-0.5217487653670536,-0.25366991950589496,false
true,5,5,20.6,-0.49292642439900647,-0.25051632834213006,false
true,5,5,20.7,-0.46217563770511566,-0.24714545652665806,false
true,5,5,20.8,-0.4292710300976658,-0.24354243096030354,false
true,5,5,20.9,-0.3939573930877299,-0.23969055952041116,false
true,5,5,21.0,-0.3559459505827811,-0.23557108997472925,false
true,5,5,21.1,-0.31491053571004485,-0.23116294016922667,false
true,5,5,21.2,-0.270483944537281,-0.2264423999269503,false
true,5,5,21.3,-0.22225491699821623,-0.22138280789699838,false
true,5,5,21.4,-0.16976647187912303,-0.21595421119512648,false
true,5,5,21.5,-0.11251672487846408,-0.21012302293347357,false
true,5,5,21.6,-0.04996388168737634,-0.20385170377345238,false
true,5,5,21.7,0.018462154978353698,-0.19709850981922822,false
true,5,5,21.8,0.09333821366086636,-0.18981737190119596,false
true,5,5,21.9,0.1752120116758622,-0.18195800146364308,false
true,5,5,22.0,0.2645470604298008,-0.1734663550537368,false
true,5,5,22.1,0.36164360517445426,-0.16428562816146758,false
true,5,5,22.2,0.46653322099504024,-0.15435797818405167,false
true,5,5,22.3,0.5788506074062124,-0.1436271732582347,false
true,5,5,22.4,0.6976969565229751,-0.13204229444065502,false
true,5,5,22.5,0.821524647228929,-0.11956244409258682,false
true,5,5,22.6,0.9480885421189161,-0.10616211185231726,false
true,5,5,22.7,1.0745148225275043,-0.0918364572502052,false
true,5,5,22.8,1.1975211926181542,-0.07660541606121685,false
true,5,5,22.9,1.313776502370447,-0.060515439927726886,false
true,5,5,23.0,1.4203269167906634,-0.043638024278221874,false
true,5,5,23.1,1.514973306515091,-0.026064960631212133,false
true,5,5,23.2,1.5964925581666014,-0.007901176340099715,false
true,5,5,23.3,1.664655001435453,0.010743336637726614,false
true,5,5,23.4,1.720066120314259,0.029760938643276127,false
true,5,5,23.5,1.7639106524657646,0.04905200090312414,false
true,5,5,23.6,1.7976832370667983,0.0685283838684492,false
true,5,5,23.7,1.8229639119552281,0.08811489740285824,false
true,5,5,23.8,1.8412624475287445,0.10774923041447826,false
true,5,5,23.9,1.8539294667956931,0.12738091335820861,false
true,5,5,24.0,1.8621193554204245,0.1469697971144719,false
true,5,5,24.1,1.8667872739559992,0.16648439315403563,false
true,5,5,24.2,1.8687053009798282,0.18590028536120934,false
true,5,5,24.3,1.86848711024037,0.2051987203777442,false
true,5,5,24.4,1.8666146220871376,0.22436541483043299,false
true,5,5,24.5,1.8634630747333423,0.24338957798689434,false
true,5,5,24.6,1.8593229200970163,0.2622631284981733,false
true,5,5,24.7,1.8544180968695558,0.28098007633094163,false
true,5,5,24.8,1.8489208345680932,0.29953604029288483,false
true,5,5,24.9,1.8429634092692746,0.3179278742009569,false
true,5,5,25.0,1.8366473512645747,0.33615337867472006,false
true,5,6,25.0,1.8148749530157198,0.43863009130384323,true
true,5,6,25.1,1.803670827410016,0.4558413093025295,false
true,5,6,25.2,1.793195147612819,0.47285641211012064,false
true,5,6,25.3,1.7832838031090197,0.4896817758341283,false
true,5,6,25.4,1.7738105898828673,0.5063225857073813,false
true,5,6,25.5,1.7646778935400051,0.5227831068694888,false
true,5,6,25.6,1.7558098152784984,0.5390668894225161,false
true,5,6,25.7,1.747147051400686,0.555176924738682,false
true,5,6,25.8,1.7386430476578225,0.5711157652909081,false
true,5,6,25.9,1.730261090534113,0.5868856169799722,false
true,5,6,26.0,1.721972093589784,0.6024884105872689,false
true,5,6,26.1,1.7137529035918129,0.6179258572926813,false
true,5,6,26.2,1.7055849980813849,0.6331994919658235,false
true,5,6,26.3,1.697453479524338,0.6483107070327737,false
true,5,6,26.4,1.6893462953868252,0.6632607790478521,false
true,5,6,26.5,1.6812536311357746,0.6780508895970594,false
true,5,6,26.6,1.6731674361651996,0.692682141781273,false
true,5,6,26.7,1.665081052297916,0.7071555732407553,false
true,5,6,26.8,1.656988921721879,0.7214721664645298,false
true,5,6,26.9,1.6488863566403675,0.7356328569615446,false
true,5,6,27.0,1.6407693570118882,0.7496385397426595,false
true,5,6,27.1,1.6326344658669205,0.7634900744639642,false
true,5,6,27.2,1.6244786540618035,0.7771882895057578,false
true,5,6,27.3,1.6162992281473287,0.7907339852024367,false
true,5,6,27.4,1.6080937564261708,0.8041279363925617,false
true,5,6,27.5,1.599860009350099,0.8173708944224978,false
true,5,6,27.6,1.591595911240687,0.8304635887089378,false
true,5,6,27.7,1.5832995009630961,0.8434067279435878,false
true,5,6,27.8,1.5749688996847369,0.8562010010059401,false
true,5,6,27.9,1.5666022842420742,0.8688470776363704,false
true,5,6,28.0,1.5581978649446662,0.8813456089109599,false
true,5,6,28.1,1.5497538668849253,0.8936972275508308,false
true,5,6,28.2,1.5412685140098268,0.9059025480919289,false
true,5,6,28.3,1.5327400153582302,0.917962166935703,false
true,5,6,28.4,1.524166552983419,0.9298766622967227,false
true,5,6,28.5,1.5155462711716605,0.941646594059726,false
true,5,6,28.6,1.5068772666393664,0.9532725035556984,false
true,5,6,28.7,1.4981575794478232,0.964754913264231,false
true,5,6,28.8,1.4893851844187227,0.9760943264474568,false
true,5,6,28.9,1.4805579828682556,0.987291226719249,false
true,5,6,29.0,1.4716737945043645,0.998346077551999,false
true,5,6,29.1,1.462730349352302,1.0092593217221222,false
true,5,6,29.2,1.4537252795891624,1.0200313806944241,false
true,5,6,29.3,1.4446561111793954,1.0306626539445531,false
true,5,6,29.4,1.435520255211232,1.0411535182179439,false
true,5,6,29.5,1.4263149988389363,1.0515043267228903,false
true,5,6,29.6,1.4170374957382927,1.0617154082546536,false
true,5,6,29.7,1.4076847559830301,1.0717870662467965,false
true,5,6,29.8,1.3982536352481554,1.0817195777452162,false
true,5,6,29.9,1.3887408232426048,1.0915131922996153,false
true,5,6,30.0,1.3791428312682354,1.1011681307663848,false
true,5,7,30.0,1.3893349327888949,1.0892822957322503,true
true,5,7,30.1,1.37989720301335,1.0989568536063923,false
true,5,7,30.2,1.3703567450708356,1.1084940224505284,false
true,5,7,30.3,1.360711501561573,1.1178938516422543,false
true,5,7,30.4,1.3509589611324848,1.1271563720121454,false
true,5,7,30.5,1.3410961751783133,1.1362815924132967,false
true,5,7,30.6,1.3311197680057276,1.1452694964193697,false
true,5,7,30.7,1.3210259410835465,1.1541200391007898,false
true,5,7,30.8,1.3108104718524831,1.1628331438334185,false
true,5,7,30.9,1.3004687074368917,1.1714086990975587,false
true,5,7,31.0,1.2899955534847107,1.1798465552276747,false
true,5,7,31.1,1.2793854582565216,1.1881465210748414,false
true,5,7,31.2,1.2686323919872378,1.196308360544752,false
true,5,7,31.3,1.2577298214515544,1.2043317889741634,false
true,5,7,31.4,1.2466706795743314,1.212216469307989,false
true,5,7,31.5,1.235447329837097,1.2199620080378648,false
true,5,7,31.6,1.2240515251394637,1.22756795086091,false
true,5,7,31.7,1.2124743606770398,1.235033778014569,false
true,5,7,31.8,1.2007062202929,1.242358899239789,false
true,5,7,31.9,1.1887367156451882,1.2495426483203143,false
true,5,7,32.0,1.1765546174060273,1.2565842771404752,false
true,5,7,32.1,1.164147777563318,1.2634829491973882,false
true,5,7,32.2,1.1515030417334626,1.2702377324958596,false
true,5,7,32.3,1.1386061502052025,1.2768475917452962,false
true,5,7,32.4,1.1254416262175229,1.2833113797673958,false
true,5,7,32.5,1.1119926497219406,1.2896278280110456,false
true,5,7,32.6,1.0982409145843464,1.2957955360564204,false
true,5,7,32.7,1.0841664668354254,1.3018129599733754,false
true,5,7,32.8,1.0697475211713896,1.3076783993794383,false
true,5,7,32.9,1.0549602524262032,1.3133899830195148,false
true,5,7,33.0,1.0397785581680923,1.3189456526622036,false
true,5,7,33.1,1.024173787899507,1.3243431450756342,false
true,5,7,33.2,1.0081144335399623,1.3295799718081005,false
true,5,7,33.3,0.9915657749204236,1.3346533964544054,false
true,5,7,33.4,0.9744894728864891,1.3395604090364657,false
true,5,7,33.5,0.9568431012605126,1.3442976970648488,false
true,5,7,33.6,0.9385796073089171,1.3488616127746806,false
true,5,7,33.7,0.9196466884527265,1.3532481359426378,false
true,5,7,33.8,0.8999860706927499,1.357452831588944,false
true,5,7,33.9,0.8795326715362336,1.3614708017464638,false
true,5,7,34.0,0.8582136270462715,1.3652966303346374,false
true,5,7,34.1,0.8359471589277362,1.3689243200052161,false
true,5,7,34.2,0.8126412532642815,1.3723472196251523,false
true,5,7,34.3,0.7881921176088448,1.3755579408249539,false
true,5,7,34.4,0.7624823776417406,1.3785482617637559,false
true,5,7,34.5,0.7353789686899914,1.3813090159414323,false
true,5,7,34.6,0.7067306713824006,1.3838299635212774,false
true,5,7,34.7,0.6763652352534759,1.3860996422159744,false
true,5,7,34.8,0.6440860304010567,1.3881051943437903,false
true,5,7,34.9,0.6096681674271066,1.3898321662029502,false
true,5,7,35.0,0.572854033358556,1.391264275483426,false
true,5,8,35.0,0.6474564028430315,1.3544978114305821,true
true,5,8,35.1,0.6167007620600041,1.356480534300959,false
true,5,8,35.2,0.5837869212960894,1.3581968885353983,false
true,5,8,35.3,0.5484661844870586,1.3596303929994351,false
true,5,8,35.4,0.5104532073607696,1.3607625455981027,false
true,5,8,35.5,0.4694206221231102,1.361572522814083,false
true,5,8,35.6,0.4249932009911382,1.3620368363576165,false
true,5,8,35.7,0.37674178807308467,1.3621289443259206,false
true,5,8,35.8,0.3241774532142625,1.3618188169380536,false
true,5,8,35.9,0.26674668226944087,1.3610724618581564,false
true,5,8,36.0,0.20382898110899572,1.3598514226696279,false
true,5,8,36.1,0.13473911777605124,1.3581122781221986,false
true,5,8,36.2,0.05873744449110821,1.355806191924312,false
true,5,8,36.3,-0.02494662404119634,1.3528785962334626,false
true,5,8,36.4,-0.11707093923689085,1.3492691396421572,false
true,5,8,36.5,-0.21830786326965998,1.3449120934686043,false
true,5,8,36.6,-0.3291328949036734,1.3397374837700984,false
true,5,8,36.7,-0.44966788719336526,1.3336732831160336,false
true,5,8,36.8,-0.5794815931264294,1.3266490159556694,false
true,5,8,36.9,-0.7173701800187549,1.3186010356257871,false
true,5,8,37.0,-0.8611709825691657,1.3094794322673606,false
true,5,8,37.1,-1.0076949410694303,1.2992559729243893,false
true,5,8,37.2,-1.1528733043132495,1.287931731923786,false
true,5,8,37.3,-1.2921717468948355,1.275542442450898,false
true,5,8,37.4,-1.4212210558188705,1.2621595703715875,false
true,5,8,37.5,-1.5364923634641239,1.2478860286125557,false
true,5,8,37.6,-1.6357923116554707,1.2328471119492572,false
true,5,8,37.7,-1.7184234160728487,1.2171788207493497,false
true,5,8,37.8,-1.7850061778024864,1.2010163801033709,false
true,5,8,37.9,-1.8370888903251106,1.1844852068470075,false
true,5,8,38.0,-1.876708852092661,1.1676953409509419,false
true,5,8,38.1,-1.9060251023961914,1.15073918226275,false
true,5,8,38.2,-1.927072095220408,1.1336916989712984,false
true,5,8,38.3,-1.941629368776992,1.1166121210175701,false
true,5,8,38.4,-1.9511770706640064,1.0995462962905822,false
true,5,8,38.5,-1.956903948316641,1.0825291565651591,false
true,5,8,38.6,-1.9597414758435685,1.065586985287295,false
true,5,8,38.7,-1.9604069786090508,1.0487393542637653,false
true,5,8,38.8,-1.9594462063880533,1.0320007019508113,false
true,5,8,38.9,-1.957270919287841,1.0153815803492523,false
true,5,8,39.0,-1.9541900500864315,0.9988896195543547,false
true,5,8,39.1,-1.950434553721137,0.9825302632217513,false
true,5,8,39.2,-1.9461767261835148,0.9663073238802369,false
true,5,8,39.3,-1.9415449713731483,0.9502233994702249,false
true,5,8,39.4,-1.9366349605152804,0.9342801844575404,false
true,5,8,39.5,-1.9315180013496411,0.9184787016024936,false
true,5,8,39.6,-1.926247283523552,0.9028194743812892,false
true,5,8,39.7,-1.9208625246650715,0.8873026551929911,false
true,5,8,39.8,-1.9153934206240604,0.8719281207047214,false
true,5,8,39.9,-1.9098622056904626,0.8566955428027716,false
true,5,8,40.0,-1.9042855522783122,0.8416044414423852,false
true,5,9,40.0,-1.9877320457334957,0.8430275535219565,true
true,5,9,40.1,-1.9621168701591236,0.8274865836367132,false
true,5,9,40.2,-1.9415202789984896,0.8122279239644573,false
true,5,9,40.3,-1.9245879676004514,0.7972154804690098,false
true,5,9,40.4,-1.9103639763435938,0.7824224919832508,false
true,5,9,40.5,-1.8981613818392264,0.7678288499676705,false
true,5,9,40.6,-1.8874795745515227,0.7534192643252005,false
true,5,9,40.7,-1.8779495863592817,0.7391819796016125,false
true,5,9,40.8,-1.869296975428032,0.7251078600424582,false
true,5,9,40.9,-1.8613160686259027,0.7111897279641978,false
true,5,9,41.0,-1.8538517589949988,0.6974218796166805,false
true,5,9,41.1,-1.846786448917733,0.6837997274775729,false
true,5,9,41.2,-1.8400305683671885,0.670319533838414,false
true,5,9,41.3,-1.8335156188281347,0.6569782110516559,false
true,5,9,41.4,-1.827189026627038,0.6437731709081567,false
true,5,9,41.5,-1.8210103077867499,0.6307022105072037,false
true,5,9,41.6,-1.8149481928867837,0.6177634254101199,false
true,5,9,41.7,-1.8089784604445083,0.6049551433065156,false
true,5,9,41.8,-1.8030822968735571,0.5922758731769266,false
true,5,9,41.9,-1.7972450501333908,0.5797242662115399,false
true,5,9,42.0,-1.7914552792304559,0.5672990856806943,false
true,5,9,42.1,-1.7857040270397115,0.5549991836445531,false
true,5,9,42.2,-1.7799842623602664,0.5428234829037764,false
true,5,9,42.3,-1.7742904506678652,0.5307709629777047,false
true,5,9,42.4,-1.7686182230468595,0.5188406491855917,false
true,5,9,42.5,-1.7629641202374484,0.5070316041244789,false
true,5,9,42.6,-1.7573253943059044,0.49534292100243055,false
true,5,9,42.7,-1.7516998546294387,0.48377371841130234,false
true,5,9,42.8,-1.7460857480413388,0.4723231362188195,false
true,5,9,42.9,-1.7404816653678705,0.4609903323327958,false
true,5,9,43.0,-1.7348864683989276,0.4497744801462958,false
true,5,9,43.1,-1.7292992327122414,0.43867476651552606,false
true,5,9,43.2,-1.723719202822329,0.42769039015532645,false
true,5,9,43.3,-1.7181457569295673,0.4168205603626556,false
true,5,9,43.4,-1.7125783791614055,0.4060644959981937,false
true,5,9,43.5,-1.707016637671545,0.39542142467146885,false
true,5,9,43.6,-1.7014601673277778,0.38489058208677146,false
true,5,9,43.7,-1.6959086560007035,0.3744712115163472,false
true,5,9,43.8,-1.690361833683208,0.3641625633745408,false
true,5,9,43.9,-1.6848194638391893,0.35396389487217267,false
true,5,9,44.0,-1.679281336510856,0.3438744697348146,false
true,5,9,44.1,-1.6737472628156553,0.33389355797206516,false
true,5,9,44.2,-1.6682170705431196,0.32402043568762035,false
true,5,9,44.3,-1.6626906006237385,0.31425438492205415,false
true,5,9,44.4,-1.6571677042902868,0.30459469352189167,false
true,5,9,44.5,-1.6516482407898658,0.29504065502987215,false
true,5,9,44.6,-1.6461320755345832,0.2855915685923409,false
true,5,9,44.7,-1.6406190786021106,0.2762467388805303,false
true,5,9,44.8,-1.635109123515693,0.26700547602314323,false
true,5,9,44.9,-1.62960208624764,0.2578670955481701,false
true,5,9,45.0,-1.6240978444017409,0.24883091833228355,false
true,5,10,45.0,-1.703618853389809,0.23555331334618995,true
true,5,10,45.1,-1.684123073458876,0.22612688352327276,false
true,5,10,45.2,-1.6670483754891472,0.2169060382381331,false
true,5,10,45.3,-1.6519219835485963,0.207872127459916,false
true,5,10,45.4,-1.6383766051438589,0.19900994797188123,false
true,5,10,45.5,-1.626123461627418,0.19030699418393726,false
true,5,10,45.6,-1.6149331568376235,0.18175289540229342,false
true,5,10,45.7,-1.604621835123905,0.1733389868027106,false
true,5,10,45.8,-1.5950409907667384,0.16505797807757203,false
true,5,10,45.9,-1.586069849545462,0.1569036946133396,false
true,5,10,46.0,-1.577609595276691,0.14887087331183382,false
true,5,10,46.1,-1.5695789413918264,0.14095500011053017,false
true,5,10,46.2,-1.5619106975222432,0.1331521796877271,false
true,5,10,46.3,-1.554549081913144,0.1254590302620475,false
true,5,10,46.4,-1.5474475995759378,0.11787259813534674,false
true,5,10,46.5,-1.540567354208851,0.11039028789500717,false
true,5,10,46.6,-1.5338756959457982,0.10300980512656076,false
true,5,10,46.7,-1.5273451314013606,0.09572910918599774,false
true,5,10,46.8,-1.52095244021569,0.08854637410865657,false
true,5,10,46.9,-1.5146779553477019,0.0814599561341288,false
true,5,10,47.0,-1.5085049740670011,0.07446836663663725,false
true,5,10,47.1,-1.5024192738863562,0.06757024949116007,false
true,5,10,47.2,-1.4964087132091133,0.06076436209408765,false
true,5,10,47.3,-1.49046290070151,0.05404955940582609,false
true,5,10,47.4,-1.4845729206692528,0.04742478050070558,false
true,5,10,47.5,-1.478731104260631,0.040889037203707596,false
true,5,10,47.6,-1.472930838310204,0.034441404469100205,false
true,5,10,47.7,-1.467166405207345,0.028081012217037855,false
true,5,10,47.8,-1.4614328484192407,0.021807038393590047,false
true,5,10,47.9,-1.455725859291066,0.015618703059874076,false
true,5,10,48.0,-1.4500416815420627,0.009515263348820451,false
true,5,10,48.1,-1.4443770305172863,0.0034960091550382683,false
true,5,10,48.2,-1.4387290247732587,-0.0024397405545887292,false
true,5,10,48.3,-1.4330951279967923,-0.008292640903653985,false
true,5,10,48.4,-1.4274730995994265,-0.014063323821267206,false
true,5,10,48.5,-1.4218609526105994,-0.01975240037575596,false
true,5,10,48.6,-1.4162569177229793,-0.025360462782951076,false
true,5,10,48.7,-1.4106594125329226,-0.030888086136257712,false
true,5,10,48.8,-1.4050670151754445,-0.03633582989842547,false
true,5,10,48.9,-1.399478441682519,-0.041704239188824516,false
true,5,10,49.0,-1.393892526500887,-0.04699384589490827,false
true,5,10,49.1,-1.3883082056948088,-0.052205169632231554,false
true,5,10,49.2,-1.3827245024335646,-0.05733871857375891,false
true,5,10,49.3,-1.3771405144256093,-0.0623949901661292,false
true,5,10,49.4,-1.3715554030132202,-0.06737447174794768,false
true,5,10,49.5,-1.3659683836850223,-0.07227764108297718,false
true,5,10,49.6,-1.3603787178003146,-0.07710496681923314,false
true,5,10,49.7,-1.3547857053498644,-0.08185690888340039,false
true,5,10,49.8,-1.3491886786037175,-0.08653391881863709,false
true,5,10,49.9,-1.34358699651841,-0.09113644007267775,false
true,5,10,50.0,-1.3379800397944102,-0.09566490824216137,false
true,5,11,50.0,-1.3869063110229458,-0.06364603188435047,true
true,5,11,50.1,-1.3803563162347994,-0.068691494218767,false
true,5,11,50.2,-1.373894960792824,-0.07365289738176,false
true,5,11,50.3,-1.3675116221012775,-0.07853144120025385,false
true,5,11,50.4,-1.3611969162294144,-0.08332823820159799,false
true,5,11,50.5,-1.3549425307965612,-0.0880443233634726,false
true,5,11,50.6,-1.3487410822373258,-0.09268066256911761,false
true,5,11,50.7,-1.34258599353421,-0.09723815995443799,false
true,5,11,50.8,-1.3364713891911424,-0.10171766430398466,false
true,5,11,50.9,-1.3303920047760682,-0.10611997462836961,false
true,5,11,51.0,-1.3243431088112083,-0.11044584503538164,false
true,5,11,51.1,-1.3183204351572089,-0.11469598899015457,false
true,5,11,51.2,-1.3123201243386837,-0.1188710830455908,false
true,5,11,51.3,-1.3063386725066235,-0.12297177011236621,false
true,5,11,51.4,-1.3003728869380144,-0.12699866232784038,false
true,5,11,51.5,-1.2944198471429,-0.13095234357474803,false
true,5,11,51.6,-1.2884768707904817,-0.13483337169338944,false
true,5,11,51.7,-1.282541483783867,-0.1386422804249572,false
true,5,11,51.8,-1.2766113939118844,-0.14237958111845608,false
true,5,11,51.9,-1.2706844675893656,-0.14604576422924873,false
true,5,11,52.0,-1.2647587092671457,-0.14964130063347122,false
true,5,11,52.1,-1.2588322431520051,-0.1531666427793109,false
true,5,11,52.2,-1.2529032969266523,-0.15662222569334017,false
true,5,11,52.3,-1.2469701872021313,-0.16000846785768616,false
true,5,11,52.4,-1.24103130647095,-0.16332577197172884,false
true,5,11,52.5,-1.2350851113597812,-0.1665745256102096,false
true,5,11,52.6,-1.229130112006611,-0.16975510178806008,false
true,5,11,52.7,-1.223164862409416,-0.17286785944088887,false
true,5,11,52.8,-1.2171879516124011,-0.17591314382886536,false
true,5,11,52.9,-1.2111979956120134,-0.17889128687068848,false
true,5,11,53.0,-1.2051936298787769,-0.18180260741340254,false
true,5,11,53.1,-1.1991735024027874,-0.18464741144300564,false
true,5,11,53.2,-1.1931362671807724,-0.1874259922400698,false
true,5,11,53.3,-1.1870805780711708,-0.19013863048394675,false
true,5,11,53.4,-1.1810050829509529,-0.19278559430855255,false
true,5,11,53.5,-1.1749084181140095,-0.1953671393122027,false
true,5,11,53.6,-1.1687892028560742,-0.19788350852349432,false
true,5,11,53.7,-1.162646034195386,-0.20033493232479782,false
true,5,11,53.8,-1.156477481681769,-0.20272162833452054,false
true,5,11,53.9,-1.150282082249581,-0.20504380124893026,false
true,5,11,54.0,-1.1440583350721125,-0.20730164264397663,false
true,5,11,54.1,-1.137804696376585,-0.20949533073721266,false
true,5,11,54.2,-1.1315195741799084,-0.2116250301095978,false
true,5,11,54.3,-1.1252013229058782,-0.21369089138664885,false
true,5,11,54.4,-1.1188482378445213,-0.21569305087809645,false
true,5,11,54.5,-1.1124585494138555,-0.2176316301748946,false
true,5,11,54.6,-1.1060304171834276,-0.21950673570211812,false
true,5,11,54.7,-1.0995619236176184,-0.22131845822596374,false
true,5,11,54.8,-1.0930510674948566,-0.22306687231273845,false
true,5,11,54.9,-1.0864957569565414,-0.22475203573737484,false
true,5,11,55.0,-1.079893802136606,-0.22637398883864865,false
true,5,12,55.0,-1.0522402265941209,-0.25143763829231175,true
true,5,12,55.1,-1.0434706242501115,-0.2526075164838441,false
true,5,12,55.2,-1.034665958634831,-0.2536998639620744,false
true,5,12,55.3,-1.0258181685375611,-0.2547148635738177,false
true,5,12,55.4,-1.0169191360091205,-0.2556526325219106,false
true,5,12,55.5,-1.0079606372072354,-0.2565132221352492,false
true,5,12,55.6,-0.9989342930766185,-0.2572966172480394,false
true,5,12,55.7,-0.9898315192848341,-0.258002735187122,false
true,5,12,55.8,-0.9806434748337449,-0.2586314243616249,false
true,5,12,55.9,-0.9713610087541603,-0.2591824624445668,false
true,5,12,56.0,-0.9619746042681876,-0.2596555541312917,false
true,5,12,56.1,-0.952474319769407,-0.2600503284546731,false
true,5,12,56.2,-0.9428497259247133,-0.2603663356317949,false
true,5,12,56.3,-0.9330898381425702,-0.2606030434112009,false
true,5,12,56.4,-0.9231830435792343,-0.26075983288369425,false
true,5,12,56.5,-0.9131170217656256,-0.26083599371295674,false
true,5,12,56.6,-0.9028786578309158,-0.26083071873480673,false
true,5,12,56.7,-0.8924539471721162,-0.26074309786558564,false
true,5,12,56.8,-0.8818278902689717,-0.2605721112507829,false
true,5,12,56.9,-0.870984376166717,-0.26031662157439056,false
true,5,12,57.0,-0.8599060529414336,-0.259975365437397,false
true,5,12,57.1,-0.8485741832187561,-0.25954694370002657,false
true,5,12,57.2,-0.8369684825304783,-0.25902981066650654,false
true,5,12,57.3,-0.82506693795808,-0.2584222619729473,false
true,5,12,57.4,-0.8128456041189567,-0.25772242101793774,false
true,5,12,57.5,-0.8002783730904202,-0.2569282237512138,false
true,5,12,57.6,-0.7873367143269605,-0.2560374016076864,false
true,5,12,57.7,-0.7739893799947489,-0.25504746234156,false
true,5,12,57.8,-0.7602020704089636,-0.25395566847747825,false
true,5,12,57.9,-0.7459370533975015,-0.25275901305170473,false
true,5,12,58.0,-0.7311527304105894,-0.2514541922652729,false
true,5,12,58.1,-0.715803141030194,-0.2500375746116527,false
true,5,12,58.2,-0.6998373961862965,-0.24850516597246688,false
true,5,12,58.3,-0.6831990288410953,-0.24685257009469128,false
true,5,12,58.4,-0.6658252491440234,-0.2450749437700188,false
true,5,12,58.5,-0.6476460890872013,-0.24316694593001786,false
true,5,12,58.6,-0.6285834195183386,-0.24112267974780344,false
true,5,12,58.7,-0.6085498200438624,-0.2389356266968307,false
true,5,12,58.8,-0.5874472799799297,-0.2365985713593811,false
true,5,12,58.9,-0.5651657062692466,-0.23410351560171577,false
true,5,12,59.0,-0.5415812124990365,-0.23144158054208847,false
true,5,12,59.1,-0.5165541623635221,-0.22860289453753663,false
true,5,12,59.2,-0.4899269419730783,-0.2255764652167346,false
true,5,12,59.3,-0.4615214396809499,-0.22235003340896206,false
true,5,12,59.4,-0.43113622168989585,-0.2189099066967051,false
true,5,12,59.5,-0.39854340985225345,-0.21524077030568067,false
true,5,12,59.6,-0.36348529967579185,-0.21132547322692102,false
true,5,12,59.7,-0.32567080885815713,-0.2071447879740989,false
true,5,12,59.8,-0.28477193027865916,-0.20267714341827006,false
true,5,12,59.9,-0.24042049330080054,-0.19789833201446708,false
true,5,12,60.0,-0.19220573402250352,-0.19278119588218456,false
true,5,13,60.0,-0.4401300181032084,-0.17466094445650182,true
true,5,13,60.1,-0.41290257336671266,-0.17136694563649724,false
true,5,13,60.2,-0.3836737169426227,-0.1678689888942919,false
true,5,13,60.3,-0.3522188213808703,-0.16415153661802068,false
true,5,13,60.4,-0.3182846255098103,-0.16019724683513942,false
true,5,13,60.5,-0.28158607859464085,-0.1559867437892122,false
true,5,13,60.6,-0.2418033009558755,-0.15149836511169315,false
true,5,13,60.7,-0.19857898833702592,-0.1467078878672327,false
true,5,13,60.8,-0.1515167820535724,-0.14158823907461,false
true,5,13,60.9,-0.1001814077057323,-0.1361092014878179,false
true,5,13,61.0,-0.044101776526853126,-0.13023713323544628,false
true,5,13,61.1,0.017221235731332246,-0.12393473130960701,false
true,5,13,61.2,0.08429997041848371,-0.11716088488851308,false
true,5,13,61.3,0.15763505145995302,-0.10987068586513132,false
true,5,13,61.4,0.23767664633964963,-0.10201569066108614,false
true,5,13,61.5,0.32476809112944455,-0.09354455727683322,false
true,5,13,61.6,0.4190690240137608,-0.08440420842570288,false
true,5,13,61.7,0.5204582270952502,-0.07454168296286628,false
true,5,13,61.8,0.6284225792098546,-0.06390681282440355,false
true,5,13,61.9,0.7419483730803431,-0.05245577373490669,false
true,5,13,62.0,0.859443376018012,-0.04015538003817078,false
true,5,13,62.1,0.9787276531804466,-0.026987725969957563,false
true,5,13,62.2,1.0971300218113182,-0.012954469323900849,false
true,5,13,62.3,1.211706817673568,0.0019201697594181718,false
true,5,13,62.4,1.319560108216195,0.01758860141986046,false
true,5,13,62.5,1.418188038550265,0.033981786477646256,false
true,5,13,62.6,1.505776003070345,0.05101376300828579,false
true,5,13,62.7,1.5813525227105705,0.0685879630361279,false
true,5,13,62.8,1.6447827588948443,0.08660408220576322,false
true,5,13,62.9,1.696628053745621,0.10496428527840115,false
true,5,13,63.0,1.7379334546247582,0.12357791905894436,false
true,5,13,63.1,1.7700071317576342,0.14236443103427937,false
true,5,13,63.2,1.7942356467470157,0.16125463295386822,false
true,5,13,63.3,1.811953574208679,0.18019069546519775,false
true,5,13,63.4,1.8243664989175858,0.1991253212460906,false
true,5,13,63.5,1.832516332572476,0.2180204871730581,false
true,5,13,63.6,1.8372753831263058,0.23684604146846266,false
true,5,13,63.7,1.8393573037865694,0.25557833677186625,false
true,5,13,63.8,1.8393362161080136,0.27419899656408325,false
true,5,13,63.9,1.8376683924611559,0.29269385500801626,false
true,5,13,64.0,1.8347132868758709,0.31105207536031343,false
true,5,13,64.1,1.830752338481513,0.32926543347402154,false
true,5,13,64.2,1.8260049760972628,0.3473277447984644,false
true,5,13,64.3,1.8206418111164544,0.36523441133082823,false
true,5,13,64.4,1.8147952791734345,0.3829820662579903,false
true,5,13,64.5,1.8085680961003383,0.40056829674757777,false
true,5,13,64.6,1.8020399072930726,0.4179914284830912,false
true,5,13,64.7,1.7952724787996233,0.43525035856155103,false
true,5,13,64.8,1.7883137301080734,0.4523444260478959,false
true,5,13,64.9,1.781200857073198,0.46927331173426823,false
true,5,13,65.0,1.7739627455901619,0.48603696049275136,false
true,5,14,65.0,1.858313772532062,0.49389124097002246,true
true,5,14,65.1,1.8331218154623183,0.5110381490948434,false
true,5,14,65.2,1.8117167444574973,0.5278905967559517,false
true,5,14,65.3,1.7931876629282393,0.5444768329581595,false
true,5,14,65.4,1.7768659184976445,0.5608186882453422,false
true,5,14,65.5,1.7622528510433482,0.5769332388803714,false
true,5,14,65.6,1.7489716680031917,0.592833988193405,false
true,5,14,65.7,1.7367345118919761,0.6085317217447834,false
true,5,14,65.8,1.7253194014047146,0.6240351365453465,false
true,5,14,65.9,1.7145537676803269,0.6393513104123119,false
true,5,14,66.0,1.704302501947861,0.6544860561508343,false
true,5,14,66.1,1.6944591537100804,0.6694441914675681,false
true,5,14,66.2,1.6849393691229748,0.6842297464083992,false
true,5,14,66.3,1.6756759474595133,0.6988461239473062,false
true,5,14,66.4,1.6666150823859929,0.7132962250978295,false
true,5,14,66.5,1.6577134811856677,0.7275825469282899,false
true,5,14,66.6,1.6489361413352843,0.7417072597270026,false
true,5,14,66.7,1.6402546237583497,0.755672268018077,false
true,5,14,66.8,1.631645704354982,0.7694792589954088,false
true,5,14,66.9,1.6230903156613692,0.7831297411028689,false
true,5,14,67.0,1.6145727124172926,0.7966250748604738,false
true,5,14,67.1,1.6060798108909444,0.8099664975622508,false
true,5,14,67.2,1.5976006637092175,0.8231551431110395,false
true,5,14,67.3,1.589126040831279,0.8361920579795441,false
true,5,14,67.4,1.5806480939980494,0.8490782140744529,false
true,5,14,67.5,1.5721600870682944,0.8618145191159187,false
true,5,14,67.6,1.563656178528475,0.874401825016679,false
true,5,14,67.7,1.5551312454396458,0.886840934645052,false
true,5,14,67.8,1.546580740381427,0.8991326072775289,false
true,5,14,67.9,1.5380005747337337,0.9112775629848371,false
true,5,14,68.0,1.529387023023295,0.9232764861464492,false
true,5,14,68.1,1.520736644145456,0.9351300282497207,false
true,5,14,68.2,1.5120462161214396,0.9468388100989618,false
true,5,14,68.3,1.503312681719648,0.9584034235350891,false
true,5,14,68.4,1.4945331027968594,0.969824432746747,false
true,5,14,68.5,1.4857046216321605,0.9811023752378998,false
true,5,14,68.6,1.4768244278569032,0.9922377625040804,false
true,5,14,68.7,1.4678897298462827,1.0032310804590967,false
true,5,14,68.8,1.4588977296466463,1.0140827896455475,false
true,5,14,68.9,1.4498456006784464,1.024793325255591,false
true,5,14,69.0,1.4407304675866013,1.0353630969827248,false
true,5,14,69.1,1.4315493877147139,1.0457924887206294,false
true,5,14,69.2,1.422299333762502,1.0560818581211908,false
true,5,14,69.3,1.4129771772510837,1.066231536020502,false
true,5,14,69.4,1.4035796724717589,1.0762418257388007,false
true,5,14,69.5,1.3941034406332218,1.086113002257845,false
true,5,14,69.6,1.384544953951737,1.0958453112770532,false
true,5,14,69.7,1.3749005194502995,1.1054389681477819,false
true,5,14,69.8,1.3651662622473881,1.1148941566833137,false
true,5,14,69.9,1.3553381081245177,1.124211027840435,false
true,5,14,70.0,1.3454117651650759,1.1333896982668392,false
true,5,15,70.0,1.3178194168572777,1.1362973122578268,true
true,5,15,70.1,1.3095439748176247,1.1451063954230267,false
true,5,15,70.2,1.3009951056956712,1.1537921881048754,false
true,5,15,70.3,1.2921849381250925,1.1623533464056959,false
true,5,15,70.4,1.2831233284990085,1.1707886225066928,false
true,5,15,70.5,1.2738180628841056,1.179096846760959,false
true,5,15,70.6,1.2642750302271617,1.1872769113946764,false
true,5,15,70.7,1.2544983691981488,1.1953277555867963,false
true,5,15,70.8,1.244490590816981,1.2032483517168877,false
true,5,15,70.9,1.2342526787800217,1.2110376925883957,false
true,5,15,71.0,1.2237841691522313,1.218694779450077,false
true,5,15,71.1,1.213083210830812,1.2262186106517574,false
true,5,15,71.2,1.202146607922083,1.233608170781761,false
true,5,15,71.3,1.1909698449079182,1.2408624201423828,false
true,5,15,71.4,1.1795470952119929,1.2479802844266144,false
true,5,15,71.5,1.1678712135082085,1.2549606444640082,false
true,5,15,71.6,1.1559337118415565,1.2618023259060562,false
true,5,15,71.7,1.1437247193516673,1.2685040887217325,false
true,5,15,71.8,1.131232925096745,1.2750646163718475,false
true,5,15,71.9,1.1184455031647633,1.2814825045264662,false
true,5,15,72.0,1.1053480189229585,1.2877562491827006,false
true,5,15,72.1,1.0919243148877913,1.293884234030494,false
true,5,15,72.2,1.0781563742863263,1.2998647169012627,false
true,5,15,72.3,1.06402415991539,1.3056958151181295,false
true,5,15,72.4,1.0495054253739615,1.311375489546467,false
true,5,15,72.5,1.0345754951317432,1.316901527119059,false
true,5,15,72.6,1.0192070091846075,1.3222715215806424,false
true,5,15,72.7,1.0033696272141903,1.3274828521611053,false
true,5,15,72.8,0.9870296861888052,1.3325326598441234,false
true,5,15,72.9,0.9701498041860538,1.337417820847318,false
true,5,15,73.0,0.9526884218485497,1.3421349168695764,false
true,5,15,73.1,0.9345992712617245,1.3466802015892327,false
true,5,15,73.2,0.9158307601190041,1.3510495628112118,false
true,5,15,73.3,0.8963252567606498,1.3552384795594694,false
true,5,15,73.4,0.8760182589786859,1.3592419732901542,false
true,5,15,73.5,0.8548374263089964,1.363054552257432,false
true,5,15,73.6,0.8327014518223014,1.3666701478939485,false
true,5,15,73.7,0.8095187451295325,1.3700820418671222,false
true,5,15,73.8,0.7851858934142196,1.373282782236281,false
true,5,15,73.9,0.7595858618335989,1.3762640868595586,false
true,5,15,74.0,0.7325858887382328,1.3790167318796782,false
true,5,15,74.1,0.7040350251845965,1.3815304227523721,false
true,5,15,74.2,0.6737612628185923,1.3837936448722086,false
true,5,15,74.3,0.6415681905939002,1.3857934904072722,false
true,5,15,74.4,0.607231121048308,1.3875154574984974,false
true,5,15,74.5,0.5704926345185315,1.3889432175553433,false
true,5,15,74.6,0.5310575105406304,1.390058346067009,false
true,5,15,74.7,0.48858705916127343,1.3908400122867508,false
true,5,15,74.8,0.44269294591526437,1.3912646235699153,false
true,5,15,74.9,0.39293074607704664,1.3913054214366378,false
true,5,15,75.0,0.3387937018128322,1.390932029198878,false
true,5,16,75.0,0.371926492535351,1.3965132002575302,true
true,5,16,75.1,0.31533833281584134,1.3959294898960077,false
true,5,16,75.2,0.25350263978835863,1.3948777271851944,false
true,5,16,75.3,0.1857389455196908,1.3933163818238863,false
true,5,16,75.4,0.11130187809313676,1.3911984963032404,false
true,5,16,75.5,0.02939777753028966,1.3884712600750502,false
true,5,16,75.6,-0.06078116679495342,1.3850757837892596,false
true,5,16,75.7,-0.15999649429850554,1.380947245593698,false
true,5,16,75.8,-0.26886635625001876,1.3760156576763143,false
true,5,16,75.9,-0.38772201662910777,1.3702075822325022,false
true,5,16,76.0,-0.5164145722555931,1.3634491811486293,false
true,5,16,76.1,-0.654084619130488,1.3556709519135923,false
true,5,16,76.2,-0.7989364695715095,1.346814291668752,false
true,5,16,76.3,-0.9480958143722074,1.3368395511800955,false
true,5,16,76.4,-1.0976562487796417,1.3257344904057546,false
true,5,16,76.5,-1.2430020599382958,1.313521243994073,false
true,5,16,76.6,-1.379405998843694,1.3002595262895995,false
true,5,16,76.7,-1.5027636833939237,1.2860443672495911,false
true,5,16,76.8,-1.6102257459610327,1.2709982455089515,false
true,5,16,76.9,-1.700512681012176,1.2552593924148578,false
true,5,16,77.0,-1.7738433978157404,1.2389692165977533,false
true,5,16,77.1,-1.8315744388777973,1.2222616388777205,false
true,5,16,77.2,-1.8757279982747586,1.205255937231627,false
true,5,16,77.3,-1.9085634325560403,1.1880533074332142,false
true,5,16,77.4,-1.9322713096022226,1.1707363996921083,false
true,5,16,77.5,-1.948799616398824,1.1533707602505496,false
true,5,16,77.6,-1.9597840167108074,1.1360072098953105,false
true,5,16,77.7,-1.9665446929068948,1.1186844736692605,false
true,5,16,77.8,-1.9701181399562588,1.101431661780964,false
true,5,16,77.9,-1.9713024950125744,1.084270416216795,false
true,5,16,78.0,-1.9707040894968613,1.067216671577994,false
true,5,16,78.1,-1.9687792706446414,1.050282049919145,false
true,5,16,78.2,-1.9658693570769592,1.033474940011727,false
true,5,16,78.3,-1.9622286035997467,1.0168013191902414,false
true,5,16,78.4,-1.9580459518030047,1.0002653724193316,false
true,5,16,78.5,-1.953461634623341,0.9838699552329927,false
true,5,16,78.6,-1.9485796950130112,0.9676169382853231,false
true,5,16,78.7,-1.9434773458082426,0.9515074630430275,false
true,5,16,78.8,-1.9382119298091618,0.9355421312341139,false
true,5,16,78.9,-1.9328260777172646,0.9197211451263015,false
true,5,16,79.0,-1.9273515230833498,0.9040444114040098,false
true,5,16,79.1,-1.9218119214037226,0.888511618134303,false
true,5,16,79.2,-1.9162249330451147,0.8731222918476053,false
true,5,16,79.3,-1.9106037629023773,0.8578758399222408,false
true,5,16,79.4,-1.9049582994444187,0.8427715821006861,false
true,5,16,79.5,-1.8992959583542268,0.827808773960278,false
true,5,16,79.6,-1.8936223082337849,0.8129866244204279,false
true,5,16,79.7,-1.8879415353871396,0.7983043088231346,false
true,5,16,79.8,-1.882256789642014,0.7837609787222827,false
true,5,16,79.9,-1.8765704421086358,0.7693557692217821,false
true,5,16,80.0,-1.8708842776494135,0.7550878044849356,false
true,5,17,80.0,-1.8668447212976265,0.7551819346366915,true
true,5,17,80.1,-1.862057925956489,0.7410782102759111,false
true,5,17,80.2,-1.8570735915778092,0.7271034570848407,false
true,5,17,80.3,-1.851938049669148,0.7132582344714752,false
true,5,17,80.4,-1.846686866335035,0.6995427736936908,false
true,5,17,80.5,-1.8413473740424051,0.6859570552418693,false
true,5,17,80.6,-1.8359406038229646,0.6725008680381627,false
true,5,17,80.7,-1.830482759419122,0.65917385476037,false
true,5,17,80.8,-1.824986342179955,0.6459755465782124,false
true,5,17,80.9,-1.8194610099540023,0.6329053898074439,false
true,5,17,81.0,-1.8139142334611105,0.6199627663897306,false
true,5,17,81.1,-1.8083517984545554,0.6071470096510665,false
true,5,17,81.2,-1.8027781903978335,0.5944574164453101,false
true,5,17,81.3,-1.7971968895604185,0.5818932565263158,false
true,5,17,81.4,-1.7916105977367496,0.5694537797922035,false
true,5,17,81.5,-1.786021412709112,0.5571382218933338,false
true,5,17,81.6,-1.7804309627197323,0.544945808579965,false
true,5,17,81.7,-1.774840510293524,0.5328757590775632,false
true,5,17,81.8,-1.7692510325344641,0.520927288710674,false
true,5,17,81.9,-1.7636632833341208,0.5090996109450766,false
true,5,17,82.0,-1.758077841650665,0.49739193897884004,false
true,5,17,82.1,-1.7524951490426128,0.4858034869829626,false
true,5,17,82.2,-1.7469155388994415,0.4743334710693449,false
true,5,17,82.3,-1.7413392592450851,0.46298111004623155,false
true,5,17,82.4,-1.7357664905577703,0.4517456260077184,false
true,5,17,82.5,-1.7301973597186862,0.44062624479349466,false
true,5,17,82.6,-1.7246319509483488,0.429622196346942,false
true,5,17,82.7,-1.71907031439482,0.418732714993497,false
true,5,17,82.8,-1.7135124728882636,0.40795703965637076,false
true,5,17,82.9,-1.7079584272610389,0.3972944140229864,false
true,5,17,83.0,-1.7024081605436232,0.3867440866725987,false
true,5,17,83.1,-1.6968616412779378,0.37630531117330335,false
true,5,17,83.2,-1.6913188261364913,0.3659773461548865,false
true,5,17,83.3,-1.6857796619945236,0.35575945536259235,false
true,5,17,83.4,-1.6802440875703206,0.34565090769581563,false
true,5,17,83.5,-1.6747120347239834,0.33565097723488174,false
true,5,17,83.6,-1.6691834294855148,0.3257589432584219,false
true,5,17,83.7,-1.6636581928679635,0.31597409025332956,false
true,5,17,83.8,-1.658136241509522,0.30629570791887695,false
true,5,17,83.9,-1.652617488179205,0.29672309116625073,false
true,5,17,84.0,-1.6471018421734647,0.2872555401145088,false
true,5,17,84.1,-1.6415892096253972,0.2778923600837621,false
true,5,17,84.2,-1.636079493743687,0.26863286158622474,false
true,5,17,84.3,-1.6305725949949008,0.25947636031564975,false
true,5,17,84.4,-1.6250684112399418,0.2504221771355682,false
true,5,17,84.5,-1.619566837833265,0.24146963806666846,false
true,5,17,84.6,-1.6140677676916988,0.23261807427359063,false
true,5,17,84.7,-1.608571091338326,0.22386682205135877,false
true,5,17,84.8,-1.6030766969257766,0.21521522281163488,false
true,5,17,84.9,-1.5975844702423914,0.2066626230689449,false
true,5,17,85.0,-1.592094294704029,0.1982083744270026,false
true,5,18,85.0,-1.5730522714366058,0.2324061764964538,true
true,5,18,85.1,-1.573389260448101,0.2239594716592002,false
true,5,18,85.2,-1.5728972574872053,0.21556735957015252,false
true,5,18,85.3,-1.5716951804011925,0.20723561656311087,false
true,5,18,85.4,-1.5698856342990561,0.1989691002214466,false
true,5,18,85.5,-1.5675568215166613,0.19077187764738668,false
true,5,18,85.6,-1.564784343386583,0.18264733807983446,false
true,5,18,85.7,-1.5616328556143515,0.17459829099246216,false
true,5,18,85.8,-1.5581575599746678,0.16662705101247224,false
true,5,18,85.9,-1.554405529041015,0.1587355110698895,false
true,5,18,86.0,-1.5504168695496927,0.15092520516611332,false
true,5,18,86.1,-1.5462257352295246,0.14319736207404046,false
true,5,18,86.2,-1.5418612026260845,0.13555295117518296,false
true,5,18,86.3,-1.5373480244539208,0.12799272151872287,false
true,5,18,86.4,-1.5327072749306085,0.12051723506438693,false
true,5,18,86.5,-1.527956900811982,0.11312689495223362,false
true,5,18,86.6,-1.5231121907536027,0.10582196953186829,false
true,5,18,86.7,-1.51818617436615,0.09860261278320873,false
true,5,18,86.8,-1.5131899610386776,0.09146888167141147,false
true,5,18,86.9,-1.5081330273512759,0.08442075089981722,false
true,5,18,87.0,-1.5030234607320032,0.07745812545619107,false
true,5,18,87.1,-1.4978681659540858,0.07058085128826999,false
true,5,18,87.2,-1.4926730401261192,0.0637887243937294,false
true,5,18,87.3,-1.4874431209991434,0.05708149856616693,false
true,5,18,87.4,-1.4821827126936598,0.050458892001638514,false
true,5,18,87.5,-1.4768954923277517,0.043920592938802266,false
true,5,18,87.6,-1.4715846004941826,0.037466264479044734,false
true,5,18,87.7,-1.4662527180792244,0.031095548710388374,false
true,5,18,87.8,-1.460902131528978,0.02480807023989736,false
true,5,18,87.9,-1.4555347883408403,0.01860343922318431,false
true,5,18,88.0,-1.450152344280195,0.012481253966018686,false
true,5,18,88.1,-1.4447562035879564,0.006441103161558768,false
true,5,18,88.2,-1.439347553246823,0.0004825678170431568,false
true,5,18,88.3,-1.4339273922073943,-0.005394777084396981,false
true,5,18,88.4,-1.4284965563348753,-0.011191361148044775,false
true,5,18,88.5,-1.4230557397188197,-0.016907617325091245,false
true,5,18,88.6,-1.4176055128887664,-0.02254398083530806,false
true,5,18,88.7,-1.4121463383947404,-0.028100888231054715,false
true,5,18,88.8,-1.406678584140922,-0.03357877658229777,false
true,5,18,88.9,-1.4012025348012374,-0.03897808276530129,false
true,5,18,89.0,-1.3957184015954007,-0.044299242840173995,false
true,5,18,89.1,-1.3902263306615803,-0.04954269150459993,false
true,5,18,89.2,-1.3847264102260828,-0.054708861612897564,false
true,5,18,89.3,-1.3792186767402315,-0.0597981837510947,false
true,5,18,89.4,-1.3737031201290546,-0.06481108586001896,false
true,5,18,89.5,-1.3681796882747688,-0.06974799289951863,false
true,5,18,89.6,-1.3626482908397093,-0.0746093265478782,false
true,5,18,89.7,-1.3571088025178213,-0.07939550493130196,false
true,5,18,89.8,-1.3515610657906163,-0.08410694237902773,false
true,5,18,89.9,-1.3460048932522868,-0.0887440492002209,false
true,5,18,90.0,-1.3404400695591139,-0.09330723147929974,false
true,5,19,90.0,-1.3057552547667581,-0.11222626186181558,true
true,5,19,90.1,-1.3008635653815055,-0.11632139496547365,false
true,5,19,90.2,-1.295906527305399,-0.12035113035560227,false
true,5,19,90.3,-1.2908886310883672,-0.12431538238945833,false
true,5,19,90.4,-1.2858138745394405,-0.12821409977976167,false
true,5,19,90.5,-1.2806858108726624,-0.13204726164195835,false
true,5,19,90.6,-1.275507591708141,-0.1358148739297397,false
true,5,19,90.7,-1.2702820054491148,-0.1395169662174247,false
true,5,19,90.8,-1.2650115115074165,-0.14315358879203635,false
true,5,19,90.9,-1.259698270804139,-0.146724810021722,false
true,5,19,91.0,-1.2543441729298863,-0.1502307139706129,false
true,5,19,91.1,-1.2489508603098365,-0.1536713982333159,false
true,5,19,91.2,-1.243519749682935,-0.15704697196500841,false
true,5,19,91.3,-1.2380520511717679,-0.16035755408559493,false
true,5,19,91.4,-1.2325487851898889,-0.16360327163860594,false
true,5,19,91.5,-1.2270107974064193,-0.16678425828750065,false
true,5,19,91.6,-1.221438771963376,-0.169900652933801,false
true,5,19,91.7,-1.2158332431192325,-0.1729525984430519,false
true,5,19,91.8,-1.2101946054724522,-0.1759402404659966,false
true,5,19,91.9,-1.2045231229009519,-0.17886372634358905,false
true,5,19,92.0,-1.198818936337472,-0.18172320408555828,false
true,5,19,92.1,-1.1930820704864529,-0.1845188214132025,false
true,5,19,92.2,-1.1873124395750798,-0.18725072485794061,false
true,5,19,92.3,-1.1815098522195029,-0.18991905890789407,false
true,5,19,92.4,-1.1756740154767158,-0.19252396519542464,false
true,5,19,92.5,-1.1698045381430517,-0.19506558171912208,false
true,5,19,92.6,-1.1639009333516077,-0.1975440420942288,false
true,5,19,92.7,-1.1579626205130242,-0.1999594748259111,false
true,5,19,92.8,-1.1519889266368184,-0.20231200260014873,false
true,5,19,92.9,-1.1459790870638107,-0.2046017415873161,false
true,5,19,93.0,-1.1399322456339978,-0.20682880075377955,false
true,5,19,93.1,-1.1338474543084367,-0.20899328117703525,false
true,5,19,93.2,-1.1277236722582349,-0.21109527536006684,false
true,5,19,93.3,-1.1215597644285191,-0.2131348665407134,false
true,5,19,93.4,-1.1153544995802205,-0.21511212799190707,false
true,5,19,93.5,-1.109106547807583,-0.2170271223086697,false
true,5,19,93.6,-1.1028144775244386,-0.21887990067774732,false
true,5,19,93.7,-1.0964767519074097,-0.2206705021257132,false
true,5,19,93.8,-1.0900917247792468,-0.22239895274128216,false
true,5,19,93.9,-1.0836576359104244,-0.22406526486745232,false
true,5,19,94.0,-1.0771726057118267,-0.22566943625892294,false
true,5,19,94.1,-1.0706346292857984,-0.22721144920002712,false
true,5,19,94.2,-1.0640415697969294,-0.22869126957816455,false
true,5,19,94.3,-1.0573911511176177,-0.23010884590741837,false
true,5,19,94.4,-1.0506809496966176,-0.23146410829668862,false
true,5,19,94.5,-1.0439083855913422,-0.23275696735626888,false
true,5,19,94.6,-1.0370707125965346,-0.23398731303632672,false
true,5,19,94.7,-1.0301650073929505,-0.235155013390218,false
true,5,19,94.8,-1.0231881576297537,-0.23625991325496212,false
true,5,19,94.9,-1.016136848843279,-0.23730183284052306,false
true,5,19,95.0,-1.009007550102487,-0.23828056621876909,false
true,5,20,95.0,-1.107684602063882,-0.20778149971481852,true
true,5,20,95.1,-1.1023357415961668,-0.20968570483358073,false
true,5,20,95.2,-1.0969150460219754,-0.21153482054200468,false
true,5,20,95.3,-1.0914230697217446,-0.2133286277955261,false
true,5,20,95.4,-1.0858601559901286,-0.21506691252191104,false
true,5,20,95.5,-1.0802264416446405,-0.2167494639253397,false
true,5,20,95.6,-1.0745218605833158,-0.21837607283385557,false
true,5,20,95.7,-1.0687461463045917,-0.2199465300815782,false
true,5,20,95.8,-1.0628988333967608,-0.22146062491721563,false
true,5,20,95.9,-1.056979257998126,-0.22291814343050056,false
true,5,20,96.0,-1.0509865572223545,-0.22431886698821,false
true,5,20,96.1,-1.0449196675364558,-0.22566257067141016,false
true,5,20,96.2,-1.038777322071272,-0.22694902170549164,false
true,5,20,96.3,-1.0325580468362925,-0.22817797787442096,false
true,5,20,96.4,-1.0262601558019342,-0.22934918591043063,false
true,5,20,96.5,-1.0198817448030582,-0.23046237985009532,false
true,5,20,96.6,-1.013420684207343,-0.23151727934739028,false
true,5,20,96.7,-1.0068746102810606,-0.23251358793389543,false
true,5,20,96.8,-1.000240915172675,-0.23345099121578564,false
true,5,20,96.9,-0.9935167354213451,-0.23432915499662663,false
true,5,20,97.0,-0.9866989388826579,-0.23514772331426753,false
true,5,20,97.1,-0.9797841099475426,-0.23590631637927245,false
true,5,20,97.2,-0.9727685329120624,-0.2366045284013533,false
true,5,20,97.3,-0.965648173335352,-0.2372419252891372,false
true,5,20,97.4,-0.958418657200037,-0.2378180422073085,false
true,5,20,97.5,-0.9510752476636393,-0.2383323809736851,false
true,5,20,97.6,-0.9436128191602856,-0.2387844072770994,false
true,5,20,97.7,-0.9360258285789792,-0.23917354769502872,false
true,5,20,97.8,-0.9283082832071369,-0.23949918648772273,false
true,5,20,97.9,-0.9204537050853412,-0.23976066214307679,false
true,5,20,98.0,-0.9124550913704681,-0.23995726364364864,false
true,5,20,98.1,-0.9043048702485496,-0.24008822642396946,false
true,5,20,98.2,-0.8959948518747937,-0.24015272798259585,false
true,5,20,98.3,-0.8875161737447691,-0.2401498831091235,false
true,5,20,98.4,-0.8788592398163103,-0.2400787386815541,false
true,5,20,98.5,-0.8700136526043831,-0.23993826798388726,false
true,5,20,98.6,-0.8609681373588152,-0.23972736448748855,false
true,5,20,98.7,-0.8517104573049092,-0.2394448350325412,false
true,5,20,98.8,-0.8422273187765514,-0.23908939233757598,false
true,5,20,98.9,-0.8325042648969991,-0.23865964675552095,false
true,5,20,99.0,-0.822525556259971,-0.23815409718372033,false
true,5,20,99.1,-0.8122740368281416,-0.23757112102270672,false
true,5,20,99.2,-0.8017309829919828,-0.23690896306389775,false
true,5,20,99.3,-0.7908759334124685,-0.23616572316950607,false
true,5,20,99.4,-0.7796864968987061,-0.2353393425884245,false
true,5,20,99.5,-0.7681381351370622,-0.2344275887292334,false
true,5,20,99.6,-0.7562039165813955,-0.2334280381852608,false
true,5,20,99.7,-0.7438542372226097,-0.23233805777620567,false
true,5,20,99.8,-0.731056503266347,-0.23115478333550876,false
true,5,20,99.9,-0.7177747699450621,-0.22987509593162025,false
true,5,20,100.0,-0.7039693297583823,-0.2284955951636284,false
true,10,1,0.0,-1.8633893588791945,0.9432517283983279,true
true,10,1,0.1,-1.8759558702077896,0.9279035376962608,false
true,10,1,0.2,-1.8843703767646123,0.9125702907581794,false
true,10,1,0.30000000000000004,-1.8895403034027127,0.8972812532766125,false
true,10,1,0.4,-1.8921938173428048,0.8820589997692619,false
true,10,1,0.5,-1.8929061383743895,0.8669207827157311,false
true,10,1,0.6000000000000001,-1.8921265684857047,0.8518796775104555,false
true,10,1,0.7000000000000001,-1.8902032583503436,0.8369455123096382,false
true,10,1,0.8,-1.887404483947407,0.8221256079675929,false
true,10,1,0.9,-1.8839362025299473,0.8074253584932276,false
true,10,1,1.0,-1.8799561572059242,0.792848681853651,false
true,10,1,1.1,-1.8755850045225413,0.7783983676516254,false
true,10,1,1.2,-1.8709149838607617,0.7640763439998278,false
true,10,1,1.3,-1.8660166132752447,0.7498838817383612,false
true,10,1,1.4,-1.8609438304046277,0.7358217504140478,false
true,10,1,1.5,-1.8557379239252518,0.7218903373020527,false
true,10,1,1.6,-1.8504305325358874,0.7080897382020932,false
true,10,1,1.7000000000000002,-1.8450459293449264,0.6944198267197904,false
true,10,1,1.8,-1.839602760823378,0.6808803071647352,false
true,10,1,1.9,-1.8341153705071287,0.6674707549767663,false
true,10,1,2.0,-1.8285948070296156,0.6541906476560765,false
true,10,1,2.1,-1.8230495923500714,0.6410393884584323,false
true,10,1,2.2,-1.8174863078251926,0.62801632457333,false
true,10,1,2.3,-1.8119100418627265,0.61512076109027,false
true,10,1,2.4,-1.806324732318165,0.6023519717453721,false
true,10,1,2.5,-1.8007334287731616,0.5897092072032765,false
true,10,1,2.6,-1.795138493758736,0.5771917014493675,false
true,10,1,2.7,-1.7895417573887986,0.5647986767308744,false
true,10,1,2.8,-1.783944636390954,0.5525293473817763,false
true,10,1,2.9,-1.7783482258888925,0.5403829227876842,false
true,10,1,3.0,-1.7727533702969824,0.5283586096869406,false
true,10,1,3.1,-1.7671607181764928,0.5164556139585142,false
true,10,1,3.2,-1.7615707647562524,0.5046731420124186,false
true,10,1,3.3,-1.7559838849493867,0.49301040187175665,false
true,10,1,3.4,-1.7504003590350643,0.48146660401510544,false
true,10,1,3.5,-1.7448203926692876,0.4700409620323302,false
true,10,1,3.6,-1.7392441325035257,0.4587326931349127,false
true,10,1,3.7,-1.7336716783955963,0.44754101855264805,false
true,10,1,3.8,-1.7281030929718668,0.43646516384144884,false
true,10,1,3.9,-1.7225384091270965,0.4255043591215062,false
true,10,1,4.0,-1.716977635915574,0.4146578392608089,false
true,10,1,4.1,-1.7114207631851628,0.4039248440157366,false
true,10,1,4.2,-1.7058677652272412,0.39330461813788886,false
true,10,1,4.3,-1.7003186036548414,0.3827964114543316,false
true,10,1,4.4,-1.6947732296743814,0.3723994789268967,false
true,10,1,4.5,-1.689231585880054,0.3621130806949687,false
true,10,1,4.6,-1.6836936076717526,0.351936482105251,false
true,10,1,4.7,-1.6781592243755292,0.34186895373126824,false
true,10,1,4.8,-1.6726283601285226,0.33190977138478595,false
true,10,1,4.9,-1.6671009345770211,0.32205821612087515,false
true,10,1,5.0,-1.661576863425943,0.3123135742379933,false
true,10,1,5.1,-1.6560560588698987,0.30267513727417317,false
true,10,1,5.2,-1.6505384299296517,0.2931422020001907,false
true,10,1,5.3,-1.6450238827127839,0.2837140704104064,false
true,10,1,5.4,-1.6395123206134699,0.2743900497118387,false
true,10,1,5.5,-1.6340036444631547,0.26516945231191663,false
true,10,1,5.6,-1.6284977526415063,0.25605159580527337,false
true,10,1,5.7,-1.6229945411550801,0.24703580295987237,false
true,10,1,5.8,-1.6174939036896092,0.2381214017027035,false
true,10,1,5.9,-1.6119957316406295,0.2293077251052427,false
true,10,1,6.0,-1.6064999141261815,0.22059411136883397,false
true,10,1,6.1,-1.6010063379845738,0.2119799038101247,false
true,10,1,6.2,-1.5955148877595748,0.2034644508466632,false
true,10,1,6.3,-1.5900254456749234,0.19504710598275024,false
true,10,1,6.4,-1.5845378915996462,0.1867272277956214,false
true,10,1,6.5,-1.5790521030053681,0.17850417992202694,false
true,10,1,6.6,-1.5735679549165411,0.17037733104526648,false
true,10,1,6.7,-1.5680853198543188,0.1623460548827291,false
true,10,1,6.8,-1.5626040677746358,0.154409730173984,false
true,10,1,6.9,-1.5571240660009182,0.1465677406694624,false
true,10,1,7.0,-1.5516451791517427,0.13881947511976891,false
true,10,1,7.1,-1.5461672690636674,0.13116432726565702,false
true,10,1,7.2,-1.5406901947093905,0.12360169582870287,false
true,10,1,7.3,-1.5352138121113212,0.11613098450270942,false
true,10,1,7.4,-1.529737974250604,0.10875160194587292,false
true,10,1,7.5,-1.5242625309715883,0.10146296177374291,false
true,10,1,7.6,-1.5187873288816929,0.09426448255300726,false
true,10,1,7.7,-1.5133122112465953,0.08715558779613412,false
true,10,1,7.8,-1.5078370178806277,0.08013570595690277,false
true,10,1,7.9,-1.5023615850322518,0.07320427042685661,false
true,10,1,8.0,-1.4968857452644475,0.06636071953271225,false
true,10,1,8.1,-1.491409327329835,0.05960449653475984,false
true,10,1,8.2,-1.4859321560403267,0.05293504962629118,false
true,10,1,8.3,-1.4804540521310814,0.0463518319340934,false
true,10,1,8.4,-1.4749748321185159,0.039854301520048076,false
true,10,1,8.5,-1.4694943081521086,0.0334419213838769,false
true,10,1,8.6,-1.464012287859705,0.027114159467077476,false
true,10,1,8.7,-1.4585285741860208,0.020870488658094398,false
true,10,1,8.8,-1.4530429652240087,0.014710386798773595,false
true,10,1,8.9,-1.4475552540387404,0.008633336692149806,false
true,10,1,9.0,-1.4420652284834263,0.0026388261116200035,false
true,10,1,9.1,-1.4365726710071707,-0.003273652188441953,false
true,10,1,9.2,-1.4310773584540417,-0.009104600460570808,false
true,10,1,9.3,-1.4255790618529978,-0.014854515950534353,false
true,10,1,9.4,-1.4200775461981923,-0.020523890882031687,false
true,10,1,9.5,-1.414572570219141,-0.026113212439697116,false
true,10,1,9.6,-1.40906388614021,-0.03162296275033737,false
true,10,1,9.7,-1.4035512394288419,-0.03705361886232609,false
true,10,1,9.8,-1.3980343685319052,-0.04240565272307496,false
true,10,1,9.9,-1.3925130045995109,-0.04767953115449656,false
true,10,1,10.0,-1.3869868711955962,-0.05287571582636897,false
true,10,2,10.0,-1.2920992226910661,-0.08890094643767085,true
true,10,2,10.1,-1.290361504012241,-0.09304872800940506,false
true,10,2,10.2,-1.2883362774161928,-0.09715502875280232,false
true,10,2,10.3,-1.2860450552303564,-0.10121790754872796,false
true,10,2,10.4,-1.2835077288570838,-0.10523560068639078,false
true,10,2,10.5,-1.2807426530115475,-0.10920650813875007,false
true,10,2,10.6,-1.2777667332840694,-0.11312918061212443,false
true,10,2,10.7,-1.2745955148460129,-0.11700230738252608,false
true,10,2,10.8,-1.2712432705949122,-0.12082470491572726,false
true,10,2,10.9,-1.2677230874369487,-0.12459530625614611,false
true,10,2,11.0,-1.2640469497401945,-0.12831315116073355,false
true,10,2,11.1,-1.2602258192678084,-0.13197737694762451,false
true,10,2,11.2,-1.2562697111242276,-0.13558721002492596,false
true,10,2,11.3,-1.2521877654266502,-0.13914195806225457,false
true,10,2,11.4,-1.2479883145555697,-0.14264100276616867,false
true,10,2,11.5,-1.2436789459478992,-0.14608379322017806,false
true,10,2,11.6,-1.2392665604797701,-0.14946983975032435,false
true,10,2,11.7,-1.2347574265481127,-0.15279870827821004,false
true,10,2,11.8,-1.2301572300046981,-0.15607001512465515,false
true,10,2,11.9,-1.2254711201268844,-0.15928342222875141,false
true,10,2,12.0,-1.2207037518287436,-0.16243863274886233,false
true,10,2,12.1,-1.2158593243269809,-0.1655353870140024,false
true,10,2,12.2,-1.2109416164800342,-0.16857345879596003,false
true,10,2,12.3,-1.2059540190176181,-0.17155265187445823,false
true,10,2,12.4,-1.20089956387302,-0.17447279686953754,false
true,10,2,12.5,-1.195780950822743,-0.17733374831717577,false
true,10,2,12.6,-1.1906005716284407,-0.18013538196590492,false
true,10,2,12.7,-1.185360531865155,-0.18287759227383968,false
true,10,2,12.8,-1.1800626706081632,-0.18556029008708436,false
true,10,2,12.9,-1.1747085781386477,-0.18818340048193205,false
true,10,2,13.0,-1.1692996118162189,-0.19074686075461153,false
true,10,2,13.1,-1.1638369102542498,-0.19325061854357262,false
true,10,2,13.2,-1.1583214059221927,-0.19569463007043378,false
true,10,2,13.3,-1.152753836287621,-0.1980788584867485,false
true,10,2,13.4,-1.1471347535997616,-0.2004032723146836,false
true,10,2,13.5,-1.1414645334057656,-0.20266784397054835,false
true,10,2,13.6,-1.1357433818809404,-0.20487254836087054,false
true,10,2,13.7,-1.1299713420446027,-0.207017361541391,false
true,10,2,13.8,-1.124148298924104,-0.2091022594299443,false
true,10,2,13.9,-1.1182739837208895,-0.21112721656471456,false
true,10,2,14.0,-1.1123479770241276,-0.21309220489980596,false
true,10,2,14.1,-1.1063697111094584,-0.2149971926304498,false
true,10,2,14.2,-1.1003384713526858,-0.21684214304048766,false
true,10,2,14.3,-1.0942533967807315,-0.21862701336502427,false
true,10,2,14.4,-1.0881134797748122,-0.22035175366133855,false
true,10,2,14.5,-1.0819175649335375,-0.2220163056812749,false
true,10,2,14.6,-1.075664347096374,-0.22362060173841247,false
true,10,2,14.7,-1.0693523685206159,-0.22516456356332812,false
true,10,2,14.8,-1.0629800151975664,-0.22664810114022613,false
true,10,2,14.9,-1.0565455122859813,-0.22807111151810722,false
true,10,2,15.0,-1.0500469186328687,-0.22943347758948565,false
true,10,2,15.1,-1.043482120343378,-0.2307350668294368,false
true,10,2,15.2,-1.0368488233526494,-0.23197572998746316,false
true,10,2,15.3,-1.0301445449430036,-0.23315529972430135,false
true,10,2,15.4,-1.0233666041396083,-0.2342735891853516,false
true,10,2,15.5,-1.0165121109066282,-0.23533039050188662,false
true,10,2,15.6,-1.009577954053665,-0.23632547321058361,false
true,10,2,15.7,-1.002560787748866,-0.23725858258121177,false
true,10,2,15.8,-0.9954570165202035,-0.23812943784148713,false
true,10,2,15.9,-0.988262778609864,-0.23893773028716786,false
true,10,2,16.0,-0.9809739275281878,-0.2396831212643886,false
true,10,2,16.1,-0.973586011632826,-0.2403652400100105,false
true,10,2,16.2,-0.9660942515354094,-0.2409836813343721,false
true,10,2,16.3,-0.9584935151116195,-0.24153800312924603,false
true,10,2,16.4,-0.9507782898606483,-0.24202772368201272,false
true,10,2,16.5,-0.9429426523260861,-0.2424523187750245,false
true,10,2,16.6,-0.9349802342516341,-0.24281121854682075,false
true,10,2,16.7,-0.9268841851009609,-0.2431038040892275,false
true,10,2,16.8,-0.9186471305206413,-0.2433294037513869,false
true,10,2,16.9,-0.9102611262674094,-0.2434872891183652,false
true,10,2,17.0,-0.9017176070547447,-0.243576670628117,false
true,10,2,17.1,-0.8930073296976837,-0.24359669278617285,false
true,10,2,17.2,-0.8841203098470923,-0.24354642893238101,false
true,10,2,17.3,-0.8750457515035105,-0.24342487550828038,false
true,10,2,17.4,-0.8657719683838434,-0.24323094576709553,false
true,10,2,17.5,-0.8562862960789707,-0.24296346286079856,false
true,10,2,17.6,-0.846574993783648,-0.24262115223002234,false
true,10,2,17.7,-0.8366231341982261,-0.24220263321265725,false
true,10,2,17.8,-0.8264144799903804,-0.24170640977551083,false
true,10,2,17.9,-0.815931344959171,-0.24113086026020863,false
true,10,2,18.0,-0.8051544377573735,-0.24047422601928245,false
true,10,2,18.1,-0.7940626856941794,-0.23973459880078588,false
true,10,2,18.2,-0.7826330357509105,-0.23890990671940743,false
true,10,2,18.3,-0.7708402294878863,-0.23799789862845158,false
true,10,2,18.4,-0.7586565479900864,-0.23699612667968936,false
true,10,2,18.5,-0.7460515223802627,-0.23590192682631114,false
true,10,2,18.6,-0.7329916047064998,-0.2347123969873123,false
true,10,2,18.7,-0.7194397931711277,-0.23342437254875853,false
true,10,2,18.8,-0.7053552046922144,-0.2320343988275395,false
true,10,2,18.9,-0.6906925866596666,-0.23053870006531765,false
true,10,2,19.0,-0.6754017584476089,-0.22893314445316942,false
true,10,2,19.1,-0.6594269717578056,-0.22721320460953126,false
true,10,2,19.2,-0.6427061771855891,-0.2253739128440356,false
true,10,2,19.3,-0.6251701825210886,-0.22340981043616168,false
true,10,2,19.4,-0.6067416862450161,-0.2213148900389242,false
true,10,2,19.5,-0.587334167503242,-0.21908253018296775,false
true,10,2,19.6,-0.5668506116551132,-0.21670542070494267,false
true,10,2,19.7,-0.5451820484802145,-0.21417547775660425,false
true,10,2,19.8,-0.5222058786255884,-0.2114837468704273,false
true,10,2,19.9,-0.49778396341869985,-0.2086202923697762,false
true,10,2,20.0,-0.47176045462089317,-0.20557407122837257,false
true,10,3,20.0,-0.6431483126570812,-0.2665967412024393,true
true,10,3,20.1,-0.6214042902029236,-0.2643565365495311,false
true,10,3,20.2,-0.5985226998817563,-0.2619527627496591,false
true,10,3,20.3,-0.5743811369158851,-0.25937691285743747,false
true,10,3,20.4,-0.5488417020510233,-0.25661949763059994,false
true,10,3,20.5,-0.5217487653670536,-0.25366991950589496,false
true,10,3,20.6,-0.49292642439900647,-0.25051632834213006,false
true,10,3,20.7,-0.46217563770511566,-0.24714545652665806,false
true,10,3,20.8,-0.4292710300976658,-0.24354243096030354,false
true,10,3,20.9,-0.3939573930877299,-0.23969055952041116,false
true,10,3,21.0,-0.3559459505827811,-0.23557108997472925,false
true,10,3,21.1,-0.31491053571004485,-0.23116294016922667,false
true,10,3,21.2,-0.270483944537281,-0.2264423999269503,false
true,10,3,21.3,-0.22225491699821623,-0.22138280789699838,false
true,10,3,21.4,-0.16976647187912303,-0.21595421119512648,false
true,10,3,21.5,-0.11251672487846408,-0.21012302293347357,false
true,10,3,21.6,-0.04996388168737634,-0.20385170377345238,false
true,10,3,21.7,0.018462154978353698,-0.19709850981922822,false
true,10,3,21.8,0.09333821366086636,-0.18981737190119596,false
true,10,3,21.9,0.1752120116758622,-0.18195800146364308,false
true,10,3,22.0,0.2645470604298008,-0.1734663550537368,false
true,10,3,22.1,0.36164360517445426,-0.16428562816146758,false
true,10,3,22.2,0.46653322099504024,-0.15435797818405167,false
true,10,3,22.3,0.5788506074062124,-0.1436271732582347,false
true,10,3,22.4,0.6976969565229751,-0.13204229444065502,false
true,10,3,22.5,0.821524647228929,-0.11956244409258682,false
true,10,3,22.6,0.9480885421189161,-0.10616211185231726,false
true,10,3,22.7,1.0745148225275043,-0.0918364572502052,false
true,10,3,22.8,1.1975211926181542,-0.07660541606121685,false
true,10,3,22.9,1.313776502370447,-0.060515439927726886,false
true,10,3,23.0,1.4203269167906634,-0.043638024278221874,false
true,10,3,23.1,1.514973306515091,-0.026064960631212133,false
true,10,3,23.2,1.5964925581666014,-0.007901176340099715,false
true,10,3,23.3,1.664655001435453,0.010743336637726614,false
true,10,3,23.4,1.720066120314259,0.029760938643276127,false
true,10,3,23.5,1.7639106524657646,0.04905200090312414,false
true,10,3,23.6,1.7976832370667983,0.0685283838684492,false
true,10,3,23.7,1.8229639119552281,0.08811489740285824,false
true,10,3,23.8,1.8412624475287445,0.10774923041447826,false
true,10,3,23.9,1.8539294667956931,0.12738091335820861,false
true,10,3,24.0,1.8621193554204245,0.1469697971144719,false
true,10,3,24.1,1.8667872739559992,0.16648439315403563,false
true,10,3,24.2,1.8687053009798282,0.18590028536120934,false
true,10,3,24.3,1.86848711024037,0.2051987203777442,false
true,10,3,24.4,1.8666146220871376,0.22436541483043299,false
true,10,3,24.5,1.8634630747333423,0.24338957798689434,false
true,10,3,24.6,1.8593229200970163,0.2622631284981733,false
true,10,3,24.7,1.8544180968695558,0.28098007633094163,false
true,10,3,24.8,1.8489208345680932,0.29953604029288483,false
true,10,3,24.9,1.8429634092692746,0.3179278742009569,false
true,10,3,25.0,1.8366473512645747,0.33615337867472006,false
true,10,3,25.1,1.8300505891001164,0.3542110796517793,false
true,10,3,25.2,1.8232329570043897,0.3721000584926429,false
true,10,3,25.3,1.8162404226545141,0.3898198217666327,false
true,10,3,25.4,1.809108324033715,0.4073702014567043,false
true,10,3,25.5,1.8018638440020758,0.424751278436418,false
true,10,3,25.6,1.7945279009977366,0.441963323733967,false
true,10,3,25.7,1.7871165937442526,0.4590067533880223,false
true,10,3,25.8,1.7796423058034943,0.47588209369334383,false
true,10,3,25.9,1.772114550862715,0.49258995439471887,false
true,10,3,26.0,1.7645406204026923,0.509131007968236,false
true,10,3,26.1,1.7569260806536793,0.5255059735709071,false
true,10,3,26.2,1.7492751545043188,0.5417156045758543,false
true,10,3,26.3,1.7415910154795697,0.5577606788659117,false
true,10,3,26.4,1.7338760144129859,0.5736419912529098,false
true,10,3,26.5,1.7261318545145816,0.5893603475378633,false
true,10,3,26.6,1.7183597268003195,0.6049165598399922,false
true,10,3,26.7,1.7105604150148035,0.6203114429084702,false
true,10,3,26.8,1.7027343770261674,0.6355458111964526,false
true,10,3,26.9,1.694881808035607,0.650620476527169,false
true,10,3,27.0,1.687002689698202,0.6655362462203568,false
true,10,3,27.1,1.6790968283018568,0.6802939215768578,false
true,10,3,27.2,1.6711638844259036,0.6948942966419235,false
true,10,3,27.3,1.6632033959460537,0.7093381571852775,false
true,10,3,27.4,1.6552147958271581,0.723626279849493,false
true,10,3,27.5,1.6471974258186903,0.7377594314286878,false
true,10,3,27.6,1.6391505469166212,0.7517383682476242,false
true,10,3,27.7,1.6310733472615961,0.7655638356175736,false
true,10,3,27.8,1.6229649479936004,0.779236567350177,false
true,10,3,27.9,1.6148244074673046,0.7927572853143144,false
true,10,3,28.0,1.6066507241421992,0.806126699023944,false
true,10,3,28.1,1.5984428383914697,0.8193455052471591,false
true,10,3,28.2,1.590199633418759,0.8324143876284943,false
true,10,3,28.3,1.5819199354290037,0.8453340163178881,false
true,10,3,28.4,1.5736025131657019,0.8581050476007819,false
true,10,3,28.5,1.5652460769002337,0.8707281235246522,false
true,10,3,28.6,1.556849276937554,0.8832038715178988,false
true,10,3,28.7,1.5484107016855295,0.8955329039974792,false
true,10,3,28.8,1.5399288753213818,0.9077158179620248,false
true,10,3,28.9,1.5314022550774116,0.9197531945674126,false
true,10,3,29.0,1.5228292281588096,0.9316455986819245,false
true,10,3,29.1,1.5142081082984444,0.9433935784182177,false
true,10,3,29.2,1.5055371319467064,0.9549976646393521,false
true,10,3,29.3,1.49681445408846,0.966458370436105,false
true,10,3,29.4,1.488038143673704,0.9777761905727314,false
true,10,3,29.5,1.4792061786434427,0.9889516008982194,false
true,10,3,29.6,1.4703164405273943,0.9999850577199453,false
true,10,3,29.7,1.461366708585331,1.0108769971364415,false
true,10,3,29.8,1.4523546534589693,1.021627834325772,false
true,10,3,29.9,1.4432778302962825,1.0322379627857472,false
true,10,3,30.0,1.4341336713047785,1.0427077535219051,false
true,10,4,30.0,1.3893349327888949,1.0892822957322503,true
true,10,4,30.1,1.37989720301335,1.0989568536063923,false
true,10,4,30.2,1.3703567450708356,1.1084940224505284,false
true,10,4,30.3,1.360711501561573,1.1178938516422543,false
true,10,4,30.4,1.3509589611324848,1.1271563720121454,false
true,10,4,30.5,1.3410961751783133,1.1362815924132967,false
true,10,4,30.6,1.3311197680057276,1.1452694964193697,false
true,10,4,30.7,1.3210259410835465,1.1541200391007898,false
true,10,4,30.8,1.3108104718524831,1.1628331438334185,false
true,10,4,30.9,1.3004687074368917,1.1714086990975587,false
true,10,4,31.0,1.2899955534847107,1.1798465552276747,false
true,10,4,31.1,1.2793854582565216,1.1881465210748414,false
true,10,4,31.2,1.2686323919872378,1.196308360544752,false
true,10,4,31.3,1.2577298214515544,1.2043317889741634,false
true,10,4,31.4,1.2466706795743314,1.212216469307989,false
true,10,4,31.5,1.235447329837097,1.2199620080378648,false
true,10,4,31.6,1.2240515251394637,1.22756795086091,false
true,10,4,31.7,1.2124743606770398,1.235033778014569,false
true,10,4,31.8,1.2007062202929,1.242358899239789,false
true,10,4,31.9,1.1887367156451882,1.2495426483203143,false
true,10,4,32.0,1.1765546174060273,1.2565842771404752,false
true,10,4,32.1,1.164147777563318,1.2634829491973882,false
true,10,4,32.2,1.1515030417334626,1.2702377324958596,false
true,10,4,32.3,1.1386061502052025,1.2768475917452962,false
true,10,4,32.4,1.1254416262175229,1.2833113797673958,false
true,10,4,32.5,1.1119926497219406,1.2896278280110456,false
true,10,4,32.6,1.0982409145843464,1.2957955360564204,false
true,10,4,32.7,1.0841664668354254,1.3018129599733754,false
true,10,4,32.8,1.0697475211713896,1.3076783993794383,false
true,10,4,32.9,1.0549602524262032,1.3133899830195148,false
true,10,4,33.0,1.0397785581680923,1.3189456526622036,false
true,10,4,33.1,1.024173787899507,1.3243431450756342,false
true,10,4,33.2,1.0081144335399623,1.3295799718081005,false
true,10,4,33.3,0.9915657749204236,1.3346533964544054,false
true,10,4,33.4,0.9744894728864891,1.3395604090364657,false
true,10,4,33.5,0.9568431012605126,1.3442976970648488,false
true,10,4,33.6,0.9385796073089171,1.3488616127746806,false
true,10,4,33.7,0.9196466884527265,1.3532481359426378,false
true,10,4,33.8,0.8999860706927499,1.357452831588944,false
true,10,4,33.9,0.8795326715362336,1.3614708017464638,false
true,10,4,34.0,0.8582136270462715,1.3652966303346374,false
true,10,4,34.1,0.8359471589277362,1.3689243200052161,false
true,10,4,34.2,0.8126412532642815,1.3723472196251523,false
true,10,4,34.3,0.7881921176088448,1.3755579408249539,false
true,10,4,34.4,0.7624823776417406,1.3785482617637559,false
true,10,4,34.5,0.7353789686899914,1.3813090159414323,false
true,10,4,34.6,0.7067306713824006,1.3838299635212774,false
true,10,4,34.7,0.6763652352534759,1.3860996422159744,false
true,10,4,34.8,0.6440860304010567,1.3881051943437903,false
true,10,4,34.9,0.6096681674271066,1.3898321662029502,false
true,10,4,35.0,0.572854033358556,1.391264275483426,false
true,10,4,35.1,0.5333482118474434,1.3923831421165231,false
true,10,4,35.2,0.4908117990666369,1.3931679778921977,false
true,10,4,35.3,0.4448562072664337,1.3935952305849912,false
true,10,4,35.4,0.39503668919317175,1.3936381796034212,false
true,10,4,35.5,0.34084605385053884,1.3932664829246657,false
true,10,4,35.6,0.2817094293315908,1.3924456802477072,false
true,10,4,35.7,0.21698153399760645,1.3911366663326659,false
true,10,4,35.8,0.1459488352520379,1.3892951634807882,false
true,10,4,35.9,0.06784030325736903,1.3868712458981078,false
true,10,4,36.0,-0.018147738320573564,1.3838090047703506,false
true,10,4,36.1,-0.11280499922887337,1.3800464946698006,false
true,10,4,36.2,-0.21682913211796295,1.3755161706942534,false
true,10,4,36.3,-0.3307057614259889,1.3701461061745759,false
true,10,4,36.4,-0.4545393817436252,1.3638623529995142,false
true,10,4,36.5,-0.5878387256391144,1.3565928253922068,false
true,10,4,36.6,-0.7292827624532908,1.348272975449863,false
true,10,4,36.7,-0.8765278057792687,1.33885318739845,false
true,10,4,36.8,-1.0261510365520619,1.3283071897945296,false
true,10,4,36.9,-1.173833411265476,1.3166399686853631,false
true,10,4,37.0,-1.3148315637726895,1.3038930176750085,false
true,10,4,37.1,-1.444668276582903,1.2901448243515423,false
true,10,4,37.2,-1.5598411848130225,1.275505611297073,false
true,10,4,37.3,-1.658306941258989,1.2601072096559554,false
true,10,4,37.4,-1.7395924789009924,1.244090580807147,false
true,10,4,37.5,-1.804555637817176,1.2275939991813651,false
true,10,4,37.6,-1.8549469837556072,1.2107441348995167,false
true,10,4,37.7,-1.8929481006555888,1.1936508847514518,false
true,10,4,37.8,-1.920803416861844,1.1764055955736075,false
true,10,4,37.9,-1.940585371248991,1.1590817072341466,false
true,10,4,38.0,-1.9540791255395409,1.1417367672114773,false
true,10,4,38.1,-1.9627514786114189,1.124414990343988,false
true,10,4,38.2,-1.9677686971100397,1.1071498339710275,false
true,10,4,38.3,-1.9700369667228912,1.089966310172403,false
true,10,4,38.4,-1.9702491150974304,1.072882927683818,false
true,10,4,38.5,-1.9689289433939055,1.055913254575711,false
true,10,4,38.6,-1.966469449733437,1.0390671404938947,false
true,10,4,38.7,-1.9631640092467584,1.0223516543677305,false
true,10,4,38.8,-1.95923093818615,1.0057717944345657,false
true,10,4,38.9,-1.95483240963487,0.989331021109282,false
true,10,4,39.0,-1.9500887996273024,0.97303165455416,false
true,10,4,39.1,-1.945089457237772,0.9568751701956034,false
true,10,4,39.2,-1.9399007356273361,0.940862417902749,false
true,10,4,39.3,-1.9345719547099418,0.9249937843736188,false
true,10,4,39.4,-1.9291398165511713,0.9092693134140111,false
true,10,4,39.5,-1.9236316704754786,0.8936887950581408,false
true,10,4,39.6,-1.9180679263760114,0.8782518316538319,false
true,10,4,39.7,-1.9124638387435229,0.8629578869198008,false
true,10,4,39.8,-1.906830826360103,0.847806322410453,false
true,10,4,39.9,-1.9011774494935898,0.832796424660446,false
true,10,4,40.0,-1.8955101343985643,0.8179274254230502,false
true,10,5,40.0,-1.9877320457334957,0.8430275535219565,true
true,10,5,40.1,-1.9621168701591236,0.8274865836367132,false
true,10,5,40.2,-1.9415202789984896,0.8122279239644573,false
true,10,5,40.3,-1.9245879676004514,0.7972154804690098,false
true,10,5,40.4,-1.9103639763435938,0.7824224919832508,false
true,10,5,40.5,-1.8981613818392264,0.7678288499676705,false
true,10,5,40.6,-1.8874795745515227,0.7534192643252005,false
true,10,5,40.7,-1.8779495863592817,0.7391819796016125,false
true,10,5,40.8,-1.869296975428032,0.7251078600424582,false
true,10,5,40.9,-1.8613160686259027,0.7111897279641978,false
true,10,5,41.0,-1.8538517589949988,0.6974218796166805,false
true,10,5,41.1,-1.846786448917733,0.6837997274775729,false
true,10,5,41.2,-1.8400305683671885,0.670319533838414,false
true,10,5,41.3,-1.8335156188281347,0.6569782110516559,false
true,10,5,41.4,-1.827189026627038,0.6437731709081567,false
true,10,5,41.5,-1.8210103077867499,0.6307022105072037,false
true,10,5,41.6,-1.8149481928867837,0.6177634254101199,false
true,10,5,41.7,-1.8089784604445083,0.6049551433065156,false
true,10,5,41.8,-1.8030822968735571,0.5922758731769266,false
true,10,5,41.9,-1.7972450501333908,0.5797242662115399,false
true,10,5,42.0,-1.7914552792304559,0.5672990856806943,false
true,10,5,42.1,-1.7857040270397115,0.5549991836445531,false
true,10,5,42.2,-1.7799842623602664,0.5428234829037764,false
true,10,5,42.3,-1.7742904506678652,0.5307709629777047,false
true,10,5,42.4,-1.7686182230468595,0.5188406491855917,false
true,10,5,42.5,-1.7629641202374484,0.5070316041244789,false
true,10,5,42.6,-1.7573253943059044,0.49534292100243055,false
true,10,5,42.7,-1.7516998546294387,0.48377371841130234,false
true,10,5,42.8,-1.7460857480413388,0.4723231362188195,false
true,10,5,42.9,-1.7404816653678705,0.4609903323327958,false
true,10,5,43.0,-1.7348864683989276,0.4497744801462958,false
true,10,5,43.1,-1.7292992327122414,0.43867476651552606,false
true,10,5,43.2,-1.723719202822329,0.42769039015532645,false
true,10,5,43.3,-1.7181457569295673,0.4168205603626556,false
true,10,5,43.4,-1.7125783791614055,0.4060644959981937,false
true,10,5,43.5,-1.707016637671545,0.39542142467146885,false
true,10,5,43.6,-1.7014601673277778,0.38489058208677146,false
true,10,5,43.7,-1.6959086560007035,0.3744712115163472,false
true,10,5,43.8,-1.690361833683208,0.3641625633745408,false
true,10,5,43.9,-1.6848194638391893,0.35396389487217267,false
true,10,5,44.0,-1.679281336510856,0.3438744697348146,false
true,10,5,44.1,-1.6737472628156553,0.33389355797206516,false
true,10,5,44.2,-1.6682170705431196,0.32402043568762035,false
true,10,5,44.3,-1.6626906006237385,0.31425438492205415,false
true,10,5,44.4,-1.6571677042902868,0.30459469352189167,false
true,10,5,44.5,-1.6516482407898658,0.29504065502987215,false
true,10,5,44.6,-1.6461320755345832,0.2855915685923409,false
true,10,5,44.7,-1.6406190786021106,0.2762467388805303,false
true,10,5,44.8,-1.635109123515693,0.26700547602314323,false
true,10,5,44.9,-1.62960208624764,0.2578670955481701,false
true,10,5,45.0,-1.6240978444017409,0.24883091833228355,false
true,10,5,45.1,-1.618596276539074,0.23989627055648186,false
true,10,5,45.2,-1.6130972616188155,0.23106248366691623,false
true,10,5,45.3,-1.607600678531333,0.22232889434004524,false
true,10,5,45.4,-1.6021064057053456,0.21369484445142836,false
true,10,5,45.5,-1.5966143207745151,0.20515968104760546,false
true,10,5,45.6,-1.591124300291693,0.1967227563206172,false
true,10,5,45.7,-1.5856362194813165,0.1883834275848088,false
true,10,5,45.8,-1.5801499520222766,0.18014105725563,false
true,10,5,45.9,-1.574665369855032,0.17199501283020138,false
true,10,5,46.0,-1.5691823430079086,0.1639446668694631,false
true,10,5,46.1,-1.5637007394384672,0.1559893969817602,false
true,10,5,46.2,-1.5582204248865619,0.14812858580774887,false
true,10,5,46.3,-1.552741262736327,0.1403616210065335,false
true,10,5,46.4,-1.54726311388481,0.13268789524296482,false
true,10,5,46.5,-1.541785836615357,0.12510680617604658,false
true,10,5,46.6,-1.5363092864741783,0.11761775644841226,false
true,10,5,46.7,-1.5308333161487684,0.11022015367684487,false
true,10,5,46.8,-1.5253577753470589,0.10291341044382338,false
true,10,5,46.9,-1.519882510676351,0.09569694429008678,false
true,10,5,47.0,-1.514407365521198,0.08857017770821503,false
true,10,5,47.1,-1.508932179919518,0.08153253813723112,false
true,10,5,47.2,-1.5034567904362919,0.07458345795823484,false
true,10,5,47.3,-1.4979810300342815,0.06772237449108323,false
true,10,5,47.4,-1.4925047279412316,0.06094872999213665,false
true,10,5,47.5,-1.487027709513076,0.05426197165309398,false
true,10,5,47.6,-1.481549796092691,0.047661551600943666,false
true,10,5,47.7,-1.4760708048637519,0.041146926899060465,false
true,10,5,47.8,-1.4705905486992712,0.0347175595494818,false
true,10,5,47.9,-1.4651088360044016,0.028372916496399885,false
true,10,5,48.0,-1.4596254705530831,0.022112469630909463,false
true,10,5,48.1,-1.4541402513181183,0.015935695797053912,false
true,10,5,48.2,-1.448652972294247,0.009842076799215387,false
true,10,5,48.3,-1.4431634223137875,0.0038310994108981707,false
true,10,5,48.4,-1.4376713848543912,-0.00209774461504271,false
true,10,5,48.5,-1.432176637838446,-0.007944958534672072,false
true,10,5,48.6,-1.4266789534236417,-0.013711040599685375,false
true,10,5,48.7,-1.4211780977841904,-0.019396484042497216,false
true,10,5,48.8,-1.4156738308821655,-0.025001777059641243,false
true,10,5,48.9,-1.4101659062284033,-0.030527402793411183,false
true,10,5,49.0,-1.4046540706323685,-0.0359738393116688,false
true,10,5,49.1,-1.3991380639403643,-0.04134155958573976,false
true,10,5,49.2,-1.3936176187614222,-0.04663103146631419,false
true,10,5,49.3,-1.3880924601801707,-0.05184271765726367,false
true,10,5,49.4,-1.3825623054559395,-0.056977075687281005,false
true,10,5,49.5,-1.377026863707307,-0.06203455787924397,false
true,10,5,49.6,-1.3714858355812551,-0.06701561131719806,false
true,10,5,49.7,-1.3659389129060315,-0.0719206778108471,false
true,10,5,49.8,-1.360385778326773,-0.07675019385743408,false
true,10,5,49.9,-1.354826104922873,-0.08150459060088719,false
true,10,5,50.0,-1.3492595558060114,-0.08618429378809886,false
true,10,6,50.0,-1.3869063110229458,-0.06364603188435047,true
true,10,6,50.1,-1.3803563162347994,-0.068691494218767,false
true,10,6,50.2,-1.373894960792824,-0.07365289738176,false
true,10,6,50.3,-1.3675116221012775,-0.07853144120025385,false
true,10,6,50.4,-1.3611969162294144,-0.08332823820159799,false
true,10,6,50.5,-1.3549425307965612,-0.0880443233634726,false
true,10,6,50.6,-1.3487410822373258,-0.09268066256911761,false
true,10,6,50.7,-1.34258599353421,-0.09723815995443799,false
true,10,6,50.8,-1.3364713891911424,-0.10171766430398466,false
true,10,6,50.9,-1.3303920047760682,-0.10611997462836961,false
true,10,6,51.0,-1.3243431088112083,-0.11044584503538164,false
true,10,6,51.1,-1.3183204351572089,-0.11469598899015457,false
true,10,6,51.2,-1.3123201243386837,-0.1188710830455908,false
true,10,6,51.3,-1.3063386725066235,-0.12297177011236621,false
true,10,6,51.4,-1.3003728869380144,-0.12699866232784038,false
true,10,6,51.5,-1.2944198471429,-0.13095234357474803,false
true,10,6,51.6,-1.2884768707904817,-0.13483337169338944,false
true,10,6,51.7,-1.282541483783867,-0.1386422804249572,false
true,10,6,51.8,-1.2766113939118844,-0.14237958111845608,false
true,10,6,51.9,-1.2706844675893656,-0.14604576422924873,false
true,10,6,52.0,-1.2647587092671457,-0.14964130063347122,false
true,10,6,52.1,-1.2588322431520051,-0.1531666427793109,false
true,10,6,52.2,-1.2529032969266523,-0.15662222569334017,false
true,10,6,52.3,-1.2469701872021313,-0.16000846785768616,false
true,10,6,52.4,-1.24103130647095,-0.16332577197172884,false
true,10,6,52.5,-1.2350851113597812,-0.1665745256102096,false
true,10,6,52.6,-1.229130112006611,-0.16975510178806008,false
true,10,6,52.7,-1.223164862409416,-0.17286785944088887,false
true,10,6,52.8,-1.2171879516124011,-0.17591314382886536,false
true,10,6,52.9,-1.2111979956120134,-0.17889128687068848,false
true,10,6,53.0,-1.2051936298787769,-0.18180260741340254,false
true,10,6,53.1,-1.1991735024027874,-0.18464741144300564,false
true,10,6,53.2,-1.1931362671807724,-0.1874259922400698,false
true,10,6,53.3,-1.1870805780711708,-0.19013863048394675,false
true,10,6,53.4,-1.1810050829509529,-0.19278559430855255,false
true,10,6,53.5,-1.1749084181140095,-0.1953671393122027,false
true,10,6,53.6,-1.1687892028560742,-0.19788350852349432,false
true,10,6,53.7,-1.162646034195386,-0.20033493232479782,false
true,10,6,53.8,-1.156477481681769,-0.20272162833452054,false
true,10,6,53.9,-1.150282082249581,-0.20504380124893026,false
true,10,6,54.0,-1.1440583350721125,-0.20730164264397663,false
true,10,6,54.1,-1.137804696376585,-0.20949533073721266,false
true,10,6,54.2,-1.1315195741799084,-0.2116250301095978,false
true,10,6,54.3,-1.1252013229058782,-0.21369089138664885,false
true,10,6,54.4,-1.1188482378445213,-0.21569305087809645,false
true,10,6,54.5,-1.1124585494138555,-0.2176316301748946,false
true,10,6,54.6,-1.1060304171834276,-0.21950673570211812,false
true,10,6,54.7,-1.0995619236176184,-0.22131845822596374,false
true,10,6,54.8,-1.0930510674948566,-0.22306687231273845,false
true,10,6,54.9,-1.0864957569565414,-0.22475203573737484,false
true,10,6,55.0,-1.079893802136606,-0.22637398883864865,false
true,10,6,55.1,-1.073242907319239,-0.2279327538178872,false
true,10,6,55.2,-1.0665406625682707,-0.22942833397754406,false
true,10,6,55.3,-1.0597845347670576,-0.23086071289556973,false
true,10,6,55.4,-1.0529718580023355,-0.23222985353102482,false
true,10,6,55.5,-1.0460998232193355,-0.23353569725585746,false
true,10,6,55.6,-1.0391654670684274,-0.23477816280719122,false
true,10,6,55.7,-1.032165659855532,-0.2359571451538389,false
true,10,6,55.8,-1.0250970924994276,-0.2370725142700624,false
true,10,6,55.9,-1.017956262388717,-0.23812411380883008,false
true,10,6,56.0,-1.010739458019464,-0.23911175966597137,false
true,10,6,56.1,-1.0034427422811545,-0.2400352384256828,false
true,10,6,56.2,-0.9960619342434794,-0.24089430567678513,false
true,10,6,56.3,-0.9885925892792069,-0.24168868418795558,false
true,10,6,56.4,-0.9810299773388306,-0.24241806192884474,false
true,10,6,56.5,-0.9733690591703916,-0.24308208992251334,false
true,10,6,56.6,-0.9656044602524863,-0.24368037991297126,false
true,10,6,56.7,-0.9577304421795191,-0.244212501829741,false
true,10,6,56.8,-0.9497408712052082,-0.24467798102927385,false
true,10,6,56.9,-0.9416291836125592,-0.2450762952906831,false
true,10,6,57.0,-0.9333883475352658,-0.2454068715405885,false
true,10,6,57.1,-0.9250108208059091,-0.2456690822788425,false
true,10,6,57.2,-0.9164885043494022,-0.24586224167348067,false
true,10,6,57.3,-0.9078126905746882,-0.24598560128934568,false
true,10,6,57.4,-0.8989740061423652,-0.24603834541040528,false
true,10,6,57.5,-0.8899623483990521,-0.24601958591073866,false
true,10,6,57.6,-0.880766814669021,-0.24592835662340665,false
true,10,6,57.7,-0.8713756234776653,-0.24576360714983886,false
true,10,6,57.8,-0.861776026647097,-0.24552419604483358,false
true,10,6,57.9,-0.8519542110484795,-0.24520888330362445,false
true,10,6,58.0,-0.8418951886149391,-0.24481632206754073,false
true,10,6,58.1,-0.8315826730087633,-0.24434504945337002,false
true,10,6,58.2,-0.8209989410920305,-0.2437934763983762,false
true,10,6,58.3,-0.8101246770648868,-0.24315987639774744,false
true,10,6,58.4,-0.7989387968034454,-0.24244237299371083,false
true,10,6,58.5,-0.7874182495416003,-0.24163892585526003,false
true,10,6,58.6,-0.7755377935884828,-0.24074731526393658,false
true,10,6,58.7,-0.763269742244914,-0.23976512479384704,false
true,10,6,58.8,-0.7505836754655044,-0.238689721942456,false
true,10,6,58.9,-0.7374461120938048,-0.2375182364319369,false
true,10,6,59.0,-0.7238201366602799,-0.2362475358581433,false
true,10,6,59.1,-0.7096649737595939,-0.23487419831460576,false
true,10,6,59.2,-0.6949355018966028,-0.23339448156125692,false
true,10,6,59.3,-0.6795816973915743,-0.23180428824058938,false
true,10,6,59.4,-0.6635479974485987,-0.23009912656628487,false
true,10,6,59.5,-0.6467725698062484,-0.22827406581953807,false
true,10,6,59.6,-0.629186474506129,-0.22632368588482596,false
true,10,6,59.7,-0.610712701251712,-0.22424201993829976,false
true,10,6,59.8,-0.5912650636374537,-0.22202248926714563,false
true,10,6,59.9,-0.5707469293099334,-0.21965782904660816,false
true,10,6,60.0,-0.5490497630660275,-0.2171400037334829,false
true,10,7,60.0,-0.4401300181032084,-0.17466094445650182,true
true,10,7,60.1,-0.41290257336671266,-0.17136694563649724,false
true,10,7,60.2,-0.3836737169426227,-0.1678689888942919,false
true,10,7,60.3,-0.3522188213808703,-0.16415153661802068,false
true,10,7,60.4,-0.3182846255098103,-0.16019724683513942,false
true,10,7,60.5,-0.28158607859464085,-0.1559867437892122,false
true,10,7,60.6,-0.2418033009558755,-0.15149836511169315,false
true,10,7,60.7,-0.19857898833702592,-0.1467078878672327,false
true,10,7,60.8,-0.1515167820535724,-0.14158823907461,false
true,10,7,60.9,-0.1001814077057323,-0.1361092014878179,false
true,10,7,61.0,-0.044101776526853126,-0.13023713323544628,false
true,10,7,61.1,0.017221235731332246,-0.12393473130960701,false
true,10,7,61.2,0.08429997041848371,-0.11716088488851308,false
true,10,7,61.3,0.15763505145995302,-0.10987068586513132,false
true,10,7,61.4,0.23767664633964963,-0.10201569066108614,false
true,10,7,61.5,0.32476809112944455,-0.09354455727683322,false
true,10,7,61.6,0.4190690240137608,-0.08440420842570288,false
true,10,7,61.7,0.5204582270952502,-0.07454168296286628,false
true,10,7,61.8,0.6284225792098546,-0.06390681282440355,false
true,10,7,61.9,0.7419483730803431,-0.05245577373490669,false
true,10,7,62.0,0.859443376018012,-0.04015538003817078,false
true,10,7,62.1,0.9787276531804466,-0.026987725969957563,false
true,10,7,62.2,1.0971300218113182,-0.012954469323900849,false
true,10,7,62.3,1.211706817673568,0.0019201697594181718,false
true,10,7,62.4,1.319560108216195,0.01758860141986046,false
true,10,7,62.5,1.418188038550265,0.033981786477646256,false
true,10,7,62.6,1.505776003070345,0.05101376300828579,false
true,10,7,62.7,1.5813525227105705,0.0685879630361279,false
true,10,7,62.8,1.6447827588948443,0.08660408220576322,false
true,10,7,62.9,1.696628053745621,0.10496428527840115,false
true,10,7,63.0,1.7379334546247582,0.12357791905894436,false
true,10,7,63.1,1.7700071317576342,0.14236443103427937,false
true,10,7,63.2,1.7942356467470157,0.16125463295386822,false
true,10,7,63.3,1.811953574208679,0.18019069546519775,false
true,10,7,63.4,1.8243664989175858,0.1991253212460906,false
true,10,7,63.5,1.832516332572476,0.2180204871730581,false
true,10,7,63.6,1.8372753831263058,0.23684604146846266,false
true,10,7,63.7,1.8393573037865694,0.25557833677186625,false
true,10,7,63.8,1.8393362161080136,0.27419899656408325,false
true,10,7,63.9,1.8376683924611559,0.29269385500801626,false
true,10,7,64.0,1.8347132868758709,0.31105207536031343,false
true,10,7,64.1,1.830752338481513,0.32926543347402154,false
true,10,7,64.2,1.8260049760972628,0.3473277447984644,false
true,10,7,64.3,1.8206418111164544,0.36523441133082823,false
true,10,7,64.4,1.8147952791734345,0.3829820662579903,false
true,10,7,64.5,1.8085680961003383,0.40056829674757777,false
true,10,7,64.6,1.8020399072930726,0.4179914284830912,false
true,10,7,64.7,1.7952724787996233,0.43525035856155103,false
true,10,7,64.8,1.7883137301080734,0.4523444260478959,false
true,10,7,64.9,1.781200857073198,0.46927331173426823,false
true,10,7,65.0,1.7739627455901619,0.48603696049275136,false
true,10,7,65.1,1.7666218352658707,0.5026355210822869,false
true,10,7,65.2,1.7591955580395728,0.5190692994317034,false
true,10,7,65.3,1.7516974490075365,0.5353387223279114,false
true,10,7,65.4,1.744138004735119,0.5514443091422875,false
true,10,7,65.5,1.7365253471198943,0.5673866497721411,false
true,10,7,65.6,1.7288657374861354,0.583166387393124,false
true,10,7,65.7,1.7211639752484367,0.5987842049406359,false
true,10,7,65.8,1.7134237075201222,0.6142408144858382,false
true,10,7,65.9,1.7056476699273928,0.6295369488620558,false
true,10,7,66.0,1.6978378742008342,0.6446733550434856,false
true,10,7,66.1,1.689995754521937,0.6596507888905025,false
true,10,7,66.2,1.6821222818478936,0.6744700109623485,false
true,10,7,66.3,1.674218053326103,0.6891317831646475,false
true,10,7,66.4,1.6662833622893747,0.7036368660506335,false
true,10,7,66.5,1.6583182530781095,0.7179860166347323,false
true,10,7,66.6,1.6503225639784262,0.7321799866079166,false
true,10,7,66.7,1.6422959608278316,0.7462195208681158,false
true,10,7,66.8,1.6342379632711859,0.7601053562974935,false
true,10,7,66.9,1.6261479652100972,0.7738382207328238,false
true,10,7,67.0,1.6180252506485113,0.7874188320864302,false
true,10,7,67.1,1.6098690058732208,0.8008478975839128,false
true,10,7,67.2,1.6016783287027534,0.8141261130917421,false
true,10,7,67.3,1.5934522353781848,0.8272541625131472,false
true,10,7,67.4,1.5851896655445288,0.8402327172349262,false
true,10,7,67.5,1.5768894856735651,0.8530624356110816,false
true,10,7,67.6,1.5685504912021777,0.865743962471759,false
true,10,7,67.7,1.5601714075997766,0.8782779286479702,false
true,10,7,67.8,1.551750890530522,0.8906649505041523,false
true,10,7,67.9,1.5432875252380722,0.9029056294718243,false
true,10,7,68.0,1.5347798252501996,0.915000551578542,false
true,10,7,68.1,1.5262262304762169,0.9269502869670633,false
true,10,7,68.2,1.5176251047503462,0.9387553894001675,false
true,10,7,68.3,1.508974732857951,0.9504163957469598,false
true,10,7,68.4,1.5002733170680784,0.9619338254467568,false
true,10,7,68.5,1.4915189731844078,0.9733081799468134,false
true,10,7,68.6,1.482709726116937,0.9845399421102347,false
true,10,7,68.7,1.4738435049681538,0.9956295755904198,false
true,10,7,68.8,1.4649181376196945,1.00657752416833,false
true,10,7,68.9,1.455931344798322,1.0173842110487537,false
true,10,7,69.0,1.4468807335932006,1.0280500381115718,false
true,10,7,69.1,1.4377637903897362,1.0385753851137998,false
true,10,7,69.2,1.428577873178495,1.0489606088379062,false
true,10,7,69.3,1.4193202031907388,1.0592060421815812,false
true,10,7,69.4,1.4099878558048085,1.0693119931837367,false
true,10,7,69.5,1.4005777506597468,1.0792787439810863,false
true,10,7,69.6,1.3910866409040834,1.089106549689141,false
true,10,7,69.7,1.3815111014984038,1.0987956372008894,false
true,10,7,69.8,1.3718475164800605,1.1083462038957834,false
true,10,7,69.9,1.3620920650869643,1.1177584162509218,false
true,10,7,70.0,1.3522407066246045,1.1270324083455028,false
true,10,8,70.0,1.3178194168572777,1.1362973122578268,true
true,10,8,70.1,1.3095439748176247,1.1451063954230267,false
true,10,8,70.2,1.3009951056956712,1.1537921881048754,false
true,10,8,70.3,1.2921849381250925,1.1623533464056959,false
true,10,8,70.4,1.2831233284990085,1.1707886225066928,false
true,10,8,70.5,1.2738180628841056,1.179096846760959,false
true,10,8,70.6,1.2642750302271617,1.1872769113946764,false
true,10,8,70.7,1.2544983691981488,1.1953277555867963,false
true,10,8,70.8,1.244490590816981,1.2032483517168877,false
true,10,8,70.9,1.2342526787800217,1.2110376925883957,false
true,10,8,71.0,1.2237841691522313,1.218694779450077,false
true,10,8,71.1,1.213083210830812,1.2262186106517574,false
true,10,8,71.2,1.202146607922083,1.233608170781761,false
true,10,8,71.3,1.1909698449079182,1.2408624201423828,false
true,10,8,71.4,1.1795470952119929,1.2479802844266144,false
true,10,8,71.5,1.1678712135082085,1.2549606444640082,false
true,10,8,71.6,1.1559337118415565,1.2618023259060562,false
true,10,8,71.7,1.1437247193516673,1.2685040887217325,false
true,10,8,71.8,1.131232925096745,1.2750646163718475,false
true,10,8,71.9,1.1184455031647633,1.2814825045264662,false
true,10,8,72.0,1.1053480189229585,1.2877562491827006,false
true,10,8,72.1,1.0919243148877913,1.293884234030494,false
true,10,8,72.2,1.0781563742863263,1.2998647169012627,false
true,10,8,72.3,1.06402415991539,1.3056958151181295,false
true,10,8,72.4,1.0495054253739615,1.311375489546467,false
true,10,8,72.5,1.0345754951317432,1.316901527119059,false
true,10,8,72.6,1.0192070091846075,1.3222715215806424,false
true,10,8,72.7,1.0033696272141903,1.3274828521611053,false
true,10,8,72.8,0.9870296861888052,1.3325326598441234,false
true,10,8,72.9,0.9701498041860538,1.337417820847318,false
true,10,8,73.0,0.9526884218485497,1.3421349168695764,false
true,10,8,73.1,0.9345992712617245,1.3466802015892327,false
true,10,8,73.2,0.9158307601190041,1.3510495628112118,false
true,10,8,73.3,0.8963252567606498,1.3552384795594694,false
true,10,8,73.4,0.8760182589786859,1.3592419732901542,false
true,10,8,73.5,0.8548374263089964,1.363054552257432,false
true,10,8,73.6,0.8327014518223014,1.3666701478939485,false
true,10,8,73.7,0.8095187451295325,1.3700820418671222,false
true,10,8,73.8,0.7851858934142196,1.373282782236281,false
true,10,8,73.9,0.7595858618335989,1.3762640868595586,false
true,10,8,74.0,0.7325858887382328,1.3790167318796782,false
true,10,8,74.1,0.7040350251845965,1.3815304227523721,false
true,10,8,74.2,0.6737612628185923,1.3837936448722086,false
true,10,8,74.3,0.6415681905939002,1.3857934904072722,false
true,10,8,74.4,0.607231121048308,1.3875154574984974,false
true,10,8,74.5,0.5704926345185315,1.3889432175553433,false
true,10,8,74.6,0.5310575105406304,1.390058346067009,false
true,10,8,74.7,0.48858705916127343,1.3908400122867508,false
true,10,8,74.8,0.44269294591526437,1.3912646235699153,false
true,10,8,74.9,0.39293074607704664,1.3913054214366378,false
true,10,8,75.0,0.3387937018128322,1.390932029198878,false
true,10,8,75.1,0.2797075418879581,1.3901099561905232,false
true,10,8,75.2,0.21502782972177836,1.3888000727070986,false
true,10,8,75.3,0.14404222342366957,1.3869580847837193,false
true,10,8,75.4,0.06598135762562873,1.3845340617563717,false
true,10,8,75.5,-0.019956153974774446,1.3814721056354085,false
true,10,8,75.6,-0.11455694568161061,1.3777103030427889,false
true,10,8,75.7,-0.2185146804006124,1.3731811690338651,false
true,10,8,75.8,-0.3323100571898603,1.3678128721100458,false
true,10,8,75.9,-0.45604192133904187,1.3615316011419973,false
true,10,8,76.0,-0.5892132425763567,1.354265452538143,false
true,10,8,76.1,-0.7304982691433661,1.3459501021789018,false
true,10,8,76.2,-0.8775513232055154,1.3365361846485333,false
true,10,8,76.3,-1.0269521812968538,1.3259976759808951,false
true,10,8,76.4,-1.1743902036576785,1.3143397646229995,false
true,10,8,76.5,-1.3151358369970745,1.3016040557180173,false
true,10,8,76.6,-1.4447285944799149,1.2878690235997918,false
true,10,8,76.7,-1.5596818614618766,1.2732447454423033,false
true,10,8,76.8,-1.6579634272402235,1.2578627987825877,false
true,10,8,76.9,-1.7391049462427055,1.2418638293945008,false
true,10,8,77.0,-1.8039630154669135,1.2253857852079104,false
true,10,8,77.1,-1.8542829281347413,1.2085550394474363,false
true,10,8,77.2,-1.892239220140402,1.1914812444290606,false
true,10,8,77.3,-1.9200692509791366,1.1742555612781853,false
true,10,8,77.4,-1.9398393672575167,1.1569512982321637,false
true,10,8,77.5,-1.953329974520094,1.1396259153056425,false
true,10,8,77.6,-1.9620044167570085,1.1223235730604348,false
true,10,8,77.7,-1.9670265915489646,1.105077697952592,false
true,10,8,77.8,-1.9693011414675063,1.087913286801032,false
true,10,8,77.9,-1.9695199406632349,1.0708488429876548,false
true,10,8,78.0,-1.968206237804731,1.053897935157907,false
true,10,8,78.1,-1.9657527401830024,1.037070416812752,false
true,10,8,78.2,-1.9624526960479378,1.0203733623237412,false
true,10,8,78.3,-1.9585243928330174,1.0038117759208913,false
true,10,8,78.4,-1.9541300298755686,0.9873891239609429,false
true,10,8,78.5,-1.9493900373576536,0.971107732175417,false
true,10,8,78.6,-1.9443938297985635,0.9549690810391692,false
true,10,8,78.7,-1.9392078274078934,0.9389740249045568,false
true,10,8,78.8,-1.9338814134507463,0.9231229544018481,false
true,10,8,78.9,-1.9284513470676594,0.9074159167627953,false
true,10,8,79.0,-1.9229450274355824,0.8918527049991459,false
true,10,8,79.1,-1.9173829070669495,0.8764329240487855,false
true,10,8,79.2,-1.911780276326544,0.8611560398914523,false
true,10,8,79.3,-1.9061485838448482,0.8460214160666414,false
true,10,8,79.4,-1.900496414505806,0.8310283408648261,false
true,10,8,79.5,-1.8948302147259535,0.8161760476058698,false
true,10,8,79.6,-1.889154831107623,0.8014637297867573,false
true,10,8,79.7,-1.8834739111280252,0.7868905524155066,false
true,10,8,79.8,-1.8777902017086459,0.7724556605054447,false
true,10,8,79.9,-1.8721057720872585,0.7581581854515077,false
true,10,8,80.0,-1.866422180489601,0.7439972498239795,false
true,10,9,80.0,-1.8668447212976265,0.7551819346366915,true
true,10,9,80.1,-1.862057925956489,0.7410782102759111,false
true,10,9,80.2,-1.8570735915778092,0.7271034570848407,false
true,10,9,80.3,-1.851938049669148,0.7132582344714752,false
true,10,9,80.4,-1.846686866335035,0.6995427736936908,false
true,10,9,80.5,-1.8413473740424051,0.6859570552418693,false
true,10,9,80.6,-1.8359406038229646,0.6725008680381627,false
true,10,9,80.7,-1.830482759419122,0.65917385476037,false
true,10,9,80.8,-1.824986342179955,0.6459755465782124,false
true,10,9,80.9,-1.8194610099540023,0.6329053898074439,false
true,10,9,81.0,-1.8139142334611105,0.6199627663897306,false
true,10,9,81.1,-1.8083517984545554,0.6071470096510665,false
true,10,9,81.2,-1.8027781903978335,0.5944574164453101,false
true,10,9,81.3,-1.7971968895604185,0.5818932565263158,false
true,10,9,81.4,-1.7916105977367496,0.5694537797922035,false
true,10,9,81.5,-1.786021412709112,0.5571382218933338,false
true,10,9,81.6,-1.7804309627197323,0.544945808579965,false
true,10,9,81.7,-1.774840510293524,0.5328757590775632,false
true,10,9,81.8,-1.7692510325344641,0.520927288710674,false
true,10,9,81.9,-1.7636632833341208,0.5090996109450766,false
true,10,9,82.0,-1.758077841650665,0.49739193897884004,false
true,10,9,82.1,-1.7524951490426128,0.4858034869829626,false
true,10,9,82.2,-1.7469155388994415,0.4743334710693449,false
true,10,9,82.3,-1.7413392592450851,0.46298111004623155,false
true,10,9,82.4,-1.7357664905577703,0.4517456260077184,false
true,10,9,82.5,-1.7301973597186862,0.44062624479349466,false
true,10,9,82.6,-1.7246319509483488,0.429622196346942,false
true,10,9,82.7,-1.71907031439482,0.418732714993497,false
true,10,9,82.8,-1.7135124728882636,0.40795703965637076,false
true,10,9,82.9,-1.7079584272610389,0.3972944140229864,false
true,10,9,83.0,-1.7024081605436232,0.3867440866725987,false
true,10,9,83.1,-1.6968616412779378,0.37630531117330335,false
true,10,9,83.2,-1.6913188261364913,0.3659773461548865,false
true,10,9,83.3,-1.6857796619945236,0.35575945536259235,false
true,10,9,83.4,-1.6802440875703206,0.34565090769581563,false
true,10,9,83.5,-1.6747120347239834,0.33565097723488174,false
true,10,9,83.6,-1.6691834294855148,0.3257589432584219,false
true,10,9,83.7,-1.6636581928679635,0.31597409025332956,false
true,10,9,83.8,-1.658136241509522,0.30629570791887695,false
true,10,9,83.9,-1.652617488179205,0.29672309116625073,false
true,10,9,84.0,-1.6471018421734647,0.2872555401145088,false
true,10,9,84.1,-1.6415892096253972,0.2778923600837621,false
true,10,9,84.2,-1.636079493743687,0.26863286158622474,false
true,10,9,84.3,-1.6305725949949008,0.25947636031564975,false
true,10,9,84.4,-1.6250684112399418,0.2504221771355682,false
true,10,9,84.5,-1.619566837833265,0.24146963806666846,false
true,10,9,84.6,-1.6140677676916988,0.23261807427359063,false
true,10,9,84.7,-1.608571091338326,0.22386682205135877,false
true,10,9,84.8,-1.6030766969257766,0.21521522281163488,false
true,10,9,84.9,-1.5975844702423914,0.2066626230689449,false
true,10,9,85.0,-1.592094294704029,0.1982083744270026,false
true,10,9,85.1,-1.5866060513337108,0.18985183356523588,false
true,10,9,85.2,-1.581119618730855,0.18159236222560382,false
true,10,9,85.3,-1.57563487303149,0.17342932719978008,false
true,10,9,85.4,-1.5701516878605428,0.16536210031676762,false
true,10,9,85.5,-1.5646699342770602,0.1573900584310015,false
true,10,9,85.6,-1.5591894807130375,0.14951258341099058,false
true,10,9,85.7,-1.5537101929063655,0.14172906212854297,false
true,10,9,85.8,-1.548231933828285,0.13403888644861722,false
true,10,9,85.9,-1.5427545636056326,0.12644145321983774,false
true,10,9,86.0,-1.5372779394380762,0.11893616426571076,false
true,10,9,86.1,-1.5318019155104645,0.11152242637657604,false
true,10,9,86.2,-1.526326342900358,0.10419965130232803,false
true,10,9,86.3,-1.5208510694807558,0.09696725574594003,false
true,10,9,86.4,-1.5153759398179922,0.08982466135782478,false
true,10,9,86.5,-1.5099007950647332,0.0827712947310645,false
true,10,9,86.6,-1.5044254728479767,0.07580658739754467,false
true,10,9,86.7,-1.4989498071519256,0.06892997582502601,false
true,10,9,86.8,-1.493473628195577,0.06214090141519002,false
true,10,9,86.9,-1.4879967623048478,0.05543881050269492,false
true,10,9,87.0,-1.4825190317790287,0.04882315435527981,false
true,10,9,87.1,-1.47704025475134,0.0422933891749565,false
true,10,9,87.2,-1.4715602450433383,0.035848976100330096,false
true,10,9,87.3,-1.4660788120129027,0.02948938121009125,false
true,10,9,87.4,-1.460595760395504,0.02321407552772495,false
true,10,9,87.5,-1.4551108901384422,0.017022535027483,false
true,10,9,87.6,-1.4496239962277115,0.01091424064166931,false
true,10,9,87.7,-1.4441348685071296,0.004888678269290097,false
true,10,9,87.8,-1.4386432914893426,-0.0010546612138766188,false
true,10,9,87.9,-1.433149044158295,-0.006916281943734813,false
true,10,9,88.0,-1.4276518997627194,-0.01269668305478726,false
true,10,9,88.1,-1.4221516256001787,-0.018396358665451515,false
true,10,9,88.2,-1.4166479827911638,-0.024015797861708134,false
true,10,9,88.3,-1.4111407260427127,-0.029555484679010226,false
true,10,9,88.4,-1.4056296034009836,-0.03501589808237987,false
true,10,9,88.5,-1.400114355992187,-0.04039751194461216,false
true,10,9,88.6,-1.3945947177512286,-0.04570079502250388,false
true,10,9,88.7,-1.3890704151373885,-0.0509262109310186,false
true,10,9,88.8,-1.3835411668363062,-0.056074218115295116,false
true,10,9,88.9,-1.3780066834475002,-0.06114526982040076,false
true,10,9,89.0,-1.3724666671565997,-0.06613981405872535,false
true,10,9,89.1,-1.3669208113914102,-0.07105829357490545,false
true,10,9,89.2,-1.361368800460876,-0.07590114580816207,false
true,10,9,89.3,-1.355810309175944,-0.08066880285192801,false
true,10,9,89.4,-1.350245002451261,-0.08536169141063366,false
true,10,9,89.5,-1.3446725348865698,-0.08998023275351183,false
true,10,9,89.6,-1.339092550326587,-0.09452484266527424,false
true,10,9,89.7,-1.3335046813980644,-0.09899593139350273,false
true,10,9,89.8,-1.3279085490226503,-0.10339390359258867,false
true,10,9,89.9,-1.322303761904057,-0.10771915826404398,false
true,10,9,90.0,-1.3166899159879537,-0.11197208869299541,false
true,10,10,90.0,-1.3057552547667581,-0.11222626186181558,true
true,10,10,90.1,-1.3008635653815055,-0.11632139496547365,false
true,10,10,90.2,-1.295906527305399,-0.12035113035560227,false
true,10,10,90.3,-1.2908886310883672,-0.12431538238945833,false
true,10,10,90.4,-1.2858138745394405,-0.12821409977976167,false
true,10,10,90.5,-1.2806858108726624,-0.13204726164195835,false
true,10,10,90.6,-1.275507591708141,-0.1358148739297397,false
true,10,10,90.7,-1.2702820054491148,-0.1395169662174247,false
true,10,10,90.8,-1.2650115115074165,-0.14315358879203635,false
true,10,10,90.9,-1.259698270804139,-0.146724810021722,false
true,10,10,91.0,-1.2543441729298863,-0.1502307139706129,false
true,10,10,91.1,-1.2489508603098365,-0.1536713982333159,false
true,10,10,91.2,-1.243519749682935,-0.15704697196500841,false
true,10,10,91.3,-1.2380520511717679,-0.16035755408559493,false
true,10,10,91.4,-1.2325487851898889,-0.16360327163860594,false
true,10,10,91.5,-1.2270107974064193,-0.16678425828750065,false
true,10,10,91.6,-1.221438771963376,-0.169900652933801,false
true,10,10,91.7,-1.2158332431192325,-0.1729525984430519,false
true,10,10,91.8,-1.2101946054724522,-0.1759402404659966,false
true,10,10,91.9,-1.2045231229009519,-0.17886372634358905,false
true,10,10,92.0,-1.198818936337472,-0.18172320408555828,false
true,10,10,92.1,-1.1930820704864529,-0.1845188214132025,false
true,10,10,92.2,-1.1873124395750798,-0.18725072485794061,false
true,10,10,92.3,-1.1815098522195029,-0.18991905890789407,false
true,10,10,92.4,-1.1756740154767158,-0.19252396519542464,false
true,10,10,92.5,-1.1698045381430517,-0.19506558171912208,false
true,10,10,92.6,-1.1639009333516077,-0.1975440420942288,false
true,10,10,92.7,-1.1579626205130242,-0.1999594748259111,false
true,10,10,92.8,-1.1519889266368184,-0.20231200260014873,false
true,10,10,92.9,-1.1459790870638107,-0.2046017415873161,false
true,10,10,93.0,-1.1399322456339978,-0.20682880075377955,false
true,10,10,93.1,-1.1338474543084367,-0.20899328117703525,false
true,10,10,93.2,-1.1277236722582349,-0.21109527536006684,false
true,10,10,93.3,-1.1215597644285191,-0.2131348665407134,false
true,10,10,93.4,-1.1153544995802205,-0.21511212799190707,false
true,10,10,93.5,-1.109106547807583,-0.2170271223086697,false
true,10,10,93.6,-1.1028144775244386,-0.21887990067774732,false
true,10,10,93.7,-1.0964767519074097,-0.2206705021257132,false
true,10,10,93.8,-1.0900917247792468,-0.22239895274128216,false
true,10,10,93.9,-1.0836576359104244,-0.22406526486745232,false
true,10,10,94.0,-1.0771726057118267,-0.22566943625892294,false
true,10,10,94.1,-1.0706346292857984,-0.22721144920002712,false
true,10,10,94.2,-1.0640415697969294,-0.22869126957816455,false
true,10,10,94.3,-1.0573911511176177,-0.23010884590741837,false
true,10,10,94.4,-1.0506809496966176,-0.23146410829668862,false
true,10,10,94.5,-1.0439083855913422,-0.23275696735626888,false
true,10,10,94.6,-1.0370707125965346,-0.23398731303632672,false
true,10,10,94.7,-1.0301650073929505,-0.235155013390218,false
true,10,10,94.8,-1.0231881576297537,-0.23625991325496212,false
true,10,10,94.9,-1.016136848843279,-0.23730183284052306,false
true,10,10,95.0,-1.009007550102487,-0.23828056621876909,false
true,10,10,95.1,-1.0017964982576373,-0.23919587970211448,false
true,10,10,95.2,-0.9944996806531942,-0.24004751010086456,false
true,10,10,95.3,-0.9871128161485341,-0.2408351628471786,false
true,10,10,95.4,-0.9796313342703047,-0.2415585099723183,false
true,10,10,95.5,-0.9720503522979974,-0.2422171879224424,false
true,10,10,95.6,-0.9643646500590077,-0.24281079519662047,false
true,10,10,95.7,-0.9565686421807326,-0.2433388897889477,false
true,10,10,95.8,-0.9486563475145573,-0.2438009864146163,false
true,10,10,95.9,-0.9406213554092887,-0.2441965534975088,false
true,10,10,96.0,-0.9324567884689916,-0.24452500989428347,false
true,10,10,96.1,-0.9241552613814225,-0.24478572132698162,false
true,10,10,96.2,-0.9157088353473587,-0.24497799649284574,false
true,10,10,96.3,-0.9071089675769354,-0.24510108281624204,false
true,10,10,96.4,-0.8983464552452735,-0.24515416180326008,false
true,10,10,96.5,-0.8894113732146346,-0.24513634395463485,false
true,10,10,96.6,-0.8802930047322073,-0.24504666318701424,false
true,10,10,96.7,-0.8709797641992266,-0.24488407070616397,false
true,10,10,96.8,-0.8614591109758912,-0.2446474282683402,false
true,10,10,96.9,-0.8517174530344369,-0.2443355007576168,false
true,10,10,97.0,-0.8417400390961994,-0.2439469479972567,false
true,10,10,97.1,-0.8315108376833596,-0.243480315702063,false
true,10,10,97.2,-0.8210124012773948,-0.24293402546579643,false
true,10,10,97.3,-0.8102257134982794,-0.24230636366292163,false
true,10,10,97.4,-0.7991300168944105,-0.24159546912682128,false
true,10,10,97.5,-0.787702618555173,-0.24079931944680708,false
true,10,10,97.6,-0.7759186703167917,-0.239915715703313,false
true,10,10,97.7,-0.7637509198169862,-0.23894226543405359,false
true,10,10,97.8,-0.7511694280527098,-0.2378763635930529,false
true,10,10,97.9,-0.7381412483940232,-0.23671517122858654,false
true,10,10,98.0,-0.7246300611903649,-0.2354555915644031,false
true,10,10,98.1,-0.7105957571561361,-0.2340942431201482,false
true,10,10,98.2,-0.6959939616226256,-0.2326274294506235,false
true,10,10,98.3,-0.6807754904748629,-0.2310511050181475,false
true,10,10,98.4,-0.6648857271387216,-0.2293608366364933,false
true,10,10,98.5,-0.6482639083339066,-0.22755175983720413,false
true,10,10,98.6,-0.6308423044602521,-0.2256185294080195,false
true,10,10,98.7,-0.6125452784532837,-0.2235552632372348,false
true,10,10,98.8,-0.5932882047750548,-0.22135547846585096,false
true,10,10,98.9,-0.572976227991455,-0.21901201880067864,false
true,10,10,99.0,-0.5515028382993628,-0.21651697167651465,false
true,10,10,99.1,-0.5287482397016537,-0.2138615737763019,false
true,10,10,99.2,-0.5045774857728829,-0.21103610323006533,false
true,10,10,99.3,-0.4788383588969338,-0.20802975662658862,false
true,10,10,99.4,-0.4513589727236572,-0.20483050880431705,false
true,10,10,99.5,-0.4219450862957422,-0.20142495327014245,false
true,10,10,99.6,-0.39037713475888003,-0.1977981210756614,false
true,10,10,99.7,-0.3564070101833419,-0.1939332761378019,false
true,10,10,99.8,-0.319754673309657,-0.18981168544452356,false
true,10,10,99.9,-0.28010475246254457,-0.18541236351913898,false
true,10,10,100.0,-0.23710340289686513,-0.18071179220075004,false
true,25,1,0.0,-1.8633893588791945,0.9432517283983279,true
true,25,1,0.1,-1.8759558702077896,0.9279035376962608,false
true,25,1,0.2,-1.8843703767646123,0.9125702907581794,false
true,25,1,0.30000000000000004,-1.8895403034027127,0.8972812532766125,false
true,25,1,0.4,-1.8921938173428048,0.8820589997692619,false
true,25,1,0.5,-1.8929061383743895,0.8669207827157311,false
true,25,1,0.6000000000000001,-1.8921265684857047,0.8518796775104555,false
true,25,1,0.7000000000000001,-1.8902032583503436,0.8369455123096382,false
true,25,1,0.8,-1.887404483947407,0.8221256079675929,false
true,25,1,0.9,-1.8839362025299473,0.8074253584932276,false
true,25,1,1.0,-1.8799561572059242,0.792848681853651,false
true,25,1,1.1,-1.8755850045225413,0.7783983676516254,false
true,25,1,1.2,-1.8709149838607617,0.7640763439998278,false
true,25,1,1.3,-1.8660166132752447,0.7498838817383612,false
true,25,1,1.4,-1.8609438304046277,0.7358217504140478,false
true,25,1,1.5,-1.8557379239252518,0.7218903373020527,false
true,25,1,1.6,-1.8504305325358874,0.7080897382020932,false
true,25,1,1.7000000000000002,-1.8450459293449264,0.6944198267197904,false
true,25,1,1.8,-1.839602760823378,0.6808803071647352,false
true,25,1,1.9,-1.8341153705071287,0.6674707549767663,false
true,25,1,2.0,-1.8285948070296156,0.6541906476560765,false
true,25,1,2.1,-1.8230495923500714,0.6410393884584323,false
true,25,1,2.2,-1.8174863078251926,0.62801632457333,false
true,25,1,2.3,-1.8119100418627265,0.61512076109027,false
true,25,1,2.4,-1.806324732318165,0.6023519717453721,false
true,25,1,2.5,-1.8007334287731616,0.5897092072032765,false
true,25,1,2.6,-1.795138493758736,0.5771917014493675,false
true,25,1,2.7,-1.7895417573887986,0.5647986767308744,false
true,25,1,2.8,-1.783944636390954,0.5525293473817763,false
true,25,1,2.9,-1.7783482258888925,0.5403829227876842,false
true,25,1,3.0,-1.7727533702969824,0.5283586096869406,false
true,25,1,3.1,-1.7671607181764928,0.5164556139585142,false
true,25,1,3.2,-1.7615707647562524,0.5046731420124186,false
true,25,1,3.3,-1.7559838849493867,0.49301040187175665,false
true,25,1,3.4,-1.7504003590350643,0.48146660401510544,false
true,25,1,3.5,-1.7448203926692876,0.4700409620323302,false
true,25,1,3.6,-1.7392441325035257,0.4587326931349127,false
true,25,1,3.7,-1.7336716783955963,0.44754101855264805,false
true,25,1,3.8,-1.7281030929718668,0.43646516384144884,false
true,25,1,3.9,-1.7225384091270965,0.4255043591215062,false
true,25,1,4.0,-1.716977635915574,0.4146578392608089,false
true,25,1,4.1,-1.7114207631851628,0.4039248440157366,false
true,25,1,4.2,-1.7058677652272412,0.39330461813788886,false
true,25,1,4.3,-1.7003186036548414,0.3827964114543316,false
true,25,1,4.4,-1.6947732296743814,0.3723994789268967,false
true,25,1,4.5,-1.689231585880054,0.3621130806949687,false
true,25,1,4.6,-1.6836936076717526,0.351936482105251,false
true,25,1,4.7,-1.6781592243755292,0.34186895373126824,false
true,25,1,4.8,-1.6726283601285226,0.33190977138478595,false
true,25,1,4.9,-1.6671009345770211,0.32205821612087515,false
true,25,1,5.0,-1.661576863425943,0.3123135742379933,false
true,25,1,5.1,-1.6560560588698987,0.30267513727417317,false
true,25,1,5.2,-1.6505384299296517,0.2931422020001907,false
true,25,1,5.3,-1.6450238827127839,0.2837140704104064,false
true,25,1,5.4,-1.6395123206134699,0.2743900497118387,false
true,25,1,5.5,-1.6340036444631547,0.26516945231191663,false
true,25,1,5.6,-1.6284977526415063,0.25605159580527337,false
true,25,1,5.7,-1.6229945411550801,0.24703580295987237,false
true,25,1,5.8,-1.6174939036896092,0.2381214017027035,false
true,25,1,5.9,-1.6119957316406295,0.2293077251052427,false
true,25,1,6.0,-1.6064999141261815,0.22059411136883397,false
true,25,1,6.1,-1.6010063379845738,0.2119799038101247,false
true,25,1,6.2,-1.5955148877595748,0.2034644508466632,false
true,25,1,6.3,-1.5900254456749234,0.19504710598275024,false
true,25,1,6.4,-1.5845378915996462,0.1867272277956214,false
true,25,1,6.5,-1.5790521030053681,0.17850417992202694,false
true,25,1,6.6,-1.5735679549165411,0.17037733104526648,false
true,25,1,6.7,-1.5680853198543188,0.1623460548827291,false
true,25,1,6.8,-1.5626040677746358,0.154409730173984,false
true,25,1,6.9,-1.5571240660009182,0.1465677406694624,false
true,25,1,7.0,-1.5516451791517427,0.13881947511976891,false
true,25,1,7.1,-1.5461672690636674,0.13116432726565702,false
true,25,1,7.2,-1.5406901947093905,0.12360169582870287,false
true,25,1,7.3,-1.5352138121113212,0.11613098450270942,false
true,25,1,7.4,-1.529737974250604,0.10875160194587292,false
true,25,1,7.5,-1.5242625309715883,0.10146296177374291,false
true,25,1,7.6,-1.5187873288816929,0.09426448255300726,false
true,25,1,7.7,-1.5133122112465953,0.08715558779613412,false
true,25,1,7.8,-1.5078370178806277,0.08013570595690277,false
true,25,1,7.9,-1.5023615850322518,0.07320427042685661,false
true,25,1,8.0,-1.4968857452644475,0.06636071953271225,false
true,25,1,8.1,-1.491409327329835,0.05960449653475984,false
true,25,1,8.2,-1.4859321560403267,0.05293504962629118,false
true,25,1,8.3,-1.4804540521310814,0.0463518319340934,false
true,25,1,8.4,-1.4749748321185159,0.039854301520048076,false
true,25,1,8.5,-1.4694943081521086,0.0334419213838769,false
true,25,1,8.6,-1.464012287859705,0.027114159467077476,false
true,25,1,8.7,-1.4585285741860208,0.020870488658094398,false
true,25,1,8.8,-1.4530429652240087,0.014710386798773595,false
true,25,1,8.9,-1.4475552540387404,0.008633336692149806,false
true,25,1,9.0,-1.4420652284834263,0.0026388261116200035,false
true,25,1,9.1,-1.4365726710071707,-0.003273652188441953,false
true,25,1,9.2,-1.4310773584540417,-0.009104600460570808,false
true,25,1,9.3,-1.4255790618529978,-0.014854515950534353,false
true,25,1,9.4,-1.4200775461981923,-0.020523890882031687,false
true,25,1,9.5,-1.414572570219141,-0.026113212439697116,false
true,25,1,9.6,-1.40906388614021,-0.03162296275033737,false
true,25,1,9.7,-1.4035512394288419,-0.03705361886232609,false
true,25,1,9.8,-1.3980343685319052,-0.04240565272307496,false
true,25,1,9.9,-1.3925130045995109,-0.04767953115449656,false
true,25,1,10.0,-1.3869868711955962,-0.05287571582636897,false
true,25,1,10.1,-1.3814556839945336,-0.057994663227507126,false
true,25,1,10.2,-1.375919150462973,-0.06303682463464023,false
true,25,1,10.3,-1.3703769695260724,-0.06800264607888906,false
true,25,1,10.4,-1.3648288312172179,-0.0728925683097299,false
true,25,1,10.5,-1.3592744163102772,-0.07770702675632629,false
true,25,1,10.6,-1.3537133959333583,-0.0824464514861016,false
true,25,1,10.7,-1.3481454311629844,-0.0871112671604185,false
true,25,1,10.8,-1.34257017259752,-0.09170189298722291,false
true,25,1,10.9,-1.3369872599086017,-0.09621874267050134,false
true,25,1,11.0,-1.3313963213692384,-0.10066222435639158,false
true,25,1,11.1,-1.3257969733571648,-0.10503274057577593,false
true,25,1,11.2,-1.3201888198319183,-0.10933068818317658,false
true,25,1,11.3,-1.3145714517840086,-0.11355645829176053,false
true,25,1,11.4,-1.3089444466544384,-0.11771043620424919,false
true,25,1,11.5,-1.3033073677226956,-0.12179300133951546,false
true,25,1,11.6,-1.297659763461215,-0.12580452715463603,false
true,25,1,11.7,-1.2920011668541524,-0.12974538106215228,false
true,25,1,11.8,-1.28633109467816,-0.13361592434227643,false
true,25,1,11.9,-1.280649046742679,-0.13741651204976252,false
true,25,1,12.0,-1.2749545050870779,-0.141147492915143,false
true,25,1,12.1,-1.2692469331317695,-0.14480920924001095,false
true,25,1,12.2,-1.2635257747802122,-0.14840199678600743,false
true,25,1,12.3,-1.2577904534684716,-0.15192618465714872,false
true,25,1,12.4,-1.252040371158758,-0.15538209517510396,false
true,25,1,12.5,-1.246274907273073,-0.15877004374700618,false
true,25,1,12.6,-1.2404934175627993,-0.16209033872535009,false
true,25,1,12.7,-1.2346952329097283,-0.16534328125949876,false
true,25,1,12.8,-1.2288796580536665,-0.16852916513828695,false
true,25,1,12.9,-1.2230459702413627,-0.17164827662317106,false
true,25,1,13.0,-1.2171934177910688,-0.1747008942713372,false
true,25,1,13.1,-1.2113212185665798,-0.17768728874813333,false
true,25,1,13.2,-1.2054285583540814,-0.18060772262814637,false
true,25,1,13.3,-1.1995145891345784,-0.18346245018419247,false
true,25,1,13.4,-1.1935784272440566,-0.1862517171634346,false
true,25,1,13.5,-1.1876191514128611,-0.18897576054978038,false
true,25,1,13.6,-1.1816358006750403,-0.1916348083116481,false
true,25,1,13.7,-1.175627372137585,-0.19422907913411802,false
true,25,1,13.8,-1.1695928185986157,-0.19675878213440773,false
true,25,1,13.9,-1.1635310460025854,-0.19922411655952693,false
true,25,1,14.0,-1.1574409107194914,-0.20162527146487416,false
true,25,1,14.1,-1.1513212166339115,-0.20396242537243783,false
true,25,1,14.2,-1.1451707120283678,-0.20623574590715443,false
true,25,1,14.3,-1.1389880862440864,-0.20844538940985613,false
true,25,1,14.4,-1.132771966100631,-0.21059150052510964,false
true,25,1,14.5,-1.1265209120541306,-0.21267421176210363,false
true,25,1,14.6,-1.1202334140718777,-0.21469364302658472,false
true,25,1,14.7,-1.1139078871989199,-0.2166499011216694,false
true,25,1,14.8,-1.1075426667898802,-0.21854307921516883,false
true,25,1,14.9,-1.1011360033765925,-0.22037325627085516,false
true,25,1,15.0,-1.09468605713919,-0.222140496440868,false
true,25,1,15.1,-1.0881908919450198,-0.22384484841620686,false
true,25,1,15.2,-1.0816484689160935,-0.22548634473197635,false
true,25,1,15.3,-1.0750566394817376,-0.22706500102374302,false
true,25,1,15.4,-1.0684131378685555,-0.2285808152310223,false
true,25,1,15.5,-1.0617155729747514,-0.23003376674353826,false
true,25,1,15.6,-1.054961419570192,-0.23142381548548166,false
true,25,1,15.7,-1.0481480087572357,-0.23275090093253,false
true,25,1,15.8,-1.0412725176202298,-0.23401494105588114,false
true,25,1,15.9,-1.0343319579835846,-0.23521583118698164,false
true,25,1,16.0,-1.0273231641893428,-0.23635344279599846,false
true,25,1,16.1,-1.0202427797950402,-0.23742762217637586,false
true,25,1,16.2,-1.013087243081253,-0.23843818902703368,false
true,25,1,16.3,-1.0058527712453482,-0.23938493492288362,false
true,25,1,16.4,-0.9985353431434109,-0.24026762166335902,false
true,25,1,16.5,-0.9911306804258524,-0.24108597948755336,false
true,25,1,16.6,-0.9836342268935496,-0.24183970514333133,false
true,25,1,16.7,-0.9760411258801852,-0.24252845979639293,false
true,25,1,16.8,-0.9683461954423964,-0.2431518667637171,false
true,25,1,16.9,-0.9605439011119447,-0.243709509054062,false
true,25,1,17.0,-0.9526283259329008,-0.2442009266962277,false
true,25,1,17.1,-0.9445931374711974,-0.24462561383356232,false
true,25,1,17.2,-0.9364315514431581,-0.24498301556067736,false
true,25,1,17.3,-0.9281362915629607,-0.24527252447549142,false
true,25,1,17.4,-0.9196995451555017,-0.2454934769164942,false
true,25,1,17.5,-0.9111129140196945,-0.24564514885145874,false
true,25,1,17.6,-0.9023673599565778,-0.2457267513796629,false
true,25,1,17.7,-0.8934531442952194,-0.24573742580493624,false
true,25,1,17.8,-0.884359760655506,-0.24567623823143564,false
true,25,1,17.9,-0.8750758600784273,-0.24554217362786993,false
true,25,1,18.0,-0.8655891675289431,-0.24533412929881743,false
true,25,1,18.1,-0.8558863886310936,-0.24505090769367266,false
true,25,1,18.2,-0.8459531053262661,-0.24469120847445083,false
true,25,1,18.3,-0.8357736589494986,-0.24425361975297877,false
true,25,1,18.4,-0.8253310189906737,-0.24373660839568279,false
true,25,1,18.5,-0.8146066355419322,-0.2431385092799789,false
true,25,1,18.6,-0.8035802731231487,-0.24245751336986926,false
true,25,1,18.7,-0.7922298232162999,-0.2416916544593826,false
true,25,1,18.8,-0.7805310924182107,-0.24083879441053885,false
true,25,1,18.9,-0.7684575626292628,-0.23989660668706556,false
true,25,1,19.0,-0.7559801191214259,-0.23886255795556113,false
true,25,1,19.1,-0.7430667416590158,-0.23773388749150356,false
true,25,1,19.2,-0.7296821530647889,-0.23650758408765196,false
true,25,1,19.3,-0.7157874187157278,-0.23518036011606655,false
true,25,1,19.4,-0.7013394893993249,-0.23374862234113727,false
true,25,1,19.5,-0.6862906787441463,-0.23220843901847538,false
true,25,1,19.6,-0.6705880650408251,-0.23055550274197179,false
true,25,1,19.7,-0.6541728056778687,-0.22878508841732395,false
true,25,1,19.8,-0.6369793506250271,-0.22689200564337592,false
true,25,1,19.9,-0.6189345394142458,-0.22487054467121537,false
true,25,1,20.0,-0.5999565639284583,-0.22271441498380862,false
true,25,1,20.1,-0.5799537770877113,-0.22041667539514748,false
true,25,1,20.2,-0.5588233253643827,-0.21796965440740831,false
true,25,1,20.3,-0.5364495812163688,-0.21536485938901015,false
true,25,1,20.4,-0.5127023504193479,-0.21259287294985055,false
true,25,1,20.5,-0.487434829586862,-0.20964323470083304,false
true,25,1,20.6,-0.4604812919673495,-0.20650430640835857,false
true,25,1,20.7,-0.4316544865777204,-0.2031631184167445,false
true,25,1,20.8,-0.4007427494468552,-0.19960519515511826,false
true,25,1,20.9,-0.36750685009227213,-0.19581435763795133,false
true,25,1,21.0,-0.33167663714008483,-0.1917725012155714,false
true,25,1,21.1,-0.2929476127143345,-0.18745934759397145,false
true,25,1,21.2,-0.2509776680163741,-0.18285217156388536,false
true,25,1,21.3,-0.20538436922490497,-0.17792550531268073,false
true,25,1,21.4,-0.1557434157181524,-0.17265082714774233,false
true,25,1,21.5,-0.10158922882781835,-0.16699624764016016,false
true,25,1,21.6,-0.042419097429691265,-0.1609262155278854,false
true,25,1,21.7,0.022297073625995,-0.15440127931986775,false
true,25,1,21.8,0.09309860699021616,-0.14737795958328964,false
true,25,1,21.9,0.17050387240417475,-0.13980881217216096,false
true,25,1,22.0,0.2549638442940204,-0.1316427937130212,false
true,25,1,22.1,0.34679522114086847,-0.12282607419353563,false
true,25,1,22.2,0.4460905300446515,-0.11330346888118267,false
true,25,1,22.3,0.552606973794592,-0.103020666201012,false
true,25,1,22.4,0.6656440218709841,-0.09192738301651379,false
true,25,1,22.5,0.7839320359304051,-0.07998145138011488,false
true,25,1,22.6,0.9055679030758107,-0.06715360759412253,false
true,25,1,22.7,1.028041700608876,-0.0534324298643346,false
true,25,1,22.8,1.148390409736279,-0.03882854112565354,false
true,25,1,22.9,1.263483054422542,-0.023377022244130637,false
true,25,1,23.0,1.370391769509292,-0.007137145327916396,false
true,25,1,23.1,1.4667583794036136,0.00981090164352482,false
true,25,1,23.2,1.551055599327498,0.027371832297217225,false
true,25,1,23.3,1.6226779348734788,0.04544246870205297,false
true,25,1,23.4,1.681860764570864,0.06391892092127434,false
true,25,1,23.5,1.7294809111505403,0.0827025552668533,false
true,25,1,23.6,1.7668132709410407,0.10170410996458235,false
true,25,1,23.7,1.7953061354110322,0.12084588537485173,false
true,25,1,23.8,1.8164098920547787,0.14006232832868987,false
true,25,1,23.9,1.8314672720594238,0.15929949383875755,false
true,25,1,24.0,1.841656755044219,0.1785138559592272,false
true,25,1,24.1,1.8479743653770768,0.19767083843913946,false
true,25,1,24.2,1.8512393483687943,0.21674331365971866,false
true,25,1,24.3,1.8521123954952003,0.23571021277095366,false
true,25,1,24.4,1.8511187810571792,0.2545553135785125,false
true,25,1,24.5,1.848671860129477,0.2732662242949473,false
true,25,1,24.6,1.8450945668440863,0.29183355419868995,false
true,25,1,24.7,1.8406379371468762,0.3102502494706198,false
true,25,1,24.8,1.835496472610776,0.3285110683189889,false
true,25,1,24.9,1.829820565310395,0.3466121700166478,false
true,25,1,25.0,1.823726373251897,0.36455079518245054,false
true,25,2,25.0,1.8148749530157198,0.43863009130384323,true
true,25,2,25.1,1.803670827410016,0.4558413093025295,false
true,25,2,25.2,1.793195147612819,0.47285641211012064,false
true,25,2,25.3,1.7832838031090197,0.4896817758341283,false
true,25,2,25.4,1.7738105898828673,0.5063225857073813,false
true,25,2,25.5,1.7646778935400051,0.5227831068694888,false
true,25,2,25.6,1.7558098152784984,0.5390668894225161,false
true,25,2,25.7,1.747147051400686,0.555176924738682,false
true,25,2,25.8,1.7386430476578225,0.5711157652909081,false
true,25,2,25.9,1.730261090534113,0.5868856169799722,false
true,25,2,26.0,1.721972093589784,0.6024884105872689,false
true,25,2,26.1,1.7137529035918129,0.6179258572926813,false
true,25,2,26.2,1.7055849980813849,0.6331994919658235,false
true,25,2,26.3,1.697453479524338,0.6483107070327737,false
true,25,2,26.4,1.6893462953868252,0.6632607790478521,false
true,25,2,26.5,1.6812536311357746,0.6780508895970594,false
true,25,2,26.6,1.6731674361651996,0.692682141781273,false
true,25,2,26.7,1.665081052297916,0.7071555732407553,false
true,25,2,26.8,1.656988921721879,0.7214721664645298,false
true,25,2,26.9,1.6488863566403675,0.7356328569615446,false
true,25,2,27.0,1.6407693570118882,0.7496385397426595,false
true,25,2,27.1,1.6326344658669205,0.7634900744639642,false
true,25,2,27.2,1.6244786540618035,0.7771882895057578,false
true,25,2,27.3,1.6162992281473287,0.7907339852024367,false
true,25,2,27.4,1.6080937564261708,0.8041279363925617,false
true,25,2,27.5,1.599860009350099,0.8173708944224978,false
true,25,2,27.6,1.591595911240687,0.8304635887089378,false
true,25,2,27.7,1.5832995009630961,0.8434067279435878,false
true,25,2,27.8,1.5749688996847369,0.8562010010059401,false
true,25,2,27.9,1.5666022842420742,0.8688470776363704,false
true,25,2,28.0,1.5581978649446662,0.8813456089109599,false
true,25,2,28.1,1.5497538668849253,0.8936972275508308,false
true,25,2,28.2,1.5412685140098268,0.9059025480919289,false
true,25,2,28.3,1.5327400153582302,0.917962166935703,false
true,25,2,28.4,1.524166552983419,0.9298766622967227,false
true,25,2,28.5,1.5155462711716605,0.941646594059726,false
true,25,2,28.6,1.5068772666393664,0.9532725035556984,false
true,25,2,28.7,1.4981575794478232,0.964754913264231,false
true,25,2,28.8,1.4893851844187227,0.9760943264474568,false
true,25,2,28.9,1.4805579828682556,0.987291226719249,false
true,25,2,29.0,1.4716737945043645,0.998346077551999,false
true,25,2,29.1,1.462730349352302,1.0092593217221222,false
true,25,2,29.2,1.4537252795891624,1.0200313806944241,false
true,25,2,29.3,1.4446561111793954,1.0306626539445531,false
true,25,2,29.4,1.435520255211232,1.0411535182179439,false
true,25,2,29.5,1.4263149988389363,1.0515043267228903,false
true,25,2,29.6,1.4170374957382927,1.0617154082546536,false
true,25,2,29.7,1.4076847559830301,1.0717870662467965,false
true,25,2,29.8,1.3982536352481554,1.0817195777452162,false
true,25,2,29.9,1.3887408232426048,1.0915131922996153,false
true,25,2,30.0,1.3791428312682354,1.1011681307663848,false
true,25,2,30.1,1.3694559787950278,1.1106845840160633,false
true,25,2,30.2,1.359676378933386,1.1200627115376665,false
true,25,2,30.3,1.3497999226735276,1.1293026399312396,false
true,25,2,30.4,1.3398222617490103,1.1384044612789521,false
true,25,2,30.5,1.3297387899662592,1.1473682313839184,false
true,25,2,30.6,1.3195446228242764,1.156193967864665,false
true,25,2,30.7,1.3092345752282677,1.1648816480917634,false
true,25,2,30.8,1.2988031370773012,1.1734312069515718,false
true,25,2,30.9,1.2882444464789127,1.181842534420272,false
true,25,2,31.0,1.2775522603122333,1.1901154729293966,false
true,25,2,31.1,1.2667199218251506,1.198249814501802,false
true,25,2,31.2,1.2557403249094374,1.2062452976345115,false
true,25,2,31.3,1.2446058746498503,1.214101603901971,false
true,25,2,31.4,1.2333084436878463,1.2218183542499939,false
true,25,2,31.5,1.2218393238765737,1.2293951049469507,false
true,25,2,31.6,1.210189172629678,1.2368313431545068,false
true,25,2,31.7,1.1983479532805086,1.244126482075357,false
true,25,2,31.8,1.1863048686684217,1.2512798556298352,false
true,25,2,31.9,1.1740482870526132,1.2582907126068879,false
true,25,2,32.0,1.1615656593183108,1.265158210227546,false
true,25,2,32.1,1.1488434262817322,1.271881407050555,false
true,25,2,32.2,1.1358669147147489,1.27845925514003,false
true,25,2,32.3,1.1226202204926625,1.2848905914036748,false
true,25,2,32.4,1.1090860770128854,1.2911741279969606,false
true,25,2,32.5,1.0952457067313568,1.2973084416733889,false
true,25,2,32.6,1.0810786533085572,1.30329196194318,false
true,25,2,32.7,1.0665625914375223,1.3091229578819787,false
true,25,2,32.8,1.0516731109297783,1.3147995234069068,false
true,25,2,32.9,1.0363834710465125,1.3203195608088683,false
true,25,2,33.0,1.0206643203634511,1.3256807622966567,false
true,25,2,33.1,1.0044833766271555,1.3308805892691733,false
true,25,2,33.2,0.9878050600718484,1.3359162489858538,false
true,25,2,33.3,0.970590072488646,1.3407846682508597,false
true,25,2,33.4,0.9527949129368336,1.3454824636621407,false
true,25,2,33.5,0.9343713193170119,1.3500059079002191,false
true,25,2,33.6,0.9152656230394939,1.3543508914412268,false
true,25,2,33.7,0.895418001662772,1.358512878971701,false
true,25,2,33.8,0.8747616115855107,1.3624868596558044,false
true,25,2,33.9,0.8532215795882775,1.3662672902554092,false
true,25,2,34.0,0.8307138281786081,1.3698480299258202,false
true,25,2,34.1,0.8071437052500632,1.3732222653003672,false
true,25,2,34.2,0.7824043835117614,1.3763824242310045,false
true,25,2,34.3,0.7563749895358913,1.379320076264952,false
true,25,2,34.4,0.7289184162864523,1.3820258176057247,false
true,25,2,34.5,0.6998787670275982,1.3844891379293367,false
true,25,2,34.6,0.6690783733239105,1.386698266006173,false
true,25,2,34.7,0.6363143268033992,1.3886399906274445,false
true,25,2,34.8,0.601354465813775,1.3902994528781452,false
true,25,2,34.9,0.5639327680183023,1.3916599053864145,false
true,25,2,35.0,0.5237441248455299,1.392702433903143,false
true,25,2,35.1,0.4804385240034392,1.393405636582481,false
true,25,2,35.2,0.4336147585810172,1.3937452569057815,false
true,25,2,35.3,0.38281394131298246,1.3936937677453498,false
true,25,2,35.4,0.32751336921426466,1.3932199072789015,false
true,25,2,35.5,0.26712171345323427,1.3922881733924013,false
true,25,2,35.6,0.2009771793766492,1.3908582934252647,false
true,25,2,35.7,0.12835128756498593,1.3888847028800795,false
true,25,2,35.8,0.048462362751563015,1.3863160930653349,false
true,25,2,35.9,-0.03949528273588934,1.3830951271400118,false
true,25,2,36.0,-0.13629828285383147,1.3791584798503396,false
true,25,2,36.1,-0.24260719944654097,1.3744374286378611,false
true,25,2,36.2,-0.35883541780295075,1.3688593048640687,false
true,25,2,36.3,-0.48496839333790864,1.3623501788209698,false
true,25,2,36.4,-0.6203409776460809,1.3548391483785258,false
true,25,2,36.5,-0.7634061557287984,1.3462644435988582,false
true,25,2,36.6,-0.9115645640299865,1.3365811526583844,false
true,25,2,36.7,-1.0611556828060045,1.325769685005536,false
true,25,2,36.8,-1.2077076585154034,1.313843268652351,false
true,25,2,36.9,-1.3464722381191847,1.3008522483129357,false
true,25,2,37.0,-1.4731413390161272,1.286883249546404,false
true,25,2,37.1,-1.5845236829537597,1.2720526249915218,false
true,25,2,37.2,-1.678948935890335,1.2564955067484371,false
true,25,2,37.3,-1.7562884060265334,1.2403532211830903,false
true,25,2,37.4,-1.8176526028190922,1.2237619974171323,false
true,25,2,37.5,-1.8649329487171329,1.2068449048601422,false
true,25,2,37.6,-1.9003544080169787,1.1897075454877368,false
true,25,2,37.7,-1.9261375178313425,1.1724369429174322,false
true,25,2,37.8,-1.9442941132973104,1.1551025967712591,false
true,25,2,37.9,-1.9565352316201075,1.1377586890663214,false
true,25,2,38.0,-1.9642544279234222,1.1204466851538624,false
true,25,2,38.1,-1.9685529040707443,1.103197864868374,false
true,25,2,38.2,-1.9702825831953696,1.0860355530774166,false
true,25,2,38.3,-1.970092834373039,1.0689769711213928,false
true,25,2,38.4,-1.9684735787275032,1.0520347151933986,false
true,25,2,38.5,-1.9657918796815,1.0352179066092908,false
true,25,2,38.6,-1.9623215046249254,1.0185330711541518,false
true,25,2,38.7,-1.9582660689835703,1.0019848032999368,false
true,25,2,38.8,-1.9537767844620617,0.9855762638856999,false
true,25,2,38.9,-1.9489658821950695,0.9693095510397427,false
true,25,2,39.0,-1.9439166711508018,0.9531859757098023,false
true,25,2,39.1,-1.9386910293375588,0.9372062659459728,false
true,25,2,39.2,-1.9333349614181838,0.9213707182301711,false
true,25,2,39.3,-1.927882712372015,0.9056793095677236,false
true,25,2,39.4,-1.9223598088706395,0.8901317805529096,false
true,25,2,39.5,-1.9167853071675032,0.874727696977667,false
true,25,2,39.6,-1.9111734550109245,0.8594664955786101,false
true,25,2,39.7,-1.9055349212464938,0.8443475180522172,false
true,25,2,39.8,-1.899877706542893,0.8293700363847679,false
true,25,2,39.9,-1.8942078188258813,0.8145332717447133,false
true,25,2,40.0,-1.8885297749602152,0.7998364085967273,false
true,25,2,40.1,-1.882846973983993,0.7852786052634665,false
true,25,2,40.2,-1.8771619752619897,0.7708590018420552,false
true,25,2,40.3,-1.8714767061523394,0.756576726147253,false
true,25,2,40.4,-1.8657926173349242,0.7424308981798947,false
true,25,2,40.5,-1.8601107992109107,0.7284206334911714,false
true,25,2,40.6,-1.854432069295982,0.7145450457186495,false
true,25,2,40.7,-1.8487570379613025,0.7008032484998105,false
true,25,2,40.8,-1.8430861579817752,0.6871943569168784,false
true,25,2,40.9,-1.837419761951754,0.6737174885880537,false
true,25,2,41.0,-1.8317580905930715,0.6603717644914964,false
true,25,2,41.1,-1.8261013142130353,0.6471563095869424,false
true,25,2,41.2,-1.820449549000539,0.6340702532838094,false
true,25,2,41.3,-1.8148028694249152,0.6211127297926432,false
true,25,2,41.4,-1.809161317686684,0.6082828783877595,false
true,25,2,41.5,-1.803524910933889,0.5955798436021738,false
true,25,2,41.6,-1.7978936467816802,0.5830027753708227,false
true,25,2,41.7,-1.7922675075409373,0.5705508291342424,false
true,25,2,41.8,-1.786646463462784,0.5582231659119691,false
true,25,2,41.9,-1.7810304752314523,0.5460189523527322,false
true,25,2,42.0,-1.7754194958819236,0.533937360766846,false
true,25,2,42.1,-1.7698134722765022,0.5219775691449396,false
true,25,2,42.2,-1.7642123462425088,0.5101387611662062,false
true,25,2,42.3,-1.7586160554490844,0.498420126198611,false
true,25,2,42.4,-1.753024534082732,0.48682085929294616,false
true,25,2,42.5,-1.7474377133672538,0.47534016117218236,false
true,25,2,42.6,-1.741855521963128,0.4639772382172445,false
true,25,2,42.7,-1.7362778862732478,0.45273130245008253,false
true,25,2,42.8,-1.730704730675758,0.44160157151471513,false
true,25,2,42.9,-1.725135977699973,0.4305872686567741,false
true,25,2,43.0,-1.71957154815773,0.4196876227019616,false
true,25,2,43.1,-1.714011361239721,0.4089018680337424,false
true,25,2,43.2,-1.7084553345842155,0.3982292445705252,false
true,25,2,43.3,-1.7029033843239063,0.3876689977425318,false
true,25,2,43.4,-1.6973554251153409,0.37722037846851225,false
true,25,2,43.5,-1.6918113701544046,0.36688264313243235,false
true,25,2,43.6,-1.686271131180554,0.3566550535602319,false
true,25,2,43.7,-1.680734618471897,0.34653687699673574,false
true,25,2,43.8,-1.6752017408327575,0.33652738608278226,false
true,25,2,43.9,-1.6696724055749925,0.3266258588326226,false
true,25,2,44.0,-1.6641465184940503,0.31683157861163436,false
true,25,2,44.1,-1.658623983840535,0.3071438341143874,false
true,25,2,44.2,-1.6531047042878682,0.2975619193430915,false
true,25,2,44.3,-1.6475885808964987,0.28808513358645405,false
true,25,2,44.4,-1.6420755130750053,0.2787127813989701,false
true,25,2,44.5,-1.63656539853835,0.26944417258066683,false
true,25,2,44.6,-1.6310581332634713,0.26027862215732017,false
true,25,2,44.7,-1.6255536114423506,0.25121545036116266,false
true,25,2,44.8,-1.6200517254326416,0.24225398261209774,false
true,25,2,44.9,-1.614552365705918,0.23339354949943766,false
true,25,2,45.0,-1.6090554207935588,0.22463348676417966,false
true,25,2,45.1,-1.6035607772302793,0.21597313528183631,false
true,25,2,45.2,-1.5980683194952796,0.20741184104583524,false
true,25,2,45.3,-1.592577929950978,0.1989489551515035,false
true,25,2,45.4,-1.5870894887792748,0.19058383378065263,false
true,25,2,45.5,-1.5816028739152825,0.18231583818678043,false
true,25,2,45.6,-1.5761179609784446,0.1741443346809058,false
true,25,2,45.7,-1.570634623200954,0.16606869461805404,false
true,25,2,45.8,-1.5651527313533766,0.1580882943844104,false
true,25,2,45.9,-1.5596721536673708,0.15020251538516,false
true,25,2,46.0,-1.5541927557553887,0.14241074403303372,false
true,25,2,46.1,-1.5487144005272317,0.1347123717375799,false
true,25,2,46.2,-1.5432369481033308,0.12710679489518292,false
true,25,2,46.3,-1.5377602557246048,0.11959341487985055,false
true,25,2,46.4,-1.532284177658749,0.11217163803479299,false
true,25,2,46.5,-1.5268085651027905,0.10484087566481784,false
true,25,2,46.6,-1.521333266081742,0.09760054402956604,false
true,25,2,46.7,-1.5158581253431718,0.09045006433761532,false
true,25,2,46.8,-1.5103829842474998,0.08338886274147891,false
true,25,2,46.9,-1.5049076806538189,0.0764163703335288,false
true,25,2,47.0,-1.4994320488010247,0.06953202314287399,false
true,25,2,47.1,-1.4939559191840335,0.06273526213322618,false
true,25,2,47.2,-1.4884791184248447,0.05602553320178642,false
true,25,2,47.3,-1.4830014691381974,0.0494022871791886,false
true,25,2,47.4,-1.477522789791556,0.04286497983053694,false
true,25,2,47.5,-1.47204289455914,0.036413071857577174,false
true,25,2,47.6,-1.4665615931697027,0.030046028902042436,false
true,25,2,47.7,-1.461078690747741,0.02376332155021789,false
true,25,2,47.8,-1.4555939876478015,0.017564425338769677,false
true,25,2,47.9,-1.4501072792815317,0.011448820761886809,false
true,25,2,48.0,-1.4446183559371006,0.005415993279786818,false
true,25,2,48.1,-1.4391270025905902,-0.0005345666713610147,false
true,25,2,48.2,-1.4336329987089391,-0.006403363668038285,false
true,25,2,48.3,-1.4281361180439907,-0.012190897286446203,false
true,25,2,48.4,-1.422636128417174,-0.017897662087977332,false
true,25,2,48.5,-1.4171327914943135,-0.023524147603023966,false
true,25,2,48.6,-1.4116258625500353,-0.029070838313052887,false
true,25,2,48.7,-1.4061150902212034,-0.0345382136308723,false
true,25,2,48.8,-1.400600216248786,-0.03992674787901264,false
true,25,2,48.9,-1.3950809752075077,-0.04523691026613866,false
true,25,2,49.0,-1.389557094222613,-0.05046916486140498,false
true,25,2,49.1,-1.384028292673014,-0.0556239705666628,false
true,25,2,49.2,-1.378494281880053,-0.06070178108641985,false
true,25,2,49.3,-1.372954764781059,-0.06570304489544973,false
true,25,2,49.4,-1.3674094355868265,-0.07062820520394136,false
true,25,2,49.5,-1.3618579794220824,-0.07547769992007185,false
true,25,2,49.6,-1.3563000719479485,-0.08025196160987996,false
true,25,2,49.7,-1.3507353789653418,-0.08495141745430958,false
true,25,2,49.8,-1.345163555998177,-0.08957648920328469,false
true,25,2,49.9,-1.339584247855168,-0.09412759312666898,false
true,25,2,50.0,-1.3339970881689334,-0.09860513996195423,false
true,25,3,50.0,-1.3869063110229458,-0.06364603188435047,true
true,25,3,50.1,-1.3803563162347994,-0.068691494218767,false
true,25,3,50.2,-1.373894960792824,-0.07365289738176,false
true,25,3,50.3,-1.3675116221012775,-0.07853144120025385,false
true,25,3,50.4,-1.3611969162294144,-0.08332823820159799,false
true,25,3,50.5,-1.3549425307965612,-0.0880443233634726,false
true,25,3,50.6,-1.3487410822373258,-0.09268066256911761,false
true,25,3,50.7,-1.34258599353421,-0.09723815995443799,false
true,25,3,50.8,-1.3364713891911424,-0.10171766430398466,false
true,25,3,50.9,-1.3303920047760682,-0.10611997462836961,false
true,25,3,51.0,-1.3243431088112083,-0.11044584503538164,false
true,25,3,51.1,-1.3183204351572089,-0.11469598899015457,false
true,25,3,51.2,-1.3123201243386837,-0.1188710830455908,false
true,25,3,51.3,-1.3063386725066235,-0.12297177011236621,false
true,25,3,51.4,-1.3003728869380144,-0.12699866232784038,false
true,25,3,51.5,-1.2944198471429,-0.13095234357474803,false
true,25,3,51.6,-1.2884768707904817,-0.13483337169338944,false
true,25,3,51.7,-1.282541483783867,-0.1386422804249572,false
true,25,3,51.8,-1.2766113939118844,-0.14237958111845608,false
true,25,3,51.9,-1.2706844675893656,-0.14604576422924873,false
true,25,3,52.0,-1.2647587092671457,-0.14964130063347122,false
true,25,3,52.1,-1.2588322431520051,-0.1531666427793109,false
true,25,3,52.2,-1.2529032969266523,-0.15662222569334017,false
true,25,3,52.3,-1.2469701872021313,-0.16000846785768616,false
true,25,3,52.4,-1.24103130647095,-0.16332577197172884,false
true,25,3,52.5,-1.2350851113597812,-0.1665745256102096,false
true,25,3,52.6,-1.229130112006611,-0.16975510178806008,false
true,25,3,52.7,-1.223164862409416,-0.17286785944088887,false
true,25,3,52.8,-1.2171879516124011,-0.17591314382886536,false
true,25,3,52.9,-1.2111979956120134,-0.17889128687068848,false
true,25,3,53.0,-1.2051936298787769,-0.18180260741340254,false
true,25,3,53.1,-1.1991735024027874,-0.18464741144300564,false
true,25,3,53.2,-1.1931362671807724,-0.1874259922400698,false
true,25,3,53.3,-1.1870805780711708,-0.19013863048394675,false
true,25,3,53.4,-1.1810050829509529,-0.19278559430855255,false
true,25,3,53.5,-1.1749084181140095,-0.1953671393122027,false
true,25,3,53.6,-1.1687892028560742,-0.19788350852349432,false
true,25,3,53.7,-1.162646034195386,-0.20033493232479782,false
true,25,3,53.8,-1.156477481681769,-0.20272162833452054,false
true,25,3,53.9,-1.150282082249581,-0.20504380124893026,false
true,25,3,54.0,-1.1440583350721125,-0.20730164264397663,false
true,25,3,54.1,-1.137804696376585,-0.20949533073721266,false
true,25,3,54.2,-1.1315195741799084,-0.2116250301095978,false
true,25,3,54.3,-1.1252013229058782,-0.21369089138664885,false
true,25,3,54.4,-1.1188482378445213,-0.21569305087809645,false
true,25,3,54.5,-1.1124585494138555,-0.2176316301748946,false
true,25,3,54.6,-1.1060304171834276,-0.21950673570211812,false
true,25,3,54.7,-1.0995619236176184,-0.22131845822596374,false
true,25,3,54.8,-1.0930510674948566,-0.22306687231273845,false
true,25,3,54.9,-1.0864957569565414,-0.22475203573737484,false
true,25,3,55.0,-1.079893802136606,-0.22637398883864865,false
true,25,3,55.1,-1.073242907319239,-0.2279327538178872,false
true,25,3,55.2,-1.0665406625682707,-0.22942833397754406,false
true,25,3,55.3,-1.0597845347670576,-0.23086071289556973,false
true,25,3,55.4,-1.0529718580023355,-0.23222985353102482,false
true,25,3,55.5,-1.0460998232193355,-0.23353569725585746,false
true,25,3,55.6,-1.0391654670684274,-0.23477816280719122,false
true,25,3,55.7,-1.032165659855532,-0.2359571451538389,false
true,25,3,55.8,-1.0250970924994276,-0.2370725142700624,false
true,25,3,55.9,-1.017956262388717,-0.23812411380883008,false
true,25,3,56.0,-1.010739458019464,-0.23911175966597137,false
true,25,3,56.1,-1.0034427422811545,-0.2400352384256828,false
true,25,3,56.2,-0.9960619342434794,-0.24089430567678513,false
true,25,3,56.3,-0.9885925892792069,-0.24168868418795558,false
true,25,3,56.4,-0.9810299773388306,-0.24241806192884474,false
true,25,3,56.5,-0.9733690591703916,-0.24308208992251334,false
true,25,3,56.6,-0.9656044602524863,-0.24368037991297126,false
true,25,3,56.7,-0.9577304421795191,-0.244212501829741,false
true,25,3,56.8,-0.9497408712052082,-0.24467798102927385,false
true,25,3,56.9,-0.9416291836125592,-0.2450762952906831,false
true,25,3,57.0,-0.9333883475352658,-0.2454068715405885,false
true,25,3,57.1,-0.9250108208059091,-0.2456690822788425,false
true,25,3,57.2,-0.9164885043494022,-0.24586224167348067,false
true,25,3,57.3,-0.9078126905746882,-0.24598560128934568,false
true,25,3,57.4,-0.8989740061423652,-0.24603834541040528,false
true,25,3,57.5,-0.8899623483990521,-0.24601958591073866,false
true,25,3,57.6,-0.880766814669021,-0.24592835662340665,false
true,25,3,57.7,-0.8713756234776653,-0.24576360714983886,false
true,25,3,57.8,-0.861776026647097,-0.24552419604483358,false
true,25,3,57.9,-0.8519542110484795,-0.24520888330362445,false
true,25,3,58.0,-0.8418951886149391,-0.24481632206754073,false
true,25,3,58.1,-0.8315826730087633,-0.24434504945337002,false
true,25,3,58.2,-0.8209989410920305,-0.2437934763983762,false
true,25,3,58.3,-0.8101246770648868,-0.24315987639774744,false
true,25,3,58.4,-0.7989387968034454,-0.24244237299371083,false
true,25,3,58.5,-0.7874182495416003,-0.24163892585526003,false
true,25,3,58.6,-0.7755377935884828,-0.24074731526393658,false
true,25,3,58.7,-0.763269742244914,-0.23976512479384704,false
true,25,3,58.8,-0.7505836754655044,-0.238689721942456,false
true,25,3,58.9,-0.7374461120938048,-0.2375182364319369,false
true,25,3,59.0,-0.7238201366602799,-0.2362475358581433,false
true,25,3,59.1,-0.7096649737595939,-0.23487419831460576,false
true,25,3,59.2,-0.6949355018966028,-0.23339448156125692,false
true,25,3,59.3,-0.6795816973915743,-0.23180428824058938,false
true,25,3,59.4,-0.6635479974485987,-0.23009912656628487,false
true,25,3,59.5,-0.6467725698062484,-0.22827406581953807,false
true,25,3,59.6,-0.629186474506129,-0.22632368588482596,false
true,25,3,59.7,-0.610712701251712,-0.22424201993829976,false
true,25,3,59.8,-0.5912650636374537,-0.22202248926714563,false
true,25,3,59.9,-0.5707469293099334,-0.21965782904660816,false
true,25,3,60.0,-0.5490497630660275,-0.2171400037334829,false
true,25,3,60.1,-0.5260514583179713,-0.21446011055331538,false
true,25,3,60.2,-0.5016144317875285,-0.2116082693691574,false
true,25,3,60.3,-0.4755834575737092,-0.2085734970337144,false
true,25,3,60.4,-0.4477832211937433,-0.20534356416369198,false
true,25,3,60.5,-0.41801558387135196,-0.20190483216785995,false
true,25,3,60.6,-0.386056565358914,-0.1982420683616519,false
true,25,3,60.7,-0.3516530846185283,-0.1943382371942761,false
true,25,3,60.8,-0.314519548683825,-0.19017426612789162,false
true,25,3,60.9,-0.27433446103140036,-0.18572878573723484,false
true,25,3,61.0,-0.23073734600173273,-0.18097784543174758,false
true,25,3,61.1,-0.18332647452028988,-0.1758946092615132,false
true,25,3,61.2,-0.13165815330863762,-0.1704490411469805,false
true,25,3,61.3,-0.07524873352972998,-0.16460759637529396,false
true,25,3,61.4,-0.01358103179084448,-0.15833294735825645,false
true,25,3,61.5,0.053882454270278685,-0.15158378762315164,false
true,25,3,61.6,0.127676351810698,-0.14431477988064753,false
true,25,3,61.7,0.20829528820927612,-0.13647674215539127,false
true,25,3,61.8,0.29613849386136193,-0.1280171988603793,false
true,25,3,61.9,0.39143242870270123,-0.11888145594469983,false
true,25,3,62.0,0.4941304249801897,-0.1090143787830601,false
true,25,3,62.1,0.6037943595485367,-0.0983630369497138,false
true,25,3,62.2,0.7194735892757673,-0.08688030101986369,false
true,25,3,62.3,0.8396099010936712,-0.07452930179282201,false
true,25,3,62.4,0.962009490417369,-0.06128838134319955,false
true,25,3,62.5,1.0839249905247088,-0.04715582211715607,false
true,25,3,62.6,1.2022720710265207,-0.032153359465584265,false
true,25,3,62.7,1.313963256993512,-0.016327447651217963,false
true,25,3,62.8,1.4162902123609005,0.00025239837196509157,false
true,25,3,62.9,1.507253447492928,0.01749815867171883,false
true,25,3,63.0,1.58574970172806,0.0353099419727409,false
true,25,3,63.1,1.6515799415672436,0.05358335760319126,false
true,25,3,63.2,1.705304873619113,0.07221625972186912,false
true,25,3,63.3,1.748015890361312,0.09111390784570345,false
true,25,3,63.4,1.7810938769125777,0.11019217650918915,false
true,25,3,63.5,1.8060064606641546,0.12937895075601002,false
true,25,3,63.6,1.8241652488175948,0.1486141297639254,false
true,25,3,63.7,1.836842181277833,0.16784873366353703,false
true,25,3,63.8,1.8451325645946601,0.18704354536445356,false
true,25,3,63.9,1.8499495432818531,0.2061676015649365,false
true,25,3,64.0,1.852036767440718,0.22519672957816772,false
true,25,3,64.1,1.851989650818583,0.24411223394162254,false
true,25,3,64.2,1.8502791084036805,0.2628997738809279,false
true,25,3,64.3,1.8472743429198193,0.28154843501594645,false
true,25,3,64.4,1.8432630461021253,0.300049979032314,false
true,25,3,64.5,1.838468465461062,0.3183982468436319,false
true,25,3,64.6,1.8330633776882002,0.3365886891634814,false
true,25,3,64.7,1.8271812892932953,0.35461800017319445,false
true,25,3,64.8,1.8209252844284594,0.3724838331662106,false
true,25,3,64.9,1.8143749437549415,0.3901845805922918,false
true,25,3,65.0,1.807591717390129,0.40771920427224057,false
true,25,3,65.1,1.8006230778903287,0.4250871044758655,false
true,25,3,65.2,1.7935057206506402,0.44228801899160897,false
true,25,3,65.3,1.78626802588309,0.45932194528787995,false
true,25,3,65.4,1.778931950976441,0.47618908043142616,false
true,25,3,65.5,1.7715144848387223,0.4928897746544814,false
true,25,3,65.6,1.764028766053005,0.509424495414658,false
true,25,3,65.7,1.756484943242679,0.5257937995263665,false
true,25,3,65.8,1.7488908378016672,0.5419983115072676,false
true,25,3,65.9,1.7412524550552728,0.5580387067161227,false
true,25,3,66.0,1.733574379090475,0.5739156981897243,false
true,25,3,66.1,1.7258600782033164,0.5896300263399924,false
true,25,3,66.2,1.7181121415750913,0.605182450866144,false
true,25,3,66.3,1.710332462952834,0.6205737443851569,false
true,25,3,66.4,1.7025223834196404,0.6358046873973241,false
true,25,3,66.5,1.6946828025245777,0.6508760642907735,false
true,25,3,66.6,1.6868142648919815,0.6657886601556726,false
true,25,3,66.7,1.678917027786917,0.6805432582302249,false
true,25,3,66.8,1.6709911138564633,0.6951406378401336,false
true,25,3,66.9,1.6630363523033411,0.7095815727237272,false
true,25,3,67.0,1.6550524110093303,0.7238668296585173,false
true,25,3,67.1,1.6470388215578844,0.7379971673232062,false
true,25,3,67.2,1.6389949986679373,0.7519733353433058,false
true,25,3,67.3,1.6309202552134736,0.7657960734795153,false
true,25,3,67.4,1.6228138137425998,0.7794661109265423,false
true,25,3,67.5,1.6146748152078163,0.7929841656967084,false
true,25,3,67.6,1.60650232546234,0.8063509440678653,false
true,25,3,67.7,1.5982953399552688,0.8195671400791951,false
true,25,3,67.8,1.5900527869631518,0.8326334350616286,false
true,25,3,67.9,1.581773529621034,0.8455504971920849,false
true,25,3,68.0,1.5734563669575625,0.858318981062656,false
true,25,3,68.1,1.5651000340926808,0.8709395272573596,false
true,25,3,68.2,1.5567032017200007,0.8834127619302421,false
true,25,3,68.3,1.5482644749669574,0.8957392963795097,false
true,25,3,68.4,1.5397823917026736,0.9079197266130407,false
true,25,3,68.5,1.5312554203447453,0.9199546329011482,false
true,25,3,68.6,1.5226819572009418,0.9318445793128304,false
true,25,3,68.7,1.5140603233692533,0.9435901132320055,false
true,25,3,68.8,1.5053887612092087,0.9551917648503968,false
true,25,3,68.9,1.4966654303884406,0.9666500466338174,false
true,25,3,69.0,1.4878884035006694,0.9779654527586277,false
true,25,3,69.1,1.4790556612443253,0.9891384585150998,false
true,25,3,69.2,1.4701650871446377,1.0001695196743319,false
true,25,3,69.3,1.4612144617960057,1.011059071815214,false
true,25,3,69.4,1.4522014565956134,1.0218075296077658,false
true,25,3,69.5,1.4431236269334233,1.03241528604893,false
true,25,3,69.6,1.4339784047977349,1.0428827116466308,false
true,25,3,69.7,1.4247630907492703,1.0532101535475848,false
true,25,3,69.8,1.4154748452101626,1.0633979346039768,false
true,25,3,69.9,1.4061106790070992,1.0734463523736897,false
true,25,3,70.0,1.3966674431001294,1.0833556780482976,false
true,25,3,70.1,1.387141817420104,1.093126155302487,false
true,25,3,70.2,1.3775302987282667,1.1027579990579603,false
true,25,3,70.3,1.3678291874009607,1.1122513941541905,false
true,25,3,70.4,1.3580345730306043,1.1216064939176211,false
true,25,3,70.5,1.3481423187207937,1.1308234186200457,false
true,25,3,70.6,1.3381480439384,1.1399022538159187,false
true,25,3,70.7,1.3280471057685412,1.1488430485472636,false
true,25,3,70.8,1.317834578399067,1.1576458134036063,false
true,25,3,70.9,1.3075052306392818,1.1663105184229763,false
true,25,3,71.0,1.2970535012526874,1.1748370908184527,false
true,25,3,71.1,1.2864734718550208,1.1832254125129644,false
true,25,3,71.2,1.275758837096262,1.1914753174630506,false
true,25,3,71.3,1.26490287180791,1.1995865887500246,false
true,25,3,71.4,1.2538983947538949,1.207558955414412,false
true,25,3,71.5,1.2427377285740984,1.215392089006611,false
true,25,3,71.6,1.2314126554525051,1.223085599823396,false
true,25,3,71.7,1.2199143679762234,1.2306390327960908,false
true,25,3,71.8,1.2082334145754916,1.2380518629919048,false
true,25,3,71.9,1.1963596388465123,1.2453234906849626,false
true,25,3,72.0,1.1842821119564142,1.2524532359478664,false
true,25,3,72.1,1.1719890572102696,1.2594403327080996,false
true,25,3,72.2,1.1594677657208874,1.2662839222060527,false
true,25,3,72.3,1.1467045019594129,1.2729830457827778,false
true,25,3,72.4,1.1336843977742905,1.279536636915551,false
true,25,3,72.5,1.120391333242686,1.2859435124077165,false
true,25,3,72.6,1.1068078024558057,1.2922023626258112,false
true,25,3,72.7,1.0929147620302375,1.2983117406613167,false
true,25,3,72.8,1.078691459772501,1.3042700502761406,false
true,25,3,72.9,1.0641152404926493,1.310075532469641,false
true,25,3,73.0,1.0491613254520897,1.3157262504801022,false
true,25,3,73.1,1.033802561325199,1.3212200730043882,false
true,25,3,73.2,1.0180091338351576,1.326554655385233,false
true,25,3,73.3,1.0017482403693605,1.3317274184753196,false
true,25,3,73.4,0.9849837148621103,1.336735524839795,false
true,25,3,73.5,0.9676755970203669,1.34157585190281,false
true,25,3,73.6,0.9497796365247804,1.3462449615773968,false
true,25,3,73.7,0.9312467211194184,1.3507390658395757,false
true,25,3,73.8,0.9120222154593662,1.3550539876146854,false
true,25,3,73.9,0.8920451951592689,1.3591851162338426,false
true,25,3,74.0,0.8712475576165529,1.363127356587974,false
true,25,3,74.1,0.8495529878075073,1.3668750709523771,false
true,25,3,74.2,0.8268757533146126,1.3704220122721231,false
true,25,3,74.3,0.803119298298533,1.3737612474833298,false
true,25,3,74.4,0.7781746009755244,1.3768850691927244,false
true,25,3,74.5,0.7519182534728897,1.3797848937436177,false
true,25,3,74.6,0.7242102169191873,1.3824511433571163,false
true,25,3,74.7,0.6948911987250371,1.3848731096523512,false
true,25,3,74.8,0.6637795940648868,1.387038795422938,false
true,25,3,74.9,0.6306679310787356,1.388934731092095,false
true,25,3,75.0,0.5953187618481929,1.3905457618149875,false
true,25,4,75.0,0.371926492535351,1.3965132002575302,true
true,25,4,75.1,0.31533833281584134,1.3959294898960077,false
true,25,4,75.2,0.25350263978835863,1.3948777271851944,false
true,25,4,75.3,0.1857389455196908,1.3933163818238863,false
true,25,4,75.4,0.11130187809313676,1.3911984963032404,false
true,25,4,75.5,0.02939777753028966,1.3884712600750502,false
true,25,4,75.6,-0.06078116679495342,1.3850757837892596,false
true,25,4,75.7,-0.15999649429850554,1.380947245593698,false
true,25,4,75.8,-0.26886635625001876,1.3760156576763143,false
true,25,4,75.9,-0.38772201662910777,1.3702075822325022,false
true,25,4,76.0,-0.5164145722555931,1.3634491811486293,false
true,25,4,76.1,-0.654084619130488,1.3556709519135923,false
true,25,4,76.2,-0.7989364695715095,1.346814291668752,false
true,25,4,76.3,-0.9480958143722074,1.3368395511800955,false
true,25,4,76.4,-1.0976562487796417,1.3257344904057546,false
true,25,4,76.5,-1.2430020599382958,1.313521243994073,false
true,25,4,76.6,-1.379405998843694,1.3002595262895995,false
true,25,4,76.7,-1.5027636833939237,1.2860443672495911,false
true,25,4,76.8,-1.6102257459610327,1.2709982455089515,false
true,25,4,76.9,-1.700512681012176,1.2552593924148578,false
true,25,4,77.0,-1.7738433978157404,1.2389692165977533,false
true,25,4,77.1,-1.8315744388777973,1.2222616388777205,false
true,25,4,77.2,-1.8757279982747586,1.205255937231627,false
true,25,4,77.3,-1.9085634325560403,1.1880533074332142,false
true,25,4,77.4,-1.9322713096022226,1.1707363996921083,false
true,25,4,77.5,-1.948799616398824,1.1533707602505496,false
true,25,4,77.6,-1.9597840167108074,1.1360072098953105,false
true,25,4,77.7,-1.9665446929068948,1.1186844736692605,false
true,25,4,77.8,-1.9701181399562588,1.101431661780964,false
true,25,4,77.9,-1.9713024950125744,1.084270416216795,false
true,25,4,78.0,-1.9707040894968613,1.067216671577994,false
true,25,4,78.1,-1.9687792706446414,1.050282049919145,false
true,25,4,78.2,-1.9658693570769592,1.033474940011727,false
true,25,4,78.3,-1.9622286035997467,1.0168013191902414,false
true,25,4,78.4,-1.9580459518030047,1.0002653724193316,false
true,25,4,78.5,-1.953461634623341,0.9838699552329927,false
true,25,4,78.6,-1.9485796950130112,0.9676169382853231,false
true,25,4,78.7,-1.9434773458082426,0.9515074630430275,false
true,25,4,78.8,-1.9382119298091618,0.9355421312341139,false
true,25,4,78.9,-1.9328260777172646,0.9197211451263015,false
true,25,4,79.0,-1.9273515230833498,0.9040444114040098,false
true,25,4,79.1,-1.9218119214037226,0.888511618134303,false
true,25,4,79.2,-1.9162249330451147,0.8731222918476053,false
true,25,4,79.3,-1.9106037629023773,0.8578758399222408,false
true,25,4,79.4,-1.9049582994444187,0.8427715821006861,false
true,25,4,79.5,-1.8992959583542268,0.827808773960278,false
true,25,4,79.6,-1.8936223082337849,0.8129866244204279,false
true,25,4,79.7,-1.8879415353871396,0.7983043088231346,false
true,25,4,79.8,-1.882256789642014,0.7837609787222827,false
true,25,4,79.9,-1.8765704421086358,0.7693557692217821,false
true,25,4,80.0,-1.8708842776494135,0.7550878044849356,false
true,25,4,80.1,-1.8651996388641927,0.7409562018768884,false
true,25,4,80.2,-1.8595175340083063,0.7269600750834667,false
true,25,4,80.3,-1.853838718032496,0.7130985364620456,false
true,25,4,80.4,-1.8481637535558957,0.6993706988151438,false
true,25,4,80.5,-1.8424930568292917,0.6857756767292729,false
true,25,4,80.6,-1.8368269324501645,0.6723125875857554,false
true,25,4,80.7,-1.831165599632325,0.6589805523235718,false
true,25,4,80.8,-1.8255092121224181,0.6457786960144085,false
true,25,4,80.9,-1.81985787332805,0.6327061482952238,false
true,25,4,81.0,-1.8142116478299557,0.6197620436925182,false
true,25,4,81.1,-1.8085705701583064,0.6069455218641594,false
true,25,4,81.2,-1.8029346514950508,0.594255727778335,false
true,25,4,81.3,-1.797303884801022,0.5816918118444911,false
true,25,4,81.4,-1.7916782487442995,0.5692529300075504,false
true,25,4,81.5,-1.7860577107145634,0.5569382438140149,false
true,25,4,81.6,-1.7804422291391975,0.5447469204565206,false
true,25,4,81.7,-1.7748317552649135,0.5326781328018663,false
true,25,4,81.8,-1.7692262345294596,0.5207310594063636,false
true,25,4,81.9,-1.7636256076183137,0.508904884521463,false
true,25,4,82.0,-1.758029811278794,0.497198798091928,false
true,25,4,82.1,-1.7524387789469817,0.48561199574830727,false
true,25,4,82.2,-1.746852441229885,0.47414367879505837,false
true,25,4,82.3,-1.741270726275403,0.4627930541953689,false
true,25,4,82.4,-1.7356935600551198,0.4515593345534866,false
true,25,4,82.5,-1.7301208665792005,0.44044173809518933,false
true,25,4,82.6,-1.7245525680582534,0.42943948864688625,false
true,25,4,82.7,-1.7189885850236402,0.41855181561373406,false
true,25,4,82.8,-1.7134288364151202,0.4077779539570692,false
true,25,4,82.9,-1.7078732396427112,0.39711714417139177,false
true,25,4,83.0,-1.7023217106281023,0.3865686322610879,false
true,25,4,83.1,-1.6967741638297742,0.3761316697170378,false
true,25,4,83.2,-1.6912305122550435,0.36580551349322665,false
true,25,4,83.3,-1.685690667461545,0.35558942598345245,false
true,25,4,83.4,-1.6801545395500996,0.3454826749982061,false
true,25,4,83.5,-1.674622037150491,0.33548453374178516,false
true,25,4,83.6,-1.6690930674013256,0.32559428078969094,false
true,25,4,83.7,-1.663567535924901,0.3158112000663514,false
true,25,4,83.8,-1.6580453467977825,0.3061345808232037,false
true,25,4,83.9,-1.6525264025176405,0.2965637176171669,false
true,25,4,84.0,-1.6470106039667645,0.2870979102895292,false
true,25,4,84.1,-1.64149785037257,0.2777364639452739,false
true,25,4,84.2,-1.6359880392653325,0.2684786889328627,false
true,25,4,84.3,-1.630481066433326,0.2593239008244959,false
true,25,4,84.4,-1.624976825875478,0.25027142039686606,false
true,25,4,84.5,-1.619475209751624,0.2413205736124215,false
true,25,4,84.6,-1.6139761083304083,0.2324706916011559,false
true,25,4,84.7,-1.6084794099348432,0.2237211106429383,false
true,25,4,84.8,-1.6029850008855235,0.2150711721503997,false
true,25,4,84.9,-1.597492765441472,0.206520222652391,false
true,25,4,85.0,-1.5920025857385718,0.19806761377802784,false
true,25,4,85.1,-1.586514341725533,0.18971270224133777,false
true,25,4,85.2,-1.5810279110973227,0.18145484982652643,false
true,25,4,85.3,-1.57554316922598,0.17329342337387868,false
true,25,4,85.4,-1.5700599890887295,0.16522779476631225,false
true,25,4,85.5,-1.5645782411932858,0.1572573409166015,false
true,25,4,85.6,-1.5590977935002515,0.14938144375528997,false
true,25,4,85.7,-1.5536185113424812,0.1415994902193107,false
true,25,4,85.8,-1.548140257341293,0.1339108722413349,false
true,25,4,85.9,-1.5426628913193878,0.12631498673986974,false
true,25,4,86.0,-1.537186270210336,0.11881123561012717,false
true,25,4,86.1,-1.5317102479644755,0.1113990257156872,false
true,25,4,86.2,-1.5262346754510634,0.10407776888097953,false
true,25,4,86.3,-1.5207594003565055,0.09684688188460895,false
true,25,4,86.4,-1.5152842670784856,0.08970578645355122,false
true,25,4,86.5,-1.5098091166157992,0.08265390925824716,false
true,25,4,86.6,-1.50433378645369,0.07569068190862437,false
true,25,4,86.7,-1.4988581104444767,0.06881554095107745,false
true,25,4,86.8,-1.493381918683237,0.062027927866438896,false
true,25,4,86.9,-1.4879050373783174,0.05532728906897484,false
true,25,4,87.0,-1.4824272887164047,0.0487130759064413,false
true,25,4,87.1,-1.4769484907219015,0.04218474466123863,false
true,25,4,87.2,-1.4714684571103143,0.03574175655270376,false
true,25,4,87.3,-1.465986997135357,0.029383577740581722,false
true,25,4,87.4,-1.4605039154294532,0.023109679329720575,false
true,25,4,87.5,-1.4550190118372992,0.0169195373760356,false
true,25,4,87.6,-1.449532081242132,0.010812632893791712,false
true,25,4,87.7,-1.444042913384327,0.004788451864255093,false
true,25,4,87.8,-1.4385512926719246,-0.001153514754231858,false
true,25,4,87.9,-1.433056997982662,-0.007013771014695148,false
true,25,4,88.0,-1.4275598024570624,-0.012792815968433627,false
true,25,4,88.1,-1.4220594732821055,-0.018491143650319578,false
true,25,4,88.2,-1.4165557714649712,-0.02410924306242878,false
true,25,4,88.3,-1.4110484515963244,-0.029647598155929267,false
true,25,4,88.4,-1.4055372616025663,-0.03510668781115438,false
true,25,4,88.5,-1.4000219424864513,-0.04048698581578124,false
true,25,4,88.6,-1.3945022280554211,-0.04578896084103136,false
true,25,4,88.7,-1.3889778446369763,-0.05101307641580551,false
true,25,4,88.8,-1.3834485107803516,-0.05615979089865962,false
true,25,4,88.9,-1.3779139369437254,-0.06122955744752326,false
true,25,4,89.0,-1.3723738251661335,-0.06622282398705649,false
true,25,4,89.1,-1.3668278687232076,-0.07114003317353478,false
true,25,4,89.2,-1.3612757517658043,-0.07598162235714484,false
true,25,4,89.3,-1.3557171489405204,-0.08074802354156778,false
true,25,4,89.4,-1.35015172499103,-0.08543966334071802,false
true,25,4,89.5,-1.3445791343391023,-0.09005696293249885,false
true,25,4,89.6,-1.3389990206440867,-0.09460033800942654,false
true,25,4,89.7,-1.33341101633956,-0.09907019872596659,false
true,25,4,89.8,-1.3278147421457507,-0.10346694964241503,false
true,25,4,89.9,-1.3222098065562498,-0.10779098966514801,false
true,25,4,90.0,-1.3165958052974178,-0.11204271198305157,false
true,25,4,90.1,-1.3109723207587847,-0.11622250399993134,false
true,25,4,90.2,-1.3053389213926136,-0.1203307472626893,false
true,25,4,90.3,-1.2996951610806742,-0.12436781738504124,false
true,25,4,90.4,-1.2940405784661217,-0.1283340839665332,false
true,25,4,90.5,-1.2883746962482308,-0.13222991050660007,false
true,25,4,90.6,-1.282697020437562,-0.13605565431339203,false
true,25,4,90.7,-1.2770070395689603,-0.13981166640707648,false
true,25,4,90.8,-1.271304223869587,-0.14349829141730336,false
true,25,4,90.9,-1.26558802437898,-0.14711586747450078,false
true,25,4,91.0,-1.2598578720178992,-0.15066472609464482,false
true,25,4,91.1,-1.2541131766024707,-0.15414519205712318,false
true,25,4,91.2,-1.2483533257998665,-0.15755758327528546,false
true,25,4,91.3,-1.2425776840214646,-0.16090221065924465,false
true,25,4,91.4,-1.236785591249111,-0.1641793779704636,false
true,25,4,91.5,-1.2309763617897536,-0.16738938166762643,false
true,25,4,91.6,-1.2251492829533381,-0.1705325107432593,false
true,25,4,91.7,-1.21930361364844,-0.17360904655052614,false
true,25,4,91.8,-1.2134385828896463,-0.17661926261958183,false
true,25,4,91.9,-1.2075533882102127,-0.17956342446282084,false
true,25,4,92.0,-1.2016471939729714,-0.18244178936830854,false
true,25,4,92.1,-1.1957191295718725,-0.18525460618062978,false
true,25,4,92.2,-1.1897682875158928,-0.18800211506832976,false
true,25,4,92.3,-1.18379372138633,-0.19068454727705975,false
true,25,4,92.4,-1.177794443657719,-0.19330212486747053,false
true,25,4,92.5,-1.1717694233717448,-0.19585506043682155,false
true,25,4,92.6,-1.1657175836525897,-0.19834355682319194,false
true,25,4,92.7,-1.1596377990511033,-0.20076780679109027,false
true,25,4,92.8,-1.153528892704051,-0.20312799269716258,false
true,25,4,92.9,-1.1473896332934281,-0.2054242861345921,false
true,25,4,93.0,-1.1412187317894456,-0.20765684755466748,false
true,25,4,93.1,-1.1350148379592526,-0.20982582586386994,false
true,25,4,93.2,-1.1287765366217732,-0.2119313579946898,false
true,25,4,93.3,-1.1225023436271526,-0.21397356844823137,false
true,25,4,93.4,-1.1161907015372405,-0.21595256880649713,false
true,25,4,93.5,-1.1098399749812349,-0.21786845721205875,false
true,25,4,93.6,-1.103448445658056,-0.21972131781262144,false
true,25,4,93.7,-1.097014306954192,-0.2215112201677651,false
true,25,4,93.8,-1.0905356581425998,-0.2232382186149022,false
true,25,4,93.9,-1.0840104981247405,-0.22490235159122315,false
true,25,4,94.0,-1.0774367186739202,-0.22650364090810185,false
true,25,4,94.1,-1.070812097133745,-0.228042090974107,false
true,25,4,94.2,-1.0641342885206302,-0.2295176879624014,false
true,25,4,94.3,-1.0574008169738578,-0.23093039891791,false
true,25,4,94.4,-1.0506090664905796,-0.23228017079919222,false
true,25,4,94.5,-1.0437562708763304,-0.23356692944946078,false
true,25,4,94.6,-1.0368395028339479,-0.23479057849064078,false
true,25,4,94.7,-1.0298556621051758,-0.23595099813375314,false
true,25,4,94.8,-1.0228014625695339,-0.23704804389822776,false
true,25,4,94.9,-1.0156734181941143,-0.23808154523199562,false
true,25,4,95.0,-1.0084678277156416,-0.2390513040233645,false
true,25,4,95.1,-1.0011807579222145,-0.23995709299473975,false
true,25,4,95.2,-0.9938080253864057,-0.24079865396719627,false
true,25,4,95.3,-0.9863451764835565,-0.24157569598372558,false
true,25,4,95.4,-0.9787874655088818,-0.242287893277655,false
true,25,4,95.5,-0.9711298306840157,-0.2429348830712463,false
true,25,4,95.6,-0.9633668678174915,-0.24351626318780567,false
true,25,4,95.7,-0.9554928013538712,-0.2440315894587475,false
true,25,4,95.8,-0.9475014525122645,-0.24448037290492639,false
true,25,4,95.9,-0.9393862041761564,-0.2448620766691445,false
true,25,4,96.0,-0.9311399621520414,-0.24517611267402029,false
true,25,4,96.1,-0.9227551123634504,-0.2454218379763198,false
true,25,4,96.2,-0.9142234734885216,-0.24559855078535267,false
true,25,4,96.3,-0.905536244482095,-0.2457054861090568,false
true,25,4,96.4,-0.8966839463459717,-0.24574181098686923,false
true,25,4,96.5,-0.8876563574218134,-0.2457066192633191,false
true,25,4,96.6,-0.8784424413781887,-0.24559892585038573,false
true,25,4,96.7,-0.8690302669442015,-0.245417660419926,false
true,25,4,96.8,-0.8594069183042349,-0.2451616604597565,false
true,25,4,96.9,-0.8495583949084298,-0.24482966361812078,false
true,25,4,97.0,-0.8394694992678072,-0.24442029925109848,false
true,25,4,97.1,-0.829123711087035,-0.24393207907580594,false
true,25,4,97.2,-0.8185030458365077,-0.24336338681874609,false
true,25,4,97.3,-0.8075878955725738,-0.24271246673309366,false
true,25,4,97.4,-0.7963568494732292,-0.24197741084070612,false
true,25,4,97.5,-0.7847864911580889,-0.24115614473382363,false
true,25,4,97.6,-0.77285116939623,-0.24024641174729078,false
true,25,4,97.7,-0.7605227382623848,-0.2392457552841431,false
true,25,4,97.8,-0.747770262168139,-0.2381514990449065,false
true,25,4,97.9,-0.7345596804557607,-0.23696072487320505,false
true,25,4,98.0,-0.7208534253819397,-0.23567024788639565,false
true,25,4,98.1,-0.7066099863196046,-0.23427658850894778,false
true,25,4,98.2,-0.6917834118499065,-0.23277594096702897,false
true,25,4,98.3,-0.6763227400856988,-0.23116413773397387,false
true,25,4,98.4,-0.6601713460471759,-0.22943660933660762,false
true,25,4,98.5,-0.6432661931906204,-0.22758833884027851,false
true,25,4,98.6,-0.6255369742749908,-0.22561381022442173,false
true,25,4,98.7,-0.6069051246617537,-0.2235069497391212,false
true,25,4,98.8,-0.5872826889394237,-0.2212610591953842,false
true,25,4,98.9,-0.5665710195615,-0.21886873998729608,false
true,25,4,99.0,-0.5446592841921769,-0.2163218064737491,false
true,25,4,99.1,-0.521422757019256,-0.2136111871640884,false
true,25,4,99.2,-0.4967208689917031,-0.21072681196243798,false
true,25,4,99.3,-0.47039499368517546,-0.20765748354211075,false
true,25,4,99.4,-0.4422659507252449,-0.2043907307659597,false
true,25,4,99.5,-0.41213121961418175,-0.20091264197656508,false
true,25,4,99.6,-0.37976187677212386,-0.19720767600923028,false
true,25,4,99.7,-0.3448993026511835,-0.19325844902103315,false
true,25,4,99.8,-0.3072517613315304,-0.18904549581935678,false
true,25,4,99.9,-0.2664910427740308,-0.18454700552287912,false
true,25,4,100.0,-0.22224949292160245,-0.17973853340706494,false
true,100,1,0.0,-1.8633893588791945,0.9432517283983279,true
true,100,1,0.1,-1.8759558702077896,0.9279035376962608,false
true,100,1,0.2,-1.8843703767646123,0.9125702907581794,false
true,100,1,0.30000000000000004,-1.8895403034027127,0.8972812532766125,false
true,100,1,0.4,-1.8921938173428048,0.8820589997692619,false
true,100,1,0.5,-1.8929061383743895,0.8669207827157311,false
true,100,1,0.6000000000000001,-1.8921265684857047,0.8518796775104555,false
true,100,1,0.7000000000000001,-1.8902032583503436,0.8369455123096382,false
true,100,1,0.8,-1.887404483947407,0.8221256079675929,false
true,100,1,0.9,-1.8839362025299473,0.8074253584932276,false
true,100,1,1.0,-1.8799561572059242,0.792848681853651,false
true,100,1,1.1,-1.8755850045225413,0.7783983676516254,false
true,100,1,1.2,-1.8709149838607617,0.7640763439998278,false
true,100,1,1.3,-1.8660166132752447,0.7498838817383612,false
true,100,1,1.4,-1.8609438304046277,0.7358217504140478,false
true,100,1,1.5,-1.8557379239252518,0.7218903373020527,false
true,100,1,1.6,-1.8504305325358874,0.7080897382020932,false
true,100,1,1.7000000000000002,-1.8450459293449264,0.6944198267197904,false
true,100,1,1.8,-1.839602760823378,0.6808803071647352,false
true,100,1,1.9,-1.8341153705071287,0.6674707549767663,false
true,100,1,2.0,-1.8285948070296156,0.6541906476560765,false
true,100,1,2.1,-1.8230495923500714,0.6410393884584323,false
true,100,1,2.2,-1.8174863078251926,0.62801632457333,false
true,100,1,2.3,-1.8119100418627265,0.61512076109027,false
true,100,1,2.4,-1.806324732318165,0.6023519717453721,false
true,100,1,2.5,-1.8007334287731616,0.5897092072032765,false
true,100,1,2.6,-1.795138493758736,0.5771917014493675,false
true,100,1,2.7,-1.7895417573887986,0.5647986767308744,false
true,100,1,2.8,-1.783944636390954,0.5525293473817763,false
true,100,1,2.9,-1.7783482258888925,0.5403829227876842,false
true,100,1,3.0,-1.7727533702969824,0.5283586096869406,false
true,100,1,3.1,-1.7671607181764928,0.5164556139585142,false
true,100,1,3.2,-1.7615707647562524,0.5046731420124186,false
true,100,1,3.3,-1.7559838849493867,0.49301040187175665,false
true,100,1,3.4,-1.7504003590350643,0.48146660401510544,false
true,100,1,3.5,-1.7448203926692876,0.4700409620323302,false
true,100,1,3.6,-1.7392441325035257,0.4587326931349127,false
true,100,1,3.7,-1.7336716783955963,0.44754101855264805,false
true,100,1,3.8,-1.7281030929718668,0.43646516384144884,false
true,100,1,3.9,-1.7225384091270965,0.4255043591215062,false
true,100,1,4.0,-1.716977635915574,0.4146578392608089,false
true,100,1,4.1,-1.7114207631851628,0.4039248440157366,false
true,100,1,4.2,-1.7058677652272412,0.39330461813788886,false
true,100,1,4.3,-1.7003186036548414,0.3827964114543316,false
true,100,1,4.4,-1.6947732296743814,0.3723994789268967,false
true,100,1,4.5,-1.689231585880054,0.3621130806949687,false
true,100,1,4.6,-1.6836936076717526,0.351936482105251,false
true,100,1,4.7,-1.6781592243755292,0.34186895373126824,false
true,100,1,4.8,-1.6726283601285226,0.33190977138478595,false
true,100,1,4.9,-1.6671009345770211,0.32205821612087515,false
true,100,1,5.0,-1.661576863425943,0.3123135742379933,false
true,100,1,5.1,-1.6560560588698987,0.30267513727417317,false
true,100,1,5.2,-1.6505384299296517,0.2931422020001907,false
true,100,1,5.3,-1.6450238827127839,0.2837140704104064,false
true,100,1,5.4,-1.6395123206134699,0.2743900497118387,false
true,100,1,5.5,-1.6340036444631547,0.26516945231191663,false
true,100,1,5.6,-1.6284977526415063,0.25605159580527337,false
true,100,1,5.7,-1.6229945411550801,0.24703580295987237,false
true,100,1,5.8,-1.6174939036896092,0.2381214017027035,false
true,100,1,5.9,-1.6119957316406295,0.2293077251052427,false
true,100,1,6.0,-1.6064999141261815,0.22059411136883397,false
true,100,1,6.1,-1.6010063379845738,0.2119799038101247,false
true,100,1,6.2,-1.5955148877595748,0.2034644508466632,false
true,100,1,6.3,-1.5900254456749234,0.19504710598275024,false
true,100,1,6.4,-1.5845378915996462,0.1867272277956214,false
true,100,1,6.5,-1.5790521030053681,0.17850417992202694,false
true,100,1,6.6,-1.5735679549165411,0.17037733104526648,false
true,100,1,6.7,-1.5680853198543188,0.1623460548827291,false
true,100,1,6.8,-1.5626040677746358,0.154409730173984,false
true,100,1,6.9,-1.5571240660009182,0.1465677406694624,false
true,100,1,7.0,-1.5516451791517427,0.13881947511976891,false
true,100,1,7.1,-1.5461672690636674,0.13116432726565702,false
true,100,1,7.2,-1.5406901947093905,0.12360169582870287,false
true,100,1,7.3,-1.5352138121113212,0.11613098450270942,false
true,100,1,7.4,-1.529737974250604,0.10875160194587292,false
true,100,1,7.5,-1.5242625309715883,0.10146296177374291,false
true,100,1,7.6,-1.5187873288816929,0.09426448255300726,false
true,100,1,7.7,-1.5133122112465953,0.08715558779613412,false
true,100,1,7.8,-1.5078370178806277,0.08013570595690277,false
true,100,1,7.9,-1.5023615850322518,0.07320427042685661,false
true,100,1,8.0,-1.4968857452644475,0.06636071953271225,false
true,100,1,8.1,-1.491409327329835,0.05960449653475984,false
true,100,1,8.2,-1.4859321560403267,0.05293504962629118,false
true,100,1,8.3,-1.4804540521310814,0.0463518319340934,false
true,100,1,8.4,-1.4749748321185159,0.039854301520048076,false
true,100,1,8.5,-1.4694943081521086,0.0334419213838769,false
true,100,1,8.6,-1.464012287859705,0.027114159467077476,false
true,100,1,8.7,-1.4585285741860208,0.020870488658094398,false
true,100,1,8.8,-1.4530429652240087,0.014710386798773595,false
true,100,1,8.9,-1.4475552540387404,0.008633336692149806,false
true,100,1,9.0,-1.4420652284834263,0.0026388261116200035,false
true,100,1,9.1,-1.4365726710071707,-0.003273652188441953,false
true,100,1,9.2,-1.4310773584540417,-0.009104600460570808,false
true,100,1,9.3,-1.4255790618529978,-0.014854515950534353,false
true,100,1,9.4,-1.4200775461981923,-0.020523890882031687,false
true,100,1,9.5,-1.414572570219141,-0.026113212439697116,false
true,100,1,9.6,-1.40906388614021,-0.03162296275033737,false
true,100,1,9.7,-1.4035512394288419,-0.03705361886232609,false
true,100,1,9.8,-1.3980343685319052,-0.04240565272307496,false
true,100,1,9.9,-1.3925130045995109,-0.04767953115449656,false
true,100,1,10.0,-1.3869868711955962,-0.05287571582636897,false
true,100,1,10.1,-1.3814556839945336,-0.057994663227507126,false
true,100,1,10.2,-1.375919150462973,-0.06303682463464023,false
true,100,1,10.3,-1.3703769695260724,-0.06800264607888906,false
true,100,1,10.4,-1.3648288312172179,-0.0728925683097299,false
true,100,1,10.5,-1.3592744163102772,-0.07770702675632629,false
true,100,1,10.6,-1.3537133959333583,-0.0824464514861016,false
true,100,1,10.7,-1.3481454311629844,-0.0871112671604185,false
true,100,1,10.8,-1.34257017259752,-0.09170189298722291,false
true,100,1,10.9,-1.3369872599086017,-0.09621874267050134,false
true,100,1,11.0,-1.3313963213692384,-0.10066222435639158,false
true,100,1,11.1,-1.3257969733571648,-0.10503274057577593,false
true,100,1,11.2,-1.3201888198319183,-0.10933068818317658,false
true,100,1,11.3,-1.3145714517840086,-0.11355645829176053,false
true,100,1,11.4,-1.3089444466544384,-0.11771043620424919,false
true,100,1,11.5,-1.3033073677226956,-0.12179300133951546,false
true,100,1,11.6,-1.297659763461215,-0.12580452715463603,false
true,100,1,11.7,-1.2920011668541524,-0.12974538106215228,false
true,100,1,11.8,-1.28633109467816,-0.13361592434227643,false
true,100,1,11.9,-1.280649046742679,-0.13741651204976252,false
true,100,1,12.0,-1.2749545050870779,-0.141147492915143,false
true,100,1,12.1,-1.2692469331317695,-0.14480920924001095,false
true,100,1,12.2,-1.2635257747802122,-0.14840199678600743,false
true,100,1,12.3,-1.2577904534684716,-0.15192618465714872,false
true,100,1,12.4,-1.252040371158758,-0.15538209517510396,false
true,100,1,12.5,-1.246274907273073,-0.15877004374700618,false
true,100,1,12.6,-1.2404934175627993,-0.16209033872535009,false
true,100,1,12.7,-1.2346952329097283,-0.16534328125949876,false
true,100,1,12.8,-1.2288796580536665,-0.16852916513828695,false
true,100,1,12.9,-1.2230459702413627,-0.17164827662317106,false
true,100,1,13.0,-1.2171934177910688,-0.1747008942713372,false
true,100,1,13.1,-1.2113212185665798,-0.17768728874813333,false
true,100,1,13.2,-1.2054285583540814,-0.18060772262814637,false
true,100,1,13.3,-1.1995145891345784,-0.18346245018419247,false
true,100,1,13.4,-1.1935784272440566,-0.1862517171634346,false
true,100,1,13.5,-1.1876191514128611,-0.18897576054978038,false
true,100,1,13.6,-1.1816358006750403,-0.1916348083116481,false
true,100,1,13.7,-1.175627372137585,-0.19422907913411802,false
true,100,1,13.8,-1.1695928185986157,-0.19675878213440773,false
true,100,1,13.9,-1.1635310460025854,-0.19922411655952693,false
true,100,1,14.0,-1.1574409107194914,-0.20162527146487416,false
true,100,1,14.1,-1.1513212166339115,-0.20396242537243783,false
true,100,1,14.2,-1.1451707120283678,-0.20623574590715443,false
true,100,1,14.3,-1.1389880862440864,-0.20844538940985613,false
true,100,1,14.4,-1.132771966100631,-0.21059150052510964,false
true,100,1,14.5,-1.1265209120541306,-0.21267421176210363,false
true,100,1,14.6,-1.1202334140718777,-0.21469364302658472,false
true,100,1,14.7,-1.1139078871989199,-0.2166499011216694,false
true,100,1,14.8,-1.1075426667898802,-0.21854307921516883,false
true,100,1,14.9,-1.1011360033765925,-0.22037325627085516,false
true,100,1,15.0,-1.09468605713919,-0.222140496440868,false
true,100,1,15.1,-1.0881908919450198,-0.22384484841620686,false
true,100,1,15.2,-1.0816484689160935,-0.22548634473197635,false
true,100,1,15.3,-1.0750566394817376,-0.22706500102374302,false
true,100,1,15.4,-1.0684131378685555,-0.2285808152310223,false
true,100,1,15.5,-1.0617155729747514,-0.23003376674353826,false
true,100,1,15.6,-1.054961419570192,-0.23142381548548166,false
true,100,1,15.7,-1.0481480087572357,-0.23275090093253,false
true,100,1,15.8,-1.0412725176202298,-0.23401494105588114,false
true,100,1,15.9,-1.0343319579835846,-0.23521583118698164,false
true,100,1,16.0,-1.0273231641893428,-0.23635344279599846,false
true,100,1,16.1,-1.0202427797950402,-0.23742762217637586,false
true,100,1,16.2,-1.013087243081253,-0.23843818902703368,false
true,100,1,16.3,-1.0058527712453482,-0.23938493492288362,false
true,100,1,16.4,-0.9985353431434109,-0.24026762166335902,false
true,100,1,16.5,-0.9911306804258524,-0.24108597948755336,false
true,100,1,16.6,-0.9836342268935496,-0.24183970514333133,false
true,100,1,16.7,-0.9760411258801852,-0.24252845979639293,false
true,100,1,16.8,-0.9683461954423964,-0.2431518667637171,false
true,100,1,16.9,-0.9605439011119447,-0.243709509054062,false
true,100,1,17.0,-0.9526283259329008,-0.2442009266962277,false
true,100,1,17.1,-0.9445931374711974,-0.24462561383356232,false
true,100,1,17.2,-0.9364315514431581,-0.24498301556067736,false
true,100,1,17.3,-0.9281362915629607,-0.24527252447549142,false
true,100,1,17.4,-0.9196995451555017,-0.2454934769164942,false
true,100,1,17.5,-0.9111129140196945,-0.24564514885145874,false
true,100,1,17.6,-0.9023673599565778,-0.2457267513796629,false
true,100,1,17.7,-0.8934531442952194,-0.24573742580493624,false
true,100,1,17.8,-0.884359760655506,-0.24567623823143564,false
true,100,1,17.9,-0.8750758600784273,-0.24554217362786993,false
true,100,1,18.0,-0.8655891675289431,-0.24533412929881743,false
true,100,1,18.1,-0.8558863886310936,-0.24505090769367266,false
true,100,1,18.2,-0.8459531053262661,-0.24469120847445083,false
true,100,1,18.3,-0.8357736589494986,-0.24425361975297877,false
true,100,1,18.4,-0.8253310189906737,-0.24373660839568279,false
true,100,1,18.5,-0.8146066355419322,-0.2431385092799789,false
true,100,1,18.6,-0.8035802731231487,-0.24245751336986926,false
true,100,1,18.7,-0.7922298232162999,-0.2416916544593826,false
true,100,1,18.8,-0.7805310924182107,-0.24083879441053885,false
true,100,1,18.9,-0.7684575626292628,-0.23989660668706556,false
true,100,1,19.0,-0.7559801191214259,-0.23886255795556113,false
true,100,1,19.1,-0.7430667416590158,-0.23773388749150356,false
true,100,1,19.2,-0.7296821530647889,-0.23650758408765196,false
true,100,1,19.3,-0.7157874187157278,-0.23518036011606655,false
true,100,1,19.4,-0.7013394893993249,-0.23374862234113727,false
true,100,1,19.5,-0.6862906787441463,-0.23220843901847538,false
true,100,1,19.6,-0.6705880650408251,-0.23055550274197179,false
true,100,1,19.7,-0.6541728056778687,-0.22878508841732395,false
true,100,1,19.8,-0.6369793506250271,-0.22689200564337592,false
true,100,1,19.9,-0.6189345394142458,-0.22487054467121537,false
true,100,1,20.0,-0.5999565639284583,-0.22271441498380862,false
true,100,1,20.1,-0.5799537770877113,-0.22041667539514748,false
true,100,1,20.2,-0.5588233253643827,-0.21796965440740831,false
true,100,1,20.3,-0.5364495812163688,-0.21536485938901015,false
true,100,1,20.4,-0.5127023504193479,-0.21259287294985055,false
true,100,1,20.5,-0.487434829586862,-0.20964323470083304,false
true,100,1,20.6,-0.4604812919673495,-0.20650430640835857,false
true,100,1,20.7,-0.4316544865777204,-0.2031631184167445,false
true,100,1,20.8,-0.4007427494468552,-0.19960519515511826,false
true,100,1,20.9,-0.36750685009227213,-0.19581435763795133,false
true,100,1,21.0,-0.33167663714008483,-0.1917725012155714,false
true,100,1,21.1,-0.2929476127143345,-0.18745934759397145,false
true,100,1,21.2,-0.2509776680163741,-0.18285217156388536,false
true,100,1,21.3,-0.20538436922490497,-0.17792550531268073,false
true,100,1,21.4,-0.1557434157181524,-0.17265082714774233,false
true,100,1,21.5,-0.10158922882781835,-0.16699624764016016,false
true,100,1,21.6,-0.042419097429691265,-0.1609262155278854,false
true,100,1,21.7,0.022297073625995,-0.15440127931986775,false
true,100,1,21.8,0.09309860699021616,-0.14737795958328964,false
true,100,1,21.9,0.17050387240417475,-0.13980881217216096,false
true,100,1,22.0,0.2549638442940204,-0.1316427937130212,false
true,100,1,22.1,0.34679522114086847,-0.12282607419353563,false
true,100,1,22.2,0.4460905300446515,-0.11330346888118267,false
true,100,1,22.3,0.552606973794592,-0.103020666201012,false
true,100,1,22.4,0.6656440218709841,-0.09192738301651379,false
true,100,1,22.5,0.7839320359304051,-0.07998145138011488,false
true,100,1,22.6,0.9055679030758107,-0.06715360759412253,false
true,100,1,22.7,1.028041700608876,-0.0534324298643346,false
true,100,1,22.8,1.148390409736279,-0.03882854112565354,false
true,100,1,22.9,1.263483054422542,-0.023377022244130637,false
true,100,1,23.0,1.370391769509292,-0.007137145327916396,false
true,100,1,23.1,1.4667583794036136,0.00981090164352482,false
true,100,1,23.2,1.551055599327498,0.027371832297217225,false
true,100,1,23.3,1.6226779348734788,0.04544246870205297,false
true,100,1,23.4,1.681860764570864,0.06391892092127434,false
true,100,1,23.5,1.7294809111505403,0.0827025552668533,false
true,100,1,23.6,1.7668132709410407,0.10170410996458235,false
true,100,1,23.7,1.7953061354110322,0.12084588537485173,false
true,100,1,23.8,1.8164098920547787,0.14006232832868987,false
true,100,1,23.9,1.8314672720594238,0.15929949383875755,false
true,100,1,24.0,1.841656755044219,0.1785138559592272,false
true,100,1,24.1,1.8479743653770768,0.19767083843913946,false
true,100,1,24.2,1.8512393483687943,0.21674331365971866,false
true,100,1,24.3,1.8521123954952003,0.23571021277095366,false
true,100,1,24.4,1.8511187810571792,0.2545553135785125,false
true,100,1,24.5,1.848671860129477,0.2732662242949473,false
true,100,1,24.6,1.8450945668440863,0.29183355419868995,false
true,100,1,24.7,1.8406379371468762,0.3102502494706198,false
true,100,1,24.8,1.835496472610776,0.3285110683189889,false
true,100,1,24.9,1.829820565310395,0.3466121700166478,false
true,100,1,25.0,1.823726373251897,0.36455079518245054,false
true,100,1,25.1,1.8173035758705853,0.382325018109547,false
true,100,1,25.2,1.810621414401978,0.39993355542018183,false
true,100,1,25.3,1.803733369962649,0.41737561845737886,false
true,100,1,25.4,1.7966807731506598,0.4346507994827419,false
true,100,1,25.5,1.7894955828376007,0.4517589839280486,false
true,100,1,25.6,1.7822025227511131,0.4687002826918783,false
true,100,1,25.7,1.7748207235628963,0.48547497984619614,false
true,100,1,25.8,1.767364985144731,0.5020834921884842,false
true,100,1,25.9,1.759846747457342,0.5185263379033752,false
true,100,1,26.0,1.7522748380483735,0.5348041122354616,false
true,100,1,26.1,1.744656048258291,0.5509174685643156,false
true,100,1,26.2,1.736995578005496,0.5668671036475297,false
true,100,1,26.3,1.7292973796445479,0.5826537460843255,false
true,100,1,26.4,1.7215644242190196,0.5982781472715825,false
true,100,1,26.5,1.7137989079532276,0.6137410742919173,false
true,100,1,26.6,1.7060024126473274,0.6290433043018833,false
true,100,1,26.7,1.698176030450977,0.6441856200867793,false
true,100,1,26.8,1.6903204610563067,0.6591688065240666,false
true,100,1,26.9,1.6824360874912159,0.6739936477554035,false
true,100,1,27.0,1.6745230352718745,0.6886609249119441,false
true,100,1,27.1,1.6665812185843865,0.7031714142719506,false
true,100,1,27.2,1.6586103763305717,0.7175258857563255,false
true,100,1,27.3,1.6506101002315086,0.7317251016882071,false
true,100,1,27.4,1.6425798566890644,0.745769815758683,false
true,100,1,27.5,1.6345190037253188,0.7596607721530179,false
true,100,1,27.6,1.6264268040260648,0.7733987048013895,false
true,100,1,27.7,1.6183024348872708,0.7869843367255901,false
true,100,1,27.8,1.6101449956870977,0.8004183794589725,false
true,100,1,27.9,1.6019535133690381,0.8137015325214598,false
true,100,1,28.0,1.5937269463149524,0.8268344829349806,false
true,100,1,28.1,1.5854641869033534,0.8398179047674608,false
true,100,1,28.2,1.5771640629828863,0.8526524586956611,false
true,100,1,28.3,1.5688253384395376,0.8653387915788329,false
true,100,1,28.4,1.5604467129955133,0.8778775360364689,false
true,100,1,28.5,1.5520268213455062,0.8902693100244397,false
true,100,1,28.6,1.5435642317103984,0.9025147164045739,false
true,100,1,28.7,1.5350574438677864,0.9146143425033303,false
true,100,1,28.8,1.5265048867019932,0.9265687596556375,false
true,100,1,28.9,1.5179049153025124,0.9383785227302893,false
true,100,1,29.0,1.5092558076284392,0.9500441696334893,false
true,100,1,29.1,1.500555760746822,0.9615662207872586,false
true,100,1,29.2,1.4918028866445652,0.9729451785794772,false
true,100,1,29.3,1.482995207606203,0.9841815267823077,false
true,100,1,29.4,1.4741306511432344,0.9952757299356939,false
true,100,1,29.5,1.465207044454531,1.006228232692498,false
true,100,1,29.6,1.4562221083914286,1.0170394591216851,false
true,100,1,29.7,1.44717345089527,1.0277098119657435,false
true,100,1,29.8,1.438058559869293,1.0382396718482816,false
true,100,1,29.9,1.4288747954406615,1.0486293964274331,false
true,100,1,30.0,1.4196193815620226,1.0588793194903574,false
true,100,1,30.1,1.4102893968951002,1.068989749983718,false
true,100,1,30.2,1.4008817649113878,1.0789609709745693,false
true,100,1,30.3,1.3913932431368228,1.088793238535565,false
true,100,1,30.4,1.3818204114583064,1.0984867805478231,false
true,100,1,30.5,1.3721596593998813,1.1080417954141328,false
true,100,1,30.6,1.3624071722651578,1.1174584506744514,false
true,100,1,30.7,1.352558916029967,1.1267368815148195,false
true,100,1,30.8,1.3426106208550117,1.1358771891599015,false
true,100,1,30.9,1.3325577630722272,1.1448794391383121,false
true,100,1,31.0,1.3223955454803629,1.153743659408728,false
true,100,1,31.1,1.31211887576462,1.1624698383334657,false
true,100,1,31.2,1.3017223428316411,1.1710579224847206,false
true,100,1,31.3,1.2912001908242912,1.1795078142669917,false
true,100,1,31.4,1.2805462905499705,1.1878193693373205,false
true,100,1,31.5,1.269754108021033,1.1959923938028294,false
true,100,1,31.6,1.2588166697655367,1.2040266411726168,false
true,100,1,31.7,1.2477265245201523,1.211921809038304,false
true,100,1,31.8,1.2364757008636214,1.21967753545439,false
true,100,1,31.9,1.22505566028747,1.2272933949859937,false
true,100,1,32.0,1.2134572451293755,1.234768894387475,false
true,100,1,32.1,1.2016706207119556,1.2421034678707608,false
true,100,1,32.2,1.1896852109338507,1.249296471916845,false
true,100,1,32.3,1.177489626448433,1.2563471795777919,false
true,100,1,32.4,1.165071584435512,1.2632547742095077,false
true,100,1,32.5,1.152417818819654,1.2700183425674019,false
true,100,1,32.6,1.1395139796112228,1.2766368671876633,false
true,100,1,32.7,1.126344519838168,1.2831092179660042,false
true,100,1,32.8,1.1128925682922344,1.289434142833119,false
true,100,1,32.9,1.0991397860257217,1.295610257411469,false
true,100,1,33.0,1.0850662041959789,1.301636033520962,false
true,100,1,33.1,1.0706500404544916,1.3075097863812324,false
true,100,1,33.2,1.055867490603827,1.3132296603350018,false
true,100,1,33.3,1.040692491684469,1.3187936128898168,false
true,100,1,33.4,1.0250964519875185,1.3241993968435661,false
true,100,1,33.5,1.0090479426976933,1.3294445402216866,false
true,100,1,33.6,0.9925123449294032,1.3345263237098286,false
true,100,1,33.7,0.975451444797498,1.3394417552136837,false
true,100,1,33.8,0.9578229678288662,1.3441875411161712,false
true,100,1,33.9,0.9395800424306064,1.3487600537294326,false
true,100,1,34.0,0.9206705802377576,1.3531552943529375,false
true,100,1,34.1,0.9010365589148224,1.3573688512469377,false
true,100,1,34.2,0.8806131903211043,1.3613958517095386,false
true,100,1,34.3,0.8593279538073746,1.3652309073023405,false
true,100,1,34.4,0.8370994707292428,1.3688680511000466,false
true,100,1,34.5,0.8138361919903027,1.3723006656392374,false
true,100,1,34.6,0.7894348655426217,1.3755214000061085,false
true,100,1,34.7,0.7637787453066086,1.3785220742277164,false
true,100,1,34.8,0.7367354970645191,1.381293568812311,false
true,100,1,34.9,0.708154750854341,1.3838256969194958,false
true,100,1,35.0,0.6778652438815761,1.3861070562319011,false
true,100,1,35.1,0.6456714941405475,1.3881248571553664,false
true,100,1,35.2,0.6113499448245907,1.3898647235153676,false
true,100,1,35.3,0.5746445266365017,1.3913104614858134,false
true,100,1,35.4,0.5352616049534198,1.3924437921599384,false
true,100,1,35.5,0.49286432063798824,1.3932440430871142,false
true,100,1,35.6,0.4470664117388009,1.3936877944817603,false
true,100,1,35.7,0.39742574119998586,1.3937484770346606,false
true,100,1,35.8,0.3434379877317141,1.3933959209206574,false
true,100,1,35.9,0.28453133427956473,1.392595860633127,false
true,100,1,36.0,0.22006358246768848,1.391309409098748,false
true,100,1,36.1,0.149324023398695,1.389492529192966,false
true,100,1,36.2,0.07154370342714328,1.3870955541034136,false
true,100,1,36.3,-0.014080501848424465,1.384062843450777,false
true,100,1,36.4,-0.10834043846121665,1.3803327131224286,false
true,100,1,36.5,-0.21194020801277563,1.375837844851173,false
true,100,1,36.6,-0.3253782509006775,1.370506461787937,false
true,100,1,36.7,-0.4487804532380608,1.3642646296588448,false
true,100,1,36.8,-0.5816871656968086,1.3570400657078734,false
true,100,1,36.9,-0.722819012807878,1.3487677330240406,false
true,100,1,37.0,-0.8698802990167361,1.3393971685192625,false
true,100,1,37.1,-1.0194941068406513,1.328900877293337,false
true,100,1,37.2,-1.1673728303720348,1.317282312534113,false
true,100,1,37.3,-1.3087777266943361,1.3045812941787784,false
true,100,1,37.4,-1.439203268605277,1.2908747406537397,false
true,100,1,37.5,-1.5550905353925408,1.2762716607769444,false
true,100,1,37.6,-1.6543257646429887,1.2609031975745415,false
true,100,1,37.7,-1.7363690205707045,1.2449101868905155,false
true,100,1,37.8,-1.8020277197636383,1.2284312520140281,false
true,100,1,37.9,-1.8530232528835076,1.211593727513122,false
true,100,1,38.0,-1.8915271532716795,1.1945083236942076,false
true,100,1,38.1,-1.9197873384754514,1.1772672177011203,false
true,100,1,38.2,-1.939887344492654,1.1599446126039363,false
true,100,1,38.3,-1.953626413652898,1.1425987113099512,false
true,100,1,38.4,-1.9624854756159054,1.1252742659931552,false
true,100,1,38.5,-1.9676434546005452,1.108005160453905,false
true,100,1,38.6,-1.970017143514297,1.0908167375970321,false
true,100,1,38.7,-1.9703078893321884,1.0737277587071345,false
true,100,1,38.8,-1.9690461452464738,1.056751982499975,false
true,100,1,38.9,-1.966630005113194,1.0398994014306588,false
true,100,1,39.0,-1.9633566972141154,1.0231771908499534,false
true,100,1,39.1,-1.9594474259182058,1.0065904280316373,false
true,100,1,39.2,-1.9550665165673071,0.9901426319647448,false
true,100,1,39.3,-1.95033594319969,0.9738361661672601,false
true,100,1,39.4,-1.9453462388319316,0.9576725381352089,false
true,100,1,39.5,-1.9401646328915716,0.9416526214505923,false
true,100,1,39.6,-1.9348410937003817,0.9257768203403537,false
true,100,1,39.7,-1.9294128033070188,0.9100451915627964,false
true,100,1,39.8,-1.9239074666345481,0.8944575347159148,false
true,100,1,39.9,-1.9183457573255325,0.8790134591996808,false
true,100,1,40.0,-1.9127431257662422,0.8637124339211645,false
true,100,1,40.1,-1.9071111364645525,0.8485538242381506,false
true,100,1,40.2,-1.9014584582770755,0.8335369194579565,false
true,100,1,40.3,-1.8957915985196716,0.8186609533382178,false
true,100,1,40.4,-1.8901154479955842,0.8039251193954893,false
true,100,1,40.5,-1.8844336862890416,0.7893285823556139,false
true,100,1,40.6,-1.878749083662885,0.7748704867323646,false
true,100,1,40.7,-1.8730637263382608,0.7605499632649072,false
true,100,1,40.8,-1.8673791849095425,0.7463661337559051,false
true,100,1,40.9,-1.8616966404840656,0.7323181147127742,false
true,100,1,41.0,-1.8560169793378973,0.7184050200916186,false
true,100,1,41.1,-1.8503408640818875,0.704625963367143,false
true,100,1,41.2,-1.8446687872699952,0.6909800590953112,false
true,100,1,41.3,-1.8390011118592537,0.6774664240935342,false
true,100,1,41.4,-1.8333381018047332,0.6640841783319337,false
true,100,1,41.5,-1.8276799452388335,0.6508324456059412,false
true,100,1,41.6,-1.8220267720654428,0.6377103540431036,false
true,100,1,41.7,-1.8163786673395463,0.6247170364839592,false
true,100,1,41.8,-1.8107356814604172,0.611851630767096,false
true,100,1,41.9,-1.805097837951077,0.5991132799411852,false
true,100,1,42.0,-1.7994651394058128,0.58650113242127,false
true,100,1,42.1,-1.7938375720446322,0.5740143421024425,false
true,100,1,42.2,-1.7882151092063452,0.5616520684409035,false
true,100,1,42.3,-1.78259771403142,0.5494134765100283,false
true,100,1,42.4,-1.7769853415251327,0.5372977370372636,false
true,100,1,42.5,-1.7713779401457943,0.5253040264263164,false
true,100,1,42.6,-1.7657754530282976,0.5134315267680546,false
true,100,1,42.7,-1.7601778189270667,0.5016794258427503,false
true,100,1,42.8,-1.7545849729426668,0.4900469171156893,false
true,100,1,42.9,-1.7489968470812576,0.4785331997277108,false
true,100,1,43.0,-1.743413370684614,0.46713747848188364,false
true,100,1,43.1,-1.7378344707596878,0.4558589638272571,false
true,100,1,43.2,-1.732260072230009,0.44469687184041157,false
true,100,1,43.3,-1.7266900981261144,0.43365042420537586,false
true,100,1,43.4,-1.7211244697282762,0.42271884819235195,false
true,100,1,43.5,-1.7155631066717856,0.41190137663559284,false
true,100,1,43.6,-1.710005927022742,0.4011972479107043,false
true,100,1,43.7,-1.7044528473305096,0.3906057059115838,false
true,100,1,43.8,-1.6989037826616253,0.38012600002716485,false
true,100,1,43.9,-1.6933586466188744,0.36975738511810113,false
true,100,1,44.0,-1.6878173513484303,0.3594991214934961,false
true,100,1,44.1,-1.6822798075373093,0.3493504748877644,false
true,100,1,44.2,-1.6767459244028906,0.3393107164376937,false
true,100,1,44.3,-1.671215609675868,0.32937912265976377,false
true,100,1,44.4,-1.6656887695776903,0.3195549754277682,false
true,100,1,44.5,-1.660165308793315,0.3098375619507786,false
true,100,1,44.6,-1.6546451304399092,0.300226174751483,false
true,100,1,44.7,-1.6491281360319823,0.2907201116449262,false
true,100,1,44.8,-1.6436142254433281,0.28131867571767755,false
true,100,1,44.9,-1.6381032968660527,0.27202117530744585,false
true,100,1,45.0,-1.6325952467668936,0.262826923983163,false
true,100,1,45.1,-1.6270899698409818,0.2537352405255525,false
true,100,1,45.2,-1.6215873589631433,0.2447454489082011,false
true,100,1,45.3,-1.616087305136809,0.2358568782791487,false
true,100,1,45.4,-1.6105896974405587,0.22706886294301296,false
true,100,1,45.5,-1.60509442297231,0.21838074234366323,false
true,100,1,45.6,-1.599601366791136,0.20979186104745978,false
true,100,1,45.7,-1.594110411856676,0.20130156872707353,false
true,100,1,45.8,-1.5886214389660962,0.1929092201459017,false
true,100,1,45.9,-1.583134326688534,0.18461417514309578,false
true,100,1,46.0,-1.5776489512969534,0.17641579861921797,false
true,100,1,46.1,-1.5721651866973276,0.16831346052254323,false
true,100,1,46.2,-1.5666829043550534,0.1603065358360243,false
true,100,1,46.3,-1.5612019732184919,0.15239440456493825,false
true,100,1,46.4,-1.5557222596395244,0.1445764517252332,false
true,100,1,46.5,-1.5502436272909998,0.13685206733259542,false
true,100,1,46.6,-1.5447659370809423,0.12922064639225717,false
true,100,1,46.7,-1.5392890470633809,0.12168158888956726,false
true,100,1,46.8,-1.5338128123456494,0.1142342997813467,false
true,100,1,46.9,-1.5283370849920008,0.10687818898805332,false
true,100,1,47.0,-1.5228617139233689,0.09961267138678045,false
true,100,1,47.1,-1.5173865448130957,0.0924371668051154,false
true,100,1,47.2,-1.5119114199784411,0.0853511000158854,false
true,100,1,47.3,-1.506436178267674,0.07835390073281973,false
true,100,1,47.4,-1.5009606549425345,0.0714450036071582,false
true,100,1,47.5,-1.495484681555846,0.06462384822523791,false
true,100,1,47.6,-1.4900080858240414,0.05788987910709131,false
true,100,1,47.7,-1.4845306914943555,0.051242545706091026,false
true,100,1,47.8,-1.4790523182064208,0.04468130240967809,false
true,100,1,47.9,-1.4735727813479904,0.03820560854121252,false
true,100,1,48.0,-1.4680918919044912,0.03181492836298705,false
true,100,1,48.1,-1.4626094563021013,0.025508731080446958,false
true,100,1,48.2,-1.457125276244017,0.019286490847661347,false
true,100,1,48.3,-1.4516391485395679,0.01314768677409349,false
true,100,1,48.4,-1.4461508649258048,0.007091802932720513,false
true,100,1,48.5,-1.4406602118811744,0.0011183283695552805,false
true,100,1,48.6,-1.4351669704308654,-0.0047732428853735805,false
true,100,1,48.7,-1.4296709159433858,-0.010583411805524804,false
true,100,1,48.8,-1.4241718179179084,-0.01631267435376861,false
true,100,1,48.9,-1.418669439761888,-0.02196152146666633,false
true,100,1,49.0,-1.4131635385584276,-0.027530439037036343,false
true,100,1,49.1,-1.4076538648228363,-0.03301990789473343,false
true,100,1,49.2,-1.4021401622477874,-0.03843040378556422,false
true,100,1,49.3,-1.3966221674364476,-0.043762397348257445,false
true,100,1,49.4,-1.391099609622909,-0.049016354089402706,false
true,100,1,49.5,-1.3855722103792127,-0.05419273435626664,false
true,100,1,49.6,-1.380039683308209,-0.05929199330739024,false
true,100,1,49.7,-1.3745017337214422,-0.06431458088086518,false
true,100,1,49.8,-1.3689580583012113,-0.06926094176018134,false
true,100,1,49.9,-1.36340834474588,-0.07413151533753105,false
true,100,1,50.0,-1.357852271397472,-0.07892673567444893,false
true,100,1,50.1,-1.3522895068505014,-0.08364703145965892,false
true,100,1,50.2,-1.3467197095409325,-0.08829282596399235,false
true,100,1,50.3,-1.3411425273140813,-0.09286453699223253,false
true,100,1,50.4,-1.3355575969701925,-0.09736257683173255,false
true,100,1,50.5,-1.3299645437863337,-0.10178735219764352,false
true,100,1,50.6,-1.324362981013162,-0.10613926417458029,false
true,100,1,50.7,-1.3187525093450108,-0.1104187081545409,false
true,100,1,50.8,-1.313132716361636,-0.11462607377088425,false
true,100,1,50.9,-1.3075031759398448,-0.11876174482815835,false
true,100,1,51.0,-1.3018634476330988,-0.1228260992275576,false
true,100,1,51.1,-1.29621307601705,-0.1268195088877739,false
true,100,1,51.2,-1.290551589998815,-0.1307423396609903,false
true,100,1,51.3,-1.2848785020876294,-0.13459495124375,false
true,100,1,51.4,-1.2791933076243598,-0.1383776970824154,false
true,100,1,51.5,-1.2734954839671435,-0.14209092427291262,false
true,100,1,51.6,-1.26778448963024,-0.14573497345443695,false
true,100,1,51.7,-1.262059763372939,-0.14931017869677207,false
true,100,1,51.8,-1.2563207232351374,-0.15281686738085204,false
true,100,1,51.9,-1.250566765515932,-0.1562553600721695,false
true,100,1,52.0,-1.2447972636912836,-0.1596259703866061,false
true,100,1,52.1,-1.2390115672665059,-0.16292900484823028,false
true,100,1,52.2,-1.2332090005589849,-0.1661647627385765,false
true,100,1,52.3,-1.227388861406171,-0.16933353593688366,false
true,100,1,52.4,-1.2215504197934783,-0.17243560875073397,false
true,100,1,52.5,-1.215692916396291,-0.17547125773649153,false
true,100,1,52.6,-1.2098155610297914,-0.17844075150889616,false
true,100,1,52.7,-1.2039175309998031,-0.18134435053911988,false
true,100,1,52.8,-1.1979979693472673,-0.18418230694054097,false
true,100,1,52.9,-1.1920559829783408,-0.1869548642414345,false
true,100,1,53.0,-1.1860906406714162,-0.18966225714371623,false
true,100,1,53.1,-1.1801009709516113,-0.19230471126681015,false
true,100,1,53.2,-1.1740859598224416,-0.19488244287563758,false
true,100,1,53.3,-1.1680445483434834,-0.19739565859164573,false
true,100,1,53.4,-1.1619756300418322,-0.1998445550857081,false
true,100,1,53.5,-1.1558780481440594,-0.20222931875163444,false
true,100,1,53.6,-1.1497505926141547,-0.2045501253589259,false
true,100,1,53.7,-1.1435919969816097,-0.2068071396832977,false
true,100,1,53.8,-1.1374009349423155,-0.20900051511337003,false
true,100,1,53.9,-1.1311760167133198,-0.21113039323179267,false
true,100,1,54.0,-1.124915785120685,-0.2131969033689223,false
true,100,1,54.1,-1.1186187113976944,-0.21520016212700951,false
true,100,1,54.2,-1.1122831906684405,-0.21714027287267593,false
true,100,1,54.3,-1.1059075370893807,-0.21901732519526698,false
true,100,1,54.4,-1.0994899786187209,-0.22083139432845234,false
true,100,1,54.5,-1.0930286513804628,-0.22258254053221,false
true,100,1,54.6,-1.0865215935865866,-0.2242708084320714,false
true,100,1,54.7,-1.0799667389770904,-0.22589622631221792,false
true,100,1,54.8,-1.073361909733425,-0.22745880535870447,false
true,100,1,54.9,-1.066704808816201,-0.2289585388487354,false
true,100,1,55.0,-1.0599930116728233,-0.23039540128153332,false
true,100,1,55.1,-1.0532239572548756,-0.23176934744591215,false
true,100,1,55.2,-1.046394938278535,-0.23308031141919255,false
true,100,1,55.3,-1.0395030906539626,-0.2343282054915708,false
true,100,1,55.4,-1.0325453820013786,-0.23551291900946697,false
true,100,1,55.5,-1.0255185991622613,-0.23663431713072727,false
true,100,1,55.6,-1.018419334603682,-0.23769223948382975,false
true,100,1,55.7,-1.01124397160202,-0.2386864987224334,false
true,100,1,55.8,-1.003988668079024,-0.23961687896570674,false
true,100,1,55.9,-0.9966493389481723,-0.24048313411386185,false
true,100,1,56.0,-0.9892216368122845,-0.24128498602718684,false
true,100,1,56.1,-0.9817009308340675,-0.2420221225556023,false
true,100,1,56.2,-0.9740822835794042,-0.24269419540434148,false
true,100,1,56.3,-0.9663604256083144,-0.24330081781975288,false
true,100,1,56.4,-0.958529727560204,-0.24384156207742005,false
true,100,1,56.5,-0.9505841694477212,-0.24431595675276124,false
true,100,1,56.6,-0.9425173068366628,-0.2447234837519747,false
true,100,1,56.7,-0.9343222335472045,-0.24506357507860133,false
true,100,1,56.8,-0.9259915404634153,-0.245335609308036,false
true,100,1,56.9,-0.9175172699826114,-0.2455389077389862,false
true,100,1,57.0,-0.9088908655724369,-0.24567273018709052,false
true,100,1,57.1,-0.9001031158303124,-0.24573627038160217,false
true,100,1,57.2,-0.8911440923554811,-0.24572865092113685,false
true,100,1,57.3,-0.8820030806464665,-0.24564891773888337,false
true,100,1,57.4,-0.8726685031241652,-0.24549603402127745,false
true,100,1,57.5,-0.8631278332504767,-0.2452688735168131,false
true,100,1,57.6,-0.8533674995613214,-0.24496621316326686,false
true,100,1,57.7,-0.8433727782575807,-0.2445867249519677,false
true,100,1,57.8,-0.8331276727937453,-0.2441289669366533,false
true,100,1,57.9,-0.822614778667002,-0.24359137328167998,false
true,100,1,58.0,-0.8118151313333715,-0.24297224322961802,false
true,100,1,58.1,-0.8007080348556083,-0.24226972885124406,false
true,100,1,58.2,-0.789270868512016,-0.24148182142125357,false
true,100,1,58.3,-0.7774788681569693,-0.24060633624021632,false
true,100,1,58.4,-0.7653048786121521,-0.23964089569686017,false
true,100,1,58.5,-0.7527190727701519,-0.2385829103340867,false
true,100,1,58.6,-0.7396886323952347,-0.23742955764648432,false
true,100,1,58.7,-0.7261773847943631,-0.2361777582956898,false
true,100,1,58.8,-0.7121453885878163,-0.23482414938181068,false
true,100,1,58.9,-0.6975484607151257,-0.23336505435317667,false
true,100,1,59.0,-0.6823376355503403,-0.23179644907172162,false
true,100,1,59.1,-0.6664585455544053,-0.23011392347595677,false
true,100,1,59.2,-0.6498507112496433,-0.22831263819632486,false
true,100,1,59.3,-0.6324467264591835,-0.22638727537720946,false
true,100,1,59.4,-0.6141713227267152,-0.2243319828445546,false
true,100,1,59.5,-0.594940294662042,-0.22214031062668738,false
true,100,1,59.6,-0.5746592657361003,-0.2198051386878192,false
true,100,1,59.7,-0.5532222719424896,-0.21731859456912783,false
true,100,1,59.8,-0.5305101390392842,-0.2146719594533642,false
true,100,1,59.9,-0.5063886282614781,-0.21185556098064312,false
true,100,1,60.0,-0.4807063262175087,-0.2088586509553654,false
true,100,1,60.1,-0.45329225836123466,-0.20566926591467105,false
true,100,1,60.2,-0.4239532138374659,-0.20227406840703482,false
true,100,1,60.3,-0.39247078549923803,-0.1986581668036305,false
true,100,1,60.4,-0.35859815680602974,-0.19480491161093183,false
true,100,1,60.5,-0.3220567135409436,-0.19069566668850363,false
true,100,1,60.6,-0.2825326321614538,-0.1863095546802733,false
true,100,1,60.7,-0.2396737113763728,-0.18162317760819102,false
true,100,1,60.8,-0.19308688739972032,-0.17661031634456026,false
true,100,1,60.9,-0.14233712990256198,-0.1712416171281525,false
true,100,1,61.0,-0.08694878301909495,-0.16548428017835215,false
true,100,1,61.1,-0.026410921503524733,-0.15930177577226526,false
true,100,1,61.2,0.039811049262368094,-0.15265362803714425,false
true,100,1,61.3,0.11225453548055,-0.14549532730034254,false
true,100,1,61.4,0.1914258320423421,-0.13777845871678923,false
true,100,1,61.5,0.27774881990172157,-0.12945116706161036,false
true,100,1,61.6,0.37149232755330275,-0.12045911063087585,false
true,100,1,61.7,0.4726743762048806,-0.1107470806833342,false
true,100,1,61.8,0.5809467680322307,-0.10026145747407769,false
true,100,1,61.9,0.6954728195123073,-0.08895361083671187,false
true,100,1,62.0,0.8148240955496218,-0.07678420015310192,false
true,100,1,62.1,0.9369350969339452,-0.06372806823612409,false
true,100,1,62.2,1.0591598308711652,-0.04977908617851026,false
true,100,1,62.3,1.1784605256684795,-0.034953999139988284,false
true,100,1,62.4,1.2917212066056147,-0.01929422277967544,false
true,100,1,62.5,1.3961274364703735,-0.0028648081634442338,false
true,100,1,62.6,1.489514872496089,0.014249560662404202,false
true,100,1,62.7,1.5705907582334848,0.03195086887001761,false
true,100,1,62.8,1.6389783952315107,0.050135104218129625,false
true,100,1,62.9,1.6950993107477363,0.06869922092984773,false
true,100,1,63.0,1.7399554900010306,0.08754667070452334,false
true,100,1,63.1,1.7748858211175862,0.10659101306086259,false
true,100,1,63.2,1.8013529571567664,0.1257576539412185,false
true,100,1,63.3,1.8207878437487917,0.14498409490104142,false
true,100,1,63.4,1.8344947745495501,0.16421918650658093,false
true,100,1,63.5,1.8436060967046926,0.18342183712756124,false
true,100,1,63.6,1.8490713981269644,0.20255951648600756,false
true,100,1,63.7,1.8516673220042763,0.22160677301204473,false
true,100,1,63.8,1.8520176377168436,0.2405438854948097,false
true,100,1,63.9,1.8506168001759873,0.2593557007485126,false
true,100,1,64.0,1.847853093276927,0.27803066674325194,false
true,100,1,64.1,1.8440294196504579,0.29656004787185786,false
true,100,1,64.2,1.8393810112379503,0.31493729892471894,false
true,100,1,64.3,1.8340900103999955,0.333157571690832,false
true,100,1,64.4,1.828297202220401,0.3512173293649017,false
true,100,1,64.5,1.8221113068953323,0.369114046947158,false
true,100,1,64.6,1.8156162596832086,0.38684597934696324,false
true,100,1,64.7,1.80887687148018,0.4044119823116722,false
true,100,1,64.8,1.8019432078956428,0.4218113743180643,false
true,100,1,64.9,1.7948539657595668,0.4390438300974422,false
true,100,1,65.0,1.7876390714234651,0.45610929852712756,false
true,100,1,65.1,1.7803216782113473,0.4730079392635435,false
true,100,1,65.2,1.7729197015664746,0.4897400737820194,false
true,100,1,65.3,1.765446999246237,0.5063061474916881,false
true,100,1,65.4,1.7579142792901024,0.5227067003688965,false
true,100,1,65.5,1.7503297992767306,0.5389423441486443,false
true,100,1,65.6,1.742699905527893,0.5550137445707062,false
true,100,1,65.7,1.7350294494882226,0.5709216075270783,false
true,100,1,65.8,1.7273221097522213,0.5866666682251157,false
true,100,1,65.9,1.7195806415149342,0.602249682685501,false
true,100,1,66.0,1.7118070701112753,0.6176714210508678,false
true,100,1,66.1,1.704002841408719,0.632932662300866,false
true,100,1,66.2,1.6961689388418797,0.6480341900614197,false
true,100,1,66.3,1.6883059746053206,0.6629767892664991,false
true,100,1,66.4,1.6804142607847552,0.6777612434849685,false
true,100,1,66.5,1.6724938648787497,0.6923883327668285,false
true,100,1,66.6,1.6645446531457604,0.7068588318953607,false
true,100,1,66.7,1.656566324430992,0.7211735089565452,false
true,100,1,66.8,1.6485584365279535,0.7353331241563619,false
true,100,1,66.9,1.6405204266680475,0.7493384288314875,false
true,100,1,67.0,1.6324516273756102,0.763190164610477,false
true,100,1,67.1,1.6243512786507914,0.7768890626915113,false
true,100,1,67.2,1.6162185372297244,0.7904358432098012,false
true,100,1,67.3,1.6080524835061847,0.8038312146731954,false
true,100,1,67.4,1.5998521265704102,0.8170758734488041,false
true,100,1,67.5,1.5916164077205264,0.8301705032867751,false
true,100,1,67.6,1.5833442027236553,0.8431157748699575,false
true,100,1,67.7,1.5750343230423163,0.8559123453802129,false
true,100,1,67.8,1.5666855161933397,0.8685608580737141,false
true,100,1,67.9,1.5582964653682736,0.8810619418587922,false
true,100,1,68.0,1.5498657884138842,0.8934162108708393,false
true,100,1,68.1,1.541392036247076,0.9056242640394931,false
true,100,1,68.2,1.532873690759009,0.917686684643873,false
true,100,1,68.3,1.5243091622473108,0.9296040398520351,false
true,100,1,68.4,1.515696786402218,0.9413768802410947,false
true,100,1,68.5,1.5070348208615898,0.9530057392946494,false
true,100,1,68.6,1.4983214413404946,0.9644911328742368,false
true,100,1,68.7,1.4895547373330447,0.9758335586615966,false
true,100,1,68.8,1.4807327073770524,0.9870334955684785,false
true,100,1,68.9,1.471853253865578,0.998091403110658,false
true,100,1,69.0,1.4629141773833572,1.0090077207426906,false
true,100,1,69.1,1.453913170540217,1.0197828671497584,false
true,100,1,69.2,1.4448478112677647,1.0304172394927418,false
true,100,1,69.3,1.4357155555396985,1.0409112126023798,false
true,100,1,69.4,1.4265137294699404,1.0512651381180687,false
true,100,1,69.5,1.417239520736259,1.0614793435664858,false
true,100,1,69.6,1.4078899692700542,1.0715541313748136,false
true,100,1,69.7,1.3984619571453398,1.0814897778128645,false
true,100,1,69.8,1.388952197591592,1.0912865318578813,false
true,100,1,69.9,1.3793572230458557,1.1009446139751873,false
true,100,1,70.0,1.3696733721491745,1.110464214807191,false
true,100,1,70.1,1.3598967755808415,1.1198454937624946,false
true,100,1,70.2,1.350023340610982,1.1290885774960058,false
true,100,1,70.3,1.340048734237315,1.1381935582700058,false
true,100,1,70.4,1.3299683647553633,1.147160492185051,false
true,100,1,70.5,1.3197773615925863,1.155989397268382,false
true,100,1,70.6,1.3094705532155366,1.164680251406161,false
true,100,1,70.7,1.2990424428948002,1.1732329901043212,false
true,100,1,70.8,1.288487182084693,1.1816475040610923,false
true,100,1,70.9,1.2777985411429118,1.189923636532305,false
true,100,1,71.0,1.266969877078913,1.1980611804683703,false
true,100,1,71.1,1.2559940979779876,1.206059875399315,false
true,100,1,71.2,1.2448636236999027,1.2139194040414045,false
true,100,1,71.3,1.233570342395553,1.2216393885956385,false
true,100,1,71.4,1.2221055623210648,1.2292193867047032,false
true,100,1,71.5,1.210459958354757,1.23665888703074,false
true,100,1,71.6,1.198623512536545,1.2439573044114505,false
true,100,1,71.7,1.186585447849712,1.2511139745465214,false
true,100,1,71.8,1.1743341543490091,1.2581281481599802,false
true,100,1,71.9,1.1618571066038441,1.264998984576774,false
true,100,1,72.0,1.149140771267396,1.2717255446434177,false
true,100,1,72.1,1.1361705033976384,1.2783067829128036,false
true,100,1,72.2,1.1229304299394918,1.284741539001976,false
true,100,1,72.3,1.1094033185226175,1.2910285280185807,false
true,100,1,72.4,1.0955704294295296,1.2971663299364837,false
true,100,1,72.5,1.0814113482350587,1.3031533777833377,false
true,100,1,72.6,1.066903796200363,1.3089879444821968,false
true,100,1,72.7,1.0520234150101309,1.3146681281651134,false
true,100,1,72.8,1.0367435218553371,1.3201918357483318,false
true,100,1,72.9,1.0210348301678605,1.325556764525461,false
true,100,1,73.0,1.0048651304858536,1.3307603814959237,false
true,100,1,73.1,0.9881989249441554,1.3357999000999399,false
true,100,1,73.2,0.9709970077115923,1.3406722539769749,false
true,100,1,73.3,0.9532159823004707,1.3453740673003896,false
true,100,1,73.4,0.9348077050105345,1.3499016211650672,false
true,100,1,73.5,0.9157186417912,1.3542508154148338,false
true,100,1,73.6,0.8958891234566863,1.358417125189889,false
true,100,1,73.7,0.8752524814081041,1.3623955513481196,false
true,100,1,73.8,0.8537340427416151,1.3661805637645386,false
true,100,1,73.9,0.8312499597927109,1.3697660363361184,false
true,100,1,74.0,0.8077058447380495,1.373145172310533,false
true,100,1,74.1,0.7829951748360927,1.3763104183121462,false
true,100,1,74.2,0.7569974282903301,1.3792533651524757,false
true,100,1,74.3,0.7295759047399746,1.3819646331817508,false
true,100,1,74.4,0.7005751784108244,1.3844337395616728,false
true,100,1,74.5,0.6698181267421819,1.3866489444201089,false
true,100,1,74.6,0.6371024741920993,1.3885970723973766,false
true,100,1,74.7,0.602196792240553,1.3902633056364575,false
true,100,1,74.8,0.5648359062667101,1.3916309438555696,false
true,100,1,74.9,0.5247156843949906,1.3926811268608266,false
true,100,1,75.0,0.48148723294707413,1.393392514864212,false
true,100,1,75.1,0.4347506142179764,1.393740922526934,false
true,100,1,75.2,0.3840483603826653,1.3936989041725905,false
true,100,1,75.3,0.3288593209160349,1.3932352907800838,false
true,100,1,75.4,0.26859380596745586,1.3923146852140624,false
true,100,1,75.5,0.20259165152664835,1.390896932243993,false
true,100,1,75.6,0.1301258291922089,1.388936596486608,false
true,100,1,75.7,0.0504156484670034,1.3863825074895566,false
true,100,1,75.8,-0.03734451080231889,1.3831774703264585,false
true,100,1,75.9,-0.13393279915985773,1.3792582954923567,false
true,100,1,76.0,-0.24001379314353244,1.374556373934831,false
true,100,1,76.1,-0.3560085144988415,1.3689991041156702,false
true,100,1,76.2,-0.4819148214266013,1.3625125437710848,false
true,100,1,76.3,-0.617085458326177,1.3550256576778557,false
true,100,1,76.4,-0.7599963528773674,1.3464763799418296,false
true,100,1,76.5,-0.9080736489370229,1.3368193089937672,false
true,100,1,76.6,-1.0576798936750496,1.3260341698877909,false
true,100,1,76.7,-1.204357102463887,1.3141333587285644,false
true,100,1,76.8,-1.3433556553626367,1.301166340787526,false
true,100,1,76.9,-1.4703488352025909,1.2872189481616878,false
true,100,1,77.0,-1.5821132816491357,1.272406951766446,false
true,100,1,77.1,-1.676941421702407,1.256865188349884,false
true,100,1,77.2,-1.7546710469446543,1.2407349781270534,false
true,100,1,77.3,-1.8163887132885264,1.2241527756542347,false
true,100,1,77.4,-1.8639730068445775,1.207242020714945,false
true,100,1,77.5,-1.89964547725008,1.1901087462431317,false
true,100,1,77.6,-1.9256295923339282,1.1728404038220988,false
true,100,1,77.7,-1.9439434754535283,1.1555068797701145,false
true,100,1,77.8,-1.9563055968939755,1.1381626844496247,false
true,100,1,77.9,-1.9641167445185936,1.120849550349913,false
true,100,1,78.0,-1.9684844892105888,1.1035989682431113,false
true,100,1,78.1,-1.9702660363301365,1.0864344260895449,false
true,100,1,78.2,-1.970114969795925,1.0693732694813711,false
true,100,1,78.3,-1.9685244882105595,1.0524281883055122,false
true,100,1,78.4,-1.9658641593696535,1.0356083740343467,false
true,100,1,78.5,-1.962409641675261,1.018920404739399,false
true,100,1,78.6,-1.9583659670533302,1.002368913743649,false
true,100,1,78.7,-1.9538854027159507,0.9859570907014897,false
true,100,1,78.8,-1.9490809637406274,0.9696870550916747,false
true,100,1,78.9,-1.944036540267391,0.9535601336737217,false
true,100,1,79.0,-1.938814440803318,0.9375770662053858,false
true,100,1,79.1,-1.9334609888827845,0.9217381578364156,false
true,100,1,79.2,-1.9280106657927671,0.9060433919879467,false
true,100,1,79.3,-1.9224891734863259,0.8904925140005423,false
true,100,1,79.4,-1.9169156983902302,0.8750850931734585,false
true,100,1,79.5,-1.9113045850656507,0.8598205688300188,false
true,100,1,79.6,-1.905666574475787,0.8446982845683677,false
true,100,1,79.7,-1.900009721104007,0.8297175137659064,false
true,100,1,79.8,-1.8943400731062476,0.8148774786010925,false
true,100,1,79.9,-1.8886621774791041,0.8001773642636381,false
true,100,1,80.0,-1.882979455873044,0.7856163295878082,false
true,100,1,80.1,-1.87729448465614,0.7711935150222269,false
true,100,1,80.2,-1.8716092039981513,0.7569080486128571,false
true,100,1,80.3,-1.8659250742522953,0.7427590505012237,false
true,100,1,80.4,-1.860243193138993,0.7287456363110147,false
true,100,1,80.5,-1.854564383723972,0.71486691970086,false
true,100,1,80.6,-1.848889260596241,0.7011220142904785,false
true,100,1,80.7,-1.8432182797434788,0.6875100351150093,false
true,100,1,80.8,-1.8375517762130973,0.6740300997234213,false
true,100,1,80.9,-1.83188999260463,0.6606813290079248,false
true,100,1,81.0,-1.8262331006665302,0.6474628478297031,false
true,100,1,81.1,-1.8205812176969758,0.6343737854901424,false
true,100,1,81.2,-1.814934419021849,0.6214132760846547,false
true,100,1,81.3,-1.8092927475054015,0.6085804587671297,false
true,100,1,81.4,-1.8036562208120437,0.5958744779462471,false
true,100,1,81.5,-1.7980248369604799,0.5832944834297532,false
true,100,1,81.6,-1.7923985785786487,0.5708396305289476,false
true,100,1,81.7,-1.7867774161683165,0.5585090801327027,false
true,100,1,81.8,-1.7811613106132942,0.5463019987581319,false
true,100,1,81.9,-1.7755502151088396,0.5342175585833449,false
true,100,1,82.0,-1.7699440766472572,0.522254937466458,false
true,100,1,82.1,-1.7643428371625358,0.5104133189540571,false
true,100,1,82.2,-1.758746434412503,0.49869189228157057,false
true,100,1,82.3,-1.7531548026584989,0.4870898523674496,false
true,100,1,82.4,-1.7475678731885111,0.4756063998026159,false
true,100,1,82.5,-1.7419855747190345,0.4642407408363099,false
true,100,1,82.6,-1.7364078337027373,0.4529920873592166,false
true,100,1,82.7,-1.7308345745628044,0.44185965688454987,false
true,100,1,82.8,-1.7252657198700299,0.4308426725276271,false
true,100,1,82.9,-1.719701190475092,0.4199403629843475,false
true,100,1,83.0,-1.7141409056056138,0.40915196250889946,false
true,100,1,83.1,-1.708584782935457,0.39847671089095105,false
true,100,1,83.2,-1.703032738632025,0.38791385343252466,false
true,100,1,83.3,-1.697484687386057,0.3774626409247146,false
true,100,1,83.4,-1.691940542427405,0.36712232962437336,false
true,100,1,83.5,-1.6864002155295026,0.3568921812308678,false
true,100,1,83.6,-1.680863617004639,0.34677146286298555,false
true,100,1,83.7,-1.6753306556916836,0.33675944703605803,false
true,100,1,83.8,-1.6698012389375358,0.32685541163935256,false
true,100,1,83.9,-1.6642752725732985,0.3170586399137787,false
true,100,1,84.0,-1.6587526608859382,0.3073684204299449,false
true,100,1,84.1,-1.6532333065860334,0.2977840470665975,false
true,100,1,84.2,-1.6477171107720594,0.28830481898946825,false
true,100,1,84.3,-1.6422039728915616,0.2789300406305542,false
true,100,1,84.4,-1.6366937906994719,0.2696590216678512,false
true,100,1,84.5,-1.631186460213763,0.2604910770055597,false
true,100,1,84.6,-1.6256818756685714,0.2514255267547803,false
true,100,1,84.7,-1.6201799294648855,0.24246169621471672,false
true,100,1,84.8,-1.6146805121188441,0.23359891585440093,false
true,100,1,84.9,-1.6091835122076816,0.22483652129495676,false
true,100,1,85.0,-1.6036888163133105,0.21617385329241717,false
true,100,1,85.1,-1.5981963089635272,0.2076102577211104,false
true,100,1,85.2,-1.5927058725708019,0.19914508555763072,false
true,100,1,85.3,-1.5872173873686017,0.19077769286540913,false
true,100,1,85.4,-1.5817307313451787,0.1825074407799006,false
true,100,1,85.5,-1.5762457801747525,0.17433369549440414,false
true,100,1,85.6,-1.5707624071459911,0.16625582824653254,false
true,100,1,85.7,-1.5652804830877025,0.1582732153053502,false
true,100,1,85.8,-1.5597998762916223,0.15038523795919692,false
true,100,1,85.9,-1.5543204524321859,0.14259128250421693,false
true,100,1,86.0,-1.5488420744831597,0.13489074023361367,false
true,100,1,86.1,-1.5433646026309993,0.12728300742765047,false
true,100,1,86.2,-1.537887894184789,0.11976748534441994,false
true,100,1,86.3,-1.5324118034826164,0.1123435802114042,false
true,100,1,86.4,-1.5269361817942146,0.1050107032178505,false
true,100,1,86.5,-1.521460877219711,0.09776827050798734,false
true,100,1,86.6,-1.5159857345842933,0.09061570317510734,false
true,100,1,86.7,-1.5105105953286082,0.08355242725654478,false
true,100,1,86.8,-1.5050352973946886,0.07657787372957701,false
true,100,1,86.9,-1.499559675107196,0.06969147850828004,false
true,100,1,87.0,-1.4940835590497556,0.06289268244137076,false
true,100,1,87.1,-1.4886067759361405,0.05618093131106954,false
true,100,1,87.2,-1.483129148476059,0.049555675833018564,false
true,100,1,87.3,-1.477650495235274,0.04301637165729347,false
true,100,1,87.4,-1.4721706304897764,0.03656247937054753,false
true,100,1,87.5,-1.4666893640737118,0.030193464499329824,false
true,100,1,87.6,-1.4612065012207471,0.023908797514620782,false
true,100,1,87.7,-1.4557218423985427,0.017707953837631248,false
true,100,1,87.8,-1.450235183135976,0.011590413846913141,false
true,100,1,87.9,-1.4447463138427445,0.005555662886832759,false
true,100,1,88.0,-1.4392550196209488,-0.0003968087225396967,false
true,100,1,88.1,-1.4337610800682385,-0.006267505674067787,false
true,100,1,88.2,-1.428264269072073,-0.012056927660653959,false
true,100,1,88.3,-1.4227643545946262,-0.017765569360749314,false
true,100,1,88.4,-1.4172610984478322,-0.023393920422201536,false
true,100,1,88.5,-1.41175425605804,-0.02894246544437083,false
true,100,1,88.6,-1.4062435762197134,-0.0344116839584399,false
true,100,1,88.7,-1.400728800837572,-0.03980205040583971,false
true,100,1,88.8,-1.3952096646565377,-0.045114034114708254,false
true,100,1,88.9,-1.3896858949788056,-0.05034809927429526,false
true,100,1,89.0,-1.3841572113673173,-0.05550470490722,false
true,100,1,89.1,-1.3786233253348692,-0.0605843048394847,false
true,100,1,89.2,-1.3730839400180321,-0.06558734766814002,false
true,100,1,89.3,-1.3675387498350153,-0.07051427672649303,false
true,100,1,89.4,-1.361987440126541,-0.07536553004674156,false
true,100,1,89.5,-1.356429686778739,-0.08014154031991198,false
true,100,1,89.6,-1.3508651558270022,-0.0848427348529703,false
true,100,1,89.7,-1.345293503039675,-0.08946953552296776,false
true,100,1,89.8,-1.3397143734803676,-0.094022358728075,false
true,100,1,89.9,-1.3341274010476045,-0.09850161533534842,false
true,100,1,90.0,-1.3285322079904338,-0.10290771062506385,false
true,100,1,90.1,-1.3229284043985183,-0.10724104423144176,false
true,100,1,90.2,-1.3173155876651341,-0.11150201007957726,false
true,100,1,90.3,-1.311693341921386,-0.11569099631837645,false
true,100,1,90.4,-1.3060612374398286,-0.119808385249288,false
true,100,1,90.5,-1.300418830005554,-0.12385455325060488,false
true,100,1,90.6,-1.2947656602526652,-0.1278298706970973,false
true,100,1,90.7,-1.2891012529639003,-0.13173470187472133,false
true,100,1,90.8,-1.2834251163310095,-0.13556940489013164,false
true,100,1,90.9,-1.2777367411733076,-0.13933433157470823,false
true,100,1,91.0,-1.2720356001116313,-0.14302982738278772,false
true,100,1,91.1,-1.266321146694721,-0.14665623128376876,false
true,100,1,91.2,-1.2605928144748173,-0.15021387564773872,false
true,100,1,91.3,-1.2548500160290175,-0.1537030861242442,false
true,100,1,91.4,-1.2490921419226657,-0.15712418151380206,false
true,100,1,91.5,-1.2433185596107614,-0.16047747363171908,false
true,100,1,91.6,-1.2375286122730476,-0.16376326716375805,false
true,100,1,91.7,-1.231721617578099,-0.16698185951315492,false
true,100,1,91.8,-1.2258968663713499,-0.170133540638456,false
true,100,1,91.9,-1.2200536212815893,-0.17321859288160601,false
true,100,1,92.0,-1.2141911152400002,-0.17623729078567518,false
true,100,1,92.1,-1.2083085499053337,-0.1791899009015692,false
true,100,1,92.2,-1.202405093988264,-0.18207668158301632,false
true,100,1,92.3,-1.1964798814673907,-0.18489788276907262,false
true,100,1,92.4,-1.190532009688704,-0.18765374575332908,false
true,100,1,92.5,-1.1845605373396286,-0.19034450293894045,false
true,100,1,92.6,-1.1785644822879868,-0.19297037757852906,false
true,100,1,92.7,-1.1725428192753722,-0.19553158349794056,false
true,100,1,92.8,-1.1664944774534918,-0.19802832480274934,false
true,100,1,92.9,-1.160418337751011,-0.20046079556632182,false
true,100,1,93.0,-1.1543132300573045,-0.20282917949815069,false
true,100,1,93.1,-1.1481779302082702,-0.20513364959106703,false
true,100,1,93.2,-1.1420111567579998,-0.20737436774582313,false
true,100,1,93.3,-1.1358115675185738,-0.2095514843714129,false
true,100,1,93.4,-1.1295777558485847,-0.2116651379593595,false
true,100,1,93.5,-1.1233082466691373,-0.21371545463004857,false
true,100,1,93.6,-1.1170014921840303,-0.2157025476490211,false
true,100,1,93.7,-1.1106558672785491,-0.21762651691095794,false
true,100,1,93.8,-1.104269664568784,-0.21948744838888848,false
true,100,1,93.9,-1.0978410890705943,-0.2212854135459378,false
true,100,1,94.0,-1.0913682524542243,-0.22302046870668432,false
true,100,1,94.1,-1.084849166847122,-0.22469265438493408,false
true,100,1,94.2,-1.0782817381436562,-0.22630199456442543,false
true,100,1,94.3,-1.0716637587761255,-0.22784849592865242,false
true,100,1,94.4,-1.0649928998966556,-0.22933214703563826,false
true,100,1,94.5,-1.0582667029142094,-0.23075291743309312,false
true,100,1,94.6,-1.0514825703249302,-0.23211075670895176,false
true,100,1,94.7,-1.0446377557672988,-0.2334055934717989,false
true,100,1,94.8,-1.0377293532260372,-0.23463733425515007,false
true,100,1,94.9,-1.0307542853001956,-0.2358058623389534,false
true,100,1,95.0,-1.0237092904413134,-0.2369110364810094,false
true,100,1,95.1,-1.016590909056788,-0.23795268955025867,false
true,100,1,95.2,-1.0093954683614519,-0.23893062705305668,false
true,100,1,95.3,-1.0021190658466568,-0.23984462554262295,false
true,100,1,95.4,-0.9947575512206673,-0.24069443090081363,false
true,100,1,95.5,-0.987306506656616,-0.24147975648019956,false
true,100,1,95.6,-0.9797612251643684,-0.2422002810931263,false
true,100,1,95.7,-0.9721166868800428,-0.242855646832964,false
true,100,1,95.8,-0.9643675330412199,-0.24344545671110449,false
true,100,1,95.9,-0.9565080373865917,-0.24396927209140362,false
true,100,1,96.0,-0.9485320746854021,-0.24442660990167017,false
true,100,1,96.1,-0.9404330860638647,-0.24481693959943374,false
true,100,1,96.2,-0.9322040407520915,-0.24513967986654525,false
true,100,1,96.3,-0.9238373938250377,-0.24539419500412898,false
true,100,1,96.4,-0.9153250394535606,-0.2455797909959613,false
true,100,1,96.5,-0.9066582591157137,-0.24569571120443923,false
true,100,1,96.6,-0.8978276641424504,-0.24574113165884953,false
true,100,1,96.7,-0.8888231318843596,-0.2457151558905744,false
true,100,1,96.8,-0.8796337346849837,-0.2456168092640763,false
true,100,1,96.9,-0.8702476607293954,-0.24544503274588123,false
true,100,1,97.0,-0.8606521257013954,-0.24519867604619489,false
true,100,1,97.1,-0.8508332740257909,-0.24487649005908582,false
true,100,1,97.2,-0.8407760682900465,-0.2444771185171769,false
true,100,1,97.3,-0.8304641652278276,-0.24399908876528842,false
true,100,1,97.4,-0.8198797764004909,-0.24344080154422856,false
true,100,1,97.5,-0.8090035114254243,-0.2428005196606405,false
true,100,1,97.6,-0.7978142012653122,-0.2420763554011503,false
true,100,1,97.7,-0.7862886987016995,-0.24126625652862158,false
true,100,1,97.8,-0.7744016526601494,-0.24036799067464432,false
true,100,1,97.9,-0.7621252525218412,-0.23937912791492383,false
true,100,1,98.0,-0.7494289379350217,-0.23829702128235772,false
true,100,1,98.1,-0.7362790689150422,-0.23711878493555635,false
true,100,1,98.2,-0.7226385501778607,-0.23584126965752186,false
true,100,1,98.3,-0.7084664026715652,-0.23446103530917417,false
true,100,1,98.4,-0.6937172741355221,-0.232974319804281,false
true,100,1,98.5,-0.6783408792093005,-0.23137700410486145,false
true,100,1,98.6,-0.6622813581178769,-0.22966457265790743,false
true,100,1,98.7,-0.6454765412655808,-0.2278320686038256,false
true,100,1,98.8,-0.627857105179453,-0.2258740429828347,false
true,100,1,98.9,-0.6093456031731839,-0.22378449704623166,false
true,100,1,99.0,-0.5898553519085535,-0.2215568166438285,false
true,100,1,99.1,-0.5692891528191427,-0.21918369750645272,false
true,100,1,99.2,-0.5475378253241195,-0.21665706007385743,false
true,100,1,99.3,-0.5244785272269064,-0.21396795233640858,false
true,100,1,99.4,-0.49997283720390656,-0.211106438969588,false
true,100,1,99.5,-0.47386457570498275,-0.20806147485522225,false
true,100,1,99.6,-0.44597734526389526,-0.204820760922599,false
true,100,1,99.7,-0.41611178124506926,-0.20137058013986092,false
true,100,1,99.8,-0.3840425226188627,-0.19769561149542175,false
true,100,1,99.9,-0.34951494424478274,-0.19377872001582583,false
true,100,1,100.0,-0.31224174441840197,-0.1896007214018672,false
wrong,1,1,0.0,-1.8633893588791945,0.9432517283983279,true
wrong,1,1,0.1,-1.89544272864903,0.9255172164439067,false
wrong,1,1,0.2,-1.919496813123561,0.9076567969126949,false
wrong,1,1,0.30000000000000004,-1.936988286851434,0.8897380169353477,false
wrong,1,1,0.4,-1.94918887726972,0.8718154825522532,false
wrong,1,1,0.5,-1.9571798455489053,0.853932609597479,false
wrong,1,1,0.6000000000000001,-1.9618542591546815,0.8361234570382327,false
wrong,1,1,0.7000000000000001,-1.9639344061985005,0.8184144483974491,false
wrong,1,1,0.8,-1.9639956125867923,0.8008258862964533,false
wrong,1,1,0.9,-1.9624911341049855,0.7833732296583147,false
wrong,1,1,1.0,-1.959775276510412,0.7660681400569517,false
wrong,1,2,1.0,-1.9125323535456933,0.6929179697822198,true
wrong,1,2,1.1,-1.9123845741984853,0.6767219363760988,false
wrong,1,2,1.2,-1.9108253168063958,0.6606527558866097,false
wrong,1,2,1.3,-1.9081543436904393,0.6447210074790334,false
wrong,1,2,1.4,-1.9046088889189816,0.6289347422756959,false
wrong,1,2,1.5,-1.9003760430981635,0.6133000165425627,false
wrong,1,2,1.6,-1.8956030163755015,0.5978213172932817,false
wrong,1,2,1.7000000000000002,-1.8904054856851813,0.5825018996820208,false
wrong,1,2,1.8,-1.8848742949959796,0.5673440531802902,false
wrong,1,2,1.9,-1.879080783573291,0.5523493108858057,false
wrong,1,2,2.0,-1.8730809954151633,0.5375186137718755,false
wrong,1,3,2.0,-1.7850999292832077,0.6076302784956488,true
wrong,1,3,2.1,-1.8013909583549537,0.5931500472713851,false
wrong,1,3,2.2,-1.8135198575493543,0.5786463288999661,false
wrong,1,3,2.3,-1.8221753279038773,0.5641542217184723,false
wrong,1,3,2.4,-1.827958867957347,0.5497026510710696,false
wrong,1,3,2.5,-1.831384763229248,0.5353152195047367,false
wrong,1,3,2.6,-1.8328856978669987,0.5210110225905025,false
wrong,1,3,2.7,-1.8328212752934772,0.5068053922596932,false
wrong,1,3,2.8,-1.8314876114377396,0.49271055055691326,false
wrong,1,3,2.9,-1.8291268615750589,0.478736170318228,false
wrong,1,3,3.0,-1.8259360453180233,0.4648898472972476,false
wrong,1,4,3.0,-1.7222571066428645,0.4630537913263451,true
wrong,1,4,3.1,-1.7357092940359073,0.4502235408366008,false
wrong,1,4,3.2,-1.7458675441492066,0.4373795793414128,false
wrong,1,4,3.3,-1.7532239477084406,0.42454990183544944,false
wrong,1,4,3.4,-1.7582156638281503,0.41175803699072144,false
wrong,1,4,3.5,-1.7612239199453565,0.39902359127053355,false
wrong,1,4,3.6,-1.762576424054503,0.38636278130253193,false
wrong,1,4,3.7,-1.762551752248748,0.37378893023533527,false
wrong,1,4,3.8,-1.7613846776032516,0.36131291526956877,false
wrong,1,4,3.9,-1.7592717470335115,0.3489435615051735,false
wrong,1,4,4.0,-1.7563766753155723,0.33668798237351766,false
wrong,1,5,4.0,-1.6694433869581868,0.3723335876818225,true
wrong,1,5,4.1,-1.6824255543241362,0.3606551557460269,false
wrong,1,5,4.2,-1.6924652186003715,0.34895718172719836,false
wrong,1,5,4.3,-1.6999584958260665,0.33726493676310637,false
wrong,1,5,4.4,-1.7052648213094512,0.3256000407575394,false
wrong,1,5,4.5,-1.7087043125393138,0.31398084003067944,false
wrong,1,5,4.6,-1.7105579164728784,0.3024227927674848,false
wrong,1,5,4.7,-1.7110693646391084,0.2909388413325272,false
wrong,1,5,4.8,-1.7104481811016932,0.2795397586087792,false
wrong,1,5,4.9,-1.708873195472752,0.2682344615606999,false
wrong,1,5,5.0,-1.706496186734425,0.2570302894677117,false
wrong,1,6,5.0,-1.6288245859175023,0.2992548548567516,true
wrong,1,6,5.1,-1.640597356370723,0.28849049997978476,false
wrong,1,6,5.2,-1.6498062996580563,0.2777091849327628,false
wrong,1,6,5.3,-1.6567699831150315,0.26693305466874295,false
wrong,1,6,5.4,-1.661781022569531,0.2561812878449493,false
wrong,1,6,5.5,-1.6651034967572242,0.24547037015355427,false
wrong,1,6,5.6,-1.6669724104423358,0.23481437941348665,false
wrong,1,6,5.7,-1.6675945649686292,0.22422526659098924,false
wrong,1,6,5.8,-1.667150319751029,0.21371312234577972,false
wrong,1,6,5.9,-1.6657958524227383,0.20328642293306928,false
wrong,1,6,6.0,-1.663665635054267,0.19295225241521688,false
wrong,1,7,6.0,-1.6058350378749668,0.1945719033519571,true
wrong,1,7,6.1,-1.6108106188922129,0.1848179405340598,false
wrong,1,7,6.2,-1.61425306051213,0.17509708606256338,false
wrong,1,7,6.3,-1.6163550083560647,0.165422250854942,false
wrong,1,7,6.4,-1.6172890710005001,0.15580457753697408,false
wrong,1,7,6.5,-1.617208499908827,0.14625363441986522,false
wrong,1,7,6.6,-1.616248356835475,0.1367775994043426,false
wrong,1,7,6.7,-1.6145269615058324,0.1273834304133628,false
wrong,1,7,6.8,-1.612147467304302,0.11807702062029357,false
wrong,1,7,6.9,-1.6091994580834814,0.10886333793208419,false
wrong,1,7,7.0,-1.6057604949349347,0.09974654899960077,false
wrong,1,8,7.0,-1.5177769971566275,0.10912919098280535,true
wrong,1,8,7.1,-1.5247668169997959,0.10079973039222813,false
wrong,1,8,7.2,-1.5302448227395047,0.09247433485022426,false
wrong,1,8,7.3,-1.534361540080028,0.08416613477960366,false
wrong,1,8,7.4,-1.5372580198118235,0.07588682699696145,false
wrong,1,8,7.5,-1.5390648088660448,0.06764677730042287,false
wrong,1,8,7.6,-1.5399015048004947,0.05945512894354721,false
wrong,1,8,7.7,-1.5398767506900857,0.05131991227450793,false
wrong,1,8,7.8,-1.5390885473669065,0.043248152076125534,false
wrong,1,8,7.9,-1.5376247815652253,0.03524597019668744,false
wrong,1,8,8.0,-1.5355638893747658,0.027318681912134078,false
wrong,1,9,8.0,-1.5900690618540554,0.11831699613929995,true
wrong,1,9,8.1,-1.5898541262387798,0.10929112277858495,false
wrong,1,9,8.2,-1.5888208560679482,0.10033724630203643,false
wrong,1,9,8.3,-1.58707385387037,0.09146184962348415,false
wrong,1,9,8.4,-1.5847050091165185,0.08267046858828028,false
wrong,1,9,8.5,-1.5817947396264995,0.07396780975457906,false
wrong,1,9,8.6,-1.5784132111264237,0.06535785599651789,false
wrong,1,9,8.7,-1.5746214973891006,0.05684396040467333,false
wrong,1,9,8.8,-1.570472658551582,0.04842892922689367,false
wrong,1,9,8.9,-1.5660127261652688,0.04011509473939191,false
wrong,1,9,9.0,-1.5612815911908173,0.03190437899901524,false
wrong,1,10,9.0,-1.5499533788298938,-0.01777946650168178,true
wrong,1,10,9.1,-1.5415682963556132,-0.025401324012374354,false
wrong,1,10,9.2,-1.5333716559324124,-0.03289131660656536,false
wrong,1,10,9.3,-1.5253381124975127,-0.04025201927317651,false
wrong,1,10,9.4,-1.5174458973689653,-0.04748577268527446,false
wrong,1,10,9.5,-1.509676253184894,-0.054594715024850436,false
wrong,1,10,9.6,-1.5020129661552293,-0.06158080885705021,false
wrong,1,10,9.7,-1.4944419772367024,-0.06844586389446099,false
wrong,1,10,9.8,-1.4869510576485971,-0.07519155633556271,false
wrong,1,10,9.9,-1.4795295370918955,-0.08181944533685008,false
wrong,1,10,10.0,-1.472168075330012,-0.08833098707832214,false
wrong,1,11,10.0,-1.2920992226910661,-0.08890094643767085,true
wrong,1,11,10.1,-1.2973279644136804,-0.09370091640289281,false
wrong,1,11,10.2,-1.3018261746965312,-0.09851024011879687,false
wrong,1,11,10.3,-1.305625643881314,-0.10332229769888898,false
wrong,1,11,10.4,-1.3087591388850894,-0.1081308140923126,false
wrong,1,11,10.5,-1.3112598968315852,-0.11292986312981282,false
wrong,1,11,10.6,-1.3131611882166474,-0.11771386721819428,false
wrong,1,11,10.7,-1.3144959477706564,-0.12247759334570432,false
wrong,1,11,10.8,-1.3152964693968254,-0.12721614603044748,false
wrong,1,11,10.9,-1.315594160326739,-0.13192495780004082,false
wrong,1,11,11.0,-1.3154193488686836,-0.13659977773802745,false
wrong,1,12,11.0,-1.4110576974651883,-0.09180359111046274,true
wrong,1,12,11.1,-1.4085032427421245,-0.09763668317330174,false
wrong,1,12,11.2,-1.4055839841691464,-0.10340188696569468,false
wrong,1,12,11.3,-1.40233194114565,-0.10909650565625847,false
wrong,1,12,11.4,-1.3987762377633368,-0.11471814224069042,false
wrong,1,12,11.5,-1.3949433121070238,-0.12026467176528605,false
wrong,1,12,11.6,-1.3908571224125064,-0.12573421566135418,false
wrong,1,12,11.7,-1.3865393465893696,-0.13112511812930525,false
wrong,1,12,11.8,-1.382009572687181,-0.13643592448472489,false
wrong,1,12,11.9,-1.377285478731204,-0.14166536136123734,false
wrong,1,12,12.0,-1.372383001013218,-0.14681231865446595,false
wrong,1,13,12.0,-1.263538817630297,-0.19040445285425286,true
wrong,1,13,12.1,-1.2602170230648753,-0.19415867921660968,false
wrong,1,13,12.2,-1.2566701922512136,-0.19785388510980298,false
wrong,1,13,12.3,-1.252910762459344,-0.20148849834810745,false
wrong,1,13,12.4,-1.2489502985855976,-0.20506106824642917,false
wrong,1,13,12.5,-1.244799530391696,-0.20857025690289352,false
wrong,1,13,12.6,-1.2404683906008482,-0.21201483089121817,false
wrong,1,13,12.7,-1.2359660531567174,-0.21539365336442687,false
wrong,1,13,12.8,-1.231300971084486,-0.2187056765657134,false
wrong,1,13,12.9,-1.2264809135078032,-0.2219499347376942,false
wrong,1,13,13.0,-1.2215130014728297,-0.22512553741772198,false
wrong,1,14,13.0,-1.0819874770978348,-0.18226222623284566,true
wrong,1,14,13.1,-1.083845751730302,-0.1844357856189714,false
wrong,1,14,13.2,-1.0854766822887711,-0.18660939594408063,false
wrong,1,14,13.3,-1.0868811812425605,-0.18878097681456354,false
wrong,1,14,13.4,-1.0880605618730828,-0.19094847332272477,false
wrong,1,14,13.5,-1.0890165023725273,-0.19310985936928635,false
wrong,1,14,13.6,-1.0897510098666465,-0.19526314063182332,false
wrong,1,14,13.7,-1.0902663847026954,-0.1974063571826279,false
wrong,1,14,13.8,-1.0905651853035399,-0.19953758576241573,false
wrong,1,14,13.9,-1.0906501938482587,-0.20165494171881296,false
wrong,1,14,14.0,-1.0905243829991589,-0.20375658062069812,false
wrong,1,15,14.0,-1.1910381754546808,-0.21601570124039943,true
wrong,1,15,14.1,-1.1877523133720083,-0.2189177045718134,false
wrong,1,15,14.2,-1.1842700984006829,-0.22176740142900128,false
wrong,1,15,14.3,-1.180599359939418,-0.22456341186171225,false
wrong,1,15,14.4,-1.1767474396702982,-0.22730443556093852,false
wrong,1,15,14.5,-1.172721200098596,-0.22998924684246885,false
wrong,1,15,14.6,-1.1685270343341028,-0.2326166897515092,false
wrong,1,15,14.7,-1.1641708767376304,-0.23518567329709786,false
wrong,1,15,14.8,-1.1596582141041745,-0.2376951668217509,false
wrong,1,15,14.9,-1.1549940970973465,-0.24014419550892513,false
wrong,1,15,15.0,-1.1501831516881442,-0.24253183602843031,false
wrong,1,16,15.0,-0.9992594354586194,-0.22520959230785323,true
wrong,1,16,15.1,-0.9966635274632547,-0.2262894055189524,false
wrong,1,16,15.2,-0.9939330011574138,-0.22733688766290885,false
wrong,1,16,15.3,-0.9910683460380039,-0.22835104419482447,false
wrong,1,16,15.4,-0.9880699579476281,-0.22933089192736097,false
wrong,1,16,15.5,-0.984938129246186,-0.2302754580439276,false
wrong,1,16,15.6,-0.981673038918273,-0.23118377902876167,false
wrong,1,16,15.7,-0.978274742560858,-0.23205489951367192,false
wrong,1,16,15.8,-0.9747431621909555,-0.23288787104068542,false
wrong,1,16,15.9,-0.9710780758080125,-0.23368175073926895,false
wrong,1,16,16.0,-0.9672791066404186,-0.2344355999161834,false
wrong,1,17,16.0,-1.0106424918719998,-0.2400089056645974,true
wrong,1,17,16.1,-1.0066675337108242,-0.2410782116179857,false
wrong,1,17,16.2,-1.0025522779285128,-0.2421025969900146,false
wrong,1,17,16.3,-0.9982969162033122,-0.24308110621735263,false
wrong,1,17,16.4,-0.9939014318927192,-0.24401279155284505,false
wrong,1,17,16.5,-0.9893655893023079,-0.2448967110498235,false
wrong,1,17,16.6,-0.9846889223969947,-0.24573192646035957,false
wrong,1,17,16.7,-0.9798707228393949,-0.24651750104245831,false
wrong,1,17,16.8,-0.9749100272324804,-0.24725249727013382,false
wrong,1,17,16.9,-0.9698056034351096,-0.24793597443919016,false
wrong,1,17,17.0,-0.9645559358089916,-0.24856698616033265,false
wrong,1,18,17.0,-0.9018255292404656,-0.23010134967109616,true
wrong,1,18,17.1,-0.8969211544931094,-0.23024160705532443,false
wrong,1,18,17.2,-0.8918676501259452,-0.2303351996431155,false
wrong,1,18,17.3,-0.8866613950555136,-0.23038108631603002,false
wrong,1,18,17.4,-0.8812984124826787,-0.230378198786649,false
wrong,1,18,17.5,-0.8757743418629097,-0.2303254384105102,false
wrong,1,18,17.6,-0.870084408245567,-0.23022167275264913,false
wrong,1,18,17.7,-0.864223388668099,-0.23006573188501414,false
wrong,1,18,17.8,-0.8581855752520389,-0.22985640438814575,false
wrong,1,18,17.9,-0.8519647346031105,-0.22959243302726773,false
wrong,1,18,18.0,-0.8455540630667456,-0.229272510069283,false
wrong,1,19,18.0,-0.9647101026005018,-0.21871055210624862,true
wrong,1,19,18.1,-0.9623151167793708,-0.21952224666764458,false
wrong,1,19,18.2,-0.959799470177554,-0.22030548258318902,false
wrong,1,19,18.3,-0.9571629203794549,-0.22105936147588717,false
wrong,1,19,18.4,-0.9544051514834913,-0.22178298900405546,false
wrong,1,19,18.5,-0.95152576512896,-0.2224754741171315,false
wrong,1,19,18.6,-0.9485242712867697,-0.22313592823363826,false
wrong,1,19,18.7,-0.9454000787716097,-0.22376346433951808,false
wrong,1,19,18.8,-0.9421524854282263,-0.22435719600465368,false
wrong,1,19,18.9,-0.9387806679392299,-0.22491623631495167,false
wrong,1,19,19.0,-0.9352836711962099,-0.22543969671687605,false
wrong,1,20,19.0,-0.7223108092923511,-0.2328411026619706,true
wrong,1,20,19.1,-0.7096936106284005,-0.23128069195406273,false
wrong,1,20,19.2,-0.6965331081091654,-0.2296136092709805,false
wrong,1,20,19.3,-0.6827869235907061,-0.22783546563005824,false
wrong,1,20,19.4,-0.6684080923437453,-0.2259414951484546,false
wrong,1,20,19.5,-0.6533444893129507,-0.2239265131905185,false
wrong,1,20,19.6,-0.6375381738744386,-0.22178486919772006,false
wrong,1,20,19.7,-0.6209246409267172,-0.2195103934384767,false
wrong,1,20,19.8,-0.6034319644864118,-0.2170963368017504,false
wrong,1,20,19.9,-0.5849798182016824,-0.21453530262993825,false
wrong,1,20,20.0,-0.5654783554243682,-0.21181916944290566,false
wrong,1,21,20.0,-0.6431483126570812,-0.2665967412024393,true
wrong,1,21,20.1,-0.6222924535703207,-0.2640257972558864,false
wrong,1,21,20.2,-0.6003070311999987,-0.2612774350799405,false
wrong,1,21,20.3,-0.5770783153110014,-0.25834209011252107,false
wrong,1,21,20.4,-0.5524783875433077,-0.2552091617565254,false
wrong,1,21,20.5,-0.5263631691654292,-0.25186688206894386,false
wrong,1,21,20.6,-0.4985701846627998,-0.2483021661385177,false
wrong,1,21,20.7,-0.46891604387494784,-0.2445004417795694,false
wrong,1,21,20.8,-0.43719363648552023,-0.24044545607405796,false
wrong,1,21,20.9,-0.40316905274175185,-0.23611905633885097,false
wrong,1,21,21.0,-0.36657827826284506,-0.23150094338309637,false
wrong,1,22,21.0,-0.19318488567826045,-0.2346057570064451,true
wrong,1,22,21.1,-0.13643375223248524,-0.22798312066175042,false
wrong,1,22,21.2,-0.07454220552777921,-0.2208656795456583,false
wrong,1,22,21.3,-0.006955026247040794,-0.21320741602781298,false
wrong,1,22,21.4,0.06689899589341172,-0.20495747066967704,false
wrong,1,22,21.5,0.1475786918319045,-0.19606015075646005,false
wrong,1,22,21.6,0.2355859714623302,-0.18645526944478086,false
wrong,1,22,21.7,0.3313004871521099,-0.17607898277244724,false
wrong,1,22,21.8,0.434890047560028,-0.16486532902994344,false
wrong,1,22,21.9,0.5461970833188644,-0.15274869043815134,false
wrong,1,22,22.0,0.6646091634486835,-0.13966736082055606,false
wrong,1,23,22.0,0.37424191013992003,-0.12125044122358931,true
wrong,1,23,22.1,0.4759340610131335,-0.11005357863651144,false
wrong,1,23,22.2,0.584814424389027,-0.09797334369267151,false
wrong,1,23,22.3,0.7001660764059587,-0.08495323005409763,false
wrong,1,23,22.4,0.8207210224051428,-0.07094617869901482,false
wrong,1,23,22.5,0.9446017187637917,-0.05591987763902771,false
wrong,1,23,22.6,1.0693475248800923,-0.03986219934013867,false
wrong,1,23,22.7,1.192058525155458,-0.022785834274534667,false
wrong,1,23,22.8,1.309661053189508,-0.004731001445647819,false
wrong,1,23,22.9,1.4192550805356825,0.014234718796736337,false
wrong,1,23,23.0,1.5184629878022355,0.034019812801499794,false
wrong,1,24,23.0,1.5769201481536128,0.050409116841059046,true
wrong,1,24,23.1,1.6555843483958703,0.07128092929406846,false
wrong,1,24,23.2,1.72158987567486,0.09266246934337584,false
wrong,1,24,23.3,1.7755033786841268,0.11443609688391743,false
wrong,1,24,23.4,1.8183922962740653,0.1364927025847439,false
wrong,1,24,23.5,1.8516001122303434,0.15873519091883054,false
wrong,1,24,23.6,1.8765569030082352,0.18108001529920154,false
wrong,1,24,23.7,1.8946444943670928,0.20345721002428296,false
wrong,1,24,23.8,1.907115817768794,0.22580944026254857,false
wrong,1,24,23.9,1.915057644295526,0.24809052902397122,false
wrong,1,24,24.0,1.919383090137039,0.27026380014225204,false
wrong,1,25,24.0,1.9617290694410625,0.25246077763057184,true
wrong,1,25,24.1,1.955760630314864,0.2749807136042186,false
wrong,1,25,24.2,1.9490972174476202,0.2972774783954226,false
wrong,1,25,24.3,1.9418949848164673,0.31934708667456724,false
wrong,1,25,24.4,1.9342733856977825,0.3411868377969137,false
wrong,1,25,24.5,1.926323796752017,0.36279501126494085,false
wrong,1,25,24.6,1.9181161432917126,0.38417063393220796,false
wrong,1,25,24.7,1.9097039661750868,0.40531330218888206,false
wrong,1,25,24.8,1.9011282862339383,0.42622304613606876,false
wrong,1,25,24.9,1.8924205472774085,0.44690022576116967,false
wrong,1,25,25.0,1.8836048562140426,0.4673454514794012,false
wrong,1,26,25.0,1.8148749530157198,0.43863009130384323,true
wrong,1,26,25.1,1.821467797597209,0.45849830320513435,false
wrong,1,26,25.2,1.8250766124519529,0.47826710735436095,false
wrong,1,26,25.3,1.8262459925517975,0.49791245276868884,false
wrong,1,26,25.4,1.8254294093707426,0.5174150308271185,false
wrong,1,26,25.5,1.8230001727874074,0.5367594544695238,false
wrong,1,26,25.6,1.8192630002859724,0.555933547807684,false
wrong,1,26,25.7,1.8144650685936685,0.57492774523363,false
wrong,1,26,25.8,1.8088059733487474,0.5937345915061084,false
wrong,1,26,25.9,1.802446373487363,0.6123483308349409,false
wrong,1,26,26.0,1.7955153042072312,0.6307645720648645,false
wrong,1,27,26.0,1.8816980462462976,0.572213782585656,true
wrong,1,27,26.1,1.8637704987175128,0.5915984442995001,false
wrong,1,27,26.2,1.8475453466536618,0.6106847706776284,false
wrong,1,27,26.3,1.8326464951074664,0.6294887496555494,false
wrong,1,27,26.4,1.8187864369108808,0.6480232317499504,false
wrong,1,27,26.5,1.8057433166762218,0.6662986538185252,false
wrong,1,27,26.6,1.7933445312475234,0.6843235792004706,false
wrong,1,27,26.7,1.7814548130328882,0.7021051053961556,false
wrong,1,27,26.8,1.7699674500824774,0.7196491747513045,false
wrong,1,27,26.9,1.7587977396060919,0.7369608131972111,false
wrong,1,27,27.0,1.7478780560758251,0.7540443150333145,false
wrong,1,28,27.0,1.6367064491153536,0.7512891080947524,true
wrong,1,28,27.1,1.6424805539163525,0.7672270393306296,false
wrong,1,28,27.2,1.6460051128052664,0.7830904562794738,false
wrong,1,28,27.3,1.6475845678976166,0.7988607092922098,false
wrong,1,28,27.4,1.6474884256875186,0.8145219153820284,false
wrong,1,28,27.5,1.645952475676379,0.8300606222478278,false
wrong,1,28,27.6,1.643181084568706,0.8454654913121514,false
wrong,1,28,27.7,1.6393500652465356,0.8607270070724033,false
wrong,1,28,27.8,1.6346097670901272,0.8758372161173459,false
wrong,1,28,27.9,1.6290881524965042,0.8907894964622318,false
wrong,1,28,28.0,1.6228937139430197,0.9055783561272328,false
wrong,1,29,28.0,1.6067854467648863,0.8468212909895946,true
wrong,1,29,28.1,1.60751796354448,0.8617606611681315,false
wrong,1,29,28.2,1.6067655380896966,0.8765902230116478,false
wrong,1,29,28.3,1.6047229895414175,0.8912980838412752,false
wrong,1,29,28.4,1.6015606068548738,0.9058741099281824,false
wrong,1,29,28.5,1.5974262100035068,0.9203096979850762,false
wrong,1,29,28.6,1.5924473930381233,0.9345975682142126,false
wrong,1,29,28.7,1.5867337835718436,0.9487315796103278,false
wrong,1,29,28.8,1.580379212063264,0.9627065669778649,false
wrong,1,29,28.9,1.5734637277376773,0.9765181983586498,false
wrong,1,29,29.0,1.5660554288170294,0.9901628511468417,false
wrong,1,30,29.0,1.480476467441037,0.9722651948155796,true
wrong,1,30,29.1,1.4831622224324361,0.9851358416385201,false
wrong,1,30,29.2,1.4843750674551872,0.997929852474845,false
wrong,1,30,29.3,1.4842600868050864,1.0106349628888507,false
wrong,1,30,29.4,1.4829504822992874,1.0232402740907145,false
wrong,1,30,29.5,1.4805673516622322,1.0357361326195986,false
wrong,1,30,29.6,1.477219878534319,1.0481140108716114,false
wrong,1,30,29.7,1.4730058088908007,1.060366391645944,false
wrong,1,30,29.8,1.4680121130712713,1.0724866588243376,false
wrong,1,30,29.9,1.462315755142102,1.084468995464893,false
wrong,1,30,30.0,1.4559845108813079,1.0963082899565917,false
wrong,1,31,30.0,1.3893349327888949,1.0892822957322503,true
wrong,1,31,30.1,1.388358028137508,1.1004422415497361,false
wrong,1,31,30.2,1.3863788477119805,1.1115067348994458,false
wrong,1,31,30.3,1.3834767817249383,1.122467657843666,false
wrong,1,31,30.4,1.379724769973283,1.1333176501245235,false
wrong,1,31,30.5,1.37518932430717,1.1440500444719217,false
wrong,1,31,30.6,1.3699306779452407,1.1546588032056297,false
wrong,1,31,30.7,1.3640030237465322,1.1651384571052983,false
wrong,1,31,30.8,1.3574548105842283,1.17548404720044,false
wrong,1,31,30.9,1.350329073321521,1.1856910698745664,false
wrong,1,31,31.0,1.342663777410385,1.195755425476209,false
wrong,1,32,31.0,1.3515776276365816,1.1572966677257217,true
wrong,1,32,31.1,1.3465758539404629,1.1675930495383802,false
wrong,1,32,31.2,1.340888408376769,1.1777648971157204,false
wrong,1,32,31.3,1.3345615700159406,1.1878070548769508,false
wrong,1,32,31.4,1.327636666880487,1.1977148063466105,false
wrong,1,32,31.5,1.3201503292178864,1.2074838267006647,false
wrong,1,32,31.6,1.3121347541085147,1.2171101380439442,false
wrong,1,32,31.7,1.3036179701631336,1.2265900674488461,false
wrong,1,32,31.8,1.2946240938576112,1.2359202076951628,false
wrong,1,32,31.9,1.2851735713015955,1.2450973805845882,false
wrong,1,32,32.0,1.2752834010052863,1.2541186026559685,false
wrong,1,33,32.0,1.194493791554082,1.2388101102042406,true
wrong,1,33,32.1,1.1885997634004637,1.2470647578084038,false
wrong,1,33,32.2,1.1820547953769154,1.2552018451012137,false
wrong,1,33,32.3,1.1748786986019686,1.263216360423647,false
wrong,1,33,32.4,1.1670885951026688,1.2711034981714326,false
wrong,1,33,32.5,1.1586988579234736,1.2788586323512348,false
wrong,1,33,32.6,1.1497210600464,1.2864772898270354,false
wrong,1,33,32.7,1.140163926069547,1.293955123311572,false
wrong,1,33,32.8,1.130033281082032,1.3012878841041233,false
wrong,1,33,32.9,1.1193319915663142,1.3084713945268218,false
wrong,1,33,33.0,1.1080598934388135,1.315501519966029,false
wrong,1,34,33.0,0.9895522877601498,1.337056712381783,true
wrong,1,34,33.1,0.9753606621335821,1.3426743696010968,false
wrong,1,34,33.2,0.9604059879010971,1.3481172710713765,false
wrong,1,34,33.3,0.9446547994142479,1.3533795545800782,false
wrong,1,34,33.4,0.9280679159513173,1.3584550683666716,false
wrong,1,34,33.5,0.9105998142611159,1.3633373180547792,false
wrong,1,34,33.6,0.8921978961919808,1.3680194077536252,false
wrong,1,34,33.7,0.8728016329744058,1.3724939743275157,false
wrong,1,34,33.8,0.8523415645736285,1.3767531136563917,false
wrong,1,34,33.9,0.8307381288441508,1.3807882975047991,false
wrong,1,34,34.0,0.8079002909752809,1.384590279376109,false
wrong,1,35,34.0,0.900606726609432,1.3980638159469712,true
wrong,1,35,34.1,0.8784186544418577,1.4023823666712143,false
wrong,1,35,34.2,0.8551150876433686,1.4064608200889857,false
wrong,1,35,34.3,0.8305979389160646,1.410290271560007,false
wrong,1,35,34.4,0.8047555121592811,1.413860921616103,false
wrong,1,35,34.5,0.7774604980545864,1.4171619488266671,false
wrong,1,35,34.6,0.7485676264861323,1.4201813636880065,false
wrong,1,35,34.7,0.717910921771855,1.4229058402862609,false
wrong,1,35,34.8,0.6853005023811416,1.4253205219909473,false
wrong,1,35,34.9,0.6505188655540711,1.4274087969200095,false
wrong,1,35,35.0,0.6133166019360358,1.4291520384178091,false
wrong,1,36,35.0,0.6474564028430315,1.3544978114305821,true
wrong,1,36,35.1,0.6175565612192248,1.356780828132503,false
wrong,1,36,35.2,0.5854054157786537,1.3587628757356007,false
wrong,1,36,35.3,0.5507621187549194,1.360424445323125,false
wrong,1,36,35.4,0.5133504262390493,1.3617438046147776,false
wrong,1,36,35.5,0.4728536523881777,1.3626966670345315,false
wrong,1,36,35.6,0.42890920333588073,1.3632558149223153,false
wrong,1,36,35.7,0.3811028967521066,1.3633906742026791,false
wrong,1,36,35.8,0.32896346883295746,1.363066840557733,false
wrong,1,36,35.9,0.2719579828109742,1.3622455621596394,false
wrong,1,36,36.0,0.20948933631664293,1.3608831925887368,false
wrong,1,37,36.0,-6.558618530540933e-5,1.3823640875773282,true
wrong,1,37,36.1,-0.09265876631239525,1.3782248489695252,false
wrong,1,37,36.2,-0.19441508691723217,1.373225689793547,false
wrong,1,37,36.3,-0.30589335455738026,1.367286191893638,false
wrong,1,37,36.4,-0.4273530174183159,1.3603226528612187,false
wrong,1,37,36.5,-0.5585684233517713,1.3522516749493625,false
wrong,1,37,36.6,-0.6986129037359577,1.342995588285471,false
wrong,1,37,36.7,-0.8456534949400415,1.3324898081651493,false
wrong,1,37,36.8,-0.9968295441834113,1.3206917024807752,false
wrong,1,37,36.9,-1.1483093555646067,1.3075897621794672,false
wrong,1,37,37.0,-1.2955997481129737,1.2932110600592681,false
wrong,1,38,37.0,-1.268700902381726,1.3447176364891125,true
wrong,1,38,37.1,-1.4138659667547784,1.328969784259771,false
wrong,1,38,37.2,-1.5463488833573114,1.3120619302285348,false
wrong,1,38,37.3,-1.6628325437292966,1.2941351452364795,false
wrong,1,38,37.4,-1.7615740851796675,1.2753528181634535,false
wrong,1,38,37.5,-1.8424276675283364,1.2558856579103534,false
wrong,1,38,37.6,-1.9065347671980166,1.235898225966878,false
wrong,1,38,37.7,-1.95585267050967,1.2155392937690996,false
wrong,1,38,37.8,-1.9926921962152881,1.1949366595756217,false
wrong,1,38,37.9,-2.0193665901234303,1.1741957768001403,false
wrong,1,38,38.0,-2.037977679439004,1.1534009778038046,false
wrong,1,39,38.0,-1.9261160738091783,1.1447997669400989,true
wrong,1,39,38.1,-1.9632101070561812,1.124987575734025,false
wrong,1,39,38.2,-1.9904437680568607,1.1050274661715263,false
wrong,1,39,38.3,-2.00976105278644,1.0850018148789469,false
wrong,1,39,38.4,-2.0228484796212753,1.0649757107600335,false
wrong,1,39,38.5,-2.031105148853555,1.0449996225513152,false
wrong,1,39,38.6,-2.035655827945452,1.025112103745324,false
wrong,1,39,38.7,-2.03738487235884,1.005342248362188,false
wrong,1,39,38.8,-2.036976791222767,0.9857117791908505,false
wrong,1,39,38.9,-2.034955632488787,0.9662367502236793,false
wrong,1,39,39.0,-2.031719594402769,0.946928895905719,false
wrong,1,40,39.0,-2.109821601590168,1.0155080787267945,true
wrong,1,40,39.1,-2.0922862699956903,0.9952215249380497,false
wrong,1,40,39.2,-2.0774750134576365,0.9752313014261805,false
wrong,1,40,39.3,-2.0646516561167947,0.9555138362482869,false
wrong,1,40,39.4,-2.053290589406046,0.9360514522464656,false
wrong,1,40,39.5,-2.0430125039781517,0.9168307087453496,false
wrong,1,40,39.6,-2.0335412909961144,0.8978412399797979,false
wrong,1,40,39.7,-2.024674527716096,0.8790749303261278,false
wrong,1,40,39.8,-2.016262921868982,0.8605253222521125,false
wrong,1,40,39.9,-2.008195799023298,0.842187187530525,false
wrong,1,40,40.0,-2.0003907422328613,0.8240562144084471,false
wrong,1,41,40.0,-1.9877320457334957,0.8430275535219565,true
wrong,1,41,40.1,-1.9846670632172403,0.825055293538163,false
wrong,1,41,40.2,-1.980711189924907,0.807247188296844,false
wrong,1,41,40.3,-1.9760739723993281,0.7896091959937642,false
wrong,1,41,40.4,-1.9709158116126881,0.7721455457284397,false
wrong,1,41,40.5,-1.9653593765228197,0.7548591461240176,false
wrong,1,41,40.6,-1.9594984627740561,0.737751898476684,false
wrong,1,41,40.7,-1.9534048148872354,0.7208249361207395,false
wrong,1,41,40.8,-1.947133352559835,0.7040788071329077,false
wrong,1,41,40.9,-1.9407261608005737,0.6875136137091175,false
wrong,1,41,41.0,-1.9342155300825608,0.6711291184970908,false
wrong,1,42,41.0,-1.8611237669245497,0.6829137695078156,true
wrong,1,42,41.1,-1.8703070446023686,0.6672180184458516,false
wrong,1,42,41.2,-1.8763060278756205,0.6515683103960264,false
wrong,1,42,41.3,-1.8797325731106296,0.6359906028438138,false
wrong,1,42,41.4,-1.881092777990977,0.6205055489656526,false
wrong,1,42,41.5,-1.8808000370658764,0.6051294474144993,false
wrong,1,42,41.6,-1.879188891419902,0.589875060368242,false
wrong,1,42,41.7,-1.8765282275359783,0.5747523008324726,false
wrong,1,42,41.8,-1.8730331041587989,0.5597687998701468,false
wrong,1,42,41.9,-1.8688749406629501,0.5449303687012864,false
wrong,1,42,42.0,-1.864190063160496,0.5302413716240818,false
wrong,1,43,42.0,-1.7942077594802224,0.5350262260116185,true
wrong,1,43,42.1,-1.8023335074041693,0.5210335915050817,false
wrong,1,43,42.2,-1.807767284479508,0.507081821805618,false
wrong,1,43,42.3,-1.8109776167808829,0.49319308521643745,false
wrong,1,43,42.4,-1.8123609609651197,0.4793854283393944,false
wrong,1,43,42.5,-1.8122488665660146,0.46567343529167016,false
wrong,1,43,42.6,-1.8109161316763702,0.4520688109464943,false
wrong,1,43,42.7,-1.808588984379686,0.43858088446047333,false
wrong,1,43,42.8,-1.8054527343544577,0.42521703624626783,false
wrong,1,43,42.9,-1.8016586200083526,0.41198305524023104,false
wrong,1,43,43.0,-1.7973297557223458,0.39888343489328393,false
wrong,1,44,43.0,-1.7447806115570708,0.4534550130272823,true
wrong,1,44,43.1,-1.753780690861691,0.4405096467649473,false
wrong,1,44,43.2,-1.760137799155042,0.4275891840081129,false
wrong,1,44,43.3,-1.764273600535919,0.41471568907922446,false
wrong,1,44,43.4,-1.7665529037035514,0.40190746220912854,false
wrong,1,44,43.5,-1.7672872572068539,0.38917957339055276,false
wrong,1,44,43.6,-1.7667400626945633,0.37654435155705496,false
wrong,1,44,43.7,-1.765132294863367,0.36401181996044035,false
wrong,1,44,43.8,-1.7626482389368532,0.3515900754973712,false
wrong,1,44,43.9,-1.7594408961157744,0.3392856139929236,false
wrong,1,44,44.0,-1.7556368746727717,0.32710360582118453,false
wrong,1,45,44.0,-1.7288396746453414,0.3228136970888296,true
wrong,1,45,44.1,-1.7284154909290481,0.3110170328458684,false
wrong,1,45,44.2,-1.7269761399650596,0.2993155577158952,false
wrong,1,45,44.3,-1.7246876654348504,0.2877170952943887,false
wrong,1,45,44.4,-1.721689697414974,0.2762280140490427,false
wrong,1,45,44.5,-1.7180992492463012,0.26485346240972896,false
wrong,1,45,44.6,-1.714014130960093,0.2535975690524062,false
wrong,1,45,44.7,-1.7095159521140113,0.24246361230526112,false
wrong,1,45,44.8,-1.7046727216729507,0.23145416265207622,false
wrong,1,45,44.9,-1.6995410723636586,0.22057120210851822,false
wrong,1,45,45.0,-1.6941681467171863,0.2098162239169407,false
wrong,1,46,45.0,-1.703618853389809,0.23555331334618995,true
wrong,1,46,45.1,-1.6990212759013987,0.22464743494905087,false
wrong,1,46,45.2,-1.694100443128724,0.21386519850950175,false
wrong,1,46,45.3,-1.6889085809467428,0.20320841353764071,false
wrong,1,46,45.4,-1.6834892763441278,0.19267843838987422,false
wrong,1,46,45.5,-1.6778789066867705,0.18227625601569758,false
wrong,1,46,45.6,-1.6721078391692379,0.17200253712926677,false
wrong,1,46,45.7,-1.666201433830736,0.1618576928489433,false
wrong,1,46,45.8,-1.6601808801120959,0.15184191854230714,false
wrong,1,46,45.9,-1.6540638932752794,0.1419552303433493,false
wrong,1,46,46.0,-1.6478652934257887,0.13219749557310514,false
wrong,1,47,46.0,-1.6183562625858707,0.1691464288348624,true
wrong,1,47,46.1,-1.6193826231509174,0.1594826651875417,false
wrong,1,47,46.2,-1.619378057399587,0.14988520057199822,false
wrong,1,47,46.3,-1.618480212949433,0.14036235325320714,false
wrong,1,47,46.4,-1.6168096491245711,0.13092119839365776,false
wrong,1,47,46.5,-1.614471440260997,0.1215677265034892,false
wrong,1,47,46.6,-1.6115568047894127,0.11230698584440045,false
wrong,1,47,46.7,-1.6081446856037453,0.10314320903535266,false
wrong,1,47,46.8,-1.6043032354116877,0.09407992465331441,false
wrong,1,47,46.9,-1.6000911813209422,0.08512005494134103,false
wrong,1,47,47.0,-1.5955590573640284,0.07626600089371266,false
wrong,1,48,47.0,-1.5201002214618742,0.036381447564707035,true
wrong,1,48,47.1,-1.5199830544577841,0.02859739121014505,false
wrong,1,48,47.2,-1.5191429017432527,0.020874870990441406,false
wrong,1,48,47.3,-1.5176595676707716,0.01321969003389788,false
wrong,1,48,47.4,-1.5156046527727147,0.00563691548580628,false
wrong,1,48,47.5,-1.5130421449184945,-0.0018690435716967237,false
wrong,1,48,47.6,-1.5100290423925402,-0.00929436436148584,false
wrong,1,48,47.7,-1.506615980747201,-0.016635744926132883,false
wrong,1,48,47.8,-1.5028478436591324,-0.02389034480762247,false
wrong,1,48,47.9,-1.4987643445948469,-0.03105573163531986,false
wrong,1,48,48.0,-1.4944005711237427,-0.03812983327052537,false
wrong,1,49,48.0,-1.4825948353563436,0.003065157449063133,true
wrong,1,49,48.1,-1.4830078988021957,-0.00413323721036587,false
wrong,1,49,48.2,-1.4826992001517967,-0.011279262467175971,false
wrong,1,49,48.3,-1.4817412759477468,-0.018367024455772013,false
wrong,1,49,48.4,-1.4802001260018502,-0.025391307208362465,false
wrong,1,49,48.5,-1.4781355328226804,-0.03234750917383764,false
wrong,1,49,48.6,-1.4756014420928818,-0.03923158343364753,false
wrong,1,49,48.7,-1.4726463771524034,-0.046039982017678414,false
wrong,1,49,48.8,-1.4693138669504784,-0.05276960450298024,false
wrong,1,49,48.9,-1.4656428723457333,-0.059417750914279005,false
wrong,1,49,49.0,-1.4616682000258945,-0.06598207882736926,false
wrong,1,50,49.0,-1.4027239792803257,-0.049297304264769075,true
wrong,1,50,49.1,-1.4048724754289539,-0.05538758649253529,false
wrong,1,50,49.2,-1.4062759118736352,-0.06144943779414494,false
wrong,1,50,49.3,-1.4069925973748376,-0.0674765072222976,false
wrong,1,50,49.4,-1.4070775896870293,-0.07346301012440709,false
wrong,1,50,49.5,-1.406582529758092,-0.07940369334531566,false
wrong,1,50,49.6,-1.4055555751957558,-0.08529379963780297,false
wrong,1,50,49.7,-1.4040414121280251,-0.09112903209891482,false
wrong,1,50,49.8,-1.4020813271811774,-0.09690551926459821,false
wrong,1,50,49.9,-1.3997133239607948,-0.10261978133520096,false
wrong,1,50,50.0,-1.3969722709869932,-0.10826869786969566,false
wrong,1,51,50.0,-1.3869063110229458,-0.06364603188435047,true
wrong,1,51,50.1,-1.3888333332113922,-0.06948505237177013,false
wrong,1,51,50.2,-1.3900620904969956,-0.07529567387047502,false
wrong,1,51,50.3,-1.390644865690322,-0.08107194609978874,false
wrong,1,51,50.4,-1.3906311959645348,-0.08680842920830015,false
wrong,1,51,50.5,-1.3900677127237488,-0.09250016405772622,false
wrong,1,51,50.6,-1.3889980657791259,-0.09814264165724346,false
wrong,1,51,50.7,-1.3874629150590196,-0.10373177244893386,false
wrong,1,51,50.8,-1.385499975004956,-0.10926385599480937,false
wrong,1,51,50.9,-1.383144098819238,-0.11473555148496963,false
wrong,1,51,51.0,-1.3804273917040062,-0.12014384937485682,false
wrong,1,52,51.0,-1.1794149396292974,-0.09413400672752986,true
wrong,1,52,51.1,-1.1884208750075298,-0.09787994184872391,false
wrong,1,52,51.2,-1.1968139651493714,-0.10167815003581622,false
wrong,1,52,51.3,-1.2045913631192355,-0.1055226144540235,false
wrong,1,52,51.4,-1.2117539663626722,-0.10940735370975396,false
wrong,1,52,51.5,-1.2183060948348647,-0.11332645445904765,false
wrong,1,52,51.6,-1.2242551441387923,-0.11727410070319284,false
wrong,1,52,51.7,-1.2296112246301931,-0.12124459961769099,false
wrong,1,52,51.8,-1.2343867964200523,-0.1252324038578187,false
wrong,1,52,51.9,-1.2385963089413032,-0.12923213036981995,false
wrong,1,52,52.0,-1.2422558523468097,-0.13323857580963364,false
wrong,1,53,52.0,-1.1473480094925947,-0.14396331576208282,true
wrong,1,53,52.1,-1.152175937864251,-0.14703058716798773,false
wrong,1,53,52.2,-1.1566060526152635,-0.15011779375790357,false
wrong,1,53,52.3,-1.160640376552636,-0.15322115109631732,false
wrong,1,53,52.4,-1.1642822849295047,-0.1563369273475241,false
wrong,1,53,52.5,-1.1675363715317115,-0.15946145467439113,false
wrong,1,53,52.6,-1.1704083132048666,-0.16259113931702315,false
wrong,1,53,52.7,-1.172904735130601,-0.16572247035753357,false
wrong,1,53,52.8,-1.1750330788567145,-0.16885202719686065,false
wrong,1,53,52.9,-1.1768014747699167,-0.17197648578630825,false
wrong,1,53,53.0,-1.1782186203843616,-0.17509262367020362,false
wrong,1,54,53.0,-1.0873921030985116,-0.18171131188267295,true
wrong,1,54,53.1,-1.0892698807918355,-0.1839385463365424,false
wrong,1,54,53.2,-1.0909130016245112,-0.18616558311371076,false
wrong,1,54,53.3,-1.0923226864213609,-0.18839027801810987,false
wrong,1,54,53.4,-1.0935005680795649,-0.19061051568806073,false
wrong,1,54,53.5,-1.0944486525061539,-0.19282421298278607,false
wrong,1,54,53.6,-1.0951692796801036,-0.19502932198631298,false
wrong,1,54,53.7,-1.0956650851992387,-0.19722383263440146,false
wrong,1,54,53.8,-1.0959389626260823,-0.19940577497318382,false
wrong,1,54,53.9,-1.0959940269005677,-0.20157322106080341,false
wrong,1,54,54.0,-1.0958335790421478,-0.2037242865255051,false
wrong,1,55,54.0,-1.1258507196259466,-0.22501103319851593,true
wrong,1,55,54.1,-1.1230298586751932,-0.22725167301718852,false
wrong,1,55,54.2,-1.120026394495087,-0.22944918382811277,false
wrong,1,55,54.3,-1.1168452641677296,-0.23160223096211116,false
wrong,1,55,54.4,-1.1134911466691124,-0.2337095336127532,false
wrong,1,55,54.5,-1.1099684562199181,-0.23576986204397435,false
wrong,1,55,54.6,-1.1062813368813698,-0.23778203476310517,false
wrong,1,55,54.7,-1.102433658181308,-0.23974491566998188,false
wrong,1,55,54.8,-1.0984290115683413,-0.24165741119081932,false
wrong,1,55,54.9,-1.0942707075043099,-0.2435184674036686,false
wrong,1,55,55.0,-1.089961773017138,-0.24532706716054656,false
wrong,1,56,55.0,-1.0522402265941209,-0.25143763829231175,true
wrong,1,56,55.1,-1.0472987660806747,-0.25279999667316516,false
wrong,1,56,55.2,-1.0422173885130226,-0.25410642779661424,false
wrong,1,56,55.3,-1.0369966280112126,-0.2553560619362444,false
wrong,1,56,55.4,-1.031636726438054,-0.256548039303525,false
wrong,1,56,55.5,-1.026137625878164,-0.25768150726218675,false
wrong,1,56,55.6,-1.0204989601878134,-0.25875561748992454,false
wrong,1,56,55.7,-1.0147200454798857,-0.25976952307867707,false
wrong,1,56,55.8,-1.0087998694012734,-0.2607223755635239,false
wrong,1,56,55.9,-1.002737079051112,-0.2616133218689668,false
wrong,1,56,56.0,-0.9965299673772423,-0.2624415011600054,false
wrong,1,57,56.0,-0.9270933712653001,-0.21766969647017087,true
wrong,1,57,56.1,-0.9240724990990989,-0.2181413448537987,false
wrong,1,57,56.2,-0.9209347466699661,-0.21858130916764293,false
wrong,1,57,56.3,-0.9176789394729289,-0.21898874510241156,false
wrong,1,57,56.4,-0.9143037765626372,-0.21936280320233412,false
wrong,1,57,56.5,-0.910807819521271,-0.2197026276937618,false
wrong,1,57,56.6,-0.9071894807809688,-0.22000735521832854,false
wrong,1,57,56.7,-0.9034470112241956,-0.22027611346511042,false
wrong,1,57,56.8,-0.8995784869770881,-0.22050801969552306,false
wrong,1,57,56.9,-0.8955817953014976,-0.2207021791539204,false
wrong,1,57,57.0,-0.8914546194810578,-0.22085768335600012,false
wrong,1,58,57.0,-0.975787673847884,-0.26299242561348035,true
wrong,1,58,57.1,-0.9691161537512214,-0.26356134490318756,false
wrong,1,58,57.2,-0.9622865458191414,-0.2640642171235585,false
wrong,1,58,57.3,-0.9552948216568332,-0.2645000594084229,false
wrong,1,58,57.4,-0.948136458410153,-0.2648678569283654,false
wrong,1,58,57.5,-0.9408064061877237,-0.2651665584460243,false
wrong,1,58,57.6,-0.9332990517049858,-0.265395071588346,false
wrong,1,58,57.7,-0.925608177711882,-0.26555225780126773,false
wrong,1,58,57.8,-0.9177269177088048,-0.26563692694828467,false
wrong,1,58,57.9,-0.9096477053896832,-0.2656478315098014,false
wrong,1,58,58.0,-0.9013622181752533,-0.26558366033500347,false
wrong,1,59,58.0,-0.717203678285931,-0.22746250422714084,true
wrong,1,59,58.1,-0.7048552800928015,-0.22589594951256742,false
wrong,1,59,58.2,-0.6919712037429062,-0.22422526609890167,false
wrong,1,59,58.3,-0.6785099852980259,-0.22244612036188055,false
wrong,1,59,58.4,-0.6644256944083519,-0.22055381029001025,false
wrong,1,59,58.5,-0.6496673780534571,-0.2185432247492697,false
wrong,1,59,58.6,-0.6341784255989877,-0.21640879759503742,false
wrong,1,59,58.7,-0.6178958434474259,-0.21414445589518288,false
wrong,1,59,58.8,-0.600749425950861,-0.2117435614189219,false
wrong,1,59,58.9,-0.5826608075440629,-0.20919884442223916,false
wrong,1,59,59.0,-0.5635423793198485,-0.20650232862192555,false
wrong,1,60,59.0,-0.6511332682543701,-0.21706666634996463,true
wrong,1,60,59.1,-0.6358904824831114,-0.21495762101914184,false
wrong,1,60,59.2,-0.6198707178110883,-0.21272080643894456,false
wrong,1,60,59.3,-0.6030057285486392,-0.21034973007836988,false
wrong,1,60,59.4,-0.5852193721047442,-0.20783728596981074,false
wrong,1,60,59.5,-0.5664265637948489,-0.20517568213296525,false
wrong,1,60,59.6,-0.5465320829859368,-0.20235635828258455,false
wrong,1,60,59.7,-0.5254292112520612,-0.19936989244085113,false
wrong,1,60,59.8,-0.5029981823856089,-0.19620589490374402,false
wrong,1,60,59.9,-0.479104424353896,-0.19285288783742724,false
wrong,1,60,60.0,-0.45359657538496784,-0.18929816861864726,false
wrong,1,61,60.0,-0.4401300181032084,-0.17466094445650182,true
wrong,1,61,60.1,-0.41319835838386576,-0.17087598013606423,false
wrong,1,61,60.2,-0.38429438886070183,-0.16686301306339021,false
wrong,1,61,60.3,-0.3532037199382571,-0.16260467200314305,false
wrong,1,61,60.4,-0.3196853548625534,-0.15808162804075138,false
wrong,1,61,60.5,-0.2834688281162888,-0.1532723519256419,false
wrong,1,61,60.6,-0.24425143373763503,-0.14815284721623212,false
wrong,1,61,60.7,-0.20169581446679438,-0.14269636137285702,false
wrong,1,61,60.8,-0.1554283397766859,-0.13687308008873178,false
wrong,1,61,60.9,-0.10503892582170504,-0.1306498150070796,false
wrong,1,61,61.0,-0.05008326259603843,-0.12398970224297028,false
wrong,1,62,61.0,-0.004822088352476633,-0.16386706392469977,true
wrong,1,62,61.1,0.06408575927226096,-0.155981726873267,false
wrong,1,62,61.2,0.13934596274640498,-0.14749382841156178,false
wrong,1,62,61.3,0.22144082778455504,-0.13834729868017645,false
wrong,1,62,61.4,0.3107598744072626,-0.12848243621366395,false
wrong,1,62,61.5,0.4075268810978095,-0.11783710347563156,false
wrong,1,62,61.6,0.511705718433348,-0.10634868054205474,false
wrong,1,62,61.7,0.6228893697898005,-0.09395695101044703,false
wrong,1,62,61.8,0.7401854860687019,-0.08060801439185072,false
wrong,1,62,61.9,0.8621237307425151,-0.06625914294017746,false
wrong,1,62,62.0,0.9866213606390553,-0.05088421572501772,false
wrong,1,63,62.0,1.1135638715339935,-0.10417715352687082,true
wrong,1,63,62.1,1.2417041539577185,-0.08619786850994934,false
wrong,1,63,62.2,1.3631640286671045,-0.06720397788564866,false
wrong,1,63,62.3,1.4748687360445634,-0.04727868711064154,false
wrong,1,63,62.4,1.57447231791914,-0.026529685075853193,false
wrong,1,63,62.5,1.660600483880159,-0.005081027036908613,false
wrong,1,63,62.6,1.7328925227546519,0.016936240339429434,false
wrong,1,63,62.7,1.7918617307910605,0.03939289591264791,false
wrong,1,63,62.8,1.8386473070449756,0.06216845288506329,false
wrong,1,63,62.9,1.8747420602262088,0.08515557261245914,false
wrong,1,63,63.0,1.9017580621095167,0.10826208959494095,false
wrong,1,64,63.0,1.7398847331179188,0.11607273842260957,true
wrong,1,64,63.1,1.7886749233667674,0.13781838040713898,false
wrong,1,64,63.2,1.8271341868039217,0.15980338405018996,false
wrong,1,64,63.3,1.8566241104797137,0.18193747105986918,false
wrong,1,64,63.4,1.8785333239506934,0.20414373370158595,false
wrong,1,64,63.5,1.8941685314003576,0.22635824402559898,false
wrong,1,64,63.6,1.9046941066037635,0.24852889759948468,false
wrong,1,64,63.7,1.9111082979540963,0.2706138900509358,false
wrong,1,64,63.8,1.9142433580663867,0.29258010552007047,false
wrong,1,64,63.9,1.9147791576928197,0.31440158680837926,false
wrong,1,64,64.0,1.9132629003637383,0.3360581740336008,false
wrong,1,65,64.0,1.7622840146863965,0.36316525125024535,true
wrong,1,65,64.1,1.7848580131499612,0.38318029285718935,false
wrong,1,65,64.2,1.8017657629619177,0.40322877335979823,false
wrong,1,65,64.3,1.8138978571621642,0.42326265595651785,false
wrong,1,65,64.4,1.822054947953412,0.44324202266706014,false
wrong,1,65,64.5,1.8269348379321213,0.4631341196601194,false
wrong,1,65,64.6,1.8291317993740173,0.482912351549383,false
wrong,1,65,64.7,1.8291432409227804,0.5025553137869205,false
wrong,1,65,64.8,1.8273801199490716,0.5220459127155246,false
wrong,1,65,64.9,1.8241786897592935,0.5413705950836439,false
wrong,1,65,65.0,1.8198121126871736,0.5605186911021128,false
wrong,1,66,65.0,1.858313772532062,0.49389124097002246,true
wrong,1,66,65.1,1.851905282146594,0.513690708602457,false
wrong,1,66,65.2,1.8449257702126027,0.5332835298809636,false
wrong,1,66,65.3,1.8374864439588283,0.5526665163736082,false
wrong,1,66,65.4,1.829675094702039,0.5718374107354256,false
wrong,1,66,65.5,1.8215610120726942,0.5907946886546563,false
wrong,1,66,65.6,1.8131988819707188,0.6095374024698064,false
wrong,1,66,65.7,1.804631865712721,0.6280650577672009,false
wrong,1,66,65.8,1.7958940258466862,0.6463775159951162,false
wrong,1,66,65.9,1.7870122341932813,0.6644749175587231,false
wrong,1,66,66.0,1.7780076714504456,0.6823576210198072,false
wrong,1,67,66.0,1.710250413477459,0.6207680871002204,true
wrong,1,67,66.1,1.7176034625226007,0.6383449147005108,false
wrong,1,67,66.2,1.722219280276017,0.6558473481695049,false
wrong,1,67,66.3,1.7245184024221698,0.6732528158949705,false
wrong,1,67,66.4,1.7248656975273835,0.6905425094009301,false
wrong,1,67,66.5,1.7235736796787975,0.7077008590940583,false
wrong,1,67,66.6,1.7209073559096708,0.7247150520816028,false
wrong,1,67,66.7,1.717089714738034,0.7415746014524716,false
wrong,1,67,66.8,1.7123072728806443,0.7582709696387031,false
wrong,1,67,66.9,1.706715330025892,0.7747972442377742,false
wrong,1,67,67.0,1.7004427452501034,0.7911478622777006,false
wrong,1,68,67.0,1.7545916025175385,0.8169489446733573,true
wrong,1,68,67.1,1.737040343384689,0.8333759975536522,false
wrong,1,68,67.2,1.7207600409747843,0.8495277581551153,false
wrong,1,68,67.3,1.7055015103885423,0.865416706490554,false
wrong,1,68,67.4,1.691067338925897,0.8810531952693589,false
wrong,1,68,67.5,1.677299787934404,0.8964458816969881,false
wrong,1,68,67.6,1.6640718372888974,0.9116020604699631,false
wrong,1,68,67.7,1.6512804659869844,0.9265279230668482,false
wrong,1,68,67.8,1.638841550043141,0.941228761357571,false
wrong,1,68,67.9,1.6266859472226758,0.9557091286725546,false
wrong,1,68,68.0,1.6147564640579646,0.9699729680464844,false
wrong,1,69,68.0,1.4631291381330827,0.9146664749321028,true
wrong,1,69,68.1,1.4728779610254388,0.9278334152531478,false
wrong,1,69,68.2,1.4804868716378747,0.9409832014905083,false
wrong,1,69,68.3,1.4861398164772404,0.9540971912142675,false
wrong,1,69,68.4,1.4900152774402038,0.9671585426977625,false
wrong,1,69,68.5,1.4922829861777729,0.9801521356264382,false
wrong,1,69,68.6,1.4931017467148604,0.9930644675053217,false
wrong,1,69,68.7,1.4926181670375334,1.0058835351922923,false
wrong,1,69,68.8,1.4909661038310085,1.0185987090901647,false
wrong,1,69,68.9,1.4882666424460507,1.0312006057545775,false
wrong,1,69,69.0,1.4846284593600427,1.043680963113807,false
wrong,1,70,69.0,1.3550738009721444,1.0396157867431666,true
wrong,1,70,69.1,1.3612007543099416,1.050858858869684,false
wrong,1,70,69.2,1.3658463825692617,1.062068776822798,false
wrong,1,70,69.3,1.3691057231296015,1.0732326418134395,false
wrong,1,70,69.4,1.3710726946817389,1.084338517001073,false
wrong,1,70,69.5,1.3718385217995976,1.0953754026447495,false
wrong,1,70,69.6,1.3714905461707159,1.1063331988034446,false
wrong,1,70,69.7,1.370111376907201,1.1172026590078978,false
wrong,1,70,69.8,1.3677783284019507,1.1279753378429345,false
wrong,1,70,69.9,1.364563094527238,1.1386435348841395,false
wrong,1,70,70.0,1.3605316111821348,1.1492002369585066,false
wrong,1,71,70.0,1.3178194168572777,1.1362973122578268,true
wrong,1,71,70.1,1.3168286512976952,1.1464568428025013,false
wrong,1,71,70.2,1.3149080731232827,1.1565284793371868,false
wrong,1,71,70.3,1.3121162123100265,1.166504614937262,false
wrong,1,71,70.4,1.308507739603934,1.1763782174422124,false
wrong,1,71,70.5,1.3041332737244113,1.186142788893514,false
wrong,1,71,70.6,1.2990392916155953,1.1957923239941362,false
wrong,1,71,70.7,1.2932681188402988,1.2053212684341834,false
wrong,1,71,70.8,1.2868579800685507,1.2147244777240391,false
wrong,1,71,70.9,1.27984309251182,1.2239971770012554,false
wrong,1,71,71.0,1.2722537879205056,1.2331349221296686,false
wrong,1,72,71.0,1.2078870453499508,1.1751929178165614,true
wrong,1,72,71.1,1.2078418662063253,1.184063844636352,false
wrong,1,72,71.2,1.2069280794767319,1.192865295170528,false
wrong,1,72,71.3,1.205179355862728,1.2015899721678422,false
wrong,1,72,71.4,1.2026283289161328,1.2102309360811756,false
wrong,1,72,71.5,1.1993062131449836,1.2187815911306208,false
wrong,1,72,71.6,1.1952424899280008,1.2272356682853263,false
wrong,1,72,71.7,1.190464653136551,1.2355872057715294,false
wrong,1,72,71.8,1.1849980059810512,1.2438305276334227,false
wrong,1,72,71.9,1.1788655005825508,1.2519602207915634,false
wrong,1,72,72.0,1.1720876120146286,1.2599711109633305,false
wrong,1,73,72.0,1.1579798417208564,1.2552089428756217,true
wrong,1,73,72.1,1.1513494364676304,1.263005252762793,false
wrong,1,73,72.2,1.1440793719046725,1.270680670420468,false
wrong,1,73,72.3,1.136182797875453,1.2782302813632465,false
wrong,1,73,72.4,1.1276702809057397,1.285649315899098,false
wrong,1,73,72.5,1.1185497077439037,1.2929331239431248,false
wrong,1,73,72.6,1.108826189481113,1.3000771491387266,false
wrong,1,73,72.7,1.0985019608278495,1.307076902271523,false
wrong,1,73,72.8,1.0875762692833582,1.3139279339125782,false
wrong,1,73,72.9,1.0760452489982772,1.3206258061800709,false
wrong,1,73,73.0,1.0639017740808143,1.3271660634615607,false
wrong,1,74,73.0,0.988704722279021,1.341536501734411,true
wrong,1,74,73.1,0.9740528896995222,1.3471114314754375,false
wrong,1,74,73.2,0.9586323582614265,1.3525076761921009,false
wrong,1,74,73.3,0.9424073372983214,1.3577193401922854,false
wrong,1,74,73.4,0.9253360859121974,1.362740216115543,false
wrong,1,74,73.5,0.9073702496371635,1.367563729712451,false
wrong,1,74,73.6,0.8884540849209507,1.3721828784476167,false
wrong,1,74,73.7,0.8685235518633371,1.3765901628559474,false
wrong,1,74,73.8,0.8475052522833312,1.3807775093953032,false
wrong,1,74,73.9,0.8253151862703876,1.384736183320162,false
wrong,1,74,74.0,0.8018572958942656,1.3884566898455473,false
wrong,1,75,74.0,0.8038582086357864,1.3625772065418709,true
wrong,1,75,74.1,0.7817469551864323,1.3662697113148692,false
wrong,1,75,74.2,0.7582515333595067,1.369726196086827,false
wrong,1,75,74.3,0.7332521680901725,1.3729351667461391,false
wrong,1,75,74.4,0.7066117086539411,1.3758840376809987,false
wrong,1,75,74.5,0.678173038278495,1.3785589689274722,false
wrong,1,75,74.6,0.647756064349005,1.3809446788840032,false
wrong,1,75,74.7,0.6151542362589875,1.3830242286827674,false
wrong,1,75,74.8,0.5801305432542148,1.3847787738702257,false
wrong,1,75,74.9,0.5424129599921583,1.386187278704909,false
wrong,1,75,75.0,0.5016893400716919,1.3872261882516195,false
wrong,1,76,75.0,0.371926492535351,1.3965132002575302,true
wrong,1,76,75.1,0.31548573767357846,1.3958429243468276,false
wrong,1,76,75.2,0.25376292350277235,1.3946364536606062,false
wrong,1,76,75.3,0.18610028932493153,1.3928463359912848,false
wrong,1,76,75.4,0.11177752777678984,1.390419144018932,false
wrong,1,76,75.5,0.030026566808346866,1.3872950042454983,false
wrong,1,76,75.6,-0.05993813846153996,1.3834073309374737,false
wrong,1,76,75.7,-0.1588661328887913,1.378682939476952,false
wrong,1,76,75.8,-0.26738509114458564,1.3730427903538363,false
wrong,1,76,75.9,-0.38587359252832576,1.3664036986517134,false
wrong,1,76,76.0,-0.5142881745681136,1.358681407033077,false
wrong,1,77,76.0,-0.5334781644010416,1.3873217411626988,true
wrong,1,77,76.1,-0.6754368897276569,1.378030067090643,false
wrong,1,77,76.2,-0.8249235597217395,1.36746901770653,false
wrong,1,77,76.3,-0.9791044422466663,1.3555910566928009,false
wrong,1,77,76.4,-1.1340956817485586,1.3423799036329416,false
wrong,1,77,76.5,-1.2852575646957805,1.3278588036031869,false
wrong,1,77,76.6,-1.4277649393997545,1.3120947323228995,false
wrong,1,77,76.7,-1.557332715649097,1.2951964868386905,false
wrong,1,77,76.8,-1.6708697961212151,1.277306278205385,false
wrong,1,77,76.9,-1.7668416187023033,1.258586597382708,false
wrong,1,77,77.0,-1.8452515276751411,1.2392056014614943,false
wrong,1,78,77.0,-1.677061232463593,1.2565195694969866,true
wrong,1,78,77.1,-1.770175355203175,1.2379089453548835,false
wrong,1,78,77.2,-1.8461270509980021,1.2186606356658278,false
wrong,1,78,77.3,-1.9061838095541832,1.1989315151348825,false
wrong,1,78,77.4,-1.9522998415806359,1.178862191892534,false
wrong,1,78,77.5,-1.9866989745533594,1.1585728108139268,false
wrong,1,78,77.6,-2.0115683052568873,1.1381622355348244,false
wrong,1,78,77.7,-2.0288770883119627,1.1177094622078756,false
wrong,1,78,77.8,-2.0402976762737626,1.0972761897329226,false
wrong,1,78,77.9,-2.0471941093305697,1.0769097593361354,false
wrong,1,78,78.0,-2.0506479107969033,1.0566459864622857,false
wrong,1,79,78.0,-2.0156522024137513,1.0188882137014377,true
wrong,1,79,78.1,-2.0215803316448846,0.9993272568996111,false
wrong,1,79,78.2,-2.024405084679915,0.9798702785397662,false
wrong,1,79,78.3,-2.0248638406057435,0.9605414364946339,false
wrong,1,79,78.4,-2.0235261726288876,0.9413587503512219,false
wrong,1,79,78.5,-2.0208281736176157,0.9223355236538681,false
wrong,1,79,78.6,-2.017101745566975,0.9034814634649362,false
wrong,1,79,78.7,-2.0125985122726546,0.8848035480382556,false
wrong,1,79,78.8,-2.007508791088229,0.8663066921085939,false
wrong,1,79,78.9,-2.0019763590786455,0.8479942533053517,false
wrong,1,79,79.0,-1.996109797666789,0.8298684157861431,false
wrong,1,80,79.0,-1.8687248602785256,0.9463617268167379,true
wrong,1,80,79.1,-1.900004728841536,0.9285591359510196,false
wrong,1,80,79.2,-1.92339618326657,0.9106377189839686,false
wrong,1,80,79.3,-1.9403325712700756,0.8926639636533453,false
wrong,1,80,79.4,-1.952075945735732,0.8746914871012116,false
wrong,1,80,79.5,-1.9596950029445503,0.8567628276331792,false
wrong,1,80,79.6,-1.9640696439942578,0.838911292399967,false
wrong,1,80,79.7,-1.9659097213655308,0.8211626766740968,false
wrong,1,80,79.8,-1.9657795104650095,0.8035367673701416,false
wrong,1,80,79.9,-1.9641228253176188,0.7860486054507642,false
wrong,1,80,80.0,-1.9612861154141166,0.7687095167857171,false
wrong,1,81,80.0,-1.8668447212976265,0.7551819346366915,true
wrong,1,81,80.1,-1.881395289042749,0.7388782216951454,false
wrong,1,81,80.2,-1.891627797783396,0.7225811847968658,false
wrong,1,81,80.3,-1.89836492372494,0.7063264761263325,false
wrong,1,81,80.4,-1.902296195954074,0.6901425623346275,false
wrong,1,81,80.5,-1.903989075229984,0.6740519517383576,false
wrong,1,81,80.6,-1.9039042818817014,0.658072288374242,false
wrong,1,81,80.7,-1.9024121618106766,0.642217290910771,false
wrong,1,81,80.8,-1.8998082615530612,0.6264975373068141,false
wrong,1,81,80.9,-1.8963272176816497,0.6109211082666899,false
wrong,1,81,81.0,-1.8921546446317279,0.5954941077603172,false
wrong,1,82,81.0,-1.83845227728977,0.6193206693508918,true
wrong,1,82,81.1,-1.8462156455423153,0.6043059022999074,false
wrong,1,82,81.2,-1.8511758376724659,0.5893433763570646,false
wrong,1,82,81.3,-1.8538561624316467,0.5744559303100951,false
wrong,1,82,81.4,-1.8546914839216442,0.5596618523568087,false
wrong,1,82,81.5,-1.8540391463876145,0.5449756749496433,false
wrong,1,82,81.6,-1.8521903470570444,0.5304088605726166,false
wrong,1,82,81.7,-1.8493809203050695,0.515970380380272,false
wrong,1,82,81.8,-1.8458010124719455,0.5016671945836844,false
wrong,1,82,81.9,-1.8416034538252026,0.4875046465516054,false
wrong,1,82,82.0,-1.8369108259189781,0.47348678331621874,false
wrong,1,83,82.0,-1.6625536066531623,0.47881832221969417,true
wrong,1,83,82.1,-1.6863463685418651,0.4663712731107162,false
wrong,1,83,82.2,-1.7055509717814414,0.4538188926220381,false
wrong,1,83,82.3,-1.7207279663736592,0.4412014293072451,false
wrong,1,83,82.4,-1.7324159875778442,0.42855378199315114,false
wrong,1,83,82.5,-1.741114111292639,0.4159058277407603,false
wrong,1,83,82.6,-1.7472722397247615,0.40328287075505226,false
wrong,1,83,82.7,-1.7512874885442005,0.3907061470619694,false
wrong,1,83,82.8,-1.7535046999762651,0.37819333834910196,false
wrong,1,83,82.9,-1.7542195400901415,0.36575906444435,false
wrong,1,83,83.0,-1.7536830160295827,0.3534153365274188,false
wrong,1,84,83.0,-1.667861240844588,0.41087182080391427,true
wrong,1,84,83.1,-1.6846267093336729,0.39890746572609725,false
wrong,1,84,83.2,-1.697871057006484,0.38689368807124,false
wrong,1,84,83.3,-1.708053743287917,0.37486099470245426,false
wrong,1,84,83.4,-1.7155995273120213,0.36283560929645714,false
wrong,1,84,83.5,-1.720891699496515,0.35083985678924406,false
wrong,1,84,83.6,-1.7242696906132269,0.33889258584361565,false
wrong,1,84,83.7,-1.7260297007889236,0.3270095953260627,false
wrong,1,84,83.8,-1.726427236750143,0.3152040423886705,false
wrong,1,84,83.9,-1.7256807137536572,0.30348681887021683,false
wrong,1,84,84.0,-1.7239755224141828,0.2918668894126033,false
wrong,1,85,84.0,-1.7542716102647316,0.29607315845009285,true
wrong,1,85,84.1,-1.7473625487949516,0.2842700971280883,false
wrong,1,85,84.2,-1.740485491700167,0.27261676635390836,false
wrong,1,85,84.3,-1.7336353861538023,0.2611117987389516,false
wrong,1,85,84.4,-1.7268080711219669,0.2497538789994504,false
wrong,1,85,84.5,-1.720000106566553,0.23854173621265046,false
wrong,1,85,84.6,-1.7132086364497157,0.2274741375342716,false
wrong,1,85,84.7,-1.7064312785982776,0.21654988308983153,false
wrong,1,85,84.8,-1.699666035963929,0.20576780181108523,false
wrong,1,85,84.9,-1.6929112249661067,0.19512674803509672,false
wrong,1,85,85.0,-1.6861654175041552,0.18462559872003664,false
wrong,1,86,85.0,-1.5730522714366058,0.2324061764964538,true
wrong,1,86,85.1,-1.5855354525604508,0.2226401362366697,false
wrong,1,86,85.2,-1.595620296497144,0.2128424927529881,false
wrong,1,86,85.3,-1.6035646174651323,0.20303426986809067,false
wrong,1,86,85.4,-1.6096124253502502,0.193234033703075,false
wrong,1,86,85.5,-1.6139901122929698,0.18345805625190353,false
wrong,1,86,85.6,-1.6169044089914069,0.1737205042554593,false
wrong,1,86,85.7,-1.6185416861912127,0.1640336389407707,false
wrong,1,86,85.8,-1.6190682232529339,0.1544080159946876,false
wrong,1,86,85.9,-1.6186311288147328,0.1448526784020715,false
wrong,1,86,86.0,-1.6173596647522155,0.13537533741468447,false
wrong,1,87,86.0,-1.6721483439170193,0.06514416504304954,true
wrong,1,87,86.1,-1.6563494169430926,0.0558291180450007,false
wrong,1,87,86.2,-1.6418534198149282,0.04672103326354832,false
wrong,1,87,86.3,-1.628445041997679,0.03780747318705136,false
wrong,1,87,86.4,-1.6159496407289142,0.029077870738973187,false
wrong,1,87,86.5,-1.6042244354291089,0.020523185140121344,false
wrong,1,87,86.6,-1.5931518682975097,0.01213563052205865,false
wrong,1,87,86.7,-1.5826345331351936,0.003908459816065423,false
wrong,1,87,86.8,-1.572591256814446,-0.0041642088430329325,false
wrong,1,87,86.9,-1.5629540396332466,-0.012087532651510528,false
wrong,1,87,87.0,-1.5536656436752683,-0.019866058705269578,false
wrong,1,88,87.0,-1.5463494767541903,0.02670833884429734,true
wrong,1,88,87.1,-1.5425440069495897,0.018771845237475653,false
wrong,1,88,87.2,-1.5384034401565951,0.010930002347855157,false
wrong,1,88,87.3,-1.53396831817026,0.0031849974779008016,false
wrong,1,88,87.4,-1.5292740621775833,-0.004461345727114862,false
wrong,1,88,87.5,-1.5243515940006742,-0.012007520578049857,false
wrong,1,88,87.6,-1.5192278913142243,-0.019452296372350953,false
wrong,1,88,87.7,-1.5139264806463233,-0.026794682525363697,false
wrong,1,88,87.8,-1.5084678728627896,-0.03403389721589512,false
wrong,1,88,87.9,-1.5028699462412012,-0.041169340008982924,false
wrong,1,88,88.0,-1.497148282315061,-0.04820056797011328,false
wrong,1,89,88.0,-1.4777993398247602,-0.006787155655740277,true
wrong,1,89,88.1,-1.4777235685551242,-0.013867058234570958,false
wrong,1,89,88.2,-1.4769825120802509,-0.02089124341341943,false
wrong,1,89,88.3,-1.4756427437836301,-0.027854331870118224,false
wrong,1,89,88.4,-1.4737647406743788,-0.03475156574595416,false
wrong,1,89,88.5,-1.4714032208893117,-0.04157874971391032,false
wrong,1,89,88.6,-1.4686075240304397,-0.04833219578821008,false
wrong,1,89,88.7,-1.4654220125440485,-0.05500867213580678,false
wrong,1,89,88.8,-1.4618864778080916,-0.061605355974604786,false
wrong,1,89,88.9,-1.4580365390837817,-0.0681197905141761,false
wrong,1,89,89.0,-1.4539040270893997,-0.07454984580366181,false
wrong,1,90,89.0,-1.3558918153087096,-0.0803532309490681,true
wrong,1,90,89.1,-1.3583087320111327,-0.08578768247456392,false
wrong,1,90,89.2,-1.360046330380867,-0.09120128501878819,false
wrong,1,90,89.3,-1.3611497295894976,-0.09658817291339324,false
wrong,1,90,89.4,-1.3616623379346047,-0.10194292944418408,false
wrong,1,90,89.5,-1.3616256086139589,-0.10726056669139353,false
wrong,1,90,89.6,-1.3610788737452195,-0.11253650364784155,false
wrong,1,90,89.7,-1.360059244306791,-0.11776654328778788,false
wrong,1,90,89.8,-1.3586015644772629,-0.12294684914481951,false
wrong,1,90,89.9,-1.3567384099023068,-0.12807392185208724,false
wrong,1,90,90.0,-1.3545001205970442,-0.1331445760042523,false
wrong,1,91,90.0,-1.3057552547667581,-0.11222626186181558,true
wrong,1,91,90.1,-1.3080184128520924,-0.11696663885381135,false
wrong,1,91,90.2,-1.3097020090183222,-0.12169031545108489,false
wrong,1,91,90.3,-1.3108378143802364,-0.12639224792607726,false
wrong,1,91,90.4,-1.3114569278677477,-0.13106771786377294,false
wrong,1,91,90.5,-1.3115895536397113,-0.13571232255356064,false
wrong,1,91,90.6,-1.3112648278888737,-0.14032196364217173,false
wrong,1,91,90.7,-1.3105106893847804,-0.14489283448733847,false
wrong,1,91,90.8,-1.3093537880890804,-0.14942140659653863,false
wrong,1,91,90.9,-1.3078194263649978,-0.15390441548117267,false
wrong,1,91,91.0,-1.3059315276303043,-0.15833884620530006,false
wrong,1,92,91.0,-1.3148803484091094,-0.13904068927251054,true
wrong,1,92,91.1,-1.3140550041378016,-0.14365376933310028,false
wrong,1,92,91.2,-1.3128274558119823,-0.14822359073268782,false
wrong,1,92,91.3,-1.311223343319845,-0.1527469027384509,false
wrong,1,92,91.4,-1.3092668701637846,-0.1572207068946967,false
wrong,1,92,91.5,-1.3069808011301607,-0.16164224198053503,false
wrong,1,92,91.6,-1.3043864780976286,-0.16600896914287178,false
wrong,1,92,91.7,-1.3015038501323473,-0.17031855735162707,false
wrong,1,92,91.8,-1.2983515145295754,-0.17456886929006185,false
wrong,1,92,91.9,-1.294946765945385,-0.17875794776389548,false
wrong,1,92,92.0,-1.2913056512093717,-0.18288400268818575,false
wrong,1,93,92.0,-1.227848583215335,-0.13919148866344835,true
wrong,1,93,92.1,-1.2309322449049866,-0.14302370763528402,false
wrong,1,93,92.2,-1.2335295748103021,-0.14685384661436182,false
wrong,1,93,92.3,-1.2356570156042228,-0.1506775379739175,false
wrong,1,93,92.4,-1.2373315578953468,-0.15449059951302502,false
wrong,1,93,92.5,-1.2385705333883181,-0.15828903715316567,false
wrong,1,93,92.6,-1.2393914305008649,-0.16206904582204182,false
wrong,1,93,92.7,-1.2398117322697206,-0.1658270087434256,false
wrong,1,93,92.8,-1.2398487758818315,-0.16955949534632458,false
wrong,1,93,92.9,-1.2395196327864364,-0.173263257997268,false
wrong,1,93,93.0,-1.238841008067316,-0.17693522774710616,false
wrong,1,94,93.0,-1.0337774581347945,-0.17380969590676554,true
wrong,1,94,93.1,-1.0365457343457243,-0.1756074652240748,false
wrong,1,94,93.2,-1.039142527994998,-0.17741664162218324,false
wrong,1,94,93.3,-1.0415649922253734,-0.17923555623105528,false
wrong,1,94,93.4,-1.0438106826610534,-0.18106252817691704,false
wrong,1,94,93.5,-1.0458775477089832,-0.1828958683167521,false
wrong,1,94,93.6,-1.0477639166900752,-0.18473388284638567,false
wrong,1,94,93.7,-1.0494684860255794,-0.18657487676421894,false
wrong,1,94,93.8,-1.050990303711132,-0.18841715717490845,false
wrong,1,94,93.9,-1.0523287523140175,-0.1902590364195485,false
wrong,1,94,94.0,-1.0534835307282144,-0.19209883502117103,false
wrong,1,95,94.0,-0.9946027414460465,-0.22795286083524888,true
wrong,1,95,94.1,-0.9916836653442143,-0.22896839003559258,false
wrong,1,95,94.2,-0.9886304383253606,-0.2299490996161279,false
wrong,1,95,94.3,-0.9854433528184536,-0.23089401667884862,false
wrong,1,95,94.4,-0.9821225833774897,-0.2318021776071957,false
wrong,1,95,94.5,-0.9786681766155426,-0.23267262687146045,false
wrong,1,95,94.6,-0.9750800409459286,-0.23350441574984565,false
wrong,1,95,94.7,-0.9713579360627832,-0.23429660096372834,false
wrong,1,95,94.8,-0.9675014620879587,-0.23504824322503354,false
wrong,1,95,94.9,-0.9635100483053255,-0.23575840569294731,false
wrong,1,95,95.0,-0.9593829413971915,-0.23642615233646597,false
wrong,1,96,95.0,-1.107684602063882,-0.20778149971481852,true
wrong,1,96,95.1,-1.1067959520513764,-0.20999085534956785,false
wrong,1,96,95.2,-1.105697793167938,-0.21217489944957926,false
wrong,1,96,95.3,-1.1043946026838976,-0.21433191777032656,false
wrong,1,96,95.4,-1.102890835348642,-0.21646024959372562,false
wrong,1,96,95.5,-1.1011908988529095,-0.21855828701492072,false
wrong,1,96,95.6,-1.09929913143789,-0.2206244740193083,false
wrong,1,96,95.7,-1.0972197815456077,-0.22265730537054193,false
wrong,1,96,95.8,-1.0949569893910536,-0.22465532532907684,false
wrong,1,96,95.9,-1.0925147703259308,-0.226617126219521,false
wrong,1,96,96.0,-1.0898969998563057,-0.2285413468636969,false
wrong,1,97,96.0,-1.0256350726673422,-0.24122685982307643,true
wrong,1,97,96.1,-1.0216377535374637,-0.24242455891452275,false
wrong,1,97,96.2,-1.0174982672904418,-0.24357618206357573,false
wrong,1,97,96.3,-1.0132172105756911,-0.2446807669068263,false
wrong,1,97,96.4,-1.008794964915704,-0.24573736262691956,false
wrong,1,97,96.5,-1.0042316870891113,-0.2467450278521638,false
wrong,1,97,96.6,-0.9995272990548966,-0.24770282848137096,false
wrong,1,97,96.7,-0.9946814773026412,-0.24860983542974688,false
wrong,1,97,96.8,-0.9896936415079396,-0.24946512229059906,false
wrong,1,97,96.9,-0.984562942365253,-0.2502677629065301,false
wrong,1,97,97.0,-0.9792882484623305,-0.25101682884262394,false
wrong,1,98,97.0,-0.7740831022381067,-0.2779771677896563,true
wrong,1,98,97.1,-0.7595104612286974,-0.27655137399282914,false
wrong,1,98,97.2,-0.7443722981384601,-0.2749998985593428,false
wrong,1,98,97.3,-0.7286214346489666,-0.27331826663407655,false
wrong,1,98,97.4,-0.7122055220895003,-0.2715015804782336,false
wrong,1,98,97.5,-0.6950663755034795,-0.2695444721909145,false
wrong,1,98,97.6,-0.6771392106067886,-0.2674410502382467,false
wrong,1,98,97.7,-0.6583517688319386,-0.26518483887892763,false
wrong,1,98,97.8,-0.6386233136130804,-0.2627687094367479,false
wrong,1,98,97.9,-0.6178634789349492,-0.26018480221420637,false
wrong,1,98,98.0,-0.595970949066125,-0.25742443766648415,false
wrong,1,99,98.0,-0.6712672073236214,-0.26842696921196313,true
wrong,1,99,98.1,-0.652016812104915,-0.26610760671843836,false
wrong,1,99,98.2,-0.6317877888413419,-0.26362437645706716,false
wrong,1,99,98.3,-0.6104850644321428,-0.26096908177207867,false
wrong,1,99,98.4,-0.5880019670143791,-0.2581326625748833,false
wrong,1,99,98.5,-0.5642186191052136,-0.2551050881495978,false
wrong,1,99,98.6,-0.5390001032943634,-0.25187523499088194,false
wrong,1,99,98.7,-0.5121943765965936,-0.24843074758802403,false
wrong,1,99,98.8,-0.4836299129059596,-0.24475787987822967,false
wrong,1,99,98.9,-0.45311306070833623,-0.2408413149515235,false
wrong,1,99,99.0,-0.4204251179437693,-0.23666396055063482,false
wrong,1,100,99.0,-0.6838078574737383,-0.21409578436478638,true
wrong,1,100,99.1,-0.6709003827555248,-0.21231861709797423,false
wrong,1,100,99.2,-0.6573902113234313,-0.21043343853389632,false
wrong,1,100,99.3,-0.6432287532041353,-0.2084352971368081,false
wrong,1,100,99.4,-0.6283620787265106,-0.2063188082758794,false
wrong,1,100,99.5,-0.6127302400353143,-0.2040781054114453,false
wrong,1,100,99.6,-0.5962664962678531,-0.20170678498802758,false
wrong,1,100,99.7,-0.5788964284213821,-0.1991978441343747,false
wrong,1,100,99.8,-0.5605369282750481,-0.19654361014166605,false
wrong,1,100,99.9,-0.5410950441193425,-0.19373566054775807,false
wrong,1,100,100.0,-0.5204666646652232,-0.19076473249925163,false
wrong,5,1,0.0,-1.8633893588791945,0.9432517283983279,true
wrong,5,1,0.1,-1.89544272864903,0.9255172164439067,false
wrong,5,1,0.2,-1.919496813123561,0.9076567969126949,false
wrong,5,1,0.30000000000000004,-1.936988286851434,0.8897380169353477,false
wrong,5,1,0.4,-1.94918887726972,0.8718154825522532,false
wrong,5,1,0.5,-1.9571798455489053,0.853932609597479,false
wrong,5,1,0.6000000000000001,-1.9618542591546815,0.8361234570382327,false
wrong,5,1,0.7000000000000001,-1.9639344061985005,0.8184144483974491,false
wrong,5,1,0.8,-1.9639956125867923,0.8008258862964533,false
wrong,5,1,0.9,-1.9624911341049855,0.7833732296583147,false
wrong,5,1,1.0,-1.959775276510412,0.7660681400569517,false
wrong,5,1,1.1,-1.9561234974424415,0.7489193218006227,false
wrong,5,1,1.2,-1.9517491775511477,0.7319331868765473,false
wrong,5,1,1.3,-1.9468172356185773,0.715114376017503,false
wrong,5,1,1.4,-1.9414549772669583,0.6984661641787124,false
wrong,5,1,1.5,-1.9357606283382112,0.6819907745693758,false
wrong,5,1,1.6,-1.9298099871333114,0.6656896211093192,false
wrong,5,1,1.7000000000000002,-1.9236615783388782,0.6495634952763167,false
wrong,5,1,1.8,-1.9173606296725456,0.6336127099649408,false
wrong,5,1,1.9,-1.9109421321222306,0.6178372102225882,false
wrong,5,1,2.0,-1.9044331914150363,0.6022366585153094,false
wrong,5,1,2.1,-1.8978548336658434,0.5868105004283968,false
wrong,5,1,2.2,-1.891223391856262,0.5715580153424239,false
wrong,5,1,2.3,-1.8845515709314031,0.5564783555689014,false
wrong,5,1,2.4,-1.8778492666802362,0.5415705766159331,false
wrong,5,1,2.5,-1.8711241960097587,0.5268336606296959,false
wrong,5,1,2.6,-1.8643823826912347,0.5122665345793043,false
wrong,5,1,2.7,-1.857628532273865,0.49786808438685204,false
wrong,5,1,2.8,-1.8508663219184265,0.4836371659248318,false
wrong,5,1,2.9,-1.8440986248383624,0.4695726135893934,false
wrong,5,1,3.0,-1.8373276844089828,0.45567324699444006,false
wrong,5,1,3.1,-1.8305552494768953,0.44193787620643316,false
wrong,5,1,3.2,-1.8237826797102692,0.42836530584389904,false
wrong,5,1,3.3,-1.8170110277763003,0.414954338292069,false
wrong,5,1,3.4,-1.810241103563019,0.40170377622656495,false
wrong,5,1,3.5,-1.8034735244625497,0.3886124245965506,false
wrong,5,1,3.6,-1.7967087548140253,0.3756790921842476,false
wrong,5,1,3.7,-1.7899471368997706,0.36290259283183474,false
wrong,5,1,3.8,-1.7831889153472393,0.3502817464067319,false
wrong,5,1,3.9,-1.7764342563729847,0.33781537956076385,false
wrong,5,1,4.0,-1.7696832629842463,0.3255023263266606,false
wrong,5,1,4.1,-1.7629359870062413,0.31334142858599134,false
wrong,5,1,4.2,-1.75619243861189,0.30133153643533805,false
wrong,5,1,4.3,-1.749452593882505,0.2894715084718233,false
wrong,5,1,4.4,-1.7427164008129874,0.2777602120146579,false
wrong,5,1,4.5,-1.735983784085676,0.26619652327588755,false
wrong,5,1,4.6,-1.7292546488674143,0.25477932749078347,false
wrong,5,1,4.7,-1.7225288838300918,0.2435075190161707,false
wrong,5,1,4.8,-1.7158063635524734,0.232380001403294,false
wrong,5,1,4.9,-1.7090869504279202,0.2213956874504856,false
wrong,5,1,5.0,-1.7023704961765271,0.21055349923984198,false
wrong,5,2,5.0,-1.6288245859175023,0.2992548548567516,true
wrong,5,2,5.1,-1.640597356370723,0.28849049997978476,false
wrong,5,2,5.2,-1.6498062996580563,0.2777091849327628,false
wrong,5,2,5.3,-1.6567699831150315,0.26693305466874295,false
wrong,5,2,5.4,-1.661781022569531,0.2561812878449493,false
wrong,5,2,5.5,-1.6651034967572242,0.24547037015355427,false
wrong,5,2,5.6,-1.6669724104423358,0.23481437941348665,false
wrong,5,2,5.7,-1.6675945649686292,0.22422526659098924,false
wrong,5,2,5.8,-1.667150319751029,0.21371312234577972,false
wrong,5,2,5.9,-1.6657958524227383,0.20328642293306928,false
wrong,5,2,6.0,-1.663665635054267,0.19295225241521688,false
wrong,5,2,6.1,-1.660874933553585,0.18271650032182385,false
wrong,5,2,6.2,-1.6575222066124309,0.17258403533866828,false
wrong,5,2,6.3,-1.6536913315766373,0.16255885648803609,false
wrong,5,2,6.4,-1.6494536206109527,0.15264422374261888,false
wrong,5,2,6.5,-1.6448696148327215,0.1428427702174145,false
wrong,5,2,6.6,-1.6399906596861689,0.13315659810411543,false
wrong,5,2,6.7,-1.634860274178452,0.12358736041973852,false
wrong,5,2,6.8,-1.6295153316183941,0.11413633048463943,false
wrong,5,2,6.9,-1.623987071625107,0.10480446085778852,false
wrong,5,2,7.0,-1.6183019634466185,0.09559243326097372,false
wrong,5,2,7.1,-1.6124824397792843,0.08650070083192966,false
wrong,5,2,7.2,-1.6065475188066614,0.07752952386708564,false
wrong,5,2,7.3,-1.6005133304126185,0.0686790000516648,false
wrong,5,2,7.4,-1.5943935606792714,0.05994909002976655,false
wrong,5,2,7.5,-1.5881998269846933,0.05133963903978122,false
wrong,5,2,7.6,-1.5819419943412065,0.04285039523007855,false
wrong,5,2,7.7,-1.575628442098614,0.034481025174952544,false
wrong,5,2,7.8,-1.5692662887906785,0.026231127029664042,false
wrong,5,2,7.9,-1.5628615817258702,0.018100241694434874,false
wrong,5,2,8.0,-1.5564194569050083,0.010087862298818204,false
wrong,5,2,8.1,-1.5499442739748022,0.002193442268528018,false
wrong,5,2,8.2,-1.5434397301816396,-0.005583597804765602,false
wrong,5,2,8.3,-1.536908956658364,-0.013243864305145198,false
wrong,5,2,8.4,-1.5303545998430645,-0.020787985589519123,false
wrong,5,2,8.5,-1.5237788903792104,-0.02821660770859865,false
wrong,5,2,8.6,-1.517183701468385,-0.03553039074103124,false
wrong,5,2,8.7,-1.5105705983294924,-0.04273000564732494,false
wrong,5,2,8.8,-1.5039408801522163,-0.049816131564785884,false
wrong,5,2,8.9,-1.4972956157095374,-0.05678945347693625,false
wrong,5,2,9.0,-1.4906356736073796,-0.06365066020116247,false
wrong,5,2,9.1,-1.4839617479930944,-0.0704004426469825,false
wrong,5,2,9.2,-1.4772743804135247,-0.0770394923045834,false
wrong,5,2,9.3,-1.470573978403701,-0.08356849992938978,false
wrong,5,2,9.4,-1.463860831295288,-0.08998815439356625,false
wrong,5,2,9.5,-1.4571351236568066,-0.09629914167969018,false
wrong,5,2,9.6,-1.450396946712977,-0.1025021439954833,false
wrong,5,2,9.7,-1.443646308036196,-0.10859783899157326,false
wrong,5,2,9.8,-1.4368831397574977,-0.11458689906685875,false
wrong,5,2,9.9,-1.4301073055059135,-0.12046999074825014,false
wrong,5,2,10.0,-1.4233186062527776,-0.1262477741334178,false
wrong,5,3,10.0,-1.2920992226910661,-0.08890094643767085,true
wrong,5,3,10.1,-1.2973279644136804,-0.09370091640289281,false
wrong,5,3,10.2,-1.3018261746965312,-0.09851024011879687,false
wrong,5,3,10.3,-1.305625643881314,-0.10332229769888898,false
wrong,5,3,10.4,-1.3087591388850894,-0.1081308140923126,false
wrong,5,3,10.5,-1.3112598968315852,-0.11292986312981282,false
wrong,5,3,10.6,-1.3131611882166474,-0.11771386721819428,false
wrong,5,3,10.7,-1.3144959477706564,-0.12247759334570432,false
wrong,5,3,10.8,-1.3152964693968254,-0.12721614603044748,false
wrong,5,3,10.9,-1.315594160326739,-0.13192495780004082,false
wrong,5,3,11.0,-1.3154193488686836,-0.13659977773802745,false
wrong,5,3,11.1,-1.3148011397481723,-0.1412366585750918,false
wrong,5,3,11.2,-1.3137673109717618,-0.14583194274409328,false
wrong,5,3,11.3,-1.3123442463087194,-0.15038224775983378,false
wrong,5,3,11.4,-1.3105568978130693,-0.1548844512290994,false
wrong,5,3,11.5,-1.3084287732442637,-0.1593356757450886,false
wrong,5,3,11.6,-1.3059819437420486,-0.16373327387359451,false
wrong,5,3,11.7,-1.3032370676340865,-0.168074813396609,false
wrong,5,3,11.8,-1.3002134267766554,-0.17235806294242653,false
wrong,5,3,11.9,-1.2969289723301454,-0.17658097809970508,false
wrong,5,3,12.0,-1.2934003773394043,-0.18074168808600655,false
wrong,5,3,12.1,-1.2896430939165822,-0.1848384830187089,false
wrong,5,3,12.2,-1.2856714132072553,-0.18886980181743723,false
wrong,5,3,12.3,-1.2814985266583865,-0.19283422075185674,false
wrong,5,3,12.4,-1.277136587400268,-0.19673044263636869,false
wrong,5,3,12.5,-1.2725967708064925,-0.20055728666353898,false
wrong,5,3,12.6,-1.267889333509544,-0.20431367886057644,false
wrong,5,3,12.7,-1.2630236703285522,-0.20799864314751784,false
wrong,5,3,12.8,-1.2580083687140016,-0.21161129297165374,false
wrong,5,3,12.9,-1.2528512604355806,-0.21515082348986966,false
wrong,5,3,13.0,-1.247559470337511,-0.2186165042687417,false
wrong,5,3,13.1,-1.242139462063989,-0.2220076724712101,false
wrong,5,3,13.2,-1.2365970807188331,-0.22532372649828367,false
wrong,5,3,13.3,-1.230937592470765,-0.22856412005435858,false
wrong,5,3,13.4,-1.225165721151311,-0.23172835660523933,false
wrong,5,3,13.5,-1.219285681918172,-0.23481598419873484,false
wrong,5,3,13.6,-1.2133012120748023,-0.237826590618677,false
wrong,5,3,13.7,-1.2072155991483549,-0.24075979884431226,false
wrong,5,3,13.8,-1.2010317063343598,-0.24361526278819093,false
wrong,5,3,13.9,-1.194751995418511,-0.2463926632868809,false
wrong,5,3,14.0,-1.1883785472846258,-0.24909170432002925,false
wrong,5,3,14.1,-1.181913080113901,-0.2517121094344577,false
wrong,5,3,14.2,-1.175356965374574,-0.25425361835108634,false
wrong,5,3,14.3,-1.1687112416934595,-0.2567159837335175,false
wrong,5,3,14.4,-1.1619766266919236,-0.25909896809806515,false
wrong,5,3,14.5,-1.15515352685892,-0.2614023408458753,false
wrong,5,3,14.6,-1.148242045522973,-0.26362587539854193,false
wrong,5,3,14.7,-1.1412419889735455,-0.2657693464192742,false
wrong,5,3,14.8,-1.1341528707701771,-0.26783252710221056,false
wrong,5,3,14.9,-1.1269739142651518,-0.2698151865128963,false
wrong,5,3,15.0,-1.11970405335224,-0.27171708696324215,false
wrong,5,4,15.0,-0.9992594354586194,-0.22520959230785323,true
wrong,5,4,15.1,-0.9966635274632547,-0.2262894055189524,false
wrong,5,4,15.2,-0.9939330011574138,-0.22733688766290885,false
wrong,5,4,15.3,-0.9910683460380039,-0.22835104419482447,false
wrong,5,4,15.4,-0.9880699579476281,-0.22933089192736097,false
wrong,5,4,15.5,-0.984938129246186,-0.2302754580439276,false
wrong,5,4,15.6,-0.981673038918273,-0.23118377902876167,false
wrong,5,4,15.7,-0.978274742560858,-0.23205489951367192,false
wrong,5,4,15.8,-0.9747431621909555,-0.23288787104068542,false
wrong,5,4,15.9,-0.9710780758080125,-0.23368175073926895,false
wrong,5,4,16.0,-0.9672791066404186,-0.2344355999161834,false
wrong,5,4,16.1,-0.9633457119998253,-0.23514848255537074,false
wrong,5,4,16.2,-0.9592771716607341,-0.2358194637245646,false
wrong,5,4,16.3,-0.9550725756759677,-0.23644760788455232,false
wrong,5,4,16.4,-0.9507308115310587,-0.23703197709619253,false
wrong,5,4,16.5,-0.9462505505321405,-0.23757162911940174,false
wrong,5,4,16.6,-0.9416302333124622,-0.23806561539735638,false
wrong,5,4,16.7,-0.9368680543319994,-0.2385129789181061,false
wrong,5,4,16.8,-0.9319619452326204,-0.23891275194464617,false
wrong,5,4,16.9,-0.9269095568976747,-0.23926395360324074,false
wrong,5,4,17.0,-0.9217082400494585,-0.23956558731840952,false
wrong,5,4,17.1,-0.9163550242005145,-0.23981663808146944,false
wrong,5,4,17.2,-0.9108465947548195,-0.24001606953784335,false
wrong,5,4,17.3,-0.9051792680322502,-0.2401628208764846,false
wrong,5,4,17.4,-0.8993489639638819,-0.2402558035026957,false
wrong,5,4,17.5,-0.8933511761761861,-0.24029389747330993,false
wrong,5,4,17.6,-0.8871809391485068,-0.24027594767062374,false
wrong,5,4,17.7,-0.8808327920896615,-0.2402007596885753,false
wrong,5,4,17.8,-0.8743007391353991,-0.24006709540141402,false
wrong,5,4,17.9,-0.8675782054178859,-0.23987366818144773,false
wrong,5,4,18.0,-0.8606579885003659,-0.2396191377283242,false
wrong,5,4,18.1,-0.8535322046034995,-0.2393021044676347,false
wrong,5,4,18.2,-0.8461922289732295,-0.23892110347133677,false
wrong,5,4,18.3,-0.8386286296517749,-0.23847459784648598,false
wrong,5,4,18.4,-0.8308310938116236,-0.23796097153193588,false
wrong,5,4,18.5,-0.8227883456949994,-0.23737852143488045,false
wrong,5,4,18.6,-0.8144880550656539,-0.23672544883022897,false
wrong,5,4,18.7,-0.80591673492298,-0.23599984993564557,false
wrong,5,4,18.8,-0.7970596270468533,-0.2351997055634541,false
wrong,5,4,18.9,-0.7879005737311956,-0.23432286973726962,false
wrong,5,4,19.0,-0.7784218738202399,-0.23336705714589687,false
wrong,5,4,19.1,-0.7686041208783193,-0.2323298292894157,false
wrong,5,4,19.2,-0.758426020995268,-0.2312085791520839,false
wrong,5,4,19.3,-0.7478641873477995,-0.23000051421329515,false
wrong,5,4,19.4,-0.7368929081940189,-0.22870263758083603,false
wrong,5,4,19.5,-0.72548388446389,-0.22731172699950788,false
wrong,5,4,19.6,-0.7136059325121918,-0.22582431145214887,false
wrong,5,4,19.7,-0.7012246469103659,-0.2242366450284376,false
wrong,5,4,19.8,-0.6883020173568722,-0.22254467768870667,false
wrong,5,4,19.9,-0.6747959928690805,-0.22074402249435077,false
wrong,5,4,20.0,-0.6606599853706063,-0.2188299188121779,false
wrong,5,5,20.0,-0.6431483126570812,-0.2665967412024393,true
wrong,5,5,20.1,-0.6222924535703207,-0.2640257972558864,false
wrong,5,5,20.2,-0.6003070311999987,-0.2612774350799405,false
wrong,5,5,20.3,-0.5770783153110014,-0.25834209011252107,false
wrong,5,5,20.4,-0.5524783875433077,-0.2552091617565254,false
wrong,5,5,20.5,-0.5263631691654292,-0.25186688206894386,false
wrong,5,5,20.6,-0.4985701846627998,-0.2483021661385177,false
wrong,5,5,20.7,-0.46891604387494784,-0.2445004417795694,false
wrong,5,5,20.8,-0.43719363648552023,-0.24044545607405796,false
wrong,5,5,20.9,-0.40316905274175185,-0.23611905633885097,false
wrong,5,5,21.0,-0.36657827826284506,-0.23150094338309637,false
wrong,5,5,21.1,-0.32712376592305054,-0.22656839560827194,false
wrong,5,5,21.2,-0.28447107446514985,-0.22129596382679873,false
wrong,5,5,21.3,-0.23824589625651493,-0.21565513898170327,false
wrong,5,5,21.4,-0.18803199497280473,-0.20961399874052944,false
wrong,5,5,21.5,-0.13337086258876862,-0.20313684491147854,false
wrong,5,5,21.6,-0.07376431152682933,-0.19618385272581074,false
wrong,5,5,21.7,-0.00868176606850285,-0.18871076642249246,false
wrong,5,5,21.8,0.062425288948755486,-0.1806686945697975,false
wrong,5,5,21.9,0.14009845373373775,-0.17200408429119096,false
wrong,5,5,22.0,0.2248331791303418,-0.16265898624097108,false
wrong,5,5,22.1,0.31702087857105354,-0.15257175968927442,false
wrong,5,5,22.2,0.4168689081357209,-0.14167840268408957,false
wrong,5,5,22.3,0.5242978528649572,-0.12991471148748948,false
wrong,5,5,22.4,0.6388218129981231,-0.11721945140837878,false
wrong,5,5,22.5,0.7594277287266477,-0.10353862324860105,false
wrong,5,5,22.6,0.8844831227336355,-0.08883070183859643,false
wrong,5,5,22.7,1.0117132696664048,-0.07307239718280174,false
wrong,5,5,22.8,1.1382898248160223,-0.05626409926853697,false
wrong,5,5,22.9,1.2610536240651267,-0.03843385896882828,false
wrong,5,5,23.0,1.3768525857667793,-0.019638735054306914,false
wrong,5,5,23.1,1.48292546103742,3.724583021441283e-5,false
wrong,5,5,23.2,1.5772314531624931,0.020488461935257007,false
wrong,5,5,23.3,1.6586375997250626,0.04159545004154644,false
wrong,5,5,23.4,1.726927647083854,0.06323350336919667,false
wrong,5,5,23.5,1.7826587397557208,0.0852805491040513,false
wrong,5,5,23.6,1.8269326456376511,0.10762320470237008,false
wrong,5,5,23.7,1.8611531973501159,0.13016058044112933,false
wrong,5,5,23.8,1.886820673016089,0.1528059725294002,false
wrong,5,5,23.9,1.9053854089601345,0.17548692376553493,false
wrong,5,5,24.0,1.9181606028785037,0.1981442195431165,false
wrong,5,5,24.1,1.9262824406186996,0.2207303203316849,false
wrong,5,5,24.2,1.9307025274828091,0.24320759963571462,false
wrong,5,5,24.3,1.9321993498948256,0.2655466217068059,false
wrong,5,5,24.4,1.9313989964864533,0.2877245854955589,false
wrong,5,5,24.5,1.928798828871549,0.3097239871461504,false
wrong,5,5,24.6,1.9247904937152158,0.3315315081882264,false
wrong,5,5,24.7,1.9196805059257407,0.35313711250676444,false
wrong,5,5,24.8,1.9137077602264427,0.3745333247050323,false
wrong,5,5,24.9,1.9070579538301087,0.3957146599627505,false
wrong,5,5,25.0,1.899875207878449,0.41667717713910235,false
wrong,5,6,25.0,1.8148749530157198,0.43863009130384323,true
wrong,5,6,25.1,1.821467797597209,0.45849830320513435,false
wrong,5,6,25.2,1.8250766124519529,0.47826710735436095,false
wrong,5,6,25.3,1.8262459925517975,0.49791245276868884,false
wrong,5,6,25.4,1.8254294093707426,0.5174150308271185,false
wrong,5,6,25.5,1.8230001727874074,0.5367594544695238,false
wrong,5,6,25.6,1.8192630002859724,0.555933547807684,false
wrong,5,6,25.7,1.8144650685936685,0.57492774523363,false
wrong,5,6,25.8,1.8088059733487474,0.5937345915061084,false
wrong,5,6,25.9,1.802446373487363,0.6123483308349409,false
wrong,5,6,26.0,1.7955153042072312,0.6307645720648645,false
wrong,5,6,26.1,1.7881162530737529,0.6489800175734379,false
wrong,5,6,26.2,1.7803321438227913,0.6669922447201305,false
wrong,5,6,26.3,1.7722293865158911,0.6847995301754737,false
wrong,5,6,26.4,1.7638611471713217,0.7024007089693944,false
wrong,5,6,26.5,1.7552699749336518,0.7197950614966854,false
wrong,5,6,26.6,1.7464899062226371,0.7369822229483819,false
wrong,5,6,26.7,1.737548146429613,0.7539621106859767,false
wrong,5,6,26.8,1.728466412282162,0.7707348659485836,false
wrong,5,6,26.9,1.7192620026876442,0.7873008069995316,false
wrong,5,6,27.0,1.7099486528654622,0.8036603914002509,false
wrong,5,6,27.1,1.7005372157780532,0.819814185567508,false
wrong,5,6,27.2,1.6910362060342645,0.8357628401450299,false
wrong,5,6,27.3,1.6814522342861355,0.8515070700197431,false
wrong,5,6,27.4,1.671790354394342,0.8670476380509348,false
wrong,5,6,27.5,1.662054341046768,0.8823853417697968,false
wrong,5,6,27.6,1.652246911860431,0.8975210024569519,false
wrong,5,6,27.7,1.6423699050954734,0.9124554561246785,false
wrong,5,6,27.8,1.6324244218096808,0.9271895460250681,false
wrong,5,6,27.9,1.6224109394597723,0.9417241163803645,false
wrong,5,6,28.0,1.6123294025124486,0.9560600070913017,false
wrong,5,6,28.1,1.6021792944846727,0.9701980492265908,false
wrong,5,6,28.2,1.5919596949258807,0.9841390611343375,false
wrong,5,6,28.3,1.581669324134944,0.9978838450461072,false
wrong,5,6,28.4,1.5713065778322277,1.0114331840681785,false
wrong,5,6,28.5,1.5608695535509296,1.0247878394734762,false
wrong,5,6,28.6,1.550356070147446,1.037948548222748,false
wrong,5,6,28.7,1.539763681538446,1.0509160206555133,false
wrong,5,6,28.8,1.5290896855373282,1.063690938300785,false
wrong,5,6,28.9,1.518331128472711,1.0762739517650304,false
wrong,5,6,29.0,1.5074848061169903,1.088665678660668,false
wrong,5,6,29.1,1.4965472613261863,1.1008667015429139,false
wrong,5,6,29.2,1.4855147786872354,1.1128775658261978,false
wrong,5,6,29.3,1.4743833763807226,1.124698777653891,false
wrong,5,6,29.4,1.4631487953918738,1.1363308016968223,false
wrong,5,6,29.5,1.4518064861372644,1.1477740588571552,false
wrong,5,6,29.6,1.4403515925165207,1.1590289238547196,false
wrong,5,6,29.7,1.4287789333451382,1.170095722672891,false
wrong,5,6,29.8,1.4170829810744936,1.1809747298406506,false
wrong,5,6,29.9,1.4052578376566098,1.191666165526545,false
wrong,5,6,30.0,1.3932972073627337,1.2021701924189117,false
wrong,5,7,30.0,1.3893349327888949,1.0892822957322503,true
wrong,5,7,30.1,1.388358028137508,1.1004422415497361,false
wrong,5,7,30.2,1.3863788477119805,1.1115067348994458,false
wrong,5,7,30.3,1.3834767817249383,1.122467657843666,false
wrong,5,7,30.4,1.379724769973283,1.1333176501245235,false
wrong,5,7,30.5,1.37518932430717,1.1440500444719217,false
wrong,5,7,30.6,1.3699306779452407,1.1546588032056297,false
wrong,5,7,30.7,1.3640030237465322,1.1651384571052983,false
wrong,5,7,30.8,1.3574548105842283,1.17548404720044,false
wrong,5,7,30.9,1.350329073321521,1.1856910698745664,false
wrong,5,7,31.0,1.342663777410385,1.195755425476209,false
wrong,5,7,31.1,1.3344921637807332,1.2056733704761597,false
wrong,5,7,31.2,1.3258430834943549,1.2154414730966827,false
wrong,5,7,31.3,1.316741314681312,1.225056572257031,false
wrong,5,7,31.4,1.3072078566518173,1.2345157396235282,false
wrong,5,7,31.5,1.297260197884646,1.2438162445159084,false
wrong,5,7,31.6,1.286912555930224,1.2529555213996493,false
wrong,5,7,31.7,1.2761760882197353,1.2619311396826716,false
wrong,5,7,31.8,1.2650590734162983,1.270740775530763,false
wrong,5,7,31.9,1.2535670633436042,1.2793821854168423,false
wrong,5,7,32.0,1.2417030057328344,1.2878531811226708,false
wrong,5,7,32.1,1.2294673380807752,1.296151605916224,false
wrong,5,7,32.2,1.216858052842034,1.3042753116324217,false
wrong,5,7,32.3,1.2038707340090407,1.3122221363882431,false
wrong,5,7,32.4,1.1904985648809727,1.319989882664615,false
wrong,5,7,32.5,1.1767323064966557,1.3275762954861658,false
wrong,5,7,32.6,1.1625602458113906,1.334979040425331,false
wrong,5,7,32.7,1.1479681122333825,1.342195681148793,false
wrong,5,7,32.8,1.132938960597524,1.3492236562112097,false
wrong,5,7,32.9,1.1174530180341777,1.3560602547829508,false
wrong,5,7,33.0,1.1014874914756576,1.3627025909743486,false
wrong,5,7,33.1,1.0850163317164592,1.3691475763878935,false
wrong,5,7,33.2,1.068009948983521,1.3753918904907734,false
wrong,5,7,33.3,1.0504348738535296,1.3814319483519146,false
wrong,5,7,33.4,1.0322533560435847,1.3872638652286768,false
wrong,5,7,33.5,1.0134228920614776,1.3928834174167495,false
wrong,5,7,33.6,0.9938956708877961,1.398285998690379,false
wrong,5,7,33.7,0.9736179247226763,1.4034665715561925,false
wrong,5,7,33.8,0.9525291693072893,1.4084196124194603,false
wrong,5,7,33.9,0.9305613153608557,1.413139049613006,false
wrong,5,7,34.0,0.9076376291928873,1.4176181930619067,false
wrong,5,7,34.1,0.8836715164965859,1.421849654146874,false
wrong,5,7,34.2,0.8585650986582966,1.425825254080521,false
wrong,5,7,34.3,0.8322075456221593,1.429535918818168,false
wrong,5,7,34.4,0.8044731234939474,1.4329715581832225,false
wrong,5,7,34.5,0.7752189088510344,1.4361209264925212,false
wrong,5,7,34.6,0.7442821155740994,1.438971461518118,false
wrong,5,7,34.7,0.7114769747472371,1.4415090981232417,false
wrong,5,7,34.8,0.6765911052480857,1.4437180523760498,false
wrong,5,7,34.9,0.6393813145820533,1.4455805714076453,false
wrong,5,7,35.0,0.5995687805112759,1.4470766438028422,false
wrong,5,8,35.0,0.6474564028430315,1.3544978114305821,true
wrong,5,8,35.1,0.6175565612192248,1.356780828132503,false
wrong,5,8,35.2,0.5854054157786537,1.3587628757356007,false
wrong,5,8,35.3,0.5507621187549194,1.360424445323125,false
wrong,5,8,35.4,0.5133504262390493,1.3617438046147776,false
wrong,5,8,35.5,0.4728536523881777,1.3626966670345315,false
wrong,5,8,35.6,0.42890920333588073,1.3632558149223153,false
wrong,5,8,35.7,0.3811028967521066,1.3633906742026791,false
wrong,5,8,35.8,0.32896346883295746,1.363066840557733,false
wrong,5,8,35.9,0.2719579828109742,1.3622455621596394,false
wrong,5,8,36.0,0.20948933631664293,1.3608831925887368,false
wrong,5,8,36.1,0.1408977878045089,1.3589306415438724,false
wrong,5,8,36.2,0.0654694579717959,1.356332872838815,false
wrong,5,8,36.3,-0.017543843024813988,1.3530285320358526,false
wrong,5,8,36.4,-0.10888741302493563,1.348949832974667,false
wrong,5,8,36.5,-0.20924133496410802,1.3440228949581394,false
wrong,5,8,36.6,-0.3191244087448096,1.338168797092983,false
wrong,5,8,36.7,-0.4387572959112198,1.3313056888858859,false
wrong,5,8,36.8,-0.567884557582313,1.3233523325718095,false
wrong,5,8,36.9,-0.7055703096150774,1.3142333912028525,false
wrong,5,8,37.0,-0.8500070185023375,1.3038865323240687,false
wrong,5,8,37.1,-0.998406558370661,1.292270917682029,false
wrong,5,8,37.2,-1.1470606600345183,1.2793759182239333,false
wrong,5,8,37.3,-1.2916384092724857,1.2652281543629975,false
wrong,5,8,37.4,-1.4277140378085234,1.2498946553294643,false
wrong,5,8,37.5,-1.5514088086661286,1.2334805049883155,false
wrong,5,8,37.6,-1.6599513058292932,1.2161208363602518,false
wrong,5,8,37.7,-1.7519767345944999,1.197968842895313,false
wrong,5,8,37.8,-1.8274984218200119,1.1791826424989518,false
wrong,5,8,37.9,-1.8876192707742225,1.1599137848384111,false
wrong,5,8,38.0,-1.9341256238361153,1.1402991433461185,false
wrong,5,8,38.1,-1.9690978287677694,1.1204565969505937,false
wrong,5,8,38.2,-1.9946152846742737,1.100483914304121,false
wrong,5,8,38.3,-2.0125749746063732,1.0804598259314317,false
wrong,5,8,38.4,-2.024606100644403,1.0604462899903617,false
wrong,5,8,38.5,-2.032050764897016,1.0404911972943107,false
wrong,5,8,38.6,-2.0359826080390895,1.0206310405426966,false
wrong,5,8,38.7,-2.0372428713857436,1.0008933006555671,false
wrong,5,8,38.8,-2.0364811291601903,0.9812984564589345,false
wrong,5,8,38.9,-2.0341938701677362,0.9618616126666524,false
wrong,5,8,39.0,-2.030757946093542,0.9425937845803362,false
wrong,5,8,39.1,-2.026458095607245,0.9235028938921592,false
wrong,5,8,39.2,-2.0215088547498112,0.9045945311298849,false
wrong,5,8,39.3,-2.0160716203970575,0.8858725345774874,false
wrong,5,8,39.4,-2.0102677444898767,0.867339427420849,false
wrong,5,8,39.5,-2.0041884829272543,0.8489967466848778,false
wrong,5,8,39.6,-1.9979025047894508,0.83084529024817,false
wrong,5,8,39.7,-1.991461536016603,0.8128853021653962,false
wrong,5,8,39.8,-1.984904590099796,0.7951166116868184,false
wrong,5,8,39.9,-1.97826113529166,0.7775387375914232,false
wrong,5,8,40.0,-1.971553464625444,0.7601509665578792,false
wrong,5,9,40.0,-1.9877320457334957,0.8430275535219565,true
wrong,5,9,40.1,-1.9846670632172403,0.825055293538163,false
wrong,5,9,40.2,-1.980711189924907,0.807247188296844,false
wrong,5,9,40.3,-1.9760739723993281,0.7896091959937642,false
wrong,5,9,40.4,-1.9709158116126881,0.7721455457284397,false
wrong,5,9,40.5,-1.9653593765228197,0.7548591461240176,false
wrong,5,9,40.6,-1.9594984627740561,0.737751898476684,false
wrong,5,9,40.7,-1.9534048148872354,0.7208249361207395,false
wrong,5,9,40.8,-1.947133352559835,0.7040788071329077,false
wrong,5,9,40.9,-1.9407261608005737,0.6875136137091175,false
wrong,5,9,41.0,-1.9342155300825608,0.6711291184970908,false
wrong,5,9,41.1,-1.9276262703120353,0.6549248257647013,false
wrong,5,9,41.2,-1.920977471596653,0.6389000434166242,false
wrong,5,9,41.3,-1.9142838444674506,0.6230539304345808,false
wrong,5,9,41.4,-1.9075567407422307,0.607385533217505,false
wrong,5,9,41.5,-1.9008049319493412,0.5918938134612135,false
wrong,5,9,41.6,-1.8940352036596089,0.5765776695818009,false
wrong,5,9,41.7,-1.8872528099377248,0.5614359532052902,false
wrong,5,9,41.8,-1.880461821400658,0.5464674818811326,false
wrong,5,9,41.9,-1.8736653922529969,0.5316710489006848,false
wrong,5,9,42.0,-1.866865965531111,0.5170454308922618,false
wrong,5,9,42.1,-1.860065431148787,0.5025893937054321,false
wrong,5,9,42.2,-1.853265247829972,0.4883016969765453,false
wrong,5,9,42.3,-1.8464665373616513,0.47418109767573013,false
wrong,5,9,42.4,-1.8396701575917462,0.4602263528657398,false
wrong,5,9,42.5,-1.83287675907491,0.4464362218497468,false
wrong,5,9,42.6,-1.8260868291140524,0.432809467844491,false
wrong,5,9,42.7,-1.8193007260675527,0.419344859284044,false
wrong,5,9,42.8,-1.8125187061238681,0.4060411708355785,false
wrong,5,9,42.9,-1.805740944235719,0.3928971841901959,false
wrong,5,9,43.0,-1.7989675505168528,0.3799116886777594,false
wrong,5,9,43.1,-1.7921985831066112,0.3670834817438019,false
wrong,5,9,43.2,-1.7854340582792743,0.3544113693181811,false
wrong,5,9,43.3,-1.7786739583998594,0.34189416609865136,false
wrong,5,9,43.4,-1.7719182381932124,0.3295306957674844,false
wrong,5,9,43.5,-1.7651668296892682,0.31731979115535647,false
wrong,5,9,43.6,-1.7584196461270938,0.30526029436367175,false
wrong,5,9,43.7,-1.7516765850382237,0.2933510568541177,false
wrong,5,9,43.8,-1.7449375306816612,0.28159093951239283,false
wrong,5,9,43.9,-1.738202355965526,0.26997881269159313,false
wrong,5,9,44.0,-1.7314709239612516,0.25851355623960803,false
wrong,5,9,44.1,-1.7247430890935564,0.24719405951397955,false
wrong,5,9,44.2,-1.7180186980717067,0.23601922138697637,false
wrong,5,9,44.3,-1.711297590613731,0.22498795024307972,false
wrong,5,9,44.4,-1.7045796000043851,0.2140991639706398,false
wrong,5,9,44.5,-1.6978645535191346,0.20335178994911562,false
wrong,5,9,44.6,-1.6911522727397068,0.19274476503303703,false
wrong,5,9,44.7,-1.6844425737814699,0.18227703553361008,false
wrong,5,9,44.8,-1.6777352674487165,0.1719475571987151,false
wrong,5,9,44.9,-1.6710301593306096,0.16175529519190876,false
wrong,5,9,45.0,-1.6643270498479361,0.15169922407093345,false
wrong,5,10,45.0,-1.703618853389809,0.23555331334618995,true
wrong,5,10,45.1,-1.6990212759013987,0.22464743494905087,false
wrong,5,10,45.2,-1.694100443128724,0.21386519850950175,false
wrong,5,10,45.3,-1.6889085809467428,0.20320841353764071,false
wrong,5,10,45.4,-1.6834892763441278,0.19267843838987422,false
wrong,5,10,45.5,-1.6778789066867705,0.18227625601569758,false
wrong,5,10,45.6,-1.6721078391692379,0.17200253712926677,false
wrong,5,10,45.7,-1.666201433830736,0.1618576928489433,false
wrong,5,10,45.8,-1.6601808801120959,0.15184191854230714,false
wrong,5,10,45.9,-1.6540638932752794,0.1419552303433493,false
wrong,5,10,46.0,-1.6478652934257887,0.13219749557310514,false
wrong,5,10,46.1,-1.6415974865514578,0.1225684580930209,false
wrong,5,10,46.2,-1.6352708640038622,0.11306775944883374,false
wrong,5,10,46.3,-1.6288941342280017,0.10369495651819434,false
wrong,5,10,46.4,-1.622474598284793,0.09444953625412783,false
wrong,5,10,46.5,-1.6160183787834683,0.08533092801535384,false
wrong,5,10,46.6,-1.6095306102127471,0.07633851389041937,false
wrong,5,10,46.7,-1.6030155972935018,0.0674716373528412,false
wrong,5,10,46.8,-1.5964769468352495,0.05872961052666849,false
wrong,5,10,46.9,-1.589917677630526,0.050111720294061274,false
wrong,5,10,47.0,-1.583340312134933,0.041617233436943055,false
wrong,5,10,47.1,-1.576746953030094,0.03324540097210405,false
wrong,5,10,47.2,-1.5701393472292549,0.02499546181211812,false
wrong,5,10,47.3,-1.5635189394416478,0.016866645862103062,false
wrong,5,10,47.4,-1.556886917045781,0.008858176643883985,false
wrong,5,10,47.5,-1.550244247720028,0.0009692735238342309,false
wrong,5,10,47.6,-1.543591711030003,-0.00680084639198791,false
wrong,5,10,47.7,-1.536929924966899,-0.014452966642277632,false
wrong,5,10,47.8,-1.530259368261533,-0.021987870030068496,false
wrong,5,10,47.9,-1.5235803991589385,-0.029406337440257953,false
wrong,5,10,48.0,-1.5168932712227328,-0.03670914682387077,false
wrong,5,10,48.1,-1.5101981466428798,-0.043897072322851505,false
wrong,5,10,48.2,-1.5034951074413152,-0.050970883513336195,false
wrong,5,10,48.3,-1.496784164904326,-0.05793134474882043,false
wrong,5,10,48.4,-1.490065267516166,-0.06477921458753462,false
wrong,5,10,48.5,-1.4833383076232065,-0.07151524529075455,false
wrong,5,10,48.6,-1.4766031270203535,-0.07814018238079681,false
wrong,5,10,48.7,-1.469859521620173,-0.08465476424914063,false
wrong,5,10,48.8,-1.4631072453390843,-0.0910597218065353,false
wrong,5,10,48.9,-1.4563460133132013,-0.09735577816814014,false
wrong,5,10,49.0,-1.4495755045381833,-0.103543648367742,false
wrong,5,10,49.1,-1.4427953640121978,-0.10962403909592999,false
wrong,5,10,49.2,-1.4360052044482858,-0.11559764845781137,false
wrong,5,10,49.3,-1.4292046076116538,-0.12146516574643997,false
wrong,5,10,49.4,-1.4223931253283346,-0.12722727122862362,false
wrong,5,10,49.5,-1.4155702802039862,-0.1328846359401908,false
wrong,5,10,49.6,-1.4087355660851035,-0.13843792148814288,false
wrong,5,10,49.7,-1.401888448289387,-0.143887779857407,false
wrong,5,10,49.8,-1.395028363627301,-0.14923485322014404,false
wrong,5,10,49.9,-1.3881547202328117,-0.15447977374576483,false
wrong,5,10,50.0,-1.381266897217815,-0.15962316340996893,false
wrong,5,11,50.0,-1.3869063110229458,-0.06364603188435047,true
wrong,5,11,50.1,-1.3888333332113922,-0.06948505237177013,false
wrong,5,11,50.2,-1.3900620904969956,-0.07529567387047502,false
wrong,5,11,50.3,-1.390644865690322,-0.08107194609978874,false
wrong,5,11,50.4,-1.3906311959645348,-0.08680842920830015,false
wrong,5,11,50.5,-1.3900677127237488,-0.09250016405772622,false
wrong,5,11,50.6,-1.3889980657791259,-0.09814264165724346,false
wrong,5,11,50.7,-1.3874629150590196,-0.10373177244893386,false
wrong,5,11,50.8,-1.385499975004956,-0.10926385599480937,false
wrong,5,11,50.9,-1.383144098819238,-0.11473555148496963,false
wrong,5,11,51.0,-1.3804273917040062,-0.12014384937485682,false
wrong,5,11,51.1,-1.3773793440813054,-0.12548604436637234,false
wrong,5,11,51.2,-1.3740269774594882,-0.13075970987128777,false
wrong,5,11,51.3,-1.3703949970893214,-0.13596267403407453,false
wrong,5,11,51.4,-1.3665059468281269,-0.14109299734303085,false
wrong,5,11,51.5,-1.3623803627091027,-0.14614895182147328,false
wrong,5,11,51.6,-1.3580369226102256,-0.15112900176296018,false
wrong,5,11,51.7,-1.3534925901514687,-0.1560317859543826,false
wrong,5,11,51.8,-1.3487627515408098,-0.1608561013168339,false
wrong,5,11,51.9,-1.343861344558902,-0.1656008878851939,false
wrong,5,11,52.0,-1.3388009792385107,-0.1702652150422711,false
wrong,5,11,52.1,-1.3335930500753395,-0.17484826892123992,false
wrong,5,11,52.2,-1.3282478398171658,-0.17934934089025928,false
wrong,5,11,52.3,-1.3227746150316917,-0.18376781703496245,false
wrong,5,11,52.4,-1.317181713761618,-0.18810316855749112,false
wrong,5,11,52.5,-1.3114766256477663,-0.192354943014526,false
wrong,5,11,52.6,-1.305666064945528,-0.19652275632104838,false
wrong,5,11,52.7,-1.2997560368830128,-0.20060628545112338,false
wrong,5,11,52.8,-1.2937518978162634,-0.20460526177165086,false
wrong,5,11,52.9,-1.2876584096319972,-0.20851946494965962,false
wrong,5,11,53.0,-1.2814797888348601,-0.21234871737822886,false
wrong,5,11,53.1,-1.2752197507367677,-0.21609287907044344,false
wrong,5,11,53.2,-1.2688815491425531,-0.21975184297488332,false
wrong,5,11,53.3,-1.2624680119004226,-0.22332553066998562,false
wrong,5,11,53.4,-1.255981572658776,-0.2268138883981848,false
wrong,5,11,53.5,-1.249424299143654,-0.23021688340402924,false
wrong,5,11,53.6,-1.24279791824404,-0.23353450054349045,false
wrong,5,11,53.7,-1.236103838165912,-0.23676673913443377,false
wrong,5,11,53.8,-1.2293431678905693,-0.23991361002071304,false
wrong,5,11,53.9,-1.2225167341485659,-0.24297513282460095,false
wrong,5,11,54.0,-1.2156250960975927,-0.24595133336428282,false
wrong,5,11,54.1,-1.2086685578709464,-0.2488422412149381,false
wrong,5,11,54.2,-1.201647179142731,-0.25164788739352356,false
wrong,5,11,54.3,-1.1945607838366172,-0.2543683021487688,false
wrong,5,11,54.4,-1.1874089670867374,-0.25700351283910716,false
wrong,5,11,54.5,-1.1801911005420112,-0.259553541882308,false
wrong,5,11,54.6,-1.1729063360887635,-0.262018404761456,false
wrong,5,11,54.7,-1.165553608050756,-0.2643981080726487,false
wrong,5,11,54.8,-1.158131633910597,-0.2666926476003634,false
wrong,5,11,54.9,-1.1506389135817388,-0.2689020064068822,false
wrong,5,11,55.0,-1.14307372724579,-0.2710261529224654,false
wrong,5,12,55.0,-1.0522402265941209,-0.25143763829231175,true
wrong,5,12,55.1,-1.0472987660806747,-0.25279999667316516,false
wrong,5,12,55.2,-1.0422173885130226,-0.25410642779661424,false
wrong,5,12,55.3,-1.0369966280112126,-0.2553560619362444,false
wrong,5,12,55.4,-1.031636726438054,-0.256548039303525,false
wrong,5,12,55.5,-1.026137625878164,-0.25768150726218675,false
wrong,5,12,55.6,-1.0204989601878134,-0.25875561748992454,false
wrong,5,12,55.7,-1.0147200454798857,-0.25976952307867707,false
wrong,5,12,55.8,-1.0087998694012734,-0.2607223755635239,false
wrong,5,12,55.9,-1.002737079051112,-0.2616133218689668,false
wrong,5,12,56.0,-0.9965299673772423,-0.2624415011600054,false
wrong,5,12,56.1,-0.9901764578749694,-0.2632060415839609,false
wrong,5,12,56.2,-0.9836740873963024,-0.26390605688741947,false
wrong,5,12,56.3,-0.9770199868591197,-0.26454064289094176,false
wrong,5,12,56.4,-0.9702108596237774,-0.26510887380228204,false
wrong,5,12,56.5,-0.9632429572791336,-0.2656097983467581,false
wrong,5,12,56.6,-0.9561120525503594,-0.2660424356910706,false
wrong,5,12,56.7,-0.9488134090066537,-0.26640577113425645,false
wrong,5,12,56.8,-0.9413417472074517,-0.26669875153652295,false
wrong,5,12,56.9,-0.9336912068801269,-0.26692028045341126,false
wrong,5,12,57.0,-0.9258553046696473,-0.2670692129390064,false
wrong,5,12,57.1,-0.917826886940094,-0.26714434997769587,false
wrong,5,12,57.2,-0.9095980770381492,-0.2671444324991957,false
wrong,5,12,57.3,-0.9011602163481581,-0.26706813492612574,false
wrong,5,12,57.4,-0.8925037983754496,-0.26691405819722835,false
wrong,5,12,57.5,-0.8836183949872738,-0.26668072220226396,false
wrong,5,12,57.6,-0.8744925738166096,-0.2663665575565493,false
wrong,5,12,57.7,-0.865113805690461,-0.26596989663387244,false
wrong,5,12,57.8,-0.8554683607778479,-0.26548896376593356,false
wrong,5,12,57.9,-0.8455411919597033,-0.2649218645043122,false
wrong,5,12,58.0,-0.835315803698847,-0.264266573826991,false
wrong,5,12,58.1,-0.8247741044279131,-0.2635209231553844,false
wrong,5,12,58.2,-0.8138962401704656,-0.2626825860292824,false
wrong,5,12,58.3,-0.8026604067584542,-0.26174906226571887,false
wrong,5,12,58.4,-0.7910426375994526,-0.2607176604030489,false
wrong,5,12,58.5,-0.7790165634703061,-0.25958547820291783,false
wrong,5,12,58.6,-0.7665531402591244,-0.25834938094969456,false
wrong,5,12,58.7,-0.7536203399327938,-0.25700597724858515,false
wrong,5,12,58.8,-0.7401827992588217,-0.2555515919791953,false
wrong,5,12,58.9,-0.7262014199436843,-0.2539822360097951,false
wrong,5,12,59.0,-0.711632912849569,-0.25229357221785864,false
wrong,5,12,59.1,-0.6964292778023266,-0.25048087729336754,false
wrong,5,12,59.2,-0.6805372091921992,-0.24853899872152038,false
wrong,5,12,59.3,-0.6638974160864719,-0.24646230624943202,false
wrong,5,12,59.4,-0.6464438439192319,-0.24424463703564014,false
wrong,5,12,59.5,-0.628102783012852,-0.24187923356034916,false
wrong,5,12,59.6,-0.6087918472593973,-0.239358673237168,false
wrong,5,12,59.7,-0.5884188043305839,-0.23667478851303547,false
wrong,5,12,59.8,-0.5668802369415853,-0.23381857607251913,false
wrong,5,12,59.9,-0.5440600132204149,-0.2307800935779695,false
wrong,5,12,60.0,-0.5198275435449268,-0.22754834218335743,false
wrong,5,13,60.0,-0.4401300181032084,-0.17466094445650182,true
wrong,5,13,60.1,-0.41319835838386576,-0.17087598013606423,false
wrong,5,13,60.2,-0.38429438886070183,-0.16686301306339021,false
wrong,5,13,60.3,-0.3532037199382571,-0.16260467200314305,false
wrong,5,13,60.4,-0.3196853548625534,-0.15808162804075138,false
wrong,5,13,60.5,-0.2834688281162888,-0.1532723519256419,false
wrong,5,13,60.6,-0.24425143373763503,-0.14815284721623212,false
wrong,5,13,60.7,-0.20169581446679438,-0.14269636137285702,false
wrong,5,13,60.8,-0.1554283397766859,-0.13687308008873178,false
wrong,5,13,60.9,-0.10503892582170504,-0.1306498150070796,false
wrong,5,13,61.0,-0.05008326259603843,-0.12398970224297028,false
wrong,5,13,61.1,0.009911170533370192,-0.11685193967402172,false
wrong,5,13,61.2,0.0754333982337784,-0.10919160573743258,false
wrong,5,13,61.3,0.14696905604443128,-0.10095962229144037,false
wrong,5,13,61.4,0.22496926020084224,-0.09210294915941437,false
wrong,5,13,61.5,0.30980491510030084,-0.08256512690551843,false
wrong,5,13,61.6,0.4017035828784092,-0.07228731273588167,false
wrong,5,13,61.7,0.5006679042477267,-0.06120997255715033,false
wrong,5,13,61.8,0.6063786965964145,-0.04927538336963598,false
wrong,5,13,61.9,0.7180929261097276,-0.036431040269624335,false
wrong,5,13,62.0,0.8345564110181986,-0.02263392525317419,false
wrong,5,13,62.1,0.9539608391718458,-0.00785536705331429,false
wrong,5,13,62.2,1.0739789944132525,0.007914074589409457,false
wrong,5,13,62.3,1.1919037657767135,0.02466054734547435,false
wrong,5,13,62.4,1.3048912045770862,0.04234463937922589,false
wrong,5,13,62.5,1.410270559654763,0.06090170731150396,false
wrong,5,13,62.6,1.5058514396903455,0.0802450914943049,false
wrong,5,13,62.7,1.5901501958207076,0.10027180685303537,false
wrong,5,13,62.8,1.6624827252680514,0.12086967814498063,false
wrong,5,13,62.9,1.722917067875092,0.14192461670280723,false
wrong,5,13,63.0,1.7721218844273128,0.16332689239049059,false
wrong,5,13,63.1,1.8111672196526738,0.1849757074180782,false
wrong,5,13,63.2,1.84132936666732,0.20678189583824225,false
wrong,5,13,63.3,1.8639325750633067,0.22866896708992912,false
wrong,5,13,63.4,1.8802395311722713,0.2505729124105794,false
wrong,5,13,63.5,1.8913876959149243,0.2724412251907966,false
wrong,5,13,63.6,1.8983613659071605,0.2942315178060525,false
wrong,5,13,63.7,1.9019878705243312,0.3159100117356811,false
wrong,5,13,63.8,1.9029479596555285,0.33745007562718826,false
wrong,5,13,63.9,1.9017931094158798,0.3588309055583848,false
wrong,5,13,64.0,1.898965026280527,0.38003638644911847,false
wrong,5,13,64.1,1.8948146154795646,0.4010541396293338,false
wrong,5,13,64.2,1.8896190421456445,0.42187474316969614,false
wrong,5,13,64.3,1.8835963630778896,0.4424911033411464,false
wrong,5,13,64.4,1.8769176893732362,0.46289795338291334,false
wrong,5,13,64.5,1.8697170838186126,0.48309145682816196,false
wrong,5,13,64.6,1.862099496750846,0.5030688952118861,false
wrong,5,13,64.7,1.854147063693086,0.5228284230507155,false
wrong,5,13,64.8,1.8459240671612827,0.5423688759975488,false
wrong,5,13,64.9,1.837480826883871,0.5616896207811931,false
wrong,5,13,65.0,1.828856740086372,0.5807904378516487,false
wrong,5,14,65.0,1.858313772532062,0.49389124097002246,true
wrong,5,14,65.1,1.851905282146594,0.513690708602457,false
wrong,5,14,65.2,1.8449257702126027,0.5332835298809636,false
wrong,5,14,65.3,1.8374864439588283,0.5526665163736082,false
wrong,5,14,65.4,1.829675094702039,0.5718374107354256,false
wrong,5,14,65.5,1.8215610120726942,0.5907946886546563,false
wrong,5,14,65.6,1.8131988819707188,0.6095374024698064,false
wrong,5,14,65.7,1.804631865712721,0.6280650577672009,false
wrong,5,14,65.8,1.7958940258466862,0.6463775159951162,false
wrong,5,14,65.9,1.7870122341932813,0.6644749175587231,false
wrong,5,14,66.0,1.7780076714504456,0.6823576210198072,false
wrong,5,14,66.1,1.7688970055970872,0.7000261549549709,false
wrong,5,14,66.2,1.7596933181724816,0.7174811797647339,false
wrong,5,14,66.3,1.750406832842079,0.7347234573092044,false
wrong,5,14,66.4,1.7410454889561997,0.751753826704548,false
wrong,5,14,66.5,1.7316153935449283,0.7685731849739712,false
wrong,5,14,66.6,1.7221211779036347,0.7851824715282696,false
wrong,5,14,66.7,1.7125662792107834,0.8015826556709627,false
wrong,5,14,66.8,1.7029531631538357,0.8177747264949773,false
wrong,5,14,66.9,1.6932835000533175,0.8337596846722651,false
wrong,5,14,67.0,1.6835583042564914,0.8495385357428938,false
wrong,5,14,67.1,1.6737780444520098,0.8651122845924719,false
wrong,5,14,67.2,1.6639427309030352,0.8804819308712809,false
wrong,5,14,67.3,1.6540519843051116,0.8956484651591035,false
wrong,5,14,67.4,1.6441050899659022,0.9106128657194928,false
wrong,5,14,67.5,1.6341010402140597,0.9253760957184898,false
wrong,5,14,67.6,1.624038567325246,0.9399391008074041,false
wrong,5,14,67.7,1.613916168766881,0.9543028069886645,false
wrong,5,14,67.8,1.6037321261801742,0.9684681186990222,false
wrong,5,14,67.9,1.5934845192156326,0.9824359170564321,false
wrong,5,14,68.0,1.5831712350987737,0.996207058226428,false
wrong,5,14,68.1,1.57278997461242,1.0097823718712517,false
wrong,5,14,68.2,1.56233825502996,1.0231626596508414,false
wrong,5,14,68.3,1.5518134104119108,1.0363486937493256,false
wrong,5,14,68.4,1.5412125895794329,1.0493412154041741,false
wrong,5,14,68.5,1.5305327519979361,1.062140933417819,false
wrong,5,14,68.6,1.5197706617375282,1.0747485226335267,false
wrong,5,14,68.7,1.5089228796214964,1.0871646223587088,false
wrong,5,14,68.8,1.4979857536267622,1.0993898347197693,false
wrong,5,14,68.9,1.486955407559149,1.1114247229331067,false
wrong,5,14,69.0,1.4758277279897105,1.123269809477034,false
wrong,5,14,69.1,1.4645983494048418,1.1349255741492088,false
wrong,5,14,69.2,1.4532626374912425,1.146392451993708,false
wrong,5,14,69.3,1.4418156704460088,1.15767083108112,false
wrong,5,14,69.4,1.4302522181712496,1.168761050124011,false
wrong,5,14,69.5,1.4185667191808071,1.17966339590882,false
wrong,5,14,69.6,1.406753255013082,1.190378100523629,false
wrong,5,14,69.7,1.394805521907802,1.2009053383593715,false
wrong,5,14,69.8,1.3827167994649667,1.2112452228597985,false
wrong,5,14,69.9,1.370479915960243,1.221397802992918,false
wrong,5,14,70.0,1.3580872099417796,1.2313630594136296,false
wrong,5,15,70.0,1.3178194168572777,1.1362973122578268,true
wrong,5,15,70.1,1.3168286512976952,1.1464568428025013,false
wrong,5,15,70.2,1.3149080731232827,1.1565284793371868,false
wrong,5,15,70.3,1.3121162123100265,1.166504614937262,false
wrong,5,15,70.4,1.308507739603934,1.1763782174422124,false
wrong,5,15,70.5,1.3041332737244113,1.186142788893514,false
wrong,5,15,70.6,1.2990392916155953,1.1957923239941362,false
wrong,5,15,70.7,1.2932681188402988,1.2053212684341834,false
wrong,5,15,70.8,1.2868579800685507,1.2147244777240391,false
wrong,5,15,70.9,1.27984309251182,1.2239971770012554,false
wrong,5,15,71.0,1.2722537879205056,1.2331349221296686,false
wrong,5,15,71.1,1.2641166512880335,1.2421335622868552,false
wrong,5,15,71.2,1.255454666632028,1.250989204136383,false
wrong,5,15,71.3,1.246287362129553,1.259698177601335,false
wrong,5,15,71.4,1.2366309484716822,1.2682570031921963,false
wrong,5,15,71.5,1.22649844559002,1.2766623607924363,false
wrong,5,15,71.6,1.2158997939197616,1.284911059766237,false
wrong,5,15,71.7,1.2048419471293281,1.2930000102223451,false
wrong,5,15,71.8,1.1933289437941974,1.3009261952437723,false
wrong,5,15,71.9,1.1813619558487451,1.3086866438731155,false
wrong,5,15,72.0,1.168939311837538,1.3162784046259337,false
wrong,5,15,72.1,1.1560564930250423,1.3236985192884332,false
wrong,5,15,72.2,1.1427061003238788,1.3309439967393568,false
wrong,5,15,72.3,1.1288777897754143,1.3380117865182362,false
wrong,5,15,72.4,1.1145581739665473,1.3448987518419193,false
wrong,5,15,72.5,1.0997306862919127,1.3516016417474126,false
wrong,5,15,72.6,1.0843754043652571,1.3581170620104293,false
wrong,5,15,72.7,1.068468828136007,1.3644414444544126,false
wrong,5,15,72.8,1.0519836073601607,1.3705710142228573,false
wrong,5,15,72.9,1.034888211985839,1.3765017545369922,false
wrong,5,15,73.0,1.0171465377140765,1.382229368399576,false
wrong,5,15,73.1,0.9987174374489857,1.3877492366316753,false
wrong,5,15,73.2,0.9795541675154333,1.393056371540489,false
wrong,5,15,73.3,0.9596037353468947,1.3981453654097853,false
wrong,5,15,73.4,0.9388061327746668,1.4030103328770802,false
wrong,5,15,73.5,0.9170934360207834,1.40764484610957,false
wrong,5,15,73.6,0.8943887499484274,1.4120418615097257,false
wrong,5,15,73.7,0.8706049699994398,1.4161936364665435,false
wrong,5,15,73.8,0.8456433305125406,1.4200916344145285,false
wrong,5,15,73.9,0.8193917027750528,1.423726416164193,false
wrong,5,15,74.0,0.791722600304744,1.4270875151203377,false
wrong,5,15,74.1,0.7624908427242378,1.430163293604178,false
wrong,5,15,74.2,0.7315308236708201,1.432940777042371,false
wrong,5,15,74.3,0.6986533234004373,1.4354054622863373,false
wrong,5,15,74.4,0.6636418047240188,1.4375410957964851,false
wrong,5,15,74.5,0.6262481344324367,1.4393294169052442,false
wrong,5,15,74.6,0.5861876860380179,1.4407498609303078,false
wrong,5,15,74.7,0.5431338110062067,1.4417792166694428,false
wrong,5,15,74.8,0.4967117267098342,1.442391232982185,false
wrong,5,15,74.9,0.4464919790284604,1.4425561701014469,false
wrong,5,15,75.0,0.3919838249194093,1.4422402935838914,false
wrong,5,16,75.0,0.371926492535351,1.3965132002575302,true
wrong,5,16,75.1,0.31548573767357846,1.3958429243468276,false
wrong,5,16,75.2,0.25376292350277235,1.3946364536606062,false
wrong,5,16,75.3,0.18610028932493153,1.3928463359912848,false
wrong,5,16,75.4,0.11177752777678984,1.390419144018932,false
wrong,5,16,75.5,0.030026566808346866,1.3872950042454983,false
wrong,5,16,75.6,-0.05993813846153996,1.3834073309374737,false
wrong,5,16,75.7,-0.1588661328887913,1.378682939476952,false
wrong,5,16,75.8,-0.26738509114458564,1.3730427903538363,false
wrong,5,16,75.9,-0.38587359252832576,1.3664036986517134,false
wrong,5,16,76.0,-0.5142881745681136,1.358681407033077,false
wrong,5,16,76.1,-0.6519527550236061,1.3497954075943102,false
wrong,5,16,76.2,-0.7973417523668054,1.3396757229353782,false
wrong,5,16,76.3,-0.9479203016156607,1.328271424639177,false
wrong,5,16,76.4,-1.100132747923276,1.3155599485492804,false
wrong,5,16,76.5,-1.2496276055503388,1.3015554155496523,false
wrong,5,16,76.6,-1.3917466081665142,1.2863136000328415,false
wrong,5,16,76.7,-1.5221917199609343,1.2699314485093587,false
wrong,5,16,76.8,-1.6376755072479117,1.2525403905672936,false
wrong,5,16,76.9,-1.7363397993133665,1.2342946590728017,false
wrong,5,16,77.0,-1.8178250277243717,1.215357429531894,false
wrong,5,16,77.1,-1.8830251566214447,1.1958879481420914,false
wrong,5,16,77.2,-1.9336707802138973,1.1760319164490487,false
wrong,5,16,77.3,-1.9718971866922885,1.155915941831373,false
wrong,5,16,77.4,-1.9999003451653492,1.135645635656025,false
wrong,5,16,77.5,-2.019715572888208,1.1153063201561726,false
wrong,5,16,77.6,-2.0331065088338662,1.094965232438943,false
wrong,5,16,77.7,-2.0415327220182635,1.0746743430510524,false
wrong,5,16,77.8,-2.0461639366965843,1.0544732148680813,false
wrong,5,16,77.9,-2.047916604134073,1.0343915930750383,false
wrong,5,16,78.0,-2.047497401630213,1.0144516003810173,false
wrong,5,16,78.1,-2.045445244896237,0.9946695198900367,false
wrong,5,16,78.2,-2.0421680185788573,0.9750572023884839,false
wrong,5,16,78.3,-2.0379729000823135,0.9556231558325036,false
wrong,5,16,78.4,-2.0330905098797576,0.9363733776972368,false
wrong,5,16,78.5,-2.0276936971004984,0.9173119851894403,false
wrong,5,16,78.6,-2.0219119235126657,0.8984416895786109,false
wrong,5,16,78.7,-2.0158421612101143,0.8797641518565131,false
wrong,5,16,78.8,-2.009557091115885,0.8612802488290067,false
wrong,5,16,78.9,-2.00311124295185,0.8429902719881279,false
wrong,5,16,79.0,-1.996545580947628,0.8248940761153818,false
wrong,5,16,79.1,-1.989890923779815,0.8069911903691097,false
wrong,5,16,79.2,-1.983170493828354,0.789280901399522,false
wrong,5,16,79.3,-1.976401817794093,0.7717623156097014,false
wrong,5,16,79.4,-1.9695981447306816,0.7544344058619945,false
wrong,5,16,79.5,-1.9627695051846052,0.7372960465718226,false
wrong,5,16,79.6,-1.9559235033685134,0.7203460401210634,false
wrong,5,16,79.7,-1.949065910602871,0.7035831367730969,false
wrong,5,16,79.8,-1.9422011106588384,0.687006049714924,false
wrong,5,16,79.9,-1.935332434584485,0.67061346643861,false
wrong,5,16,80.0,-1.9284624129302501,0.6544040573674982,false
wrong,5,17,80.0,-1.8668447212976265,0.7551819346366915,true
wrong,5,17,80.1,-1.881395289042749,0.7388782216951454,false
wrong,5,17,80.2,-1.891627797783396,0.7225811847968658,false
wrong,5,17,80.3,-1.89836492372494,0.7063264761263325,false
wrong,5,17,80.4,-1.902296195954074,0.6901425623346275,false
wrong,5,17,80.5,-1.903989075229984,0.6740519517383576,false
wrong,5,17,80.6,-1.9039042818817014,0.658072288374242,false
wrong,5,17,80.7,-1.9024121618106766,0.642217290910771,false
wrong,5,17,80.8,-1.8998082615530612,0.6264975373068141,false
wrong,5,17,80.9,-1.8963272176816497,0.6109211082666899,false
wrong,5,17,81.0,-1.8921546446317279,0.5954941077603172,false
wrong,5,17,81.1,-1.8874370329371768,0.5802210799793929,false
wrong,5,17,81.2,-1.8822898348438715,0.565105340994987,false
wrong,5,17,81.3,-1.8768039806883428,0.5501492412649296,false
wrong,5,17,81.4,-1.8710510804597331,0.5353543727093089,false
wrong,5,17,81.5,-1.8650875477360798,0.5207217317045987,false
wrong,5,17,81.6,-1.858957853802223,0.5062518472193086,false
wrong,5,17,81.7,-1.8526970871986423,0.49194488149080706,false
wrong,5,17,81.8,-1.846332962837658,0.47780070912725825,false
wrong,5,17,81.9,-1.8398873972244036,0.46381897928399596,false
wrong,5,17,82.0,-1.833377742888655,0.4499991645721001,false
wrong,5,17,82.1,-1.826817755791997,0.43634059956843296,false
wrong,5,17,82.2,-1.8202183538082057,0.42284251117371113,false
wrong,5,17,82.3,-1.8135882118497921,0.40950404257583894,false
wrong,5,17,82.4,-1.806934229291815,0.3963242721924339,false
wrong,5,17,82.5,-1.8002618975348956,0.3833022286668882,false
wrong,5,17,82.6,-1.7935755894304937,0.3704369027584542,false
wrong,5,17,82.7,-1.786878787511691,0.357727256784396,false
wrong,5,17,82.8,-1.7801742642462637,0.3451722321299293,false
wrong,5,17,82.9,-1.7734642246269006,0.332770755230613,false
wrong,5,17,83.0,-1.7667504191547885,0.32052174234513503,false
wrong,5,17,83.1,-1.7600342335148977,0.30842410336866266,false
wrong,5,17,83.2,-1.753316759872644,0.2964767448839011,false
wrong,5,17,83.3,-1.7465988536553578,0.2846785726054683,false
wrong,5,17,83.4,-1.739881178850556,0.27302849334061297,false
wrong,5,17,83.5,-1.7331642442040422,0.26152541656370704,false
wrong,5,17,83.6,-1.7264484321936664,0.25016825568181134,false
wrong,5,17,83.7,-1.7197340222576802,0.23895592905274515,false
wrong,5,17,83.8,-1.7130212094456034,0.22788736080456917,false
wrong,5,17,83.9,-1.7063101194154184,0.21696148149549305,false
wrong,5,17,84.0,-1.699600820509059,0.2061772286453795,false
wrong,5,17,84.1,-1.692893333487113,0.19553354716379961,false
wrong,5,17,84.2,-1.6861876393845672,0.18502938969465474,false
wrong,5,17,84.3,-1.6794836858553561,0.17466371689344812,false
wrong,5,17,84.4,-1.6727813922990615,0.1644354976501557,false
wrong,5,17,84.5,-1.666080654004142,0.15434370926814292,false
wrong,5,17,84.6,-1.659381345495256,0.14438733760757153,false
wrong,5,17,84.7,-1.6526833232350306,0.13456537720013748,false
wrong,5,17,84.8,-1.6459864278009742,0.12487683134069322,false
wrong,5,17,84.9,-1.639290485634582,0.11532071216027351,false
wrong,5,17,85.0,-1.6325953104407838,0.10589604068421092,false
wrong,5,18,85.0,-1.5730522714366058,0.2324061764964538,true
wrong,5,18,85.1,-1.5855354525604508,0.2226401362366697,false
wrong,5,18,85.2,-1.595620296497144,0.2128424927529881,false
wrong,5,18,85.3,-1.6035646174651323,0.20303426986809067,false
wrong,5,18,85.4,-1.6096124253502502,0.193234033703075,false
wrong,5,18,85.5,-1.6139901122929698,0.18345805625190353,false
wrong,5,18,85.6,-1.6169044089914069,0.1737205042554593,false
wrong,5,18,85.7,-1.6185416861912127,0.1640336389407707,false
wrong,5,18,85.8,-1.6190682232529339,0.1544080159946876,false
wrong,5,18,85.9,-1.6186311288147328,0.1448526784020715,false
wrong,5,18,86.0,-1.6173596647522155,0.13537533741468447,false
wrong,5,18,86.1,-1.615366785848024,0.1259825389455776,false
wrong,5,18,86.2,-1.6127507599340272,0.11667981417535775,false
wrong,5,18,86.3,-1.6095967755944116,0.10747181420335451,false
wrong,5,18,86.4,-1.6059784772466972,0.09836242927246705,false
wrong,5,18,86.5,-1.601959391768147,0.08935489352666488,false
wrong,5,18,86.6,-1.5975942283030895,0.08045187649670127,false
wrong,5,18,86.7,-1.5929300449496484,0.0716555626102109,false
wrong,5,18,86.8,-1.5880072839934154,0.06296772003137369,false
wrong,5,18,86.9,-1.5828606823199187,0.05438976008575565,false
wrong,5,18,87.0,-1.5775200664614888,0.04592278844162831,false
wrong,5,18,87.1,-1.572011043079068,0.03756764911671434,false
wrong,5,18,87.2,-1.5663555960380353,0.029324962270223305,false
wrong,5,18,87.3,-1.5605726009662368,0.021195156631587095,false
wrong,5,18,87.4,-1.5546782675347914,0.013178497314017728,false
wrong,5,18,87.5,-1.5486865188522487,0.005275109665454237,false
wrong,5,18,87.6,-1.5426093164272152,-0.00251500027713539,false
wrong,5,18,87.7,-1.5364569382093776,-0.010191928241431485,false
wrong,5,18,87.8,-1.5302382163106154,-0.017755856660966695,false
wrong,5,18,87.9,-1.5239607401633366,-0.02520704174306898,false
wrong,5,18,88.0,-1.5176310301055247,-0.032545802354588885,false
wrong,5,18,88.1,-1.511254685695732,-0.039772510461245504,false
wrong,5,18,88.2,-1.5048365124552907,-0.04688758289496598,false
wrong,5,18,88.3,-1.4983806302049791,-0.0538914742566506,false
wrong,5,18,88.4,-1.4918905657031272,-0.06078467079007602,false
wrong,5,18,88.5,-1.4853693318947379,-0.06756768508679817,false
wrong,5,18,88.6,-1.4788194957395908,-0.07424105150250622,false
wrong,5,18,88.7,-1.4722432362946365,-0.0808053221828172,false
wrong,5,18,88.8,-1.4656423944759713,-0.08726106361142695,false
wrong,5,18,88.9,-1.459018515712496,-0.09360885360623239,false
wrong,5,18,89.0,-1.4523728865218901,-0.09984927869984067,false
wrong,5,18,89.1,-1.4457065658852135,-0.10598293185006664,false
wrong,5,18,89.2,-1.439020412165316,-0.11201041043383345,false
wrong,5,18,89.3,-1.4323151062028745,-0.11793231448453842,false
wrong,5,18,89.4,-1.4255911711292992,-0.12374924513860307,false
wrong,5,18,89.5,-1.4188489893554594,-0.12946180326174164,false
wrong,5,18,89.6,-1.4120888171269559,-0.13507058822958423,false
wrong,5,18,89.7,-1.4053107969787177,-0.14057619684078507,false
wrong,5,18,89.8,-1.398514968372423,-0.14597922234372407,false
wrong,5,18,89.9,-1.3917012767583103,-0.15128025356045077,false
wrong,5,18,90.0,-1.3848695812672467,-0.15647987409368458,false
wrong,5,19,90.0,-1.3057552547667581,-0.11222626186181558,true
wrong,5,19,90.1,-1.3080184128520924,-0.11696663885381135,false
wrong,5,19,90.2,-1.3097020090183222,-0.12169031545108489,false
wrong,5,19,90.3,-1.3108378143802364,-0.12639224792607726,false
wrong,5,19,90.4,-1.3114569278677477,-0.13106771786377294,false
wrong,5,19,90.5,-1.3115895536397113,-0.13571232255356064,false
wrong,5,19,90.6,-1.3112648278888737,-0.14032196364217173,false
wrong,5,19,90.7,-1.3105106893847804,-0.14489283448733847,false
wrong,5,19,90.8,-1.3093537880890804,-0.14942140659653863,false
wrong,5,19,90.9,-1.3078194263649978,-0.15390441548117267,false
wrong,5,19,91.0,-1.3059315276303043,-0.15833884620530006,false
wrong,5,19,91.1,-1.3037126277209885,-0.16272191886066675,false
wrong,5,19,91.2,-1.3011838847007113,-0.16705107415679699,false
wrong,5,19,91.3,-1.2983651033377772,-0.17132395927667354,false
wrong,5,19,91.4,-1.2952747709535108,-0.17553841411501767,false
wrong,5,19,91.5,-1.2919301018071743,-0.17969245798724587,false
wrong,5,19,91.6,-1.288347087612065,-0.1837842768725487,false
wrong,5,19,91.7,-1.2845405521688074,-0.18781221123384914,false
wrong,5,19,91.8,-1.2805242084520516,-0.1917747444402634,false
wrong,5,19,91.9,-1.2763107167953345,-0.19567049180369578,false
wrong,5,19,92.0,-1.2719117430869216,-0.19949819022995133,false
wrong,5,19,92.1,-1.2673380161194725,-0.2032566884758658,false
wrong,5,19,92.2,-1.2625993834314053,-0.20694493799707786,false
wrong,5,19,92.3,-1.2577048651413583,-0.21056198436588516,false
wrong,5,19,92.4,-1.2526627054126935,-0.2141069592348488,false
wrong,5,19,92.5,-1.247480421296055,-0.21757907281918765,false
wrong,5,19,92.6,-1.2421648487878754,-0.22097760686932003,false
wrong,5,19,92.7,-1.236722186014475,-0.22430190810397588,false
wrong,5,19,92.8,-1.2311580335077652,-0.22755138207396094,false
wrong,5,19,92.9,-1.2254774315819907,-0.23072548742677051,false
wrong,5,19,93.0,-1.2196848948536074,-0.23382373054271247,false
wrong,5,19,93.1,-1.2137844439700927,-0.23684566051391587,false
wrong,5,19,93.2,-1.207779634629889,-0.23979086443849384,false
wrong,5,19,93.3,-1.201673583986079,-0.242658963003139,false
wrong,5,19,93.4,-1.1954689945319579,-0.24544960632850257,false
wrong,5,19,93.5,-1.189168175568335,-0.24816247005280706,false
wrong,5,19,93.6,-1.1827730623509434,-0.2507972516302325,false
wrong,5,19,93.7,-1.1762852330123998,-0.2533536668216738,false
wrong,5,19,93.8,-1.1697059233472504,-0.25583144635647165,false
wrong,5,19,93.9,-1.1630360395411559,-0.25823033274465246,false
wrong,5,19,94.0,-1.156276168916545,-0.26055007722007023,false
wrong,5,19,94.1,-1.1494265887573087,-0.26279043679560204,false
wrong,5,19,94.2,-1.1424872732645086,-0.2649511714122154,false
wrong,5,19,94.3,-1.135457898683745,-0.26703204116428275,false
wrong,5,19,94.4,-1.1283378466328122,-0.2690328035839656,false
wrong,5,19,94.5,-1.121126205645621,-0.2709532109678221,false
wrong,5,19,94.6,-1.1138217709350293,-0.27279300772900084,false
wrong,5,19,94.7,-1.106423042363176,-0.2745519277584658,false
wrong,5,19,94.8,-1.0989282205930453,-0.2762296917786474,false
wrong,5,19,94.9,-1.0913352013791988,-0.2778260046727228,false
wrong,5,19,95.0,-1.083641567938734,-0.27934055277239045,false
wrong,5,20,95.0,-1.107684602063882,-0.20778149971481852,true
wrong,5,20,95.1,-1.1067959520513764,-0.20999085534956785,false
wrong,5,20,95.2,-1.105697793167938,-0.21217489944957926,false
wrong,5,20,95.3,-1.1043946026838976,-0.21433191777032656,false
wrong,5,20,95.4,-1.102890835348642,-0.21646024959372562,false
wrong,5,20,95.5,-1.1011908988529095,-0.21855828701492072,false
wrong,5,20,95.6,-1.09929913143789,-0.2206244740193083,false
wrong,5,20,95.7,-1.0972197815456077,-0.22265730537054193,false
wrong,5,20,95.8,-1.0949569893910536,-0.22465532532907684,false
wrong,5,20,95.9,-1.0925147703259308,-0.226617126219521,false
wrong,5,20,96.0,-1.0898969998563057,-0.2285413468636969,false
wrong,5,20,96.1,-1.0871074001714618,-0.23042667089490715,false
wrong,5,20,96.2,-1.0841495280384696,-0.23227182496746018,false
wrong,5,20,96.3,-1.0810267639160047,-0.23407557687407146,false
wrong,5,20,96.4,-1.0777423021414156,-0.2358367335823201,false
wrong,5,20,96.5,-1.074299142046635,-0.2375541391999285,false
wrong,5,20,96.6,-1.0707000798609316,-0.23922667287724678,false
wrong,5,20,96.7,-1.0669477012614401,-0.24085324665397478,false
wrong,5,20,96.8,-1.0630443744356421,-0.24243280325584188,false
wrong,5,20,96.9,-1.0589922435232713,-0.24396431384569414,false
wrong,5,20,97.0,-1.054793222308291,-0.24544677573220472,false
wrong,5,20,97.1,-1.0504489880344636,-0.2468792100382284,false
wrong,5,20,97.2,-1.0459609752204349,-0.2482606593296578,false
wrong,5,20,97.3,-1.0413303693520612,-0.2495901852045043,false
wrong,5,20,97.4,-1.0365581003307693,-0.25086686584081375,false
wrong,5,20,97.5,-1.0316448355569392,-0.2520897935009271,false
wrong,5,20,97.6,-1.0265909725265217,-0.2532580719885028,false
wrong,5,20,97.7,-1.0213966308172215,-0.2543708140536204,false
wrong,5,20,97.8,-1.0160616433374723,-0.255427138740171,false
wrong,5,20,97.9,-1.0105855467069786,-0.2564261686686032,false
wrong,5,20,98.0,-1.0049675706316545,-0.25736702724591304,false
wrong,5,20,98.1,-0.9992066261282,-0.25824883579353675,false
wrong,5,20,98.2,-0.9933012924441523,-0.25907071058250397,false
wrong,5,20,98.3,-0.987249802507826,-0.25983175976382383,false
wrong,5,20,98.4,-0.9810500267288914,-0.2605310801805855,false
wrong,5,20,98.5,-0.9746994549541718,-0.26116775404663906,false
wrong,5,20,98.6,-0.9681951763642578,-0.2617408454749567,false
wrong,5,20,98.7,-0.961533857074389,-0.26224939683683485,false
wrong,5,20,98.8,-0.9547117151773209,-0.2626924249309519,false
wrong,5,20,98.9,-0.9477244929361008,-0.2630689169389126,false
wrong,5,20,99.0,-0.9405674258002418,-0.26337782614125016,false
wrong,5,20,99.1,-0.9332352078790566,-0.2636180673648774,false
wrong,5,20,99.2,-0.9257219534601132,-0.2637885121296284,false
wrong,5,20,99.3,-0.9180211541079868,-0.26388798345775566,false
wrong,5,20,99.4,-0.910125630817653,-0.2639152503059814,false
wrong,5,20,99.5,-0.9020274806267377,-0.2638690215748623,false
wrong,5,20,99.6,-0.8937180170099497,-0.2637479396447385,false
wrong,5,20,99.7,-0.8851877032856528,-0.263550573381287,false
wrong,5,20,99.8,-0.8764260781566685,-0.26327541054657605,false
wrong,5,20,99.9,-0.8674216723826769,-0.26292084954338313,false
wrong,5,20,100.0,-0.8581619154372147,-0.2624851904112301,false
wrong,10,1,0.0,-1.8633893588791945,0.9432517283983279,true
wrong,10,1,0.1,-1.89544272864903,0.9255172164439067,false
wrong,10,1,0.2,-1.919496813123561,0.9076567969126949,false
wrong,10,1,0.30000000000000004,-1.936988286851434,0.8897380169353477,false
wrong,10,1,0.4,-1.94918887726972,0.8718154825522532,false
wrong,10,1,0.5,-1.9571798455489053,0.853932609597479,false
wrong,10,1,0.6000000000000001,-1.9618542591546815,0.8361234570382327,false
wrong,10,1,0.7000000000000001,-1.9639344061985005,0.8184144483974491,false
wrong,10,1,0.8,-1.9639956125867923,0.8008258862964533,false
wrong,10,1,0.9,-1.9624911341049855,0.7833732296583147,false
wrong,10,1,1.0,-1.959775276510412,0.7660681400569517,false
wrong,10,1,1.1,-1.9561234974424415,0.7489193218006227,false
wrong,10,1,1.2,-1.9517491775511477,0.7319331868765473,false
wrong,10,1,1.3,-1.9468172356185773,0.715114376017503,false
wrong,10,1,1.4,-1.9414549772669583,0.6984661641787124,false
wrong,10,1,1.5,-1.9357606283382112,0.6819907745693758,false
wrong,10,1,1.6,-1.9298099871333114,0.6656896211093192,false
wrong,10,1,1.7000000000000002,-1.9236615783388782,0.6495634952763167,false
wrong,10,1,1.8,-1.9173606296725456,0.6336127099649408,false
wrong,10,1,1.9,-1.9109421321222306,0.6178372102225882,false
wrong,10,1,2.0,-1.9044331914150363,0.6022366585153094,false
wrong,10,1,2.1,-1.8978548336658434,0.5868105004283968,false
wrong,10,1,2.2,-1.891223391856262,0.5715580153424239,false
wrong,10,1,2.3,-1.8845515709314031,0.5564783555689014,false
wrong,10,1,2.4,-1.8778492666802362,0.5415705766159331,false
wrong,10,1,2.5,-1.8711241960097587,0.5268336606296959,false
wrong,10,1,2.6,-1.8643823826912347,0.5122665345793043,false
wrong,10,1,2.7,-1.857628532273865,0.49786808438685204,false
wrong,10,1,2.8,-1.8508663219184265,0.4836371659248318,false
wrong,10,1,2.9,-1.8440986248383624,0.4695726135893934,false
wrong,10,1,3.0,-1.8373276844089828,0.45567324699444006,false
wrong,10,1,3.1,-1.8305552494768953,0.44193787620643316,false
wrong,10,1,3.2,-1.8237826797102692,0.42836530584389904,false
wrong,10,1,3.3,-1.8170110277763003,0.414954338292069,false
wrong,10,1,3.4,-1.810241103563019,0.40170377622656495,false
wrong,10,1,3.5,-1.8034735244625497,0.3886124245965506,false
wrong,10,1,3.6,-1.7967087548140253,0.3756790921842476,false
wrong,10,1,3.7,-1.7899471368997706,0.36290259283183474,false
wrong,10,1,3.8,-1.7831889153472393,0.3502817464067319,false
wrong,10,1,3.9,-1.7764342563729847,0.33781537956076385,false
wrong,10,1,4.0,-1.7696832629842463,0.3255023263266606,false
wrong,10,1,4.1,-1.7629359870062413,0.31334142858599134,false
wrong,10,1,4.2,-1.75619243861189,0.30133153643533805,false
wrong,10,1,4.3,-1.749452593882505,0.2894715084718233,false
wrong,10,1,4.4,-1.7427164008129874,0.2777602120146579,false
wrong,10,1,4.5,-1.735983784085676,0.26619652327588755,false
wrong,10,1,4.6,-1.7292546488674143,0.25477932749078347,false
wrong,10,1,4.7,-1.7225288838300918,0.2435075190161707,false
wrong,10,1,4.8,-1.7158063635524734,0.232380001403294,false
wrong,10,1,4.9,-1.7090869504279202,0.2213956874504856,false
wrong,10,1,5.0,-1.7023704961765271,0.21055349923984198,false
wrong,10,1,5.1,-1.6956568430397276,0.19985236816128127,false
wrong,10,1,5.2,-1.688945824719288,0.1892912349266889,false
wrong,10,1,5.3,-1.682237267109895,0.17886904957633326,false
wrong,10,1,5.4,-1.6755309888644927,0.16858477147931336,false
wrong,10,1,5.5,-1.6688268018235548,0.15843736932946656,false
wrong,10,1,5.6,-1.6621245113331853,0.14842582113789876,false
wrong,10,1,5.7,-1.6554239164719027,0.13854911422308602,false
wrong,10,1,5.8,-1.6487248102019896,0.1288062451993271,false
wrong,10,1,5.9,-1.642026979458075,0.11919621996418982,false
wrong,10,1,6.0,-1.635330205183094,0.10971805368548607,false
wrong,10,1,6.1,-1.6286342623197043,0.10037077078822255,false
wrong,10,1,6.2,-1.6219389197636058,0.091153404941905,false
wrong,10,1,6.3,-1.6152439402838876,0.08206499904851831,false
wrong,10,1,6.4,-1.6085490804144478,0.07310460523146026,false
wrong,10,1,6.5,-1.6018540903196743,0.06427128482567199,false
wrong,10,1,6.6,-1.595158713636862,0.05556410836918041,false
wrong,10,1,6.7,-1.588462687297263,0.046982155596246473,false
wrong,10,1,6.8,-1.581765741327197,0.03852451543229623,false
wrong,10,1,6.9,-1.575067598630251,0.030190285990799707,false
wrong,10,1,7.0,-1.5683679747512678,0.02197857457225303,false
wrong,10,1,7.1,-1.5616665776225567,0.013888497665413117,false
wrong,10,1,7.2,-1.5549631072925116,0.005919180950930436,false
wrong,10,1,7.3,-1.5482572556366296,-0.0019302406924766782,false
wrong,10,1,7.4,-1.5415487060507438,-0.009660623179162617,false
wrong,10,1,7.5,-1.5348371331261264,-0.017272813204865435,false
wrong,10,1,7.6,-1.528122202305982,-0.024767648232040272,false
wrong,10,1,7.7,-1.521403569522711,-0.03214595647206411,false
wrong,10,1,7.8,-1.514680880815217,-0.039408556864155016,false
wrong,10,1,7.9,-1.5079537719254008,-0.04655625905084333,false
wrong,10,1,8.0,-1.5012218678728833,-0.053589863349825004,false
wrong,10,1,8.1,-1.4944847825068792,-0.06051016072201913,false
wrong,10,1,8.2,-1.4877421180340409,-0.0673179327356428,false
wrong,10,1,8.3,-1.480993464520968,-0.0740139515261062,false
wrong,10,1,8.4,-1.4742383993699737,-0.08059897975152026,false
wrong,10,1,8.5,-1.4674764867665662,-0.08707377054359658,false
wrong,10,1,8.6,-1.4607072770969851,-0.09343906745370689,false
wrong,10,1,8.7,-1.453930306333995,-0.09969560439385487,false
wrong,10,1,8.8,-1.4471450953889957,-0.10584410557229763,false
wrong,10,1,8.9,-1.4403511494283607,-0.11188528542353844,false
wrong,10,1,9.0,-1.4335479571517515,-0.1178198485323932,false
wrong,10,1,9.1,-1.426734990029981,-0.12364848955181505,false
wrong,10,1,9.2,-1.4199117014998155,-0.12937189311414013,false
wrong,10,1,9.3,-1.4130775261128996,-0.1349907337353951,false
wrong,10,1,9.4,-1.406231878635776,-0.14050567571228356,false
wrong,10,1,9.5,-1.399374153097732,-0.14591737301144123,false
wrong,10,1,9.6,-1.3925037217829546,-0.15122646915052299,false
wrong,10,1,9.7,-1.385619934163195,-0.15643359707065385,false
wrong,10,1,9.8,-1.3787221157668503,-0.16153937899974316,false
wrong,10,1,9.9,-1.3718095669800363,-0.1665444263061264,false
wrong,10,1,10.0,-1.3648815617748786,-0.17144933934196036,false
wrong,10,2,10.0,-1.2920992226910661,-0.08890094643767085,true
wrong,10,2,10.1,-1.2973279644136804,-0.09370091640289281,false
wrong,10,2,10.2,-1.3018261746965312,-0.09851024011879687,false
wrong,10,2,10.3,-1.305625643881314,-0.10332229769888898,false
wrong,10,2,10.4,-1.3087591388850894,-0.1081308140923126,false
wrong,10,2,10.5,-1.3112598968315852,-0.11292986312981282,false
wrong,10,2,10.6,-1.3131611882166474,-0.11771386721819428,false
wrong,10,2,10.7,-1.3144959477706564,-0.12247759334570432,false
wrong,10,2,10.8,-1.3152964693968254,-0.12721614603044748,false
wrong,10,2,10.9,-1.315594160326739,-0.13192495780004082,false
wrong,10,2,11.0,-1.3154193488686836,-0.13659977773802745,false
wrong,10,2,11.1,-1.3148011397481723,-0.1412366585750918,false
wrong,10,2,11.2,-1.3137673109717618,-0.14583194274409328,false
wrong,10,2,11.3,-1.3123442463087194,-0.15038224775983378,false
wrong,10,2,11.4,-1.3105568978130693,-0.1548844512290994,false
wrong,10,2,11.5,-1.3084287732442637,-0.1593356757450886,false
wrong,10,2,11.6,-1.3059819437420486,-0.16373327387359451,false
wrong,10,2,11.7,-1.3032370676340865,-0.168074813396609,false
wrong,10,2,11.8,-1.3002134267766554,-0.17235806294242653,false
wrong,10,2,11.9,-1.2969289723301454,-0.17658097809970508,false
wrong,10,2,12.0,-1.2934003773394043,-0.18074168808600655,false
wrong,10,2,12.1,-1.2896430939165822,-0.1848384830187089,false
wrong,10,2,12.2,-1.2856714132072553,-0.18886980181743723,false
wrong,10,2,12.3,-1.2814985266583865,-0.19283422075185674,false
wrong,10,2,12.4,-1.277136587400268,-0.19673044263636869,false
wrong,10,2,12.5,-1.2725967708064925,-0.20055728666353898,false
wrong,10,2,12.6,-1.267889333509544,-0.20431367886057644,false
wrong,10,2,12.7,-1.2630236703285522,-0.20799864314751784,false
wrong,10,2,12.8,-1.2580083687140016,-0.21161129297165374,false
wrong,10,2,12.9,-1.2528512604355806,-0.21515082348986966,false
wrong,10,2,13.0,-1.247559470337511,-0.2186165042687417,false
wrong,10,2,13.1,-1.242139462063989,-0.2220076724712101,false
wrong,10,2,13.2,-1.2365970807188331,-0.22532372649828367,false
wrong,10,2,13.3,-1.230937592470765,-0.22856412005435858,false
wrong,10,2,13.4,-1.225165721151311,-0.23172835660523933,false
wrong,10,2,13.5,-1.219285681918172,-0.23481598419873484,false
wrong,10,2,13.6,-1.2133012120748023,-0.237826590618677,false
wrong,10,2,13.7,-1.2072155991483549,-0.24075979884431226,false
wrong,10,2,13.8,-1.2010317063343598,-0.24361526278819093,false
wrong,10,2,13.9,-1.194751995418511,-0.2463926632868809,false
wrong,10,2,14.0,-1.1883785472846258,-0.24909170432002925,false
wrong,10,2,14.1,-1.181913080113901,-0.2517121094344577,false
wrong,10,2,14.2,-1.175356965374574,-0.25425361835108634,false
wrong,10,2,14.3,-1.1687112416934595,-0.2567159837335175,false
wrong,10,2,14.4,-1.1619766266919236,-0.25909896809806515,false
wrong,10,2,14.5,-1.15515352685892,-0.2614023408458753,false
wrong,10,2,14.6,-1.148242045522973,-0.26362587539854193,false
wrong,10,2,14.7,-1.1412419889735455,-0.2657693464192742,false
wrong,10,2,14.8,-1.1341528707701771,-0.26783252710221056,false
wrong,10,2,14.9,-1.1269739142651518,-0.2698151865128963,false
wrong,10,2,15.0,-1.11970405335224,-0.27171708696324215,false
wrong,10,2,15.1,-1.1123419314402259,-0.27353798140445584,false
wrong,10,2,15.2,-1.1048858986353938,-0.2752776108214816,false
wrong,10,2,15.3,-1.097334007101813,-0.27693570161238873,false
wrong,10,2,15.4,-1.0896840045519798,-0.27851196293591135,false
wrong,10,2,15.5,-1.0819333258029895,-0.2800060840099524,false
wrong,10,2,15.6,-1.074079082314714,-0.2814177313433107,false
wrong,10,2,15.7,-1.066118049606217,-0.2827465458821635,false
wrong,10,2,15.8,-1.0580466524245729,-0.2839921400519214,false
wrong,10,2,15.9,-1.0498609475160368,-0.2851540946739512,false
wrong,10,2,16.0,-1.0415566038227946,-0.28623195573531807,false
wrong,10,2,16.1,-1.033128879898835,-0.28722523098810293,false
wrong,10,2,16.2,-1.0245725983053728,-0.2881333863529822,false
wrong,10,2,16.3,-1.0158821167091066,-0.2889558420995797,false
wrong,10,2,16.4,-1.0070512953647603,-0.2896919687735768,false
wrong,10,2,16.5,-0.9980734606160628,-0.2903410828376555,false
wrong,10,2,16.6,-0.9889413639956364,-0.29090244198999515,false
wrong,10,2,16.7,-0.9796471364431726,-0.29137524012019056,false
wrong,10,2,16.8,-0.9701822370915058,-0.2917586018580344,false
wrong,10,2,16.9,-0.9605373959903367,-0.2920515766655312,false
wrong,10,2,17.0,-0.9507025500457128,-0.2922531324166853,false
wrong,10,2,17.1,-0.9406667713479582,-0.2923621484029239,false
wrong,10,2,17.2,-0.9304181869392641,-0.2923774076943425,false
wrong,10,2,17.3,-0.9199438889318495,-0.2922975887781492,false
wrong,10,2,17.4,-0.9092298337253111,-0.29212125638554914,false
wrong,10,2,17.5,-0.8982607288837314,-0.2918468514066512,false
wrong,10,2,17.6,-0.887019906014891,-0.2914726797795432,false
wrong,10,2,17.7,-0.8754891777403715,-0.2909969002241894,false
wrong,10,2,17.8,-0.8636486765503729,-0.29041751067391247,false
wrong,10,2,17.9,-0.8514766729936096,-0.28973233323654707,false
wrong,10,2,18.0,-0.8389493702524479,-0.288938997493419,false
wrong,10,2,18.1,-0.826040671686922,-0.288034921916589,false
wrong,10,2,18.2,-0.8127219173873784,-0.287017293152662,false
wrong,10,2,18.3,-0.7989615851416377,-0.28588304288417216,false
wrong,10,2,18.4,-0.7847249504845121,-0.28462882193626327,false
wrong,10,2,18.5,-0.7699736996394813,-0.2832509712461032,false
wrong,10,2,18.6,-0.7546654881672755,-0.2817454892540835,false
wrong,10,2,18.7,-0.7387534369863265,-0.28010799520807317,false
wrong,10,2,18.8,-0.722185556108351,-0.27833368779340106,false
wrong,10,2,18.9,-0.704904084924105,-0.276417298410255,false
wrong,10,2,19.0,-0.6868447361709545,-0.2743530383151558,false
wrong,10,2,19.1,-0.6679358288182744,-0.2721345387223958,false
wrong,10,2,19.2,-0.6480972930420408,-0.2697547828232702,false
wrong,10,2,19.3,-0.6272395282837533,-0.2672060285243837,false
wrong,10,2,19.4,-0.6052620932139142,-0.2644797205308576,false
wrong,10,2,19.5,-0.5820522044479353,-0.2615663902068913,false
wrong,10,2,19.6,-0.5574830194319531,-0.2584555414382554,false
wrong,10,2,19.7,-0.5314116785805615,-0.2551355205063283,false
wrong,10,2,19.8,-0.5036770833871796,-0.2515933677750515,false
wrong,10,2,19.9,-0.4740973922135345,-0.24781464881455498,false
wrong,10,2,20.0,-0.44246722590874216,-0.24378326247766502,false
wrong,10,3,20.0,-0.6431483126570812,-0.2665967412024393,true
wrong,10,3,20.1,-0.6222924535703207,-0.2640257972558864,false
wrong,10,3,20.2,-0.6003070311999987,-0.2612774350799405,false
wrong,10,3,20.3,-0.5770783153110014,-0.25834209011252107,false
wrong,10,3,20.4,-0.5524783875433077,-0.2552091617565254,false
wrong,10,3,20.5,-0.5263631691654292,-0.25186688206894386,false
wrong,10,3,20.6,-0.4985701846627998,-0.2483021661385177,false
wrong,10,3,20.7,-0.46891604387494784,-0.2445004417795694,false
wrong,10,3,20.8,-0.43719363648552023,-0.24044545607405796,false
wrong,10,3,20.9,-0.40316905274175185,-0.23611905633885097,false
wrong,10,3,21.0,-0.36657827826284506,-0.23150094338309637,false
wrong,10,3,21.1,-0.32712376592305054,-0.22656839560827194,false
wrong,10,3,21.2,-0.28447107446514985,-0.22129596382679873,false
wrong,10,3,21.3,-0.23824589625651493,-0.21565513898170327,false
wrong,10,3,21.4,-0.18803199497280473,-0.20961399874052944,false
wrong,10,3,21.5,-0.13337086258876862,-0.20313684491147854,false
wrong,10,3,21.6,-0.07376431152682933,-0.19618385272581074,false
wrong,10,3,21.7,-0.00868176606850285,-0.18871076642249246,false
wrong,10,3,21.8,0.062425288948755486,-0.1806686945697975,false
wrong,10,3,21.9,0.14009845373373775,-0.17200408429119096,false
wrong,10,3,22.0,0.2248331791303418,-0.16265898624097108,false
wrong,10,3,22.1,0.31702087857105354,-0.15257175968927442,false
wrong,10,3,22.2,0.4168689081357209,-0.14167840268408957,false
wrong,10,3,22.3,0.5242978528649572,-0.12991471148748948,false
wrong,10,3,22.4,0.6388218129981231,-0.11721945140837878,false
wrong,10,3,22.5,0.7594277287266477,-0.10353862324860105,false
wrong,10,3,22.6,0.8844831227336355,-0.08883070183859643,false
wrong,10,3,22.7,1.0117132696664048,-0.07307239718280174,false
wrong,10,3,22.8,1.1382898248160223,-0.05626409926853697,false
wrong,10,3,22.9,1.2610536240651267,-0.03843385896882828,false
wrong,10,3,23.0,1.3768525857667793,-0.019638735054306914,false
wrong,10,3,23.1,1.48292546103742,3.724583021441283e-5,false
wrong,10,3,23.2,1.5772314531624931,0.020488461935257007,false
wrong,10,3,23.3,1.6586375997250626,0.04159545004154644,false
wrong,10,3,23.4,1.726927647083854,0.06323350336919667,false
wrong,10,3,23.5,1.7826587397557208,0.0852805491040513,false
wrong,10,3,23.6,1.8269326456376511,0.10762320470237008,false
wrong,10,3,23.7,1.8611531973501159,0.13016058044112933,false
wrong,10,3,23.8,1.886820673016089,0.1528059725294002,false
wrong,10,3,23.9,1.9053854089601345,0.17548692376553493,false
wrong,10,3,24.0,1.9181606028785037,0.1981442195431165,false
wrong,10,3,24.1,1.9262824406186996,0.2207303203316849,false
wrong,10,3,24.2,1.9307025274828091,0.24320759963571462,false
wrong,10,3,24.3,1.9321993498948256,0.2655466217068059,false
wrong,10,3,24.4,1.9313989964864533,0.2877245854955589,false
wrong,10,3,24.5,1.928798828871549,0.3097239871461504,false
wrong,10,3,24.6,1.9247904937152158,0.3315315081882264,false
wrong,10,3,24.7,1.9196805059257407,0.35313711250676444,false
wrong,10,3,24.8,1.9137077602264427,0.3745333247050323,false
wrong,10,3,24.9,1.9070579538301087,0.3957146599627505,false
wrong,10,3,25.0,1.899875207878449,0.41667717713910235,false
wrong,10,3,25.1,1.8922712917261777,0.4374181303537016,false
wrong,10,3,25.2,1.8843328686421517,0.45793569828445857,false
wrong,10,3,25.3,1.8761271467712215,0.47822877427453697,false
wrong,10,3,25.4,1.867706265268682,0.4982968037425956,false
wrong,10,3,25.5,1.8591106882854258,0.5181396582497284,false
wrong,10,3,25.6,1.8503718265528737,0.5377575379062496,false
wrong,10,3,25.7,1.841514060687297,0.5571508956613197,false
wrong,10,3,25.8,1.8325563025933154,0.5763203784826816,false
wrong,10,3,25.9,1.8235132009456738,0.5952667815757213,false
wrong,10,3,26.0,1.81439607266605,0.6139910126758987,false
wrong,10,3,26.1,1.805213623492218,0.6324940641312526,false
wrong,10,3,26.2,1.7959725061376914,0.6507769910169395,false
wrong,10,3,26.3,1.7866777532771223,0.6688408939272684,false
wrong,10,3,26.4,1.7773331139353745,0.6866869054004627,false
wrong,10,3,26.5,1.7679413152185688,0.7043161791691761,false
wrong,10,3,26.6,1.7585042662395027,0.7217298816124258,false
wrong,10,3,26.7,1.749023217195786,0.7389291849249945,false
wrong,10,3,26.8,1.7394988835770304,0.7559152616283908,false
wrong,10,3,26.9,1.7299315431924671,0.7726892801307119,false
wrong,10,3,27.0,1.720321111957733,0.7892524011070008,false
wrong,10,3,27.1,1.7106672030335532,0.8056057745213568,false
wrong,10,3,27.2,1.700969172873716,0.8217505371505085,false
wrong,10,3,27.3,1.69122615694199,0.8376878104983746,false
wrong,10,3,27.4,1.6814370972417976,0.8534186990142996,false
wrong,10,3,27.5,1.671600763326001,0.8689442885456606,false
wrong,10,3,27.6,1.6617157680847308,0.8842656449695682,false
wrong,10,3,27.7,1.6517805793219817,0.8993838129593116,false
wrong,10,3,27.8,1.6417935279078064,0.914299814849723,false
wrong,10,3,27.9,1.6317528131178336,0.929014649572269,false
wrong,10,3,28.0,1.621656505634382,0.943529291635847,false
wrong,10,3,28.1,1.611502548575073,0.9578446901332692,false
wrong,10,3,28.2,1.6012887568289553,0.9719617677565086,false
wrong,10,3,28.3,1.5910128149116318,0.9858814198061455,false
wrong,10,3,28.4,1.5806722734957843,0.9996045131822391,false
wrong,10,3,28.5,1.5702645447287122,1.0131318853451596,false
wrong,10,3,28.6,1.5597868964116586,1.0264643432358538,false
wrong,10,3,28.7,1.5492364450848837,1.0396026621456282,false
wrong,10,3,28.8,1.5386101480361587,1.0525475845258947,false
wrong,10,3,28.9,1.5279047942274022,1.0652998187284377,false
wrong,10,3,29.0,1.517116994113592,1.0778600376666962,false
wrong,10,3,29.1,1.5062431683090527,1.0902288773882916,false
wrong,10,3,29.2,1.495279535038091,1.1024069355486124,false
wrong,10,3,29.3,1.4842220962891122,1.1143947697746823,false
wrong,10,3,29.4,1.4730666225733315,1.1261928959077898,false
wrong,10,3,29.5,1.4618086361704727,1.1378017861124532,false
wrong,10,3,29.6,1.450443392723998,1.14922186683822,false
wrong,10,3,29.7,1.4389658610269709,1.160453516619536,false
wrong,10,3,29.8,1.4273707008161418,1.1714970636974706,false
wrong,10,3,29.9,1.4156522383657777,1.18235278344541,false
wrong,10,3,30.0,1.4038044396435825,1.1930208955789223,false
wrong,10,4,30.0,1.3893349327888949,1.0892822957322503,true
wrong,10,4,30.1,1.388358028137508,1.1004422415497361,false
wrong,10,4,30.2,1.3863788477119805,1.1115067348994458,false
wrong,10,4,30.3,1.3834767817249383,1.122467657843666,false
wrong,10,4,30.4,1.379724769973283,1.1333176501245235,false
wrong,10,4,30.5,1.37518932430717,1.1440500444719217,false
wrong,10,4,30.6,1.3699306779452407,1.1546588032056297,false
wrong,10,4,30.7,1.3640030237465322,1.1651384571052983,false
wrong,10,4,30.8,1.3574548105842283,1.17548404720044,false
wrong,10,4,30.9,1.350329073321521,1.1856910698745664,false
wrong,10,4,31.0,1.342663777410385,1.195755425476209,false
wrong,10,4,31.1,1.3344921637807332,1.2056733704761597,false
wrong,10,4,31.2,1.3258430834943549,1.2154414730966827,false
wrong,10,4,31.3,1.316741314681312,1.225056572257031,false
wrong,10,4,31.4,1.3072078566518173,1.2345157396235282,false
wrong,10,4,31.5,1.297260197884646,1.2438162445159084,false
wrong,10,4,31.6,1.286912555930224,1.2529555213996493,false
wrong,10,4,31.7,1.2761760882197353,1.2619311396826716,false
wrong,10,4,31.8,1.2650590734162983,1.270740775530763,false
wrong,10,4,31.9,1.2535670633436042,1.2793821854168423,false
wrong,10,4,32.0,1.2417030057328344,1.2878531811226708,false
wrong,10,4,32.1,1.2294673380807752,1.296151605916224,false
wrong,10,4,32.2,1.216858052842034,1.3042753116324217,false
wrong,10,4,32.3,1.2038707340090407,1.3122221363882431,false
wrong,10,4,32.4,1.1904985648809727,1.319989882664615,false
wrong,10,4,32.5,1.1767323064966557,1.3275762954861658,false
wrong,10,4,32.6,1.1625602458113906,1.334979040425331,false
wrong,10,4,32.7,1.1479681122333825,1.342195681148793,false
wrong,10,4,32.8,1.132938960597524,1.3492236562112097,false
wrong,10,4,32.9,1.1174530180341777,1.3560602547829508,false
wrong,10,4,33.0,1.1014874914756576,1.3627025909743486,false
wrong,10,4,33.1,1.0850163317164592,1.3691475763878935,false
wrong,10,4,33.2,1.068009948983521,1.3753918904907734,false
wrong,10,4,33.3,1.0504348738535296,1.3814319483519146,false
wrong,10,4,33.4,1.0322533560435847,1.3872638652286768,false
wrong,10,4,33.5,1.0134228920614776,1.3928834174167495,false
wrong,10,4,33.6,0.9938956708877961,1.398285998690379,false
wrong,10,4,33.7,0.9736179247226763,1.4034665715561925,false
wrong,10,4,33.8,0.9525291693072893,1.4084196124194603,false
wrong,10,4,33.9,0.9305613153608557,1.413139049613006,false
wrong,10,4,34.0,0.9076376291928873,1.4176181930619067,false
wrong,10,4,34.1,0.8836715164965859,1.421849654146874,false
wrong,10,4,34.2,0.8585650986582966,1.425825254080521,false
wrong,10,4,34.3,0.8322075456221593,1.429535918818168,false
wrong,10,4,34.4,0.8044731234939474,1.4329715581832225,false
wrong,10,4,34.5,0.7752189088510344,1.4361209264925212,false
wrong,10,4,34.6,0.7442821155740994,1.438971461518118,false
wrong,10,4,34.7,0.7114769747472371,1.4415090981232417,false
wrong,10,4,34.8,0.6765911052480857,1.4437180523760498,false
wrong,10,4,34.9,0.6393813145820533,1.4455805714076453,false
wrong,10,4,35.0,0.5995687805112759,1.4470766438028422,false
wrong,10,4,35.1,0.5568335909833713,1.4481836650050977,false
wrong,10,4,35.2,0.5108086738706237,1.4488760522728537,false
wrong,10,4,35.3,0.4610732466146562,1.4491248044629943,false
wrong,10,4,35.4,0.40714608615413567,1.4488970038575093,false
wrong,10,4,35.5,0.3484792023313462,1.4481552612152873,false
wrong,10,4,35.6,0.2844529524961219,1.4468571124947864,false
wrong,10,4,35.7,0.21437434196269445,1.4449543881585167,false
wrong,10,4,35.8,0.1374813132959865,1.442392596357001,false
wrong,10,4,35.9,0.05295733295040124,1.4391103932190192,false
wrong,10,4,36.0,-0.04003743343739062,1.4350392611892557,false
wrong,10,4,36.1,-0.14230978534021085,1.4301035835322353,false
wrong,10,4,36.2,-0.2545415067333445,1.424221389811379,false
wrong,10,4,36.3,-0.3771512941223875,1.4173061434689491,false
wrong,10,4,36.4,-0.510105087954054,1.4092700182311286,false
wrong,10,4,36.5,-0.6526833812744619,1.4000291013478094,false
wrong,10,4,36.6,-0.8032409299202105,1.389510766925632,false
wrong,10,4,36.7,-0.9590317291336443,1.3776629688032485,false
wrong,10,4,36.8,-1.116204340146135,1.3644643741275841,false
wrong,10,4,36.9,-1.270067462221295,1.3499332842054712,false
wrong,10,4,37.0,-1.4156513394360075,1.334132671222599,false
wrong,10,4,37.1,-1.5484554865295692,1.3171690376199283,false
wrong,10,4,37.2,-1.665151830035255,1.2991844336782248,false
wrong,10,4,37.3,-1.764002650055533,1.2803432461170416,false
wrong,10,4,37.4,-1.844879684545748,1.2608170658365012,false
wrong,10,4,37.5,-1.9089479884124714,1.240771136031735,false
wrong,10,4,37.6,-1.9581883387470722,1.2203546851830658,false
wrong,10,4,37.7,-1.9949310867665382,1.1996957661221164,false
wrong,10,4,37.8,-2.021503620961467,1.1788999303509722,false
wrong,10,4,37.9,-2.040016788806335,1.1580515020932183,false
wrong,10,4,38.0,-2.052268106812403,1.1372162380915283,false
wrong,10,4,38.1,-2.059723666209816,1.1164444644240825,false
wrong,10,4,38.2,-2.063543826585209,1.0957741321046188,false
wrong,10,4,38.3,-2.0646278327339607,1.0752335130154898,false
wrong,10,4,38.4,-2.063662413933185,1.0548434406240508,false
wrong,10,4,38.5,-2.061166734435967,1.0346191017978599,false
wrong,10,4,38.6,-2.057530625980324,1.0145714331234554,false
wrong,10,4,38.7,-2.0530455310282494,0.9947081901401835,false
wrong,10,4,38.8,-2.0479287690970507,0.9750347564476606,false
wrong,10,4,38.9,-2.0423421764734577,0.9555547511275742,false
wrong,10,4,39.0,-2.0364062274291577,0.9362704824073366,false
wrong,10,4,39.1,-2.0302106343512456,0.9171832854170539,false
wrong,10,4,39.2,-2.0238222571231894,0.8982937732213334,false
wrong,10,4,39.3,-2.0172909826539676,0.87960202326977,false
wrong,10,4,39.4,-2.0106540861185644,0.8611077158942183,false
wrong,10,4,39.5,-2.0039394628013794,0.8428102372535381,false
wrong,10,4,39.6,-1.9971680226899156,0.824708755933468,false
wrong,10,4,39.7,-1.9903554655830002,0.8068022800206683,false
wrong,10,4,39.8,-1.983513598219684,0.7890896996943022,false
wrong,10,4,39.9,-1.9766513128426833,0.7715698190637413,false
wrong,10,4,40.0,-1.9697753153391448,0.7542413800097111,false
wrong,10,5,40.0,-1.9877320457334957,0.8430275535219565,true
wrong,10,5,40.1,-1.9846670632172403,0.825055293538163,false
wrong,10,5,40.2,-1.980711189924907,0.807247188296844,false
wrong,10,5,40.3,-1.9760739723993281,0.7896091959937642,false
wrong,10,5,40.4,-1.9709158116126881,0.7721455457284397,false
wrong,10,5,40.5,-1.9653593765228197,0.7548591461240176,false
wrong,10,5,40.6,-1.9594984627740561,0.737751898476684,false
wrong,10,5,40.7,-1.9534048148872354,0.7208249361207395,false
wrong,10,5,40.8,-1.947133352559835,0.7040788071329077,false
wrong,10,5,40.9,-1.9407261608005737,0.6875136137091175,false
wrong,10,5,41.0,-1.9342155300825608,0.6711291184970908,false
wrong,10,5,41.1,-1.9276262703120353,0.6549248257647013,false
wrong,10,5,41.2,-1.920977471596653,0.6389000434166242,false
wrong,10,5,41.3,-1.9142838444674506,0.6230539304345808,false
wrong,10,5,41.4,-1.9075567407422307,0.607385533217505,false
wrong,10,5,41.5,-1.9008049319493412,0.5918938134612135,false
wrong,10,5,41.6,-1.8940352036596089,0.5765776695818009,false
wrong,10,5,41.7,-1.8872528099377248,0.5614359532052902,false
wrong,10,5,41.8,-1.880461821400658,0.5464674818811326,false
wrong,10,5,41.9,-1.8736653922529969,0.5316710489006848,false
wrong,10,5,42.0,-1.866865965531111,0.5170454308922618,false
wrong,10,5,42.1,-1.860065431148787,0.5025893937054321,false
wrong,10,5,42.2,-1.853265247829972,0.4883016969765453,false
wrong,10,5,42.3,-1.8464665373616513,0.47418109767573013,false
wrong,10,5,42.4,-1.8396701575917462,0.4602263528657398,false
wrong,10,5,42.5,-1.83287675907491,0.4464362218497468,false
wrong,10,5,42.6,-1.8260868291140524,0.432809467844491,false
wrong,10,5,42.7,-1.8193007260675527,0.419344859284044,false
wrong,10,5,42.8,-1.8125187061238681,0.4060411708355785,false
wrong,10,5,42.9,-1.805740944235719,0.3928971841901959,false
wrong,10,5,43.0,-1.7989675505168528,0.3799116886777594,false
wrong,10,5,43.1,-1.7921985831066112,0.3670834817438019,false
wrong,10,5,43.2,-1.7854340582792743,0.3544113693181811,false
wrong,10,5,43.3,-1.7786739583998594,0.34189416609865136,false
wrong,10,5,43.4,-1.7719182381932124,0.3295306957674844,false
wrong,10,5,43.5,-1.7651668296892682,0.31731979115535647,false
wrong,10,5,43.6,-1.7584196461270938,0.30526029436367175,false
wrong,10,5,43.7,-1.7516765850382237,0.2933510568541177,false
wrong,10,5,43.8,-1.7449375306816612,0.28159093951239283,false
wrong,10,5,43.9,-1.738202355965526,0.26997881269159313,false
wrong,10,5,44.0,-1.7314709239612516,0.25851355623960803,false
wrong,10,5,44.1,-1.7247430890935564,0.24719405951397955,false
wrong,10,5,44.2,-1.7180186980717067,0.23601922138697637,false
wrong,10,5,44.3,-1.711297590613731,0.22498795024307972,false
wrong,10,5,44.4,-1.7045796000043851,0.2140991639706398,false
wrong,10,5,44.5,-1.6978645535191346,0.20335178994911562,false
wrong,10,5,44.6,-1.6911522727397068,0.19274476503303703,false
wrong,10,5,44.7,-1.6844425737814699,0.18227703553361008,false
wrong,10,5,44.8,-1.6777352674487165,0.1719475571987151,false
wrong,10,5,44.9,-1.6710301593306096,0.16175529519190876,false
wrong,10,5,45.0,-1.6643270498479361,0.15169922407093345,false
wrong,10,5,45.1,-1.6576257342587049,0.1417783277661498,false
wrong,10,5,45.2,-1.6509260026289807,0.13199159955924017,false
wrong,10,5,45.3,-1.6442276397739992,0.12233804206247514,false
wrong,10,5,45.4,-1.6375304251735519,0.11281666719879281,false
wrong,10,5,45.5,-1.6308341328647682,0.10342649618290539,false
wrong,10,5,45.6,-1.6241385313147334,0.0941665595036214,false
wrong,10,5,45.7,-1.617443383274817,0.08503589690755033,false
wrong,10,5,45.8,-1.610748445618137,0.07603355738434021,false
wrong,10,5,45.9,-1.6040534691612074,0.06715859915358667,false
wrong,10,5,46.0,-1.5973581984705114,0.058410089653542406,false
wrong,10,5,46.1,-1.5906623716544854,0.049787105531749615,false
wrong,10,5,46.2,-1.5839657201411903,0.041288732637713724,false
wrong,10,5,46.3,-1.5772679684417596,0.03291406601773404,false
wrong,10,5,46.4,-1.5705688338995627,0.02466220991200596,false
wrong,10,5,46.5,-1.5638680264248823,0.01653227775410996,false
wrong,10,5,46.6,-1.5571652482147917,0.008523392173004078,false
wrong,10,5,46.7,-1.5504601934577982,0.0006346849976388048,false
wrong,10,5,46.8,-1.5437525480227328,-0.0071347027356825545,false
wrong,10,5,46.9,-1.537041989131263,-0.014785620773071263,false
wrong,10,5,47.0,-1.5303281850133228,-0.02231890962981579,false
wrong,10,5,47.1,-1.5236107945446624,-0.029735400574001862,false
wrong,10,5,47.2,-1.5168894668656387,-0.03703591560684482,false
wrong,10,5,47.3,-1.510163840980282,-0.044221267439582324,false
wrong,10,5,47.4,-1.5034335453345822,-0.051292259466766826,false
wrong,10,5,47.5,-1.4966981973728517,-0.058249685735788787,false
wrong,10,5,47.6,-1.4899574030709313,-0.0650943309124515,false
wrong,10,5,47.7,-1.4832107564448973,-0.0718269702424083,false
wrong,10,5,47.8,-1.4764578390338383,-0.07844836950826155,false
wrong,10,5,47.9,-1.4696982193551484,-0.08495928498211004,false
wrong,10,5,48.0,-1.4629314523306767,-0.09136046337331936,false
wrong,10,5,48.1,-1.4561570786819413,-0.09765264177127446,false
wrong,10,5,48.2,-1.4493746242924876,-0.10383654758285919,false
wrong,10,5,48.3,-1.442583599535324,-0.10991289846439103,false
wrong,10,5,48.4,-1.4357834985632154,-0.11588240224772134,false
wrong,10,5,48.5,-1.4289737985594526,-0.1217457568601926,false
wrong,10,5,48.6,-1.4221539589465264,-0.12750365023812393,false
wrong,10,5,48.7,-1.4153234205499527,-0.13315676023347403,false
wrong,10,5,48.8,-1.4084816047142779,-0.13870575451330674,false
wrong,10,5,48.9,-1.4016279123680677,-0.14415129045165945,false
wrong,10,5,49.0,-1.39476172303444,-0.14949401501338666,false
wrong,10,5,49.1,-1.3878823937834275,-0.15473456462952187,false
wrong,10,5,49.2,-1.380989258122172,-0.15987356506366826,false
wrong,10,5,49.3,-1.3740816248186356,-0.16491163126889463,false
wrong,10,5,49.4,-1.3671587766541609,-0.16984936723457622,false
wrong,10,5,49.5,-1.3602199690998535,-0.1746873658225783,false
wrong,10,5,49.6,-1.3532644289113378,-0.17942620859213843,false
wrong,10,5,49.7,-1.3462913526359972,-0.18406646561275528,false
wrong,10,5,49.8,-1.3392999050263263,-0.1886086952643405,false
wrong,10,5,49.9,-1.3322892173524852,-0.19305344402383567,false
wrong,10,5,50.0,-1.3252583856065703,-0.19740124623743552,false
wrong,10,6,50.0,-1.3869063110229458,-0.06364603188435047,true
wrong,10,6,50.1,-1.3888333332113922,-0.06948505237177013,false
wrong,10,6,50.2,-1.3900620904969956,-0.07529567387047502,false
wrong,10,6,50.3,-1.390644865690322,-0.08107194609978874,false
wrong,10,6,50.4,-1.3906311959645348,-0.08680842920830015,false
wrong,10,6,50.5,-1.3900677127237488,-0.09250016405772622,false
wrong,10,6,50.6,-1.3889980657791259,-0.09814264165724346,false
wrong,10,6,50.7,-1.3874629150590196,-0.10373177244893386,false
wrong,10,6,50.8,-1.385499975004956,-0.10926385599480937,false
wrong,10,6,50.9,-1.383144098819238,-0.11473555148496963,false
wrong,10,6,51.0,-1.3804273917040062,-0.12014384937485682,false
wrong,10,6,51.1,-1.3773793440813054,-0.12548604436637234,false
wrong,10,6,51.2,-1.3740269774594882,-0.13075970987128777,false
wrong,10,6,51.3,-1.3703949970893214,-0.13596267403407453,false
wrong,10,6,51.4,-1.3665059468281269,-0.14109299734303085,false
wrong,10,6,51.5,-1.3623803627091027,-0.14614895182147328,false
wrong,10,6,51.6,-1.3580369226102256,-0.15112900176296018,false
wrong,10,6,51.7,-1.3534925901514687,-0.1560317859543826,false
wrong,10,6,51.8,-1.3487627515408098,-0.1608561013168339,false
wrong,10,6,51.9,-1.343861344558902,-0.1656008878851939,false
wrong,10,6,52.0,-1.3388009792385107,-0.1702652150422711,false
wrong,10,6,52.1,-1.3335930500753395,-0.17484826892123992,false
wrong,10,6,52.2,-1.3282478398171658,-0.17934934089025928,false
wrong,10,6,52.3,-1.3227746150316917,-0.18376781703496245,false
wrong,10,6,52.4,-1.317181713761618,-0.18810316855749112,false
wrong,10,6,52.5,-1.3114766256477663,-0.192354943014526,false
wrong,10,6,52.6,-1.305666064945528,-0.19652275632104838,false
wrong,10,6,52.7,-1.2997560368830128,-0.20060628545112338,false
wrong,10,6,52.8,-1.2937518978162634,-0.20460526177165086,false
wrong,10,6,52.9,-1.2876584096319972,-0.20851946494965962,false
wrong,10,6,53.0,-1.2814797888348601,-0.21234871737822886,false
wrong,10,6,53.1,-1.2752197507367677,-0.21609287907044344,false
wrong,10,6,53.2,-1.2688815491425531,-0.21975184297488332,false
wrong,10,6,53.3,-1.2624680119004226,-0.22332553066998562,false
wrong,10,6,53.4,-1.255981572658776,-0.2268138883981848,false
wrong,10,6,53.5,-1.249424299143654,-0.23021688340402924,false
wrong,10,6,53.6,-1.24279791824404,-0.23353450054349045,false
wrong,10,6,53.7,-1.236103838165912,-0.23676673913443377,false
wrong,10,6,53.8,-1.2293431678905693,-0.23991361002071304,false
wrong,10,6,53.9,-1.2225167341485659,-0.24297513282460095,false
wrong,10,6,54.0,-1.2156250960975927,-0.24595133336428282,false
wrong,10,6,54.1,-1.2086685578709464,-0.2488422412149381,false
wrong,10,6,54.2,-1.201647179142731,-0.25164788739352356,false
wrong,10,6,54.3,-1.1945607838366172,-0.2543683021487688,false
wrong,10,6,54.4,-1.1874089670867374,-0.25700351283910716,false
wrong,10,6,54.5,-1.1801911005420112,-0.259553541882308,false
wrong,10,6,54.6,-1.1729063360887635,-0.262018404761456,false
wrong,10,6,54.7,-1.165553608050756,-0.2643981080726487,false
wrong,10,6,54.8,-1.158131633910597,-0.2666926476003634,false
wrong,10,6,54.9,-1.1506389135817388,-0.2689020064068822,false
wrong,10,6,55.0,-1.14307372724579,-0.2710261529224654,false
wrong,10,6,55.1,-1.1354341317554772,-0.27306503902312856,false
wrong,10,6,55.2,-1.1277179555891323,-0.27501859808291446,false
wrong,10,6,55.3,-1.1199227923278727,-0.2768867429874476,false
wrong,10,6,55.4,-1.1120459926114898,-0.2786693640953246,false
wrong,10,6,55.5,-1.1040846545132605,-0.28036632713351634,false
wrong,10,6,55.6,-1.0960356122572392,-0.2819774710124352,false
wrong,10,6,55.7,-1.0878954231838078,-0.2835026055456456,false
wrong,10,6,55.8,-1.0796603528501174,-0.2849415090583548,false
wrong,10,6,55.9,-1.0713263581312267,-0.28629392586780456,false
wrong,10,6,56.0,-1.062889068164913,-0.2875595636174746,false
wrong,10,6,56.1,-1.0543437629579147,-0.2887380904455885,false
wrong,10,6,56.2,-1.0456853494433302,-0.28982913196675925,false
wrong,10,6,56.3,-1.0369083347475643,-0.29083226804369716,false
wrong,10,6,56.4,-1.0280067963900075,-0.29174702932370145,false
wrong,10,6,56.5,-1.0189743490989147,-0.29257289351212323,false
wrong,10,6,56.6,-1.0098041078819602,-0.29330928135209083,false
wrong,10,6,56.7,-1.0004886469388157,-0.29395555227646847,false
wrong,10,6,56.8,-0.9910199539448264,-0.29451099969422545,false
wrong,10,6,56.9,-0.981389379168234,-0.29497484586905504,false
wrong,10,6,57.0,-0.9715875788070715,-0.2953462363431214,false
wrong,10,6,57.1,-0.9616044518441907,-0.29562423385313924,false
wrong,10,6,57.2,-0.9514290696179928,-0.2958078116794947,false
wrong,10,6,57.3,-0.9410495971900984,-0.2958958463616754,false
wrong,10,6,57.4,-0.9304532054568033,-0.2958871097047422,false
wrong,10,6,57.5,-0.9196259727956547,-0.2957802599917794,false
wrong,10,6,57.6,-0.9085527748582529,-0.2955738323059963,false
wrong,10,6,57.7,-0.8972171609112044,-0.29526622785319373,false
wrong,10,6,57.8,-0.8856012148840516,-0.2948557021603751,false
wrong,10,6,57.9,-0.8736853990001688,-0.29434035200904934,false
wrong,10,6,58.0,-0.8614483775372136,-0.29371810094186945,false
wrong,10,6,58.1,-0.848866817879813,-0.2929866831582274,false
wrong,10,6,58.2,-0.8359151655794885,-0.29214362558776996,false
wrong,10,6,58.3,-0.8225653896146978,-0.291186227899901,false
wrong,10,6,58.4,-0.8087866934350384,-0.29011154017149104,false
wrong,10,6,58.5,-0.7945451866642101,-0.28891633789340126,false
wrong,10,6,58.6,-0.7798035115107468,-0.28759709394809707,false
wrong,10,6,58.7,-0.7645204169768317,-0.2861499471344839,false
wrong,10,6,58.8,-0.7486502728458159,-0.28457066675090065,false
wrong,10,6,58.9,-0.7321425141504689,-0.2828546126715541,false
wrong,10,6,59.0,-0.7149410053603964,-0.2809966902640205,false
wrong,10,6,59.1,-0.6969833118670128,-0.2789912993941179,false
wrong,10,6,59.2,-0.6781998644860353,-0.27683227664774057,false
wrong,10,6,59.3,-0.6585130006559038,-0.27451282976549585,false
wrong,10,6,59.4,-0.6378358638303824,-0.27202546313381365,false
wrong,10,6,59.5,-0.6160711403375261,-0.26936189300485713,false
wrong,10,6,59.6,-0.5931096108749813,-0.2665129509274701,false
wrong,10,6,59.7,-0.5688284921244213,-0.2634684736650526,false
wrong,10,6,59.8,-0.5430895431754772,-0.2602171776596027,false
wrong,10,6,59.9,-0.5157369123208182,-0.25674651588574343,false
wrong,10,6,60.0,-0.48659470352753587,-0.25304251474473544,false
wrong,10,7,60.0,-0.4401300181032084,-0.17466094445650182,true
wrong,10,7,60.1,-0.41319835838386576,-0.17087598013606423,false
wrong,10,7,60.2,-0.38429438886070183,-0.16686301306339021,false
wrong,10,7,60.3,-0.3532037199382571,-0.16260467200314305,false
wrong,10,7,60.4,-0.3196853548625534,-0.15808162804075138,false
wrong,10,7,60.5,-0.2834688281162888,-0.1532723519256419,false
wrong,10,7,60.6,-0.24425143373763503,-0.14815284721623212,false
wrong,10,7,60.7,-0.20169581446679438,-0.14269636137285702,false
wrong,10,7,60.8,-0.1554283397766859,-0.13687308008873178,false
wrong,10,7,60.9,-0.10503892582170504,-0.1306498150070796,false
wrong,10,7,61.0,-0.05008326259603843,-0.12398970224297028,false
wrong,10,7,61.1,0.009911170533370192,-0.11685193967402172,false
wrong,10,7,61.2,0.0754333982337784,-0.10919160573743258,false
wrong,10,7,61.3,0.14696905604443128,-0.10095962229144037,false
wrong,10,7,61.4,0.22496926020084224,-0.09210294915941437,false
wrong,10,7,61.5,0.30980491510030084,-0.08256512690551843,false
wrong,10,7,61.6,0.4017035828784092,-0.07228731273588167,false
wrong,10,7,61.7,0.5006679042477267,-0.06120997255715033,false
wrong,10,7,61.8,0.6063786965964145,-0.04927538336963598,false
wrong,10,7,61.9,0.7180929261097276,-0.036431040269624335,false
wrong,10,7,62.0,0.8345564110181986,-0.02263392525317419,false
wrong,10,7,62.1,0.9539608391718458,-0.00785536705331429,false
wrong,10,7,62.2,1.0739789944132525,0.007914074589409457,false
wrong,10,7,62.3,1.1919037657767135,0.02466054734547435,false
wrong,10,7,62.4,1.3048912045770862,0.04234463937922589,false
wrong,10,7,62.5,1.410270559654763,0.06090170731150396,false
wrong,10,7,62.6,1.5058514396903455,0.0802450914943049,false
wrong,10,7,62.7,1.5901501958207076,0.10027180685303537,false
wrong,10,7,62.8,1.6624827252680514,0.12086967814498063,false
wrong,10,7,62.9,1.722917067875092,0.14192461670280723,false
wrong,10,7,63.0,1.7721218844273128,0.16332689239049059,false
wrong,10,7,63.1,1.8111672196526738,0.1849757074180782,false
wrong,10,7,63.2,1.84132936666732,0.20678189583824225,false
wrong,10,7,63.3,1.8639325750633067,0.22866896708992912,false
wrong,10,7,63.4,1.8802395311722713,0.2505729124105794,false
wrong,10,7,63.5,1.8913876959149243,0.2724412251907966,false
wrong,10,7,63.6,1.8983613659071605,0.2942315178060525,false
wrong,10,7,63.7,1.9019878705243312,0.3159100117356811,false
wrong,10,7,63.8,1.9029479596555285,0.33745007562718826,false
wrong,10,7,63.9,1.9017931094158798,0.3588309055583848,false
wrong,10,7,64.0,1.898965026280527,0.38003638644911847,false
wrong,10,7,64.1,1.8948146154795646,0.4010541396293338,false
wrong,10,7,64.2,1.8896190421456445,0.42187474316969614,false
wrong,10,7,64.3,1.8835963630778896,0.4424911033411464,false
wrong,10,7,64.4,1.8769176893732362,0.46289795338291334,false
wrong,10,7,64.5,1.8697170838186126,0.48309145682816196,false
wrong,10,7,64.6,1.862099496750846,0.5030688952118861,false
wrong,10,7,64.7,1.854147063693086,0.5228284230507155,false
wrong,10,7,64.8,1.8459240671612827,0.5423688759975488,false
wrong,10,7,64.9,1.837480826883871,0.5616896207811931,false
wrong,10,7,65.0,1.828856740086372,0.5807904378516487,false
wrong,10,7,65.1,1.8200826529120515,0.5996714295607726,false
wrong,10,7,65.2,1.8111827082867469,0.6183329482520802,false
wrong,10,7,65.3,1.802175785416339,0.6367755398640803,false
wrong,10,7,65.4,1.7930766214577125,0.6549998996225318,false
wrong,10,7,65.5,1.7838966861167393,0.6730068371578111,false
wrong,10,7,65.6,1.7746448642479666,0.6907972489768643,false
wrong,10,7,65.7,1.7653279892190725,0.708372096680426,false
wrong,10,7,65.8,1.7559512601957232,0.7257323896740414,false
wrong,10,7,65.9,1.7465185690367964,0.7428791713988167,false
wrong,10,7,66.0,1.737032756704403,0.7598135083227622,false
wrong,10,7,66.1,1.727495814616974,0.7765364811001948,false
wrong,10,7,66.2,1.7179090429131851,0.7930491774358673,false
wrong,10,7,66.3,1.7082731749196527,0.8093526862907925,false
wrong,10,7,66.4,1.6985884750469313,0.8254480931446738,false
wrong,10,7,66.5,1.6888548157376932,0.8413364760905124,false
wrong,10,7,66.6,1.6790717378508841,0.8570189025842211,false
wrong,10,7,66.7,1.6692384979035997,0.8724964267089599,false
wrong,10,7,66.8,1.6593541048448381,0.8877700868427271,false
wrong,10,7,66.9,1.6494173484532821,0.9028409036402855,false
wrong,10,7,67.0,1.639426820997202,0.9177098782581661,false
wrong,10,7,67.1,1.6293809334395064,0.9323779907653322,false
wrong,10,7,67.2,1.6192779271925684,0.9468461986929405,false
wrong,10,7,67.3,1.6091158822084937,0.9611154356851387,false
wrong,10,7,67.4,1.5988927220176707,0.9751866102195003,false
wrong,10,7,67.5,1.5886062161914694,0.9890606043708882,false
wrong,10,7,67.6,1.5782539805958056,1.0027382725965752,false
wrong,10,7,67.7,1.5678334757147765,1.0162204405235578,false
wrong,10,7,67.8,1.5573420032528498,1.029507903721361,false
wrong,10,7,67.9,1.546776701166348,1.0426014264453947,false
wrong,10,7,68.0,1.5361345372272213,1.0555017403371842,false
wrong,10,7,68.1,1.5254123011820186,1.0682095430686562,false
wrong,10,7,68.2,1.5146065955346144,1.080725496918168,false
wrong,10,7,68.3,1.5037138249511584,1.0930502272661815,false
wrong,10,7,68.4,1.4927301842586238,1.1051843209984282,false
wrong,10,7,68.5,1.481651644983217,1.117128324804128,false
wrong,10,7,68.6,1.470473940350913,1.1288827433563045,false
wrong,10,7,68.7,1.4591925486487247,1.1404480373605217,false
wrong,10,7,68.8,1.4478026748213382,1.1518246214574215,false
wrong,10,7,68.9,1.436299230152781,1.16301286196329,false
wrong,10,7,69.0,1.4246768098562494,1.1740130744314967,false
wrong,10,7,69.1,1.4129296683664576,1.1848255210160257,false
wrong,10,7,69.2,1.4010516920972487,1.1954504076164256,false
wrong,10,7,69.3,1.3890363693920218,1.2058878807813282,false
wrong,10,7,69.4,1.376876757355009,1.216138024345173,false
wrong,10,7,69.5,1.3645654452067284,1.2262008557699036,false
wrong,10,7,69.6,1.3520945137560558,1.2360763221601123,false
wrong,10,7,69.7,1.3394554905231544,1.2457642959163389,false
wrong,10,7,69.8,1.3266392999806849,1.2552645699869243,false
wrong,10,7,69.9,1.313636208303721,1.264576852673882,false
wrong,10,7,70.0,1.300435761929807,1.2737007619425904,false
wrong,10,8,70.0,1.3178194168572777,1.1362973122578268,true
wrong,10,8,70.1,1.3168286512976952,1.1464568428025013,false
wrong,10,8,70.2,1.3149080731232827,1.1565284793371868,false
wrong,10,8,70.3,1.3121162123100265,1.166504614937262,false
wrong,10,8,70.4,1.308507739603934,1.1763782174422124,false
wrong,10,8,70.5,1.3041332737244113,1.186142788893514,false
wrong,10,8,70.6,1.2990392916155953,1.1957923239941362,false
wrong,10,8,70.7,1.2932681188402988,1.2053212684341834,false
wrong,10,8,70.8,1.2868579800685507,1.2147244777240391,false
wrong,10,8,70.9,1.27984309251182,1.2239971770012554,false
wrong,10,8,71.0,1.2722537879205056,1.2331349221296686,false
wrong,10,8,71.1,1.2641166512880335,1.2421335622868552,false
wrong,10,8,71.2,1.255454666632028,1.250989204136383,false
wrong,10,8,71.3,1.246287362129553,1.259698177601335,false
wrong,10,8,71.4,1.2366309484716822,1.2682570031921963,false
wrong,10,8,71.5,1.22649844559002,1.2766623607924363,false
wrong,10,8,71.6,1.2158997939197616,1.284911059766237,false
wrong,10,8,71.7,1.2048419471293281,1.2930000102223451,false
wrong,10,8,71.8,1.1933289437941974,1.3009261952437723,false
wrong,10,8,71.9,1.1813619558487451,1.3086866438731155,false
wrong,10,8,72.0,1.168939311837538,1.3162784046259337,false
wrong,10,8,72.1,1.1560564930250423,1.3236985192884332,false
wrong,10,8,72.2,1.1427061003238788,1.3309439967393568,false
wrong,10,8,72.3,1.1288777897754143,1.3380117865182362,false
wrong,10,8,72.4,1.1145581739665473,1.3448987518419193,false
wrong,10,8,72.5,1.0997306862919127,1.3516016417474126,false
wrong,10,8,72.6,1.0843754043652571,1.3581170620104293,false
wrong,10,8,72.7,1.068468828136007,1.3644414444544126,false
wrong,10,8,72.8,1.0519836073601607,1.3705710142228573,false
wrong,10,8,72.9,1.034888211985839,1.3765017545369922,false
wrong,10,8,73.0,1.0171465377140765,1.382229368399576,false
wrong,10,8,73.1,0.9987174374489857,1.3877492366316753,false
wrong,10,8,73.2,0.9795541675154333,1.393056371540489,false
wrong,10,8,73.3,0.9596037353468947,1.3981453654097853,false
wrong,10,8,73.4,0.9388061327746668,1.4030103328770802,false
wrong,10,8,73.5,0.9170934360207834,1.40764484610957,false
wrong,10,8,73.6,0.8943887499484274,1.4120418615097257,false
wrong,10,8,73.7,0.8706049699994398,1.4161936364665435,false
wrong,10,8,73.8,0.8456433305125406,1.4200916344145285,false
wrong,10,8,73.9,0.8193917027750528,1.423726416164193,false
wrong,10,8,74.0,0.791722600304744,1.4270875151203377,false
wrong,10,8,74.1,0.7624908427242378,1.430163293604178,false
wrong,10,8,74.2,0.7315308236708201,1.432940777042371,false
wrong,10,8,74.3,0.6986533234004373,1.4354054622863373,false
wrong,10,8,74.4,0.6636418047240188,1.4375410957964851,false
wrong,10,8,74.5,0.6262481344324367,1.4393294169052442,false
wrong,10,8,74.6,0.5861876860380179,1.4407498609303078,false
wrong,10,8,74.7,0.5431338110062067,1.4417792166694428,false
wrong,10,8,74.8,0.4967117267098342,1.442391232982185,false
wrong,10,8,74.9,0.4464919790284604,1.4425561701014469,false
wrong,10,8,75.0,0.3919838249194093,1.4422402935838914,false
wrong,10,8,75.1,0.33262918883973014,1.4414053132910767,false
wrong,10,8,75.2,0.26779833879770454,1.4400077778576816,false
wrong,10,8,75.3,0.19678918634487003,1.4379984487694197,false
wrong,10,8,75.4,0.11883323863106084,1.4353217002913672,false
wrong,10,8,75.5,0.03311280677588846,1.4319150257710815,false
wrong,10,8,75.6,-0.061203895069358694,1.4277087814658493,false
wrong,10,8,75.7,-0.1649008875830208,1.4226263692036412,false
wrong,10,8,75.8,-0.2786152769802399,1.4165851475730982,false
wrong,10,8,75.9,-0.40269101463170603,1.4094984551910323,false
wrong,10,8,76.0,-0.5369820273165943,1.401279193687547,false
wrong,10,8,76.1,-0.6806172409018801,1.3918453825882062,false
wrong,10,8,76.2,-0.8317688356295169,1.3811278579515975,false
wrong,10,8,76.3,-0.9875025471867449,1.3690797364361043,false
wrong,10,8,76.4,-1.1438163020845518,1.3556864017116619,false
wrong,10,8,76.5,-1.2959575344977492,1.3409738311582544,false
wrong,10,8,76.6,-1.4390231730492522,1.3250126093018162,false
wrong,10,8,76.7,-1.5687089997694443,1.3079155726340097,false
wrong,10,8,76.8,-1.681969402567054,1.289828816730437,false
wrong,10,8,76.9,-1.777364408446689,1.2709180277406171,false
wrong,10,8,77.0,-1.8550126988980906,1.2513535490700876,false
wrong,10,8,77.1,-1.916239004127509,1.23129750843954,false
wrong,10,8,77.2,-1.9630939841868333,1.210894998939357,false
wrong,10,8,77.3,-1.997907864523403,1.1902696687622778,false
wrong,10,8,77.4,-2.0229647365936536,1.1695229165126697,false
wrong,10,8,77.5,-2.040312451664134,1.1487354465297233,false
wrong,10,8,77.6,-2.051681943464816,1.1279700254903375,false
wrong,10,8,77.7,-2.0584781462657777,1.1072746013541501,false
wrong,10,8,77.8,-2.0618095435027604,1.08668528394451,false
wrong,10,8,77.9,-2.0625335267759555,1.0662289467630415,false
wrong,10,8,78.0,-2.061304160306979,1.0459253756529958,false
wrong,10,8,78.1,-2.058615681496146,1.025788980254572,false
wrong,10,8,78.2,-2.0548391909367822,1.0058301245400114,false
wrong,10,8,78.3,-2.0502522029063477,0.9860561443087752,false
wrong,10,8,78.4,-2.045061753263414,0.9664721166529421,false
wrong,10,8,78.5,-2.039422120673535,0.9470814375319788,false
wrong,10,8,78.6,-2.0334482411851993,0.9278862532276336,false
wrong,10,8,78.7,-2.0272257753052383,0.9088877817058392,false
wrong,10,8,78.8,-2.020818620503,0.890086551607999,false
wrong,10,8,78.9,-2.0142744978226315,0.8714825798878252,false
wrong,10,8,79.0,-2.007629098174408,0.8530755038692394,false
wrong,10,8,79.1,-2.0009091570193362,0.8348646794906524,false
wrong,10,8,79.2,-1.9941347343060631,0.8168492544743055,false
wrong,10,8,79.3,-1.9873209060218773,0.799028222895745,false
wrong,10,8,79.4,-1.980479020448076,0.7814004659455385,false
wrong,10,8,79.5,-1.9736176323647168,0.7639647824287265,false
wrong,10,8,79.6,-1.9667431988459076,0.7467199116260871,false
wrong,10,8,79.7,-1.9598605983858512,0.7296645504609307,false
wrong,10,8,79.8,-1.9529735189350508,0.7127973664128796,false
wrong,10,8,79.9,-1.9460847485170296,0.6961170072491506,false
wrong,10,8,80.0,-1.9391963933239336,0.6796221083696745,false
wrong,10,9,80.0,-1.8668447212976265,0.7551819346366915,true
wrong,10,9,80.1,-1.881395289042749,0.7388782216951454,false
wrong,10,9,80.2,-1.891627797783396,0.7225811847968658,false
wrong,10,9,80.3,-1.89836492372494,0.7063264761263325,false
wrong,10,9,80.4,-1.902296195954074,0.6901425623346275,false
wrong,10,9,80.5,-1.903989075229984,0.6740519517383576,false
wrong,10,9,80.6,-1.9039042818817014,0.658072288374242,false
wrong,10,9,80.7,-1.9024121618106766,0.642217290910771,false
wrong,10,9,80.8,-1.8998082615530612,0.6264975373068141,false
wrong,10,9,80.9,-1.8963272176816497,0.6109211082666899,false
wrong,10,9,81.0,-1.8921546446317279,0.5954941077603172,false
wrong,10,9,81.1,-1.8874370329371768,0.5802210799793929,false
wrong,10,9,81.2,-1.8822898348438715,0.565105340994987,false
wrong,10,9,81.3,-1.8768039806883428,0.5501492412649296,false
wrong,10,9,81.4,-1.8710510804597331,0.5353543727093089,false
wrong,10,9,81.5,-1.8650875477360798,0.5207217317045987,false
wrong,10,9,81.6,-1.858957853802223,0.5062518472193086,false
wrong,10,9,81.7,-1.8526970871986423,0.49194488149080706,false
wrong,10,9,81.8,-1.846332962837658,0.47780070912725825,false
wrong,10,9,81.9,-1.8398873972244036,0.46381897928399596,false
wrong,10,9,82.0,-1.833377742888655,0.4499991645721001,false
wrong,10,9,82.1,-1.826817755791997,0.43634059956843296,false
wrong,10,9,82.2,-1.8202183538082057,0.42284251117371113,false
wrong,10,9,82.3,-1.8135882118497921,0.40950404257583894,false
wrong,10,9,82.4,-1.806934229291815,0.3963242721924339,false
wrong,10,9,82.5,-1.8002618975348956,0.3833022286668882,false
wrong,10,9,82.6,-1.7935755894304937,0.3704369027584542,false
wrong,10,9,82.7,-1.786878787511691,0.357727256784396,false
wrong,10,9,82.8,-1.7801742642462637,0.3451722321299293,false
wrong,10,9,82.9,-1.7734642246269006,0.332770755230613,false
wrong,10,9,83.0,-1.7667504191547885,0.32052174234513503,false
wrong,10,9,83.1,-1.7600342335148977,0.30842410336866266,false
wrong,10,9,83.2,-1.753316759872644,0.2964767448839011,false
wrong,10,9,83.3,-1.7465988536553578,0.2846785726054683,false
wrong,10,9,83.4,-1.739881178850556,0.27302849334061297,false
wrong,10,9,83.5,-1.7331642442040422,0.26152541656370704,false
wrong,10,9,83.6,-1.7264484321936664,0.25016825568181134,false
wrong,10,9,83.7,-1.7197340222576802,0.23895592905274515,false
wrong,10,9,83.8,-1.7130212094456034,0.22788736080456917,false
wrong,10,9,83.9,-1.7063101194154184,0.21696148149549305,false
wrong,10,9,84.0,-1.699600820509059,0.2061772286453795,false
wrong,10,9,84.1,-1.692893333487113,0.19553354716379961,false
wrong,10,9,84.2,-1.6861876393845672,0.18502938969465474,false
wrong,10,9,84.3,-1.6794836858553561,0.17466371689344812,false
wrong,10,9,84.4,-1.6727813922990615,0.1644354976501557,false
wrong,10,9,84.5,-1.666080654004142,0.15434370926814292,false
wrong,10,9,84.6,-1.659381345495256,0.14438733760757153,false
wrong,10,9,84.7,-1.6526833232350306,0.13456537720013748,false
wrong,10,9,84.8,-1.6459864278009742,0.12487683134069322,false
wrong,10,9,84.9,-1.639290485634582,0.11532071216027351,false
wrong,10,9,85.0,-1.6325953104407838,0.10589604068421092,false
wrong,10,9,85.1,-1.6259007043007303,0.09660184687835609,false
wrong,10,9,85.2,-1.619206458548795,0.08743716968587567,false
wrong,10,9,85.3,-1.6125123544548963,0.07840105705666334,false
wrong,10,9,85.4,-1.6058181637453983,0.06949256597104413,false
wrong,10,9,85.5,-1.5991236489895175,0.060710762459165936,false
wrong,10,9,85.6,-1.5924285638730356,0.05205472161723915,false
wrong,10,9,85.7,-1.5857326533769827,0.043523527621596156,false
wrong,10,9,85.8,-1.5790356538755859,0.03511627374139043,false
wrong,10,9,85.9,-1.5723372931650441,0.026832062350629918,false
wrong,10,9,86.0,-1.5656372904324565,0.018670004940139408,false
wrong,10,9,86.1,-1.55893535617241,0.010629222129965258,false
wrong,10,9,86.2,-1.5522311920572323,0.002708843682670589,false
wrong,10,9,86.3,-1.5455244907656822,-0.005091991482083974,false
wrong,10,9,86.4,-1.5388149357738348,-0.012774135271320092,false
wrong,10,9,86.5,-1.5321022011110663,-0.02033843040056159,false
wrong,10,9,86.6,-1.52538595108334,-0.02778571037339948,false
wrong,10,9,86.7,-1.5186658399653978,-0.035116799458526714,false
wrong,10,9,86.8,-1.5119415116629562,-0.04233251266398155,false
wrong,10,9,86.9,-1.5052125993455747,-0.049433655708348526,false
wrong,10,9,87.0,-1.4984787250504905,-0.05642102498867204,false
wrong,10,9,87.1,-1.4917394992573854,-0.06329540754484063,false
wrong,10,9,87.2,-1.4849945204337567,-0.07005758102020014,false
wrong,10,9,87.3,-1.4782433745503076,-0.07670831361815142,false
wrong,10,9,87.4,-1.471485634565524,-0.08324836405448358,false
wrong,10,9,87.5,-1.4647208598783819,-0.08967848150518694,false
wrong,10,9,87.6,-1.457948595747915,-0.09599940554948112,false
wrong,10,9,87.7,-1.4511683726781655,-0.10221186610778275,false
wrong,10,9,87.8,-1.4443797057668297,-0.10831658337432527,false
wrong,10,9,87.9,-1.4375820940157165,-0.11431426774412853,false
wrong,10,9,88.0,-1.4307750196009152,-0.12020561973400043,false
wrong,10,9,88.1,-1.4239579471003694,-0.1259913298972342,false
wrong,10,9,88.2,-1.4171303226763194,-0.13167207873164605,false
wrong,10,9,88.3,-1.4102915732098558,-0.13724853658057576,false
wrong,10,9,88.4,-1.40344110538457,-0.14272136352644893,false
wrong,10,9,88.5,-1.396578304716038,-0.14809120927647457,false
wrong,10,9,88.6,-1.3897025345235892,-0.15335871304002274,false
wrong,10,9,88.7,-1.3828131348405144,-0.15852450339719695,false
wrong,10,9,88.8,-1.3759094212585528,-0.16358919815808282,false
wrong,10,9,88.9,-1.3689906837021442,-0.16855340421211845,false
wrong,10,9,89.0,-1.3620561851275625,-0.17341771736699302,false
wrong,10,9,89.1,-1.3551051601416413,-0.17818272217643796,false
wrong,10,9,89.2,-1.3481368135343557,-0.1828489917562292,false
wrong,10,9,89.3,-1.3411503187190537,-0.18741708758766895,false
wrong,10,9,89.4,-1.3341448160735976,-0.19188755930776222,false
wrong,10,9,89.5,-1.327119411175111,-0.19626094448524395,false
wrong,10,9,89.6,-1.3200731729204,-0.20053776838154963,false
wrong,10,9,89.7,-1.313005131523438,-0.20471854369575265,false
wrong,10,9,89.8,-1.3059142763805494,-0.20880377029241712,false
wrong,10,9,89.9,-1.2987995537931185,-0.21279393491123214,false
wrong,10,9,90.0,-1.2916598645367383,-0.21668951085720556,false
wrong,10,10,90.0,-1.3057552547667581,-0.11222626186181558,true
wrong,10,10,90.1,-1.3080184128520924,-0.11696663885381135,false
wrong,10,10,90.2,-1.3097020090183222,-0.12169031545108489,false
wrong,10,10,90.3,-1.3108378143802364,-0.12639224792607726,false
wrong,10,10,90.4,-1.3114569278677477,-0.13106771786377294,false
wrong,10,10,90.5,-1.3115895536397113,-0.13571232255356064,false
wrong,10,10,90.6,-1.3112648278888737,-0.14032196364217173,false
wrong,10,10,90.7,-1.3105106893847804,-0.14489283448733847,false
wrong,10,10,90.8,-1.3093537880890804,-0.14942140659653863,false
wrong,10,10,90.9,-1.3078194263649978,-0.15390441548117267,false
wrong,10,10,91.0,-1.3059315276303043,-0.15833884620530006,false
wrong,10,10,91.1,-1.3037126277209885,-0.16272191886066675,false
wrong,10,10,91.2,-1.3011838847007113,-0.16705107415679699,false
wrong,10,10,91.3,-1.2983651033377772,-0.17132395927667354,false
wrong,10,10,91.4,-1.2952747709535108,-0.17553841411501767,false
wrong,10,10,91.5,-1.2919301018071743,-0.17969245798724587,false
wrong,10,10,91.6,-1.288347087612065,-0.1837842768725487,false
wrong,10,10,91.7,-1.2845405521688074,-0.18781221123384914,false
wrong,10,10,91.8,-1.2805242084520516,-0.1917747444402634,false
wrong,10,10,91.9,-1.2763107167953345,-0.19567049180369578,false
wrong,10,10,92.0,-1.2719117430869216,-0.19949819022995133,false
wrong,10,10,92.1,-1.2673380161194725,-0.2032566884758658,false
wrong,10,10,92.2,-1.2625993834314053,-0.20694493799707786,false
wrong,10,10,92.3,-1.2577048651413583,-0.21056198436588516,false
wrong,10,10,92.4,-1.2526627054126935,-0.2141069592348488,false
wrong,10,10,92.5,-1.247480421296055,-0.21757907281918765,false
wrong,10,10,92.6,-1.2421648487878754,-0.22097760686932003,false
wrong,10,10,92.7,-1.236722186014475,-0.22430190810397588,false
wrong,10,10,92.8,-1.2311580335077652,-0.22755138207396094,false
wrong,10,10,92.9,-1.2254774315819907,-0.23072548742677051,false
wrong,10,10,93.0,-1.2196848948536074,-0.23382373054271247,false
wrong,10,10,93.1,-1.2137844439700927,-0.23684566051391587,false
wrong,10,10,93.2,-1.207779634629889,-0.23979086443849384,false
wrong,10,10,93.3,-1.201673583986079,-0.242658963003139,false
wrong,10,10,93.4,-1.1954689945319579,-0.24544960632850257,false
wrong,10,10,93.5,-1.189168175568335,-0.24816247005280706,false
wrong,10,10,93.6,-1.1827730623509434,-0.2507972516302325,false
wrong,10,10,93.7,-1.1762852330123998,-0.2533536668216738,false
wrong,10,10,93.8,-1.1697059233472504,-0.25583144635647165,false
wrong,10,10,93.9,-1.1630360395411559,-0.25823033274465246,false
wrong,10,10,94.0,-1.156276168916545,-0.26055007722007023,false
wrong,10,10,94.1,-1.1494265887573087,-0.26279043679560204,false
wrong,10,10,94.2,-1.1424872732645086,-0.2649511714122154,false
wrong,10,10,94.3,-1.135457898683745,-0.26703204116428275,false
wrong,10,10,94.4,-1.1283378466328122,-0.2690328035839656,false
wrong,10,10,94.5,-1.121126205645621,-0.2709532109678221,false
wrong,10,10,94.6,-1.1138217709350293,-0.27279300772900084,false
wrong,10,10,94.7,-1.106423042363176,-0.2745519277584658,false
wrong,10,10,94.8,-1.0989282205930453,-0.2762296917786474,false
wrong,10,10,94.9,-1.0913352013791988,-0.2778260046727228,false
wrong,10,10,95.0,-1.083641567938734,-0.27934055277239045,false
wrong,10,10,95.1,-1.0758445813253916,-0.28077300108650766,false
wrong,10,10,95.2,-1.0679411687101072,-0.2821229904522913,false
wrong,10,10,95.3,-1.0599279094499263,-0.2833901345899367,false
wrong,10,10,95.4,-1.0518010188037876,-0.2845740170404588,false
wrong,10,10,95.5,-1.0435563291278598,-0.2856741879652957,false
wrong,10,10,95.6,-1.0351892683544839,-0.2866901607847098,false
wrong,10,10,95.7,-1.0266948355268772,-0.2876214086302493,false
wrong,10,10,95.8,-1.018067573126015,-0.288467360584465,false
wrong,10,10,95.9,-1.0093015358859125,-0.2892273976786784,false
wrong,10,10,96.0,-1.0003902557481392,-0.2899008486168212,false
wrong,10,10,96.1,-0.9913267025549306,-0.2904869851901697,false
wrong,10,10,96.2,-0.9821032400217568,-0.29098501734412063,false
wrong,10,10,96.3,-0.9727115764634504,-0.2913940878539319,false
wrong,10,10,96.4,-0.9631427096716577,-0.29171326656150387,false
wrong,10,10,96.5,-0.9533868652538288,-0.2919415441197171,false
wrong,10,10,96.6,-0.9434334276433602,-0.2920778251844591,false
wrong,10,10,96.7,-0.9332708628746157,-0.29212092098714876,false
wrong,10,10,96.8,-0.9228866320828254,-0.29206954121215467,false
wrong,10,10,96.9,-0.9122670945342582,-0.2919222850938301,false
wrong,10,10,97.0,-0.9013973988130104,-0.2916776316367647,false
wrong,10,10,97.1,-0.8902613605830896,-0.2913339288500363,false
wrong,10,10,97.2,-0.8788413251032835,-0.29088938187147556,false
wrong,10,10,97.3,-0.8671180123918284,-0.2903420398409037,false
wrong,10,10,97.4,-0.855070342611424,-0.28968978136160195,false
wrong,10,10,97.5,-0.8426752388648108,-0.28893029836648093,false
wrong,10,10,97.6,-0.8299074041478288,-0.28806107817902443,false
wrong,10,10,97.7,-0.8167390686900766,-0.28707938352849516,false
wrong,10,10,97.8,-0.8031397033109098,-0.28598223024340186,false
wrong,10,10,97.9,-0.7890756937168906,-0.28476636230603675,false
wrong,10,10,98.0,-0.7745099698506392,-0.28342822390305833,false
wrong,10,10,98.1,-0.7594015834536967,-0.28196392805154147,false
wrong,10,10,98.2,-0.7437052259099218,-0.28036922131541825,false
wrong,10,10,98.3,-0.7273706771736066,-0.2786394440524114,false
wrong,10,10,98.4,-0.7103421751421756,-0.27676948554489306,false
wrong,10,10,98.5,-0.6925576931959802,-0.27475373326794894,false
wrong,10,10,98.6,-0.6739481117956537,-0.2725860154326067,false
wrong,10,10,98.7,-0.6544362680161174,-0.27025953581006956,false
wrong,10,10,98.8,-0.6339358647498512,-0.2677667996925488,false
wrong,10,10,98.9,-0.6123502191221512,-0.26509952967716843,false
wrong,10,10,99.0,-0.5895708275953173,-0.26224856977186983,false
wrong,10,10,99.1,-0.5654757235839556,-0.25920377611874357,false
wrong,10,10,99.2,-0.5399276026318222,-0.25595389241663946,false
wrong,10,10,99.3,-0.5127716910677397,-0.2524864079126257,false
wrong,10,10,99.4,-0.48383333775070964,-0.2487873956409394,false
wrong,10,10,99.5,-0.45291531686585385,-0.24484132845205292,false
wrong,10,10,99.6,-0.4197948455363283,-0.24063087034761216,false
wrong,10,10,99.7,-0.384220347468048,-0.23613664080476165,false
wrong,10,10,99.8,-0.3459080391523849,-0.23133695026777995,false
wrong,10,10,99.9,-0.3045384873342458,-0.22620750600616954,false
wrong,10,10,100.0,-0.25975339829194544,-0.22072108938424373,false
wrong,25,1,0.0,-1.8633893588791945,0.9432517283983279,true
wrong,25,1,0.1,-1.89544272864903,0.9255172164439067,false
wrong,25,1,0.2,-1.919496813123561,0.9076567969126949,false
wrong,25,1,0.30000000000000004,-1.936988286851434,0.8897380169353477,false
wrong,25,1,0.4,-1.94918887726972,0.8718154825522532,false
wrong,25,1,0.5,-1.9571798455489053,0.853932609597479,false
wrong,25,1,0.6000000000000001,-1.9618542591546815,0.8361234570382327,false
wrong,25,1,0.7000000000000001,-1.9639344061985005,0.8184144483974491,false
wrong,25,1,0.8,-1.9639956125867923,0.8008258862964533,false
wrong,25,1,0.9,-1.9624911341049855,0.7833732296583147,false
wrong,25,1,1.0,-1.959775276510412,0.7660681400569517,false
wrong,25,1,1.1,-1.9561234974424415,0.7489193218006227,false
wrong,25,1,1.2,-1.9517491775511477,0.7319331868765473,false
wrong,25,1,1.3,-1.9468172356185773,0.715114376017503,false
wrong,25,1,1.4,-1.9414549772669583,0.6984661641787124,false
wrong,25,1,1.5,-1.9357606283382112,0.6819907745693758,false
wrong,25,1,1.6,-1.9298099871333114,0.6656896211093192,false
wrong,25,1,1.7000000000000002,-1.9236615783388782,0.6495634952763167,false
wrong,25,1,1.8,-1.9173606296725456,0.6336127099649408,false
wrong,25,1,1.9,-1.9109421321222306,0.6178372102225882,false
wrong,25,1,2.0,-1.9044331914150363,0.6022366585153094,false
wrong,25,1,2.1,-1.8978548336658434,0.5868105004283968,false
wrong,25,1,2.2,-1.891223391856262,0.5715580153424239,false
wrong,25,1,2.3,-1.8845515709314031,0.5564783555689014,false
wrong,25,1,2.4,-1.8778492666802362,0.5415705766159331,false
wrong,25,1,2.5,-1.8711241960097587,0.5268336606296959,false
wrong,25,1,2.6,-1.8643823826912347,0.5122665345793043,false
wrong,25,1,2.7,-1.857628532273865,0.49786808438685204,false
wrong,25,1,2.8,-1.8508663219184265,0.4836371659248318,false
wrong,25,1,2.9,-1.8440986248383624,0.4695726135893934,false
wrong,25,1,3.0,-1.8373276844089828,0.45567324699444006,false
wrong,25,1,3.1,-1.8305552494768953,0.44193787620643316,false
wrong,25,1,3.2,-1.8237826797102692,0.42836530584389904,false
wrong,25,1,3.3,-1.8170110277763003,0.414954338292069,false
wrong,25,1,3.4,-1.810241103563019,0.40170377622656495,false
wrong,25,1,3.5,-1.8034735244625497,0.3886124245965506,false
wrong,25,1,3.6,-1.7967087548140253,0.3756790921842476,false
wrong,25,1,3.7,-1.7899471368997706,0.36290259283183474,false
wrong,25,1,3.8,-1.7831889153472393,0.3502817464067319,false
wrong,25,1,3.9,-1.7764342563729847,0.33781537956076385,false
wrong,25,1,4.0,-1.7696832629842463,0.3255023263266606,false
wrong,25,1,4.1,-1.7629359870062413,0.31334142858599134,false
wrong,25,1,4.2,-1.75619243861189,0.30133153643533805,false
wrong,25,1,4.3,-1.749452593882505,0.2894715084718233,false
wrong,25,1,4.4,-1.7427164008129874,0.2777602120146579,false
wrong,25,1,4.5,-1.735983784085676,0.26619652327588755,false
wrong,25,1,4.6,-1.7292546488674143,0.25477932749078347,false
wrong,25,1,4.7,-1.7225288838300918,0.2435075190161707,false
wrong,25,1,4.8,-1.7158063635524734,0.232380001403294,false
wrong,25,1,4.9,-1.7090869504279202,0.2213956874504856,false
wrong,25,1,5.0,-1.7023704961765271,0.21055349923984198,false
wrong,25,1,5.1,-1.6956568430397276,0.19985236816128127,false
wrong,25,1,5.2,-1.688945824719288,0.1892912349266889,false
wrong,25,1,5.3,-1.682237267109895,0.17886904957633326,false
wrong,25,1,5.4,-1.6755309888644927,0.16858477147931336,false
wrong,25,1,5.5,-1.6688268018235548,0.15843736932946656,false
wrong,25,1,5.6,-1.6621245113331853,0.14842582113789876,false
wrong,25,1,5.7,-1.6554239164719027,0.13854911422308602,false
wrong,25,1,5.8,-1.6487248102019896,0.1288062451993271,false
wrong,25,1,5.9,-1.642026979458075,0.11919621996418982,false
wrong,25,1,6.0,-1.635330205183094,0.10971805368548607,false
wrong,25,1,6.1,-1.6286342623197043,0.10037077078822255,false
wrong,25,1,6.2,-1.6219389197636058,0.091153404941905,false
wrong,25,1,6.3,-1.6152439402838876,0.08206499904851831,false
wrong,25,1,6.4,-1.6085490804144478,0.07310460523146026,false
wrong,25,1,6.5,-1.6018540903196743,0.06427128482567199,false
wrong,25,1,6.6,-1.595158713636862,0.05556410836918041,false
wrong,25,1,6.7,-1.588462687297263,0.046982155596246473,false
wrong,25,1,6.8,-1.581765741327197,0.03852451543229623,false
wrong,25,1,6.9,-1.575067598630251,0.030190285990799707,false
wrong,25,1,7.0,-1.5683679747512678,0.02197857457225303,false
wrong,25,1,7.1,-1.5616665776225567,0.013888497665413117,false
wrong,25,1,7.2,-1.5549631072925116,0.005919180950930436,false
wrong,25,1,7.3,-1.5482572556366296,-0.0019302406924766782,false
wrong,25,1,7.4,-1.5415487060507438,-0.009660623179162617,false
wrong,25,1,7.5,-1.5348371331261264,-0.017272813204865435,false
wrong,25,1,7.6,-1.528122202305982,-0.024767648232040272,false
wrong,25,1,7.7,-1.521403569522711,-0.03214595647206411,false
wrong,25,1,7.8,-1.514680880815217,-0.039408556864155016,false
wrong,25,1,7.9,-1.5079537719254008,-0.04655625905084333,false
wrong,25,1,8.0,-1.5012218678728833,-0.053589863349825004,false
wrong,25,1,8.1,-1.4944847825068792,-0.06051016072201913,false
wrong,25,1,8.2,-1.4877421180340409,-0.0673179327356428,false
wrong,25,1,8.3,-1.480993464520968,-0.0740139515261062,false
wrong,25,1,8.4,-1.4742383993699737,-0.08059897975152026,false
wrong,25,1,8.5,-1.4674764867665662,-0.08707377054359658,false
wrong,25,1,8.6,-1.4607072770969851,-0.09343906745370689,false
wrong,25,1,8.7,-1.453930306333995,-0.09969560439385487,false
wrong,25,1,8.8,-1.4471450953889957,-0.10584410557229763,false
wrong,25,1,8.9,-1.4403511494283607,-0.11188528542353844,false
wrong,25,1,9.0,-1.4335479571517515,-0.1178198485323932,false
wrong,25,1,9.1,-1.426734990029981,-0.12364848955181505,false
wrong,25,1,9.2,-1.4199117014998155,-0.12937189311414013,false
wrong,25,1,9.3,-1.4130775261128996,-0.1349907337353951,false
wrong,25,1,9.4,-1.406231878635776,-0.14050567571228356,false
wrong,25,1,9.5,-1.399374153097732,-0.14591737301144123,false
wrong,25,1,9.6,-1.3925037217829546,-0.15122646915052299,false
wrong,25,1,9.7,-1.385619934163195,-0.15643359707065385,false
wrong,25,1,9.8,-1.3787221157668503,-0.16153937899974316,false
wrong,25,1,9.9,-1.3718095669800363,-0.1665444263061264,false
wrong,25,1,10.0,-1.3648815617748786,-0.17144933934196036,false
wrong,25,1,10.1,-1.3579373463598587,-0.1762547072757563,false
wrong,25,1,10.2,-1.3509761377466318,-0.18096110791339112,false
wrong,25,1,10.3,-1.3439971222272753,-0.185569107506888,false
wrong,25,1,10.4,-1.3369994537554257,-0.19007926055020544,false
wrong,25,1,10.5,-1.3299822522242142,-0.19449210956121704,false
wrong,25,1,10.6,-1.3229446016333108,-0.19880818484900245,false
wrong,25,1,10.7,-1.3158855481367362,-0.20302800426550294,false
wrong,25,1,10.8,-1.3088040979623747,-0.20715207294052243,false
wrong,25,1,10.9,-1.3016992151933446,-0.21118088299897547,false
wrong,25,1,11.0,-1.2945698194005069,-0.21511491325919752,false
wrong,25,1,11.1,-1.287414783114454,-0.2189546289110394,false
wrong,25,1,11.2,-1.2802329291242716,-0.22270048117236513,false
wrong,25,1,11.3,-1.2730230275892165,-0.226352906922461,false
wrong,25,1,11.4,-1.2657837929481972,-0.22991232831074213,false
wrong,25,1,11.5,-1.2585138806105372,-0.23337915233900958,false
wrong,25,1,11.6,-1.2512118834099726,-0.23675377041536538,false
wrong,25,1,11.7,-1.243876327802133,-0.240036557877734,false
wrong,25,1,11.8,-1.236505669783871,-0.24322787348476396,false
wrong,25,1,11.9,-1.2290982905107322,-0.2463280588716921,false
wrong,25,1,12.0,-1.221652491586549,-0.2493374379685431,false
wrong,25,1,12.1,-1.2141664899965883,-0.25225631637780577,false
wrong,25,1,12.2,-1.2066384126528422,-0.2550849807084743,false
wrong,25,1,12.3,-1.1990662905169056,-0.2578236978630633,false
wrong,25,1,12.4,-1.191448052262365,-0.2604727142738976,false
wrong,25,1,12.5,-1.1837815174347257,-0.26303225508463823,false
wrong,25,1,12.6,-1.1760643890625428,-0.26550252327263135,false
wrong,25,1,12.7,-1.1682942456685557,-0.2678836987072531,false
wrong,25,1,12.8,-1.1604685326241924,-0.2701759371389642,false
wrong,25,1,12.9,-1.1525845527847287,-0.2723793691132804,false
wrong,25,1,13.0,-1.1446394563355649,-0.274494098803303,false
wrong,25,1,13.1,-1.1366302297724473,-0.2765202027538262,false
wrong,25,1,13.2,-1.1285536839298718,-0.2784577285293467,false
wrong,25,1,13.3,-1.120406440962252,-0.28030669325752317,false
wrong,25,1,13.4,-1.1121849201715701,-0.2820670820587764,false
wrong,25,1,13.5,-1.1038853225629652,-0.28373884635175595,false
wrong,25,1,13.6,-1.095503613995887,-0.2853219020233285,false
wrong,25,1,13.7,-1.087035506782798,-0.28681612745054086,false
wrong,25,1,13.8,-1.0784764395697062,-0.28822136136066684,false
wrong,25,1,13.9,-1.0698215553127375,-0.2895374005139407,false
wrong,25,1,14.0,-1.0610656771421798,-0.2907639971918858,false
wrong,25,1,14.1,-1.0522032818795324,-0.29190085647224584,false
wrong,25,1,14.2,-1.0432284709436084,-0.2929476332693835,false
wrong,25,1,14.3,-1.0341349383481313,-0.2939039291165948,false
wrong,25,1,14.4,-1.0249159354548822,-0.29476928866406243,false
wrong,25,1,14.5,-1.0155642321025795,-0.29554319586308625,false
wrong,25,1,14.6,-1.0060720736814102,-0.2962250698037384,false
wrong,25,1,14.7,-0.9964311336655046,-0.2968142601691307,false
wrong,25,1,14.8,-0.9866324610494411,-0.2973100422649838,false
wrong,25,1,14.9,-0.976666422058717,-0.29771161157807374,false
wrong,25,1,15.0,-0.9665226354163902,-0.2980180778113021,false
wrong,25,1,15.1,-0.9561899003468752,-0.2982284583364866,false
wrong,25,1,15.2,-0.9456561163809238,-0.2983416709983707,false
wrong,25,1,15.3,-0.9349081938904945,-0.2983565261946523,false
wrong,25,1,15.4,-0.9239319541254161,-0.2982717181468618,false
wrong,25,1,15.5,-0.9127120173418316,-0.2980858152654742,false
wrong,25,1,15.6,-0.9012316774010741,-0.2977972494994765,false
wrong,25,1,15.7,-0.8894727609718484,-0.297404304545458,false
wrong,25,1,15.8,-0.877415469182451,-0.29690510277381094,false
wrong,25,1,15.9,-0.8650381992363441,-0.29629759070944606,false
wrong,25,1,16.0,-0.8523173431156136,-0.29557952288108824,false
wrong,25,1,16.1,-0.8392270600433179,-0.29474844382619486,false
wrong,25,1,16.2,-0.8257390188465858,-0.2938016680072225,false
wrong,25,1,16.3,-0.8118221057451221,-0.292736257358633,false
wrong,25,1,16.4,-0.7974420923703887,-0.29154899614184937,false
wrong,25,1,16.5,-0.7825612579833832,-0.29023636273637676,false
wrong,25,1,16.6,-0.7671379588864228,-0.28879449793838635,false
wrong,25,1,16.7,-0.7511261368984983,-0.28721916927195507,false
wrong,25,1,16.8,-0.7344747574665116,-0.2855057307414432,false
wrong,25,1,16.9,-0.7171271664997939,-0.2836490773646004,false
wrong,25,1,17.0,-0.6990203533313579,-0.2816435937232331,false
wrong,25,1,17.1,-0.6800841053248204,-0.27948309564990387,false
wrong,25,1,17.2,-0.6602400375770601,-0.2771607640334933,false
wrong,25,1,17.3,-0.6394004789598989,-0.27466906957216736,false
wrong,25,1,17.4,-0.6174671934955362,-0.27199968712861283,false
wrong,25,1,17.5,-0.5943299139457999,-0.2691433981498311,false
wrong,25,1,17.6,-0.5698646628154517,-0.26608997940493667,false
wrong,25,1,17.7,-0.5439318352202402,-0.26282807607549097,false
wrong,25,1,17.8,-0.5163740190451508,-0.25934505701588195,false
wrong,25,1,17.9,-0.48701353176494605,-0.2556268498072243,false
wrong,25,1,18.0,-0.4556496621468317,-0.2516577530925058,false
wrong,25,1,18.1,-0.4220556217451572,-0.2474202236603028,false
wrong,25,1,18.2,-0.3859752400521529,-0.24289463592930663,false
wrong,25,1,18.3,-0.3471194849317455,-0.238059012015183,false
wrong,25,1,18.4,-0.3051629660423383,-0.2328887216457891,false
wrong,25,1,18.5,-0.25974069681938594,-0.22735615314437305,false
wrong,25,1,18.6,-0.2104455686658164,-0.22143035998017005,false
wrong,25,1,18.7,-0.15682725317382937,-0.21507669263949983,false
wrong,25,1,18.8,-0.0983936227370902,-0.2082564336819105,false
wrong,25,1,18.9,-0.034616294532916564,-0.20092646595511363,false
wrong,25,1,19.0,0.03505742812218998,-0.1930390213879763,false
wrong,25,1,19.1,0.11118314629189889,-0.1845415818633691,false
wrong,25,1,19.2,0.19428461176579828,-0.17537703506518348,false
wrong,25,1,19.3,0.28480123434600824,-0.16548422574137192,false
wrong,25,1,19.4,0.38301380299261784,-0.15479908145473478,false
wrong,25,1,19.5,0.4889465406288413,-0.14325651957679306,false
wrong,25,1,19.6,0.6022488507789749,-0.13079333679957428,false
wrong,25,1,19.7,0.7220694855257563,-0.11735221052318474,false
wrong,25,1,19.8,0.8469490370425373,-0.10288676553242966,false
wrong,25,1,19.9,0.974770067990169,-0.08736735847921455,false
wrong,25,1,20.0,1.1028097823433731,-0.07078683919607034,false
wrong,25,1,20.1,1.2279272751331851,-0.05316518303982675,false
wrong,25,1,20.2,1.3468803497435837,-0.034551755283849295,false
wrong,25,1,20.3,1.4567148334529698,-0.015024259165147366,false
wrong,25,1,20.4,1.5551284613087695,0.005315842462038839,false
wrong,25,1,20.5,1.6407099493333597,0.026350699091257236,false
wrong,25,1,20.6,1.7129981228160724,0.04795477354996659,false
wrong,25,1,20.7,1.7723715813045657,0.07000321187257952,false
wrong,25,1,20.8,1.81983004091635,0.09237858564105608,false
wrong,25,1,20.9,1.8567433548123224,0.11497537729647445,false
wrong,25,1,21.0,1.8846278006934107,0.13770222237732296,false
wrong,25,1,21.1,1.9049800356170818,0.1604823371670904,false
wrong,25,1,21.2,1.9191735339043743,0.18325271155562398,false
wrong,25,1,21.3,1.9284073169586136,0.20596260939212077,false
wrong,25,1,21.4,1.9336916342657755,0.2285717913711452,false
wrong,25,1,21.5,1.9358561777145844,0.25104873295705504,false
wrong,25,1,21.6,1.9355698323904522,0.2733689905360568,false
wrong,25,1,21.7,1.9333646697610127,0.2955137843513889,false
wrong,25,1,21.8,1.929659899880518,0.31746881391394227,false
wrong,25,1,21.9,1.9247836007873838,0.33922329251980493,false
wrong,25,1,22.0,1.9189913581864662,0.3607691741595728,false
wrong,25,1,22.1,1.9124816930937716,0.3821005421238284,false
wrong,25,1,22.2,1.9054085290407494,0.40321312964737954,false
wrong,25,1,22.3,1.897891103105852,0.4241039462837435,false
wrong,25,1,22.4,1.8900217561524562,0.44477098780759583,false
wrong,25,1,22.5,1.8818720086179719,0.4652130114928226,false
wrong,25,1,22.6,1.8734972743843812,0.48542936223456545,false
wrong,25,1,22.7,1.8649405056421993,0.5054198380479002,false
wrong,25,1,22.8,1.856235005504489,0.5251845859824501,false
wrong,25,1,22.9,1.847406596257447,0.5447240214976493,false
wrong,25,1,23.0,1.8384752905026875,0.5640387659238942,false
wrong,25,1,23.1,1.8294565796218878,0.5831295978677556,false
wrong,25,1,23.2,1.8203624279753363,0.601997415374543,false
wrong,25,1,23.3,1.811202040884395,0.6206432063979545,false
wrong,25,1,23.4,1.8019824586529751,0.6390680256926964,false
wrong,25,1,23.5,1.792709016703273,0.6572729766804268,false
wrong,25,1,23.6,1.7833857025457727,0.675259197172524,false
wrong,25,1,23.7,1.7740154331355364,0.6930278480886011,false
wrong,25,1,23.8,1.7646002706822408,0.7105801045055974,false
wrong,25,1,23.9,1.7551415907872387,0.7279171485226601,false
wrong,25,1,24.0,1.7456402135732796,0.7450401635425947,false
wrong,25,1,24.1,1.7360965060179785,0.7619503296595924,false
wrong,25,1,24.2,1.726510461822097,0.778648819911472,false
wrong,25,1,24.3,1.7168817637018998,0.795136797207572,false
wrong,25,1,24.4,1.7072098318874962,0.8114154117843284,false
wrong,25,1,24.5,1.6974938617571151,0.8274857990722397,false
wrong,25,1,24.6,1.6877328528805637,0.843349077882494,false
wrong,25,1,24.7,1.6779256312378694,0.8590063488406094,false
wrong,25,1,24.8,1.6680708659864174,0.8744586930092842,false
wrong,25,1,24.9,1.6581670818451337,0.889707170654208,false
wrong,25,1,25.0,1.6482126679270923,0.9047528201155833,false
wrong,25,2,25.0,1.8148749530157198,0.43863009130384323,true
wrong,25,2,25.1,1.821467797597209,0.45849830320513435,false
wrong,25,2,25.2,1.8250766124519529,0.47826710735436095,false
wrong,25,2,25.3,1.8262459925517975,0.49791245276868884,false
wrong,25,2,25.4,1.8254294093707426,0.5174150308271185,false
wrong,25,2,25.5,1.8230001727874074,0.5367594544695238,false
wrong,25,2,25.6,1.8192630002859724,0.555933547807684,false
wrong,25,2,25.7,1.8144650685936685,0.57492774523363,false
wrong,25,2,25.8,1.8088059733487474,0.5937345915061084,false
wrong,25,2,25.9,1.802446373487363,0.6123483308349409,false
wrong,25,2,26.0,1.7955153042072312,0.6307645720648645,false
wrong,25,2,26.1,1.7881162530737529,0.6489800175734379,false
wrong,25,2,26.2,1.7803321438227913,0.6669922447201305,false
wrong,25,2,26.3,1.7722293865158911,0.6847995301754737,false
wrong,25,2,26.4,1.7638611471713217,0.7024007089693944,false
wrong,25,2,26.5,1.7552699749336518,0.7197950614966854,false
wrong,25,2,26.6,1.7464899062226371,0.7369822229483819,false
wrong,25,2,26.7,1.737548146429613,0.7539621106859767,false
wrong,25,2,26.8,1.728466412282162,0.7707348659485836,false
wrong,25,2,26.9,1.7192620026876442,0.7873008069995316,false
wrong,25,2,27.0,1.7099486528654622,0.8036603914002509,false
wrong,25,2,27.1,1.7005372157780532,0.819814185567508,false
wrong,25,2,27.2,1.6910362060342645,0.8357628401450299,false
wrong,25,2,27.3,1.6814522342861355,0.8515070700197431,false
wrong,25,2,27.4,1.671790354394342,0.8670476380509348,false
wrong,25,2,27.5,1.662054341046768,0.8823853417697968,false
wrong,25,2,27.6,1.652246911860431,0.8975210024569519,false
wrong,25,2,27.7,1.6423699050954734,0.9124554561246785,false
wrong,25,2,27.8,1.6324244218096808,0.9271895460250681,false
wrong,25,2,27.9,1.6224109394597723,0.9417241163803645,false
wrong,25,2,28.0,1.6123294025124486,0.9560600070913017,false
wrong,25,2,28.1,1.6021792944846727,0.9701980492265908,false
wrong,25,2,28.2,1.5919596949258807,0.9841390611343375,false
wrong,25,2,28.3,1.581669324134944,0.9978838450461072,false
wrong,25,2,28.4,1.5713065778322277,1.0114331840681785,false
wrong,25,2,28.5,1.5608695535509296,1.0247878394734762,false
wrong,25,2,28.6,1.550356070147446,1.037948548222748,false
wrong,25,2,28.7,1.539763681538446,1.0509160206555133,false
wrong,25,2,28.8,1.5290896855373282,1.063690938300785,false
wrong,25,2,28.9,1.518331128472711,1.0762739517650304,false
wrong,25,2,29.0,1.5074848061169903,1.088665678660668,false
wrong,25,2,29.1,1.4965472613261863,1.1008667015429139,false
wrong,25,2,29.2,1.4855147786872354,1.1128775658261978,false
wrong,25,2,29.3,1.4743833763807226,1.124698777653891,false
wrong,25,2,29.4,1.4631487953918738,1.1363308016968223,false
wrong,25,2,29.5,1.4518064861372644,1.1477740588571552,false
wrong,25,2,29.6,1.4403515925165207,1.1590289238547196,false
wrong,25,2,29.7,1.4287789333451382,1.170095722672891,false
wrong,25,2,29.8,1.4170829810744936,1.1809747298406506,false
wrong,25,2,29.9,1.4052578376566098,1.191666165526545,false
wrong,25,2,30.0,1.3932972073627337,1.2021701924189117,false
wrong,25,2,30.1,1.3811943663149286,1.212486912364952,false
wrong,25,2,30.2,1.3689421284373517,1.2226163627389854,false
wrong,25,2,30.3,1.3565328074772958,1.232558512507492,false
wrong,25,2,30.4,1.3439581746840632,1.2423132579553011,false
wrong,25,2,30.5,1.3312094116647402,1.2518804180334584,false
wrong,25,2,30.6,1.3182770578583256,1.2612597292848355,false
wrong,25,2,30.7,1.3051509519815236,1.2704508402983559,false
wrong,25,2,30.8,1.291820166698677,1.2794533056366846,false
wrong,25,2,30.9,1.2782729356523033,1.2882665791752708,false
wrong,25,2,31.0,1.2644965718565333,1.2968900067825644,false
wrong,25,2,31.1,1.250477376300019,1.3053228182619043,false
wrong,25,2,31.2,1.2362005354234271,1.3135641184647757,false
wrong,25,2,31.3,1.2216500059246225,1.3216128774726086,false
wrong,25,2,31.4,1.206808385096216,1.3294679197297607,false
wrong,25,2,31.5,1.1916567646083496,1.3371279119934238,false
wrong,25,2,31.6,1.1761745653060436,1.3445913499465165,false
wrong,25,2,31.7,1.1603393501851107,1.351856543296664,false
wrong,25,2,31.8,1.1441266122315055,1.3589215991575334,false
wrong,25,2,31.9,1.1275095332415392,1.3657844034773643,false
wrong,25,2,32.0,1.1104587090672773,1.3724426002426768,false
wrong,25,2,32.1,1.092941835931811,1.3788935681418053,false
wrong,25,2,32.2,1.0749233515080276,1.3851343943218963,false
wrong,25,2,32.3,1.0563640233222709,1.391161844812845,false
wrong,25,2,32.4,1.0372204756956653,1.3969723311205786,false
wrong,25,2,32.5,1.0174446448294174,1.4025618724080422,false
wrong,25,2,32.6,0.9969831497279139,1.4079260525827157,false
wrong,25,2,32.7,0.9757765643797847,1.4130599714915473,false
wrong,25,2,32.8,0.9537585739207906,1.4179581892843827,false
wrong,25,2,32.9,0.9308549943175491,1.4226146628412835,false
wrong,25,2,33.0,0.9069826313717236,1.4270226729629643,false
wrong,25,2,33.1,0.8820479504927909,1.4311747407918078,false
wrong,25,2,33.2,0.8559455236898984,1.4350625316580097,false
wrong,25,2,33.3,0.8285562146059892,1.4386767442257506,false
wrong,25,2,33.4,0.7997450562719328,1.442006982442897,false
wrong,25,2,33.5,0.7693587698766552,1.4450416073713277,false
wrong,25,2,33.6,0.7372228668058368,1.4477675654941833,false
wrong,25,2,33.7,0.7031382715628987,1.4501701895690255,false
wrong,25,2,33.8,0.6668774018285567,1.4522329675431576,false
wrong,25,2,33.9,0.6281796470327335,1.4539372745128138,false
wrong,25,2,34.0,0.5867462037086552,1.4552620622731633,false
wrong,25,2,34.1,0.5422342632104394,1.4561835008147692,false
wrong,25,2,34.2,0.4942506189160899,1.4566745664182243,false
wrong,25,2,34.3,0.44234488748185535,1.4567045721844833,false
wrong,25,2,34.4,0.38600275529048494,1.4562386395618439,false
wrong,25,2,34.5,0.324640016321587,1.4552371147096932,false
wrong,25,2,34.6,0.25759873131985433,1.453654942929241,false
wrong,25,2,34.7,0.18414770247650541,1.4514410301812104,false
wrong,25,2,34.8,0.10349072771168298,1.4485376460890493,false
wrong,25,2,34.9,0.01478785496848685,1.444879961855297,false
wrong,25,2,35.0,-0.08280293829027718,1.4403958735317732,false
wrong,25,2,35.1,-0.19005392063619356,1.4350063387716996,false
wrong,25,2,35.2,-0.30755457068684944,1.4286265501602138,false
wrong,25,2,35.3,-0.4355480704838535,1.4211683626108709,false
wrong,25,2,35.4,-0.5737167361037581,1.4125444413309414,false
wrong,25,2,35.5,-0.7209358079054397,1.4026745171759465,false
wrong,25,2,35.6,-0.8750483166740941,1.3914938117534799,false
wrong,25,2,35.7,-1.032752687186311,1.378963029865076,false
wrong,25,2,35.8,-1.1897149081587877,1.3650783606584245,false
wrong,25,2,35.9,-1.3409818150802484,1.3498790218490735,false
wrong,25,2,36.0,-1.4816620987645532,1.3334496500811002,false
wrong,25,2,36.1,-1.6076971153865567,1.315915836049865,false
wrong,25,2,36.2,-1.71646282977802,1.2974332059681322,false
wrong,25,2,36.3,-1.8070045282223808,1.2781726560102291,false
wrong,25,2,36.4,-1.8798760092548097,1.2583054086279046,false
wrong,25,2,36.5,-1.9367155533196718,1.2379910004482875,false
wrong,25,2,36.6,-1.9797484790396818,1.2173697206080678,false
wrong,25,2,36.7,-2.0113623889863215,1.1965594113952867,false
wrong,25,2,36.8,-2.0338188883430597,1.1756555783932254,false
wrong,25,2,36.9,-2.0490994943416063,1.154733507952236,false
wrong,25,2,37.0,-2.0588517863733564,1.1338512910575311,false
wrong,25,2,37.1,-2.064396983485376,1.113053009228763,false
wrong,25,2,37.2,-2.066768114968481,1.09237166784681,false
wrong,25,2,37.3,-2.066758718477554,1.0718316982701808,false
wrong,25,2,37.4,-2.064970936420746,1.0514509921812674,false
wrong,25,2,37.5,-2.061857885339029,1.031242504149108,false
wrong,25,2,37.6,-2.057758671439078,1.0112154874431223,false
wrong,25,2,37.7,-2.052926211585763,0.9913764333549684,false
wrong,25,2,37.8,-2.047548781497428,0.9717297782406683,false
wrong,25,2,37.9,-2.041766425740745,0.9522784323107049,false
wrong,25,2,38.0,-2.03568331471086,0.9330241735006743,false
wrong,25,2,38.1,-2.029376980698817,0.913967940152244,false
wrong,25,2,38.2,-2.022905188476386,0.8951100482537827,false
wrong,25,2,38.3,-2.0163110316142894,0.876450352646986,false
wrong,25,2,38.4,-2.0096267070605385,0.8579883667019511,false
wrong,25,2,38.5,-2.002876309355251,0.8397233512392647,false
wrong,25,2,38.6,-1.9960778995575754,0.8216543806829547,false
wrong,25,2,38.7,-1.9892450382929543,0.8037803923469388,false
wrong,25,2,38.8,-1.9823879230168016,0.7861002232154046,false
wrong,25,2,38.9,-1.9755142328799833,0.7686126374382456,false
wrong,25,2,39.0,-1.968629757405397,0.7513163469223785,false
wrong,25,2,39.1,-1.9617388651376355,0.7342100267804252,false
wrong,25,2,39.2,-1.954844853668963,0.7172923269417079,false
wrong,25,2,39.3,-1.9479502115896274,0.7005618808937819,false
wrong,25,2,39.4,-1.9410568149276228,0.6840173122741247,false
wrong,25,2,39.5,-1.934166074769881,0.6676572398478048,false
wrong,25,2,39.6,-1.9272790484322024,0.6514802812708812,false
wrong,25,2,39.7,-1.9203965233570348,0.6354850559383529,false
wrong,25,2,39.8,-1.9135190805645161,0.6196701871405003,false
wrong,25,2,39.9,-1.906647142741806,0.6040343036956353,false
wrong,25,2,40.0,-1.8997810107666184,0.5885760411856485,false
wrong,25,2,40.1,-1.8929208915042932,0.573294042889624,false
wrong,25,2,40.2,-1.8860669190065613,0.558186960487493,false
wrong,25,2,40.3,-1.879219170710418,0.5432534545882122,false
wrong,25,2,40.4,-1.872377679840123,0.5284921951238037,false
wrong,25,2,40.5,-1.8655424449196354,0.5139018616406843,false
wrong,25,2,40.6,-1.8587134370812073,0.4994811435122314,false
wrong,25,2,40.7,-1.8518906056894555,0.4852287400908731,false
wrong,25,2,40.8,-1.8450738826750195,0.47114336081369274,false
wrong,25,2,40.9,-1.8382631858775142,0.45722372527228156,false
wrong,25,2,41.0,-1.8314584216261585,0.4434685632550862,false
wrong,25,2,41.1,-1.824659486732464,0.4298766147686054,false
wrong,25,2,41.2,-1.817866270028401,0.41644663004233984,false
wrong,25,2,41.3,-1.8110786535523207,0.40317736952129163,false
wrong,25,2,41.4,-1.804296513461193,0.39006760384895595,false
wrong,25,2,41.5,-1.7975197207296207,0.377116113843095,false
wrong,25,2,41.6,-1.7907481416822355,0.36432169046607776,false
wrong,25,2,41.7,-1.7839816383954816,0.3516831347911806,false
wrong,25,2,41.8,-1.7772200689966364,0.3391992579659424,false
wrong,25,2,41.9,-1.7704632878816575,0.32686888117343477,false
wrong,25,2,42.0,-1.7637111458686008,0.31469083559212546,false
wrong,25,2,42.1,-1.7569634902996305,0.3026639623548756,false
wrong,25,2,42.2,-1.7502201651017437,0.2907871125074977,false
wrong,25,2,42.3,-1.7434810108140897,0.27905914696722056,false
wrong,25,2,42.4,-1.7367458645880238,0.26747893648133664,false
wrong,25,2,42.5,-1.7300145601646688,0.25604536158625923,false
wrong,25,2,42.6,-1.7232869278337002,0.24475731256717384,false
wrong,25,2,42.7,-1.7165627943762383,0.23361368941843835,false
wrong,25,2,42.8,-1.7098419829940743,0.22261340180486094,false
wrong,25,2,42.9,-1.703124313226944,0.21175536902396697,false
wrong,25,2,43.0,-1.6964096008591543,0.2010385199693503,false
wrong,25,2,43.1,-1.6896976578165466,0.19046179309519443,false
wrong,25,2,43.2,-1.6829882920545196,0.18002413638203962,false
wrong,25,2,43.3,-1.676281307437627,0.16972450730386654,false
wrong,25,2,43.4,-1.669576503611104,0.15956187279656203,false
wrong,25,2,43.5,-1.6628736758645293,0.14953520922783015,false
wrong,25,2,43.6,-1.6561726149877272,0.13964350236860895,false
wrong,25,2,43.7,-1.6494731071189186,0.1298857473660534,false
wrong,25,2,43.8,-1.6427749335850432,0.1202609487181442,false
wrong,25,2,43.9,-1.6360778707341193,0.11076812024998259,false
wrong,25,2,44.0,-1.629381689759442,0.10140628509183322,false
wrong,25,2,44.1,-1.6226861565153652,0.09217447565897757,false
wrong,25,2,44.2,-1.6159910313243735,0.08307173363344364,false
wrong,25,2,44.3,-1.609296068775099,0.07409710994767921,false
wrong,25,2,44.4,-1.602601017510898,0.06524966477023927,false
wrong,25,2,44.5,-1.5959056200085626,0.05652846749356132,false
wrong,25,2,44.6,-1.5892096123467008,0.04793259672390562,false
wrong,25,2,44.7,-1.5825127239632808,0.03946114027354174,false
wrong,25,2,44.8,-1.575814677401795,0.03111319515526661,false
wrong,25,2,44.9,-1.5691151880454501,0.02288786757934378,false
wrong,25,2,45.0,-1.5624139638387622,0.014784272952959138,false
wrong,25,2,45.1,-1.555710704995872,0.006801535882292726,false
wrong,25,2,45.2,-1.549005103694866,-0.0010612098226871498,false
wrong,25,2,45.3,-1.5422968437573248,-0.008804821140596018,false
wrong,25,2,45.4,-1.535585600312279,-0.01643014582805295,false
wrong,25,2,45.5,-1.5288710394436873,-0.02393802240602271,false
wrong,25,2,45.6,-1.5221528178204997,-0.03132928014294757,false
wrong,25,2,45.7,-1.5154305823083,-0.03860473903452827,false
wrong,25,2,45.8,-1.508703969561455,-0.045765209780004666,false
wrong,25,2,45.9,-1.501972605594624,-0.052811493754778255,false
wrong,25,2,46.0,-1.495236105332407,-0.05974438297920832,false
wrong,25,2,46.1,-1.4884940721358193,-0.06656466008340362,false
wrong,25,2,46.2,-1.481746097304196,-0.07327309826782025,false
wrong,25,2,46.3,-1.4749917595510291,-0.0798704612594642,false
wrong,25,2,46.4,-1.4682306244521335,-0.08635750326348489,false
wrong,25,2,46.5,-1.4614622438644278,-0.09273496890993188,false
wrong,25,2,46.6,-1.4546861553134924,-0.09900359319543266,false
wrong,25,2,46.7,-1.4479018813479336,-0.10516410141953356,false
wrong,25,2,46.8,-1.4411089288584424,-0.11121720911542898,false
wrong,25,2,46.9,-1.4343067883592802,-0.11716362197478657,false
wrong,25,2,47.0,-1.4274949332297575,-0.12300403576635562,false
wrong,25,2,47.1,-1.4206728189130917,-0.12873913624802621,false
wrong,25,2,47.2,-1.4138398820698328,-0.1343695990719835,false
wrong,25,2,47.3,-1.4069955396828338,-0.13989608968257766,false
wrong,25,2,47.4,-1.4001391881105139,-0.14531926320650387,false
wrong,25,2,47.5,-1.3932702020849093,-0.15063976433485934,false
wrong,25,2,47.6,-1.3863879336507383,-0.15585822719661305,false
wrong,25,2,47.7,-1.37949171104141,-0.16097527522299276,false
wrong,25,2,47.8,-1.3725808374875823,-0.1659915210022575,false
wrong,25,2,47.9,-1.3656545899535317,-0.17090756612428656,false
wrong,25,2,48.0,-1.3587122177962079,-0.1757240010143747,false
wrong,25,2,48.1,-1.3517529413414373,-0.18044140475557877,false
wrong,25,2,48.2,-1.3447759503712797,-0.18506034489891365,false
wrong,25,2,48.3,-1.3377804025160545,-0.18958137726064206,false
wrong,25,2,48.4,-1.3307654215440015,-0.1940050457058479,false
wrong,25,2,48.5,-1.3237300955409603,-0.19833188191742068,false
wrong,25,2,48.6,-1.3166734749717934,-0.2025624051495124,false
wrong,25,2,48.7,-1.3095945706145746,-0.20669712196445608,false
wrong,25,2,48.8,-1.3024923513577826,-0.21073652595205708,false
wrong,25,2,48.9,-1.2953657418498858,-0.21468109743008243,false
wrong,25,2,49.0,-1.2882136199897638,-0.21853130312468097,false
wrong,25,2,49.1,-1.2810348142453802,-0.2222875958293654,false
wrong,25,2,49.2,-1.2738281007869872,-0.22595041404107727,false
wrong,25,2,49.3,-1.2665922004198837,-0.2295201815717353,false
wrong,25,2,49.4,-1.259325775300382,-0.23299730713353511,false
wrong,25,2,49.5,-1.2520274254171035,-0.23638218389612559,false
wrong,25,2,49.6,-1.2446956848180533,-0.23967518901362783,false
wrong,25,2,49.7,-1.237329017562057,-0.24287668311929173,false
wrong,25,2,49.8,-1.2299258133710949,-0.24598700978539398,false
wrong,25,2,49.9,-1.222484382957783,-0.24900649494577526,false
wrong,25,2,50.0,-1.2150029529997302,-0.25193544627818454,false
wrong,25,3,50.0,-1.3869063110229458,-0.06364603188435047,true
wrong,25,3,50.1,-1.3888333332113922,-0.06948505237177013,false
wrong,25,3,50.2,-1.3900620904969956,-0.07529567387047502,false
wrong,25,3,50.3,-1.390644865690322,-0.08107194609978874,false
wrong,25,3,50.4,-1.3906311959645348,-0.08680842920830015,false
wrong,25,3,50.5,-1.3900677127237488,-0.09250016405772622,false
wrong,25,3,50.6,-1.3889980657791259,-0.09814264165724346,false
wrong,25,3,50.7,-1.3874629150590196,-0.10373177244893386,false
wrong,25,3,50.8,-1.385499975004956,-0.10926385599480937,false
wrong,25,3,50.9,-1.383144098819238,-0.11473555148496963,false
wrong,25,3,51.0,-1.3804273917040062,-0.12014384937485682,false
wrong,25,3,51.1,-1.3773793440813054,-0.12548604436637234,false
wrong,25,3,51.2,-1.3740269774594882,-0.13075970987128777,false
wrong,25,3,51.3,-1.3703949970893214,-0.13596267403407453,false
wrong,25,3,51.4,-1.3665059468281269,-0.14109299734303085,false
wrong,25,3,51.5,-1.3623803627091027,-0.14614895182147328,false
wrong,25,3,51.6,-1.3580369226102256,-0.15112900176296018,false
wrong,25,3,51.7,-1.3534925901514687,-0.1560317859543826,false
wrong,25,3,51.8,-1.3487627515408098,-0.1608561013168339,false
wrong,25,3,51.9,-1.343861344558902,-0.1656008878851939,false
wrong,25,3,52.0,-1.3388009792385107,-0.1702652150422711,false
wrong,25,3,52.1,-1.3335930500753395,-0.17484826892123992,false
wrong,25,3,52.2,-1.3282478398171658,-0.17934934089025928,false
wrong,25,3,52.3,-1.3227746150316917,-0.18376781703496245,false
wrong,25,3,52.4,-1.317181713761618,-0.18810316855749112,false
wrong,25,3,52.5,-1.3114766256477663,-0.192354943014526,false
wrong,25,3,52.6,-1.305666064945528,-0.19652275632104838,false
wrong,25,3,52.7,-1.2997560368830128,-0.20060628545112338,false
wrong,25,3,52.8,-1.2937518978162634,-0.20460526177165086,false
wrong,25,3,52.9,-1.2876584096319972,-0.20851946494965962,false
wrong,25,3,53.0,-1.2814797888348601,-0.21234871737822886,false
wrong,25,3,53.1,-1.2752197507367677,-0.21609287907044344,false
wrong,25,3,53.2,-1.2688815491425531,-0.21975184297488332,false
wrong,25,3,53.3,-1.2624680119004226,-0.22332553066998562,false
wrong,25,3,53.4,-1.255981572658776,-0.2268138883981848,false
wrong,25,3,53.5,-1.249424299143654,-0.23021688340402924,false
wrong,25,3,53.6,-1.24279791824404,-0.23353450054349045,false
wrong,25,3,53.7,-1.236103838165912,-0.23676673913443377,false
wrong,25,3,53.8,-1.2293431678905693,-0.23991361002071304,false
wrong,25,3,53.9,-1.2225167341485659,-0.24297513282460095,false
wrong,25,3,54.0,-1.2156250960975927,-0.24595133336428282,false
wrong,25,3,54.1,-1.2086685578709464,-0.2488422412149381,false
wrong,25,3,54.2,-1.201647179142731,-0.25164788739352356,false
wrong,25,3,54.3,-1.1945607838366172,-0.2543683021487688,false
wrong,25,3,54.4,-1.1874089670867374,-0.25700351283910716,false
wrong,25,3,54.5,-1.1801911005420112,-0.259553541882308,false
wrong,25,3,54.6,-1.1729063360887635,-0.262018404761456,false
wrong,25,3,54.7,-1.165553608050756,-0.2643981080726487,false
wrong,25,3,54.8,-1.158131633910597,-0.2666926476003634,false
wrong,25,3,54.9,-1.1506389135817388,-0.2689020064068822,false
wrong,25,3,55.0,-1.14307372724579,-0.2710261529224654,false
wrong,25,3,55.1,-1.1354341317554772,-0.27306503902312856,false
wrong,25,3,55.2,-1.1277179555891323,-0.27501859808291446,false
wrong,25,3,55.3,-1.1199227923278727,-0.2768867429874476,false
wrong,25,3,55.4,-1.1120459926114898,-0.2786693640953246,false
wrong,25,3,55.5,-1.1040846545132605,-0.28036632713351634,false
wrong,25,3,55.6,-1.0960356122572392,-0.2819774710124352,false
wrong,25,3,55.7,-1.0878954231838078,-0.2835026055456456,false
wrong,25,3,55.8,-1.0796603528501174,-0.2849415090583548,false
wrong,25,3,55.9,-1.0713263581312267,-0.28629392586780456,false
wrong,25,3,56.0,-1.062889068164913,-0.2875595636174746,false
wrong,25,3,56.1,-1.0543437629579147,-0.2887380904455885,false
wrong,25,3,56.2,-1.0456853494433302,-0.28982913196675925,false
wrong,25,3,56.3,-1.0369083347475643,-0.29083226804369716,false
wrong,25,3,56.4,-1.0280067963900075,-0.29174702932370145,false
wrong,25,3,56.5,-1.0189743490989147,-0.29257289351212323,false
wrong,25,3,56.6,-1.0098041078819602,-0.29330928135209083,false
wrong,25,3,56.7,-1.0004886469388157,-0.29395555227646847,false
wrong,25,3,56.8,-0.9910199539448264,-0.29451099969422545,false
wrong,25,3,56.9,-0.981389379168234,-0.29497484586905504,false
wrong,25,3,57.0,-0.9715875788070715,-0.2953462363431214,false
wrong,25,3,57.1,-0.9616044518441907,-0.29562423385313924,false
wrong,25,3,57.2,-0.9514290696179928,-0.2958078116794947,false
wrong,25,3,57.3,-0.9410495971900984,-0.2958958463616754,false
wrong,25,3,57.4,-0.9304532054568033,-0.2958871097047422,false
wrong,25,3,57.5,-0.9196259727956547,-0.2957802599917794,false
wrong,25,3,57.6,-0.9085527748582529,-0.2955738323059963,false
wrong,25,3,57.7,-0.8972171609112044,-0.29526622785319373,false
wrong,25,3,57.8,-0.8856012148840516,-0.2948557021603751,false
wrong,25,3,57.9,-0.8736853990001688,-0.29434035200904934,false
wrong,25,3,58.0,-0.8614483775372136,-0.29371810094186945,false
wrong,25,3,58.1,-0.848866817879813,-0.2929866831582274,false
wrong,25,3,58.2,-0.8359151655794885,-0.29214362558776996,false
wrong,25,3,58.3,-0.8225653896146978,-0.291186227899901,false
wrong,25,3,58.4,-0.8087866934350384,-0.29011154017149104,false
wrong,25,3,58.5,-0.7945451866642101,-0.28891633789340126,false
wrong,25,3,58.6,-0.7798035115107468,-0.28759709394809707,false
wrong,25,3,58.7,-0.7645204169768317,-0.2861499471344839,false
wrong,25,3,58.8,-0.7486502728458159,-0.28457066675090065,false
wrong,25,3,58.9,-0.7321425141504689,-0.2828546126715541,false
wrong,25,3,59.0,-0.7149410053603964,-0.2809966902640205,false
wrong,25,3,59.1,-0.6969833118670128,-0.2789912993941179,false
wrong,25,3,59.2,-0.6781998644860353,-0.27683227664774057,false
wrong,25,3,59.3,-0.6585130006559038,-0.27451282976549585,false
wrong,25,3,59.4,-0.6378358638303824,-0.27202546313381365,false
wrong,25,3,59.5,-0.6160711403375261,-0.26936189300485713,false
wrong,25,3,59.6,-0.5931096108749813,-0.2665129509274701,false
wrong,25,3,59.7,-0.5688284921244213,-0.2634684736650526,false
wrong,25,3,59.8,-0.5430895431754772,-0.2602171776596027,false
wrong,25,3,59.9,-0.5157369123208182,-0.25674651588574343,false
wrong,25,3,60.0,-0.48659470352753587,-0.25304251474473544,false
wrong,25,3,60.1,-0.4554642503745675,-0.2490895885104065,false
wrong,25,3,60.2,-0.42212110132104513,-0.2448703288118187,false
wrong,25,3,60.3,-0.3863117481205087,-0.24036526680846657,false
wrong,25,3,60.4,-0.3477501753643439,-0.2355526062174968,false
wrong,25,3,60.5,-0.3061143827438488,-0.2304079263931676,false
wrong,25,3,60.6,-0.26104314573964027,-0.22490385654074516,false
wrong,25,3,60.7,-0.21213345299720648,-0.21900972531365046,false
wrong,25,3,60.8,-0.15893931292823232,-0.2126911951229438,false
wrong,25,3,60.9,-0.1009729858291508,-0.20590989834221712,false
wrong,25,3,61.0,-0.03771019866262411,-0.19862310433181934,false
wrong,25,3,61.1,0.03139844696387736,-0.19078346314985162,false
wrong,25,3,61.2,0.10690688005357422,-0.1823388952626434,false
wrong,25,3,61.3,0.1893399827604605,-0.17323272724172192,false
wrong,25,3,61.4,0.2791426903922282,-0.16340421035337516,false
wrong,25,3,61.5,0.3766076959761724,-0.15278959741327167,false
wrong,25,3,61.6,0.4817796808281523,-0.1413239819341871,false
wrong,25,3,61.7,0.5943389403274107,-0.12894410119430302,false
wrong,25,3,61.8,0.7134762631719131,-0.11559223913435487,false
wrong,25,3,61.9,0.8377837694772368,-0.10122119862052797,false
wrong,25,3,62.0,0.9651998756926858,-0.08580002278290552,false
wrong,25,3,62.1,1.0930529658803074,-0.06931975889468896,false
wrong,25,3,62.2,1.2182372221963285,-0.05179818875632987,false
wrong,25,3,62.3,1.337519049785868,-0.0332822936212714,false
wrong,25,3,62.4,1.4479213788755048,-0.013847475012112184,false
wrong,25,3,62.5,1.5470907711978614,0.00640674369846406,false
wrong,25,3,62.6,1.6335472519409002,0.027363877552696068,false
wrong,25,3,62.7,1.7067576152767057,0.04889908911142434,false
wrong,25,3,62.8,1.767037567600555,0.07088759282343131,false
wrong,25,3,62.9,1.8153404700793498,0.0932115241850037,false
wrong,25,3,63.0,1.853008139600906,0.11576459240758512,false
wrong,25,3,63.1,1.8815448385691158,0.13845448477681394,false
wrong,25,3,63.2,1.902447022817668,0.16120342382265476,false
wrong,25,3,63.3,1.9170953969303868,0.1839474483569534,false
wrong,25,3,63.4,1.9267000336492652,0.20663496429115066,false
wrong,25,3,63.5,1.9322835071319775,0.2292249893615256,false
wrong,25,3,63.6,1.9346875329447526,0.2516853739962401,false
wrong,25,3,63.7,1.9345918824800035,0.2739911595401855,false
wrong,25,3,63.8,1.9325380326141253,0.2961231480891308,false
wrong,25,3,63.9,1.9289530697657917,0.3180667032298625,false
wrong,25,3,64.0,1.9241715280896377,0.33981077035829066,false
wrong,25,3,64.1,1.9184542069658381,0.3613470908585546,false
wrong,25,3,64.2,1.912003794284735,0.38266957981159366,false
wrong,25,3,64.3,1.90497752014223,0.4037738375875644,false
wrong,25,3,64.4,1.897497232994599,0.4246567688516733,false
wrong,25,3,64.5,1.8896573298216874,0.44531628655076333,false
wrong,25,3,64.6,1.8815309471989343,0.4657510824869554,false
wrong,25,3,64.7,1.8731747683807183,0.485960449722854,false
wrong,25,3,64.8,1.864632742573963,0.5059441451562067,false
wrong,25,3,64.9,1.8559389564338724,0.525702283140331,false
wrong,25,3,65.0,1.8471198486333074,0.5452352530619825,false
wrong,25,3,65.1,1.8381959172996367,0.5645436553950905,false
wrong,25,3,65.2,1.8291830368507693,0.5836282520037587,false
wrong,25,3,65.3,1.8200934743427435,0.6024899274410453,false
wrong,25,3,65.4,1.8109366747354985,0.6211296587409414,false
wrong,25,3,65.5,1.8017198684030635,0.6395484917785736,false
wrong,25,3,65.6,1.7924485418033373,0.6577475227171539,false
wrong,25,3,65.7,1.783126802683022,0.6757278834003927,false
wrong,25,3,65.8,1.7737576638798687,0.6934907298100139,false
wrong,25,3,65.9,1.7643432641859276,0.7110372329081879,false
wrong,25,3,66.0,1.754885040452599,0.7283685713384033,false
wrong,25,3,66.1,1.74538386184171,0.7454859255764377,false
wrong,25,3,66.2,1.7358401346188888,0.7623904732140125,false
wrong,25,3,66.3,1.7262538839641282,0.7790833851278032,false
wrong,25,3,66.4,1.7166248178006247,0.7955658223405752,false
wrong,25,3,66.5,1.7069523765108565,0.8118389334230577,false
wrong,25,3,66.6,1.6972357715377067,0.8279038523175648,false
wrong,25,3,66.7,1.6874740151968723,0.8437616964895136,false
wrong,25,3,66.8,1.6776659435079995,0.8594135653325167,false
wrong,25,3,66.9,1.667810233450322,0.8748605387679167,false
wrong,25,3,67.0,1.6579054157368323,0.8901036759914612,false
wrong,25,3,67.1,1.647949883958398,0.9051440143290299,false
wrong,25,3,67.2,1.6379419007598395,0.9199825681705065,false
wrong,25,3,67.3,1.6278796015616348,0.9346203279564733,false
wrong,25,3,67.4,1.6177609962242139,0.9490582591967449,false
wrong,25,3,67.5,1.607583968959585,0.9632973015031083,false
wrong,25,3,67.6,1.5973462767216913,0.9773383676212136,false
wrong,25,3,67.7,1.5870455462481545,0.9911823424485081,false
wrong,25,3,67.8,1.576679269878569,1.0048300820265623,false
wrong,25,3,67.9,1.5662448002356468,1.0182824124971839,false
wrong,25,3,68.0,1.555739343823266,1.0315401290124315,false
wrong,25,3,68.1,1.5451599535681901,1.044603994589083,false
wrong,25,3,68.2,1.5345035203086634,1.0574747388983117,false
wrong,25,3,68.3,1.5237667632121836,1.0701530569813278,false
wrong,25,3,68.4,1.512946219085671,1.0826396078815579,false
wrong,25,3,68.5,1.502038230523314,1.0949350131835849,false
wrong,25,3,68.6,1.491038932819938,1.107039855448558,false
wrong,25,3,68.7,1.4799442395603313,1.1189546765351215,false
wrong,25,3,68.8,1.4687498267770538,1.130679975794083,false
wrong,25,3,68.9,1.4574511155504473,1.1422162081240663,false
wrong,25,3,69.0,1.4460432529043643,1.1535637818742246,false
wrong,25,3,69.1,1.4345210908291437,1.1647230565787674,false
wrong,25,3,69.2,1.4228791632390636,1.1756943405064957,false
wrong,25,3,69.3,1.4111116606444323,1.1864778880067874,false
wrong,25,3,69.4,1.3992124022880392,1.197073896631451,false
wrong,25,3,69.5,1.3871748054612651,1.2074825040095694,false
wrong,25,3,69.6,1.3749918516760138,1.2177037844498435,false
wrong,25,3,69.7,1.362656049323965,1.2277377452419544,false
wrong,25,3,69.8,1.3501593924034545,1.2375843226250711,false
wrong,25,3,69.9,1.3374933148354784,1.2472433773877531,false
wrong,25,3,70.0,1.3246486398225414,1.2567146900590667,false
wrong,25,3,70.1,1.311615523625769,1.2659979556456729,false
wrong,25,3,70.2,1.2983833930450341,1.2750927778638468,false
wrong,25,3,70.3,1.284940875781627,1.2839986628087314,false
wrong,25,3,70.4,1.2712757227406009,1.2927150119954893,false
wrong,25,3,70.5,1.2573747211872859,1.3012411146982092,false
wrong,25,3,70.6,1.2432235975058443,1.3095761395022785,false
wrong,25,3,70.7,1.2288069081127568,1.3177191249741975,false
wrong,25,3,70.8,1.2141079168494524,1.3256689693392343,false
wrong,25,3,70.9,1.1991084569096133,1.333424419041557,false
wrong,25,3,71.0,1.1837887750403464,1.340984056043171,false
wrong,25,3,71.1,1.1681273553832987,1.3483462836966469,false
wrong,25,3,71.2,1.1521007198808897,1.3555093110017313,false
wrong,25,3,71.3,1.135683201650918,1.3624711350268095,false
wrong,25,3,71.4,1.118846687114014,1.369229521242069,false
wrong,25,3,71.5,1.1015603219236545,1.3757819814711567,false
wrong,25,3,71.6,1.0837901748749268,1.3821257491209968,false
wrong,25,3,71.7,1.0654988529286067,1.3882577512939283,false
wrong,25,3,71.8,1.0466450592489875,1.3941745773207872,false
wrong,25,3,71.9,1.027183084678909,1.3998724431761131,false
wrong,25,3,72.0,1.0070622213187461,1.405347151145005,false
wrong,25,3,72.1,0.9862260847859855,1.4105940440025713,false
wrong,25,3,72.2,0.9646118292498727,1.4156079528382361,false
wrong,25,3,72.3,0.9421492363974138,1.4203831375046216,false
wrong,25,3,72.4,0.9187596560259977,1.4249132184900226,false
wrong,25,3,72.5,0.8943547719110317,1.429191098799751,false
wrong,25,3,72.6,0.8688351619162381,1.4332088741794693,false
wrong,25,3,72.7,0.8420886159872154,1.4369577297174483,false
wrong,25,3,72.8,0.8139881697535036,1.4404278205170573,false
wrong,25,3,72.9,0.7843898051477144,1.443608133731429,false
wrong,25,3,73.0,0.7531297631448288,1.4464863287975214,false
wrong,25,3,73.1,0.7200214082259576,1.449048552200508,false
wrong,25,3,73.2,0.6848515809105965,1.4512792225553042,false
wrong,25,3,73.3,0.6473763761527711,1.453160781241206,false
wrong,25,3,73.4,0.6073162957120227,1.454673403328802,false
wrong,25,3,73.5,0.5643507486148412,1.4557946632051162,false
wrong,25,3,73.6,0.5181119265277399,1.4564991493225903,false
wrong,25,3,73.7,0.46817817771521125,1.4567580231862192,false
wrong,25,3,73.8,0.41406717132348664,1.4565385195660625,false
wrong,25,3,73.9,0.35522942391033174,1.4558033887988442,false
wrong,25,3,74.0,0.2910432119268779,1.4545102891924384,false
wrong,25,3,74.1,0.22081259886360932,1.4526111498769065,false
wrong,25,3,74.2,0.14377136500392568,1.4500515446913211,false
wrong,25,3,74.3,0.05909714108290087,1.4467701495204697,false
wrong,25,3,74.4,-0.03405794810834127,1.4426984032357981,false
wrong,25,3,74.5,-0.13651149616028269,1.4377605599067715,false
wrong,25,3,74.6,-0.24895924939571212,1.4318744075779566,false
wrong,25,3,74.7,-0.37183703018707304,1.4249530271827548,false
wrong,25,3,74.8,-0.5051301881085455,1.4169080441428281,false
wrong,25,3,74.9,-0.6481385790664046,1.4076548212607733,false
wrong,25,3,75.0,-0.7992320511906315,1.3971198516456989,false
wrong,25,4,75.0,0.371926492535351,1.3965132002575302,true
wrong,25,4,75.1,0.31548573767357846,1.3958429243468276,false
wrong,25,4,75.2,0.25376292350277235,1.3946364536606062,false
wrong,25,4,75.3,0.18610028932493153,1.3928463359912848,false
wrong,25,4,75.4,0.11177752777678984,1.390419144018932,false
wrong,25,4,75.5,0.030026566808346866,1.3872950042454983,false
wrong,25,4,75.6,-0.05993813846153996,1.3834073309374737,false
wrong,25,4,75.7,-0.1588661328887913,1.378682939476952,false
wrong,25,4,75.8,-0.26738509114458564,1.3730427903538363,false
wrong,25,4,75.9,-0.38587359252832576,1.3664036986517134,false
wrong,25,4,76.0,-0.5142881745681136,1.358681407033077,false
wrong,25,4,76.1,-0.6519527550236061,1.3497954075943102,false
wrong,25,4,76.2,-0.7973417523668054,1.3396757229353782,false
wrong,25,4,76.3,-0.9479203016156607,1.328271424639177,false
wrong,25,4,76.4,-1.100132747923276,1.3155599485492804,false
wrong,25,4,76.5,-1.2496276055503388,1.3015554155496523,false
wrong,25,4,76.6,-1.3917466081665142,1.2863136000328415,false
wrong,25,4,76.7,-1.5221917199609343,1.2699314485093587,false
wrong,25,4,76.8,-1.6376755072479117,1.2525403905672936,false
wrong,25,4,76.9,-1.7363397993133665,1.2342946590728017,false
wrong,25,4,77.0,-1.8178250277243717,1.215357429531894,false
wrong,25,4,77.1,-1.8830251566214447,1.1958879481420914,false
wrong,25,4,77.2,-1.9336707802138973,1.1760319164490487,false
wrong,25,4,77.3,-1.9718971866922885,1.155915941831373,false
wrong,25,4,77.4,-1.9999003451653492,1.135645635656025,false
wrong,25,4,77.5,-2.019715572888208,1.1153063201561726,false
wrong,25,4,77.6,-2.0331065088338662,1.094965232438943,false
wrong,25,4,77.7,-2.0415327220182635,1.0746743430510524,false
wrong,25,4,77.8,-2.0461639366965843,1.0544732148680813,false
wrong,25,4,77.9,-2.047916604134073,1.0343915930750383,false
wrong,25,4,78.0,-2.047497401630213,1.0144516003810173,false
wrong,25,4,78.1,-2.045445244896237,0.9946695198900367,false
wrong,25,4,78.2,-2.0421680185788573,0.9750572023884839,false
wrong,25,4,78.3,-2.0379729000823135,0.9556231558325036,false
wrong,25,4,78.4,-2.0330905098797576,0.9363733776972368,false
wrong,25,4,78.5,-2.0276936971004984,0.9173119851894403,false
wrong,25,4,78.6,-2.0219119235126657,0.8984416895786109,false
wrong,25,4,78.7,-2.0158421612101143,0.8797641518565131,false
wrong,25,4,78.8,-2.009557091115885,0.8612802488290067,false
wrong,25,4,78.9,-2.00311124295185,0.8429902719881279,false
wrong,25,4,79.0,-1.996545580947628,0.8248940761153818,false
wrong,25,4,79.1,-1.989890923779815,0.8069911903691097,false
wrong,25,4,79.2,-1.983170493828354,0.789280901399522,false
wrong,25,4,79.3,-1.976401817794093,0.7717623156097014,false
wrong,25,4,79.4,-1.9695981447306816,0.7544344058619945,false
wrong,25,4,79.5,-1.9627695051846052,0.7372960465718226,false
wrong,25,4,79.6,-1.9559235033685134,0.7203460401210634,false
wrong,25,4,79.7,-1.949065910602871,0.7035831367730969,false
wrong,25,4,79.8,-1.9422011106588384,0.687006049714924,false
wrong,25,4,79.9,-1.935332434584485,0.67061346643861,false
wrong,25,4,80.0,-1.9284624129302501,0.6544040573674982,false
wrong,25,4,80.1,-1.9215929661321274,0.6383764824045991,false
wrong,25,4,80.2,-1.9147255485094652,0.6225293959108572,false
wrong,25,4,80.3,-1.9078612574044067,0.6068614504945214,false
wrong,25,4,80.4,-1.901000916073716,0.5913712998984347,false
wrong,25,4,80.5,-1.8941451367767779,0.5760576012014604,false
wrong,25,4,80.6,-1.887294368890944,0.5609190164973743,false
wrong,25,4,80.7,-1.8804489356833178,0.5459542141748541,false
wrong,25,4,80.8,-1.8736090624704709,0.5311618698923468,false
wrong,25,4,80.9,-1.8667748982260781,0.5165406673190942,false
wrong,25,4,81.0,-1.8599465321931827,0.5020892986966177,false
wrong,25,4,81.1,-1.8531240066798638,0.48780646526210675,false
wrong,25,4,81.2,-1.846307326932711,0.47369087756541745,false
wrong,25,4,81.3,-1.8394964687681254,0.4597412557039834,false
wrong,25,4,81.4,-1.8326913844795252,0.4459563294943098,false
wrong,25,4,81.5,-1.8258920074159417,0.43233483859442273,false
wrong,25,4,81.6,-1.8190982555345434,0.41887553258836174,false
wrong,25,4,81.7,-1.8123100341589522,0.40557717104128854,false
wrong,25,4,81.8,-1.805527238121437,0.3924385235318544,false
wrong,25,4,81.9,-1.7987497534260068,0.37945836966698415,false
wrong,25,4,82.0,-1.7919774585380555,0.3666354990830921,false
wrong,25,4,82.1,-1.7852102253821573,0.35396871143686126,false
wrong,25,4,82.2,-1.778447920111176,0.3414568163880361,false
wrong,25,4,82.3,-1.7716904036956411,0.32909863357614916,false
wrong,25,4,82.4,-1.7649375323714245,0.31689299259269177,false
wrong,25,4,82.5,-1.7581891579752937,0.30483873294991964,false
wrong,25,4,82.6,-1.751445128191394,0.29293470404723565,false
wrong,25,4,82.7,-1.7447052867266362,0.28117976513589826,false
wrong,25,4,82.8,-1.7379694734290403,0.2695727852826522,false
wrong,25,4,82.9,-1.7312375243600207,0.2581126433327598,false
wrong,25,4,83.0,-1.7245092718292019,0.24679822787281858,false
wrong,25,4,83.1,-1.717784544398495,0.23562843719367815,false
wrong,25,4,83.2,-1.711063166860694,0.22460217925371184,false
wrong,25,4,83.3,-1.704344960196703,0.2137183716426548,false
wrong,25,4,83.4,-1.6976297415146018,0.20297594154618484,false
wrong,25,4,83.5,-1.6909173239730373,0.19237382571139514,false
wrong,25,4,83.6,-1.684207516690864,0.18191097041328663,false
wrong,25,4,83.7,-1.6775001246445094,0.1715863314223919,false
wrong,25,4,83.8,-1.6707949485541693,0.16139887397362893,false
wrong,25,4,83.9,-1.6640917847596637,0.1513475727364746,false
wrong,25,4,84.0,-1.6573904250865368,0.14143141178653995,false
wrong,25,4,84.1,-1.650690656702805,0.13164938457862432,false
wrong,25,4,84.2,-1.643992261966599,0.12200049392132217,false
wrong,25,4,84.3,-1.6372950182648098,0.11248375195325389,false
wrong,25,4,84.4,-1.630598697842756,0.10309818012099112,false
wrong,25,4,84.5,-1.6239030676247832,0.09384280915874686,false
wrong,25,4,84.6,-1.6172078890256378,0.08471667906990095,false
wrong,25,4,84.7,-1.6105129177523811,0.07571883911043337,false
wrong,25,4,84.8,-1.6038179035965545,0.06684834777433916,false
wrong,25,4,84.9,-1.597122590216242,0.05810427278110138,false
wrong,25,4,85.0,-1.590426714907634,0.049485691065301526,false
wrong,25,4,85.1,-1.5837300083656332,0.04099168876844987,false
wrong,25,4,85.2,-1.577032194433006,0.03262136123312228,false
wrong,25,4,85.3,-1.5703329898375284,0.02437381299949394,false
wrong,25,4,85.4,-1.5636321039165308,0.016248157804365324,false
wrong,25,4,85.5,-1.5569292383281916,0.008243518582780395,false
wrong,25,4,85.6,-1.5502240867488872,0.0003590274723427652,false
wrong,25,4,85.7,-1.5435163345558456,-0.007406174179658818,false
wrong,25,4,85.8,-1.536805658494304,-0.015052935806197818,false
wrong,25,4,85.9,-1.5300917263283047,-0.0225820976074058,false
wrong,25,4,86.0,-1.523374196474213,-0.029994490534284893,false
wrong,25,4,86.1,-1.5166527176159668,-0.037290936269097276,false
wrong,25,4,86.2,-1.5099269283010064,-0.044472247202284224,false
wrong,25,4,86.3,-1.503196456515755,-0.0515392264057573,false
wrong,25,4,86.4,-1.496460919239445,-0.058492667602396096,false
wrong,25,4,86.5,-1.4897199219750015,-0.06533335513157537,false
wrong,25,4,86.6,-1.4829730582556009,-0.07206206391053455,false
wrong,25,4,86.7,-1.4762199091254293,-0.07867955939139037,false
wrong,25,4,86.8,-1.469460042593062,-0.0851865975135807,false
wrong,25,4,86.9,-1.462693013055767,-0.09158392465151459,false
wrong,25,4,87.0,-1.4559183606929242,-0.0978722775571891,false
wrong,25,4,87.1,-1.4491356108266122,-0.10405238329751759,false
wrong,25,4,87.2,-1.442344273247279,-0.11012495918609805,false
wrong,25,4,87.3,-1.4355438415022606,-0.11609071270913197,false
wrong,25,4,87.4,-1.4287337921447427,-0.12195034144518535,false
wrong,25,4,87.5,-1.4219135839405896,-0.12770453297846246,false
wrong,25,4,87.6,-1.4150826570302624,-0.1333539648052414,false
wrong,25,4,87.7,-1.4082404320428465,-0.13889930423309624,false
wrong,25,4,87.8,-1.4013863091589798,-0.1443412082725053,false
wrong,25,4,87.9,-1.3945196671192217,-0.14968032352041719,false
wrong,25,4,88.0,-1.3876398621741433,-0.15491728603531657,false
wrong,25,4,88.1,-1.3807462269721218,-0.16005272120329983,false
wrong,25,4,88.2,-1.3738380693805083,-0.1650872435946357,false
wrong,25,4,88.3,-1.3669146712354947,-0.1700214568102488,false
wrong,25,4,88.4,-1.3599752870156245,-0.17485595331752363,false
wrong,25,4,88.5,-1.353019142433493,-0.1795913142747825,false
wrong,25,4,88.6,-1.3460454329397238,-0.18422810934374403,false
wrong,25,4,88.7,-1.3390533221328322,-0.18876689648921716,false
wrong,25,4,88.8,-1.3320419400680445,-0.19320822176523023,false
wrong,25,4,88.9,-1.3250103814575647,-0.19755261908673474,false
wrong,25,4,89.0,-1.3179577037541401,-0.20180060998595709,false
wrong,25,4,89.1,-1.3108829251090812,-0.20595270335240154,false
wrong,25,4,89.2,-1.3037850221951197,-0.2100093951554301,false
wrong,25,4,89.3,-1.2966629278836546,-0.2139711681482605,false
wrong,25,4,89.4,-1.2895155287650089,-0.21783849155213253,false
wrong,25,4,89.5,-1.2823416624993067,-0.22161182071929328,false
wrong,25,4,89.6,-1.2751401149844637,-0.22529159677334268,false
wrong,25,4,89.7,-1.2679096173265538,-0.22887824622536246,false
wrong,25,4,89.8,-1.2606488425964628,-0.23237218056412196,false
wrong,25,4,89.9,-1.253356402355241,-0.23577379581851218,false
wrong,25,4,90.0,-1.2460308429289202,-0.2390834720902051,false
wrong,25,4,90.1,-1.2386706414117337,-0.24230157305436448,false
wrong,25,4,90.2,-1.2312742013746598,-0.24542844542604875,false
wrong,25,4,90.3,-1.2238398482539736,-0.24846441838974234,false
wrong,25,4,90.4,-1.2163658243920121,-0.251409802989227,false
wrong,25,4,90.5,-1.2088502836996091,-0.2542648914747579,false
wrong,25,4,90.6,-1.2012912859065963,-0.25702995660423844,false
wrong,25,4,90.7,-1.1936867903633686,-0.2597052508947879,false
wrong,25,4,90.8,-1.1860346493527278,-0.26229100582076637,false
wrong,25,4,90.9,-1.1783326008669976,-0.26478743095395796,false
wrong,25,4,91.0,-1.170578260800691,-0.2671947130412104,false
wrong,25,4,91.1,-1.1627691145037573,-0.2695130150143846,false
wrong,25,4,91.2,-1.1549025076345447,-0.27174247492697473,false
wrong,25,4,91.3,-1.1469756362450236,-0.2738832048112134,false
wrong,25,4,91.4,-1.1389855360234302,-0.27593528944887086,false
wrong,25,4,91.5,-1.1309290706111903,-0.2778987850482821,false
wrong,25,4,91.6,-1.1228029189016548,-0.27977371781938787,false
wrong,25,4,91.7,-1.1146035612176877,-0.28156008243774105,false
wrong,25,4,91.8,-1.1063272642533102,-0.28325784038749746,false
wrong,25,4,91.9,-1.0979700646512618,-0.28486691817237364,false
wrong,25,4,92.0,-1.089527751073247,-0.28638720538239076,false
wrong,25,4,92.1,-1.0809958446025731,-0.287818552602924,false
wrong,25,4,92.2,-1.072369577299538,-0.2891607691511196,false
wrong,25,4,92.3,-1.063643868707983,-0.29041362062310644,false
wrong,25,4,92.4,-1.054813300086485,-0.2915768262335893,false
wrong,25,4,92.5,-1.0458720861092878,-0.29265005592734455,false
wrong,25,4,92.6,-1.036814043749726,-0.2936329272398048,false
wrong,25,4,92.7,-1.0276325580219932,-0.2945250018812905,false
wrong,25,4,92.8,-1.0183205442149175,-0.2953257820164707,false
wrong,25,4,92.9,-1.0088704062031182,-0.296034706207269,false
wrong,25,4,93.0,-0.9992739903655657,-0.29665114498361705,false
wrong,25,4,93.1,-0.9895225345780068,-0.2971743960021233,false
wrong,25,4,93.2,-0.9796066116726438,-0.2976036787478023,false
wrong,25,4,93.3,-0.969516066674304,-0.29793812872839887,false
wrong,25,4,93.4,-0.9592399470252839,-0.2981767911044472,false
wrong,25,4,93.5,-0.9487664248989717,-0.2983186136908976,false
wrong,25,4,93.6,-0.9380827105727075,-0.2983624392577846,false
wrong,25,4,93.7,-0.9271749556801943,-0.29830699704783453,false
wrong,25,4,93.8,-0.9160281449896273,-0.29815089341791845,false
wrong,25,4,93.9,-0.9046259751514946,-0.29789260149862556,false
wrong,25,4,94.0,-0.8929507186248855,-0.2975304497516927,false
wrong,25,4,94.1,-0.8809830707175152,-0.297062609288265,false
wrong,25,4,94.2,-0.8687019773558935,-0.29648707979161626,false
wrong,25,4,94.3,-0.856084440830434,-0.2958016738655934,false
wrong,25,4,94.4,-0.8431053003268125,-0.29500399960416823,false
wrong,25,4,94.5,-0.8297369835491268,-0.29409144114748903,false
wrong,25,4,94.6,-0.8159492251504172,-0.2930611369550449,false
wrong,25,4,94.7,-0.8017087469982447,-0.29190995548618065,false
wrong,25,4,94.8,-0.7869788945019882,-0.2906344679313133,false
wrong,25,4,94.9,-0.7717192222974973,-0.2892309175827286,false
wrong,25,4,95.0,-0.7558850215057534,-0.2876951853705681,false
wrong,25,4,95.1,-0.739426779537015,-0.2860227510161697,false
wrong,25,4,95.2,-0.7222895619835006,-0.2842086491697778,false
wrong,25,4,95.3,-0.7044123045188002,-0.28224741980112544,false
wrong,25,4,95.4,-0.6857270008958003,-0.28013305199778427,false
wrong,25,4,95.5,-0.6661577711169319,-0.2778589201957645,false
wrong,25,4,95.6,-0.6456197916769284,-0.2754177117181421,false
wrong,25,4,95.7,-0.624018067528031,-0.27280134432951264,false
wrong,25,4,95.8,-0.6012460232391396,-0.2700008723268854,false
wrong,25,4,95.9,-0.5771838889720572,-0.26700637948310785,false
wrong,25,4,96.0,-0.5516968558091422,-0.26380685694201966,false
wrong,25,4,96.1,-0.5246329753304321,-0.26039006394525954,false
wrong,25,4,96.2,-0.49582078124934276,-0.2567423690669685,false
wrong,25,4,96.3,-0.46506661807468497,-0.2528485694750306,false
wrong,25,4,96.4,-0.4321516757758327,-0.24869168567566877,false
wrong,25,4,96.5,-0.39682875421681124,-0.24425272931108497,false
wrong,25,4,96.6,-0.35881882253812714,-0.23951044199001098,false
wrong,25,4,96.7,-0.3178075052425925,-0.23444100402550255,false
wrong,25,4,96.8,-0.27344173068255245,-0.2290177136129644,false
wrong,25,4,96.9,-0.22532693583585475,-0.22321063981465555,false
wrong,25,4,97.0,-0.17302545599290614,-0.2169862573115324,false
wrong,25,4,97.1,-0.11605706651508073,-0.21030707804995907,false
wrong,25,4,97.2,-0.0539031149226062,-0.20313130571554439,false
wrong,25,4,97.3,0.013983694480305925,-0.19541255470341357,false
wrong,25,4,97.4,0.08816103501188735,-0.18709969727650194,false
wrong,25,4,97.5,0.1691665590488771,-0.17813693185948237,false
wrong,25,4,97.6,0.25747106646143697,-0.1684642014589683,false
wrong,25,4,97.7,0.3534109524443408,-0.1580181303831846,false
wrong,25,4,97.8,0.45709715982779925,-0.14673368012216287,false
wrong,25,4,97.9,0.5683020644094554,-0.13454673248284163,false
wrong,25,4,98.0,0.6863338220662731,-0.12139775959046381,false
wrong,25,4,98.1,0.809919951979593,-0.10723659841961326,false
wrong,25,4,98.2,0.9371359036727934,-0.09202808309524178,false
wrong,25,4,98.3,1.0654233141674538,-0.07575791371570961,false
wrong,25,4,98.4,1.1917362183533986,-0.058437748919082266,false
wrong,25,4,98.5,1.3128233955435424,-0.04010828518144423,false
wrong,25,4,98.6,1.4256052982800222,-0.02083923911094688,false
wrong,25,4,98.7,1.5275565713284438,-0.0007257691048937302,false
wrong,25,4,98.8,1.6169901336236916,0.020118204883959143,false
wrong,25,4,98.9,1.6931709304720857,0.041568487760915665,false
wrong,25,4,99.0,1.756250611430315,0.06349923558968602,false
wrong,25,4,99.1,1.807072699312075,0.08579027236026068,false
wrong,25,4,99.2,1.8469237583364657,0.10833226112002627,false
wrong,25,4,99.3,1.8772971914424603,0.1310295727271101,false
wrong,25,4,99.4,1.8997088233371304,0.15380118776791676,false
wrong,25,4,99.5,1.9155756174313332,0.17658019108316017,false
wrong,25,4,99.6,1.9261505842454012,0.19931242569229352,false
wrong,25,4,99.7,1.9324992368865532,0.22195476267141082,false
wrong,25,4,99.8,1.9355025094905367,0.2444732999687265,false
wrong,25,4,99.9,1.9358740379068693,0.2668416748731733,false
wrong,25,4,100.0,1.9341834698640865,0.2890395799266444,false
wrong,100,1,0.0,-1.8633893588791945,0.9432517283983279,true
wrong,100,1,0.1,-1.89544272864903,0.9255172164439067,false
wrong,100,1,0.2,-1.919496813123561,0.9076567969126949,false
wrong,100,1,0.30000000000000004,-1.936988286851434,0.8897380169353477,false
wrong,100,1,0.4,-1.94918887726972,0.8718154825522532,false
wrong,100,1,0.5,-1.9571798455489053,0.853932609597479,false
wrong,100,1,0.6000000000000001,-1.9618542591546815,0.8361234570382327,false
wrong,100,1,0.7000000000000001,-1.9639344061985005,0.8184144483974491,false
wrong,100,1,0.8,-1.9639956125867923,0.8008258862964533,false
wrong,100,1,0.9,-1.9624911341049855,0.7833732296583147,false
wrong,100,1,1.0,-1.959775276510412,0.7660681400569517,false
wrong,100,1,1.1,-1.9561234974424415,0.7489193218006227,false
wrong,100,1,1.2,-1.9517491775511477,0.7319331868765473,false
wrong,100,1,1.3,-1.9468172356185773,0.715114376017503,false
wrong,100,1,1.4,-1.9414549772669583,0.6984661641787124,false
wrong,100,1,1.5,-1.9357606283382112,0.6819907745693758,false
wrong,100,1,1.6,-1.9298099871333114,0.6656896211093192,false
wrong,100,1,1.7000000000000002,-1.9236615783388782,0.6495634952763167,false
wrong,100,1,1.8,-1.9173606296725456,0.6336127099649408,false
wrong,100,1,1.9,-1.9109421321222306,0.6178372102225882,false
wrong,100,1,2.0,-1.9044331914150363,0.6022366585153094,false
wrong,100,1,2.1,-1.8978548336658434,0.5868105004283968,false
wrong,100,1,2.2,-1.891223391856262,0.5715580153424239,false
wrong,100,1,2.3,-1.8845515709314031,0.5564783555689014,false
wrong,100,1,2.4,-1.8778492666802362,0.5415705766159331,false
wrong,100,1,2.5,-1.8711241960097587,0.5268336606296959,false
wrong,100,1,2.6,-1.8643823826912347,0.5122665345793043,false
wrong,100,1,2.7,-1.857628532273865,0.49786808438685204,false
wrong,100,1,2.8,-1.8508663219184265,0.4836371659248318,false
wrong,100,1,2.9,-1.8440986248383624,0.4695726135893934,false
wrong,100,1,3.0,-1.8373276844089828,0.45567324699444006,false
wrong,100,1,3.1,-1.8305552494768953,0.44193787620643316,false
wrong,100,1,3.2,-1.8237826797102692,0.42836530584389904,false
wrong,100,1,3.3,-1.8170110277763003,0.414954338292069,false
wrong,100,1,3.4,-1.810241103563019,0.40170377622656495,false
wrong,100,1,3.5,-1.8034735244625497,0.3886124245965506,false
wrong,100,1,3.6,-1.7967087548140253,0.3756790921842476,false
wrong,100,1,3.7,-1.7899471368997706,0.36290259283183474,false
wrong,100,1,3.8,-1.7831889153472393,0.3502817464067319,false
wrong,100,1,3.9,-1.7764342563729847,0.33781537956076385,false
wrong,100,1,4.0,-1.7696832629842463,0.3255023263266606,false
wrong,100,1,4.1,-1.7629359870062413,0.31334142858599134,false
wrong,100,1,4.2,-1.75619243861189,0.30133153643533805,false
wrong,100,1,4.3,-1.749452593882505,0.2894715084718233,false
wrong,100,1,4.4,-1.7427164008129874,0.2777602120146579,false
wrong,100,1,4.5,-1.735983784085676,0.26619652327588755,false
wrong,100,1,4.6,-1.7292546488674143,0.25477932749078347,false
wrong,100,1,4.7,-1.7225288838300918,0.2435075190161707,false
wrong,100,1,4.8,-1.7158063635524734,0.232380001403294,false
wrong,100,1,4.9,-1.7090869504279202,0.2213956874504856,false
wrong,100,1,5.0,-1.7023704961765271,0.21055349923984198,false
wrong,100,1,5.1,-1.6956568430397276,0.19985236816128127,false
wrong,100,1,5.2,-1.688945824719288,0.1892912349266889,false
wrong,100,1,5.3,-1.682237267109895,0.17886904957633326,false
wrong,100,1,5.4,-1.6755309888644927,0.16858477147931336,false
wrong,100,1,5.5,-1.6688268018235548,0.15843736932946656,false
wrong,100,1,5.6,-1.6621245113331853,0.14842582113789876,false
wrong,100,1,5.7,-1.6554239164719027,0.13854911422308602,false
wrong,100,1,5.8,-1.6487248102019896,0.1288062451993271,false
wrong,100,1,5.9,-1.642026979458075,0.11919621996418982,false
wrong,100,1,6.0,-1.635330205183094,0.10971805368548607,false
wrong,100,1,6.1,-1.6286342623197043,0.10037077078822255,false
wrong,100,1,6.2,-1.6219389197636058,0.091153404941905,false
wrong,100,1,6.3,-1.6152439402838876,0.08206499904851831,false
wrong,100,1,6.4,-1.6085490804144478,0.07310460523146026,false
wrong,100,1,6.5,-1.6018540903196743,0.06427128482567199,false
wrong,100,1,6.6,-1.595158713636862,0.05556410836918041,false
wrong,100,1,6.7,-1.588462687297263,0.046982155596246473,false
wrong,100,1,6.8,-1.581765741327197,0.03852451543229623,false
wrong,100,1,6.9,-1.575067598630251,0.030190285990799707,false
wrong,100,1,7.0,-1.5683679747512678,0.02197857457225303,false
wrong,100,1,7.1,-1.5616665776225567,0.013888497665413117,false
wrong,100,1,7.2,-1.5549631072925116,0.005919180950930436,false
wrong,100,1,7.3,-1.5482572556366296,-0.0019302406924766782,false
wrong,100,1,7.4,-1.5415487060507438,-0.009660623179162617,false
wrong,100,1,7.5,-1.5348371331261264,-0.017272813204865435,false
wrong,100,1,7.6,-1.528122202305982,-0.024767648232040272,false
wrong,100,1,7.7,-1.521403569522711,-0.03214595647206411,false
wrong,100,1,7.8,-1.514680880815217,-0.039408556864155016,false
wrong,100,1,7.9,-1.5079537719254008,-0.04655625905084333,false
wrong,100,1,8.0,-1.5012218678728833,-0.053589863349825004,false
wrong,100,1,8.1,-1.4944847825068792,-0.06051016072201913,false
wrong,100,1,8.2,-1.4877421180340409,-0.0673179327356428,false
wrong,100,1,8.3,-1.480993464520968,-0.0740139515261062,false
wrong,100,1,8.4,-1.4742383993699737,-0.08059897975152026,false
wrong,100,1,8.5,-1.4674764867665662,-0.08707377054359658,false
wrong,100,1,8.6,-1.4607072770969851,-0.09343906745370689,false
wrong,100,1,8.7,-1.453930306333995,-0.09969560439385487,false
wrong,100,1,8.8,-1.4471450953889957,-0.10584410557229763,false
wrong,100,1,8.9,-1.4403511494283607,-0.11188528542353844,false
wrong,100,1,9.0,-1.4335479571517515,-0.1178198485323932,false
wrong,100,1,9.1,-1.426734990029981,-0.12364848955181505,false
wrong,100,1,9.2,-1.4199117014998155,-0.12937189311414013,false
wrong,100,1,9.3,-1.4130775261128996,-0.1349907337353951,false
wrong,100,1,9.4,-1.406231878635776,-0.14050567571228356,false
wrong,100,1,9.5,-1.399374153097732,-0.14591737301144123,false
wrong,100,1,9.6,-1.3925037217829546,-0.15122646915052299,false
wrong,100,1,9.7,-1.385619934163195,-0.15643359707065385,false
wrong,100,1,9.8,-1.3787221157668503,-0.16153937899974316,false
wrong,100,1,9.9,-1.3718095669800363,-0.1665444263061264,false
wrong,100,1,10.0,-1.3648815617748786,-0.17144933934196036,false
wrong,100,1,10.1,-1.3579373463598587,-0.1762547072757563,false
wrong,100,1,10.2,-1.3509761377466318,-0.18096110791339112,false
wrong,100,1,10.3,-1.3439971222272753,-0.185569107506888,false
wrong,100,1,10.4,-1.3369994537554257,-0.19007926055020544,false
wrong,100,1,10.5,-1.3299822522242142,-0.19449210956121704,false
wrong,100,1,10.6,-1.3229446016333108,-0.19880818484900245,false
wrong,100,1,10.7,-1.3158855481367362,-0.20302800426550294,false
wrong,100,1,10.8,-1.3088040979623747,-0.20715207294052243,false
wrong,100,1,10.9,-1.3016992151933446,-0.21118088299897547,false
wrong,100,1,11.0,-1.2945698194005069,-0.21511491325919752,false
wrong,100,1,11.1,-1.287414783114454,-0.2189546289110394,false
wrong,100,1,11.2,-1.2802329291242716,-0.22270048117236513,false
wrong,100,1,11.3,-1.2730230275892165,-0.226352906922461,false
wrong,100,1,11.4,-1.2657837929481972,-0.22991232831074213,false
wrong,100,1,11.5,-1.2585138806105372,-0.23337915233900958,false
wrong,100,1,11.6,-1.2512118834099726,-0.23675377041536538,false
wrong,100,1,11.7,-1.243876327802133,-0.240036557877734,false
wrong,100,1,11.8,-1.236505669783871,-0.24322787348476396,false
wrong,100,1,11.9,-1.2290982905107322,-0.2463280588716921,false
wrong,100,1,12.0,-1.221652491586549,-0.2493374379685431,false
wrong,100,1,12.1,-1.2141664899965883,-0.25225631637780577,false
wrong,100,1,12.2,-1.2066384126528422,-0.2550849807084743,false
wrong,100,1,12.3,-1.1990662905169056,-0.2578236978630633,false
wrong,100,1,12.4,-1.191448052262365,-0.2604727142738976,false
wrong,100,1,12.5,-1.1837815174347257,-0.26303225508463823,false
wrong,100,1,12.6,-1.1760643890625428,-0.26550252327263135,false
wrong,100,1,12.7,-1.1682942456685557,-0.2678836987072531,false
wrong,100,1,12.8,-1.1604685326241924,-0.2701759371389642,false
wrong,100,1,12.9,-1.1525845527847287,-0.2723793691132804,false
wrong,100,1,13.0,-1.1446394563355649,-0.274494098803303,false
wrong,100,1,13.1,-1.1366302297724473,-0.2765202027538262,false
wrong,100,1,13.2,-1.1285536839298718,-0.2784577285293467,false
wrong,100,1,13.3,-1.120406440962252,-0.28030669325752317,false
wrong,100,1,13.4,-1.1121849201715701,-0.2820670820587764,false
wrong,100,1,13.5,-1.1038853225629652,-0.28373884635175595,false
wrong,100,1,13.6,-1.095503613995887,-0.2853219020233285,false
wrong,100,1,13.7,-1.087035506782798,-0.28681612745054086,false
wrong,100,1,13.8,-1.0784764395697062,-0.28822136136066684,false
wrong,100,1,13.9,-1.0698215553127375,-0.2895374005139407,false
wrong,100,1,14.0,-1.0610656771421798,-0.2907639971918858,false
wrong,100,1,14.1,-1.0522032818795324,-0.29190085647224584,false
wrong,100,1,14.2,-1.0432284709436084,-0.2929476332693835,false
wrong,100,1,14.3,-1.0341349383481313,-0.2939039291165948,false
wrong,100,1,14.4,-1.0249159354548822,-0.29476928866406243,false
wrong,100,1,14.5,-1.0155642321025795,-0.29554319586308625,false
wrong,100,1,14.6,-1.0060720736814102,-0.2962250698037384,false
wrong,100,1,14.7,-0.9964311336655046,-0.2968142601691307,false
wrong,100,1,14.8,-0.9866324610494411,-0.2973100422649838,false
wrong,100,1,14.9,-0.976666422058717,-0.29771161157807374,false
wrong,100,1,15.0,-0.9665226354163902,-0.2980180778113021,false
wrong,100,1,15.1,-0.9561899003468752,-0.2982284583364866,false
wrong,100,1,15.2,-0.9456561163809238,-0.2983416709983707,false
wrong,100,1,15.3,-0.9349081938904945,-0.2983565261946523,false
wrong,100,1,15.4,-0.9239319541254161,-0.2982717181468618,false
wrong,100,1,15.5,-0.9127120173418316,-0.2980858152654742,false
wrong,100,1,15.6,-0.9012316774010741,-0.2977972494994765,false
wrong,100,1,15.7,-0.8894727609718484,-0.297404304545458,false
wrong,100,1,15.8,-0.877415469182451,-0.29690510277381094,false
wrong,100,1,15.9,-0.8650381992363441,-0.29629759070944606,false
wrong,100,1,16.0,-0.8523173431156136,-0.29557952288108824,false
wrong,100,1,16.1,-0.8392270600433179,-0.29474844382619486,false
wrong,100,1,16.2,-0.8257390188465858,-0.2938016680072225,false
wrong,100,1,16.3,-0.8118221057451221,-0.292736257358633,false
wrong,100,1,16.4,-0.7974420923703887,-0.29154899614184937,false
wrong,100,1,16.5,-0.7825612579833832,-0.29023636273637676,false
wrong,100,1,16.6,-0.7671379588864228,-0.28879449793838635,false
wrong,100,1,16.7,-0.7511261368984983,-0.28721916927195507,false
wrong,100,1,16.8,-0.7344747574665116,-0.2855057307414432,false
wrong,100,1,16.9,-0.7171271664997939,-0.2836490773646004,false
wrong,100,1,17.0,-0.6990203533313579,-0.2816435937232331,false
wrong,100,1,17.1,-0.6800841053248204,-0.27948309564990387,false
wrong,100,1,17.2,-0.6602400375770601,-0.2771607640334933,false
wrong,100,1,17.3,-0.6394004789598989,-0.27466906957216736,false
wrong,100,1,17.4,-0.6174671934955362,-0.27199968712861283,false
wrong,100,1,17.5,-0.5943299139457999,-0.2691433981498311,false
wrong,100,1,17.6,-0.5698646628154517,-0.26608997940493667,false
wrong,100,1,17.7,-0.5439318352202402,-0.26282807607549097,false
wrong,100,1,17.8,-0.5163740190451508,-0.25934505701588195,false
wrong,100,1,17.9,-0.48701353176494605,-0.2556268498072243,false
wrong,100,1,18.0,-0.4556496621468317,-0.2516577530925058,false
wrong,100,1,18.1,-0.4220556217451572,-0.2474202236603028,false
wrong,100,1,18.2,-0.3859752400521529,-0.24289463592930663,false
wrong,100,1,18.3,-0.3471194849317455,-0.238059012015183,false
wrong,100,1,18.4,-0.3051629660423383,-0.2328887216457891,false
wrong,100,1,18.5,-0.25974069681938594,-0.22735615314437305,false
wrong,100,1,18.6,-0.2104455686658164,-0.22143035998017005,false
wrong,100,1,18.7,-0.15682725317382937,-0.21507669263949983,false
wrong,100,1,18.8,-0.0983936227370902,-0.2082564336819105,false
wrong,100,1,18.9,-0.034616294532916564,-0.20092646595511363,false
wrong,100,1,19.0,0.03505742812218998,-0.1930390213879763,false
wrong,100,1,19.1,0.11118314629189889,-0.1845415818633691,false
wrong,100,1,19.2,0.19428461176579828,-0.17537703506518348,false
wrong,100,1,19.3,0.28480123434600824,-0.16548422574137192,false
wrong,100,1,19.4,0.38301380299261784,-0.15479908145473478,false
wrong,100,1,19.5,0.4889465406288413,-0.14325651957679306,false
wrong,100,1,19.6,0.6022488507789749,-0.13079333679957428,false
wrong,100,1,19.7,0.7220694855257563,-0.11735221052318474,false
wrong,100,1,19.8,0.8469490370425373,-0.10288676553242966,false
wrong,100,1,19.9,0.974770067990169,-0.08736735847921455,false
wrong,100,1,20.0,1.1028097823433731,-0.07078683919607034,false
wrong,100,1,20.1,1.2279272751331851,-0.05316518303982675,false
wrong,100,1,20.2,1.3468803497435837,-0.034551755283849295,false
wrong,100,1,20.3,1.4567148334529698,-0.015024259165147366,false
wrong,100,1,20.4,1.5551284613087695,0.005315842462038839,false
wrong,100,1,20.5,1.6407099493333597,0.026350699091257236,false
wrong,100,1,20.6,1.7129981228160724,0.04795477354996659,false
wrong,100,1,20.7,1.7723715813045657,0.07000321187257952,false
wrong,100,1,20.8,1.81983004091635,0.09237858564105608,false
wrong,100,1,20.9,1.8567433548123224,0.11497537729647445,false
wrong,100,1,21.0,1.8846278006934107,0.13770222237732296,false
wrong,100,1,21.1,1.9049800356170818,0.1604823371670904,false
wrong,100,1,21.2,1.9191735339043743,0.18325271155562398,false
wrong,100,1,21.3,1.9284073169586136,0.20596260939212077,false
wrong,100,1,21.4,1.9336916342657755,0.2285717913711452,false
wrong,100,1,21.5,1.9358561777145844,0.25104873295705504,false
wrong,100,1,21.6,1.9355698323904522,0.2733689905360568,false
wrong,100,1,21.7,1.9333646697610127,0.2955137843513889,false
wrong,100,1,21.8,1.929659899880518,0.31746881391394227,false
wrong,100,1,21.9,1.9247836007873838,0.33922329251980493,false
wrong,100,1,22.0,1.9189913581864662,0.3607691741595728,false
wrong,100,1,22.1,1.9124816930937716,0.3821005421238284,false
wrong,100,1,22.2,1.9054085290407494,0.40321312964737954,false
wrong,100,1,22.3,1.897891103105852,0.4241039462837435,false
wrong,100,1,22.4,1.8900217561524562,0.44477098780759583,false
wrong,100,1,22.5,1.8818720086179719,0.4652130114928226,false
wrong,100,1,22.6,1.8734972743843812,0.48542936223456545,false
wrong,100,1,22.7,1.8649405056421993,0.5054198380479002,false
wrong,100,1,22.8,1.856235005504489,0.5251845859824501,false
wrong,100,1,22.9,1.847406596257447,0.5447240214976493,false
wrong,100,1,23.0,1.8384752905026875,0.5640387659238942,false
wrong,100,1,23.1,1.8294565796218878,0.5831295978677556,false
wrong,100,1,23.2,1.8203624279753363,0.601997415374543,false
wrong,100,1,23.3,1.811202040884395,0.6206432063979545,false
wrong,100,1,23.4,1.8019824586529751,0.6390680256926964,false
wrong,100,1,23.5,1.792709016703273,0.6572729766804268,false
wrong,100,1,23.6,1.7833857025457727,0.675259197172524,false
wrong,100,1,23.7,1.7740154331355364,0.6930278480886011,false
wrong,100,1,23.8,1.7646002706822408,0.7105801045055974,false
wrong,100,1,23.9,1.7551415907872387,0.7279171485226601,false
wrong,100,1,24.0,1.7456402135732796,0.7450401635425947,false
wrong,100,1,24.1,1.7360965060179785,0.7619503296595924,false
wrong,100,1,24.2,1.726510461822097,0.778648819911472,false
wrong,100,1,24.3,1.7168817637018998,0.795136797207572,false
wrong,100,1,24.4,1.7072098318874962,0.8114154117843284,false
wrong,100,1,24.5,1.6974938617571151,0.8274857990722397,false
wrong,100,1,24.6,1.6877328528805637,0.843349077882494,false
wrong,100,1,24.7,1.6779256312378694,0.8590063488406094,false
wrong,100,1,24.8,1.6680708659864174,0.8744586930092842,false
wrong,100,1,24.9,1.6581670818451337,0.889707170654208,false
wrong,100,1,25.0,1.6482126679270923,0.9047528201155833,false
wrong,100,1,25.1,1.6382058836667912,0.9195966567551198,false
wrong,100,1,25.2,1.6281448623433195,0.9342396719537128,false
wrong,100,1,25.3,1.6180276125865547,0.9486828321392529,false
wrong,100,1,25.4,1.6078520181633587,0.9629270778272804,false
wrong,100,1,25.5,1.59761583626902,0.976973322659708,false
wrong,100,1,25.6,1.5873166944917354,0.990822452428733,false
wrong,100,1,25.7,1.576952086571432,1.0044753240744733,false
wrong,100,1,25.8,1.5665193670361948,1.017932764645877,false
wrong,100,1,25.9,1.5560157447679446,1.0311955702151463,false
wrong,100,1,26.0,1.5454382755222558,1.0442645047363341,false
wrong,100,1,26.1,1.5347838534040552,1.057140298838961,false
wrong,100,1,26.2,1.5240492012803804,1.069823648547488,false
wrong,100,1,26.3,1.513230860092574,1.0823152139172842,false
wrong,100,1,26.4,1.5023251770125887,1.0946156175773774,false
wrong,100,1,26.5,1.4913282923708318,1.1067254431697506,false
wrong,100,1,26.6,1.4802361252657417,1.1186452336742898,false
wrong,100,1,26.7,1.4690443577475363,1.130375489607653,false
wrong,100,1,26.8,1.457748417449885,1.141916667083355,false
wrong,100,1,26.9,1.4463434585232002,1.1532691757192008,false
wrong,100,1,27.0,1.4348243407013614,1.1644333763768675,false
wrong,100,1,27.1,1.4231856063095263,1.1754095787168892,false
wrong,100,1,27.2,1.4114214549937205,1.1861980385505473,false
wrong,100,1,27.3,1.3995257159226087,1.1967989549681453,false
wrong,100,1,27.4,1.3874918171775563,1.2072124672208688,false
wrong,100,1,27.5,1.375312752008126,1.2174386513308102,false
wrong,100,1,27.6,1.3629810415856514,1.2274775164007723,false
wrong,100,1,27.7,1.35048869383655,1.237329000592076,false
wrong,100,1,27.8,1.3378271578784562,1.2469929667347286,false
wrong,100,1,27.9,1.3249872735147339,1.2564691975299034,false
wrong,100,1,28.0,1.3119592151649437,1.2657573902996313,false
wrong,100,1,28.1,1.2987324295185267,1.2748571512328253,false
wrong,100,1,28.2,1.2852955660941576,1.283767989070133,false
wrong,100,1,28.3,1.271636399765326,1.2924893081624944,false
wrong,100,1,28.4,1.2577417441706311,1.3010204008295099,false
wrong,100,1,28.5,1.2435973547613492,1.3093604389336146,false
wrong,100,1,28.6,1.2291878200446535,1.317508464574368,false
wrong,100,1,28.7,1.2144964393531525,1.3254633797936355,false
wrong,100,1,28.8,1.1995050852038665,1.3332239351667483,false
wrong,100,1,28.9,1.1841940479947874,1.3407887171364803,false
wrong,100,1,29.0,1.1685418604156688,1.3481561339254329,false
wrong,100,1,29.1,1.1525250985107158,1.3553243998376208,false
wrong,100,1,29.2,1.136118155811255,1.3622915177310515,false
wrong,100,1,29.3,1.1192929863404235,1.3690552594091125,false
wrong,100,1,29.4,1.102018811560489,1.3756131436386883,false
wrong,100,1,29.5,1.084261785463829,1.3819624114560156,false
wrong,100,1,29.6,1.0659846109737214,1.388099998366003,false
wrong,100,1,29.7,1.0471460995886213,1.3940225029754996,false
wrong,100,1,29.8,1.0277006647353566,1.399726151523892,false
wrong,100,1,29.9,1.0075977375479919,1.4052067576831526,false
wrong,100,1,30.0,0.986781091708411,1.4104596768913724,false
wrong,100,1,30.1,0.9651880615135988,1.415479754355689,false
wrong,100,1,30.2,0.9427486344091703,1.4202612657086655,false
wrong,100,1,30.3,0.9193843957822183,1.4247978491222653,false
wrong,100,1,30.4,0.8950072997757049,1.429082427470755,false
wrong,100,1,30.5,0.8695182352228567,1.4331071188827973,false
wrong,100,1,30.6,0.8428053504895517,1.4368631337280233,false
wrong,100,1,30.7,0.8147420951110733,1.440340655739114,false
wrong,100,1,30.8,0.7851849297994249,1.4435287045724892,false
wrong,100,1,30.9,0.7539706500836258,1.4464149766574195,false
wrong,100,1,31.0,0.7209132633107208,1.448985660678316,false
wrong,100,1,31.1,0.6858003553905283,1.4512252234915155,false
wrong,100,1,31.2,0.6483888849513618,1.4531161617266197,false
wrong,100,1,31.3,0.608400352584896,1.45463871382308,false
wrong,100,1,31.4,0.5655153183343801,1.455770526913259,false
wrong,100,1,31.5,0.5193672923988139,1.4564862729702663,false
wrong,100,1,31.6,0.4695361194274632,1.4567572093045573,false
wrong,100,1,31.7,0.4155411425320927,1.4565506803263566,false
wrong,100,1,31.8,0.35683470972212605,1.455829561301169,false
wrong,100,1,31.9,0.29279703182144823,1.4545516518689563,false
wrong,100,1,32.0,0.22273409808005268,1.452669039260977,false
wrong,100,1,32.1,0.1458814042931471,1.450127471143947,false
wrong,100,1,32.2,0.061417748746334155,1.4468658094892817,false
wrong,100,1,32.3,-0.03150465602140734,1.4428156841333117,false
wrong,100,1,32.4,-0.13370518275251103,1.4379015316589383,false
wrong,100,1,32.5,-0.24588430380548815,1.432041292390691,false
wrong,100,1,32.6,-0.368486844206402,1.4251481365561471,false
wrong,100,1,32.7,-0.5015127908582487,1.4171336707876205,false
wrong,100,1,32.8,-0.6442831374215919,1.407913075521821,false
wrong,100,1,32.9,-0.7951948652282603,1.3974124404045958,false
wrong,100,1,33.0,-0.9515370829702479,1.3855780815396521,false
wrong,100,1,33.1,-1.1094743316336184,1.372386796598365,false
wrong,100,1,33.2,-1.264300776468095,1.3578550176405069,false
wrong,100,1,33.3,-1.4109969724051894,1.342044156349035,false
wrong,100,1,33.4,-1.5449845488085758,1.3250597610182002,false
wrong,100,1,33.5,-1.6628470633703096,1.3070437129713335,false
wrong,100,1,33.6,-1.7627689895717273,1.288161007699433,false
wrong,100,1,33.7,-1.8445699558991997,1.2685844433381634,false
wrong,100,1,33.8,-1.9093929747607594,1.24848080036199,false
wrong,100,1,33.9,-1.9592219481680029,1.2280009136722694,false
wrong,100,1,34.0,-1.9964063122689368,1.2072743214265882,false
wrong,100,1,34.1,-2.0232995370679796,1.1864078364899722,false
wrong,100,1,34.2,-2.0420391349596088,1.165486789702638,false
wrong,100,1,34.3,-2.0544463181061468,1.144577704494727,false
wrong,100,1,34.4,-2.062006530580313,1.123731470303079,false
wrong,100,1,34.5,-2.0658950780055263,1.1029864404649268,false
wrong,100,1,34.6,-2.0670223048113243,1.082371167433877,false
wrong,100,1,34.7,-2.066082951703826,1.0619066762104836,false
wrong,100,1,34.8,-2.06360184172803,1.041608281677136,false
wrong,100,1,34.9,-2.0599727354458417,1.0214870039896073,false
wrong,100,1,35.0,-2.055489763511264,1.001550651648527,false
wrong,100,1,35.1,-2.0503720602831055,0.9818046404324836,false
wrong,100,1,35.2,-2.044782670923214,0.9622526076833676,false
wrong,100,1,35.3,-2.0388428631618556,0.9428968707016321,false
wrong,100,1,35.4,-2.0326428611189566,0.9237387677281634,false
wrong,100,1,35.5,-2.0262498473621546,0.9047789111506406,false
wrong,100,1,35.6,-2.019713906051381,0.8860173754042788,false
wrong,100,1,35.7,-2.013072427467538,0.8674538364245132,false
wrong,100,1,35.8,-2.0063533690663204,0.8490876752119473,false
wrong,100,1,35.9,-1.9995776696108407,0.8309180548273074,false
wrong,100,1,36.0,-1.992761037220981,0.8129439777107863,false
wrong,100,1,36.1,-1.9859152749723759,0.7951643284203597,false
wrong,100,1,36.2,-1.9790492649208504,0.7775779055522356,false
wrong,100,1,36.3,-1.9721696996943754,0.760183445623928,false
wrong,100,1,36.4,-1.9652816273481422,0.7429796409759883,false
wrong,100,1,36.5,-1.9583888579019575,0.7259651532144881,false
wrong,100,1,36.6,-1.951494267267632,0.7091386233226677,false
wrong,100,1,36.7,-1.9446000249260271,0.6924986792796776,false
wrong,100,1,36.8,-1.9377077648379133,0.676043941809729,false
wrong,100,1,36.9,-1.9308187140125146,0.6597730287262142,false
wrong,100,1,37.0,-1.9239337894294843,0.6436845582177011,false
wrong,100,1,37.1,-1.917053671259816,0.6277771513353904,false
wrong,100,1,37.2,-1.9101788582993067,0.6120494338766731,false
wrong,100,1,37.3,-1.903309710024498,0.5965000378110438,false
wrong,100,1,37.4,-1.8964464785662825,0.5811276023584937,false
wrong,100,1,37.5,-1.889589333068397,0.5659307748034875,false
wrong,100,1,37.6,-1.8827383782819258,0.5509082111073641,false
wrong,100,1,37.7,-1.875893668787524,0.5360585763667873,false
wrong,100,1,37.8,-1.8690552198938843,0.5213805451544141,false
wrong,100,1,37.9,-1.8622230160040367,0.5068728017693105,false
wrong,100,1,38.0,-1.8553970170483365,0.49253404041811055,false
wrong,100,1,38.1,-1.848577163438137,0.478362965342971,false
wrong,100,1,38.2,-1.8417633798850264,0.46435829090861425,false
wrong,100,1,38.3,-1.8349555783481615,0.450518741657901,false
wrong,100,1,38.4,-1.8281536603099433,0.43684305234319476,false
wrong,100,1,38.5,-1.82135751853309,0.4233299679391179,false
wrong,100,1,38.6,-1.8145670384163128,0.4099782436410292,false
wrong,100,1,38.7,-1.8077820990385427,0.3967866448525746,false
wrong,100,1,38.8,-1.8010025739608462,0.3837539471649162,false
wrong,100,1,38.9,-1.7942283318392949,0.3708789363296656,false
wrong,100,1,39.0,-1.7874592368898903,0.3581604082271052,false
wrong,100,1,39.1,-1.7806951492373082,0.345597168830934,false
wrong,100,1,39.2,-1.7739359251720692,0.33318803417051335,false
wrong,100,1,39.3,-1.7671814173352078,0.32093183029137673,false
wrong,100,1,39.4,-1.7604314748452567,0.30882739321461156,false
wrong,100,1,39.5,-1.7536859433790624,0.2968735688955943,false
wrong,100,1,39.6,-1.7469446652153955,0.28506921318246425,false
wrong,100,1,39.7,-1.7402074792483346,0.2734131917746452,false
wrong,100,1,39.8,-1.7334742209758551,0.2619043801816662,false
wrong,100,1,39.9,-1.7267447224678523,0.25054166368248626,false
wrong,100,1,40.0,-1.7200188123168796,0.2393239372854917,false
wrong,100,1,40.1,-1.7132963155741527,0.22825010568930768,false
wrong,100,1,40.2,-1.7065770536727756,0.2173190832445438,false
wrong,100,1,40.3,-1.6998608443396963,0.2065297939165766,false
wrong,100,1,40.4,-1.6931475014975306,0.19588117124945925,false
wrong,100,1,40.5,-1.6864368351571004,0.1853721583310389,false
wrong,100,1,40.6,-1.6797286513013086,0.17500170775935509,false
wrong,100,1,40.7,-1.6730227517607774,0.16476878161038697,false
wrong,100,1,40.8,-1.6663189340815334,0.15467235140721367,false
wrong,100,1,40.9,-1.659616991384892,0.14471139809064948,false
wrong,100,1,41.0,-1.6529167122195942,0.13488491199141428,false
wrong,100,1,41.1,-1.646217880406168,0.12519189280389895,false
wrong,100,1,41.2,-1.6395202748734012,0.11563134956158602,false
wrong,100,1,41.3,-1.6328236694867626,0.10620230061418613,false
wrong,100,1,41.4,-1.6261278328685431,0.09690377360655267,false
wrong,100,1,41.5,-1.6194325282094475,0.08773480545943886,false
wrong,100,1,41.6,-1.6127375130713086,0.07869444235216318,false
wrong,100,1,41.7,-1.6060425391805686,0.06978173970725252,false
wrong,100,1,41.8,-1.5993473522121158,0.06099576217713474,false
wrong,100,1,41.9,-1.5926516915630364,0.05233558363295626,false
wrong,100,1,42.0,-1.5859552901157952,0.04380028715560354,false
wrong,100,1,42.1,-1.5792578739903191,0.03538896502901164,false
wrong,100,1,42.2,-1.5725591622844186,0.027100718735847427,false
wrong,100,1,42.3,-1.565858866801938,0.018934658955659565,false
wrong,100,1,42.4,-1.5591566917679844,0.010889905565592705,false
wrong,100,1,42.5,-1.5524523335305365,0.0029655876437686725,false
wrong,100,1,42.6,-1.5457454802476847,-0.00483915652455667,false
wrong,100,1,42.7,-1.5390358115597096,-0.012525179437945951,false
wrong,100,1,42.8,-1.5323229982451434,-0.020093324366720573,false
wrong,100,1,42.9,-1.5256067018599058,-0.027544425337759745,false
wrong,100,1,43.0,-1.518886574358546,-0.03487930711602201,false
wrong,100,1,43.1,-1.5121622576965497,-0.042098785182644344,false
wrong,100,1,43.2,-1.5054333834126064,-0.049203665709465445,false
wrong,100,1,43.3,-1.4986995721896523,-0.05619474552981037,false
wrong,100,1,43.4,-1.4919604333934275,-0.06307281210536357,false
wrong,100,1,43.5,-1.4852155645871892,-0.06983864348894694,false
wrong,100,1,43.6,-1.4784645510211427,-0.07649300828300759,false
wrong,100,1,43.7,-1.4717069650950376,-0.08303666559360819,false
wrong,100,1,43.8,-1.464942365792276,-0.08947036497969914,false
wrong,100,1,43.9,-1.458170298083757,-0.09579484639743852,false
wrong,100,1,44.0,-1.451390292299559,-0.10201084013930939,false
wrong,100,1,44.1,-1.4446018634664188,-0.10811906676776914,false
wrong,100,1,44.2,-1.4378045106088257,-0.1141202370431472,false
wrong,100,1,44.3,-1.4309977160113787,-0.12001505184548938,false
wrong,100,1,44.4,-1.4241809444398923,-0.12580420209002646,false
wrong,100,1,44.5,-1.417353642318539,-0.13148836863592378,false
wrong,100,1,44.6,-1.4105152368601195,-0.13706822218794434,false
wrong,100,1,44.7,-1.403665135146326,-0.1425444231906342,false
wrong,100,1,44.8,-1.396802723154628,-0.14791762171461095,false
wrong,100,1,44.9,-1.3899273647281483,-0.15318845733450737,false
wrong,100,1,45.0,-1.3830384004846106,-0.1583575589980914,false
wrong,100,1,45.1,-1.3761351466601413,-0.1634255448860496,false
wrong,100,1,45.2,-1.3692168938833602,-0.1683930222618842,false
wrong,100,1,45.3,-1.3622829058748434,-0.1732605873113357,false
wrong,100,1,45.4,-1.3553324180666335,-0.17802882497069905,false
wrong,100,1,45.5,-1.3483646361360455,-0.18269830874335644,false
wrong,100,1,45.6,-1.3413787344475383,-0.1872696005037988,false
wrong,100,1,45.7,-1.334373854395909,-0.191743250288355,false
wrong,100,1,45.8,-1.3273491026434974,-0.19611979607178848,false
wrong,100,1,45.9,-1.3203035492434714,-0.20039976352885716,false
wrong,100,1,46.0,-1.313236225640588,-0.20458366577986437,false
wrong,100,1,46.1,-1.3061461225400768,-0.20867200311915235,false
wrong,100,1,46.2,-1.2990321876344821,-0.21266526272540867,false
wrong,100,1,46.3,-1.291893323177405,-0.216563918352567,false
wrong,100,1,46.4,-1.284728383392102,-0.22036842999998668,false
wrong,100,1,46.5,-1.2775361717018128,-0.22407924356048992,false
wrong,100,1,46.6,-1.2703154377675097,-0.2276967904447201,false
wrong,100,1,46.7,-1.2630648743174346,-0.23122148718015925,false
wrong,100,1,46.8,-1.255783113751357,-0.23465373498300432,false
wrong,100,1,46.9,-1.2484687245008796,-0.23799391930095257,false
wrong,100,1,47.0,-1.2411202071253602,-0.24124240932478017,false
wrong,100,1,47.1,-1.2337359901210614,-0.24439955746641914,false
wrong,100,1,47.2,-1.2263144254189842,-0.24746569880103794,false
wrong,100,1,47.3,-1.2188537835444415,-0.25044115047041504,false
wrong,100,1,47.4,-1.2113522484087729,-0.2533262110446545,false
wrong,100,1,47.5,-1.203807911700651,-0.256121159839031,false
wrong,100,1,47.6,-1.1962187668411481,-0.25882625618245997,false
wrong,100,1,47.7,-1.1885827024630775,-0.2614417386337722,false
wrong,100,1,47.8,-1.1808974953710585,-0.2639678241416174,false
wrong,100,1,47.9,-1.1731608029342107,-0.2664047071434338,false
wrong,100,1,48.0,-1.1653701548583124,-0.26875255859848945,false
wrong,100,1,48.1,-1.157522944278595,-0.2710115249495267,false
wrong,100,1,48.2,-1.1496164181079886,-0.2731817270070102,false
wrong,100,1,48.3,-1.1416476665685305,-0.27526325874939733,false
wrong,100,1,48.4,-1.1336136118256586,-0.27725618603219615,false
wrong,100,1,48.5,-1.1255109956361478,-0.2791605451978551,false
wrong,100,1,48.6,-1.1173363659103508,-0.28097634157772267,false
wrong,100,1,48.7,-1.1090860620780432,-0.2827035478764177,false
wrong,100,1,48.8,-1.1007561991343437,-0.2843421024279501,false
wrong,100,1,48.9,-1.0923426502277065,-0.285891907311812,false
wrong,100,1,49.0,-1.08384102763559,-0.2873528263160074,false
wrong,100,1,49.1,-1.0752466619548697,-0.2887246827325849,false
wrong,100,1,49.2,-1.066554579313004,-0.2900072569696655,false
wrong,100,1,49.3,-1.0577594763820815,-0.29120028396218767,false
wrong,100,1,49.4,-1.048855692950683,-0.2923034503616045,false
wrong,100,1,49.5,-1.0398371817775383,-0.29331639148252686,false
wrong,100,1,49.6,-1.0306974754156393,-0.2942386879817791,false
wrong,100,1,49.7,-1.0214296496551212,-0.2950698622424793,false
wrong,100,1,49.8,-1.0120262831870694,-0.2958093744325261,false
wrong,100,1,49.9,-1.0024794130375123,-0.2964566182032148,false
wrong,100,1,50.0,-0.9927804852601694,-0.2970109159895526,false
wrong,100,1,50.1,-0.982920300306773,-0.29747151386912535,false
wrong,100,1,50.2,-0.9728889524134945,-0.2978375759309959,false
wrong,100,1,50.3,-0.9626757622494628,-0.2981081780999939,false
wrong,100,1,50.4,-0.9522692019665382,-0.29828230135476635,false
wrong,100,1,50.5,-0.9416568116659956,-0.2983588242699676,false
wrong,100,1,50.6,-0.9308251061548001,-0.29833651480381435,false
wrong,100,1,50.7,-0.9197594706984075,-0.298214021241734,false
wrong,100,1,50.8,-0.908444044284628,-0.2979898621947774,false
wrong,100,1,50.9,-0.8968615886894922,-0.2976624155375907,false
wrong,100,1,51.0,-0.8849933413759077,-0.2972299061547597,false
wrong,100,1,51.1,-0.8728188499529173,-0.29669039234589517,false
wrong,100,1,51.2,-0.8603157855702305,-0.2960417507185187,false
wrong,100,1,51.3,-0.8474597322108478,-0.29528165937315654,false
wrong,100,1,51.4,-0.8342239483641019,-0.2944075791564954,false
wrong,100,1,51.5,-0.8205790970008698,-0.29341673272534724,false
wrong,100,1,51.6,-0.8064929391189795,-0.2923060811257519,false
wrong,100,1,51.7,-0.7919299853651995,-0.29107229754693303,false
wrong,100,1,51.8,-0.776851099354323,-0.28971173785799903,false
wrong,100,1,51.9,-0.7612130452780594,-0.28822040747507927,false
wrong,100,1,52.0,-0.7449679712084962,-0.28659392403668427,false
wrong,100,1,52.1,-0.7280628181350681,-0.28482747528399593,false
wrong,100,1,52.2,-0.7104386432154688,-0.2829157714489131,false
wrong,100,1,52.3,-0.6920298439613123,-0.2808529913442793,false
wrong,100,1,52.4,-0.6727632681226063,-0.2786327212260713,false
wrong,100,1,52.5,-0.6525571919069868,-0.2762478853548418,false
wrong,100,1,52.6,-0.6313201469324999,-0.27369066702219347,false
wrong,100,1,52.7,-0.6089495740882028,-0.2709524186271595,false
wrong,100,1,52.8,-0.5853302804811593,-0.2680235591882371,false
wrong,100,1,52.9,-0.5603326742456396,-0.264893457463228,false
wrong,100,1,53.0,-0.5338107517732188,-0.26155029862903056,false
wrong,100,1,53.1,-0.5055998138333954,-0.25798093226201513,false
wrong,100,1,53.2,-0.47551389256465876,-0.25417069918230145,false
wrong,100,1,53.3,-0.4433428826885821,-0.2501032346245432,false
wrong,100,1,53.4,-0.4088493909666829,-0.24576024524155712,false
wrong,100,1,53.5,-0.3717653530126815,-0.24112125774145568,false
wrong,100,1,53.6,-0.33178852363696926,-0.23616333766670092,false
wrong,100,1,53.7,-0.2885790368040109,-0.23086077819000356,false
wrong,100,1,53.8,-0.24175636924823998,-0.22518476118956246,false
wrong,100,1,53.9,-0.19089724828395066,-0.2191029967975061,false
wrong,100,1,54.0,-0.13553534515225713,-0.2125793538220095,false
wrong,100,1,54.1,-0.07516401932201003,-0.20557350290547993,false
wrong,100,1,54.2,-0.009243951325506664,-0.198040608226288,false
wrong,100,1,54.3,0.06278177477321148,-0.1899311233461048,false
wrong,100,1,54.4,0.1414617570032629,-0.18119077361008587,false
wrong,100,1,54.5,0.22729540157232048,-0.1717608414941381,false
wrong,100,1,54.6,0.3206726806986986,-0.16157891013930592,false
wrong,100,1,54.7,0.4217910104049489,-0.15058025673646283,false
wrong,100,1,54.8,0.5305489002621138,-0.13870010591353052,false
wrong,100,1,54.9,0.6464227289437134,-0.12587692731080405,false
wrong,100,1,55.0,0.7683439634514735,-0.11205685480092889,false
wrong,100,1,55.1,0.894608052422626,-0.09719908258202427,false
wrong,100,1,55.2,1.0228578825690418,-0.08128174980988509,false
wrong,100,1,55.3,1.150184566380349,-0.06430742318075491,false
wrong,100,1,55.4,1.2733664771864337,-0.046306982600247674,false
wrong,100,1,55.5,1.3892226751478856,-0.02734072353571395,false
wrong,100,1,55.6,1.495005316747746,-0.007495958878945493,false
wrong,100,1,55.7,1.5887269293579773,0.013118739738559777,false
wrong,100,1,55.8,1.6693351085896149,0.034381607187503424,false
wrong,100,1,55.9,1.7367035760269052,0.05616644719638392,false
wrong,100,1,56.0,1.791472479611043,0.07835051177880165,false
wrong,100,1,56.1,1.8348090967294752,0.10082043405720341,false
wrong,100,1,56.2,1.8681615812713752,0.12347584360486341,false
wrong,100,1,56.3,1.8930548558842828,0.14623086554894843,false
wrong,100,1,56.4,1.910948456042344,0.16901401684044778,false
wrong,100,1,56.5,1.9231542015630945,0.19176708206384585,false
wrong,100,1,56.6,1.9308006021403197,0.21444346913368315,false
wrong,100,1,56.7,1.9348285071460771,0.2370064055264643,false
wrong,100,1,56.8,1.9360047211345817,0.2594271990823625,false
wrong,100,1,56.9,1.9349440164905172,0.2816836807689172,false
wrong,100,1,57.0,1.9321334807890307,0.303758874829973,false
wrong,100,1,57.1,1.9279558065433882,0.3256398988019636,false
wrong,100,1,57.2,1.9227099149055946,0.3473170735759925,false
wrong,100,1,57.3,1.916628380402728,0.36878321447737106,false
wrong,100,1,57.4,1.9098917086391023,0.39003307264398906,false
wrong,100,1,57.5,1.9026397953173542,0.4110628981333689,false
wrong,100,1,57.6,1.8949809927395465,0.4318700999551512,false
wrong,100,1,57.7,1.8869992129868955,0.4524529823772214,false
wrong,100,1,57.8,1.878759455577749,0.47281054077003093,false
wrong,100,1,57.9,1.8703120898310592,0.4929423036721728,false
wrong,100,1,58.0,1.8616961631204205,0.5128482106116449,false
wrong,100,1,58.1,1.8529419525255193,0.5325285175279226,false
wrong,100,1,58.2,1.844072931589684,0.5519837234769827,false
wrong,100,1,58.3,1.83510728627845,0.5712145137430061,false
wrong,100,1,58.4,1.826059084089724,0.5902217156017537,false
wrong,100,1,58.5,1.816939176500012,0.6090062638474907,false
wrong,100,1,58.6,1.8077558964011435,0.6275691738628966,false
wrong,100,1,58.7,1.7985155978437066,0.6459115205241829,false
wrong,100,1,58.8,1.7892230743654196,0.6640344216270077,false
wrong,100,1,58.9,1.7798818837135468,0.6819390248203637,false
wrong,100,1,59.0,1.770494600285493,0.6996264972668708,false
wrong,100,1,59.1,1.7610630116512127,0.7170980174253132,false
wrong,100,1,59.2,1.751588271727776,0.7343547684875089,false
wrong,100,1,59.3,1.7420710202749243,0.7513979331063396,false
wrong,100,1,59.4,1.7325114761594609,0.7682286891324202,false
wrong,100,1,59.5,1.722909510134443,0.78484820613907,false
wrong,100,1,59.6,1.7132647015732743,0.8012576425632794,false
wrong,100,1,59.7,1.703576382595222,0.817458143327519,false
wrong,100,1,59.8,1.6938436722462238,0.8334508378360346,false
wrong,100,1,59.9,1.6840655028028555,0.8492368382616114,false
wrong,100,1,60.0,1.674240639806556,0.8648172380561618,false
wrong,100,1,60.1,1.6643676970782022,0.880193110631999,false
wrong,100,1,60.2,1.6544451476857744,0.8953655081711854,false
wrong,100,1,60.3,1.6444713316217676,0.9103354605285385,false
wrong,100,1,60.4,1.634444460778132,0.9251039742002585,false
wrong,100,1,60.5,1.624362621674034,0.9396720313351041,false
wrong,100,1,60.6,1.614223776287326,0.9540405887688885,false
wrong,100,1,60.7,1.6040257612579298,0.9682105770660268,false
wrong,100,1,60.8,1.5937662856653796,0.982182899554135,false
wrong,100,1,60.9,1.5834429275297746,0.9959584313393824,false
wrong,100,1,61.0,1.5730531291423304,1.0095380182915548,false
wrong,100,1,61.1,1.5625941912962844,1.0229224759886688,false
wrong,100,1,61.2,1.5520632664592904,1.0361125886115687,false
wrong,100,1,61.3,1.541457350903159,1.049109107779256,false
wrong,100,1,61.4,1.5307732757847252,1.0619127513158195,false
wrong,100,1,61.5,1.520007697151817,1.0745242019397467,false
wrong,100,1,61.6,1.5091570848299771,1.0869441058661444,false
wrong,100,1,61.7,1.4982177101281235,1.0991730713119756,false
wrong,100,1,61.8,1.4871856322841572,1.11121166689385,false
wrong,100,1,61.9,1.4760566835541369,1.1230604199071776,false
wrong,100,1,62.0,1.4648264528305988,1.1347198144746091,false
wrong,100,1,62.1,1.4534902676564474,1.1461902895506442,false
wrong,100,1,62.2,1.4420431744801532,1.1574722367680623,false
wrong,100,1,62.3,1.430479916975316,1.168565998110423,false
wrong,100,1,62.4,1.4187949122225092,1.179471863393261,false
wrong,100,1,62.5,1.4069822245231767,1.1901900675347508,false
wrong,100,1,62.6,1.3950355365836407,1.2007207875945023,false
wrong,100,1,62.7,1.382948117771334,1.2110641395567454,false
wrong,100,1,62.8,1.370712789104428,1.221220174831419,false
wrong,100,1,62.9,1.3583218845892202,1.2311888764435586,false
wrong,100,1,63.0,1.3457672084659658,1.24097015487782,false
wrong,100,1,63.1,1.3330399878620645,1.2505638435409157,false
wrong,100,1,63.2,1.3201308202802848,1.259969693800098,false
wrong,100,1,63.3,1.3070296152673198,1.2691873695505214,false
wrong,100,1,63.4,1.2937255295125203,1.2782164412582275,false
wrong,100,1,63.5,1.2802068945157594,1.2870563794185206,false
wrong,100,1,63.6,1.2664611358343298,1.2957065473614666,false
wrong,100,1,63.7,1.2524746827682292,1.3041661933270094,false
wrong,100,1,63.8,1.238232867167246,1.312434441721516,false
wrong,100,1,63.9,1.223719809837188,1.320510283455226,false
wrong,100,1,64.0,1.2089182927807607,1.3283925652457802,false
wrong,100,1,64.1,1.1938096152242708,1.336079977756398,false
wrong,100,1,64.2,1.178373431046331,1.3435710424179685,false
wrong,100,1,64.3,1.162587564829373,1.3508640967618042,false
wrong,100,1,64.4,1.1464278032872814,1.3579572780635234,false
wrong,100,1,64.5,1.1298676582687535,1.3648485050677552,false
wrong,100,1,64.6,1.112878096879156,1.3715354575272927,false
wrong,100,1,64.7,1.0954272334833584,1.378015553247933,false
wrong,100,1,64.8,1.0774799774239825,1.3842859222803732,false
wrong,100,1,64.9,1.0589976291847136,1.3903433778417102,false
wrong,100,1,65.0,1.0399374164123487,1.3961843834796641,false
wrong,100,1,65.1,1.0202519596435906,1.4018050159105138,false
wrong,100,1,65.2,0.9998886557159865,1.4072009228645237,false
wrong,100,1,65.3,0.978788964622693,1.4123672751574439,false
wrong,100,1,65.4,0.9568875829372487,1.4172987120701244,false
wrong,100,1,65.5,0.934111483821772,1.421989278956453,false
wrong,100,1,65.6,0.9103787999736247,1.4264323558081997,false
wrong,100,1,65.7,0.8855975216020795,1.4306205752788501,false
wrong,100,1,65.8,0.8596639766194083,1.4345457284016665,false
wrong,100,1,65.9,0.8324610546871976,1.4381986559243836,false
wrong,100,1,66.0,0.8038561306733327,1.4415691228189955,false
wrong,100,1,66.1,0.7736986367000438,1.4446456731064239,false
wrong,100,1,66.2,0.7418172258227309,1.4474154616623505,false
wrong,100,1,66.3,0.7080164654550035,1.449864059148782,false
wrong,100,1,66.4,0.6720729966862745,1.451975225664723,false
wrong,100,1,66.5,0.6337310995948802,1.453730648168432,false
wrong,100,1,66.6,0.5926976194901937,1.4551096362681888,false
wrong,100,1,66.7,0.5486362428003834,1.4560887707414623,false
wrong,100,1,66.8,0.5011611770120892,1.4566414993508354,false
wrong,100,1,66.9,0.4498304070470625,1.4567376755548505,false
wrong,100,1,67.0,0.394138902090344,1.4563430381702884,false
wrong,100,1,67.1,0.33351247900232883,1.4554186348867946,false
wrong,100,1,67.2,0.26730355802062694,1.4539202012342498,false
wrong,100,1,67.3,0.19479086273901514,1.4517975213327303,false
wrong,100,1,67.4,0.11518632373857267,1.4489938205726685,false
wrong,100,1,67.5,0.02765413191753517,1.4454452772363156,false
wrong,100,1,67.6,-0.06865095885110226,1.4410807943507433,false
wrong,100,1,67.7,-0.17451665610131709,1.4358222478698306,false
wrong,100,1,67.8,-0.2905664774858395,1.4295855204712733,false
wrong,100,1,67.9,-0.41710360155192583,1.4222827266518248,false
wrong,100,1,68.0,-0.553902839790501,1.4138260941827667,false
wrong,100,1,68.1,-0.699966552356388,1.4041339117046352,false
wrong,100,1,68.2,-0.8532919228783077,1.3931386690290113,false
wrong,100,1,68.3,-1.0107362070854666,1.3807969013663401,false
wrong,100,1,68.4,-1.168091457192394,1.3670993204288227,false
wrong,100,1,68.5,-1.320454680616572,1.3520788684755527,false
wrong,100,1,68.6,-1.4628791279172213,1.3358139650900123,false
wrong,100,1,68.7,-1.59114759942306,1.3184250274847749,false
wrong,100,1,68.8,-1.7024127422429056,1.3000643369184808,false
wrong,100,1,68.9,-1.7954889544639683,1.2809015952572382,false
wrong,100,1,69.0,-1.870741496372878,1.2611087914372554,false
wrong,100,1,69.1,-1.929687745687748,1.2408476493986247,false
wrong,100,1,69.2,-1.9744994859086609,1.2202614207551306,false
wrong,100,1,69.3,-2.0075623340077673,1.1994711276616172,false
wrong,100,1,69.4,-2.031167451680681,1.1785752909335225,false
wrong,100,1,69.5,-2.047340436321279,1.1576518414834962,false
wrong,100,1,69.6,-2.0577759286991504,1.136761071034069,false
wrong,100,1,69.7,-2.063838732077136,1.1159488269627802,false
wrong,100,1,69.8,-2.06659916428082,1.0952494958106505,false
wrong,100,1,69.9,-2.066881130531933,1.074688570002644,false
wrong,100,1,70.0,-2.0653107179931145,1.054284746246667,false
wrong,100,1,70.1,-2.062359518162204,1.0340515846471374,false
wrong,100,1,70.2,-2.058380683948524,1.0139987913206712,false
wrong,100,1,70.3,-2.0536377069363136,0.9941331949393403,false
wrong,100,1,70.4,-2.0483267719731226,0.9744594826211709,false
wrong,100,1,70.5,-2.0425938147045652,0.9549807507000937,false
wrong,100,1,70.6,-2.036547382933836,0.9356989151534042,false
wrong,100,1,70.7,-2.0302682578760476,0.9166150166609578,false
wrong,100,1,70.8,-2.023816615097045,0.8977294470554743,false
wrong,100,1,70.9,-2.0172373378280066,0.8790421173614423,false
wrong,100,1,71.0,-2.0105639528168533,0.8605525825310208,false
wrong,100,1,71.1,-2.0038215439906875,0.8422601341128041,false
wrong,100,1,71.2,-1.9970289096817357,0.8241638691790983,false
wrong,100,1,71.3,-1.9902001608931528,0.8062627416682037,false
wrong,100,1,71.4,-1.9833459067317578,0.7885556006899321,false
wrong,100,1,71.5,-1.9764741348694637,0.7710412191540886,false
wrong,100,1,71.6,-1.969590866550114,0.7537183152049203,false
wrong,100,1,71.7,-1.962700644740742,0.7365855682983214,false
wrong,100,1,71.8,-1.955806898623513,0.7196416312822621,false
wrong,100,1,71.9,-1.9489122162949337,0.7028851394896294,false
wrong,100,1,72.0,-1.9420185492071735,0.6863147175933598,false
wrong,100,1,72.1,-1.935127365757163,0.6699289847820745,false
wrong,100,1,72.2,-1.9282397669165257,0.6537265586725504,false
wrong,100,1,72.3,-1.9213565734692868,0.6377060582701611,false
wrong,100,1,72.4,-1.9144783919692783,0.6218661062102827,false
wrong,100,1,72.5,-1.9076056647142687,0.6062053304555003,false
wrong,100,1,72.6,-1.9007387076898998,0.5907223655800973,false
wrong,100,1,72.7,-1.8938777394394701,0.575415853740905,false
wrong,100,1,72.8,-1.8870229030745833,0.56028444540934,false
wrong,100,1,72.9,-1.8801742830898123,0.5453267999212577,false
wrong,100,1,73.0,-1.8733319182327708,0.5305415858875735,false
wrong,100,1,73.1,-1.866495811373113,0.5159274814982977,false
wrong,100,1,73.2,-1.8596659370833366,0.5014831747448506,false
wrong,100,1,73.3,-1.8528422474711181,0.48720736357964023,false
wrong,100,1,73.4,-1.846024676672668,0.4730987560274259,false
wrong,100,1,73.5,-1.8392131443184097,0.4591560702595994,false
wrong,100,1,73.6,-1.8324075582081394,0.4453780346399403,false
wrong,100,1,73.7,-1.8256078163766958,0.4317633877484307,false
wrong,100,1,73.8,-1.8188138086886065,0.4183108783882155,false
wrong,100,1,73.9,-1.8120254180678308,0.4050192655796393,false
wrong,100,1,74.0,-1.8052425214440853,0.39188731854441,false
wrong,100,1,74.1,-1.7984649904784475,0.37891381668225904,false
wrong,100,1,74.2,-1.7916926921165615,0.366097549541945,false
wrong,100,1,74.3,-1.7849254890067556,0.353437316788044,false
wrong,100,1,74.4,-1.7781632398119414,0.34093192816465784,false
wrong,100,1,74.5,-1.7714057994376473,0.3285802034569288,false
wrong,100,1,74.6,-1.7646530191935488,0.3163809724510637,false
wrong,100,1,74.7,-1.7579047469019609,0.30433307489342276,false
wrong,100,1,74.8,-1.75116082696379,0.29243536044911594,false
wrong,100,1,74.9,-1.7444211003900987,0.2806866886604621,false
wrong,100,1,75.0,-1.7376854048056372,0.269085928905596,false
wrong,100,1,75.1,-1.7309535744292914,0.257631960357456,false
wrong,100,1,75.2,-1.7242254400352919,0.2463236719433422,false
wrong,100,1,75.3,-1.7175008288981706,0.23515996230520372,false
wrong,100,1,75.4,-1.7107795647237758,0.22413973976078688,false
wrong,100,1,75.5,-1.7040614675681245,0.2132619222657579,false
wrong,100,1,75.6,-1.6973463537454447,0.2025254373768974,false
wrong,100,1,75.7,-1.6906340357264371,0.19192922221645353,false
wrong,100,1,75.8,-1.6839243220275084,0.18147222343773073,false
wrong,100,1,75.9,-1.6772170170915184,0.17115339719198558,false
wrong,100,1,76.0,-1.6705119211604151,0.16097170909669586,false
wrong,100,1,76.1,-1.6638088301399858,0.15092613420526615,false
wrong,100,1,76.2,-1.6571075354568388,0.14101565697823096,false
wrong,100,1,76.3,-1.650407823907636,0.13123927125601537,false
wrong,100,1,76.4,-1.6437094775005168,0.12159598023331335,false
wrong,100,1,76.5,-1.6370122732885772,0.11208479643514377,false
wrong,100,1,76.6,-1.63031598319522,0.10270474169464541,false
wrong,100,1,76.7,-1.6236203738311297,0.09345484713267407,false
wrong,100,1,76.8,-1.6169252063025765,0.08433415313926625,false
wrong,100,1,76.9,-1.610230236010721,0.07534170935703713,false
wrong,100,1,77.0,-1.6035352124415312,0.06647657466658269,false
wrong,100,1,77.1,-1.5968398789458975,0.057737817173958934,false
wrong,100,1,77.2,-1.5901439725094841,0.04912451420031545,false
wrong,100,1,77.3,-1.5834472235118175,0.04063575227376345,false
wrong,100,1,77.4,-1.5767493554740708,0.03227062712356308,false
wrong,100,1,77.5,-1.5700500847949637,0.024028243676719477,false
wrong,100,1,77.6,-1.563349120474152,0.015907716057081273,false
wrong,100,1,77.7,-1.556646163822441,0.007908167587041303,false
wrong,100,1,77.8,-1.5499409081581013,2.8730791944209244e-5,false
wrong,100,1,77.9,-1.5432330384885293,-0.007731452592687982,false
wrong,100,1,78.0,-1.5365222311764284,-0.015373231610994888,false
wrong,100,1,78.1,-1.5298081535896424,-0.02289744607355715,false
wrong,100,1,78.2,-1.5230904637337068,-0.030304926540984514,false
wrong,100,1,78.3,-1.516368809866125,-0.03759649430417292,false
wrong,100,1,78.4,-1.5096428300913036,-0.044772961361083025,false
wrong,100,1,78.5,-1.5029121519350148,-0.0518351303898829,false
wrong,100,1,78.6,-1.49617639189717,-0.05878379471828862,false
wrong,100,1,78.7,-1.4894351549816107,-0.06561973828892577,false
wrong,100,1,78.8,-1.4826880342015292,-0.07234373562052428,false
wrong,100,1,78.9,-1.4759346100590356,-0.07895655176474682,false
wrong,100,1,79.0,-1.4691744499972854,-0.08545894225843882,false
wrong,100,1,79.1,-1.4624071078234686,-0.09185165307107426,false
wrong,100,1,79.2,-1.4556321231008387,-0.09813542054715726,false
wrong,100,1,79.3,-1.4488490205078328,-0.10431097134332366,false
wrong,100,1,79.4,-1.4420573091621887,-0.11037902235987061,false
wrong,100,1,79.5,-1.4352564819078142,-0.11634028066642366,false
wrong,100,1,79.6,-1.428446014562003,-0.12219544342143213,false
wrong,100,1,79.7,-1.4216253651204025,-0.12794519778516297,false
wrong,100,1,79.8,-1.4147939729169547,-0.1335902208258407,false
wrong,100,1,79.9,-1.4079512577358186,-0.1391311794185574,false
wrong,100,1,80.0,-1.4010966188720517,-0.1445687301365512,false
wrong,100,1,80.1,-1.3942294341375858,-0.14990351913442368,false
wrong,100,1,80.2,-1.3873490588087594,-0.155136182022837,false
wrong,100,1,80.3,-1.3804548245113801,-0.1602673437341992,false
wrong,100,1,80.4,-1.3735460380389724,-0.16529761837881157,false
wrong,100,1,80.5,-1.3666219800995172,-0.1702276090909142,false
wrong,100,1,80.6,-1.3596819039856178,-0.17505790786402547,false
wrong,100,1,80.7,-1.352725034162612,-0.17978909537492743,false
wrong,100,1,80.8,-1.345750564768705,-0.1844217407956008,false
wrong,100,1,80.9,-1.338757658020704,-0.18895640159236338,false
wrong,100,1,81.0,-1.3317454425184088,-0.19339362331140794,false
wrong,100,1,81.1,-1.3247130114401164,-0.1977339393498772,false
wrong,100,1,81.2,-1.3176594206210674,-0.2019778707115462,false
wrong,100,1,81.3,-1.3105836865059552,-0.20612592574611194,false
wrong,100,1,81.4,-1.3034847839658517,-0.21017859987101295,false
wrong,100,1,81.5,-1.2963616439690597,-0.2141363752746159,false
wrong,100,1,81.6,-1.2892131510944738,-0.21799972059951572,false
wrong,100,1,81.7,-1.2820381408750148,-0.22176909060459524,false
wrong,100,1,81.8,-1.2748353969575814,-0.22544492580438108,false
wrong,100,1,81.9,-1.2676036480647273,-0.22902765208411355,false
wrong,100,1,82.0,-1.2603415647419125,-0.2325176802888182,false
wrong,100,1,82.1,-1.2530477558726785,-0.23591540578452447,false
wrong,100,1,82.2,-1.245720764942435,-0.23922120798962115,false
wrong,100,1,82.3,-1.2383590660297183,-0.24243544987416762,false
wrong,100,1,82.4,-1.23096105950175,-0.24555847742479334,false
wrong,100,1,82.5,-1.2235250673888831,-0.24859061907261243,false
wrong,100,1,82.6,-1.216049328410031,-0.2515321850813555,false
wrong,100,1,82.7,-1.2085319926184084,-0.25438346689267227,false
wrong,100,1,82.8,-1.2009711156338483,-0.2571447364252867,false
wrong,100,1,82.9,-1.193364652424543,-0.2598162453243858,false
wrong,100,1,83.0,-1.1857104505972482,-0.262398224157292,false
wrong,100,1,83.1,-1.1780062431507592,-0.2648908815511034,false
wrong,100,1,83.2,-1.1702496406427292,-0.26729440326758236,false
wrong,100,1,83.3,-1.1624381227146212,-0.2696089512101265,false
wrong,100,1,83.4,-1.1545690289136636,-0.2718346623571603,false
wrong,100,1,83.5,-1.1466395487440646,-0.27397164761573795,false
wrong,100,1,83.6,-1.1386467108723088,-0.2760199905885386,false
wrong,100,1,83.7,-1.1305873714030266,-0.277979746246759,false
wrong,100,1,83.8,-1.1224582011325483,-0.2798509395006551,false
wrong,100,1,83.9,-1.1142556716767131,-0.2816335636586471,false
wrong,100,1,84.0,-1.1059760403576055,-0.2833275787649657,false
wrong,100,1,84.1,-1.097615333720476,-0.2849329098047753,false
wrong,100,1,84.2,-1.089169329536942,-0.2864494447645413,false
wrong,100,1,84.3,-1.0806335371334015,-0.287877032534103,false
wrong,100,1,84.4,-1.0720031758641475,-0.2892154806354488,false
wrong,100,1,84.5,-1.0632731515266096,-0.29046455276154637,false
wrong,100,1,84.6,-1.0544380304910712,-0.2916239661067347,false
wrong,100,1,84.7,-1.0454920112886805,-0.2926933884681029,false
wrong,100,1,84.8,-1.0364288933690482,-0.2936724350949403,false
wrong,100,1,84.9,-1.0272420427016122,-0.2945606652606955,false
wrong,100,1,85.0,-1.0179243538525258,-0.2953575785288937,false
wrong,100,1,85.1,-1.0084682081202532,-0.2960626106810769,false
wrong,100,1,85.2,-0.9988654272573874,-0.2966751292709964,false
wrong,100,1,85.3,-0.9891072222422691,-0.2971944287649312,false
wrong,100,1,85.4,-0.9791841364904763,-0.29761972522305413,false
wrong,100,1,85.5,-0.9690859828115982,-0.29795015047112755,false
wrong,100,1,85.6,-0.9588017733190664,-0.2981847457053786,false
wrong,100,1,85.7,-0.9483196413880458,-0.29832245446605704,false
wrong,100,1,85.8,-0.937626754625942,-0.2983621149067703,false
wrong,100,1,85.9,-0.9267092176689962,-0.29830245127706007,false
wrong,100,1,86.0,-0.915551963443197,-0.29814206452462766,false
wrong,100,1,86.1,-0.904138631324233,-0.29787942191091027,false
wrong,100,1,86.2,-0.8924514303945937,-0.2975128455190828,false
wrong,100,1,86.3,-0.8804709857205262,-0.2970404995166992,false
wrong,100,1,86.4,-0.868176165250713,-0.2964603760157209,false
wrong,100,1,86.5,-0.8555438845644817,-0.29577027935017974,false
wrong,100,1,86.6,-0.8425488862610372,-0.29496780856567884,false
wrong,100,1,86.7,-0.8291634902721509,-0.2940503378847587,false
wrong,100,1,86.8,-0.8153573107869017,-0.29301499487715404,false
wrong,100,1,86.9,-0.8010969347847424,-0.29185863602333967,false
wrong,100,1,87.0,-0.7863455563669922,-0.29057781931257626,false
wrong,100,1,87.1,-0.7710625601399491,-0.2891687734618515,false
wrong,100,1,87.2,-0.7552030458171884,-0.2876273632784401,false
wrong,100,1,87.3,-0.738717284956019,-0.28594905061489945,false
wrong,100,1,87.4,-0.7215500993065845,-0.28412885027963874,false
wrong,100,1,87.5,-0.7036401486187495,-0.2821612801670846,false
wrong,100,1,87.6,-0.6849191139170729,-0.2800403047571834,false
wrong,100,1,87.7,-0.6653107602286679,-0.27775927100282305,false
wrong,100,1,87.8,-0.644729860569904,-0.275310835474251,false
wrong,100,1,87.9,-0.6230809607470859,-0.2726868814607682,false
wrong,100,1,88.0,-0.6002569623555598,-0.26987842454200345,false
wrong,100,1,88.1,-0.5761374995352551,-0.2668755049359017,false
wrong,100,1,88.2,-0.5505870839968848,-0.26366706471331997,false
wrong,100,1,88.3,-0.5234529932787632,-0.26024080775007524,false
wrong,100,1,88.4,-0.494562880245042,-0.2565830400848299,false
wrong,100,1,88.5,-0.4637220892237878,-0.25267848819647026,false
wrong,100,1,88.6,-0.4307106785569644,-0.24851009265834367,false
wrong,100,1,88.7,-0.39528017469113763,-0.24405877474929266,false
wrong,100,1,88.8,-0.35715012521848555,-0.23930317402772863,false
wrong,100,1,88.9,-0.31600458615669386,-0.23421935579528794,false
wrong,100,1,89.0,-0.2714887846103721,-0.22878048907549514,false
wrong,100,1,89.1,-0.22320635888888338,-0.22295649862721487,false
wrong,100,1,89.2,-0.1707178166939166,-0.21671369919776648,false
wrong,100,1,89.3,-0.11354119555667967,-0.21001442751748814,false
wrong,100,1,89.4,-0.051156386963347095,-0.2028166985230881,false
wrong,100,1,89.5,0.01698478388529219,-0.19507392827290537,false
wrong,100,1,89.6,0.09143985963290338,-0.18673478833120352,false
wrong,100,1,89.7,0.1727447483529277,-0.17774328596519903,false
wrong,100,1,89.8,0.26136609973523606,-0.16803920077900195,false
wrong,100,1,89.9,0.3576327984969745,-0.1575590475657713,false
wrong,100,1,90.0,0.4616439139328722,-0.14623776723259962,false
wrong,100,1,90.1,0.5731547904105053,-0.13401135322343788,false
wrong,100,1,90.2,0.6914512458293998,-0.12082056921586652,false
wrong,100,1,90.3,0.8152342383788915,-0.10661576717836455,false
wrong,100,1,90.4,0.9425512933554883,-0.09136254511416148,false
wrong,100,1,90.5,1.0708195134527387,-0.07504760604841305,false
wrong,100,1,90.6,1.196977672362014,-0.05768379107944187,false
wrong,100,1,90.7,1.3177737791375244,-0.03931304703631772,false
wrong,100,1,90.8,1.4301442987557387,-0.020006261922699203,false
wrong,100,1,90.9,1.5315945543717866,0.00014046048581357884,false
wrong,100,1,91.0,1.6204766893013927,0.021012587957191596,false
wrong,100,1,91.1,1.696095555304227,0.042485686235731776,false
wrong,100,1,91.2,1.7586366039588806,0.06443401596866812,false
wrong,100,1,91.3,1.8089672059409492,0.08673777077283006,false
wrong,100,1,91.4,1.8483871632099305,0.1092881499773404,false
wrong,100,1,91.5,1.8783941164750533,0.13199013505109006,false
wrong,100,1,91.6,1.900501732369879,0.15476332011463836,false
wrong,100,1,91.7,1.9161210209126363,0.17754136002049797,false
wrong,100,1,91.8,1.926497316581479,0.20027059981660883,false
wrong,100,1,91.9,1.9326881423018,0.2229083362912017,false
wrong,100,1,92.0,1.935566952618332,0.24542101864241003,false
wrong,100,1,92.1,1.9358408118153794,0.2677825682610063,false
wrong,100,1,92.2,1.9340738272652755,0.2899729041820613,false
wrong,100,1,92.3,1.930711384345139,0.3119767005899566,false
wrong,100,1,92.4,1.9261025552879953,0.3337823685314436,false
wrong,100,1,92.5,1.9205195473173569,0.35538123737794486,false
wrong,100,1,92.6,1.914173922748431,0.3767669057302534,false
wrong,100,1,92.7,1.9072297745347915,0.3979347315477426,false
wrong,100,1,92.8,1.8998142377859175,0.4188814342364161,false
wrong,100,1,92.9,1.89202577235278,0.43960478544573056,false
wrong,100,1,93.0,1.8839406334849194,0.46010336943644686,false
wrong,100,1,93.1,1.8756178976775884,0.48037639762929757,false
wrong,100,1,93.2,1.8671033515034077,0.5004235651517498,false
wrong,100,1,93.3,1.858432493680543,0.5202449398428797,false
wrong,100,1,93.4,1.8496328497607482,0.5398408763007763,false
wrong,100,1,93.5,1.8407257561255705,0.5592119492366205,false
wrong,100,1,93.6,1.8317277352764276,0.5783589017128329,false
wrong,100,1,93.7,1.822651556783904,0.5972826048615325,false
wrong,100,1,93.8,1.813507056586953,0.6159840264659264,false
wrong,100,1,93.9,1.8043017704871525,0.6344642063921485,false
wrong,100,1,94.0,1.7950414246765998,0.6527242373234399,false
wrong,100,1,94.1,1.7857303161394489,0.6707652496046833,false
wrong,100,1,94.2,1.7763716081023184,0.6885883992783308,false
wrong,100,1,94.3,1.7669675598426118,0.7061948586021473,false
wrong,100,1,94.4,1.7575197056774463,0.7235858084998822,false
wrong,100,1,94.5,1.7480289945250305,0.7407624325194306,false
wrong,100,1,94.6,1.738495898805467,0.7577259119680019,false
wrong,100,1,94.7,1.7289204994380127,0.774477421966969,false
wrong,100,1,94.8,1.7193025521509067,0.7910181282255119,false
wrong,100,1,94.9,1.7096415391368862,0.8073491843757843,false
wrong,100,1,95.0,1.6999367091777298,0.8234717297461046,false
wrong,100,1,95.1,1.6901871086602798,0.8393868874748441,false
wrong,100,1,95.2,1.6803916053652836,0.8550957628880212,false
wrong,100,1,95.3,1.6705489064917372,0.8705994420794124,false
wrong,100,1,95.4,1.6606575720547179,0.8858989906442972,false
wrong,100,1,95.5,1.6507160245421832,0.9009954525275347,false
wrong,100,1,95.6,1.640722555519265,0.9158898489541345,false
wrong,100,1,95.7,1.6306753297144485,0.9305831774162945,false
wrong,100,1,95.8,1.6205723870009239,0.9450764106953853,false
wrong,100,1,95.9,1.6104116425907806,0.9593704959008569,false
wrong,100,1,96.0,1.600190885683812,0.9734663535107221,false
wrong,100,1,96.1,1.589907776751994,0.9873648764003117,false
wrong,100,1,96.2,1.579559843591727,1.0010669288475218,false
wrong,100,1,96.3,1.5691444762359807,1.0145733455038808,false
wrong,100,1,96.4,1.5586589207854038,1.0278849303215316,false
wrong,100,1,96.5,1.5481002721896282,1.041002455426704,false
wrong,100,1,96.6,1.5374654659860374,1.0539266599305,false
wrong,100,1,96.7,1.5267512689821363,1.066658248667844,false
wrong,100,1,96.8,1.5159542688485037,1.079197890855308,false
wrong,100,1,96.9,1.505070862571367,1.0915462186581968,false
wrong,100,1,97.0,1.494097243696544,1.1037038256568077,false
wrong,100,1,97.1,1.483029388279301,1.1156712652011453,false
wrong,100,1,97.2,1.4718630394370895,1.12744904864259,false
wrong,100,1,97.3,1.4605936903837204,1.1390376434300709,false
wrong,100,1,97.4,1.4492165658038552,1.1504374710571874,false
wrong,100,1,97.5,1.437726601405318,1.1616489048454306,false
wrong,100,1,97.6,1.4261184214631881,1.1726722675471675,false
wrong,100,1,97.7,1.4143863141434219,1.1835078287503518,false
wrong,100,1,97.8,1.4025242043643598,1.1941558020649736,false
wrong,100,1,97.9,1.3905256239212436,1.204616342069049,false
wrong,100,1,98.0,1.3783836785611563,1.2148895409894194,false
wrong,100,1,98.1,1.3660910116527627,1.2249754250897553,false
wrong,100,1,98.2,1.3536397640459785,1.234873950734883,false
wrong,100,1,98.3,1.3410215296601347,1.24458500009681,false
wrong,100,1,98.4,1.328227306274064,1.2541083764635628,false
wrong,100,1,98.5,1.3152474409163395,1.2634437991070668,false
wrong,100,1,98.6,1.3020715691668658,1.2725908976607192,false
wrong,100,1,98.7,1.288688547580079,1.2815492059508975,false
wrong,100,1,98.8,1.2750863783226745,1.2903181552192935,false
wrong,100,1,98.9,1.2612521249820954,1.298897066664501,false
wrong,100,1,99.0,1.2471718183424567,1.3072851432215253,false
wrong,100,1,99.1,1.2328303507379514,1.3154814604866214,false
wrong,100,1,99.2,1.218211357375037,1.3234849566818225,false
wrong,100,1,99.3,1.2032970827578118,1.3312944215384073,false
wrong,100,1,99.4,1.1880682300487102,1.3389084839609877,false
wrong,100,1,99.5,1.1725037908402864,1.3463255983134528,false
wrong,100,1,99.6,1.1565808523929595,1.3535440291441512,false
wrong,100,1,99.7,1.1402743788956062,1.3605618341398218,false
wrong,100,1,99.8,1.1235569627157134,1.3673768450651282,false
wrong,100,1,99.9,1.1063985409053034,1.3739866464063477,false
wrong,100,1,100.0,1.0887660713963176,1.3803885513927268,false
