direction,window_size,s,J
1,1,-2.0,1000.0
1,1,-1.99,1000.0
1,1,-1.98,1000.0
1,1,-1.97,1000.0
1,1,-1.96,1000.0
1,1,-1.95,1000.0
1,1,-1.94,1000.0
1,1,-1.93,1000.0
1,1,-1.92,1000.0
1,1,-1.91,1000.0
1,1,-1.9,1000.0
1,1,-1.89,1000.0
1,1,-1.88,1000.0
1,1,-1.87,1000.0
1,1,-1.86,1000.0
1,1,-1.85,1000.0
1,1,-1.84,1000.0
1,1,-1.83,1000.0
1,1,-1.82,1000.0
1,1,-1.81,1000.0
1,1,-1.8,1000.0
1,1,-1.79,1000.0
1,1,-1.78,1000.0
1,1,-1.77,1000.0
1,1,-1.76,1000.0
1,1,-1.75,1000.0
1,1,-1.74,1000.0
1,1,-1.73,1000.0
1,1,-1.72,1000.0
1,1,-1.71,1000.0
1,1,-1.7,1000.0
1,1,-1.69,1000.0
1,1,-1.68,1000.0
1,1,-1.67,1000.0
1,1,-1.66,1000.0
1,1,-1.65,1000.0
1,1,-1.64,1000.0
1,1,-1.63,1000.0
1,1,-1.62,1000.0
1,1,-1.61,1000.0
1,1,-1.6,1000.0
1,1,-1.59,1000.0
1,1,-1.58,1000.0
1,1,-1.57,1000.0
1,1,-1.56,1000.0
1,1,-1.55,1000.0
1,1,-1.54,1000.0
1,1,-1.53,1000.0
1,1,-1.52,1000.0
1,1,-1.51,1000.0
1,1,-1.5,1000.0
1,1,-1.49,1000.0
1,1,-1.48,1000.0
1,1,-1.47,1000.0
1,1,-1.46,1000.0
1,1,-1.45,1000.0
1,1,-1.44,1000.0
1,1,-1.43,1000.0
1,1,-1.42,1000.0
1,1,-1.41,1000.0
1,1,-1.4,1000.0
1,1,-1.39,1000.0
1,1,-1.38,1000.0
1,1,-1.37,1000.0
1,1,-1.36,1000.0
1,1,-1.35,1000.0
1,1,-1.34,1000.0
1,1,-1.33,1000.0
1,1,-1.32,1000.0
1,1,-1.31,1000.0
1,1,-1.3,1000.0
1,1,-1.29,1000.0
1,1,-1.28,1000.0
1,1,-1.27,1000.0
1,1,-1.26,1000.0
1,1,-1.25,1000.0
1,1,-1.24,1000.0
1,1,-1.23,1000.0
1,1,-1.22,1000.0
1,1,-1.21,1000.0
1,1,-1.2,1000.0
1,1,-1.19,1000.0
1,1,-1.18,1000.0
1,1,-1.17,1000.0
1,1,-1.16,1000.0
1,1,-1.15,1000.0
1,1,-1.14,1000.0
1,1,-1.13,1000.0
1,1,-1.12,1000.0
1,1,-1.11,1000.0
1,1,-1.1,1000.0
1,1,-1.09,1000.0
1,1,-1.08,1000.0
1,1,-1.07,1000.0
1,1,-1.06,1000.0
1,1,-1.05,1000.0
1,1,-1.04,1000.0
1,1,-1.03,1000.0
1,1,-1.02,1000.0
1,1,-1.01,1000.0
1,1,-1.0,1000.0
1,1,-0.99,1000.0
1,1,-0.98,1000.0
1,1,-0.97,1000.0
1,1,-0.96,1000.0
1,1,-0.95,1000.0
1,1,-0.94,1000.0
1,1,-0.93,1000.0
1,1,-0.92,1000.0
1,1,-0.91,1000.0
1,1,-0.9,1000.0
1,1,-0.89,1000.0
1,1,-0.88,1000.0
1,1,-0.87,1000.0
1,1,-0.86,1000.0
1,1,-0.85,1000.0
1,1,-0.84,1000.0
1,1,-0.83,1000.0
1,1,-0.82,1000.0
1,1,-0.81,1000.0
1,1,-0.8,1000.0
1,1,-0.79,1000.0
1,1,-0.78,1000.0
1,1,-0.77,1000.0
1,1,-0.76,1000.0
1,1,-0.75,1000.0
1,1,-0.74,1000.0
1,1,-0.73,1000.0
1,1,-0.72,1000.0
1,1,-0.71,1000.0
1,1,-0.7,1000.0
1,1,-0.69,1000.0
1,1,-0.68,1000.0
1,1,-0.67,1000.0
1,1,-0.66,1000.0
1,1,-0.65,1000.0
1,1,-0.64,1000.0
1,1,-0.63,1000.0
1,1,-0.62,1000.0
1,1,-0.61,1000.0
1,1,-0.6,1000.0
1,1,-0.59,1000.0
1,1,-0.58,1000.0
1,1,-0.57,1000.0
1,1,-0.56,1000.0
1,1,-0.55,1000.0
1,1,-0.54,1000.0
1,1,-0.53,1000.0
1,1,-0.52,1000.0
1,1,-0.51,1000.0
1,1,-0.5,1000.0
1,1,-0.49,1000.0
1,1,-0.48,1000.0
1,1,-0.47,690.4700706526355
1,1,-0.46,12.363557121732345
1,1,-0.45,4.764946656642102
1,1,-0.44,3.1336480108293916
1,1,-0.43,2.368722620022309
1,1,-0.42,1.905345826132439
1,1,-0.41,1.587295355142305
1,1,-0.4,1.3521821900290345
1,1,-0.39,1.169646122271665
1,1,-0.38,1.0229339585362942
1,1,-0.37,0.9019522783357514
1,1,-0.36,0.8002108269152138
1,1,-0.35,0.7133208743533107
1,1,-0.34,0.6381933336882774
1,1,-0.33,0.5725815614933135
1,1,-0.32,0.5148065097138387
1,1,-0.31,0.46358411284237144
1,1,-0.3,0.4179128217935166
1,1,-0.29,0.3769979917091622
1,1,-0.28,0.3401996515248162
1,1,-0.27,0.3069955622345081
1,1,-0.26,0.2769545393982419
1,1,-0.25,0.2497168290995797
1,1,-0.24,0.22497943242726795
1,1,-0.23,0.20248496673508976
1,1,-0.22,0.18201309728746087
1,1,-0.21,0.16337386544400817
1,1,-0.2,0.1464024355956997
1,1,-0.19,0.13095491687545385
1,1,-0.18,0.11690500852229398
1,1,-0.17,0.10414128320407481
1,1,-0.16,0.0925649693542952
1,1,-0.15,0.08208812742165579
1,1,-0.14,0.07263213973019775
1,1,-0.13,0.06412645203191498
1,1,-0.12,0.056507518620855984
1,1,-0.11,0.04971791335087844
1,1,-0.1,0.04370557699413222
1,1,-0.09,0.03842317782717174
1,1,-0.08,0.03382756781477041
1,1,-0.07,0.029879322136297026
1,1,-0.06,0.02654235664507203
1,1,-0.05,0.023783629999734057
1,1,-0.04,0.021572965543190784
1,1,-0.03,0.019883105775335135
1,1,-0.02,0.018690334158053455
1,1,-0.01,0.017976437984779787
1,1,0.0,0.01773109828394226
1,1,0.01,0.01794230946509325
1,1,0.02,0.018581597287664106
1,1,0.03,0.01961853007410359
1,1,0.04,0.02103002378535722
1,1,0.05,0.022797667784247373
1,1,0.06,0.02490546370863788
1,1,0.07,0.02733888618704515
1,1,0.08,0.030084485762941808
1,1,0.09,0.0331296925791114
1,1,0.1,0.036462700210272606
1,1,0.11,0.04007238544400495
1,1,0.12,0.043948246408881966
1,1,0.13,0.04808035137983465
1,1,0.14,0.05245929460394924
1,1,0.15,0.05707615723596164
1,1,0.16,0.06192247228549819
1,1,0.17,0.06699019288184861
1,1,0.18,0.07227166337640084
1,1,0.19,0.07775959292501129
1,1,0.2,0.083447031267607
1,1,0.21,0.08932734647201024
1,1,0.22,0.09539420444430516
1,1,0.23,0.10164155003475112
1,1,0.24,0.10806358958939476
1,1,0.25,0.11465477481490706
1,1,0.26,0.12140978783880602
1,1,0.27,0.1283235273597821
1,1,0.28,0.1353910957937444
1,1,0.29,0.1426077873307528
1,1,0.3,0.14996907682640892
1,1,0.31,0.15747060945873032
1,1,0.32,0.16510819108813668
1,1,0.33,0.17287777926407077
1,1,0.34,0.1807754748270296
1,1,0.35,0.18879751405948425
1,1,0.36,0.19694026134338213
1,1,0.37,0.20520020228570005
1,1,0.38,0.21357393727692586
1,1,0.39,0.22205817545040385
1,1,0.4,0.23064972901323447
1,1,0.41,0.23934550792192358
1,1,0.42,0.24814251487822156
1,1,0.43,0.2570378406226349
1,1,0.44,0.2660286595049509
1,1,0.45,0.2751122253127865
1,1,0.46,0.2842858673407075
1,1,0.47,0.29354698668385254
1,1,0.48,0.30289305274125927
1,1,0.49,0.31232159991525893
1,1,0.5,0.3218302244943486
1,1,0.51,0.33141658170793575
1,1,0.52,0.3410783829422317
1,1,0.53,0.35081339310739973
1,1,0.54,0.360619428146829
1,1,0.55,0.37049435268012704
1,1,0.56,0.380436077772096
1,1,0.57,0.39044255882063994
1,1,0.58,0.4005117935571977
1,1,0.59,0.4106418201539904
1,1,0.6,0.4208307154331253
1,1,0.61,0.43107659317345703
1,1,0.62,0.4413776025121501
1,1,0.63,0.45173192643923404
1,1,0.64,0.46213778038519815
1,1,0.65,0.4725934109040965
1,1,0.66,0.483097094457943
1,1,0.67,0.4936471363127977
1,1,0.68,0.5042418695632085
1,1,0.69,0.5148796543100131
1,1,0.7,0.525558877026896
1,1,0.71,0.5362779501625272
1,1,0.72,0.5470353120340271
1,1,0.73,0.5578294270649856
1,1,0.74,0.568658786388403
1,1,0.75,0.5795219087375737
1,1,0.76,0.5904173413373868
1,1,0.77,0.6013436601467996
1,1,0.78,0.6122994683453599
1,1,0.79,0.6232833916973715
1,1,0.8,0.6342940699703442
1,1,0.81,0.645330145451461
1,1,0.82,0.6563902522115984
1,1,0.83,0.6674730109093628
1,1,0.84,0.6785770316729812
1,1,0.85,0.6897009232079239
1,1,0.86,0.7008433034629882
1,1,0.87,0.7120028078295253
1,1,0.88,0.7231780933928936
1,1,0.89,0.734367839836755
1,1,0.9,0.7455707483476819
1,1,0.91,0.7567855396956503
1,1,0.92,0.7680109522121116
1,1,0.93,0.7792457400007633
1,1,0.94,0.7904886714813402
1,1,0.95,0.801738528253734
1,1,0.96,0.8129941042286865
1,1,0.97,0.8242542049652047
1,1,0.98,0.8355176471625326
1,1,0.99,0.8467832582657349
1,1,1.0,0.8580498761544678
1,1,1.01,0.8693163488930441
1,1,1.02,0.880581534526323
1,1,1.03,0.8918443009105809
1,1,1.04,0.9031035255718259
1,1,1.05,0.9143580955862805
1,1,1.06,0.925606907479346
1,1,1.07,0.9368488671404561
1,1,1.08,0.9480828897519397
1,1,1.09,0.9593078997305744
1,1,1.1,0.9705228306808034
1,1,1.11,0.9817266253588738
1,1,1.12,0.9929182356473202
1,1,1.13,1.0040966225392898
1,1,1.14,1.0152607561323574
1,1,1.15,1.0264096156314733
1,1,1.16,1.037542189360762
1,1,1.17,1.048657474783909
1,1,1.18,1.0597544785328945
1,1,1.19,1.0708322164448412
1,1,1.2,1.0818897136067585
1,1,1.21,1.0929260044079672
1,1,1.22,1.1039401325999836
1,1,1.23,1.1149311513636575
1,1,1.24,1.125898123383328
1,1,1.25,1.1368401209277972
1,1,1.26,1.1477562259378529
1,1,1.27,1.1586455301201348
1,1,1.28,1.169507135047069
1,1,1.29,1.1803401522626178
1,1,1.3,1.1911437033935748
1,1,1.31,1.2019169202661075
1,1,1.32,1.2126589450272505
1,1,1.33,1.2233689302710502
1,1,1.34,1.2340460391690014
1,1,1.35,1.2446894456044804
1,1,1.36,1.2552983343107589
1,1,1.37,1.2658719010122947
1,1,1.38,1.2764093525688653
1,1,1.39,1.28690990712217
1,1,1.4,1.2973727942444968
1,1,1.41,1.307797255089024
1,1,1.42,1.3181825425413367
1,1,1.43,1.328527921371708
1,1,1.44,1.3388326683877187
1,1,1.45,1.3490960725867314
1,1,1.46,1.3593174353078021
1,1,1.47,1.3694960703825207
1,1,1.48,1.37963130428435
1,1,1.49,1.3897224762759954
1,1,1.5,1.3997689385543088
1,1,1.51,1.409770056392314
1,1,1.52,1.41972520827785
1,1,1.53,1.4296337860484154
1,1,1.54,1.4394951950217456
1,1,1.55,1.449308854121709
1,1,1.56,1.4590741959990774
1,1,1.57,1.4687906671467799
1,1,1.58,1.4784577280092233
1,1,1.59,1.4880748530853234
1,1,1.6,1.4976415310248508
1,1,1.61,1.5071572647177731
1,1,1.62,1.5166215713762532
1,1,1.63,1.5260339826089888
1,1,1.64,1.5353940444876337
1,1,1.65,1.5447013176050095
1,1,1.66,1.55395537712489
1,1,1.67,1.5631558128231313
1,1,1.68,1.57230222911996
1,1,1.69,1.58139424510325
1,1,1.7,1.590431494542655
1,1,1.71,1.5994136258944718
1,1,1.72,1.6083403022971552
1,1,1.73,1.6172112015573938
1,1,1.74,1.626026016126764
1,1,1.75,1.6347844530690008
1,1,1.76,1.643486234019666
1,1,1.77,1.652131095165463
1,1,1.78,1.6607187876712017
1,1,1.79,1.669249085277738
1,1,1.8,1.6777219035109707
1,1,1.81,1.6861389072388444
1,1,1.82,1.6945097511610752
1,1,1.83,1.7028338970591288
1,1,1.84,1.7111015438627142
1,1,1.85,1.7193108069085719
1,1,1.86,1.7274614242519537
1,1,1.87,1.7355532643605258
1,1,1.88,1.7435862165651306
1,1,1.89,1.751560183878952
1,1,1.9,1.7594750823889933
1,1,1.91,1.7673308410595232
1,1,1.92,1.7751274015556604
1,1,1.93,1.7828647180624693
1,1,1.94,1.7905427570983101
1,1,1.95,1.79816149732268
1,1,1.96,1.8057209293388505
1,1,1.97,1.8132210554916808
1,1,1.98,1.820661889660924
1,1,1.99,1.8280434570503972
1,1,2.0,1.8353657939733827
1,2,-2.0,1000.0
1,2,-1.99,1000.0
1,2,-1.98,1000.0
1,2,-1.97,1000.0
1,2,-1.96,1000.0
1,2,-1.95,1000.0
1,2,-1.94,1000.0
1,2,-1.93,1000.0
1,2,-1.92,1000.0
1,2,-1.91,1000.0
1,2,-1.9,1000.0
1,2,-1.89,1000.0
1,2,-1.88,1000.0
1,2,-1.87,1000.0
1,2,-1.86,1000.0
1,2,-1.85,1000.0
1,2,-1.84,1000.0
1,2,-1.83,1000.0
1,2,-1.82,1000.0
1,2,-1.81,1000.0
1,2,-1.8,1000.0
1,2,-1.79,1000.0
1,2,-1.78,1000.0
1,2,-1.77,1000.0
1,2,-1.76,1000.0
1,2,-1.75,1000.0
1,2,-1.74,1000.0
1,2,-1.73,1000.0
1,2,-1.72,1000.0
1,2,-1.71,1000.0
1,2,-1.7,1000.0
1,2,-1.69,1000.0
1,2,-1.68,1000.0
1,2,-1.67,1000.0
1,2,-1.66,1000.0
1,2,-1.65,1000.0
1,2,-1.64,1000.0
1,2,-1.63,1000.0
1,2,-1.62,1000.0
1,2,-1.61,1000.0
1,2,-1.6,1000.0
1,2,-1.59,1000.0
1,2,-1.58,1000.0
1,2,-1.57,1000.0
1,2,-1.56,1000.0
1,2,-1.55,1000.0
1,2,-1.54,1000.0
1,2,-1.53,1000.0
1,2,-1.52,1000.0
1,2,-1.51,1000.0
1,2,-1.5,1000.0
1,2,-1.49,1000.0
1,2,-1.48,1000.0
1,2,-1.47,1000.0
1,2,-1.46,1000.0
1,2,-1.45,1000.0
1,2,-1.44,1000.0
1,2,-1.43,1000.0
1,2,-1.42,1000.0
1,2,-1.41,1000.0
1,2,-1.4,1000.0
1,2,-1.39,1000.0
1,2,-1.38,1000.0
1,2,-1.37,1000.0
1,2,-1.36,1000.0
1,2,-1.35,1000.0
1,2,-1.34,1000.0
1,2,-1.33,1000.0
1,2,-1.32,1000.0
1,2,-1.31,1000.0
1,2,-1.3,1000.0
1,2,-1.29,1000.0
1,2,-1.28,1000.0
1,2,-1.27,1000.0
1,2,-1.26,1000.0
1,2,-1.25,1000.0
1,2,-1.24,1000.0
1,2,-1.23,1000.0
1,2,-1.22,1000.0
1,2,-1.21,1000.0
1,2,-1.2,1000.0
1,2,-1.19,1000.0
1,2,-1.18,1000.0
1,2,-1.17,1000.0
1,2,-1.16,1000.0
1,2,-1.15,1000.0
1,2,-1.14,1000.0
1,2,-1.13,1000.0
1,2,-1.12,1000.0
1,2,-1.11,1000.0
1,2,-1.1,1000.0
1,2,-1.09,1000.0
1,2,-1.08,1000.0
1,2,-1.07,1000.0
1,2,-1.06,1000.0
1,2,-1.05,1000.0
1,2,-1.04,1000.0
1,2,-1.03,1000.0
1,2,-1.02,1000.0
1,2,-1.01,1000.0
1,2,-1.0,1000.0
1,2,-0.99,1000.0
1,2,-0.98,1000.0
1,2,-0.97,1000.0
1,2,-0.96,1000.0
1,2,-0.95,1000.0
1,2,-0.94,1000.0
1,2,-0.93,1000.0
1,2,-0.92,1000.0
1,2,-0.91,1000.0
1,2,-0.9,1000.0
1,2,-0.89,1000.0
1,2,-0.88,1000.0
1,2,-0.87,1000.0
1,2,-0.86,1000.0
1,2,-0.85,1000.0
1,2,-0.84,1000.0
1,2,-0.83,1000.0
1,2,-0.82,1000.0
1,2,-0.81,1000.0
1,2,-0.8,1000.0
1,2,-0.79,1000.0
1,2,-0.78,1000.0
1,2,-0.77,1000.0
1,2,-0.76,1000.0
1,2,-0.75,1000.0
1,2,-0.74,1000.0
1,2,-0.73,1000.0
1,2,-0.72,1000.0
1,2,-0.71,1000.0
1,2,-0.7,1000.0
1,2,-0.69,1000.0
1,2,-0.68,1000.0
1,2,-0.67,1000.0
1,2,-0.66,1000.0
1,2,-0.65,1000.0
1,2,-0.64,1000.0
1,2,-0.63,1000.0
1,2,-0.62,1000.0
1,2,-0.61,1000.0
1,2,-0.6,1000.0
1,2,-0.59,1000.0
1,2,-0.58,1000.0
1,2,-0.57,1000.0
1,2,-0.56,1000.0
1,2,-0.55,1000.0
1,2,-0.54,1000.0
1,2,-0.53,1000.0
1,2,-0.52,1000.0
1,2,-0.51,1000.0
1,2,-0.5,1000.0
1,2,-0.49,1000.0
1,2,-0.48,1000.0
1,2,-0.47,1000.0
1,2,-0.46,1000.0
1,2,-0.45,1000.0
1,2,-0.44,1000.0
1,2,-0.43,1000.0
1,2,-0.42,1000.0
1,2,-0.41,1000.0
1,2,-0.4,1000.0
1,2,-0.39,1000.0
1,2,-0.38,1000.0
1,2,-0.37,1000.0
1,2,-0.36,1000.0
1,2,-0.35,1000.0
1,2,-0.34,1000.0
1,2,-0.33,1000.0
1,2,-0.32,1000.0
1,2,-0.31,1000.0
1,2,-0.3,1000.0
1,2,-0.29,1000.0
1,2,-0.28,1000.0
1,2,-0.27,12.774195022481665
1,2,-0.26,1.8851939387802177
1,2,-0.25,1.2414552436313466
1,2,-0.24,0.9450525831168477
1,2,-0.23,0.7593151382783606
1,2,-0.22,0.6270356979319027
1,2,-0.21,0.5260839375429206
1,2,-0.2,0.44568884756634536
1,2,-0.19,0.3798274727283234
1,2,-0.18,0.32480142848565985
1,2,-0.17,0.27818093018320345
1,2,-0.16,0.23828583640849554
1,2,-0.15,0.20390683240047341
1,2,-0.14,0.1741449445297665
1,2,-0.13,0.14831393881540936
1,2,-0.12,0.12587822549916017
1,2,-0.11,0.10641183487756924
1,2,-0.1,0.08957043086955546
1,2,-0.09,0.07507168400555134
1,2,-0.08,0.0626811727914901
1,2,-0.07,0.05220204387600062
1,2,-0.06,0.04346729610087853
1,2,-0.05,0.03633395077269559
1,2,-0.04,0.030678641645958977
1,2,-0.03,0.026394392706453065
1,2,-0.02,0.02338867717659558
1,2,-0.01,0.021583359641875653
1,2,0.0,0.020915482849303117
1,2,0.01,0.021326410268559057
1,2,0.02,0.022746024345352226
1,2,0.03,0.02510642298664796
1,2,0.04,0.02835057417586966
1,2,0.05,0.03242912330175106
1,2,0.06,0.03729771965283071
1,2,0.07,0.042915749584667394
1,2,0.08,0.04924567918798516
1,2,0.09,0.05625265042673236
1,2,0.1,0.06390419799646238
1,2,0.11,0.07217003264506863
1,2,0.12,0.08102186510539011
1,2,0.13,0.09043325631465166
1,2,0.14,0.10037948502138974
1,2,0.15,0.11083742687440129
1,2,0.16,0.12178544099273926
1,2,0.17,0.133203261359715
1,2,0.18,0.14507189139081875
1,2,0.19,0.15737350079755122
1,2,0.2,0.17009132445839364
1,2,0.21,0.18320956344539577
1,2,0.22,0.1967132886621868
1,2,0.23,0.21058834774489577
1,2,0.24,0.22482127597822302
1,2,0.25,0.23939921200049374
1,2,0.26,0.2543098190290668
1,2,0.27,0.26954121224526084
1,2,0.28,0.2850818928494071
1,2,0.29,0.30092068914417125
1,2,0.3,0.3170467048390814
1,2,0.31,0.3334492746013038
1,2,0.32,0.35011792671562164
1,2,0.33,0.36704235256751344
1,2,0.34,0.3842123825327249
1,2,0.35,0.40161796774888076
1,2,0.36,0.4192491671619415
1,2,0.37,0.43709613918367846
1,2,0.38,0.4551491372655075
1,2,0.39,0.47339850868734534
1,2,0.4,0.4918346958752096
1,2,0.41,0.5104482395948358
1,2,0.42,0.5292297834169107
1,2,0.43,0.548170078908958
1,2,0.44,0.5672599910755627
1,2,0.45,0.5864905036392075
1,2,0.46,0.605852723825388
1,2,0.47,0.6253378863854907
1,2,0.48,0.6449373566572895
1,2,0.49,0.6646426325244464
1,2,0.5,0.6844453451924358
1,2,0.51,0.7043372587483308
1,2,0.52,0.7243102685160703
1,2,0.53,0.7443563982571185
1,2,0.54,0.7644677962994798
1,2,0.55,0.7846367307059625
1,2,0.56,0.8048555836159548
1,2,0.57,0.8251168449140337
1,2,0.58,0.8454131053937504
1,2,0.59,0.8657370495961028
1,2,0.6,0.8860814485096474
1,2,0.61,0.9064391523230005
1,2,0.62,0.9268030834207637
1,2,0.63,0.9471662298107755
1,2,0.64,0.9675216391643351
1,2,0.65,0.9878624136419376
1,2,0.66,1.0081817056656253
1,2,0.67,1.0284727147858985
1,2,0.68,1.048728685777109
1,2,0.69,1.0689429080809605
1,2,0.7,1.0891087167038975
1,2,0.71,1.1092194946600933
1,2,0.72,1.129268677034481
1,2,0.73,1.1492497567114717
1,2,0.74,1.1691562917562204
1,2,0.75,1.1889819143130151
1,2,0.76,1.2087203406511382
1,2,0.77,1.2283653816051772
1,2,0.78,1.2479109521791925
1,2,0.79,1.2673510788079774
1,2,0.8,1.286679903297412
1,2,0.81,1.3058916843218575
1,2,0.82,1.3249807999543746
1,2,0.83,1.3439417558436888
1,2,0.84,1.3627692013958113
1,2,0.85,1.3814579519299797
1,2,0.86,1.400003011968425
1,2,0.87,1.418399595469204
1,2,0.88,1.4366431413664331
1,2,0.89,1.4547293248767654
1,2,0.9,1.4726540657930685
1,2,0.91,1.4904135348312126
1,2,0.92,1.50800415866044
1,2,0.93,1.5254226238803554
1,2,0.94,1.5426658799926756
1,2,0.95,1.5597311413227715
1,2,0.96,1.5766158878245966
1,2,0.97,1.5933178647155162
1,2,0.98,1.609835080913229
1,2,0.99,1.6261658062748152
1,2,1.0,1.642308567663704
1,2,1.01,1.6582621438921372
1,2,1.02,1.6740255596046827
1,2,1.03,1.6895980781824045
1,2,1.04,1.7049791937580783
1,2,1.05,1.720168622440501
1,2,1.06,1.7351662928510159
1,2,1.07,1.749972336078078
1,2,1.08,1.7645870751562305
1,2,1.09,1.779011014174713
1,2,1.1,1.793244827118173
1,2,1.11,1.8072893465378121
1,2,1.12,1.8211455521461553
1,2,1.13,1.8348145594225824
1,2,1.14,1.84829760831002
1,2,1.15,1.861596052076014
1,2,1.16,1.8747113464039074
1,2,1.17,1.8876450387721895
1,2,1.18,1.9003987581725024
1,2,1.19,1.912974205209224
1,2,1.2,1.9253731426163498
1,2,1.21,1.9375973862203435
1,2,1.22,1.9496487963711384
1,2,1.23,1.961529269857285
1,2,1.24,1.9732407323155599
1,2,1.25,1.9847851311402436
1,2,1.26,1.9961644288924925
1,2,1.27,2.007380597206207
1,2,1.28,2.018435611183002
1,2,1.29,2.0293314442657873
1,2,1.3,2.040070063577696
1,2,1.31,2.0506534257108404
1,2,1.32,2.0610834729474785
1,2,1.33,2.0713621298946365
1,2,1.34,2.0814913005121762
1,2,1.35,2.0914728655132766
1,2,1.36,2.1013086801159355
1,2,1.37,2.1110005721235816
1,2,1.38,2.1205503403129216
1,2,1.39,2.1299597531072347
1,2,1.4,2.13923054751347
1,2,1.41,2.148364428302071
1,2,1.42,2.1573630674088635
1,2,1.43,2.1662281035389896
1,2,1.44,2.17496114195363
1,2,1.45,2.183563754420933
1,2,1.46,2.1920374793135267
1,2,1.47,2.200383821835687
1,2,1.48,2.2086042543643103
1,2,1.49,2.216700216888613
1,2,1.5,2.2246731175344254
1,2,1.51,2.232524333159956
1,2,1.52,2.2402552100107043
1,2,1.53,2.247867064422199
1,2,1.54,2.255361183560079
1,2,1.55,2.2627388261879813
1,2,1.56,2.270001223454471
1,2,1.57,2.277149579691204
1,2,1.58,2.284185073215195
1,2,1.59,2.2911088571290015
1,2,1.6,2.2979220601132058
1,2,1.61,2.3046257872065548
1,2,1.62,2.311221120569551
1,2,1.63,2.3177091202281423
1,2,1.64,2.324090824794754
1,2,1.65,2.3303672521644327
1,2,1.66,2.336539400184549
1,2,1.67,2.342608247296948
1,2,1.68,2.348574753152014
1,2,1.69,2.354439859194505
1,2,1.7,2.3602044892214815
1,2,1.71,2.3658695499130817
1,2,1.72,2.3714359313371283
1,2,1.73,2.376904507429023
1,2,1.74,2.3822761364485423
1,2,1.75,2.3875516614156065
1,2,1.76,2.3927319105287777
1,2,1.77,2.3978176975960848
1,2,1.78,2.4028098229084733
1,2,1.79,2.4077090812816264
1,2,1.8,2.412516381708732
1,2,1.81,2.4172343553635582
1,2,1.82,2.421873596541016
1,2,1.83,2.426434480365073
1,2,1.84,2.4309080933225573
1,2,1.85,2.4352934130007453
1,2,1.86,2.4395910148911075
1,2,1.87,2.4438015805907694
1,2,1.88,2.4479257887776567
1,2,1.89,2.4519643085722516
1,2,1.9,2.4559177994909853
1,2,1.91,2.4597869118317366
1,2,1.92,2.4635722871001815
1,2,1.93,2.4672745584526785
1,2,1.94,2.4708943511543304
1,2,1.95,2.47443228305224
1,2,1.96,2.4778889650635696
1,2,1.97,2.4812650016779303
1,2,1.98,2.4845609914731974
1,2,1.99,2.487777527643671
1,2,2.0,2.4909151985391897
1,5,-2.0,1000.0
1,5,-1.99,1000.0
1,5,-1.98,1000.0
1,5,-1.97,1000.0
1,5,-1.96,1000.0
1,5,-1.95,1000.0
1,5,-1.94,1000.0
1,5,-1.93,1000.0
1,5,-1.92,1000.0
1,5,-1.91,1000.0
1,5,-1.9,1000.0
1,5,-1.89,1000.0
1,5,-1.88,1000.0
1,5,-1.87,1000.0
1,5,-1.86,1000.0
1,5,-1.85,1000.0
1,5,-1.84,1000.0
1,5,-1.83,1000.0
1,5,-1.82,1000.0
1,5,-1.81,1000.0
1,5,-1.8,1000.0
1,5,-1.79,1000.0
1,5,-1.78,1000.0
1,5,-1.77,1000.0
1,5,-1.76,1000.0
1,5,-1.75,1000.0
1,5,-1.74,1000.0
1,5,-1.73,1000.0
1,5,-1.72,1000.0
1,5,-1.71,1000.0
1,5,-1.7,1000.0
1,5,-1.69,1000.0
1,5,-1.68,1000.0
1,5,-1.67,1000.0
1,5,-1.66,1000.0
1,5,-1.65,1000.0
1,5,-1.64,1000.0
1,5,-1.63,1000.0
1,5,-1.62,1000.0
1,5,-1.61,1000.0
1,5,-1.6,1000.0
1,5,-1.59,1000.0
1,5,-1.58,1000.0
1,5,-1.57,1000.0
1,5,-1.56,1000.0
1,5,-1.55,1000.0
1,5,-1.54,1000.0
1,5,-1.53,1000.0
1,5,-1.52,1000.0
1,5,-1.51,1000.0
1,5,-1.5,1000.0
1,5,-1.49,1000.0
1,5,-1.48,1000.0
1,5,-1.47,1000.0
1,5,-1.46,1000.0
1,5,-1.45,1000.0
1,5,-1.44,1000.0
1,5,-1.43,1000.0
1,5,-1.42,1000.0
1,5,-1.41,1000.0
1,5,-1.4,1000.0
1,5,-1.39,1000.0
1,5,-1.38,1000.0
1,5,-1.37,1000.0
1,5,-1.36,1000.0
1,5,-1.35,1000.0
1,5,-1.34,1000.0
1,5,-1.33,1000.0
1,5,-1.32,1000.0
1,5,-1.31,1000.0
1,5,-1.3,1000.0
1,5,-1.29,1000.0
1,5,-1.28,1000.0
1,5,-1.27,1000.0
1,5,-1.26,1000.0
1,5,-1.25,1000.0
1,5,-1.24,1000.0
1,5,-1.23,1000.0
1,5,-1.22,1000.0
1,5,-1.21,1000.0
1,5,-1.2,1000.0
1,5,-1.19,1000.0
1,5,-1.18,1000.0
1,5,-1.17,1000.0
1,5,-1.16,1000.0
1,5,-1.15,1000.0
1,5,-1.14,1000.0
1,5,-1.13,1000.0
1,5,-1.12,1000.0
1,5,-1.11,1000.0
1,5,-1.1,1000.0
1,5,-1.09,1000.0
1,5,-1.08,1000.0
1,5,-1.07,1000.0
1,5,-1.06,1000.0
1,5,-1.05,1000.0
1,5,-1.04,1000.0
1,5,-1.03,1000.0
1,5,-1.02,1000.0
1,5,-1.01,1000.0
1,5,-1.0,1000.0
1,5,-0.99,1000.0
1,5,-0.98,1000.0
1,5,-0.97,1000.0
1,5,-0.96,1000.0
1,5,-0.95,1000.0
1,5,-0.94,1000.0
1,5,-0.93,1000.0
1,5,-0.92,1000.0
1,5,-0.91,1000.0
1,5,-0.9,1000.0
1,5,-0.89,1000.0
1,5,-0.88,1000.0
1,5,-0.87,1000.0
1,5,-0.86,1000.0
1,5,-0.85,1000.0
1,5,-0.84,1000.0
1,5,-0.83,1000.0
1,5,-0.82,1000.0
1,5,-0.81,1000.0
1,5,-0.8,1000.0
1,5,-0.79,1000.0
1,5,-0.78,1000.0
1,5,-0.77,1000.0
1,5,-0.76,1000.0
1,5,-0.75,1000.0
1,5,-0.74,1000.0
1,5,-0.73,1000.0
1,5,-0.72,1000.0
1,5,-0.71,1000.0
1,5,-0.7,1000.0
1,5,-0.69,1000.0
1,5,-0.68,1000.0
1,5,-0.67,1000.0
1,5,-0.66,1000.0
1,5,-0.65,1000.0
1,5,-0.64,1000.0
1,5,-0.63,1000.0
1,5,-0.62,1000.0
1,5,-0.61,1000.0
1,5,-0.6,1000.0
1,5,-0.59,1000.0
1,5,-0.58,1000.0
1,5,-0.57,1000.0
1,5,-0.56,1000.0
1,5,-0.55,1000.0
1,5,-0.54,1000.0
1,5,-0.53,1000.0
1,5,-0.52,1000.0
1,5,-0.51,1000.0
1,5,-0.5,1000.0
1,5,-0.49,1000.0
1,5,-0.48,1000.0
1,5,-0.47,1000.0
1,5,-0.46,1000.0
1,5,-0.45,1000.0
1,5,-0.44,1000.0
1,5,-0.43,1000.0
1,5,-0.42,1000.0
1,5,-0.41,1000.0
1,5,-0.4,1000.0
1,5,-0.39,1000.0
1,5,-0.38,1000.0
1,5,-0.37,1000.0
1,5,-0.36,1000.0
1,5,-0.35,1000.0
1,5,-0.34,1000.0
1,5,-0.33,1000.0
1,5,-0.32,1000.0
1,5,-0.31,1000.0
1,5,-0.3,1000.0
1,5,-0.29,1000.0
1,5,-0.28,1000.0
1,5,-0.27,1000.0
1,5,-0.26,1000.0
1,5,-0.25,1000.0
1,5,-0.24,1000.0
1,5,-0.23,1000.0
1,5,-0.22,1000.0
1,5,-0.21,1000.0
1,5,-0.2,1000.0
1,5,-0.19,1000.0
1,5,-0.18,1000.0
1,5,-0.17,1000.0
1,5,-0.16,1000.0
1,5,-0.15,1.6418374279619603
1,5,-0.14,1.001774931939797
1,5,-0.13,0.7235562583140945
1,5,-0.12,0.5493597323685259
1,5,-0.11,0.4257033776680401
1,5,-0.1,0.332344099456871
1,5,-0.09,0.2593859986035472
1,5,-0.08,0.20122816087202663
1,5,-0.07,0.1543885905839277
1,5,-0.06,0.11656630100424831
1,5,-0.05,0.08618851736854496
1,5,-0.04,0.062179122485980794
1,5,-0.03,0.04384259787183119
1,5,-0.02,0.03081645086886771
1,5,-0.01,0.023066253113355535
1,5,0.0,0.020895430727674334
1,5,0.01,0.024914484665385817
1,5,0.02,0.035915996351981415
1,5,0.03,0.05464962447588906
1,5,0.04,0.0815161331733109
1,5,0.05,0.11633564171202125
1,5,0.06,0.15834177162223528
1,5,0.07,0.20638247329461834
1,5,0.08,0.2591941228031448
1,5,0.09,0.31563868864085737
1,5,0.1,0.3748644697402692
1,5,0.11,0.4363783618676972
1,5,0.12,0.5000113503029252
1,5,0.13,0.5657836201829393
1,5,0.14,0.6337292970373669
1,5,0.15,0.7037622224400766
1,5,0.16,0.7756332114092656
1,5,0.17,0.8489770829321563
1,5,0.18,0.9234084982437488
1,5,0.19,0.998614170415149
1,5,0.2,1.0744027495669342
1,5,0.21,1.1506995908306732
1,5,0.22,1.2274972056087343
1,5,0.23,1.30478531521891
1,5,0.24,1.3824865963985933
1,5,0.25,1.4604185572181025
1,5,0.26,1.5382914829567378
1,5,0.27,1.6157397895342758
1,5,0.28,1.6923733082733825
1,5,0.29,1.7678302228974698
1,5,0.3,1.8418162376713079
1,5,0.31,1.9141226242126588
1,5,0.32,1.984624354674295
1,5,0.33,2.053264887199745
1,5,0.34,2.120035409317883
1,5,0.35,2.184954727746448
1,5,0.36,2.248053359480704
1,5,0.37,2.3093630244413794
1,5,0.38,2.3689111730178385
1,5,0.39,2.426719390197289
1,5,0.4,2.482804291574098
1,5,0.41,2.537179644753089
1,5,0.42,2.589858741546054
1,5,0.43,2.6408563920854107
1,5,0.44,2.6901902324491385
1,5,0.45,2.737881287155893
1,5,0.46,2.7839538901027288
1,5,0.47,2.8284351473670672
1,5,0.48,2.871354141355095
1,5,0.49,2.91274105126575
1,5,0.5,2.952626320954611
1,5,0.51,2.991039957676364
1,5,0.52,3.0280110032242016
1,5,0.53,3.0635671867826644
1,5,0.54,3.0977347469409966
1,5,0.55,3.1305383974413816
1,5,0.56,3.1620014053160332
1,5,0.57,3.1921457490514342
1,5,0.58,3.220992326584914
1,5,0.59,3.248561186968807
1,5,0.6,3.2748717644789176
1,5,0.61,3.2999430991330536
1,5,0.62,3.3237940325712074
1,5,0.63,3.346443372737024
1,5,0.64,3.3679100246130274
1,5,0.65,3.3882130873136282
1,5,0.66,3.4073719201160673
1,5,0.67,3.4254061815532015
1,5,0.68,3.442335846585519
1,5,0.69,3.458181207222038
1,5,0.7,3.472962861889239
1,5,0.71,3.486701698471789
1,5,0.72,3.4994188753735527
1,5,0.73,3.5111358042560012
1,5,0.74,3.5218741373585534
1,5,0.75,3.5316557615120097
1,5,0.76,3.5405028001091745
1,5,0.77,3.5484376233785153
1,5,0.78,3.5554828663798825
1,5,0.79,3.561661453497956
1,5,0.8,3.566996628443998
1,5,0.81,3.5715119903958734
1,5,0.82,3.575231539307106
1,5,0.83,3.578179734373067
1,5,0.84,3.5803815671969277
1,5,0.85,3.581862646579078
1,5,0.86,3.5826492887338706
1,5,0.87,3.582768606948675
1,5,0.88,3.582248596624533
1,5,0.89,3.58111821282927
1,5,0.9,3.5794074369808806
1,5,0.91,3.5771473273630847
1,5,0.92,3.574370045372949
1,5,0.93,3.5711088459682605
1,5,0.94,3.5673980167869885
1,5,0.95,3.5632727459773976
1,5,0.96,3.5587688943195253
1,5,0.97,3.5539226436607327
1,5,0.98,3.5487699926701737
1,5,0.99,3.543346074917905
1,5,1.0,3.5376842865040303
1,5,1.01,3.5318152341950224
1,5,1.02,3.525765552263659
1,5,1.03,3.519556685450067
1,5,1.04,3.513203789099372
1,5,1.05,3.506714940580387
1,5,1.06,3.5000908679512035
1,5,1.07,3.4933253630664836
1,5,1.08,3.486406449333172
1,5,1.09,3.479318233113913
1,5,1.1,3.4720432192350343
1,5,1.11,3.4645647632102747
1,5,1.12,3.456869303731435
1,5,1.13,3.4489480781573283
1,5,1.14,3.440798147607641
1,5,1.15,3.4324227029032137
1,5,1.16,3.4238307446260703
1,5,1.17,3.4150363038569274
1,5,1.18,3.406057390654046
1,5,1.19,3.3969148374599234
1,5,1.2,3.387631163208889
1,5,1.21,3.3782295379255802
1,5,1.22,3.368732888047368
1,5,1.23,3.3591631542984657
1,5,1.24,3.34954069686957
1,5,1.25,3.3398838346973747
1,5,1.26,3.3302085038518916
1,5,1.27,3.3205280217336655
1,5,1.28,3.310852946897246
1,5,1.29,3.3011910274534912
1,5,1.3,3.291547233299391
1,5,1.31,3.2819238684105634
1,5,1.32,3.272320758928155
1,5,1.33,3.262735510843851
1,5,1.34,3.253163828035435
1,5,1.35,3.243599877755693
1,5,1.36,3.2340366871282415
1,5,1.37,3.22446655151907
1,5,1.38,3.2148814345066343
1,5,1.39,3.2052733399897226
1,5,1.4,3.1956346398031052
1,5,1.41,3.1859583447113033
1,5,1.42,3.176238312152374
1,5,1.43,3.1664693897749405
1,5,1.44,3.1566474988492916
1,5,1.45,3.146769665428062
1,5,1.46,3.136834009367075
1,5,1.47,3.1268397019834038
1,5,1.48,3.116786902469102
1,5,1.49,3.106676681593613
1,5,1.5,3.096510939165143
1,5,1.51,3.0862923195936522
1,5,1.52,3.076024128024224
1,5,1.53,3.0657102480888896
1,5,1.54,3.055355061439551
1,5,1.55,3.04496336885591
1,5,1.56,3.0345403127798685
1,5,1.57,3.024091301476577
1,5,1.58,3.013621935511269
1,5,1.59,3.003137937715482
1,5,1.6,2.992645088176331
1,5,1.61,2.9821491659356467
1,5,1.62,2.971655898993102
1,5,1.63,2.961170923873926
1,5,1.64,2.950699755491913
1,5,1.65,2.9402477673851846
1,5,1.66,2.9298201817131435
1,5,1.67,2.9194220677684304
1,5,1.68,2.9090583472521776
1,5,1.69,2.898733804238965
1,5,1.7,2.888453097643317
1,5,1.71,2.878220774088789
1,5,1.72,2.868041279343929
1,5,1.73,2.8579189668808693
1,5,1.74,2.847858102576108
1,5,1.75,2.8378628650546593
1,5,1.76,2.8279373416312095
1,5,1.77,2.818085520211134
1,5,1.78,2.8083112782089867
1,5,1.79,2.798618376032536
1,5,1.8,2.789010560495947
1,5,1.81,2.7794931558360623
1,5,1.82,2.770079287798562
1,5,1.83,2.760771685398769
1,5,1.84,2.751563597055099
1,5,1.85,2.7424559579630925
1,5,1.86,2.7334510869128024
1,5,1.87,2.7245511870819037
1,5,1.88,2.7157582322585307
1,5,1.89,2.7070739580823058
1,5,1.9,2.698499862402991
1,5,1.91,2.690037208431019
1,5,1.92,2.681687030079911
1,5,1.93,2.673450139240365
1,5,1.94,2.665327134733847
1,5,1.95,2.6573184126891056
1,5,1.96,2.6494241780854604
1,5,1.97,2.6416444572120787
1,5,1.98,2.6339791108004365
1,5,1.99,2.6264278475975362
1,5,2.0,2.618990238159197
1,10,-2.0,1000.0
1,10,-1.99,1000.0
1,10,-1.98,1000.0
1,10,-1.97,1000.0
1,10,-1.96,1000.0
1,10,-1.95,1000.0
1,10,-1.94,1000.0
1,10,-1.93,1000.0
1,10,-1.92,1000.0
1,10,-1.91,1000.0
1,10,-1.9,1000.0
1,10,-1.89,1000.0
1,10,-1.88,1000.0
1,10,-1.87,1000.0
1,10,-1.86,1000.0
1,10,-1.85,1000.0
1,10,-1.84,1000.0
1,10,-1.83,1000.0
1,10,-1.82,1000.0
1,10,-1.81,1000.0
1,10,-1.8,1000.0
1,10,-1.79,1000.0
1,10,-1.78,1000.0
1,10,-1.77,1000.0
1,10,-1.76,1000.0
1,10,-1.75,1000.0
1,10,-1.74,1000.0
1,10,-1.73,1000.0
1,10,-1.72,1000.0
1,10,-1.71,1000.0
1,10,-1.7,1000.0
1,10,-1.69,1000.0
1,10,-1.68,1000.0
1,10,-1.67,1000.0
1,10,-1.66,1000.0
1,10,-1.65,1000.0
1,10,-1.64,1000.0
1,10,-1.63,1000.0
1,10,-1.62,1000.0
1,10,-1.61,1000.0
1,10,-1.6,1000.0
1,10,-1.59,1000.0
1,10,-1.58,1000.0
1,10,-1.57,1000.0
1,10,-1.56,1000.0
1,10,-1.55,1000.0
1,10,-1.54,1000.0
1,10,-1.53,1000.0
1,10,-1.52,1000.0
1,10,-1.51,1000.0
1,10,-1.5,1000.0
1,10,-1.49,1000.0
1,10,-1.48,1000.0
1,10,-1.47,1000.0
1,10,-1.46,1000.0
1,10,-1.45,1000.0
1,10,-1.44,1000.0
1,10,-1.43,1000.0
1,10,-1.42,1000.0
1,10,-1.41,1000.0
1,10,-1.4,1000.0
1,10,-1.39,1000.0
1,10,-1.38,1000.0
1,10,-1.37,1000.0
1,10,-1.36,1000.0
1,10,-1.35,1000.0
1,10,-1.34,1000.0
1,10,-1.33,1000.0
1,10,-1.32,1000.0
1,10,-1.31,1000.0
1,10,-1.3,1000.0
1,10,-1.29,1000.0
1,10,-1.28,1000.0
1,10,-1.27,1000.0
1,10,-1.26,1000.0
1,10,-1.25,1000.0
1,10,-1.24,1000.0
1,10,-1.23,1000.0
1,10,-1.22,1000.0
1,10,-1.21,1000.0
1,10,-1.2,1000.0
1,10,-1.19,1000.0
1,10,-1.18,1000.0
1,10,-1.17,1000.0
1,10,-1.16,1000.0
1,10,-1.15,1000.0
1,10,-1.14,1000.0
1,10,-1.13,1000.0
1,10,-1.12,1000.0
1,10,-1.11,1000.0
1,10,-1.1,1000.0
1,10,-1.09,1000.0
1,10,-1.08,1000.0
1,10,-1.07,1000.0
1,10,-1.06,1000.0
1,10,-1.05,1000.0
1,10,-1.04,1000.0
1,10,-1.03,1000.0
1,10,-1.02,1000.0
1,10,-1.01,1000.0
1,10,-1.0,1000.0
1,10,-0.99,1000.0
1,10,-0.98,1000.0
1,10,-0.97,1000.0
1,10,-0.96,1000.0
1,10,-0.95,1000.0
1,10,-0.94,1000.0
1,10,-0.93,1000.0
1,10,-0.92,1000.0
1,10,-0.91,1000.0
1,10,-0.9,1000.0
1,10,-0.89,1000.0
1,10,-0.88,1000.0
1,10,-0.87,1000.0
1,10,-0.86,1000.0
1,10,-0.85,1000.0
1,10,-0.84,1000.0
1,10,-0.83,1000.0
1,10,-0.82,1000.0
1,10,-0.81,1000.0
1,10,-0.8,1000.0
1,10,-0.79,1000.0
1,10,-0.78,1000.0
1,10,-0.77,1000.0
1,10,-0.76,1000.0
1,10,-0.75,1000.0
1,10,-0.74,1000.0
1,10,-0.73,1000.0
1,10,-0.72,1000.0
1,10,-0.71,1000.0
1,10,-0.7,1000.0
1,10,-0.69,1000.0
1,10,-0.68,1000.0
1,10,-0.67,1000.0
1,10,-0.66,1000.0
1,10,-0.65,1000.0
1,10,-0.64,1000.0
1,10,-0.63,1000.0
1,10,-0.62,1000.0
1,10,-0.61,1000.0
1,10,-0.6,1000.0
1,10,-0.59,1000.0
1,10,-0.58,1000.0
1,10,-0.57,1000.0
1,10,-0.56,1000.0
1,10,-0.55,1000.0
1,10,-0.54,1000.0
1,10,-0.53,1000.0
1,10,-0.52,1000.0
1,10,-0.51,1000.0
1,10,-0.5,1000.0
1,10,-0.49,1000.0
1,10,-0.48,1000.0
1,10,-0.47,1000.0
1,10,-0.46,1000.0
1,10,-0.45,1000.0
1,10,-0.44,1000.0
1,10,-0.43,1000.0
1,10,-0.42,1000.0
1,10,-0.41,1000.0
1,10,-0.4,1000.0
1,10,-0.39,1000.0
1,10,-0.38,1000.0
1,10,-0.37,1000.0
1,10,-0.36,1000.0
1,10,-0.35,1000.0
1,10,-0.34,1000.0
1,10,-0.33,1000.0
1,10,-0.32,1000.0
1,10,-0.31,1000.0
1,10,-0.3,1000.0
1,10,-0.29,1000.0
1,10,-0.28,1000.0
1,10,-0.27,1000.0
1,10,-0.26,1000.0
1,10,-0.25,1000.0
1,10,-0.24,1000.0
1,10,-0.23,1000.0
1,10,-0.22,1000.0
1,10,-0.21,1000.0
1,10,-0.2,1000.0
1,10,-0.19,1000.0
1,10,-0.18,1000.0
1,10,-0.17,1000.0
1,10,-0.16,1000.0
1,10,-0.15,1000.0
1,10,-0.14,1000.0
1,10,-0.13,1000.0
1,10,-0.12,1000.0
1,10,-0.11,1000.0
1,10,-0.1,2.243040069305638
1,10,-0.09,1.4472650904969522
1,10,-0.08,1.0372319724084371
1,10,-0.07,0.7353065383525783
1,10,-0.06,0.5075968048321751
1,10,-0.05,0.33746305383510605
1,10,-0.04,0.21264239406502725
1,10,-0.03,0.1229227216030445
1,10,-0.02,0.06294567453508187
1,10,-0.01,0.027399412391659907
1,10,0.0,0.01543365226590483
1,10,0.01,0.05643488838938443
1,10,0.02,0.2098309078543237
1,10,0.03,0.39386088912657347
1,10,0.04,0.561872757868399
1,10,0.05,0.7149022623624086
1,10,0.06,0.8573288178468627
1,10,0.07,0.9954258944812251
1,10,0.08,1.1380989113082023
1,10,0.09,1.2948163719089105
1,10,0.1,1.475100245239469
1,10,0.11,1.6714954361270933
1,10,0.12,1.8656857756800438
1,10,0.13,2.0498453010864077
1,10,0.14,2.2236111724492242
1,10,0.15,2.387407998182136
1,10,0.16,2.542582578379698
1,10,0.17,2.690519523656363
1,10,0.18,2.831084870631696
1,10,0.19,2.9630642241738934
1,10,0.2,3.085477009586725
1,10,0.21,3.1981430720361854
1,10,0.22,3.3015117874948134
1,10,0.23,3.396276414901388
1,10,0.24,3.4831093849057564
1,10,0.25,3.562623577922429
1,10,0.26,3.635469041279064
1,10,0.27,3.702420427658976
1,10,0.28,3.764362618795864
1,10,0.29,3.8221484617340735
1,10,0.3,3.876376481149441
1,10,0.31,3.927216389572859
1,10,0.32,3.9744221150311714
1,10,0.33,4.017551483629546
1,10,0.34,4.056246880533763
1,10,0.35,4.090398915378452
1,10,0.36,4.120137680533493
1,10,0.37,4.145722960884733
1,10,0.38,4.167432909326012
1,10,0.39,4.185507751308776
1,10,0.4,4.200152644329386
1,10,0.41,4.211571744333259
1,10,0.42,4.219998724223151
1,10,0.43,4.225701995105824
1,10,0.44,4.228963631902157
1,10,0.45,4.230046303075657
1,10,0.46,4.22916562649818
1,10,0.47,4.226478435042889
1,10,0.48,4.222087499612195
1,10,0.49,4.216056570195553
1,10,0.5,4.208428164951687
1,10,0.51,4.199238637268218
1,10,0.52,4.1885280022053255
1,10,0.53,4.176344253654026
1,10,0.54,4.162743188486174
1,10,0.55,4.147785319678756
1,10,0.56,4.131531529357501
1,10,0.57,4.114038829761708
1,10,0.58,4.09535712512885
1,10,0.59,4.075527383462748
1,10,0.6,4.054581274803832
1,10,0.61,4.0325421609385375
1,10,0.62,4.009427294600513
1,10,0.63,3.985251126816056
1,10,0.64,3.9600296528589967
1,10,0.65,3.9337856958266237
1,10,0.66,3.9065549010280116
1,10,0.67,3.8783919840270764
1,10,0.68,3.8493764583607946
1,10,0.69,3.8196167315763914
1,10,0.7,3.789251232422788
1,10,0.71,3.758445303931178
1,10,0.72,3.727383133875011
1,10,0.73,3.696255013113601
1,10,0.74,3.6652414648236133
1,10,0.75,3.6344967804505113
1,10,0.76,3.604134722460488
1,10,0.77,3.574218412115445
1,10,0.78,3.5447550002328057
1,10,0.79,3.515694249533772
1,10,0.8,3.4869292662864146
1,10,0.81,3.458297694625006
1,10,0.82,3.4295829515504073
1,10,0.83,3.4005179064815425
1,10,0.84,3.3707984836754603
1,10,0.85,3.3401219880428816
1,10,0.86,3.308269627827476
1,10,0.87,3.275237935968725
1,10,0.88,3.241368930272326
1,10,0.89,3.207363173732503
1,10,0.9,3.174091777564419
1,10,0.91,3.142290430716595
1,10,0.92,3.1123508805843976
1,10,0.93,3.0843299310174204
1,10,0.94,3.058081800652731
1,10,0.95,3.0333747554920234
1,10,0.96,3.009953792081852
1,10,0.97,2.98757025124837
1,10,0.98,2.9659965363640604
1,10,0.99,2.945032895265623
1,10,1.0,2.924509797712909
1,10,1.01,2.9042889327523644
1,10,1.02,2.8842648374711293
1,10,1.03,2.8643675794747683
1,10,1.04,2.8445654393679005
1,10,1.05,2.8248656817143516
1,10,1.06,2.8053115835083178
1,10,1.07,2.785974993705505
1,10,1.08,2.7669454431765583
1,10,1.09,2.7483182950566394
1,10,1.1,2.730184659318111
1,10,1.11,2.7126246395163136
1,10,1.12,2.695703861538416
1,10,1.13,2.6794722904923987
1,10,1.14,2.6639643547077863
1,10,1.15,2.649199815979948
1,10,1.16,2.6351851121993013
1,10,1.17,2.621914980960977
1,10,1.18,2.6093742148696815
1,10,1.19,2.5975394735505106
1,10,1.2,2.5863811340764173
1,10,1.21,2.575865154731616
1,10,1.22,2.5659548761430995
1,10,1.23,2.5566126411243215
1,10,1.24,2.547801115212469
1,10,1.25,2.5394842336913896
1,10,1.26,2.5316277645518213
1,10,1.27,2.524199534377563
1,10,1.28,2.5171694000357863
1,10,1.29,2.510509060463827
1,10,1.3,2.504191795290859
1,10,1.31,2.4981921987453077
1,10,1.32,2.4924859554488963
1,10,1.33,2.4870496839510037
1,10,1.34,2.4818608565230575
1,10,1.35,2.476897790548449
1,10,1.36,2.4721396977511954
1,10,1.37,2.467566772164032
1,10,1.38,2.4631602957352676
1,10,1.39,2.458902741360089
1,10,1.4,2.4547778563389206
1,10,1.41,2.4507707141101447
1,10,1.42,2.446867727753733
1,10,1.43,2.443056624367063
1,10,1.44,2.4393263842284294
1,10,1.45,2.4356671521610913
1,10,1.46,2.4320701304482935
1,10,1.47,2.428527463066258
1,10,1.48,2.425032120157634
1,10,1.49,2.4215777899515563
1,10,1.5,2.4181587831716436
1,10,1.51,2.4147699527399293
1,10,1.52,2.4114066295727032
1,10,1.53,2.4080645736550643
1,10,1.54,2.40473993845383
1,10,1.55,2.401429246080612
1,10,1.56,2.39812937038827
1,10,1.57,2.3948375252844647
1,10,1.58,2.3915512558740346
1,10,1.59,2.388268430502088
1,10,1.6,2.384987232279878
1,10,1.61,2.381706149173846
1,10,1.62,2.378423962181407
1,10,1.63,2.375139731480642
1,10,1.64,2.3718527807154484
1,10,1.65,2.368562679763698
1,10,1.66,2.3652692264431416
1,10,1.67,2.361972427650951
1,10,1.68,2.3586724804230035
1,10,1.69,2.3553697533529143
1,10,1.7,2.3520647687418528
1,10,1.71,2.3487581857692903
1,10,1.72,2.3454507848908293
1,10,1.73,2.3421434535886134
1,10,1.74,2.338837173526659
1,10,1.75,2.335533009100582
1,10,1.76,2.33223209732098
1,10,1.77,2.328935638954936
1,10,1.78,2.325644891221246
1,10,1.79,2.3223611686106875
1,10,1.8,2.3190859561085513
1,10,1.81,2.3158225113901243
1,10,1.82,2.312582100410571
1,10,1.83,2.309365810061666
1,10,1.84,2.306165473809
1,10,1.85,2.302980846558686
1,10,1.86,2.2998133065056163
1,10,1.87,2.2966643582051547
1,10,1.88,2.2935355181765105
1,10,1.89,2.290428302605638
1,10,1.9,2.2873442213305206
1,10,1.91,2.2842847719495567
1,10,1.92,2.281251433683524
1,10,1.93,2.278245661008498
1,10,1.94,2.275268877117931
1,10,1.95,2.2723224672888906
1,10,1.96,2.269407772239347
1,10,1.97,2.2665260815725756
1,10,1.98,2.2636786274098104
1,10,1.99,2.2608665783142516
1,10,2.0,2.258091033607603
1,25,-2.0,1000.0
1,25,-1.99,1000.0
1,25,-1.98,1000.0
1,25,-1.97,1000.0
1,25,-1.96,1000.0
1,25,-1.95,1000.0
1,25,-1.94,1000.0
1,25,-1.93,1000.0
1,25,-1.92,1000.0
1,25,-1.91,1000.0
1,25,-1.9,1000.0
1,25,-1.89,1000.0
1,25,-1.88,1000.0
1,25,-1.87,1000.0
1,25,-1.86,1000.0
1,25,-1.85,1000.0
1,25,-1.84,1000.0
1,25,-1.83,1000.0
1,25,-1.82,1000.0
1,25,-1.81,1000.0
1,25,-1.8,1000.0
1,25,-1.79,1000.0
1,25,-1.78,1000.0
1,25,-1.77,1000.0
1,25,-1.76,1000.0
1,25,-1.75,1000.0
1,25,-1.74,1000.0
1,25,-1.73,1000.0
1,25,-1.72,1000.0
1,25,-1.71,1000.0
1,25,-1.7,1000.0
1,25,-1.69,1000.0
1,25,-1.68,1000.0
1,25,-1.67,1000.0
1,25,-1.66,1000.0
1,25,-1.65,1000.0
1,25,-1.64,1000.0
1,25,-1.63,1000.0
1,25,-1.62,1000.0
1,25,-1.61,1000.0
1,25,-1.6,1000.0
1,25,-1.59,1000.0
1,25,-1.58,1000.0
1,25,-1.57,1000.0
1,25,-1.56,1000.0
1,25,-1.55,1000.0
1,25,-1.54,1000.0
1,25,-1.53,1000.0
1,25,-1.52,1000.0
1,25,-1.51,1000.0
1,25,-1.5,1000.0
1,25,-1.49,1000.0
1,25,-1.48,1000.0
1,25,-1.47,1000.0
1,25,-1.46,1000.0
1,25,-1.45,1000.0
1,25,-1.44,1000.0
1,25,-1.43,1000.0
1,25,-1.42,1000.0
1,25,-1.41,1000.0
1,25,-1.4,1000.0
1,25,-1.39,1000.0
1,25,-1.38,1000.0
1,25,-1.37,1000.0
1,25,-1.36,1000.0
1,25,-1.35,1000.0
1,25,-1.34,1000.0
1,25,-1.33,1000.0
1,25,-1.32,1000.0
1,25,-1.31,1000.0
1,25,-1.3,1000.0
1,25,-1.29,1000.0
1,25,-1.28,1000.0
1,25,-1.27,1000.0
1,25,-1.26,1000.0
1,25,-1.25,1000.0
1,25,-1.24,1000.0
1,25,-1.23,1000.0
1,25,-1.22,1000.0
1,25,-1.21,1000.0
1,25,-1.2,1000.0
1,25,-1.19,1000.0
1,25,-1.18,1000.0
1,25,-1.17,1000.0
1,25,-1.16,1000.0
1,25,-1.15,1000.0
1,25,-1.14,1000.0
1,25,-1.13,1000.0
1,25,-1.12,1000.0
1,25,-1.11,1000.0
1,25,-1.1,1000.0
1,25,-1.09,1000.0
1,25,-1.08,1000.0
1,25,-1.07,1000.0
1,25,-1.06,1000.0
1,25,-1.05,1000.0
1,25,-1.04,1000.0
1,25,-1.03,1000.0
1,25,-1.02,1000.0
1,25,-1.01,1000.0
1,25,-1.0,1000.0
1,25,-0.99,1000.0
1,25,-0.98,1000.0
1,25,-0.97,1000.0
1,25,-0.96,1000.0
1,25,-0.95,1000.0
1,25,-0.94,1000.0
1,25,-0.93,1000.0
1,25,-0.92,1000.0
1,25,-0.91,1000.0
1,25,-0.9,1000.0
1,25,-0.89,1000.0
1,25,-0.88,1000.0
1,25,-0.87,1000.0
1,25,-0.86,1000.0
1,25,-0.85,1000.0
1,25,-0.84,1000.0
1,25,-0.83,1000.0
1,25,-0.82,1000.0
1,25,-0.81,1000.0
1,25,-0.8,1000.0
1,25,-0.79,1000.0
1,25,-0.78,1000.0
1,25,-0.77,1000.0
1,25,-0.76,1000.0
1,25,-0.75,1000.0
1,25,-0.74,1000.0
1,25,-0.73,1000.0
1,25,-0.72,1000.0
1,25,-0.71,1000.0
1,25,-0.7,1000.0
1,25,-0.69,1000.0
1,25,-0.68,1000.0
1,25,-0.67,1000.0
1,25,-0.66,1000.0
1,25,-0.65,1000.0
1,25,-0.64,1000.0
1,25,-0.63,1000.0
1,25,-0.62,1000.0
1,25,-0.61,1000.0
1,25,-0.6,1000.0
1,25,-0.59,1000.0
1,25,-0.58,1000.0
1,25,-0.57,1000.0
1,25,-0.56,1000.0
1,25,-0.55,1000.0
1,25,-0.54,1000.0
1,25,-0.53,1000.0
1,25,-0.52,1000.0
1,25,-0.51,1000.0
1,25,-0.5,1000.0
1,25,-0.49,1000.0
1,25,-0.48,1000.0
1,25,-0.47,1000.0
1,25,-0.46,1000.0
1,25,-0.45,1000.0
1,25,-0.44,1000.0
1,25,-0.43,1000.0
1,25,-0.42,1000.0
1,25,-0.41,1000.0
1,25,-0.4,1000.0
1,25,-0.39,1000.0
1,25,-0.38,1000.0
1,25,-0.37,1000.0
1,25,-0.36,1000.0
1,25,-0.35,1000.0
1,25,-0.34,1000.0
1,25,-0.33,1000.0
1,25,-0.32,1000.0
1,25,-0.31,1000.0
1,25,-0.3,1000.0
1,25,-0.29,1000.0
1,25,-0.28,1000.0
1,25,-0.27,1000.0
1,25,-0.26,1000.0
1,25,-0.25,1000.0
1,25,-0.24,1000.0
1,25,-0.23,1000.0
1,25,-0.22,1000.0
1,25,-0.21,1000.0
1,25,-0.2,1000.0
1,25,-0.19,1000.0
1,25,-0.18,1000.0
1,25,-0.17,1000.0
1,25,-0.16,1000.0
1,25,-0.15,1000.0
1,25,-0.14,1000.0
1,25,-0.13,1000.0
1,25,-0.12,1000.0
1,25,-0.11,1000.0
1,25,-0.1,1000.0
1,25,-0.09,1000.0
1,25,-0.08,1000.0
1,25,-0.07,1000.0
1,25,-0.06,3.1867619588240714
1,25,-0.05,2.4412147744116854
1,25,-0.04,1.9642779152376284
1,25,-0.03,1.5679450780046271
1,25,-0.02,0.9210707594805807
1,25,-0.01,0.3819221697391691
1,25,0.0,0.020700188701984125
1,25,0.01,0.36616204940040836
1,25,0.02,0.9706383551568631
1,25,0.03,1.5212824336371304
1,25,0.04,2.0126918161164173
1,25,0.05,2.555816769361972
1,25,0.06,3.1506480239306973
1,25,0.07,3.6218015516239856
1,25,0.08,3.9759947077701856
1,25,0.09,4.231719001532135
1,25,0.1,4.409250229747048
1,25,0.11,4.527865004846158
1,25,0.12,4.596010399530203
1,25,0.13,4.626303448407638
1,25,0.14,4.624509444160577
1,25,0.15,4.5898503060228855
1,25,0.16,4.531326338040619
1,25,0.17,4.45071681188568
1,25,0.18,4.354159758126253
1,25,0.19,4.251816926055081
1,25,0.2,4.1509361917437575
1,25,0.21,4.055661091800517
1,25,0.22,3.9713014838071943
1,25,0.23,3.90074520540952
1,25,0.24,3.847248466176732
1,25,0.25,3.805821692533606
1,25,0.26,3.775525987194104
1,25,0.27,3.7576717134840134
1,25,0.28,3.750705394581763
1,25,0.29,3.751176622991211
1,25,0.3,3.7573819783309914
1,25,0.31,3.7692397434634173
1,25,0.32,3.7867556025010236
1,25,0.33,3.8119150564793842
1,25,0.34,3.8458006379480616
1,25,0.35,3.8847511840680347
1,25,0.36,3.923113580689318
1,25,0.37,3.957920408609007
1,25,0.38,3.98836964913421
1,25,0.39,4.0134304447232765
1,25,0.4,4.032207424270722
1,25,0.41,4.0449984848448075
1,25,0.42,4.052712542598024
1,25,0.43,4.055859191141147
1,25,0.44,4.054479392187803
1,25,0.45,4.048656245901249
1,25,0.46,4.038762847911646
1,25,0.47,4.025307157772883
1,25,0.48,4.0087200528043265
1,25,0.49,3.9893053238666747
1,25,0.5,3.9673172641635035
1,25,0.51,3.9430443327241793
1,25,0.52,3.9168275912890205
1,25,0.53,3.8890222141504327
1,25,0.54,3.859945931083924
1,25,0.55,3.8298461913470305
1,25,0.56,3.798891897392192
1,25,0.57,3.7671796079622566
1,25,0.58,3.734741259648748
1,25,0.59,3.7015445077043347
1,25,0.6,3.6674816388305342
1,25,0.61,3.6323454361453247
1,25,0.62,3.5957895344437234
1,25,0.63,3.5572666700582873
1,25,0.64,3.515929890620507
1,25,0.65,3.4704665607852982
1,25,0.66,3.418811284147533
1,25,0.67,3.3576593289209553
1,25,0.68,3.2816704521475435
1,25,0.69,3.182194781732555
1,25,0.7,3.0479033890725415
1,25,0.71,2.8782774690106954
1,25,0.72,2.7039480207378044
1,25,0.73,2.564548343079728
1,25,0.74,2.471385387750299
1,25,0.75,2.4145579444463423
1,25,0.76,2.3811830325012995
1,25,0.77,2.3617444013090982
1,25,0.78,2.3502811680092406
1,25,0.79,2.3432034247012727
1,25,0.8,2.3383200606135444
1,25,0.81,2.3342436672039804
1,25,0.82,2.330051451020481
1,25,0.83,2.325094208240668
1,25,0.84,2.318896053073189
1,25,0.85,2.3111238471255184
1,25,0.86,2.3016214208166614
1,25,0.87,2.290489648338972
1,25,0.88,2.2781448375300646
1,25,0.89,2.265258267731163
1,25,0.9,2.252556344033528
1,25,0.91,2.2405938921533157
1,25,0.92,2.2296477771184637
1,25,0.93,2.2197696676884577
1,25,0.94,2.2108991575166494
1,25,0.95,2.202938962740363
1,25,0.96,2.1957835845838907
1,25,0.97,2.189329478779175
1,25,0.98,2.1834812162347297
1,25,0.99,2.178155196818345
1,25,1.0,2.1732804837627673
1,25,1.01,2.1687975836567115
1,25,1.02,2.16465643955448
1,25,1.03,2.160814503145532
1,25,1.04,2.157235226154238
1,25,1.05,2.1538869844239135
1,25,1.06,2.1507423237992844
1,25,1.07,2.1477774071371347
1,25,1.08,2.144971574137508
1,25,1.09,2.1423069622160895
1,25,1.1,2.1397681636821817
1,25,1.11,2.1373419104526925
1,25,1.12,2.1350167851110546
1,25,1.13,2.1327829595826757
1,25,1.14,2.130631962586773
1,25,1.15,2.1285564759434137
1,25,1.16,2.126550158623263
1,25,1.17,2.124607496499116
1,25,1.18,2.1227236751915837
1,25,1.19,2.1208944731646886
1,25,1.2,2.119116172239405
1,25,1.21,2.1173854828698144
1,25,1.22,2.1156994817941914
1,25,1.23,2.1140555599789526
1,25,1.24,2.11245137908061
1,25,1.25,2.110884834937868
1,25,1.26,2.109354026861766
1,25,1.27,2.1078572317117987
1,25,1.28,2.106392881930909
1,25,1.29,2.104959546864791
1,25,1.3,2.103555916815223
1,25,1.31,2.1021807893774853
1,25,1.32,2.100833057692595
1,25,1.33,2.0995117003098622
1,25,1.34,2.09821577240733
1,25,1.35,2.0969443981598075
1,25,1.36,2.0956967640783866
1,25,1.37,2.09447211317353
1,25,1.38,2.0932697398169955
1,25,1.39,2.092088985197366
1,25,1.4,2.0909292332803435
1,25,1.41,2.089789907198879
1,25,1.42,2.0886704660100537
1,25,1.43,2.0875704017658983
1,25,1.44,2.086489236853978
1,25,1.45,2.08542652157117
1,25,1.46,2.0843818319004086
1,25,1.47,2.0833547674657695
1,25,1.48,2.0823449496458277
1,25,1.49,2.081352019829305
1,25,1.5,2.0803756378002056
1,25,1.51,2.079415480242495
1,25,1.52,2.078471239356595
1,25,1.53,2.0775426215817725
1,25,1.54,2.0766293464200714
1,25,1.55,2.075731145358409
1,25,1.56,2.0748477608865104
1,25,1.57,2.073978945608827
1,25,1.58,2.0731244614491304
1,25,1.59,2.0722840789466557
1,25,1.6,2.0714575766428984
1,25,1.61,2.0706447405580226
1,25,1.62,2.0698453637559475
1,25,1.63,2.069059245996818
1,25,1.64,2.0682861934755232
1,25,1.65,2.067526018644463
1,25,1.66,2.0667785401185768
1,25,1.67,2.0660435826602046
1,25,1.68,2.065320977240945
1,25,1.69,2.0646105611773105
1,25,1.7,2.0639121783363996
1,25,1.71,2.0632256794074695
1,25,1.72,2.062550922234641
1,25,1.73,2.061887772205571
1,25,1.74,2.0612361026902426
1,25,1.75,2.0605957955237186
1,25,1.76,2.059966741527578
1,25,1.77,2.0593488410898235
1,25,1.78,2.058742005223013
1,25,1.79,2.058146163815201
1,25,1.8,2.057561385504326
1,25,1.81,2.0569894859030358
1,25,1.82,2.056440268748114
1,25,1.83,2.055913343791002
1,25,1.84,2.055399057474191
1,25,1.85,2.0548956727574352
1,25,1.86,2.05440307594211
1,25,1.87,2.053921284811225
1,25,1.88,2.05345033944737
1,25,1.89,2.0529902953281183
1,25,1.9,2.052541222891253
1,25,1.91,2.0521032073984355
1,25,1.92,2.0516763486953753
1,25,1.93,2.051260760834841
1,25,1.94,2.0508565715535245
1,25,1.95,2.0504639215970126
1,25,1.96,2.0500829638890035
1,25,1.97,2.0497138625432036
1,25,1.98,2.049356791718711
1,25,1.99,2.0490119343223783
1,25,2.0,2.048679480564517
1,50,-2.0,1000.0
1,50,-1.99,1000.0
1,50,-1.98,1000.0
1,50,-1.97,1000.0
1,50,-1.96,1000.0
1,50,-1.95,1000.0
1,50,-1.94,1000.0
1,50,-1.93,1000.0
1,50,-1.92,1000.0
1,50,-1.91,1000.0
1,50,-1.9,1000.0
1,50,-1.89,1000.0
1,50,-1.88,1000.0
1,50,-1.87,1000.0
1,50,-1.86,1000.0
1,50,-1.85,1000.0
1,50,-1.84,1000.0
1,50,-1.83,1000.0
1,50,-1.82,1000.0
1,50,-1.81,1000.0
1,50,-1.8,1000.0
1,50,-1.79,1000.0
1,50,-1.78,1000.0
1,50,-1.77,1000.0
1,50,-1.76,1000.0
1,50,-1.75,1000.0
1,50,-1.74,1000.0
1,50,-1.73,1000.0
1,50,-1.72,1000.0
1,50,-1.71,1000.0
1,50,-1.7,1000.0
1,50,-1.69,1000.0
1,50,-1.68,1000.0
1,50,-1.67,1000.0
1,50,-1.66,1000.0
1,50,-1.65,1000.0
1,50,-1.64,1000.0
1,50,-1.63,1000.0
1,50,-1.62,1000.0
1,50,-1.61,1000.0
1,50,-1.6,1000.0
1,50,-1.59,1000.0
1,50,-1.58,1000.0
1,50,-1.57,1000.0
1,50,-1.56,1000.0
1,50,-1.55,1000.0
1,50,-1.54,1000.0
1,50,-1.53,1000.0
1,50,-1.52,1000.0
1,50,-1.51,1000.0
1,50,-1.5,1000.0
1,50,-1.49,1000.0
1,50,-1.48,1000.0
1,50,-1.47,1000.0
1,50,-1.46,1000.0
1,50,-1.45,1000.0
1,50,-1.44,1000.0
1,50,-1.43,1000.0
1,50,-1.42,1000.0
1,50,-1.41,1000.0
1,50,-1.4,1000.0
1,50,-1.39,1000.0
1,50,-1.38,1000.0
1,50,-1.37,1000.0
1,50,-1.36,1000.0
1,50,-1.35,1000.0
1,50,-1.34,1000.0
1,50,-1.33,1000.0
1,50,-1.32,1000.0
1,50,-1.31,1000.0
1,50,-1.3,1000.0
1,50,-1.29,1000.0
1,50,-1.28,1000.0
1,50,-1.27,1000.0
1,50,-1.26,1000.0
1,50,-1.25,1000.0
1,50,-1.24,1000.0
1,50,-1.23,1000.0
1,50,-1.22,1000.0
1,50,-1.21,1000.0
1,50,-1.2,1000.0
1,50,-1.19,1000.0
1,50,-1.18,1000.0
1,50,-1.17,1000.0
1,50,-1.16,1000.0
1,50,-1.15,1000.0
1,50,-1.14,1000.0
1,50,-1.13,1000.0
1,50,-1.12,1000.0
1,50,-1.11,1000.0
1,50,-1.1,1000.0
1,50,-1.09,1000.0
1,50,-1.08,1000.0
1,50,-1.07,1000.0
1,50,-1.06,1000.0
1,50,-1.05,1000.0
1,50,-1.04,1000.0
1,50,-1.03,1000.0
1,50,-1.02,1000.0
1,50,-1.01,1000.0
1,50,-1.0,1000.0
1,50,-0.99,1000.0
1,50,-0.98,1000.0
1,50,-0.97,1000.0
1,50,-0.96,1000.0
1,50,-0.95,1000.0
1,50,-0.94,1000.0
1,50,-0.93,1000.0
1,50,-0.92,1000.0
1,50,-0.91,1000.0
1,50,-0.9,1000.0
1,50,-0.89,1000.0
1,50,-0.88,1000.0
1,50,-0.87,1000.0
1,50,-0.86,1000.0
1,50,-0.85,1000.0
1,50,-0.84,1000.0
1,50,-0.83,1000.0
1,50,-0.82,1000.0
1,50,-0.81,1000.0
1,50,-0.8,1000.0
1,50,-0.79,1000.0
1,50,-0.78,1000.0
1,50,-0.77,1000.0
1,50,-0.76,1000.0
1,50,-0.75,1000.0
1,50,-0.74,1000.0
1,50,-0.73,1000.0
1,50,-0.72,1000.0
1,50,-0.71,1000.0
1,50,-0.7,1000.0
1,50,-0.69,1000.0
1,50,-0.68,1000.0
1,50,-0.67,1000.0
1,50,-0.66,1000.0
1,50,-0.65,1000.0
1,50,-0.64,1000.0
1,50,-0.63,1000.0
1,50,-0.62,1000.0
1,50,-0.61,1000.0
1,50,-0.6,1000.0
1,50,-0.59,1000.0
1,50,-0.58,1000.0
1,50,-0.57,1000.0
1,50,-0.56,1000.0
1,50,-0.55,1000.0
1,50,-0.54,1000.0
1,50,-0.53,1000.0
1,50,-0.52,1000.0
1,50,-0.51,1000.0
1,50,-0.5,1000.0
1,50,-0.49,1000.0
1,50,-0.48,1000.0
1,50,-0.47,1000.0
1,50,-0.46,1000.0
1,50,-0.45,1000.0
1,50,-0.44,1000.0
1,50,-0.43,1000.0
1,50,-0.42,1000.0
1,50,-0.41,1000.0
1,50,-0.4,1000.0
1,50,-0.39,1000.0
1,50,-0.38,1000.0
1,50,-0.37,1000.0
1,50,-0.36,1000.0
1,50,-0.35,1000.0
1,50,-0.34,1000.0
1,50,-0.33,1000.0
1,50,-0.32,1000.0
1,50,-0.31,1000.0
1,50,-0.3,1000.0
1,50,-0.29,1000.0
1,50,-0.28,1000.0
1,50,-0.27,1000.0
1,50,-0.26,1000.0
1,50,-0.25,1000.0
1,50,-0.24,1000.0
1,50,-0.23,1000.0
1,50,-0.22,1000.0
1,50,-0.21,1000.0
1,50,-0.2,1000.0
1,50,-0.19,1000.0
1,50,-0.18,1000.0
1,50,-0.17,1000.0
1,50,-0.16,1000.0
1,50,-0.15,1000.0
1,50,-0.14,1000.0
1,50,-0.13,1000.0
1,50,-0.12,1000.0
1,50,-0.11,1000.0
1,50,-0.1,1000.0
1,50,-0.09,1000.0
1,50,-0.08,1000.0
1,50,-0.07,1000.0
1,50,-0.06,3.3133521598701363
1,50,-0.05,2.9652420632076626
1,50,-0.04,2.7591151083637477
1,50,-0.03,2.532542324086527
1,50,-0.02,3.6985161065498104
1,50,-0.01,1.1548708168220374
1,50,0.0,0.02728570980472099
1,50,0.01,0.7540600975183276
1,50,0.02,1.9068592808815326
1,50,0.03,3.239046667840344
1,50,0.04,4.272106569494313
1,50,0.05,4.9807448841398285
1,50,0.06,5.316089200011589
1,50,0.07,5.341020087034221
1,50,0.08,5.1115455221675115
1,50,0.09,4.800114291452005
1,50,0.1,4.537417447163865
1,50,0.11,4.3380024262258425
1,50,0.12,4.208426842588003
1,50,0.13,4.198252967313698
1,50,0.14,4.212971067149263
1,50,0.15,4.256146281219103
1,50,0.16,4.310997002303046
1,50,0.17,4.322517720661799
1,50,0.18,4.280418020799896
1,50,0.19,4.214210395189081
1,50,0.2,4.1357354451301225
1,50,0.21,4.056988031580079
1,50,0.22,3.9850398254218216
1,50,0.23,3.9195477209086045
1,50,0.24,3.872917542273258
1,50,0.25,3.8589334161236075
1,50,0.26,3.8617922252834087
1,50,0.27,3.8830442147108584
1,50,0.28,3.931202024512512
1,50,0.29,3.983597374799272
1,50,0.3,4.028640695448883
1,50,0.31,4.064746061723135
1,50,0.32,4.090682256714286
1,50,0.33,4.110595693377874
1,50,0.34,4.121355162349935
1,50,0.35,4.119609200296791
1,50,0.36,4.1078050193142746
1,50,0.37,4.09279714281558
1,50,0.38,4.076629344017425
1,50,0.39,4.059290329278562
1,50,0.4,4.040094824867183
1,50,0.41,4.018511457040102
1,50,0.42,3.9963225909676297
1,50,0.43,3.9722435301204286
1,50,0.44,3.9469612973405876
1,50,0.45,3.9210321265649006
1,50,0.46,3.8932362265886593
1,50,0.47,3.864268837952974
1,50,0.48,3.835657874147584
1,50,0.49,3.807563288908652
1,50,0.5,3.7796447531345434
1,50,0.51,3.751992044688573
1,50,0.52,3.7247481562544067
1,50,0.53,3.697723364136292
1,50,0.54,3.6705325889788627
1,50,0.55,3.6428296660996073
1,50,0.56,3.6143621053685977
1,50,0.57,3.584920197641901
1,50,0.58,3.5542939613303
1,50,0.59,3.522263137122578
1,50,0.6,3.488600251679512
1,50,0.61,3.4530692796901286
1,50,0.62,3.4154137794853705
1,50,0.63,3.375328062726963
1,50,0.64,3.332384574142438
1,50,0.65,3.2858365020581783
1,50,0.66,3.2341143552880007
1,50,0.67,3.173638444133946
1,50,0.68,3.095407180653288
1,50,0.69,2.9716325615512513
1,50,0.7,2.7713114946932644
1,50,0.71,2.6192785654388837
1,50,0.72,2.479338982267918
1,50,0.73,2.3939371114628862
1,50,0.74,2.3688470604647036
1,50,0.75,2.372841648731098
1,50,0.76,2.38480957298583
1,50,0.77,2.3963512544522256
1,50,0.78,2.404968940422965
1,50,0.79,2.4102770883616342
1,50,0.8,2.4125221173078195
1,50,0.81,2.412052994950917
1,50,0.82,2.409147366153797
1,50,0.83,2.4039696587318677
1,50,0.84,2.3965840832400227
1,50,0.85,2.387005337930943
1,50,0.86,2.375292322363873
1,50,0.87,2.3616785673206246
1,50,0.88,2.346681185914704
1,50,0.89,2.331083838538225
1,50,0.9,2.3157476832260917
1,50,0.91,2.3013545340433983
1,50,0.92,2.2882622402958126
1,50,0.93,2.276545504304599
1,50,0.94,2.266123125722801
1,50,0.95,2.256854883544636
1,50,0.96,2.2485869479006624
1,50,0.97,2.2411712839472537
1,50,0.98,2.2344754681299683
1,50,0.99,2.2283869419095614
1,50,1.0,2.2228129860938237
1,50,1.01,2.217678189479716
1,50,1.02,2.2129211281729715
1,50,1.03,2.2084912984862304
1,50,1.04,2.2043466888154946
1,50,1.05,2.2004519923371126
1,50,1.06,2.1967773178862746
1,50,1.07,2.1932972430753566
1,50,1.08,2.1899900892908652
1,50,1.09,2.186837340081788
1,50,1.1,2.183823156966912
1,50,1.11,2.1809339674813684
1,50,1.12,2.178158111834708
1,50,1.13,2.175485540161969
1,50,1.14,2.17290755466993
1,50,1.15,2.1704165917488307
1,50,1.16,2.1680060393172567
1,50,1.17,2.165670084771667
1,50,1.18,2.1634035891060797
1,50,1.19,2.161201983086492
1,50,1.2,2.1590611817795966
1,50,1.21,2.156977514201002
1,50,1.22,2.1549476653212274
1,50,1.23,2.1529686281174483
1,50,1.24,2.1510376637660746
1,50,1.25,2.149152268425744
1,50,1.26,2.1473101453609895
1,50,1.27,2.1455091814054152
1,50,1.28,2.143747426965406
1,50,1.29,2.1420230789273855
1,50,1.3,2.140334465960117
1,50,1.31,2.1386800358044904
1,50,1.32,2.137058344222524
1,50,1.33,2.135468045339189
1,50,1.34,2.133907883159278
1,50,1.35,2.132376684079901
1,50,1.36,2.130873350249629
1,50,1.37,2.129396853649806
1,50,1.38,2.1279462307934613
1,50,1.39,2.1265205779536753
1,50,1.4,2.1251190468469123
1,50,1.41,2.1237408407083946
1,50,1.42,2.122385210706387
1,50,1.43,2.1210514526506796
1,50,1.44,2.119738903957793
1,50,1.45,2.1184469408416446
1,50,1.46,2.1171749757037768
1,50,1.47,2.1159224547018973
1,50,1.48,2.1146888554793404
1,50,1.49,2.113473685041496
1,50,1.5,2.112276477767986
1,50,1.51,2.111096793551802
1,50,1.52,2.109934216058484
1,50,1.53,2.1087883511000443
1,50,1.54,2.107658825119609
1,50,1.55,2.10654528378364
1,50,1.56,2.1054473906795232
1,50,1.57,2.1043648261166124
1,50,1.58,2.103297286029388
1,50,1.59,2.1022444809814824
1,50,1.6,2.1012061352694458
1,50,1.61,2.100181986125137
1,50,1.62,2.099171783015461
1,50,1.63,2.0981752870380794
1,50,1.64,2.0971922704114054
1,50,1.65,2.0962225160569785
1,50,1.66,2.095265817271948
1,50,1.67,2.0943219774890127
1,50,1.68,2.0933908101208596
1,50,1.69,2.0924721384855745
1,50,1.7,2.0915657958091756
1,50,1.71,2.090671625300887
1,50,1.72,2.0897894802962504
1,50,1.73,2.088919224462715
1,50,1.74,2.088060732061722
1,50,1.75,2.0872138882609574
1,50,1.76,2.086378589491353
1,50,1.77,2.0855547438684625
1,50,1.78,2.0847422720978783
1,50,1.79,2.083941115579078
1,50,1.8,2.0831513561382806
1,50,1.81,2.0823748241171147
1,50,1.82,2.0816213393911975
1,50,1.83,2.080890529134972
1,50,1.84,2.080172758377477
1,50,1.85,2.0794663097128816
1,50,1.86,2.0787710900140217
1,50,1.87,2.0780871384663167
1,50,1.88,2.077414517284226
1,50,1.89,2.0767533047097433
1,50,1.9,2.076103594485082
1,50,1.91,2.0754654956281593
1,50,1.92,2.0748391321087887
1,50,1.93,2.0742246423918287
1,50,1.94,2.0736221788382316
1,50,1.95,2.0730319069580725
1,50,1.96,2.0724540045116933
1,50,1.97,2.07188866045722
1,50,1.98,2.071336073745188
1,50,1.99,2.0707964519636977
1,50,2.0,2.0702700098402973
1,100,-2.0,1000.0
1,100,-1.99,1000.0
1,100,-1.98,1000.0
1,100,-1.97,1000.0
1,100,-1.96,1000.0
1,100,-1.95,1000.0
1,100,-1.94,1000.0
1,100,-1.93,1000.0
1,100,-1.92,1000.0
1,100,-1.91,1000.0
1,100,-1.9,1000.0
1,100,-1.89,1000.0
1,100,-1.88,1000.0
1,100,-1.87,1000.0
1,100,-1.86,1000.0
1,100,-1.85,1000.0
1,100,-1.84,1000.0
1,100,-1.83,1000.0
1,100,-1.82,1000.0
1,100,-1.81,1000.0
1,100,-1.8,1000.0
1,100,-1.79,1000.0
1,100,-1.78,1000.0
1,100,-1.77,1000.0
1,100,-1.76,1000.0
1,100,-1.75,1000.0
1,100,-1.74,1000.0
1,100,-1.73,1000.0
1,100,-1.72,1000.0
1,100,-1.71,1000.0
1,100,-1.7,1000.0
1,100,-1.69,1000.0
1,100,-1.68,1000.0
1,100,-1.67,1000.0
1,100,-1.66,1000.0
1,100,-1.65,1000.0
1,100,-1.64,1000.0
1,100,-1.63,1000.0
1,100,-1.62,1000.0
1,100,-1.61,1000.0
1,100,-1.6,1000.0
1,100,-1.59,1000.0
1,100,-1.58,1000.0
1,100,-1.57,1000.0
1,100,-1.56,1000.0
1,100,-1.55,1000.0
1,100,-1.54,1000.0
1,100,-1.53,1000.0
1,100,-1.52,1000.0
1,100,-1.51,1000.0
1,100,-1.5,1000.0
1,100,-1.49,1000.0
1,100,-1.48,1000.0
1,100,-1.47,1000.0
1,100,-1.46,1000.0
1,100,-1.45,1000.0
1,100,-1.44,1000.0
1,100,-1.43,1000.0
1,100,-1.42,1000.0
1,100,-1.41,1000.0
1,100,-1.4,1000.0
1,100,-1.39,1000.0
1,100,-1.38,1000.0
1,100,-1.37,1000.0
1,100,-1.36,1000.0
1,100,-1.35,1000.0
1,100,-1.34,1000.0
1,100,-1.33,1000.0
1,100,-1.32,1000.0
1,100,-1.31,1000.0
1,100,-1.3,1000.0
1,100,-1.29,1000.0
1,100,-1.28,1000.0
1,100,-1.27,1000.0
1,100,-1.26,1000.0
1,100,-1.25,1000.0
1,100,-1.24,1000.0
1,100,-1.23,1000.0
1,100,-1.22,1000.0
1,100,-1.21,1000.0
1,100,-1.2,1000.0
1,100,-1.19,1000.0
1,100,-1.18,1000.0
1,100,-1.17,1000.0
1,100,-1.16,1000.0
1,100,-1.15,1000.0
1,100,-1.14,1000.0
1,100,-1.13,1000.0
1,100,-1.12,1000.0
1,100,-1.11,1000.0
1,100,-1.1,1000.0
1,100,-1.09,1000.0
1,100,-1.08,1000.0
1,100,-1.07,1000.0
1,100,-1.06,1000.0
1,100,-1.05,1000.0
1,100,-1.04,1000.0
1,100,-1.03,1000.0
1,100,-1.02,1000.0
1,100,-1.01,1000.0
1,100,-1.0,1000.0
1,100,-0.99,1000.0
1,100,-0.98,1000.0
1,100,-0.97,1000.0
1,100,-0.96,1000.0
1,100,-0.95,1000.0
1,100,-0.94,1000.0
1,100,-0.93,1000.0
1,100,-0.92,1000.0
1,100,-0.91,1000.0
1,100,-0.9,1000.0
1,100,-0.89,1000.0
1,100,-0.88,1000.0
1,100,-0.87,1000.0
1,100,-0.86,1000.0
1,100,-0.85,1000.0
1,100,-0.84,1000.0
1,100,-0.83,1000.0
1,100,-0.82,1000.0
1,100,-0.81,1000.0
1,100,-0.8,1000.0
1,100,-0.79,1000.0
1,100,-0.78,1000.0
1,100,-0.77,1000.0
1,100,-0.76,1000.0
1,100,-0.75,1000.0
1,100,-0.74,1000.0
1,100,-0.73,1000.0
1,100,-0.72,1000.0
1,100,-0.71,1000.0
1,100,-0.7,1000.0
1,100,-0.69,1000.0
1,100,-0.68,1000.0
1,100,-0.67,1000.0
1,100,-0.66,1000.0
1,100,-0.65,1000.0
1,100,-0.64,1000.0
1,100,-0.63,1000.0
1,100,-0.62,1000.0
1,100,-0.61,1000.0
1,100,-0.6,1000.0
1,100,-0.59,1000.0
1,100,-0.58,1000.0
1,100,-0.57,1000.0
1,100,-0.56,1000.0
1,100,-0.55,1000.0
1,100,-0.54,1000.0
1,100,-0.53,1000.0
1,100,-0.52,1000.0
1,100,-0.51,1000.0
1,100,-0.5,1000.0
1,100,-0.49,1000.0
1,100,-0.48,1000.0
1,100,-0.47,1000.0
1,100,-0.46,1000.0
1,100,-0.45,1000.0
1,100,-0.44,1000.0
1,100,-0.43,1000.0
1,100,-0.42,1000.0
1,100,-0.41,1000.0
1,100,-0.4,1000.0
1,100,-0.39,1000.0
1,100,-0.38,1000.0
1,100,-0.37,1000.0
1,100,-0.36,1000.0
1,100,-0.35,1000.0
1,100,-0.34,1000.0
1,100,-0.33,1000.0
1,100,-0.32,1000.0
1,100,-0.31,1000.0
1,100,-0.3,1000.0
1,100,-0.29,1000.0
1,100,-0.28,1000.0
1,100,-0.27,1000.0
1,100,-0.26,1000.0
1,100,-0.25,1000.0
1,100,-0.24,1000.0
1,100,-0.23,1000.0
1,100,-0.22,1000.0
1,100,-0.21,1000.0
1,100,-0.2,1000.0
1,100,-0.19,1000.0
1,100,-0.18,1000.0
1,100,-0.17,1000.0
1,100,-0.16,1000.0
1,100,-0.15,1000.0
1,100,-0.14,1000.0
1,100,-0.13,1000.0
1,100,-0.12,1000.0
1,100,-0.11,1000.0
1,100,-0.1,1000.0
1,100,-0.09,1000.0
1,100,-0.08,1000.0
1,100,-0.07,1000.0
1,100,-0.06,3.5749933802442824
1,100,-0.05,2.990200261288263
1,100,-0.04,2.7084147996870347
1,100,-0.03,2.5457117002405383
1,100,-0.02,4.86966044087424
1,100,-0.01,2.6634909378162326
1,100,0.0,0.017576201469118733
1,100,0.01,2.265372238580196
1,100,0.02,4.4415406201850205
1,100,0.03,5.043815282797726
1,100,0.04,4.364587088407542
1,100,0.05,4.0747629029482395
1,100,0.06,4.153809456229395
1,100,0.07,4.592202222187142
1,100,0.08,4.8598881364974185
1,100,0.09,4.924160130638659
1,100,0.1,4.868925685517689
1,100,0.11,4.480763960456152
1,100,0.12,3.9556744742781165
1,100,0.13,3.5108869274773475
1,100,0.14,3.3202906702575894
1,100,0.15,3.3199032919024885
1,100,0.16,3.5301135347921475
1,100,0.17,3.8497424961527464
1,100,0.18,4.126160474475438
1,100,0.19,4.230523611382286
1,100,0.2,4.205232908232255
1,100,0.21,4.1028022170272935
1,100,0.22,3.982481624359357
1,100,0.23,3.896022020712436
1,100,0.24,3.9434803319598983
1,100,0.25,4.01633038871174
1,100,0.26,4.071865498289442
1,100,0.27,4.083739419125989
1,100,0.28,4.069594904154162
1,100,0.29,4.014519792121795
1,100,0.3,3.9241369119555283
1,100,0.31,3.8174278041982084
1,100,0.32,3.7282725778105577
1,100,0.33,3.6783189716244666
1,100,0.34,3.6856748038508886
1,100,0.35,3.721188165756952
1,100,0.36,3.7784048777408636
1,100,0.37,3.848285735984669
1,100,0.38,3.9125659902282592
1,100,0.39,3.9677777243189576
1,100,0.4,3.996557624528041
1,100,0.41,4.005097811694986
1,100,0.42,3.999120353298343
1,100,0.43,3.9813297447560916
1,100,0.44,3.9538947588005855
1,100,0.45,3.920359265291647
1,100,0.46,3.8839772464424036
1,100,0.47,3.8439295801581013
1,100,0.48,3.804806624102999
1,100,0.49,3.7676552125603737
1,100,0.5,3.734050139519383
1,100,0.51,3.701830505006028
1,100,0.52,3.6700566314751044
1,100,0.53,3.638764848067253
1,100,0.54,3.6076824010767123
1,100,0.55,3.5765574643644897
1,100,0.56,3.54522199892548
1,100,0.57,3.5135736502820976
1,100,0.58,3.481501816877049
1,100,0.59,3.448825877726347
1,100,0.6,3.415282619146758
1,100,0.61,3.380510508800905
1,100,0.62,3.344004614866357
1,100,0.63,3.3050846546652943
1,100,0.64,3.26301491428974
1,100,0.65,3.2171429088485435
1,100,0.66,3.167013331811258
1,100,0.67,3.109878516908189
1,100,0.68,3.02702953608454
1,100,0.69,2.820651248395149
1,100,0.7,2.480483182988384
1,100,0.71,2.399519013175792
1,100,0.72,2.307871770854038
1,100,0.73,2.2690570452816834
1,100,0.74,2.2420938394997783
1,100,0.75,2.2257758581475766
1,100,0.76,2.2165471780699373
1,100,0.77,2.2107989617158585
1,100,0.78,2.206286014134293
1,100,0.79,2.2018239028995543
1,100,0.8,2.196820761498671
1,100,0.81,2.1909662975108204
1,100,0.82,2.184060089230241
1,100,0.83,2.1759268439919746
1,100,0.84,2.166387913272178
1,100,0.85,2.155281254661418
1,100,0.86,2.142534243724008
1,100,0.87,2.1282803216517676
1,100,0.88,2.1129591409191133
1,100,0.89,2.0972942216036996
1,100,0.9,2.0821005458803987
1,100,0.91,2.0680247321340617
1,100,0.92,2.055397295643416
1,100,0.93,2.04427085269045
1,100,0.94,2.034545754106984
1,100,0.95,2.0260661710793766
1,100,0.96,2.018665098225099
1,100,0.97,2.012183455297012
1,100,0.98,2.0064796078686484
1,100,0.99,2.001433324465722
1,100,1.0,1.996945471002522
1,100,1.01,1.9929352317149822
1,100,1.02,1.9893365801627205
1,100,1.03,1.986095043594204
1,100,1.04,1.983165142467797
1,100,1.05,1.980508501607991
1,100,1.06,1.9780924846409207
1,100,1.07,1.9758891904425822
1,100,1.08,1.9738746866304628
1,100,1.09,1.972028397804848
1,100,1.1,1.9703325995229257
1,100,1.11,1.9687719904506293
1,100,1.12,1.9673333272486955
1,100,1.13,1.9660051128126375
1,100,1.14,1.9647773311673573
1,100,1.15,1.9636412233666198
1,100,1.16,1.962589099161989
1,100,1.17,1.9616141794749686
1,100,1.18,1.9607104650246208
1,100,1.19,1.9598726268742812
1,100,1.2,1.9590959151436063
1,100,1.21,1.9583760826455423
1,100,1.22,1.9577093207138232
1,100,1.23,1.9570922049576758
1,100,1.24,1.956521649099664
1,100,1.25,1.9559948654130372
1,100,1.26,1.9555093305760858
1,100,1.27,1.9550627560067075
1,100,1.28,1.954653061937063
1,100,1.29,1.9542783546429945
1,100,1.3,1.9539369063632068
1,100,1.31,1.953627137535554
1,100,1.32,1.9533476010484316
1,100,1.33,1.953096968258778
1,100,1.34,1.9528740165690521
1,100,1.35,1.9526776183866779
1,100,1.36,1.952506731313585
1,100,1.37,1.9523603894324455
1,100,1.38,1.9522376955714364
1,100,1.39,1.9521378144419375
1,100,1.4,1.9520599665542806
1,100,1.41,1.952003422825883
1,100,1.42,1.951967499804399
1,100,1.43,1.9519515554359295
1,100,1.44,1.951954985315208
1,100,1.45,1.9519772193609086
1,100,1.46,1.9520177188651082
1,100,1.47,1.9520759738712476
1,100,1.48,1.9521515008399926
1,100,1.49,1.9522438405669176
1,100,1.5,1.9523525563201365
1,100,1.51,1.9524772321698873
1,100,1.52,1.9526174714854723
1,100,1.53,1.9527728955781745
1,100,1.54,1.9529431424714965
1,100,1.55,1.953127865782644
1,100,1.56,1.9533267337013394
1,100,1.57,1.9535394280540364
1,100,1.58,1.9537656434433206
1,100,1.59,1.9540050864537226
1,100,1.6,1.9542574749165356
1,100,1.61,1.9545225372272739
1,100,1.62,1.9548000117103792
1,100,1.63,1.9550896460266145
1,100,1.64,1.9553911966191837
1,100,1.65,1.9557044281953428
1,100,1.66,1.956029113240558
1,100,1.67,1.9563650315628058
1,100,1.68,1.9567119698649043
1,100,1.69,1.957069721342994
1,100,1.7,1.957438085309537
1,100,1.71,1.9578168668394276
1,100,1.72,1.958205876437851
1,100,1.73,1.9586049297287393
1,100,1.74,1.9590138471627367
1,100,1.75,1.959432453743766
1,100,1.76,1.9598605787749555
1,100,1.77,1.9602980556502907
1,100,1.78,1.960744722119046
1,100,1.79,1.9612004277454294
1,100,1.8,1.961665153002615
1,100,1.81,1.9621406167372364
1,100,1.82,1.9626365165881599
1,100,1.83,1.9631523461861884
1,100,1.84,1.9636783251900678
1,100,1.85,1.9642125785337328
1,100,1.86,1.964754842744275
1,100,1.87,1.9653049736595471
1,100,1.88,1.9658628369189133
1,100,1.89,1.9664283008379515
1,100,1.9,1.967001235870075
1,100,1.91,1.9675815144939497
1,100,1.92,1.9681690111340773
1,100,1.93,1.9687636020890928
1,100,1.94,1.969365165465762
1,100,1.95,1.9699735811181154
1,100,1.96,1.9705887305913192
1,100,1.97,1.9712104970698845
1,100,1.98,1.9718387653298604
1,100,1.99,1.9724734216946556
1,100,2.0,1.9731143539941798
2,1,-2.0,1000.0
2,1,-1.99,1000.0
2,1,-1.98,1000.0
2,1,-1.97,1000.0
2,1,-1.96,1000.0
2,1,-1.95,1000.0
2,1,-1.94,1000.0
2,1,-1.93,1000.0
2,1,-1.92,1000.0
2,1,-1.91,1000.0
2,1,-1.9,1000.0
2,1,-1.89,1000.0
2,1,-1.88,1000.0
2,1,-1.87,1000.0
2,1,-1.86,1000.0
2,1,-1.85,1000.0
2,1,-1.84,1000.0
2,1,-1.83,1000.0
2,1,-1.82,1000.0
2,1,-1.81,1000.0
2,1,-1.8,1000.0
2,1,-1.79,1000.0
2,1,-1.78,1000.0
2,1,-1.77,1000.0
2,1,-1.76,1000.0
2,1,-1.75,1000.0
2,1,-1.74,1000.0
2,1,-1.73,1000.0
2,1,-1.72,1000.0
2,1,-1.71,1000.0
2,1,-1.7,1000.0
2,1,-1.69,1000.0
2,1,-1.68,1000.0
2,1,-1.67,1000.0
2,1,-1.66,1000.0
2,1,-1.65,1000.0
2,1,-1.64,1000.0
2,1,-1.63,1000.0
2,1,-1.62,1000.0
2,1,-1.61,1000.0
2,1,-1.6,1000.0
2,1,-1.59,1000.0
2,1,-1.58,1000.0
2,1,-1.57,1000.0
2,1,-1.56,1000.0
2,1,-1.55,1000.0
2,1,-1.54,1000.0
2,1,-1.53,1000.0
2,1,-1.52,1000.0
2,1,-1.51,1000.0
2,1,-1.5,1000.0
2,1,-1.49,1000.0
2,1,-1.48,1000.0
2,1,-1.47,1000.0
2,1,-1.46,1000.0
2,1,-1.45,1000.0
2,1,-1.44,1000.0
2,1,-1.43,1000.0
2,1,-1.42,1000.0
2,1,-1.41,1000.0
2,1,-1.4,1000.0
2,1,-1.39,1000.0
2,1,-1.38,1000.0
2,1,-1.37,1000.0
2,1,-1.36,1000.0
2,1,-1.35,1000.0
2,1,-1.34,1000.0
2,1,-1.33,1000.0
2,1,-1.32,1000.0
2,1,-1.31,1000.0
2,1,-1.3,1000.0
2,1,-1.29,1000.0
2,1,-1.28,1000.0
2,1,-1.27,1000.0
2,1,-1.26,1000.0
2,1,-1.25,1000.0
2,1,-1.24,1000.0
2,1,-1.23,1000.0
2,1,-1.22,1000.0
2,1,-1.21,1000.0
2,1,-1.2,1000.0
2,1,-1.19,1000.0
2,1,-1.18,1000.0
2,1,-1.17,1000.0
2,1,-1.16,1000.0
2,1,-1.15,1000.0
2,1,-1.14,1000.0
2,1,-1.13,1000.0
2,1,-1.12,1000.0
2,1,-1.11,1000.0
2,1,-1.1,1000.0
2,1,-1.09,1000.0
2,1,-1.08,1000.0
2,1,-1.07,1000.0
2,1,-1.06,1000.0
2,1,-1.05,1000.0
2,1,-1.04,1000.0
2,1,-1.03,1000.0
2,1,-1.02,14.116158133014414
2,1,-1.01,12.98941951607094
2,1,-1.0,12.078552698075747
2,1,-0.99,11.381232118373758
2,1,-0.98,10.859434058516136
2,1,-0.97,10.005319290221472
2,1,-0.96,9.309607361125066
2,1,-0.95,8.619099069163635
2,1,-0.94,7.953940227048995
2,1,-0.93,7.32278367304545
2,1,-0.92,6.742180519000001
2,1,-0.91,6.220259125059491
2,1,-0.9,5.757023669548588
2,1,-0.89,5.347437982139239
2,1,-0.88,4.984334240343014
2,1,-0.87,4.660437340630609
2,1,-0.86,4.36935534098527
2,1,-0.85,4.105871447735783
2,1,-0.84,3.8658864524461456
2,1,-0.83,3.6462226269447946
2,1,-0.82,3.4443945547346644
2,1,-0.81,3.258397264096878
2,1,-0.8,3.0865353852394124
2,1,-0.79,2.9273028013010154
2,1,-0.78,2.7793128051657963
2,1,-0.77,2.6412711824803043
2,1,-0.76,2.511979157505231
2,1,-0.75,2.3903511909462787
2,1,-0.74,2.275434517224669
2,1,-0.73,2.166421724738588
2,1,-0.72,2.062652645522764
2,1,-0.71,1.9636057896060892
2,1,-0.7,1.8688818860298826
2,1,-0.69,1.7781828995705407
2,1,-0.68,1.6912896767381247
2,1,-0.67,1.6080406541210372
2,1,-0.66,1.528313207175184
2,1,-0.65,1.4520084368834731
2,1,-0.64,1.3790395783728457
2,1,-0.63,1.3093237934992388
2,1,-0.62,1.2427768641043246
2,1,-0.61,1.1793101999698399
2,1,-0.6,1.1188295743236523
2,1,-0.59,1.0612350608357402
2,1,-0.58,1.0064217373029716
2,1,-0.57,0.9542808197662543
2,1,-0.56,0.9047009824994768
2,1,-0.55,0.857569697025977
2,1,-0.54,0.8127744847907794
2,1,-0.53,0.7702040240205065
2,1,-0.52,0.7297490837916542
2,1,-0.51,0.6913032800618569
2,1,-0.5,0.6547636619972019
2,1,-0.49,0.6200311446119234
2,1,-0.48,0.5870108073493824
2,1,-0.47,0.5556120791705477
2,1,-0.46,0.5257488299995595
2,1,-0.45,0.49733938672372224
2,1,-0.44,0.47030648984361517
2,1,-0.43,0.4445772046324973
2,1,-0.42,0.4200827984857636
2,1,-0.41,0.3967585941295234
2,1,-0.4,0.3745438065656067
2,1,-0.39,0.3533813700754767
2,1,-0.38,0.33321776028336786
2,1,-0.37,0.3140028151725728
2,1,-0.36,0.29568955803566915
2,1,-0.35,0.27823402459472674
2,1,-0.34,0.2615950959268966
2,1,-0.33,0.24573433835150682
2,1,-0.32,0.230615851056536
2,1,-0.31,0.21620612194733863
2,1,-0.3,0.20247389197348933
2,1,-0.29,0.18939002801777693
2,1,-0.28,0.17692740430393647
2,1,-0.27,0.1650607921878526
2,1,-0.26,0.15376675813342047
2,1,-0.25,0.1430235696331452
2,1,-0.24,0.13281110881016564
2,1,-0.23,0.12311079342893202
2,1,-0.22,0.11390550504327321
2,1,-0.21,0.105179524020759
2,1,-0.2,0.09691847119935491
2,1,-0.19,0.08910925595512029
2,1,-0.18,0.08174003048729257
2,1,-0.17,0.07480015015911778
2,1,-0.16,0.06828013976926156
2,1,-0.15,0.062171665670153226
2,1,-0.14,0.056467513697614546
2,1,-0.13,0.05116157293362644
2,1,-0.12,0.046248825397468905
2,1,-0.11,0.04172534186401649
2,1,-0.1,0.03758828417566589
2,1,-0.09,0.033835914731030425
2,1,-0.08,0.03046761451825869
2,1,-0.07,0.027483912692419836
2,1,-0.06,0.02488653482460975
2,1,-0.05,0.022678487737902653
2,1,-0.04,0.02086422733688376
2,1,-0.03,0.019450030661847258
2,1,-0.02,0.018444896071554615
2,1,-0.01,0.017863034447230895
2,1,0.0,0.01773109828394226
2,1,0.01,0.018078406841638243
2,1,0.02,0.018899221748998475
2,1,0.03,0.020190677354535155
2,1,0.04,0.021962763802057948
2,1,0.05,0.024231310728849292
2,1,0.06,0.02701571574487886
2,1,0.07,0.03033827321427207
2,1,0.08,0.03422404290548235
2,1,0.09,0.03870093714823984
2,1,0.1,0.043799907896311496
2,1,0.11,0.04955519000470629
2,1,0.12,0.05600458559238615
2,1,0.13,0.06318978518938889
2,1,0.14,0.07115672548339687
2,1,0.15,0.07995598501782615
2,1,0.16,0.08964321966065086
2,1,0.17,0.10027963958476324
2,1,0.18,0.11193252902335783
2,1,0.19,0.12467580917675933
2,1,0.2,0.13859064325914128
2,1,0.21,0.15376608063691038
2,1,0.22,0.17029973412408275
2,1,0.23,0.1882984805048747
2,1,0.24,0.20787916892655778
2,1,0.25,0.22916931455272668
2,1,0.26,0.2523077453241698
2,1,0.27,0.27744515731622427
2,1,0.28,0.30474451845006695
2,1,0.29,0.33438124067871533
2,1,0.3,0.36654301682479135
2,1,0.31,0.4014291898956205
2,1,0.32,0.43924949040455474
2,1,0.33,0.4802219423881174
2,1,0.34,0.5245697042779516
2,1,0.35,0.5725165815012783
2,1,0.36,0.6242809313850493
2,1,0.37,0.6800676888646445
2,1,0.38,0.740058288826502
2,1,0.39,0.8043983666009177
2,1,0.4,0.8731833035375203
2,1,0.41,0.9464419700708594
2,1,0.42,1.0241194166591652
2,1,0.43,1.1060597662903946
2,1,0.44,1.191991126914247
2,1,0.45,1.281514867649314
2,1,0.46,1.3741019203028835
2,1,0.47,1.4690986578795333
2,1,0.48,1.5657441608077654
2,1,0.49,1.6631992390370474
2,1,0.5,1.7605856114650453
2,1,0.51,1.857031599008535
2,1,0.52,1.9517191411926038
2,1,0.53,2.043926371504586
2,1,0.54,2.133060573844599
2,1,0.55,2.2186779717210436
2,1,0.56,2.300489115023217
2,1,0.57,2.378351105607189
2,1,0.58,2.452249950952132
2,1,0.59,2.5222774437093216
2,1,0.6,2.5886069022911404
2,1,0.61,2.65147107536466
2,1,0.62,2.7111440284421864
2,1,0.63,2.76792732995412
2,1,0.64,2.822139675249688
2,1,0.65,2.8741086113772374
2,1,0.66,2.9241632389527936
2,1,0.67,2.9726273022245078
2,1,0.68,3.0198126694649563
2,1,0.69,3.066013691310964
2,1,0.7,3.111503172655547
2,1,0.71,3.1565306516592746
2,1,0.72,3.201323398100522
2,1,0.73,3.246090145603042
2,1,0.74,3.291027198549692
2,1,0.75,3.3363263088960298
2,1,0.76,3.382183641390227
2,1,0.77,3.4288092229164393
2,1,0.78,3.4764364580749696
2,1,0.79,3.52533153632727
2,1,0.8,3.5758028080057054
2,1,0.81,3.6282104301420333
2,1,0.82,3.6829767560886046
2,1,0.83,3.7405980563955055
2,1,0.84,3.8016582091891298
2,1,0.85,3.8668449756124046
2,1,0.86,3.936969341633125
2,1,0.87,4.012988065909801
2,1,0.88,4.096028822896267
2,1,0.89,4.1874157878788685
2,1,0.9,4.2886904975795614
2,1,0.91,4.401617220959083
2,1,0.92,4.528152278472026
2,1,0.93,4.67034109851041
2,1,0.94,4.83008583632569
2,1,0.95,5.008709862443226
2,1,0.96,5.206268492206548
2,1,0.97,5.420697475320929
2,1,0.98,5.647211584930303
2,1,0.99,5.878308264180939
2,1,1.0,6.100244947841046
2,1,1.01,6.255309831466216
2,1,1.02,6.0802683473387695
2,1,1.03,5.952066126050567
2,1,1.04,18.778278981176534
2,1,1.05,49.48216162717232
2,1,1.06,61.67711314440651
2,1,1.07,51.976135235189766
2,1,1.08,9.278652486483246
2,1,1.09,3848.65595570612
2,1,1.1,1000.0
2,1,1.11,1000.0
2,1,1.12,1000.0
2,1,1.13,1000.0
2,1,1.14,1758.187438771559
2,1,1.15,1000.0
2,1,1.16,1000.0
2,1,1.17,1000.0
2,1,1.18,1000.0
2,1,1.19,1000.0
2,1,1.2,1000.0
2,1,1.21,1000.0
2,1,1.22,1000.0
2,1,1.23,1000.0
2,1,1.24,1000.0
2,1,1.25,1000.0
2,1,1.26,1000.0
2,1,1.27,1000.0
2,1,1.28,1000.0
2,1,1.29,1000.0
2,1,1.3,1000.0
2,1,1.31,1000.0
2,1,1.32,1000.0
2,1,1.33,1000.0
2,1,1.34,1000.0
2,1,1.35,1000.0
2,1,1.36,1000.0
2,1,1.37,1000.0
2,1,1.38,1000.0
2,1,1.39,1000.0
2,1,1.4,1000.0
2,1,1.41,1000.0
2,1,1.42,1000.0
2,1,1.43,1000.0
2,1,1.44,1000.0
2,1,1.45,1000.0
2,1,1.46,1000.0
2,1,1.47,1000.0
2,1,1.48,1000.0
2,1,1.49,1000.0
2,1,1.5,1000.0
2,1,1.51,1000.0
2,1,1.52,1000.0
2,1,1.53,1000.0
2,1,1.54,1000.0
2,1,1.55,1000.0
2,1,1.56,1000.0
2,1,1.57,1000.0
2,1,1.58,1000.0
2,1,1.59,1000.0
2,1,1.6,1000.0
2,1,1.61,1000.0
2,1,1.62,1000.0
2,1,1.63,1000.0
2,1,1.64,1000.0
2,1,1.65,1000.0
2,1,1.66,1000.0
2,1,1.67,1000.0
2,1,1.68,1000.0
2,1,1.69,1000.0
2,1,1.7,1000.0
2,1,1.71,1000.0
2,1,1.72,1000.0
2,1,1.73,1000.0
2,1,1.74,1000.0
2,1,1.75,1000.0
2,1,1.76,1000.0
2,1,1.77,1000.0
2,1,1.78,1000.0
2,1,1.79,1000.0
2,1,1.8,1000.0
2,1,1.81,1000.0
2,1,1.82,1000.0
2,1,1.83,1000.0
2,1,1.84,1000.0
2,1,1.85,1000.0
2,1,1.86,1000.0
2,1,1.87,1000.0
2,1,1.88,1000.0
2,1,1.89,1000.0
2,1,1.9,1000.0
2,1,1.91,1000.0
2,1,1.92,1000.0
2,1,1.93,1000.0
2,1,1.94,1000.0
2,1,1.95,1000.0
2,1,1.96,1000.0
2,1,1.97,1000.0
2,1,1.98,1000.0
2,1,1.99,1000.0
2,1,2.0,1000.0
2,2,-2.0,1000.0
2,2,-1.99,1000.0
2,2,-1.98,1000.0
2,2,-1.97,1000.0
2,2,-1.96,1000.0
2,2,-1.95,1000.0
2,2,-1.94,1000.0
2,2,-1.93,1000.0
2,2,-1.92,1000.0
2,2,-1.91,1000.0
2,2,-1.9,1000.0
2,2,-1.89,1000.0
2,2,-1.88,1000.0
2,2,-1.87,1000.0
2,2,-1.86,1000.0
2,2,-1.85,1000.0
2,2,-1.84,1000.0
2,2,-1.83,1000.0
2,2,-1.82,1000.0
2,2,-1.81,1000.0
2,2,-1.8,1000.0
2,2,-1.79,1000.0
2,2,-1.78,1000.0
2,2,-1.77,1000.0
2,2,-1.76,1000.0
2,2,-1.75,1000.0
2,2,-1.74,1000.0
2,2,-1.73,1000.0
2,2,-1.72,1000.0
2,2,-1.71,1000.0
2,2,-1.7,1000.0
2,2,-1.69,1000.0
2,2,-1.68,1000.0
2,2,-1.67,1000.0
2,2,-1.66,1000.0
2,2,-1.65,1000.0
2,2,-1.64,1000.0
2,2,-1.63,1000.0
2,2,-1.62,1000.0
2,2,-1.61,1000.0
2,2,-1.6,1000.0
2,2,-1.59,1000.0
2,2,-1.58,1000.0
2,2,-1.57,1000.0
2,2,-1.56,1000.0
2,2,-1.55,1000.0
2,2,-1.54,1000.0
2,2,-1.53,1000.0
2,2,-1.52,1000.0
2,2,-1.51,1000.0
2,2,-1.5,1000.0
2,2,-1.49,1000.0
2,2,-1.48,1000.0
2,2,-1.47,1000.0
2,2,-1.46,1000.0
2,2,-1.45,1000.0
2,2,-1.44,1000.0
2,2,-1.43,1000.0
2,2,-1.42,1000.0
2,2,-1.41,1000.0
2,2,-1.4,1000.0
2,2,-1.39,1000.0
2,2,-1.38,1000.0
2,2,-1.37,1000.0
2,2,-1.36,1000.0
2,2,-1.35,1000.0
2,2,-1.34,1000.0
2,2,-1.33,1000.0
2,2,-1.32,1000.0
2,2,-1.31,1000.0
2,2,-1.3,1000.0
2,2,-1.29,1000.0
2,2,-1.28,1000.0
2,2,-1.27,1000.0
2,2,-1.26,1000.0
2,2,-1.25,1000.0
2,2,-1.24,1000.0
2,2,-1.23,1000.0
2,2,-1.22,1000.0
2,2,-1.21,1000.0
2,2,-1.2,1000.0
2,2,-1.19,1000.0
2,2,-1.18,1000.0
2,2,-1.17,1000.0
2,2,-1.16,1000.0
2,2,-1.15,1000.0
2,2,-1.14,1000.0
2,2,-1.13,1000.0
2,2,-1.12,1000.0
2,2,-1.11,1000.0
2,2,-1.1,1000.0
2,2,-1.09,1000.0
2,2,-1.08,1000.0
2,2,-1.07,1000.0
2,2,-1.06,1000.0
2,2,-1.05,1000.0
2,2,-1.04,1000.0
2,2,-1.03,1000.0
2,2,-1.02,1000.0
2,2,-1.01,1000.0
2,2,-1.0,1000.0
2,2,-0.99,1000.0
2,2,-0.98,1000.0
2,2,-0.97,1000.0
2,2,-0.96,1000.0
2,2,-0.95,1000.0
2,2,-0.94,44.8413868089552
2,2,-0.93,1000.0
2,2,-0.92,9.778998577751564
2,2,-0.91,9.936355958693513
2,2,-0.9,9.750332142909166
2,2,-0.89,9.741062629494802
2,2,-0.88,9.70555357732968
2,2,-0.87,9.481464472342026
2,2,-0.86,9.301450910777604
2,2,-0.85,8.980318474638763
2,2,-0.84,8.582108936988043
2,2,-0.83,8.218394263663024
2,2,-0.82,7.916268331468975
2,2,-0.81,7.666315013614827
2,2,-0.8,7.452901828632291
2,2,-0.79,7.261699873763422
2,2,-0.78,7.0808167753287945
2,2,-0.77,6.900730601240409
2,2,-0.76,6.714203941954879
2,2,-0.75,6.516000838852033
2,2,-0.74,6.302405004030069
2,2,-0.73,6.070823153137182
2,2,-0.72,5.819943846624142
2,2,-0.71,5.550662901003522
2,2,-0.7,5.267181403641467
2,2,-0.69,4.9770259202119265
2,2,-0.68,4.689383115906558
2,2,-0.67,4.412707386568608
2,2,-0.66,4.153034814198422
2,2,-0.65,3.91351406904192
2,2,-0.64,3.6948224452722234
2,2,-0.63,3.495938943067455
2,2,-0.62,3.3148914938631027
2,2,-0.61,3.1493078677123623
2,2,-0.6,2.996753149705392
2,2,-0.59,2.85490441733064
2,2,-0.58,2.7216243039232313
2,2,-0.57,2.5949836190651068
2,2,-0.56,2.473267993613131
2,2,-0.55,2.354990661413313
2,2,-0.54,2.238922861046748
2,2,-0.53,2.1241430634127916
2,2,-0.52,2.0100951933033393
2,2,-0.51,1.8966355729601743
2,2,-0.5,1.7840428645562683
2,2,-0.49,1.6729702685804766
2,2,-0.48,1.5643362918564174
2,2,-0.47,1.4591731087657087
2,2,-0.46,1.3584675659457945
2,2,-0.45,1.2630302491692746
2,2,-0.44,1.1734145931970168
2,2,-0.43,1.0898905086465118
2,2,-0.42,1.0124638247678162
2,2,-0.41,0.9409263537732828
2,2,-0.4,0.8749201575314085
2,2,-0.39,0.8140018579155638
2,2,-0.38,0.7576972006311872
2,2,-0.37,0.7055411208332688
2,2,-0.36,0.6571028725176877
2,2,-0.35,0.6119985446662574
2,2,-0.34,0.5698944274895771
2,2,-0.33,0.5305046484349072
2,2,-0.32,0.4935858336299191
2,2,-0.31,0.45893071270229135
2,2,-0.3,0.426361831713347
2,2,-0.29,0.3957259718622008
2,2,-0.28,0.3668894970748885
2,2,-0.27,0.3397346352436616
2,2,-0.26,0.3141565892364666
2,2,-0.25,0.2900613339234212
2,2,-0.24,0.267363954036257
2,2,-0.23,0.24598739467611044
2,2,-0.22,0.22586151976030475
2,2,-0.21,0.20692239723926786
2,2,-0.2,0.1891117505776612
2,2,-0.19,0.17237653282105792
2,2,-0.18,0.1566685926274007
2,2,-0.17,0.1419444114474724
2,2,-0.16,0.12816489824231614
2,2,-0.15,0.1152952333581287
2,2,-0.14,0.10330475698549803
2,2,-0.13,0.09216690045440934
2,2,-0.12,0.08185916081290022
2,2,-0.11,0.07236312099051828
2,2,-0.1,0.06366451960546235
2,2,-0.09,0.0557533763973003
2,2,-0.08,0.04862418173036895
2,2,-0.07,0.04227616234743777
2,2,-0.06,0.03671364227337059
2,2,-0.05,0.03194653183151698
2,2,-0.04,0.027991010430843784
2,2,-0.03,0.02487054905829987
2,2,-0.02,0.02261762821461596
2,2,-0.01,0.02127725541792526
2,2,0.0,0.020915482849303117
2,2,0.01,0.021611253709031473
2,2,0.02,0.02342072456885248
2,2,0.03,0.02641779147017609
2,2,0.04,0.03070738305945044
2,2,0.05,0.036422691762944506
2,2,0.06,0.04372839067645683
2,2,0.07,0.05282710793327454
2,2,0.08,0.0639686734116893
2,2,0.09,0.07746261723888168
2,2,0.1,0.0936949227503371
2,2,0.11,0.113150565471566
2,2,0.12,0.13644403386845833
2,2,0.13,0.16436090258024827
2,2,0.14,0.19791463089567002
2,2,0.15,0.23842393158170236
2,2,0.16,0.2876166223935381
2,2,0.17,0.34776371681259544
2,2,0.18,0.4218367894787314
2,2,0.19,0.5136478613218912
2,2,0.2,0.6278435966042044
2,2,0.21,0.7694419476298311
2,2,0.22,0.9423478293848279
2,2,0.23,1.1463510880326613
2,2,0.24,1.373486336546086
2,2,0.25,1.607650706535368
2,2,0.26,1.831289092603555
2,2,0.27,2.032849605679238
2,2,0.28,2.2068290944034956
2,2,0.29,2.351585185835917
2,2,0.3,2.4674546440921783
2,2,0.31,2.5559689698153902
2,2,0.32,2.620990878394671
2,2,0.33,2.6688876694459016
2,2,0.34,2.7067593255713063
2,2,0.35,2.740473198829759
2,2,0.36,2.7746520795398517
2,2,0.37,2.813674041736033
2,2,0.38,2.861471764452668
2,2,0.39,2.920384241805776
2,2,0.4,2.990605713226177
2,2,0.41,3.070783953248521
2,2,0.42,3.1592952645518797
2,2,0.43,3.255418615477406
2,2,0.44,3.3599760216664
2,2,0.45,3.4755942725846114
2,2,0.46,3.6069060810044826
2,2,0.47,3.760863920123216
2,2,0.48,3.94730168268924
2,2,0.49,4.179481321250389
2,2,0.5,4.472339683174835
2,2,0.51,4.830862432557437
2,2,0.52,5.216727858663945
2,2,0.53,5.516146116748276
2,2,0.54,5.64274999403485
2,2,0.55,5.693663371463101
2,2,0.56,5.587899335478172
2,2,0.57,5.643522923429687
2,2,0.58,5.674735117626733
2,2,0.59,5.816290880675346
2,2,0.6,5.918399152796893
2,2,0.61,5.9153257276473505
2,2,0.62,5.989259983928249
2,2,0.63,5.958053640084244
2,2,0.64,6.069603768031525
2,2,0.65,6.10807785977395
2,2,0.66,6.288247563971101
2,2,0.67,6.376506994166422
2,2,0.68,6.486031564407315
2,2,0.69,6.607620711463606
2,2,0.7,6.815502685757197
2,2,0.71,6.805680440081666
2,2,0.72,6.496805003827306
2,2,0.73,6.75363184969442
2,2,0.74,6.620142574752459
2,2,0.75,6.862023608668387
2,2,0.76,1000.0
2,2,0.77,6.201798521976516
2,2,0.78,1000.0
2,2,0.79,1000.0
2,2,0.8,5.78752307208961
2,2,0.81,1000.0
2,2,0.82,1000.0
2,2,0.83,1000.0
2,2,0.84,1000.0
2,2,0.85,1000.0
2,2,0.86,1000.0
2,2,0.87,1000.0
2,2,0.88,1000.0
2,2,0.89,1000.0
2,2,0.9,1000.0
2,2,0.91,1000.0
2,2,0.92,1000.0
2,2,0.93,1000.0
2,2,0.94,1000.0
2,2,0.95,1000.0
2,2,0.96,1000.0
2,2,0.97,1000.0
2,2,0.98,1000.0
2,2,0.99,1000.0
2,2,1.0,1000.0
2,2,1.01,1000.0
2,2,1.02,1000.0
2,2,1.03,1000.0
2,2,1.04,1000.0
2,2,1.05,1000.0
2,2,1.06,1000.0
2,2,1.07,1000.0
2,2,1.08,1000.0
2,2,1.09,1000.0
2,2,1.1,1000.0
2,2,1.11,1000.0
2,2,1.12,1000.0
2,2,1.13,1000.0
2,2,1.14,1000.0
2,2,1.15,1000.0
2,2,1.16,1000.0
2,2,1.17,1000.0
2,2,1.18,1000.0
2,2,1.19,1000.0
2,2,1.2,1000.0
2,2,1.21,1000.0
2,2,1.22,1000.0
2,2,1.23,1000.0
2,2,1.24,1000.0
2,2,1.25,1000.0
2,2,1.26,1000.0
2,2,1.27,1000.0
2,2,1.28,1000.0
2,2,1.29,1000.0
2,2,1.3,1000.0
2,2,1.31,1000.0
2,2,1.32,1000.0
2,2,1.33,1000.0
2,2,1.34,1000.0
2,2,1.35,1000.0
2,2,1.36,1000.0
2,2,1.37,1000.0
2,2,1.38,1000.0
2,2,1.39,1000.0
2,2,1.4,1000.0
2,2,1.41,1000.0
2,2,1.42,1000.0
2,2,1.43,1000.0
2,2,1.44,1000.0
2,2,1.45,1000.0
2,2,1.46,1000.0
2,2,1.47,1000.0
2,2,1.48,1000.0
2,2,1.49,1000.0
2,2,1.5,1000.0
2,2,1.51,1000.0
2,2,1.52,1000.0
2,2,1.53,1000.0
2,2,1.54,1000.0
2,2,1.55,1000.0
2,2,1.56,1000.0
2,2,1.57,1000.0
2,2,1.58,1000.0
2,2,1.59,1000.0
2,2,1.6,1000.0
2,2,1.61,1000.0
2,2,1.62,1000.0
2,2,1.63,1000.0
2,2,1.64,1000.0
2,2,1.65,1000.0
2,2,1.66,1000.0
2,2,1.67,1000.0
2,2,1.68,1000.0
2,2,1.69,1000.0
2,2,1.7,1000.0
2,2,1.71,1000.0
2,2,1.72,1000.0
2,2,1.73,1000.0
2,2,1.74,1000.0
2,2,1.75,1000.0
2,2,1.76,1000.0
2,2,1.77,1000.0
2,2,1.78,1000.0
2,2,1.79,1000.0
2,2,1.8,1000.0
2,2,1.81,1000.0
2,2,1.82,1000.0
2,2,1.83,1000.0
2,2,1.84,1000.0
2,2,1.85,1000.0
2,2,1.86,1000.0
2,2,1.87,1000.0
2,2,1.88,1000.0
2,2,1.89,1000.0
2,2,1.9,1000.0
2,2,1.91,1000.0
2,2,1.92,1000.0
2,2,1.93,1000.0
2,2,1.94,1000.0
2,2,1.95,1000.0
2,2,1.96,1000.0
2,2,1.97,1000.0
2,2,1.98,1000.0
2,2,1.99,1000.0
2,2,2.0,1000.0
2,5,-2.0,1000.0
2,5,-1.99,1000.0
2,5,-1.98,1000.0
2,5,-1.97,1000.0
2,5,-1.96,1000.0
2,5,-1.95,1000.0
2,5,-1.94,1000.0
2,5,-1.93,1000.0
2,5,-1.92,1000.0
2,5,-1.91,1000.0
2,5,-1.9,1000.0
2,5,-1.89,1000.0
2,5,-1.88,1000.0
2,5,-1.87,1000.0
2,5,-1.86,1000.0
2,5,-1.85,1000.0
2,5,-1.84,1000.0
2,5,-1.83,1000.0
2,5,-1.82,1000.0
2,5,-1.81,1000.0
2,5,-1.8,1000.0
2,5,-1.79,1000.0
2,5,-1.78,1000.0
2,5,-1.77,1000.0
2,5,-1.76,1000.0
2,5,-1.75,1000.0
2,5,-1.74,1000.0
2,5,-1.73,1000.0
2,5,-1.72,1000.0
2,5,-1.71,1000.0
2,5,-1.7,1000.0
2,5,-1.69,1000.0
2,5,-1.68,1000.0
2,5,-1.67,1000.0
2,5,-1.66,1000.0
2,5,-1.65,1000.0
2,5,-1.64,1000.0
2,5,-1.63,1000.0
2,5,-1.62,1000.0
2,5,-1.61,1000.0
2,5,-1.6,1000.0
2,5,-1.59,1000.0
2,5,-1.58,1000.0
2,5,-1.57,1000.0
2,5,-1.56,1000.0
2,5,-1.55,1000.0
2,5,-1.54,1000.0
2,5,-1.53,1000.0
2,5,-1.52,1000.0
2,5,-1.51,1000.0
2,5,-1.5,1000.0
2,5,-1.49,1000.0
2,5,-1.48,1000.0
2,5,-1.47,1000.0
2,5,-1.46,1000.0
2,5,-1.45,1000.0
2,5,-1.44,1000.0
2,5,-1.43,1000.0
2,5,-1.42,1000.0
2,5,-1.41,1000.0
2,5,-1.4,1000.0
2,5,-1.39,1000.0
2,5,-1.38,1000.0
2,5,-1.37,1000.0
2,5,-1.36,1000.0
2,5,-1.35,1000.0
2,5,-1.34,1000.0
2,5,-1.33,1000.0
2,5,-1.32,1000.0
2,5,-1.31,1000.0
2,5,-1.3,1000.0
2,5,-1.29,1000.0
2,5,-1.28,1000.0
2,5,-1.27,1000.0
2,5,-1.26,1000.0
2,5,-1.25,1000.0
2,5,-1.24,1000.0
2,5,-1.23,1000.0
2,5,-1.22,1000.0
2,5,-1.21,1000.0
2,5,-1.2,1000.0
2,5,-1.19,1000.0
2,5,-1.18,1000.0
2,5,-1.17,1000.0
2,5,-1.16,1000.0
2,5,-1.15,1000.0
2,5,-1.14,1000.0
2,5,-1.13,1000.0
2,5,-1.12,1000.0
2,5,-1.11,1000.0
2,5,-1.1,1000.0
2,5,-1.09,1000.0
2,5,-1.08,1000.0
2,5,-1.07,1000.0
2,5,-1.06,1000.0
2,5,-1.05,1000.0
2,5,-1.04,1000.0
2,5,-1.03,1000.0
2,5,-1.02,1000.0
2,5,-1.01,1000.0
2,5,-1.0,1000.0
2,5,-0.99,1000.0
2,5,-0.98,1000.0
2,5,-0.97,1000.0
2,5,-0.96,1000.0
2,5,-0.95,1000.0
2,5,-0.94,1000.0
2,5,-0.93,1000.0
2,5,-0.92,1000.0
2,5,-0.91,1000.0
2,5,-0.9,1000.0
2,5,-0.89,12.830812477256288
2,5,-0.88,11.873720264221568
2,5,-0.87,11.264217430276933
2,5,-0.86,11.100365972934402
2,5,-0.85,11.337743729357317
2,5,-0.84,11.010964785395133
2,5,-0.83,10.480428675353343
2,5,-0.82,9.984251664374703
2,5,-0.81,9.7707474880704
2,5,-0.8,9.81543657402624
2,5,-0.79,9.624864554498034
2,5,-0.78,9.28135324749994
2,5,-0.77,9.017791171115277
2,5,-0.76,8.834599617552977
2,5,-0.75,8.72293603038476
2,5,-0.74,8.657037753340857
2,5,-0.73,8.55986276958504
2,5,-0.72,8.387906312923533
2,5,-0.71,8.199785047707461
2,5,-0.7,8.036136306671079
2,5,-0.69,7.916832723924488
2,5,-0.68,7.836430202864085
2,5,-0.67,7.767726031655827
2,5,-0.66,7.702668815934798
2,5,-0.65,7.661302009535813
2,5,-0.64,7.629788066882637
2,5,-0.63,7.554943187011483
2,5,-0.62,7.417450428932224
2,5,-0.61,7.238341868709276
2,5,-0.6,7.04061152067733
2,5,-0.59,6.836511102734155
2,5,-0.58,6.631580935308367
2,5,-0.57,6.428282283229682
2,5,-0.56,6.227482546748347
2,5,-0.55,6.029223182335289
2,5,-0.54,5.8334512424166896
2,5,-0.53,5.640284535508143
2,5,-0.52,5.449706549197138
2,5,-0.51,5.261484426642898
2,5,-0.5,5.075448180857311
2,5,-0.49,4.891738303421677
2,5,-0.48,4.710889237493246
2,5,-0.47,4.533775336133477
2,5,-0.46,4.361433415844065
2,5,-0.45,4.1947947898542886
2,5,-0.44,4.034405785237954
2,5,-0.43,3.880228426321101
2,5,-0.42,3.7315794393642046
2,5,-0.41,3.5872156930554624
2,5,-0.4,3.4455392246217094
2,5,-0.39,3.3048813095273593
2,5,-0.38,3.1638176454645857
2,5,-0.37,3.021453235312604
2,5,-0.36,2.8776058987769457
2,5,-0.35,2.732838086775461
2,5,-0.34,2.5883444737327697
2,5,-0.33,2.4457554101369023
2,5,-0.32,2.30691048442298
2,5,-0.31,2.1736070581786007
2,5,-0.3,2.0473146948126217
2,5,-0.29,1.9288980278656667
2,5,-0.28,1.8184357683305055
2,5,-0.27,1.7151943750596335
2,5,-0.26,1.6177508417103226
2,5,-0.25,1.5242477668747216
2,5,-0.24,1.4328119675873117
2,5,-0.23,1.3421537367871659
2,5,-0.22,1.2521376941017441
2,5,-0.21,1.1638021259932365
2,5,-0.2,1.0784540647327046
2,5,-0.19,0.9962850782991197
2,5,-0.18,0.9155524767699398
2,5,-0.17,0.833112062225699
2,5,-0.16,0.7465380200705228
2,5,-0.15,0.6569516304899716
2,5,-0.14,0.5695645077690378
2,5,-0.13,0.49011915704722075
2,5,-0.12,0.42109553876927697
2,5,-0.11,0.36156226655069856
2,5,-0.1,0.3090429418859149
2,5,-0.09,0.26093735564770365
2,5,-0.08,0.21531662858006143
2,5,-0.07,0.1715889608472145
2,5,-0.06,0.13083983540587954
2,5,-0.05,0.09522003096403624
2,5,-0.04,0.06658190663573518
2,5,-0.03,0.04552458708318469
2,5,-0.02,0.03150511142248152
2,5,-0.01,0.023555401258373573
2,5,0.0,0.020895430727674334
2,5,0.01,0.023189071131625133
2,5,0.02,0.030566341237452305
2,5,0.03,0.04369044760218936
2,5,0.04,0.0638775152900291
2,5,0.05,0.09337294449181235
2,5,0.06,0.13596987787576326
2,5,0.07,0.19836948260118162
2,5,0.08,0.2934043298309608
2,5,0.09,0.44865303018265545
2,5,0.1,0.7328679715056503
2,5,0.11,1.3385563725212883
2,5,0.12,2.568472970968712
2,5,0.13,3.431047780085519
2,5,0.14,3.97952328387931
2,5,0.15,4.518847099623115
2,5,0.16,4.823458294134923
2,5,0.17,4.9484664834095184
2,5,0.18,4.892115658536724
2,5,0.19,4.793963699903791
2,5,0.2,4.8197405704767275
2,5,0.21,4.913825290257152
2,5,0.22,5.100558667034724
2,5,0.23,5.421068126845817
2,5,0.24,5.709781689375606
2,5,0.25,5.944512160945933
2,5,0.26,6.072256733160274
2,5,0.27,6.410325133116477
2,5,0.28,7.437213009219519
2,5,0.29,7.740196025596284
2,5,0.3,7.29384567936888
2,5,0.31,7.220751921735887
2,5,0.32,7.364232971750641
2,5,0.33,7.820174831343141
2,5,0.34,8.223735362112722
2,5,0.35,7.874029679061921
2,5,0.36,7.520545935590742
2,5,0.37,7.5452769834400835
2,5,0.38,7.8572576662241485
2,5,0.39,8.216580280300635
2,5,0.4,8.544081990256494
2,5,0.41,9.116494073556986
2,5,0.42,10.06815673866274
2,5,0.43,11.072499823569213
2,5,0.44,11.397687573790902
2,5,0.45,10.818875313609478
2,5,0.46,10.363519317839161
2,5,0.47,9.746505380585713
2,5,0.48,8.940461760184142
2,5,0.49,8.440206291656972
2,5,0.5,8.136019268073905
2,5,0.51,8.038292648115984
2,5,0.52,8.069734258450797
2,5,0.53,8.298946549883684
2,5,0.54,8.723211673643252
2,5,0.55,9.171927116105888
2,5,0.56,9.554517692273915
2,5,0.57,9.949639785536085
2,5,0.58,10.435095653768855
2,5,0.59,10.647097489657192
2,5,0.6,10.629836481602712
2,5,0.61,10.251076167476018
2,5,0.62,10.189494747570956
2,5,0.63,9.932453479126522
2,5,0.64,9.665652583878344
2,5,0.65,9.47159062450302
2,5,0.66,9.353755251237345
2,5,0.67,9.355603886480583
2,5,0.68,9.078353741071021
2,5,0.69,9.113566934591715
2,5,0.7,9.22849300675675
2,5,0.71,1000.0
2,5,0.72,9.164695993542704
2,5,0.73,9.604557606641398
2,5,0.74,1000.0
2,5,0.75,1000.0
2,5,0.76,1000.0
2,5,0.77,1000.0
2,5,0.78,1000.0
2,5,0.79,1000.0
2,5,0.8,1000.0
2,5,0.81,1000.0
2,5,0.82,1000.0
2,5,0.83,1000.0
2,5,0.84,9.495096693797251
2,5,0.85,1000.0
2,5,0.86,1000.0
2,5,0.87,1000.0
2,5,0.88,1000.0
2,5,0.89,1000.0
2,5,0.9,1000.0
2,5,0.91,1000.0
2,5,0.92,1000.0
2,5,0.93,1000.0
2,5,0.94,1000.0
2,5,0.95,1000.0
2,5,0.96,1000.0
2,5,0.97,1000.0
2,5,0.98,1000.0
2,5,0.99,1000.0
2,5,1.0,1000.0
2,5,1.01,1000.0
2,5,1.02,1000.0
2,5,1.03,1000.0
2,5,1.04,1000.0
2,5,1.05,1000.0
2,5,1.06,1000.0
2,5,1.07,1000.0
2,5,1.08,1000.0
2,5,1.09,1000.0
2,5,1.1,1000.0
2,5,1.11,1000.0
2,5,1.12,1000.0
2,5,1.13,1000.0
2,5,1.14,1000.0
2,5,1.15,1000.0
2,5,1.16,1000.0
2,5,1.17,1000.0
2,5,1.18,1000.0
2,5,1.19,1000.0
2,5,1.2,1000.0
2,5,1.21,1000.0
2,5,1.22,1000.0
2,5,1.23,1000.0
2,5,1.24,1000.0
2,5,1.25,1000.0
2,5,1.26,1000.0
2,5,1.27,1000.0
2,5,1.28,1000.0
2,5,1.29,1000.0
2,5,1.3,1000.0
2,5,1.31,1000.0
2,5,1.32,1000.0
2,5,1.33,1000.0
2,5,1.34,1000.0
2,5,1.35,1000.0
2,5,1.36,1000.0
2,5,1.37,1000.0
2,5,1.38,1000.0
2,5,1.39,1000.0
2,5,1.4,1000.0
2,5,1.41,1000.0
2,5,1.42,1000.0
2,5,1.43,1000.0
2,5,1.44,1000.0
2,5,1.45,1000.0
2,5,1.46,1000.0
2,5,1.47,1000.0
2,5,1.48,1000.0
2,5,1.49,1000.0
2,5,1.5,1000.0
2,5,1.51,1000.0
2,5,1.52,1000.0
2,5,1.53,1000.0
2,5,1.54,1000.0
2,5,1.55,1000.0
2,5,1.56,1000.0
2,5,1.57,1000.0
2,5,1.58,1000.0
2,5,1.59,1000.0
2,5,1.6,1000.0
2,5,1.61,1000.0
2,5,1.62,1000.0
2,5,1.63,1000.0
2,5,1.64,1000.0
2,5,1.65,1000.0
2,5,1.66,1000.0
2,5,1.67,1000.0
2,5,1.68,1000.0
2,5,1.69,1000.0
2,5,1.7,1000.0
2,5,1.71,1000.0
2,5,1.72,1000.0
2,5,1.73,1000.0
2,5,1.74,1000.0
2,5,1.75,1000.0
2,5,1.76,1000.0
2,5,1.77,1000.0
2,5,1.78,1000.0
2,5,1.79,1000.0
2,5,1.8,1000.0
2,5,1.81,1000.0
2,5,1.82,1000.0
2,5,1.83,1000.0
2,5,1.84,1000.0
2,5,1.85,1000.0
2,5,1.86,1000.0
2,5,1.87,1000.0
2,5,1.88,1000.0
2,5,1.89,1000.0
2,5,1.9,1000.0
2,5,1.91,1000.0
2,5,1.92,1000.0
2,5,1.93,1000.0
2,5,1.94,1000.0
2,5,1.95,1000.0
2,5,1.96,1000.0
2,5,1.97,1000.0
2,5,1.98,1000.0
2,5,1.99,1000.0
2,5,2.0,1000.0
2,10,-2.0,1000.0
2,10,-1.99,1000.0
2,10,-1.98,1000.0
2,10,-1.97,1000.0
2,10,-1.96,1000.0
2,10,-1.95,1000.0
2,10,-1.94,1000.0
2,10,-1.93,1000.0
2,10,-1.92,1000.0
2,10,-1.91,1000.0
2,10,-1.9,1000.0
2,10,-1.89,1000.0
2,10,-1.88,1000.0
2,10,-1.87,1000.0
2,10,-1.86,1000.0
2,10,-1.85,1000.0
2,10,-1.84,1000.0
2,10,-1.83,1000.0
2,10,-1.82,1000.0
2,10,-1.81,1000.0
2,10,-1.8,1000.0
2,10,-1.79,1000.0
2,10,-1.78,1000.0
2,10,-1.77,1000.0
2,10,-1.76,1000.0
2,10,-1.75,1000.0
2,10,-1.74,1000.0
2,10,-1.73,1000.0
2,10,-1.72,1000.0
2,10,-1.71,1000.0
2,10,-1.7,1000.0
2,10,-1.69,1000.0
2,10,-1.68,1000.0
2,10,-1.67,1000.0
2,10,-1.66,1000.0
2,10,-1.65,1000.0
2,10,-1.64,1000.0
2,10,-1.63,1000.0
2,10,-1.62,1000.0
2,10,-1.61,1000.0
2,10,-1.6,1000.0
2,10,-1.59,1000.0
2,10,-1.58,1000.0
2,10,-1.57,1000.0
2,10,-1.56,1000.0
2,10,-1.55,1000.0
2,10,-1.54,1000.0
2,10,-1.53,1000.0
2,10,-1.52,1000.0
2,10,-1.51,1000.0
2,10,-1.5,1000.0
2,10,-1.49,1000.0
2,10,-1.48,1000.0
2,10,-1.47,1000.0
2,10,-1.46,1000.0
2,10,-1.45,1000.0
2,10,-1.44,1000.0
2,10,-1.43,1000.0
2,10,-1.42,1000.0
2,10,-1.41,1000.0
2,10,-1.4,1000.0
2,10,-1.39,1000.0
2,10,-1.38,1000.0
2,10,-1.37,1000.0
2,10,-1.36,1000.0
2,10,-1.35,1000.0
2,10,-1.34,1000.0
2,10,-1.33,1000.0
2,10,-1.32,1000.0
2,10,-1.31,1000.0
2,10,-1.3,1000.0
2,10,-1.29,1000.0
2,10,-1.28,1000.0
2,10,-1.27,1000.0
2,10,-1.26,1000.0
2,10,-1.25,1000.0
2,10,-1.24,1000.0
2,10,-1.23,1000.0
2,10,-1.22,1000.0
2,10,-1.21,1000.0
2,10,-1.2,1000.0
2,10,-1.19,1000.0
2,10,-1.18,1000.0
2,10,-1.17,1000.0
2,10,-1.16,1000.0
2,10,-1.15,1000.0
2,10,-1.14,1000.0
2,10,-1.13,1000.0
2,10,-1.12,1000.0
2,10,-1.11,1000.0
2,10,-1.1,1000.0
2,10,-1.09,1000.0
2,10,-1.08,1000.0
2,10,-1.07,1000.0
2,10,-1.06,1000.0
2,10,-1.05,1000.0
2,10,-1.04,1000.0
2,10,-1.03,1000.0
2,10,-1.02,1000.0
2,10,-1.01,1000.0
2,10,-1.0,1000.0
2,10,-0.99,1000.0
2,10,-0.98,1000.0
2,10,-0.97,1000.0
2,10,-0.96,1000.0
2,10,-0.95,1000.0
2,10,-0.94,1000.0
2,10,-0.93,1000.0
2,10,-0.92,1000.0
2,10,-0.91,1000.0
2,10,-0.9,1000.0
2,10,-0.89,15.346720208285994
2,10,-0.88,14.36551546656088
2,10,-0.87,13.035973330941525
2,10,-0.86,13.288183325052016
2,10,-0.85,12.497074590971092
2,10,-0.84,11.837760892540008
2,10,-0.83,12.292048141691364
2,10,-0.82,12.304745610248332
2,10,-0.81,12.478248871326528
2,10,-0.8,12.28905145258366
2,10,-0.79,12.136325203002421
2,10,-0.78,11.663112476914444
2,10,-0.77,11.300923634738856
2,10,-0.76,11.15460682990989
2,10,-0.75,11.006365332116252
2,10,-0.74,11.240364165631428
2,10,-0.73,11.472364452173698
2,10,-0.72,10.835270300297063
2,10,-0.71,10.149307213443482
2,10,-0.7,9.711805236342599
2,10,-0.69,9.609814191431255
2,10,-0.68,9.566356887982598
2,10,-0.67,9.237077166069858
2,10,-0.66,8.892123248976349
2,10,-0.65,8.69922395440274
2,10,-0.64,8.767129346122996
2,10,-0.63,8.702283301312685
2,10,-0.62,8.491463174528405
2,10,-0.61,8.192041825047072
2,10,-0.6,7.825674688812726
2,10,-0.59,7.472747986557254
2,10,-0.58,7.18879265839719
2,10,-0.57,6.993019373506034
2,10,-0.56,6.895386667196813
2,10,-0.55,6.845736098973435
2,10,-0.54,6.763150768389236
2,10,-0.53,6.625868942146659
2,10,-0.52,6.46949071727225
2,10,-0.51,6.34743097902502
2,10,-0.5,6.292971678769293
2,10,-0.49,6.296107896812654
2,10,-0.48,6.318498703772571
2,10,-0.47,6.329182935685148
2,10,-0.46,6.3179740134990485
2,10,-0.45,6.295967736775178
2,10,-0.44,6.280134028911328
2,10,-0.43,6.2689951794619825
2,10,-0.42,6.256671642215559
2,10,-0.41,6.247569585087743
2,10,-0.4,6.2412678749728725
2,10,-0.39,6.226503121704889
2,10,-0.38,6.191420651168968
2,10,-0.37,6.132054251957874
2,10,-0.36,6.056540100520233
2,10,-0.35,5.98075857096255
2,10,-0.34,5.9124728142090275
2,10,-0.33,5.845254868371823
2,10,-0.32,5.767008086378295
2,10,-0.31,5.672253919447236
2,10,-0.3,5.565193847982753
2,10,-0.29,5.445430748332895
2,10,-0.28,5.30886180988944
2,10,-0.27,5.155744314388831
2,10,-0.26,4.985728287636449
2,10,-0.25,4.798710449929474
2,10,-0.24,4.599412178519507
2,10,-0.23,4.394254219487679
2,10,-0.22,4.187537316334506
2,10,-0.21,3.981910666567388
2,10,-0.2,3.7776574929283013
2,10,-0.19,3.5706293199126353
2,10,-0.18,3.3548675540031616
2,10,-0.17,3.128902757414166
2,10,-0.16,2.8948011091878945
2,10,-0.15,2.6503826197471887
2,10,-0.14,2.391733925421982
2,10,-0.13,2.1205191978748155
2,10,-0.12,1.8372639426499042
2,10,-0.11,1.5547966398741644
2,10,-0.1,1.3039219629719248
2,10,-0.09,1.094194889168185
2,10,-0.08,0.9194724097252014
2,10,-0.07,0.7676011647807962
2,10,-0.06,0.6253665008839668
2,10,-0.05,0.4856392341024983
2,10,-0.04,0.34766603907140137
2,10,-0.03,0.2117980383356164
2,10,-0.02,0.09975441825336091
2,10,-0.01,0.03595034194250512
2,10,0.0,0.01543365226590483
2,10,0.01,0.029019366918076238
2,10,0.02,0.07947716463185314
2,10,0.03,0.17947912659456058
2,10,0.04,0.34915695262264035
2,10,0.05,0.6129491455358543
2,10,0.06,0.9686220767305099
2,10,0.07,1.718807209874828
2,10,0.08,5.59038520610618
2,10,0.09,8.068955575947315
2,10,0.1,9.335770943212971
2,10,0.11,9.688365099335574
2,10,0.12,9.698648470668566
2,10,0.13,9.70152548264446
2,10,0.14,9.570120571314442
2,10,0.15,9.621363398663396
2,10,0.16,9.63606926888213
2,10,0.17,10.31732140801248
2,10,0.18,11.34250179520004
2,10,0.19,11.74729696794316
2,10,0.2,11.733105915718495
2,10,0.21,12.762053607070143
2,10,0.22,14.406561596843693
2,10,0.23,14.269823011085524
2,10,0.24,14.660957566327316
2,10,0.25,15.635370507485275
2,10,0.26,15.42232050989625
2,10,0.27,15.083405347569292
2,10,0.28,14.732202715795257
2,10,0.29,15.826592490074448
2,10,0.3,16.432754503189393
2,10,0.31,15.896261470085614
2,10,0.32,16.230616064355527
2,10,0.33,16.38779599904901
2,10,0.34,16.02884690584109
2,10,0.35,14.751121981373924
2,10,0.36,14.878480903244231
2,10,0.37,16.028691501330442
2,10,0.38,16.101400354504605
2,10,0.39,16.136111884022004
2,10,0.4,14.590949220710705
2,10,0.41,13.774763023987994
2,10,0.42,13.884120524119755
2,10,0.43,14.730279653637918
2,10,0.44,15.327338113975019
2,10,0.45,15.274955652003039
2,10,0.46,15.028424681374101
2,10,0.47,14.138521648832054
2,10,0.48,13.308198875195991
2,10,0.49,13.117013503543529
2,10,0.5,13.434027356561307
2,10,0.51,13.970178025740354
2,10,0.52,14.32391906794753
2,10,0.53,14.611168850936876
2,10,0.54,14.730434321446369
2,10,0.55,14.487616332841428
2,10,0.56,14.12570755098012
2,10,0.57,13.68326998429928
2,10,0.58,13.349032960804418
2,10,0.59,13.168644706379089
2,10,0.6,12.791001546924957
2,10,0.61,12.428674810269595
2,10,0.62,12.362266398336292
2,10,0.63,12.344092987159625
2,10,0.64,12.283849521155458
2,10,0.65,12.548386654136971
2,10,0.66,12.383992953903046
2,10,0.67,12.347388696281072
2,10,0.68,12.124188234163269
2,10,0.69,12.133187214881223
2,10,0.7,12.34643517217719
2,10,0.71,1000.0
2,10,0.72,12.211429332884096
2,10,0.73,12.38558251082752
2,10,0.74,1000.0
2,10,0.75,12.539159652879174
2,10,0.76,1000.0
2,10,0.77,1000.0
2,10,0.78,12.01251938148561
2,10,0.79,1000.0
2,10,0.8,1000.0
2,10,0.81,1000.0
2,10,0.82,1000.0
2,10,0.83,1000.0
2,10,0.84,1000.0
2,10,0.85,12.099473204208381
2,10,0.86,1000.0
2,10,0.87,1000.0
2,10,0.88,1000.0
2,10,0.89,1000.0
2,10,0.9,1000.0
2,10,0.91,1000.0
2,10,0.92,1000.0
2,10,0.93,1000.0
2,10,0.94,1000.0
2,10,0.95,1000.0
2,10,0.96,1000.0
2,10,0.97,1000.0
2,10,0.98,1000.0
2,10,0.99,1000.0
2,10,1.0,1000.0
2,10,1.01,1000.0
2,10,1.02,1000.0
2,10,1.03,1000.0
2,10,1.04,1000.0
2,10,1.05,1000.0
2,10,1.06,1000.0
2,10,1.07,1000.0
2,10,1.08,1000.0
2,10,1.09,1000.0
2,10,1.1,1000.0
2,10,1.11,1000.0
2,10,1.12,1000.0
2,10,1.13,1000.0
2,10,1.14,1000.0
2,10,1.15,1000.0
2,10,1.16,1000.0
2,10,1.17,1000.0
2,10,1.18,1000.0
2,10,1.19,1000.0
2,10,1.2,1000.0
2,10,1.21,1000.0
2,10,1.22,1000.0
2,10,1.23,1000.0
2,10,1.24,1000.0
2,10,1.25,1000.0
2,10,1.26,1000.0
2,10,1.27,1000.0
2,10,1.28,1000.0
2,10,1.29,1000.0
2,10,1.3,1000.0
2,10,1.31,1000.0
2,10,1.32,1000.0
2,10,1.33,1000.0
2,10,1.34,1000.0
2,10,1.35,1000.0
2,10,1.36,1000.0
2,10,1.37,1000.0
2,10,1.38,1000.0
2,10,1.39,1000.0
2,10,1.4,1000.0
2,10,1.41,1000.0
2,10,1.42,1000.0
2,10,1.43,1000.0
2,10,1.44,1000.0
2,10,1.45,1000.0
2,10,1.46,1000.0
2,10,1.47,1000.0
2,10,1.48,1000.0
2,10,1.49,1000.0
2,10,1.5,1000.0
2,10,1.51,1000.0
2,10,1.52,1000.0
2,10,1.53,1000.0
2,10,1.54,1000.0
2,10,1.55,1000.0
2,10,1.56,1000.0
2,10,1.57,1000.0
2,10,1.58,1000.0
2,10,1.59,1000.0
2,10,1.6,1000.0
2,10,1.61,1000.0
2,10,1.62,1000.0
2,10,1.63,1000.0
2,10,1.64,1000.0
2,10,1.65,1000.0
2,10,1.66,1000.0
2,10,1.67,1000.0
2,10,1.68,1000.0
2,10,1.69,1000.0
2,10,1.7,1000.0
2,10,1.71,1000.0
2,10,1.72,1000.0
2,10,1.73,1000.0
2,10,1.74,1000.0
2,10,1.75,1000.0
2,10,1.76,1000.0
2,10,1.77,1000.0
2,10,1.78,1000.0
2,10,1.79,1000.0
2,10,1.8,1000.0
2,10,1.81,1000.0
2,10,1.82,1000.0
2,10,1.83,1000.0
2,10,1.84,1000.0
2,10,1.85,1000.0
2,10,1.86,1000.0
2,10,1.87,1000.0
2,10,1.88,1000.0
2,10,1.89,1000.0
2,10,1.9,1000.0
2,10,1.91,1000.0
2,10,1.92,1000.0
2,10,1.93,1000.0
2,10,1.94,1000.0
2,10,1.95,1000.0
2,10,1.96,1000.0
2,10,1.97,1000.0
2,10,1.98,1000.0
2,10,1.99,1000.0
2,10,2.0,1000.0
2,25,-2.0,1000.0
2,25,-1.99,1000.0
2,25,-1.98,1000.0
2,25,-1.97,1000.0
2,25,-1.96,1000.0
2,25,-1.95,1000.0
2,25,-1.94,1000.0
2,25,-1.93,1000.0
2,25,-1.92,1000.0
2,25,-1.91,1000.0
2,25,-1.9,1000.0
2,25,-1.89,1000.0
2,25,-1.88,1000.0
2,25,-1.87,1000.0
2,25,-1.86,1000.0
2,25,-1.85,1000.0
2,25,-1.84,1000.0
2,25,-1.83,1000.0
2,25,-1.82,1000.0
2,25,-1.81,1000.0
2,25,-1.8,1000.0
2,25,-1.79,1000.0
2,25,-1.78,1000.0
2,25,-1.77,1000.0
2,25,-1.76,1000.0
2,25,-1.75,1000.0
2,25,-1.74,1000.0
2,25,-1.73,1000.0
2,25,-1.72,1000.0
2,25,-1.71,1000.0
2,25,-1.7,1000.0
2,25,-1.69,1000.0
2,25,-1.68,1000.0
2,25,-1.67,1000.0
2,25,-1.66,1000.0
2,25,-1.65,1000.0
2,25,-1.64,1000.0
2,25,-1.63,1000.0
2,25,-1.62,1000.0
2,25,-1.61,1000.0
2,25,-1.6,1000.0
2,25,-1.59,1000.0
2,25,-1.58,1000.0
2,25,-1.57,1000.0
2,25,-1.56,1000.0
2,25,-1.55,1000.0
2,25,-1.54,1000.0
2,25,-1.53,1000.0
2,25,-1.52,1000.0
2,25,-1.51,1000.0
2,25,-1.5,1000.0
2,25,-1.49,1000.0
2,25,-1.48,1000.0
2,25,-1.47,1000.0
2,25,-1.46,1000.0
2,25,-1.45,1000.0
2,25,-1.44,1000.0
2,25,-1.43,1000.0
2,25,-1.42,1000.0
2,25,-1.41,1000.0
2,25,-1.4,1000.0
2,25,-1.39,1000.0
2,25,-1.38,1000.0
2,25,-1.37,1000.0
2,25,-1.36,1000.0
2,25,-1.35,1000.0
2,25,-1.34,1000.0
2,25,-1.33,1000.0
2,25,-1.32,1000.0
2,25,-1.31,1000.0
2,25,-1.3,1000.0
2,25,-1.29,1000.0
2,25,-1.28,1000.0
2,25,-1.27,1000.0
2,25,-1.26,1000.0
2,25,-1.25,1000.0
2,25,-1.24,1000.0
2,25,-1.23,1000.0
2,25,-1.22,1000.0
2,25,-1.21,1000.0
2,25,-1.2,1000.0
2,25,-1.19,1000.0
2,25,-1.18,1000.0
2,25,-1.17,1000.0
2,25,-1.16,1000.0
2,25,-1.15,1000.0
2,25,-1.14,1000.0
2,25,-1.13,1000.0
2,25,-1.12,1000.0
2,25,-1.11,1000.0
2,25,-1.1,1000.0
2,25,-1.09,1000.0
2,25,-1.08,1000.0
2,25,-1.07,1000.0
2,25,-1.06,1000.0
2,25,-1.05,1000.0
2,25,-1.04,1000.0
2,25,-1.03,1000.0
2,25,-1.02,1000.0
2,25,-1.01,1000.0
2,25,-1.0,1000.0
2,25,-0.99,1000.0
2,25,-0.98,1000.0
2,25,-0.97,1000.0
2,25,-0.96,1000.0
2,25,-0.95,1000.0
2,25,-0.94,1000.0
2,25,-0.93,1000.0
2,25,-0.92,1000.0
2,25,-0.91,1000.0
2,25,-0.9,1000.0
2,25,-0.89,16.255697336855874
2,25,-0.88,16.302134916575355
2,25,-0.87,15.834151965455787
2,25,-0.86,15.444579301769991
2,25,-0.85,15.187376202094391
2,25,-0.84,15.892144050509712
2,25,-0.83,12.614486582976644
2,25,-0.82,14.018130500735737
2,25,-0.81,13.752611587384667
2,25,-0.8,13.32215617902807
2,25,-0.79,13.145021444342856
2,25,-0.78,12.803056408446194
2,25,-0.77,12.565885769719673
2,25,-0.76,12.339421479593764
2,25,-0.75,11.921226401293172
2,25,-0.74,11.436959084000067
2,25,-0.73,12.187663156397193
2,25,-0.72,12.208372804665771
2,25,-0.71,11.205207655986396
2,25,-0.7,11.04594879893443
2,25,-0.69,10.95144890306187
2,25,-0.68,10.654715356091087
2,25,-0.67,10.487488388117091
2,25,-0.66,10.133045280476164
2,25,-0.65,9.604029536693437
2,25,-0.64,9.542155144038732
2,25,-0.63,9.472623767775955
2,25,-0.62,9.399647719951016
2,25,-0.61,9.310699136311896
2,25,-0.6,9.11742227506025
2,25,-0.59,8.961108855117018
2,25,-0.58,8.734767630068275
2,25,-0.57,8.401572995092886
2,25,-0.56,8.008651359184283
2,25,-0.55,7.810753771495576
2,25,-0.54,7.5674237573366625
2,25,-0.53,7.4653565307514755
2,25,-0.52,7.3913385968498995
2,25,-0.51,7.403621859412046
2,25,-0.5,7.231274272567904
2,25,-0.49,7.215200793798167
2,25,-0.48,7.125858061029839
2,25,-0.47,6.98934831358791
2,25,-0.46,6.836140660630645
2,25,-0.45,6.618162769004692
2,25,-0.44,6.378019333146267
2,25,-0.43,6.044496525041434
2,25,-0.42,5.7458659205132845
2,25,-0.41,5.460784844496322
2,25,-0.4,5.245473001975459
2,25,-0.39,5.085452688461655
2,25,-0.38,5.036361949122914
2,25,-0.37,5.014609108526017
2,25,-0.36,5.02359184807392
2,25,-0.35,5.099764194291606
2,25,-0.34,5.18528417800084
2,25,-0.33,5.266400212132381
2,25,-0.32,5.358873509899845
2,25,-0.31,5.4323353567032
2,25,-0.3,5.487203819548089
2,25,-0.29,5.522242703530923
2,25,-0.28,5.5349877171546025
2,25,-0.27,5.496381782764855
2,25,-0.26,5.391332256039294
2,25,-0.25,5.250453288008274
2,25,-0.24,5.051104486031446
2,25,-0.23,4.83665497808346
2,25,-0.22,4.603089174159123
2,25,-0.21,4.440860801117177
2,25,-0.2,4.348411270309529
2,25,-0.19,4.333480978412504
2,25,-0.18,4.343334508842721
2,25,-0.17,4.39590320054917
2,25,-0.16,4.4841501580391165
2,25,-0.15,4.5971380120931356
2,25,-0.14,4.694222035452457
2,25,-0.13,4.75347023690664
2,25,-0.12,4.765352608152423
2,25,-0.11,4.7445796798667565
2,25,-0.1,4.688943897139168
2,25,-0.09,4.545104639552626
2,25,-0.08,4.308391966833821
2,25,-0.07,3.968758360154799
2,25,-0.06,3.475173312492971
2,25,-0.05,2.806453574819633
2,25,-0.04,2.0728054283347204
2,25,-0.03,1.4991430705494253
2,25,-0.02,0.9133573899226606
2,25,-0.01,0.32438065233847113
2,25,0.0,0.020700188701984125
2,25,0.01,0.2983718597878267
2,25,0.02,0.7311335749455498
2,25,0.03,1.4128433438687709
2,25,0.04,3.6212601828481317
2,25,0.05,18.310261517636697
2,25,0.06,28.256858111781373
2,25,0.07,28.70721978129292
2,25,0.08,27.47157339079977
2,25,0.09,25.462142947259697
2,25,0.1,24.057246267685237
2,25,0.11,22.654472738808998
2,25,0.12,23.55217605451153
2,25,0.13,25.295026920485252
2,25,0.14,25.978689129225238
2,25,0.15,26.13956823737025
2,25,0.16,25.644742739050113
2,25,0.17,25.251904605145562
2,25,0.18,24.85204406467392
2,25,0.19,24.37169243343472
2,25,0.2,23.31304649617325
2,25,0.21,23.174502359609352
2,25,0.22,22.461837665363984
2,25,0.23,21.68718344915474
2,25,0.24,20.889535381553245
2,25,0.25,21.32351413019867
2,25,0.26,20.159761969772973
2,25,0.27,19.414781355804138
2,25,0.28,19.25516822965335
2,25,0.29,19.54426082081991
2,25,0.3,19.16892387584717
2,25,0.31,17.81467154274881
2,25,0.32,16.451651888191666
2,25,0.33,17.28193159341322
2,25,0.34,19.04053869755323
2,25,0.35,18.4915847668176
2,25,0.36,15.57537798724601
2,25,0.37,14.162536392419096
2,25,0.38,13.985123799363617
2,25,0.39,14.743265905709702
2,25,0.4,16.445660030247968
2,25,0.41,16.986929708185418
2,25,0.42,15.99476235783322
2,25,0.43,14.728735046750812
2,25,0.44,13.623613863534247
2,25,0.45,13.096839973196511
2,25,0.46,13.20410790012816
2,25,0.47,13.35921323710701
2,25,0.48,13.127503723427068
2,25,0.49,12.79932840984306
2,25,0.5,12.53155891830804
2,25,0.51,12.41520257219852
2,25,0.52,12.491837609467218
2,25,0.53,12.734729942071576
2,25,0.54,12.789821766473132
2,25,0.55,12.633516485678255
2,25,0.56,12.3831409102114
2,25,0.57,12.140053509462449
2,25,0.58,11.923913450920045
2,25,0.59,11.744651450166888
2,25,0.6,11.624621354392232
2,25,0.61,11.528205781475542
2,25,0.62,11.586570753186892
2,25,0.63,11.422320462634232
2,25,0.64,11.222632789881734
2,25,0.65,10.96391635411848
2,25,0.66,10.73649781179693
2,25,0.67,10.476991677906538
2,25,0.68,10.34013583087308
2,25,0.69,10.432854788270467
2,25,0.7,10.299533687085534
2,25,0.71,1000.0
2,25,0.72,10.026023194560079
2,25,0.73,10.107729737597786
2,25,0.74,9.96692238408478
2,25,0.75,1000.0
2,25,0.76,1000.0
2,25,0.77,9.175776334999016
2,25,0.78,9.163081481074869
2,25,0.79,9.5480722047101
2,25,0.8,1000.0
2,25,0.81,1000.0
2,25,0.82,12.276276168766605
2,25,0.83,1000.0
2,25,0.84,1000.0
2,25,0.85,1000.0
2,25,0.86,1000.0
2,25,0.87,1000.0
2,25,0.88,1000.0
2,25,0.89,1000.0
2,25,0.9,1000.0
2,25,0.91,1000.0
2,25,0.92,1000.0
2,25,0.93,1000.0
2,25,0.94,1000.0
2,25,0.95,1000.0
2,25,0.96,1000.0
2,25,0.97,1000.0
2,25,0.98,1000.0
2,25,0.99,1000.0
2,25,1.0,1000.0
2,25,1.01,1000.0
2,25,1.02,1000.0
2,25,1.03,1000.0
2,25,1.04,1000.0
2,25,1.05,1000.0
2,25,1.06,1000.0
2,25,1.07,1000.0
2,25,1.08,1000.0
2,25,1.09,1000.0
2,25,1.1,1000.0
2,25,1.11,1000.0
2,25,1.12,1000.0
2,25,1.13,1000.0
2,25,1.14,1000.0
2,25,1.15,1000.0
2,25,1.16,1000.0
2,25,1.17,1000.0
2,25,1.18,1000.0
2,25,1.19,1000.0
2,25,1.2,1000.0
2,25,1.21,1000.0
2,25,1.22,1000.0
2,25,1.23,1000.0
2,25,1.24,1000.0
2,25,1.25,1000.0
2,25,1.26,1000.0
2,25,1.27,1000.0
2,25,1.28,1000.0
2,25,1.29,1000.0
2,25,1.3,1000.0
2,25,1.31,1000.0
2,25,1.32,1000.0
2,25,1.33,1000.0
2,25,1.34,1000.0
2,25,1.35,1000.0
2,25,1.36,1000.0
2,25,1.37,1000.0
2,25,1.38,1000.0
2,25,1.39,1000.0
2,25,1.4,1000.0
2,25,1.41,1000.0
2,25,1.42,1000.0
2,25,1.43,1000.0
2,25,1.44,1000.0
2,25,1.45,1000.0
2,25,1.46,1000.0
2,25,1.47,1000.0
2,25,1.48,1000.0
2,25,1.49,1000.0
2,25,1.5,1000.0
2,25,1.51,1000.0
2,25,1.52,1000.0
2,25,1.53,1000.0
2,25,1.54,1000.0
2,25,1.55,1000.0
2,25,1.56,1000.0
2,25,1.57,1000.0
2,25,1.58,1000.0
2,25,1.59,1000.0
2,25,1.6,1000.0
2,25,1.61,1000.0
2,25,1.62,1000.0
2,25,1.63,1000.0
2,25,1.64,1000.0
2,25,1.65,1000.0
2,25,1.66,1000.0
2,25,1.67,1000.0
2,25,1.68,1000.0
2,25,1.69,1000.0
2,25,1.7,1000.0
2,25,1.71,1000.0
2,25,1.72,1000.0
2,25,1.73,1000.0
2,25,1.74,1000.0
2,25,1.75,1000.0
2,25,1.76,1000.0
2,25,1.77,1000.0
2,25,1.78,1000.0
2,25,1.79,1000.0
2,25,1.8,1000.0
2,25,1.81,1000.0
2,25,1.82,1000.0
2,25,1.83,1000.0
2,25,1.84,1000.0
2,25,1.85,1000.0
2,25,1.86,1000.0
2,25,1.87,1000.0
2,25,1.88,1000.0
2,25,1.89,1000.0
2,25,1.9,1000.0
2,25,1.91,1000.0
2,25,1.92,1000.0
2,25,1.93,1000.0
2,25,1.94,1000.0
2,25,1.95,1000.0
2,25,1.96,1000.0
2,25,1.97,1000.0
2,25,1.98,1000.0
2,25,1.99,1000.0
2,25,2.0,1000.0
2,50,-2.0,1000.0
2,50,-1.99,1000.0
2,50,-1.98,1000.0
2,50,-1.97,1000.0
2,50,-1.96,1000.0
2,50,-1.95,1000.0
2,50,-1.94,1000.0
2,50,-1.93,1000.0
2,50,-1.92,1000.0
2,50,-1.91,1000.0
2,50,-1.9,1000.0
2,50,-1.89,1000.0
2,50,-1.88,1000.0
2,50,-1.87,1000.0
2,50,-1.86,1000.0
2,50,-1.85,1000.0
2,50,-1.84,1000.0
2,50,-1.83,1000.0
2,50,-1.82,1000.0
2,50,-1.81,1000.0
2,50,-1.8,1000.0
2,50,-1.79,1000.0
2,50,-1.78,1000.0
2,50,-1.77,1000.0
2,50,-1.76,1000.0
2,50,-1.75,1000.0
2,50,-1.74,1000.0
2,50,-1.73,1000.0
2,50,-1.72,1000.0
2,50,-1.71,1000.0
2,50,-1.7,1000.0
2,50,-1.69,1000.0
2,50,-1.68,1000.0
2,50,-1.67,1000.0
2,50,-1.66,1000.0
2,50,-1.65,1000.0
2,50,-1.64,1000.0
2,50,-1.63,1000.0
2,50,-1.62,1000.0
2,50,-1.61,1000.0
2,50,-1.6,1000.0
2,50,-1.59,1000.0
2,50,-1.58,1000.0
2,50,-1.57,1000.0
2,50,-1.56,1000.0
2,50,-1.55,1000.0
2,50,-1.54,1000.0
2,50,-1.53,1000.0
2,50,-1.52,1000.0
2,50,-1.51,1000.0
2,50,-1.5,1000.0
2,50,-1.49,1000.0
2,50,-1.48,1000.0
2,50,-1.47,1000.0
2,50,-1.46,1000.0
2,50,-1.45,1000.0
2,50,-1.44,1000.0
2,50,-1.43,1000.0
2,50,-1.42,1000.0
2,50,-1.41,1000.0
2,50,-1.4,1000.0
2,50,-1.39,1000.0
2,50,-1.38,1000.0
2,50,-1.37,1000.0
2,50,-1.36,1000.0
2,50,-1.35,1000.0
2,50,-1.34,1000.0
2,50,-1.33,1000.0
2,50,-1.32,1000.0
2,50,-1.31,1000.0
2,50,-1.3,1000.0
2,50,-1.29,1000.0
2,50,-1.28,1000.0
2,50,-1.27,1000.0
2,50,-1.26,1000.0
2,50,-1.25,1000.0
2,50,-1.24,1000.0
2,50,-1.23,1000.0
2,50,-1.22,1000.0
2,50,-1.21,1000.0
2,50,-1.2,1000.0
2,50,-1.19,1000.0
2,50,-1.18,1000.0
2,50,-1.17,1000.0
2,50,-1.16,1000.0
2,50,-1.15,1000.0
2,50,-1.14,1000.0
2,50,-1.13,1000.0
2,50,-1.12,1000.0
2,50,-1.11,1000.0
2,50,-1.1,1000.0
2,50,-1.09,1000.0
2,50,-1.08,1000.0
2,50,-1.07,1000.0
2,50,-1.06,1000.0
2,50,-1.05,1000.0
2,50,-1.04,1000.0
2,50,-1.03,1000.0
2,50,-1.02,1000.0
2,50,-1.01,1000.0
2,50,-1.0,1000.0
2,50,-0.99,1000.0
2,50,-0.98,1000.0
2,50,-0.97,1000.0
2,50,-0.96,1000.0
2,50,-0.95,1000.0
2,50,-0.94,1000.0
2,50,-0.93,1000.0
2,50,-0.92,1000.0
2,50,-0.91,1000.0
2,50,-0.9,1000.0
2,50,-0.89,17.239460207612133
2,50,-0.88,16.198883662660563
2,50,-0.87,15.325743511344223
2,50,-0.86,15.420844027489382
2,50,-0.85,15.086436869561277
2,50,-0.84,16.025841866557666
2,50,-0.83,14.585222696902685
2,50,-0.82,14.331407574057648
2,50,-0.81,13.844237890544887
2,50,-0.8,13.393683172347048
2,50,-0.79,13.469787200265069
2,50,-0.78,13.586807066426637
2,50,-0.77,12.889968561771457
2,50,-0.76,12.255438900511164
2,50,-0.75,12.399069576752693
2,50,-0.74,12.090609017332604
2,50,-0.73,11.81527793591353
2,50,-0.72,11.65166297290497
2,50,-0.71,11.565670660779363
2,50,-0.7,11.211832717057067
2,50,-0.69,10.905425435209155
2,50,-0.68,10.861343876408853
2,50,-0.67,10.521442724362538
2,50,-0.66,10.332649790926956
2,50,-0.65,10.184724759592353
2,50,-0.64,10.10450402960374
2,50,-0.63,9.691137678195139
2,50,-0.62,9.513813642840145
2,50,-0.61,9.41244475887204
2,50,-0.6,9.444271692758143
2,50,-0.59,9.141664358757787
2,50,-0.58,8.731866351969908
2,50,-0.57,8.429216199940504
2,50,-0.56,8.275237797808614
2,50,-0.55,8.020761829735472
2,50,-0.54,7.7502924744762955
2,50,-0.53,7.573736811890808
2,50,-0.52,7.468456897108
2,50,-0.51,7.418868930486272
2,50,-0.5,7.264435021014323
2,50,-0.49,7.236813174322568
2,50,-0.48,7.047729230583551
2,50,-0.47,6.817488825746573
2,50,-0.46,6.674650033607386
2,50,-0.45,6.57348638333428
2,50,-0.44,6.607334729971177
2,50,-0.43,6.409872855050758
2,50,-0.42,6.2998620897352575
2,50,-0.41,6.11518466160586
2,50,-0.4,5.799754722936248
2,50,-0.39,5.452897046144889
2,50,-0.38,5.212789764935005
2,50,-0.37,5.0267950610454495
2,50,-0.36,5.09105308251132
2,50,-0.35,5.237143391724709
2,50,-0.34,5.442334518962743
2,50,-0.33,5.636147466209275
2,50,-0.32,5.776172767149659
2,50,-0.31,5.7781769721472545
2,50,-0.3,5.657248871220162
2,50,-0.29,5.513908787719006
2,50,-0.28,5.35272487592068
2,50,-0.27,5.298511840936863
2,50,-0.26,5.247491448761288
2,50,-0.25,5.19011377949676
2,50,-0.24,5.077598114666139
2,50,-0.23,5.0056003838985035
2,50,-0.22,4.884120554037539
2,50,-0.21,4.698404194126631
2,50,-0.2,4.50349266220865
2,50,-0.19,4.345089105551379
2,50,-0.18,4.322541277747145
2,50,-0.17,4.405252590367594
2,50,-0.16,4.493695081607667
2,50,-0.15,4.587784496848407
2,50,-0.14,4.66354871412493
2,50,-0.13,4.643580420477679
2,50,-0.12,4.466411029139
2,50,-0.11,4.260906957575037
2,50,-0.1,4.150426720360098
2,50,-0.09,4.307606335287383
2,50,-0.08,4.626369025245551
2,50,-0.07,4.988881724619143
2,50,-0.06,5.149105732931556
2,50,-0.05,4.907847714305831
2,50,-0.04,4.247392471932068
2,50,-0.03,3.1645888143602114
2,50,-0.02,1.8005175875698898
2,50,-0.01,0.6817296498923809
2,50,0.0,0.02728570980472099
2,50,0.01,0.92237152467547
2,50,0.02,2.657944127385628
2,50,0.03,4.345171487089024
2,50,0.04,2.5299953943334583
2,50,0.05,18.951214115653773
2,50,0.06,29.837856309841452
2,50,0.07,28.345400136209403
2,50,0.08,25.96677978740552
2,50,0.09,23.453143246115072
2,50,0.1,28.187622341343662
2,50,0.11,29.67658047492199
2,50,0.12,28.771449945499334
2,50,0.13,26.90591223634586
2,50,0.14,25.235454894036078
2,50,0.15,23.88799078629214
2,50,0.16,22.36711137660417
2,50,0.17,21.117316901763996
2,50,0.18,20.04531271879072
2,50,0.19,19.093543891579714
2,50,0.2,18.223911412836248
2,50,0.21,17.531647930518538
2,50,0.22,16.595822744948222
2,50,0.23,16.01375403026769
2,50,0.24,15.224597031725507
2,50,0.25,14.758197093655781
2,50,0.26,14.205639034761465
2,50,0.27,13.654384037438746
2,50,0.28,13.304532240088209
2,50,0.29,12.968101089167321
2,50,0.3,12.491142580743315
2,50,0.31,12.069202009438415
2,50,0.32,11.73724453291491
2,50,0.33,11.465357364052135
2,50,0.34,11.141764154264758
2,50,0.35,10.76552755264017
2,50,0.36,10.420745378808043
2,50,0.37,10.126999961776086
2,50,0.38,9.882903814762779
2,50,0.39,9.681543435190857
2,50,0.4,9.4982636652591
2,50,0.41,9.293191382112797
2,50,0.42,9.060373427676195
2,50,0.43,8.827306030394025
2,50,0.44,8.611439204622387
2,50,0.45,8.416788997609856
2,50,0.46,8.242866172168224
2,50,0.47,8.088511627502589
2,50,0.48,7.95253316788054
2,50,0.49,7.832963946901958
2,50,0.5,7.725547255200716
2,50,0.51,7.622640153144456
2,50,0.52,7.515207472377127
2,50,0.53,7.398384969415979
2,50,0.54,7.274369304248074
2,50,0.55,7.148812303434214
2,50,0.56,7.026383719654804
2,50,0.57,6.909514029675103
2,50,0.58,6.79899583905108
2,50,0.59,6.694780901227686
2,50,0.6,6.596484887178844
2,50,0.61,6.503640916858141
2,50,0.62,6.415808108093965
2,50,0.63,6.332608397167424
2,50,0.64,6.253723514900852
2,50,0.65,6.178867974841106
2,50,0.66,6.107741126711258
2,50,0.67,6.0399620802092615
2,50,0.68,5.974994918923032
2,50,0.69,5.912082768072647
2,50,0.7,5.850225792495238
2,50,0.71,5.788242011446506
2,50,0.72,5.724929226676961
2,50,0.73,5.659289131613371
2,50,0.74,5.590721523975386
2,50,0.75,5.519088669493458
2,50,0.76,5.4445161509859
2,50,0.77,5.366739032360392
2,50,0.78,5.284659825420425
2,50,0.79,5.194649528535784
2,50,0.8,5.054233250282708
2,50,0.81,1000.0
2,50,0.82,15.654233315615759
2,50,0.83,1000.0
2,50,0.84,1000.0
2,50,0.85,1000.0
2,50,0.86,16.386583931317293
2,50,0.87,16.091705155321343
2,50,0.88,16.2935311244596
2,50,0.89,1000.0
2,50,0.9,1000.0
2,50,0.91,1000.0
2,50,0.92,1000.0
2,50,0.93,1000.0
2,50,0.94,1000.0
2,50,0.95,1000.0
2,50,0.96,1000.0
2,50,0.97,1000.0
2,50,0.98,1000.0
2,50,0.99,1000.0
2,50,1.0,1000.0
2,50,1.01,1000.0
2,50,1.02,1000.0
2,50,1.03,1000.0
2,50,1.04,1000.0
2,50,1.05,1000.0
2,50,1.06,1000.0
2,50,1.07,1000.0
2,50,1.08,1000.0
2,50,1.09,1000.0
2,50,1.1,1000.0
2,50,1.11,1000.0
2,50,1.12,1000.0
2,50,1.13,1000.0
2,50,1.14,1000.0
2,50,1.15,1000.0
2,50,1.16,1000.0
2,50,1.17,1000.0
2,50,1.18,1000.0
2,50,1.19,1000.0
2,50,1.2,1000.0
2,50,1.21,1000.0
2,50,1.22,1000.0
2,50,1.23,1000.0
2,50,1.24,1000.0
2,50,1.25,1000.0
2,50,1.26,1000.0
2,50,1.27,1000.0
2,50,1.28,1000.0
2,50,1.29,1000.0
2,50,1.3,1000.0
2,50,1.31,1000.0
2,50,1.32,1000.0
2,50,1.33,1000.0
2,50,1.34,1000.0
2,50,1.35,1000.0
2,50,1.36,1000.0
2,50,1.37,1000.0
2,50,1.38,1000.0
2,50,1.39,1000.0
2,50,1.4,1000.0
2,50,1.41,1000.0
2,50,1.42,1000.0
2,50,1.43,1000.0
2,50,1.44,1000.0
2,50,1.45,1000.0
2,50,1.46,1000.0
2,50,1.47,1000.0
2,50,1.48,1000.0
2,50,1.49,1000.0
2,50,1.5,1000.0
2,50,1.51,1000.0
2,50,1.52,1000.0
2,50,1.53,1000.0
2,50,1.54,1000.0
2,50,1.55,1000.0
2,50,1.56,1000.0
2,50,1.57,1000.0
2,50,1.58,1000.0
2,50,1.59,1000.0
2,50,1.6,1000.0
2,50,1.61,1000.0
2,50,1.62,1000.0
2,50,1.63,1000.0
2,50,1.64,1000.0
2,50,1.65,1000.0
2,50,1.66,1000.0
2,50,1.67,1000.0
2,50,1.68,1000.0
2,50,1.69,1000.0
2,50,1.7,1000.0
2,50,1.71,1000.0
2,50,1.72,1000.0
2,50,1.73,1000.0
2,50,1.74,1000.0
2,50,1.75,1000.0
2,50,1.76,1000.0
2,50,1.77,1000.0
2,50,1.78,1000.0
2,50,1.79,1000.0
2,50,1.8,1000.0
2,50,1.81,1000.0
2,50,1.82,1000.0
2,50,1.83,1000.0
2,50,1.84,1000.0
2,50,1.85,1000.0
2,50,1.86,1000.0
2,50,1.87,1000.0
2,50,1.88,1000.0
2,50,1.89,1000.0
2,50,1.9,1000.0
2,50,1.91,1000.0
2,50,1.92,1000.0
2,50,1.93,1000.0
2,50,1.94,1000.0
2,50,1.95,1000.0
2,50,1.96,1000.0
2,50,1.97,1000.0
2,50,1.98,1000.0
2,50,1.99,1000.0
2,50,2.0,1000.0
2,100,-2.0,1000.0
2,100,-1.99,1000.0
2,100,-1.98,1000.0
2,100,-1.97,1000.0
2,100,-1.96,1000.0
2,100,-1.95,1000.0
2,100,-1.94,1000.0
2,100,-1.93,1000.0
2,100,-1.92,1000.0
2,100,-1.91,1000.0
2,100,-1.9,1000.0
2,100,-1.89,1000.0
2,100,-1.88,1000.0
2,100,-1.87,1000.0
2,100,-1.86,1000.0
2,100,-1.85,1000.0
2,100,-1.84,1000.0
2,100,-1.83,1000.0
2,100,-1.82,1000.0
2,100,-1.81,1000.0
2,100,-1.8,1000.0
2,100,-1.79,1000.0
2,100,-1.78,1000.0
2,100,-1.77,1000.0
2,100,-1.76,1000.0
2,100,-1.75,1000.0
2,100,-1.74,1000.0
2,100,-1.73,1000.0
2,100,-1.72,1000.0
2,100,-1.71,1000.0
2,100,-1.7,1000.0
2,100,-1.69,1000.0
2,100,-1.68,1000.0
2,100,-1.67,1000.0
2,100,-1.66,1000.0
2,100,-1.65,1000.0
2,100,-1.64,1000.0
2,100,-1.63,1000.0
2,100,-1.62,1000.0
2,100,-1.61,1000.0
2,100,-1.6,1000.0
2,100,-1.59,1000.0
2,100,-1.58,1000.0
2,100,-1.57,1000.0
2,100,-1.56,1000.0
2,100,-1.55,1000.0
2,100,-1.54,1000.0
2,100,-1.53,1000.0
2,100,-1.52,1000.0
2,100,-1.51,1000.0
2,100,-1.5,1000.0
2,100,-1.49,1000.0
2,100,-1.48,1000.0
2,100,-1.47,1000.0
2,100,-1.46,1000.0
2,100,-1.45,1000.0
2,100,-1.44,1000.0
2,100,-1.43,1000.0
2,100,-1.42,1000.0
2,100,-1.41,1000.0
2,100,-1.4,1000.0
2,100,-1.39,1000.0
2,100,-1.38,1000.0
2,100,-1.37,1000.0
2,100,-1.36,1000.0
2,100,-1.35,1000.0
2,100,-1.34,1000.0
2,100,-1.33,1000.0
2,100,-1.32,1000.0
2,100,-1.31,1000.0
2,100,-1.3,1000.0
2,100,-1.29,1000.0
2,100,-1.28,1000.0
2,100,-1.27,1000.0
2,100,-1.26,1000.0
2,100,-1.25,1000.0
2,100,-1.24,1000.0
2,100,-1.23,1000.0
2,100,-1.22,1000.0
2,100,-1.21,1000.0
2,100,-1.2,1000.0
2,100,-1.19,1000.0
2,100,-1.18,1000.0
2,100,-1.17,1000.0
2,100,-1.16,1000.0
2,100,-1.15,1000.0
2,100,-1.14,1000.0
2,100,-1.13,1000.0
2,100,-1.12,1000.0
2,100,-1.11,1000.0
2,100,-1.1,1000.0
2,100,-1.09,1000.0
2,100,-1.08,1000.0
2,100,-1.07,1000.0
2,100,-1.06,1000.0
2,100,-1.05,1000.0
2,100,-1.04,1000.0
2,100,-1.03,1000.0
2,100,-1.02,1000.0
2,100,-1.01,1000.0
2,100,-1.0,1000.0
2,100,-0.99,1000.0
2,100,-0.98,1000.0
2,100,-0.97,1000.0
2,100,-0.96,1000.0
2,100,-0.95,1000.0
2,100,-0.94,1000.0
2,100,-0.93,1000.0
2,100,-0.92,1000.0
2,100,-0.91,1000.0
2,100,-0.9,1000.0
2,100,-0.89,1000.0
2,100,-0.88,16.75206088865158
2,100,-0.87,15.433730432106366
2,100,-0.86,15.155393164395193
2,100,-0.85,15.487643013863957
2,100,-0.84,15.648406993859298
2,100,-0.83,14.34475606562402
2,100,-0.82,14.608759835735725
2,100,-0.81,14.073940418690137
2,100,-0.8,13.848488914559509
2,100,-0.79,13.6411239908442
2,100,-0.78,13.240756196830636
2,100,-0.77,13.166469343999895
2,100,-0.76,12.66277215341165
2,100,-0.75,12.541316902733081
2,100,-0.74,12.26313590396409
2,100,-0.73,11.365254111792934
2,100,-0.72,12.123501073283798
2,100,-0.71,11.663410801489047
2,100,-0.7,11.468997119198788
2,100,-0.69,11.309595303871017
2,100,-0.68,10.979871287152635
2,100,-0.67,10.786401959542532
2,100,-0.66,10.64333512571399
2,100,-0.65,10.523753908463801
2,100,-0.64,10.1551650924073
2,100,-0.63,9.868180600634743
2,100,-0.62,9.682096635587836
2,100,-0.61,9.394898938687987
2,100,-0.6,9.524975695305757
2,100,-0.59,9.269382499885836
2,100,-0.58,8.67555179473496
2,100,-0.57,8.224005727246995
2,100,-0.56,8.468429911674454
2,100,-0.55,8.151634069134381
2,100,-0.54,7.872193092501103
2,100,-0.53,7.922713153806721
2,100,-0.52,7.880428018024125
2,100,-0.51,7.588343574575113
2,100,-0.5,7.270932048978622
2,100,-0.49,7.287371396622619
2,100,-0.48,7.031185641247965
2,100,-0.47,6.868281922282045
2,100,-0.46,6.808770222985621
2,100,-0.45,6.859561085263845
2,100,-0.44,6.809178384705358
2,100,-0.43,6.64179439583822
2,100,-0.42,6.393268182605331
2,100,-0.41,6.062576211946473
2,100,-0.4,5.883350532323888
2,100,-0.39,6.009951973501668
2,100,-0.38,6.061865927715266
2,100,-0.37,5.70293122087906
2,100,-0.36,5.257718505061964
2,100,-0.35,5.065725851577461
2,100,-0.34,5.328808830239932
2,100,-0.33,5.723088440525005
2,100,-0.32,5.866919548431344
2,100,-0.31,5.768052547896277
2,100,-0.3,5.555691585806556
2,100,-0.29,5.3181905882951686
2,100,-0.28,5.220397189700487
2,100,-0.27,5.191028301120228
2,100,-0.26,5.197692232935282
2,100,-0.25,5.19267379221703
2,100,-0.24,5.064986911166328
2,100,-0.23,4.772065862449264
2,100,-0.22,4.4838413484262025
2,100,-0.21,4.488356602839558
2,100,-0.2,4.692196439865048
2,100,-0.19,4.765058847835094
2,100,-0.18,4.6311805357196
2,100,-0.17,4.390684012953293
2,100,-0.16,4.44468060403108
2,100,-0.15,4.6126392916425525
2,100,-0.14,4.519281781133436
2,100,-0.13,3.990404723517711
2,100,-0.12,3.580538316926504
2,100,-0.11,3.569343817369635
2,100,-0.1,4.027361005040318
2,100,-0.09,4.795711380562041
2,100,-0.08,5.093178693438602
2,100,-0.07,4.955443342490942
2,100,-0.06,4.526755299053549
2,100,-0.05,3.9972371270242313
2,100,-0.04,4.108109442749727
2,100,-0.03,4.847110252062905
2,100,-0.02,4.4462529036152665
2,100,-0.01,2.2589257123567488
2,100,0.0,0.017576201469118733
2,100,0.01,2.4017810606179895
2,100,0.02,4.703833454850844
2,100,0.03,4.612861065444663
2,100,0.04,2.6310215869063645
2,100,0.05,67.3156224929699
2,100,0.06,68.58091572668347
2,100,0.07,60.474101671367485
2,100,0.08,53.27559275623671
2,100,0.09,47.04496132007181
2,100,0.1,42.12404540716902
2,100,0.11,38.15235311578935
2,100,0.12,34.80829535891138
2,100,0.13,31.871198276863364
2,100,0.14,29.392262337105297
2,100,0.15,27.43605879891135
2,100,0.16,25.495089911938916
2,100,0.17,23.802511733488835
2,100,0.18,22.408232215945173
2,100,0.19,21.234171438715467
2,100,0.2,20.148128752193255
2,100,0.21,19.086977445367218
2,100,0.22,18.105180384559482
2,100,0.23,17.228021231512763
2,100,0.24,16.448769948889364
2,100,0.25,15.75514914077043
2,100,0.26,15.135588092591815
2,100,0.27,14.578826698480094
2,100,0.28,14.072451293689566
2,100,0.29,13.602621497986663
2,100,0.3,13.156642867773348
2,100,0.31,12.727275966360397
2,100,0.32,12.313992733819536
2,100,0.33,11.919623480579139
2,100,0.34,11.546681690929738
2,100,0.35,11.196080705978222
2,100,0.36,10.867406116137388
2,100,0.37,10.559507339846906
2,100,0.38,10.270937086162416
2,100,0.39,10.000196195006863
2,100,0.4,9.7458506333956
2,100,0.41,9.506578471431917
2,100,0.42,9.281181518373645
2,100,0.43,9.068581799596982
2,100,0.44,8.86781116108068
2,100,0.45,8.677998390425577
2,100,0.46,8.498356575383966
2,100,0.47,8.328171055306283
2,100,0.48,8.166788008562783
2,100,0.49,8.013604146500196
2,100,0.5,7.86805757006799
2,100,0.51,7.729619542613935
2,100,0.52,7.597787243772515
2,100,0.53,7.472077838557159
2,100,0.54,7.352024120319837
2,100,0.55,7.237171867169849
2,100,0.56,7.1270790668402
2,100,0.57,7.021317158660152
2,100,0.58,6.919474246414788
2,100,0.59,6.821159882753988
2,100,0.6,6.726010676583976
2,100,0.61,6.633695807449398
2,100,0.62,6.543921613439932
2,100,0.63,6.456434584848721
2,100,0.64,6.371022234587084
2,100,0.65,6.287511616622037
2,100,0.66,6.205765687001437
2,100,0.67,6.125677937232966
2,100,0.68,6.047165631631994
2,100,0.69,5.970161576276412
2,100,0.7,5.894603804075243
2,100,0.71,5.820422425899322
2,100,0.72,5.747524514393749
2,100,0.73,5.675783238042469
2,100,0.74,5.605044717040035
2,100,0.75,5.535151036471047
2,100,0.76,5.465871648822918
2,100,0.77,5.396524022317471
2,100,0.78,5.325880231880408
2,100,0.79,5.250445862920339
2,100,0.8,5.128543170052817
2,100,0.81,1000.0
2,100,0.82,16.80097134002301
2,100,0.83,1000.0
2,100,0.84,1000.0
2,100,0.85,1000.0
2,100,0.86,17.15901704544871
2,100,0.87,17.105981414484212
2,100,0.88,17.11574610468552
2,100,0.89,1000.0
2,100,0.9,16.676993786407984
2,100,0.91,1000.0
2,100,0.92,1000.0
2,100,0.93,1000.0
2,100,0.94,1000.0
2,100,0.95,1000.0
2,100,0.96,1000.0
2,100,0.97,1000.0
2,100,0.98,1000.0
2,100,0.99,1000.0
2,100,1.0,1000.0
2,100,1.01,1000.0
2,100,1.02,1000.0
2,100,1.03,1000.0
2,100,1.04,1000.0
2,100,1.05,1000.0
2,100,1.06,1000.0
2,100,1.07,1000.0
2,100,1.08,1000.0
2,100,1.09,1000.0
2,100,1.1,1000.0
2,100,1.11,1000.0
2,100,1.12,1000.0
2,100,1.13,1000.0
2,100,1.14,1000.0
2,100,1.15,1000.0
2,100,1.16,1000.0
2,100,1.17,1000.0
2,100,1.18,1000.0
2,100,1.19,1000.0
2,100,1.2,1000.0
2,100,1.21,1000.0
2,100,1.22,1000.0
2,100,1.23,1000.0
2,100,1.24,1000.0
2,100,1.25,1000.0
2,100,1.26,1000.0
2,100,1.27,1000.0
2,100,1.28,1000.0
2,100,1.29,1000.0
2,100,1.3,1000.0
2,100,1.31,1000.0
2,100,1.32,1000.0
2,100,1.33,1000.0
2,100,1.34,1000.0
2,100,1.35,1000.0
2,100,1.36,1000.0
2,100,1.37,1000.0
2,100,1.38,1000.0
2,100,1.39,1000.0
2,100,1.4,1000.0
2,100,1.41,1000.0
2,100,1.42,1000.0
2,100,1.43,1000.0
2,100,1.44,1000.0
2,100,1.45,1000.0
2,100,1.46,1000.0
2,100,1.47,1000.0
2,100,1.48,1000.0
2,100,1.49,1000.0
2,100,1.5,1000.0
2,100,1.51,1000.0
2,100,1.52,1000.0
2,100,1.53,1000.0
2,100,1.54,1000.0
2,100,1.55,1000.0
2,100,1.56,1000.0
2,100,1.57,1000.0
2,100,1.58,1000.0
2,100,1.59,1000.0
2,100,1.6,1000.0
2,100,1.61,1000.0
2,100,1.62,1000.0
2,100,1.63,1000.0
2,100,1.64,1000.0
2,100,1.65,1000.0
2,100,1.66,1000.0
2,100,1.67,1000.0
2,100,1.68,1000.0
2,100,1.69,1000.0
2,100,1.7,1000.0
2,100,1.71,1000.0
2,100,1.72,1000.0
2,100,1.73,1000.0
2,100,1.74,1000.0
2,100,1.75,1000.0
2,100,1.76,1000.0
2,100,1.77,1000.0
2,100,1.78,1000.0
2,100,1.79,1000.0
2,100,1.8,1000.0
2,100,1.81,1000.0
2,100,1.82,1000.0
2,100,1.83,1000.0
2,100,1.84,1000.0
2,100,1.85,1000.0
2,100,1.86,1000.0
2,100,1.87,1000.0
2,100,1.88,1000.0
2,100,1.89,1000.0
2,100,1.9,1000.0
2,100,1.91,1000.0
2,100,1.92,1000.0
2,100,1.93,1000.0
2,100,1.94,1000.0
2,100,1.95,1000.0
2,100,1.96,1000.0
2,100,1.97,1000.0
2,100,1.98,1000.0
2,100,1.99,1000.0
2,100,2.0,1000.0
3,1,-2.0,1000.0
3,1,-1.99,1000.0
3,1,-1.98,1000.0
3,1,-1.97,1000.0
3,1,-1.96,1000.0
3,1,-1.95,1000.0
3,1,-1.94,1000.0
3,1,-1.93,1000.0
3,1,-1.92,1000.0
3,1,-1.91,1000.0
3,1,-1.9,1000.0
3,1,-1.89,1000.0
3,1,-1.88,1000.0
3,1,-1.87,1000.0
3,1,-1.86,1000.0
3,1,-1.85,1000.0
3,1,-1.84,1000.0
3,1,-1.83,1000.0
3,1,-1.82,1000.0
3,1,-1.81,1000.0
3,1,-1.8,1000.0
3,1,-1.79,1000.0
3,1,-1.78,1000.0
3,1,-1.77,1000.0
3,1,-1.76,1000.0
3,1,-1.75,1000.0
3,1,-1.74,1000.0
3,1,-1.73,1000.0
3,1,-1.72,1000.0
3,1,-1.71,1000.0
3,1,-1.7,1000.0
3,1,-1.69,1000.0
3,1,-1.68,1000.0
3,1,-1.67,1000.0
3,1,-1.66,1000.0
3,1,-1.65,1000.0
3,1,-1.64,1000.0
3,1,-1.63,1000.0
3,1,-1.62,1000.0
3,1,-1.61,1000.0
3,1,-1.6,1000.0
3,1,-1.59,1000.0
3,1,-1.58,1000.0
3,1,-1.57,1000.0
3,1,-1.56,1000.0
3,1,-1.55,1000.0
3,1,-1.54,1000.0
3,1,-1.53,1000.0
3,1,-1.52,1000.0
3,1,-1.51,1000.0
3,1,-1.5,1000.0
3,1,-1.49,1000.0
3,1,-1.48,1000.0
3,1,-1.47,1000.0
3,1,-1.46,1000.0
3,1,-1.45,1000.0
3,1,-1.44,1000.0
3,1,-1.43,1000.0
3,1,-1.42,1000.0
3,1,-1.41,1000.0
3,1,-1.4,1000.0
3,1,-1.39,1000.0
3,1,-1.38,1000.0
3,1,-1.37,1000.0
3,1,-1.36,1000.0
3,1,-1.35,1000.0
3,1,-1.34,1000.0
3,1,-1.33,1000.0
3,1,-1.32,1000.0
3,1,-1.31,1000.0
3,1,-1.3,1000.0
3,1,-1.29,1000.0
3,1,-1.28,1000.0
3,1,-1.27,1000.0
3,1,-1.26,1000.0
3,1,-1.25,1000.0
3,1,-1.24,1000.0
3,1,-1.23,1000.0
3,1,-1.22,1000.0
3,1,-1.21,1000.0
3,1,-1.2,1000.0
3,1,-1.19,1000.0
3,1,-1.18,1000.0
3,1,-1.17,1000.0
3,1,-1.16,1000.0
3,1,-1.15,1000.0
3,1,-1.14,1000.0
3,1,-1.13,1000.0
3,1,-1.12,1000.0
3,1,-1.11,1000.0
3,1,-1.1,1000.0
3,1,-1.09,1000.0
3,1,-1.08,1000.0
3,1,-1.07,1000.0
3,1,-1.06,1000.0
3,1,-1.05,1000.0
3,1,-1.04,1000.0
3,1,-1.03,1000.0
3,1,-1.02,1000.0
3,1,-1.01,1000.0
3,1,-1.0,1000.0
3,1,-0.99,1000.0
3,1,-0.98,1000.0
3,1,-0.97,1000.0
3,1,-0.96,1000.0
3,1,-0.95,1000.0
3,1,-0.94,1000.0
3,1,-0.93,1000.0
3,1,-0.92,1000.0
3,1,-0.91,1000.0
3,1,-0.9,1000.0
3,1,-0.89,1000.0
3,1,-0.88,1000.0
3,1,-0.87,1000.0
3,1,-0.86,1000.0
3,1,-0.85,1000.0
3,1,-0.84,1000.0
3,1,-0.83,1000.0
3,1,-0.82,1000.0
3,1,-0.81,1000.0
3,1,-0.8,1000.0
3,1,-0.79,1000.0
3,1,-0.78,1000.0
3,1,-0.77,1000.0
3,1,-0.76,1000.0
3,1,-0.75,1000.0
3,1,-0.74,1000.0
3,1,-0.73,1000.0
3,1,-0.72,1000.0
3,1,-0.71,1000.0
3,1,-0.7,1000.0
3,1,-0.69,1000.0
3,1,-0.68,1000.0
3,1,-0.67,1000.0
3,1,-0.66,1000.0
3,1,-0.65,1000.0
3,1,-0.64,1000.0
3,1,-0.63,1000.0
3,1,-0.62,1000.0
3,1,-0.61,1000.0
3,1,-0.6,1000.0
3,1,-0.59,1000.0
3,1,-0.58,1000.0
3,1,-0.57,1000.0
3,1,-0.56,1000.0
3,1,-0.55,1000.0
3,1,-0.54,1000.0
3,1,-0.53,1000.0
3,1,-0.52,1000.0
3,1,-0.51,1000.0
3,1,-0.5,1000.0
3,1,-0.49,1000.0
3,1,-0.48,1000.0
3,1,-0.47,1000.0
3,1,-0.46,1000.0
3,1,-0.45,1000.0
3,1,-0.44,1000.0
3,1,-0.43,1000.0
3,1,-0.42,1000.0
3,1,-0.41,82.49950116607424
3,1,-0.4,2.5407805831751644
3,1,-0.39,1.2049278432671282
3,1,-0.38,0.8487830246032859
3,1,-0.37,0.6623079060128758
3,1,-0.36,0.5419883683185254
3,1,-0.35,0.45616714499192723
3,1,-0.34,0.3911732942867827
3,1,-0.33,0.33993176782201473
3,1,-0.32,0.29834298494931977
3,1,-0.31,0.2638387479173893
3,1,-0.3,0.2347151782264539
3,1,-0.29,0.209790863470583
3,1,-0.28,0.1882174777598547
3,1,-0.27,0.16936829039275894
3,1,-0.26,0.15276923607347537
3,1,-0.25,0.13805454569021083
3,1,-0.24,0.12493720382329189
3,1,-0.23,0.11318870338327822
3,1,-0.22,0.10262482240828451
3,1,-0.21,0.09309541281411886
3,1,-0.2,0.08447692836333753
3,1,-0.19,0.07666686384677655
3,1,-0.18,0.06957955370493278
3,1,-0.17,0.06314295444594166
3,1,-0.16,0.057296150175590116
3,1,-0.15,0.051987397182926935
3,1,-0.14,0.047172575587042215
3,1,-0.13,0.0428139520462707
3,1,-0.12,0.03887918282828493
3,1,-0.11,0.03534050460192788
3,1,-0.1,0.03217407342647649
3,1,-0.09,0.02935942214327611
3,1,-0.08,0.026879013867911788
3,1,-0.07,0.024717875576098364
3,1,-0.06,0.022863302305440654
3,1,-0.05,0.021304632358589398
3,1,-0.04,0.020033115430464057
3,1,-0.03,0.019041951569635965
3,1,-0.02,0.018326724412357796
3,1,-0.01,0.017886870651677128
3,1,0.0,0.01773109828394226
3,1,0.01,0.017872220386163096
3,1,0.02,0.018292170389534273
3,1,0.03,0.018976806975911215
3,1,0.04,0.01992089643720272
3,1,0.05,0.021122502348206264
3,1,0.06,0.022581311304218407
3,1,0.07,0.024297977195540714
3,1,0.08,0.026273836370216873
3,1,0.09,0.028510763603763437
3,1,0.1,0.031011083046079975
3,1,0.11,0.0337775026157191
3,1,0.12,0.03681305962605956
3,1,0.13,0.040121072359583246
3,1,0.14,0.04370509495222609
3,1,0.15,0.047568874068389486
3,1,0.16,0.051716306384667246
3,1,0.17,0.056151396194866886
3,1,0.18,0.06087821263042471
3,1,0.19,0.06590084611393544
3,1,0.2,0.07122336375541811
3,1,0.21,0.07684976347497553
3,1,0.22,0.08278392669970641
3,1,0.23,0.08902956954204579
3,1,0.24,0.09559019242431865
3,1,0.25,0.10246902817224725
3,1,0.26,0.10966898865977692
3,1,0.27,0.11719261014961609
3,1,0.28,0.12504199753867357
3,1,0.29,0.133218767785032
3,1,0.3,0.14172399286284157
3,1,0.31,0.15055814266280193
3,1,0.32,0.15972102832766708
3,1,0.33,0.1692117465830601
3,1,0.34,0.1790286256921388
3,1,0.35,0.18916917372631256
3,1,0.36,0.19963002990103584
3,1,0.37,0.2104069197732556
3,1,0.38,0.22149461513279672
3,1,0.39,0.2328868994411981
3,1,0.4,0.24457653967577533
3,1,0.41,0.2565552654216118
3,1,0.42,0.26881375601787977
3,1,0.43,0.28134163650598926
3,1,0.44,0.29412748304502845
3,1,0.45,0.30715883835538427
3,1,0.46,0.32042223762662897
3,1,0.47,0.33390324518539616
3,1,0.48,0.347586502071791
3,1,0.49,0.3614557845341755
3,1,0.5,0.3754940733486999
3,1,0.51,0.38968363384715055
3,1,0.52,0.40400610666552267
3,1,0.53,0.4184426095878187
3,1,0.54,0.4329738514227106
3,1,0.55,0.44758025895463344
3,1,0.56,0.4622421149332999
3,1,0.57,0.4769396924153925
3,1,0.58,0.4916533461128676
3,1,0.59,0.5063635202545602
3,1,0.6,0.5210507239248686
3,1,0.61,0.5356956213718346
3,1,0.62,0.5502792653406184
3,1,0.63,0.5647833309091921
3,1,0.64,0.5791902595828903
3,1,0.65,0.5934833371048281
3,1,0.66,0.6076467475657598
3,1,0.67,0.6216656222355816
3,1,0.68,0.6355260854099287
3,1,0.69,0.6492152949773646
3,1,0.7,0.6627214754091862
3,1,0.71,0.6760339417894995
3,1,0.72,0.6891431142967334
3,1,0.73,0.702040523085004
3,1,0.74,0.7147188038578102
3,1,0.75,0.7271716846475683
3,1,0.76,0.7393939644584814
3,1,0.77,0.7513814845238632
3,1,0.78,0.763131092987263
3,1,0.79,0.7746406038484128
3,1,0.8,0.7859087510257408
3,1,0.81,0.7969351383809432
3,1,0.82,0.8077201865311191
3,1,0.83,0.8182650772428517
3,1,0.84,0.8285716961627542
3,1,0.85,0.8386425745924445
3,1,0.86,0.8484808309644403
3,1,0.87,0.8580901126206878
3,1,0.88,0.8674745384385986
3,1,0.89,0.8766386427917656
3,1,0.9,0.8855873212747751
3,1,0.91,0.8943257785645208
3,1,0.92,0.9028594787347451
3,1,0.93,0.9111940982865726
3,1,0.94,0.9193354821060143
3,1,0.95,0.9272896025100381
3,1,0.96,0.9350625214959718
3,1,0.97,0.9426603562650447
3,1,0.98,0.9500892480497516
3,1,0.99,0.957355334236587
3,1,1.0,0.9644647237406984
3,1,1.01,0.97142347555705
3,1,1.02,0.9782375803839706
3,1,1.03,0.9849129451894237
3,1,1.04,0.9914553805680525
3,1,1.05,0.9978705907180264
3,1,1.06,1.00416416585099
3,1,1.07,1.0103415768359294
3,1,1.08,1.0164081718685565
3,1,1.09,1.0223691749518304
3,1,1.1,1.0282296859703541
3,1,1.11,1.033994682141582
3,1,1.12,1.0396690206298873
3,1,1.13,1.045257442115356
3,1,1.14,1.050764575117578
3,1,1.15,1.0561949408853315
3,1,1.16,1.0615529586757362
3,1,1.17,1.066842951260829
3,1,1.18,1.0720691505151392
3,1,1.19,1.07723570295461
3,1,1.2,1.0823466751144917
3,1,1.21,1.087406058671398
3,1,1.22,1.092417775232224
3,1,1.23,1.0973856807296156
3,1,1.24,1.1023135693800206
3,1,1.25,1.1072051771755802
3,1,1.26,1.112064184895155
3,1,1.27,1.1168942206323829
3,1,1.28,1.1216988618496389
3,1,1.29,1.126481636976213
3,1,1.3,1.1312460265766893
3,1,1.31,1.1359954641215726
3,1,1.32,1.1407333363967416
3,1,1.33,1.1454629835912054
3,1,1.34,1.1501876991044235
3,1,1.35,1.154910729114758
3,1,1.36,1.1596352719501297
3,1,1.37,1.1643644773004769
3,1,1.38,1.1691014453094422
3,1,1.39,1.1738492255800577
3,1,1.4,1.1786108161261055
3,1,1.41,1.1833891622975
3,1,1.42,1.1881871557045256
3,1,1.43,1.1930076331622552
3,1,1.44,1.1978533756728973
3,1,1.45,1.2027271074604255
3,1,1.46,1.2076314950684843
3,1,1.47,1.2125691465294184
3,1,1.48,1.2175426106093554
3,1,1.49,1.2225543761315263
3,1,1.5,1.2276068713775299
3,1,1.51,1.2327024635640897
3,1,1.52,1.2378434583909208
3,1,1.53,1.2430320996537716
3,1,1.54,1.2482705689154325
3,1,1.55,1.253560985226609
3,1,1.56,1.2589054048879933
3,1,1.57,1.2643058212446459
3,1,1.58,1.2697641645039222
3,1,1.59,1.2752823015686414
3,1,1.6,1.28086203587789
3,1,1.61,1.286505107248887
3,1,1.62,1.292213191714542
3,1,1.63,1.2979879013527253
3,1,1.64,1.3038307841048284
3,1,1.65,1.3097433235827498
3,1,1.66,1.315726938865172
3,1,1.67,1.3217829842855484
3,1,1.68,1.3279127492158918
3,1,1.69,1.3341174578519521
3,1,1.7,1.3403982690067797
3,1,1.71,1.346756275921019
3,1,1.72,1.3531925060993721
3,1,1.73,1.3597079211837877
3,1,1.74,1.3663034168747088
3,1,1.75,1.3729798229125436
3,1,1.76,1.3797379031320387
3,1,1.77,1.3865783556027027
3,1,1.78,1.3935018128687455
3,1,1.79,1.4005088423020966
3,1,1.8,1.4075999465821423
3,1,1.81,1.4147755643155664
3,1,1.82,1.4220360708094257
3,1,1.83,1.4293817790100265
3,1,1.84,1.4368129406194503
3,1,1.85,1.4443297474006873
3,1,1.86,1.4519323326811715
3,1,1.87,1.4596207730631077
3,1,1.88,1.4673950903475315
3,1,1.89,1.4752552536770804
3,1,1.9,1.4832011819006237
3,1,1.91,1.4912327461606916
3,1,1.92,1.4993497727023917
3,1,1.93,1.5075520459000926
3,1,1.94,1.5158393114958122
3,1,1.95,1.5242112800407204
3,1,1.96,1.5326676305287328
3,1,1.97,1.5412080142088949
3,1,1.98,1.5498320585608067
3,1,1.99,1.5585393714152085
3,1,2.0,1.5673295451997142
3,2,-2.0,1000.0
3,2,-1.99,1000.0
3,2,-1.98,1000.0
3,2,-1.97,1000.0
3,2,-1.96,1000.0
3,2,-1.95,1000.0
3,2,-1.94,1000.0
3,2,-1.93,1000.0
3,2,-1.92,1000.0
3,2,-1.91,1000.0
3,2,-1.9,1000.0
3,2,-1.89,1000.0
3,2,-1.88,1000.0
3,2,-1.87,1000.0
3,2,-1.86,1000.0
3,2,-1.85,1000.0
3,2,-1.84,1000.0
3,2,-1.83,1000.0
3,2,-1.82,1000.0
3,2,-1.81,1000.0
3,2,-1.8,1000.0
3,2,-1.79,1000.0
3,2,-1.78,1000.0
3,2,-1.77,1000.0
3,2,-1.76,1000.0
3,2,-1.75,1000.0
3,2,-1.74,1000.0
3,2,-1.73,1000.0
3,2,-1.72,1000.0
3,2,-1.71,1000.0
3,2,-1.7,1000.0
3,2,-1.69,1000.0
3,2,-1.68,1000.0
3,2,-1.67,1000.0
3,2,-1.66,1000.0
3,2,-1.65,1000.0
3,2,-1.64,1000.0
3,2,-1.63,1000.0
3,2,-1.62,1000.0
3,2,-1.61,1000.0
3,2,-1.6,1000.0
3,2,-1.59,1000.0
3,2,-1.58,1000.0
3,2,-1.57,1000.0
3,2,-1.56,1000.0
3,2,-1.55,1000.0
3,2,-1.54,1000.0
3,2,-1.53,1000.0
3,2,-1.52,1000.0
3,2,-1.51,1000.0
3,2,-1.5,1000.0
3,2,-1.49,1000.0
3,2,-1.48,1000.0
3,2,-1.47,1000.0
3,2,-1.46,1000.0
3,2,-1.45,1000.0
3,2,-1.44,1000.0
3,2,-1.43,1000.0
3,2,-1.42,1000.0
3,2,-1.41,1000.0
3,2,-1.4,1000.0
3,2,-1.39,1000.0
3,2,-1.38,1000.0
3,2,-1.37,1000.0
3,2,-1.36,1000.0
3,2,-1.35,1000.0
3,2,-1.34,1000.0
3,2,-1.33,1000.0
3,2,-1.32,1000.0
3,2,-1.31,1000.0
3,2,-1.3,1000.0
3,2,-1.29,1000.0
3,2,-1.28,1000.0
3,2,-1.27,1000.0
3,2,-1.26,1000.0
3,2,-1.25,1000.0
3,2,-1.24,1000.0
3,2,-1.23,1000.0
3,2,-1.22,1000.0
3,2,-1.21,1000.0
3,2,-1.2,1000.0
3,2,-1.19,1000.0
3,2,-1.18,1000.0
3,2,-1.17,1000.0
3,2,-1.16,1000.0
3,2,-1.15,1000.0
3,2,-1.14,1000.0
3,2,-1.13,1000.0
3,2,-1.12,1000.0
3,2,-1.11,1000.0
3,2,-1.1,1000.0
3,2,-1.09,1000.0
3,2,-1.08,1000.0
3,2,-1.07,1000.0
3,2,-1.06,1000.0
3,2,-1.05,1000.0
3,2,-1.04,1000.0
3,2,-1.03,1000.0
3,2,-1.02,1000.0
3,2,-1.01,1000.0
3,2,-1.0,1000.0
3,2,-0.99,1000.0
3,2,-0.98,1000.0
3,2,-0.97,1000.0
3,2,-0.96,1000.0
3,2,-0.95,1000.0
3,2,-0.94,1000.0
3,2,-0.93,1000.0
3,2,-0.92,1000.0
3,2,-0.91,1000.0
3,2,-0.9,1000.0
3,2,-0.89,1000.0
3,2,-0.88,1000.0
3,2,-0.87,1000.0
3,2,-0.86,1000.0
3,2,-0.85,1000.0
3,2,-0.84,1000.0
3,2,-0.83,1000.0
3,2,-0.82,1000.0
3,2,-0.81,1000.0
3,2,-0.8,1000.0
3,2,-0.79,1000.0
3,2,-0.78,1000.0
3,2,-0.77,1000.0
3,2,-0.76,1000.0
3,2,-0.75,1000.0
3,2,-0.74,1000.0
3,2,-0.73,1000.0
3,2,-0.72,1000.0
3,2,-0.71,1000.0
3,2,-0.7,1000.0
3,2,-0.69,1000.0
3,2,-0.68,1000.0
3,2,-0.67,1000.0
3,2,-0.66,1000.0
3,2,-0.65,1000.0
3,2,-0.64,1000.0
3,2,-0.63,1000.0
3,2,-0.62,1000.0
3,2,-0.61,1000.0
3,2,-0.6,1000.0
3,2,-0.59,1000.0
3,2,-0.58,1000.0
3,2,-0.57,1000.0
3,2,-0.56,1000.0
3,2,-0.55,1000.0
3,2,-0.54,1000.0
3,2,-0.53,1000.0
3,2,-0.52,1000.0
3,2,-0.51,1000.0
3,2,-0.5,1000.0
3,2,-0.49,1000.0
3,2,-0.48,1000.0
3,2,-0.47,1000.0
3,2,-0.46,1000.0
3,2,-0.45,1000.0
3,2,-0.44,1000.0
3,2,-0.43,1000.0
3,2,-0.42,1000.0
3,2,-0.41,1000.0
3,2,-0.4,1000.0
3,2,-0.39,1000.0
3,2,-0.38,1000.0
3,2,-0.37,1000.0
3,2,-0.36,1000.0
3,2,-0.35,1000.0
3,2,-0.34,1000.0
3,2,-0.33,1000.0
3,2,-0.32,1000.0
3,2,-0.31,1000.0
3,2,-0.3,1000.0
3,2,-0.29,1000.0
3,2,-0.28,1000.0
3,2,-0.27,1000.0
3,2,-0.26,1000.0
3,2,-0.25,1000.0
3,2,-0.24,1000.0
3,2,-0.23,1000.0
3,2,-0.22,2.078254902874262
3,2,-0.21,0.7149316796410192
3,2,-0.2,0.47660635620701386
3,2,-0.19,0.3558981911321708
3,2,-0.18,0.2791796466234653
3,2,-0.17,0.22498529557633873
3,2,-0.16,0.18430364942163407
3,2,-0.15,0.15256447538965134
3,2,-0.14,0.1271566700692258
3,2,-0.13,0.10645938405057385
3,2,-0.12,0.08940274577152472
3,2,-0.11,0.07524634847084298
3,2,-0.1,0.06345824635087792
3,2,-0.09,0.053644582661878056
3,2,-0.08,0.045506538862221405
3,2,-0.07,0.03881286902363168
3,2,-0.06,0.03338174583048471
3,2,-0.05,0.029068399522824924
3,2,-0.04,0.02575651042487334
3,2,-0.03,0.023352181761183283
3,2,-0.02,0.02177993290967064
3,2,-0.01,0.020980851211429254
3,2,0.0,0.020915482849303117
3,2,0.01,0.021556705902097597
3,2,0.02,0.022853197858610133
3,2,0.03,0.024762998163461662
3,2,0.04,0.02725747709335157
3,2,0.05,0.030314885520975835
3,2,0.06,0.03391797385400001
3,2,0.07,0.03805273270260294
3,2,0.08,0.04270758535474001
3,2,0.09,0.04787278536562455
3,2,0.1,0.0535399211015507
3,2,0.11,0.05970148669268925
3,2,0.12,0.06635050078796455
3,2,0.13,0.07348016355724285
3,2,0.14,0.08108354677205545
3,2,0.15,0.08915331435281516
3,2,0.16,0.09768147248895401
3,2,0.17,0.10665914967750381
3,2,0.18,0.11607640791838167
3,2,0.19,0.12592208689753046
3,2,0.2,0.13618368329341715
3,2,0.21,0.14684726735650233
3,2,0.22,0.15789743863245295
3,2,0.23,0.16931732213252687
3,2,0.24,0.1810886054165033
3,2,0.25,0.1931916159802902
3,2,0.26,0.2056054370874972
3,2,0.27,0.21830805882725618
3,2,0.28,0.2312765598115993
3,2,0.29,0.24448731364772444
3,2,0.3,0.25791621323868047
3,2,0.31,0.27153890517765117
3,2,0.32,0.2853310260848641
3,2,0.33,0.29926843274289183
3,2,0.34,0.3133274183317232
3,2,0.35,0.32748490792733315
3,2,0.36,0.3417186276480842
3,2,0.37,0.3560072433228103
3,2,0.38,0.3703304662024504
3,2,0.39,0.3846691249236751
3,2,0.4,0.39900520454132393
3,2,0.41,0.41332185487420514
3,2,0.42,0.4276033715768773
3,2,0.43,0.44183515420809805
3,2,0.44,0.4560036460948019
3,2,0.45,0.4700962609977375
3,2,0.46,0.4841013015044625
3,2,0.47,0.4980078737593213
3,2,0.48,0.5118058026531369
3,2,0.49,0.5254855510110799
3,2,0.5,0.5390381457165729
3,2,0.51,0.552455113183663
3,2,0.52,0.5657284262462309
3,2,0.53,0.5788504644750784
3,2,0.54,0.5918139901434651
3,2,0.55,0.6046121418807845
3,2,0.56,0.6172384447558033
3,2,0.57,0.6296868227146912
3,2,0.58,0.6419515745162455
3,2,0.59,0.6540272730652987
3,2,0.6,0.665908639426879
3,2,0.61,0.6775905392652514
3,2,0.62,0.6890681299503285
3,2,0.63,0.7003370159269005
3,2,0.64,0.7113933221499773
3,2,0.65,0.7222337090142761
3,2,0.66,0.7328553712551917
3,2,0.67,0.743256039061197
3,2,0.68,0.7534339834372965
3,2,0.69,0.7633880232071892
3,2,0.7,0.7731175309842445
3,2,0.71,0.7826224363148179
3,2,0.72,0.7919032249613441
3,2,0.73,0.8009609338129897
3,2,0.74,0.8097971412506966
3,2,0.75,0.8184139530200204
3,2,0.76,0.8268139838233044
3,2,0.77,0.8350003349571261
3,2,0.78,0.842976568404402
3,2,0.79,0.8507466778498329
3,2,0.8,0.858315057126354
3,2,0.81,0.865686466621463
3,2,0.82,0.8728659981778979
3,2,0.83,0.8798590390150147
3,2,0.84,0.8866712351775557
3,2,0.85,0.8933084549892336
3,2,0.86,0.8997767529518717
3,2,0.87,0.9060823344886471
3,2,0.88,0.9122315218842096
3,2,0.89,0.9182307217267736
3,2,0.9,0.9240863941091262
3,2,0.91,0.9298050237981382
3,2,0.92,0.9353930935367716
3,2,0.93,0.9408570595994331
3,2,0.94,0.9462033296813649
3,2,0.95,0.9514382431659797
3,2,0.96,0.9565680537805419
3,2,0.97,0.9615989146207419
3,2,0.98,0.9665368654980325
3,2,0.99,0.9713878225402331
3,2,1.0,0.9761575699555257
3,2,1.01,0.980851753852368
3,2,1.02,0.9854758779928846
3,2,1.03,0.9900353013447343
3,2,1.04,0.9945352372861835
3,2,1.05,0.9989807543109518
3,2,1.06,1.003376778073377
3,2,1.07,1.0077280946103178
3,2,1.08,1.0120393545741841
3,2,1.09,1.016315078311259
3,2,1.1,1.020559661621264
3,2,1.11,1.0247773820377382
3,2,1.12,1.0289724054742497
3,2,1.13,1.0331487930886853
3,2,1.14,1.0373105082267107
3,2,1.15,1.0414614233158708
3,2,1.16,1.0456053265934855
3,2,1.17,1.0497459285643496
3,2,1.18,1.0538868680978835
3,2,1.19,1.0580317180887662
3,2,1.2,1.062183990619682
3,2,1.21,1.0663471415794903
3,2,1.22,1.0705245747045928
3,2,1.23,1.0747196450251242
3,2,1.24,1.078935661710718
3,2,1.25,1.083175890322669
3,2,1.26,1.087443554490148
3,2,1.27,1.091741837037628
3,2,1.28,1.0960738805986256
3,2,1.29,1.100442787757351
3,2,1.3,1.1048516207646981
3,2,1.31,1.1093034008783875
3,2,1.32,1.11380110737896
3,2,1.33,1.1183476763138482
3,2,1.34,1.1229459990211381
3,2,1.35,1.1275989204828412
3,2,1.36,1.1323092375549544
3,2,1.37,1.137079697118199
3,2,1.38,1.141912994189506
3,2,1.39,1.1468117700300062
3,2,1.4,1.1517786102808334
3,2,1.41,1.1568160431533907
3,2,1.42,1.1619265376961314
3,2,1.43,1.1671125021554112
3,2,1.44,1.1723762824435562
3,2,1.45,1.1777201607232084
3,2,1.46,1.1831463541131217
3,2,1.47,1.1886570135169918
3,2,1.48,1.1942542225737314
3,2,1.49,1.199939996724671
3,2,1.5,1.2057162823906915
3,2,1.51,1.2115849562501602
3,2,1.52,1.2175478246068567
3,2,1.53,1.2236066228357865
3,2,1.54,1.2297630148938763
3,2,1.55,1.2360185928821885
3,2,1.56,1.2423748766462084
3,2,1.57,1.2488333134012166
3,2,1.58,1.2553952773705386
3,2,1.59,1.2620620694256255
3,2,1.6,1.2688349167184287
3,2,1.61,1.2757149722982601
3,2,1.62,1.282703314707373
3,2,1.63,1.2898009475515773
3,2,1.64,1.2970087990445403
3,2,1.65,1.304327721526667
3,2,1.66,1.3117584909617597
3,2,1.67,1.3193018064168953
3,2,1.68,1.3269582895330212
3,2,1.69,1.3347284839958133
3,2,1.7,1.3426128550180314
3,2,1.71,1.3506117888462892
3,2,1.72,1.358725592306511
3,2,1.73,1.3669544924035457
3,2,1.74,1.375298635991452
3,2,1.75,1.3837580895317527
3,2,1.76,1.3923328389576504
3,2,1.77,1.401022789662658
3,2,1.78,1.4098277666325507
3,2,1.79,1.4187475147396063
3,2,1.8,1.4277816992183987
3,2,1.81,1.4369299063421226
3,2,1.82,1.4461916443183986
3,2,1.83,1.4555663444229932
3,2,1.84,1.4650533623893447
3,2,1.85,1.4746519800709328
3,2,1.86,1.4843614073925235
3,2,1.87,1.4941807846048571
3,2,1.88,1.504109184855844
3,2,1.89,1.5141456170892278
3,2,1.9,1.5242890292795224
3,2,1.91,1.5345383120092995
3,2,1.92,1.5448923023920988
3,2,1.93,1.5553497883408207
3,2,1.94,1.5659095131780973
3,2,1.95,1.5765701805811818
3,2,1.96,1.5873304598498421
3,2,1.97,1.5981889914815504
3,2,1.98,1.6091443930336715
3,2,1.99,1.6201952652478362
3,2,2.0,1.631340198407052
3,5,-2.0,1000.0
3,5,-1.99,1000.0
3,5,-1.98,1000.0
3,5,-1.97,1000.0
3,5,-1.96,1000.0
3,5,-1.95,1000.0
3,5,-1.94,1000.0
3,5,-1.93,1000.0
3,5,-1.92,1000.0
3,5,-1.91,1000.0
3,5,-1.9,1000.0
3,5,-1.89,1000.0
3,5,-1.88,1000.0
3,5,-1.87,1000.0
3,5,-1.86,1000.0
3,5,-1.85,1000.0
3,5,-1.84,1000.0
3,5,-1.83,1000.0
3,5,-1.82,1000.0
3,5,-1.81,1000.0
3,5,-1.8,1000.0
3,5,-1.79,1000.0
3,5,-1.78,1000.0
3,5,-1.77,1000.0
3,5,-1.76,1000.0
3,5,-1.75,1000.0
3,5,-1.74,1000.0
3,5,-1.73,1000.0
3,5,-1.72,1000.0
3,5,-1.71,1000.0
3,5,-1.7,1000.0
3,5,-1.69,1000.0
3,5,-1.68,1000.0
3,5,-1.67,1000.0
3,5,-1.66,1000.0
3,5,-1.65,1000.0
3,5,-1.64,1000.0
3,5,-1.63,1000.0
3,5,-1.62,1000.0
3,5,-1.61,1000.0
3,5,-1.6,1000.0
3,5,-1.59,1000.0
3,5,-1.58,1000.0
3,5,-1.57,1000.0
3,5,-1.56,1000.0
3,5,-1.55,1000.0
3,5,-1.54,1000.0
3,5,-1.53,1000.0
3,5,-1.52,1000.0
3,5,-1.51,1000.0
3,5,-1.5,1000.0
3,5,-1.49,1000.0
3,5,-1.48,1000.0
3,5,-1.47,1000.0
3,5,-1.46,1000.0
3,5,-1.45,1000.0
3,5,-1.44,1000.0
3,5,-1.43,1000.0
3,5,-1.42,1000.0
3,5,-1.41,1000.0
3,5,-1.4,1000.0
3,5,-1.39,1000.0
3,5,-1.38,1000.0
3,5,-1.37,1000.0
3,5,-1.36,1000.0
3,5,-1.35,1000.0
3,5,-1.34,1000.0
3,5,-1.33,1000.0
3,5,-1.32,1000.0
3,5,-1.31,1000.0
3,5,-1.3,1000.0
3,5,-1.29,1000.0
3,5,-1.28,1000.0
3,5,-1.27,1000.0
3,5,-1.26,1000.0
3,5,-1.25,1000.0
3,5,-1.24,1000.0
3,5,-1.23,1000.0
3,5,-1.22,1000.0
3,5,-1.21,1000.0
3,5,-1.2,1000.0
3,5,-1.19,1000.0
3,5,-1.18,1000.0
3,5,-1.17,1000.0
3,5,-1.16,1000.0
3,5,-1.15,1000.0
3,5,-1.14,1000.0
3,5,-1.13,1000.0
3,5,-1.12,1000.0
3,5,-1.11,1000.0
3,5,-1.1,1000.0
3,5,-1.09,1000.0
3,5,-1.08,1000.0
3,5,-1.07,1000.0
3,5,-1.06,1000.0
3,5,-1.05,1000.0
3,5,-1.04,1000.0
3,5,-1.03,1000.0
3,5,-1.02,1000.0
3,5,-1.01,1000.0
3,5,-1.0,1000.0
3,5,-0.99,1000.0
3,5,-0.98,1000.0
3,5,-0.97,1000.0
3,5,-0.96,1000.0
3,5,-0.95,1000.0
3,5,-0.94,1000.0
3,5,-0.93,1000.0
3,5,-0.92,1000.0
3,5,-0.91,1000.0
3,5,-0.9,1000.0
3,5,-0.89,1000.0
3,5,-0.88,1000.0
3,5,-0.87,1000.0
3,5,-0.86,1000.0
3,5,-0.85,1000.0
3,5,-0.84,1000.0
3,5,-0.83,1000.0
3,5,-0.82,1000.0
3,5,-0.81,1000.0
3,5,-0.8,1000.0
3,5,-0.79,1000.0
3,5,-0.78,1000.0
3,5,-0.77,1000.0
3,5,-0.76,1000.0
3,5,-0.75,1000.0
3,5,-0.74,1000.0
3,5,-0.73,1000.0
3,5,-0.72,1000.0
3,5,-0.71,1000.0
3,5,-0.7,1000.0
3,5,-0.69,1000.0
3,5,-0.68,1000.0
3,5,-0.67,1000.0
3,5,-0.66,1000.0
3,5,-0.65,1000.0
3,5,-0.64,1000.0
3,5,-0.63,1000.0
3,5,-0.62,1000.0
3,5,-0.61,1000.0
3,5,-0.6,1000.0
3,5,-0.59,1000.0
3,5,-0.58,1000.0
3,5,-0.57,1000.0
3,5,-0.56,1000.0
3,5,-0.55,1000.0
3,5,-0.54,1000.0
3,5,-0.53,1000.0
3,5,-0.52,1000.0
3,5,-0.51,1000.0
3,5,-0.5,1000.0
3,5,-0.49,1000.0
3,5,-0.48,1000.0
3,5,-0.47,1000.0
3,5,-0.46,1000.0
3,5,-0.45,1000.0
3,5,-0.44,1000.0
3,5,-0.43,1000.0
3,5,-0.42,1000.0
3,5,-0.41,1000.0
3,5,-0.4,1000.0
3,5,-0.39,1000.0
3,5,-0.38,1000.0
3,5,-0.37,1000.0
3,5,-0.36,1000.0
3,5,-0.35,1000.0
3,5,-0.34,1000.0
3,5,-0.33,1000.0
3,5,-0.32,1000.0
3,5,-0.31,1000.0
3,5,-0.3,1000.0
3,5,-0.29,1000.0
3,5,-0.28,1000.0
3,5,-0.27,1000.0
3,5,-0.26,1000.0
3,5,-0.25,1000.0
3,5,-0.24,1000.0
3,5,-0.23,1000.0
3,5,-0.22,1000.0
3,5,-0.21,1000.0
3,5,-0.2,1000.0
3,5,-0.19,1000.0
3,5,-0.18,1000.0
3,5,-0.17,1000.0
3,5,-0.16,1000.0
3,5,-0.15,1000.0
3,5,-0.14,1000.0
3,5,-0.13,1000.0
3,5,-0.12,1000.0
3,5,-0.11,0.9540857692304384
3,5,-0.1,0.5769245598190731
3,5,-0.09,0.4329830132055937
3,5,-0.08,0.3389422530621906
3,5,-0.07,0.2677440948938161
3,5,-0.06,0.20850113291700803
3,5,-0.05,0.1542106956367521
3,5,-0.04,0.10388237831343117
3,5,-0.03,0.06314794636227579
3,5,-0.02,0.03717571407704651
3,5,-0.01,0.024686984725339537
3,5,0.0,0.020895430727674334
3,5,0.01,0.022056978738887973
3,5,0.02,0.026154740284789566
3,5,0.03,0.03221628824599622
3,5,0.04,0.03976517976581091
3,5,0.05,0.048545879769379505
3,5,0.06,0.05840353989355472
3,5,0.07,0.06923122947163075
3,5,0.08,0.08094606404564136
3,5,0.09,0.09347810508880401
3,5,0.1,0.10676520465992134
3,5,0.11,0.12075077937825861
3,5,0.12,0.13538309691194073
3,5,0.13,0.1506153579312137
3,5,0.14,0.16640618105359206
3,5,0.15,0.1827202610909645
3,5,0.16,0.19952906087322672
3,5,0.17,0.21681145170055868
3,5,0.18,0.23455425304416466
3,5,0.19,0.2527526453577076
3,5,0.2,0.2714104440335663
3,5,0.21,0.29054022960711184
3,5,0.22,0.3101633308749301
3,5,0.23,0.3303096551555504
3,5,0.24,0.3510173549466121
3,5,0.25,0.3723323141570679
3,5,0.26,0.3943074314076763
3,5,0.27,0.41700167431288565
3,5,0.28,0.44047887936788405
3,5,0.29,0.46480627999109875
3,5,0.3,0.4900527642649931
3,5,0.31,0.5162868986344288
3,5,0.32,0.543574808877206
3,5,0.33,0.5719780872505653
3,5,0.34,0.601551989454234
3,5,0.35,0.6323442746659738
3,5,0.36,0.6643950744856391
3,5,0.37,0.6977380642047497
3,5,0.38,0.7324028647389754
3,5,0.39,0.7684181117608655
3,5,0.4,0.8058147470187552
3,5,0.41,0.8446323895111298
3,5,0.42,0.8849451264230331
3,5,0.43,0.9269648603180407
3,5,0.44,0.9713855447657471
3,5,0.45,1.020187739794385
3,5,0.46,1.0768520006772637
3,5,0.47,1.141991925127315
3,5,0.48,1.2090175658016544
3,5,0.49,1.271024814457624
3,5,0.5,1.326123722368523
3,5,0.51,1.3751571964992038
3,5,0.52,1.4193534789363107
3,5,0.53,1.4596556414230417
3,5,0.54,1.496704283525571
3,5,0.55,1.5309330111910193
3,5,0.56,1.5626466962926926
3,5,0.57,1.5920706717668678
3,5,0.58,1.6193795920807075
3,5,0.59,1.644714153346584
3,5,0.6,1.6681909350112412
3,5,0.61,1.6899084942254257
3,5,0.62,1.7099514014146564
3,5,0.63,1.728392996567836
3,5,0.64,1.7452972924565817
3,5,0.65,1.7607203414343529
3,5,0.66,1.774711277519813
3,5,0.67,1.7873131515449159
3,5,0.68,1.798563621332483
3,5,0.69,1.8084955314591233
3,5,0.7,1.8171374039044335
3,5,0.71,1.8245138540385633
3,5,0.72,1.8306459426087012
3,5,0.73,1.835551472204859
3,5,0.74,1.839245235437999
3,5,0.75,1.8417392214069441
3,5,0.76,1.843042786793454
3,5,0.77,1.8431627980343526
3,5,0.78,1.8421037514647258
3,5,0.79,1.8398678791368799
3,5,0.8,1.8364552492569772
3,5,0.81,1.83186387192647
3,5,0.82,1.8260898232252178
3,5,0.83,1.8191274037288703
3,5,0.84,1.810969351405246
3,5,0.85,1.8016071335404056
3,5,0.86,1.7910313478903597
3,5,0.87,1.7792322694980554
3,5,0.88,1.766200586209348
3,5,0.89,1.751928372207576
3,5,0.9,1.7364103537599291
3,5,0.91,1.7196455231360808
3,5,0.92,1.7016391528966006
3,5,0.93,1.6824052502302969
3,5,0.94,1.6619694657948838
3,5,0.95,1.6403724292724495
3,5,0.96,1.617673420738883
3,5,0.97,1.593954201035062
3,5,0.98,1.5693227178056144
3,5,0.99,1.5439162858187996
3,5,1.0,1.5179037292851414
3,5,1.01,1.49148589972682
3,5,1.02,1.4648939837730521
3,5,1.03,1.4383851301517754
3,5,1.04,1.4122351797228792
3,5,1.05,1.3867286706587931
3,5,1.06,1.3621467606110143
3,5,1.07,1.338754159890091
3,5,1.08,1.3167864800824027
3,5,1.09,1.2964394634052092
3,5,1.1,1.2778613243631398
3,5,1.11,1.2611489509731963
3,5,1.12,1.2463481007120418
3,5,1.13,1.2334571426312158
3,5,1.14,1.2224334739802012
3,5,1.15,1.2132015438966457
3,5,1.16,1.2056614406746045
3,5,1.17,1.1996971816007607
3,5,1.18,1.1951841042253895
3,5,1.19,1.1919950233756689
3,5,1.2,1.1900050421417976
3,5,1.21,1.1890950669289628
3,5,1.22,1.189154175993584
3,5,1.23,1.1900810384416884
3,5,1.24,1.1917845911089753
3,5,1.25,1.194184167994165
3,5,1.26,1.1972092521016384
3,5,1.27,1.2007989905628613
3,5,1.28,1.2049015858476742
3,5,1.29,1.2094736517799771
3,5,1.3,1.2144796046565556
3,5,1.31,1.219891148108308
3,5,1.32,1.2256869064603422
3,5,1.33,1.2318522667555662
3,5,1.34,1.2383795068461347
3,5,1.35,1.2452683200656538
3,5,1.36,1.252526901610608
3,5,1.37,1.2601738440159616
3,5,1.38,1.268241201369043
3,5,1.39,1.2767792118937589
3,5,1.4,1.2858632686425573
3,5,1.41,1.2956036925439691
3,5,1.42,1.3061585594108016
3,5,1.43,1.3177493951906023
3,5,1.44,1.3306804387534847
3,5,1.45,1.3453702730073398
3,5,1.46,1.3624453433259445
3,5,1.47,1.3832077364468027
3,5,1.48,1.4123380220847834
3,5,1.49,1.462122104860912
3,5,1.5,1.5260215405922304
3,5,1.51,1.5748351671866898
3,5,1.52,1.6067104239913403
3,5,1.53,1.6302391319841363
3,5,1.54,1.6498284325489356
3,5,1.55,1.6671563587245948
3,5,1.56,1.682952670440595
3,5,1.57,1.6976340623281874
3,5,1.58,1.7114920238893039
3,5,1.59,1.7247467709559785
3,5,1.6,1.7375657766521175
3,5,1.61,1.7500742686846087
3,5,1.62,1.7623639354558618
3,5,1.63,1.7745006298595716
3,5,1.64,1.7865308987959008
3,5,1.65,1.7984872444269975
3,5,1.66,1.810392199859002
3,5,1.67,1.8222613962299317
3,5,1.68,1.8341058192905997
3,5,1.69,1.845933436637086
3,5,1.7,1.8577503465406937
3,5,1.71,1.8695615683860969
3,5,1.72,1.881371567954427
3,5,1.73,1.893184589228313
3,5,1.74,1.9050048475475976
3,5,1.75,1.9168366258762417
3,5,1.76,1.928684305766003
3,5,1.77,1.9405523566246519
3,5,1.78,1.952445300612687
3,5,1.79,1.9643676655504967
3,5,1.8,1.9763239343639252
3,5,1.81,1.9883184966378311
3,5,1.82,2.000355605627762
3,5,1.83,2.012439342463676
3,5,1.84,2.024573588148054
3,5,1.85,2.036762003198595
3,5,1.86,2.049008014322244
3,5,1.87,2.061314807256146
3,5,1.88,2.073685324810137
3,5,1.89,2.0861222691444734
3,5,1.9,2.0986281073791986
3,5,1.91,2.1112050797288084
3,5,1.92,2.1238552094692045
3,5,1.93,2.1365803141592377
3,5,1.94,2.1493820176487035
3,5,1.95,2.16226176250316
3,5,1.96,2.1752208225614678
3,5,1.97,2.1882603154136353
3,5,1.98,2.2013812146451515
3,5,1.99,2.2145843617403957
3,5,2.0,2.2278704775736857
3,10,-2.0,1000.0
3,10,-1.99,1000.0
3,10,-1.98,1000.0
3,10,-1.97,1000.0
3,10,-1.96,1000.0
3,10,-1.95,1000.0
3,10,-1.94,1000.0
3,10,-1.93,1000.0
3,10,-1.92,1000.0
3,10,-1.91,1000.0
3,10,-1.9,1000.0
3,10,-1.89,1000.0
3,10,-1.88,1000.0
3,10,-1.87,1000.0
3,10,-1.86,1000.0
3,10,-1.85,1000.0
3,10,-1.84,1000.0
3,10,-1.83,1000.0
3,10,-1.82,1000.0
3,10,-1.81,1000.0
3,10,-1.8,1000.0
3,10,-1.79,1000.0
3,10,-1.78,1000.0
3,10,-1.77,1000.0
3,10,-1.76,1000.0
3,10,-1.75,1000.0
3,10,-1.74,1000.0
3,10,-1.73,1000.0
3,10,-1.72,1000.0
3,10,-1.71,1000.0
3,10,-1.7,1000.0
3,10,-1.69,1000.0
3,10,-1.68,1000.0
3,10,-1.67,1000.0
3,10,-1.66,1000.0
3,10,-1.65,1000.0
3,10,-1.64,1000.0
3,10,-1.63,1000.0
3,10,-1.62,1000.0
3,10,-1.61,1000.0
3,10,-1.6,1000.0
3,10,-1.59,1000.0
3,10,-1.58,1000.0
3,10,-1.57,1000.0
3,10,-1.56,1000.0
3,10,-1.55,1000.0
3,10,-1.54,1000.0
3,10,-1.53,1000.0
3,10,-1.52,1000.0
3,10,-1.51,1000.0
3,10,-1.5,1000.0
3,10,-1.49,1000.0
3,10,-1.48,1000.0
3,10,-1.47,1000.0
3,10,-1.46,1000.0
3,10,-1.45,1000.0
3,10,-1.44,1000.0
3,10,-1.43,1000.0
3,10,-1.42,1000.0
3,10,-1.41,1000.0
3,10,-1.4,1000.0
3,10,-1.39,1000.0
3,10,-1.38,1000.0
3,10,-1.37,1000.0
3,10,-1.36,1000.0
3,10,-1.35,1000.0
3,10,-1.34,1000.0
3,10,-1.33,1000.0
3,10,-1.32,1000.0
3,10,-1.31,1000.0
3,10,-1.3,1000.0
3,10,-1.29,1000.0
3,10,-1.28,1000.0
3,10,-1.27,1000.0
3,10,-1.26,1000.0
3,10,-1.25,1000.0
3,10,-1.24,1000.0
3,10,-1.23,1000.0
3,10,-1.22,1000.0
3,10,-1.21,1000.0
3,10,-1.2,1000.0
3,10,-1.19,1000.0
3,10,-1.18,1000.0
3,10,-1.17,1000.0
3,10,-1.16,1000.0
3,10,-1.15,1000.0
3,10,-1.14,1000.0
3,10,-1.13,1000.0
3,10,-1.12,1000.0
3,10,-1.11,1000.0
3,10,-1.1,1000.0
3,10,-1.09,1000.0
3,10,-1.08,1000.0
3,10,-1.07,1000.0
3,10,-1.06,1000.0
3,10,-1.05,1000.0
3,10,-1.04,1000.0
3,10,-1.03,1000.0
3,10,-1.02,1000.0
3,10,-1.01,1000.0
3,10,-1.0,1000.0
3,10,-0.99,1000.0
3,10,-0.98,1000.0
3,10,-0.97,1000.0
3,10,-0.96,1000.0
3,10,-0.95,1000.0
3,10,-0.94,1000.0
3,10,-0.93,1000.0
3,10,-0.92,1000.0
3,10,-0.91,1000.0
3,10,-0.9,1000.0
3,10,-0.89,1000.0
3,10,-0.88,1000.0
3,10,-0.87,1000.0
3,10,-0.86,1000.0
3,10,-0.85,1000.0
3,10,-0.84,1000.0
3,10,-0.83,1000.0
3,10,-0.82,1000.0
3,10,-0.81,1000.0
3,10,-0.8,1000.0
3,10,-0.79,1000.0
3,10,-0.78,1000.0
3,10,-0.77,1000.0
3,10,-0.76,1000.0
3,10,-0.75,1000.0
3,10,-0.74,1000.0
3,10,-0.73,1000.0
3,10,-0.72,1000.0
3,10,-0.71,1000.0
3,10,-0.7,1000.0
3,10,-0.69,1000.0
3,10,-0.68,1000.0
3,10,-0.67,1000.0
3,10,-0.66,1000.0
3,10,-0.65,1000.0
3,10,-0.64,1000.0
3,10,-0.63,1000.0
3,10,-0.62,1000.0
3,10,-0.61,1000.0
3,10,-0.6,1000.0
3,10,-0.59,1000.0
3,10,-0.58,1000.0
3,10,-0.57,1000.0
3,10,-0.56,1000.0
3,10,-0.55,1000.0
3,10,-0.54,1000.0
3,10,-0.53,1000.0
3,10,-0.52,1000.0
3,10,-0.51,1000.0
3,10,-0.5,1000.0
3,10,-0.49,1000.0
3,10,-0.48,1000.0
3,10,-0.47,1000.0
3,10,-0.46,1000.0
3,10,-0.45,1000.0
3,10,-0.44,1000.0
3,10,-0.43,1000.0
3,10,-0.42,1000.0
3,10,-0.41,1000.0
3,10,-0.4,1000.0
3,10,-0.39,1000.0
3,10,-0.38,1000.0
3,10,-0.37,1000.0
3,10,-0.36,1000.0
3,10,-0.35,1000.0
3,10,-0.34,1000.0
3,10,-0.33,1000.0
3,10,-0.32,1000.0
3,10,-0.31,1000.0
3,10,-0.3,1000.0
3,10,-0.29,1000.0
3,10,-0.28,1000.0
3,10,-0.27,1000.0
3,10,-0.26,1000.0
3,10,-0.25,1000.0
3,10,-0.24,1000.0
3,10,-0.23,1000.0
3,10,-0.22,1000.0
3,10,-0.21,1000.0
3,10,-0.2,1000.0
3,10,-0.19,1000.0
3,10,-0.18,1000.0
3,10,-0.17,1000.0
3,10,-0.16,1000.0
3,10,-0.15,1000.0
3,10,-0.14,1000.0
3,10,-0.13,1000.0
3,10,-0.12,1000.0
3,10,-0.11,1000.0
3,10,-0.1,1000.0
3,10,-0.09,1000.0
3,10,-0.08,1000.0
3,10,-0.07,2.066449013032305
3,10,-0.06,0.44044658529533964
3,10,-0.05,0.29390852654292005
3,10,-0.04,0.2029642457600592
3,10,-0.03,0.13433159698632
3,10,-0.02,0.0788444417834966
3,10,-0.01,0.03558636292184768
3,10,0.0,0.01543365226590483
3,10,0.01,0.038944556123401614
3,10,0.02,0.14090957456612085
3,10,0.03,0.37142025196179446
3,10,0.04,0.700014617524689
3,10,0.05,0.891355342596466
3,10,0.06,1.0259576802492651
3,10,0.07,1.1396974920860445
3,10,0.08,1.2436687686798755
3,10,0.09,1.3417083105394192
3,10,0.1,1.439565405383778
3,10,0.11,1.5480928396548215
3,10,0.12,1.6808988288604692
3,10,0.13,1.8411478582314806
3,10,0.14,2.008257617926052
3,10,0.15,2.1651178000249707
3,10,0.16,2.3133291978021906
3,10,0.17,2.451954292582821
3,10,0.18,2.5780974484522523
3,10,0.19,2.695122496943812
3,10,0.2,2.806111634933176
3,10,0.21,2.9093997948078267
3,10,0.22,3.002956729082159
3,10,0.23,3.0879562208594673
3,10,0.24,3.1672217341346913
3,10,0.25,3.2424628213638065
3,10,0.26,3.313563424479218
3,10,0.27,3.37967928427015
3,10,0.28,3.440494835960637
3,10,0.29,3.4965993458010103
3,10,0.3,3.5490868092588252
3,10,0.31,3.598977672063595
3,10,0.32,3.6468653061465326
3,10,0.33,3.6928615835328156
3,10,0.34,3.736744576730696
3,10,0.35,3.778176624585776
3,10,0.36,3.816889082404827
3,10,0.37,3.8527819610660137
3,10,0.38,3.8859373898988143
3,10,0.39,3.9165764960940073
3,10,0.4,3.944995315646178
3,10,0.41,3.9715055767114706
3,10,0.42,3.9963925406924234
3,10,0.43,4.019891779284662
3,10,0.44,4.04218146664643
3,10,0.45,4.0633852011357945
3,10,0.46,4.083580755042127
3,10,0.47,4.102811228597567
3,10,0.48,4.121096224449889
3,10,0.49,4.138441624900673
3,10,0.5,4.154847293470569
3,10,0.51,4.170312545799068
3,10,0.52,4.184839571246736
3,10,0.53,4.198435169843503
3,10,0.54,4.211111235908333
3,10,0.55,4.222884405759259
3,10,0.56,4.233775223023096
3,10,0.57,4.243807081614774
3,10,0.58,4.253005099967325
3,10,0.59,4.261395007302271
3,10,0.6,4.269002157717183
3,10,0.61,4.275850843776713
3,10,0.62,4.2819639352761
3,10,0.63,4.287362682830439
3,10,0.64,4.292066570883507
3,10,0.65,4.296093216493885
3,10,0.66,4.299458330714405
3,10,0.67,4.302175738263037
3,10,0.68,4.304257438759533
3,10,0.69,4.305713691924946
3,10,0.7,4.306553112487842
3,10,0.71,4.306782764272486
3,10,0.72,4.306408245969881
3,10,0.73,4.3054337632992
3,10,0.74,4.303862183775579
3,10,0.75,4.3016950712539765
3,10,0.76,4.298932697938585
3,10,0.77,4.2955740317330795
3,10,0.78,4.291616696742264
3,10,0.79,4.287056904496945
3,10,0.8,4.281889353137928
3,10,0.81,4.276107091446864
3,10,0.82,4.269701344354647
3,10,0.83,4.2626612965218476
3,10,0.84,4.254973830936827
3,10,0.85,4.246623220426489
3,10,0.86,4.237590771780371
3,10,0.87,4.227854425154307
3,10,0.88,4.217388315874186
3,10,0.89,4.206162312027172
3,10,0.9,4.194141549564015
3,10,0.91,4.181285997152762
3,10,0.92,4.167550095588268
3,10,0.93,4.15288253069931
3,10,0.94,4.137226213528267
3,10,0.95,4.120518555785091
3,10,0.96,4.102692140429495
3,10,0.97,4.083675894125167
3,10,0.98,4.063396865414179
3,10,0.99,4.041782688805396
3,10,1.0,4.018764745003118
3,10,1.01,3.9942818568073934
3,10,1.02,3.96828398862625
3,10,1.03,3.9407346947742283
3,10,1.04,3.9116098318435513
3,10,1.05,3.880888302771204
3,10,1.06,3.8485287766705936
3,10,1.07,3.814425747335206
3,10,1.08,3.7783414432499556
3,10,1.09,3.7398202982524835
3,10,1.1,3.6981124983941833
3,10,1.11,3.6521613119735368
3,10,1.12,3.6007362753307706
3,10,1.13,3.5427959211755735
3,10,1.14,3.47807254956816
3,10,1.15,3.4075310069956304
3,10,1.16,3.332667189034798
3,10,1.17,3.2523583287195836
3,10,1.18,3.158574282258102
3,10,1.19,3.039921637233268
3,10,1.2,2.900508971825982
3,10,1.21,2.7416411683454873
3,10,1.22,2.51031373711241
3,10,1.23,2.192299433259399
3,10,1.24,1.9035700178870458
3,10,1.25,1.556204939499452
3,10,1.26,1.5406164431125438
3,10,1.27,1.5442665150220778
3,10,1.28,1.5490150598964998
3,10,1.29,1.5540505619765879
3,10,1.3,1.559289597161583
3,10,1.31,1.5647339104063802
3,10,1.32,1.5703976352134614
3,10,1.33,1.576296456856097
3,10,1.34,1.5824469872432467
3,10,1.35,1.5888682139148689
3,10,1.36,1.5955836111306227
3,10,1.37,1.602623866409123
3,10,1.38,1.6100305550932132
3,10,1.39,1.6178612706968953
3,10,1.4,1.6261968092162862
3,10,1.41,1.6351509389786136
3,10,1.42,1.6448829290533942
3,10,1.43,1.6556124670087446
3,10,1.44,1.6676372823933951
3,10,1.45,1.681361611894051
3,10,1.46,1.6973851998498652
3,10,1.47,1.7169854725267066
3,10,1.48,1.7452631188373608
3,10,1.49,1.8117041652965344
3,10,1.5,2.445069283349083
3,10,1.51,2.4914238538707485
3,10,1.52,2.520732406092541
3,10,1.53,2.5438261806442295
3,10,1.54,2.564146272634864
3,10,1.55,2.5828728265186065
3,10,1.56,2.600480333947283
3,10,1.57,2.6172438103907787
3,10,1.58,2.63337037183543
3,10,1.59,2.64902709905805
3,10,1.6,2.664346506879964
3,10,1.61,2.679430020982063
3,10,1.62,2.694352680248633
3,10,1.63,2.7091684405780487
3,10,1.64,2.7239152038361203
3,10,1.65,2.7386191065523886
3,10,1.66,2.7532979454756275
3,10,1.67,2.767963798320329
3,10,1.68,2.78262496676103
3,10,1.69,2.7972873789172334
3,10,1.7,2.811955574334543
3,10,1.71,2.826633373233593
3,10,1.72,2.8413243110765385
3,10,1.73,2.856031901809427
3,10,1.74,2.8707597788187362
3,10,1.75,2.8855117512572015
3,10,1.76,2.900291804364683
3,10,1.77,2.915104065223117
3,10,1.78,2.9299527496576645
3,10,1.79,2.9448421014509383
3,10,1.8,2.959776331471121
3,10,1.81,2.9747595615679536
3,10,1.82,2.989795776028383
3,10,1.83,3.0048887818864154
3,10,1.84,3.020042178340622
3,10,1.85,3.035259334850432
3,10,1.86,3.0505433770733275
3,10,1.87,3.0658971795966887
3,10,1.88,3.081323364350787
3,10,1.89,3.096824303615875
3,10,1.9,3.112402126620604
3,10,1.91,3.1280587288444632
3,10,1.92,3.143795783264765
3,10,1.93,3.1596147529164496
3,10,1.94,3.1755169042530293
3,10,1.95,3.19150332090446
3,10,1.96,3.2075749175209403
3,10,1.97,3.223732453470373
3,10,1.98,3.2399765462214942
3,10,1.99,3.256307684296449
3,10,2.0,3.2727262397169636
3,25,-2.0,1000.0
3,25,-1.99,1000.0
3,25,-1.98,1000.0
3,25,-1.97,1000.0
3,25,-1.96,1000.0
3,25,-1.95,1000.0
3,25,-1.94,1000.0
3,25,-1.93,1000.0
3,25,-1.92,1000.0
3,25,-1.91,1000.0
3,25,-1.9,1000.0
3,25,-1.89,1000.0
3,25,-1.88,1000.0
3,25,-1.87,1000.0
3,25,-1.86,1000.0
3,25,-1.85,1000.0
3,25,-1.84,1000.0
3,25,-1.83,1000.0
3,25,-1.82,1000.0
3,25,-1.81,1000.0
3,25,-1.8,1000.0
3,25,-1.79,1000.0
3,25,-1.78,1000.0
3,25,-1.77,1000.0
3,25,-1.76,1000.0
3,25,-1.75,1000.0
3,25,-1.74,1000.0
3,25,-1.73,1000.0
3,25,-1.72,1000.0
3,25,-1.71,1000.0
3,25,-1.7,1000.0
3,25,-1.69,1000.0
3,25,-1.68,1000.0
3,25,-1.67,1000.0
3,25,-1.66,1000.0
3,25,-1.65,1000.0
3,25,-1.64,1000.0
3,25,-1.63,1000.0
3,25,-1.62,1000.0
3,25,-1.61,1000.0
3,25,-1.6,1000.0
3,25,-1.59,1000.0
3,25,-1.58,1000.0
3,25,-1.57,1000.0
3,25,-1.56,1000.0
3,25,-1.55,1000.0
3,25,-1.54,1000.0
3,25,-1.53,1000.0
3,25,-1.52,1000.0
3,25,-1.51,1000.0
3,25,-1.5,1000.0
3,25,-1.49,1000.0
3,25,-1.48,1000.0
3,25,-1.47,1000.0
3,25,-1.46,1000.0
3,25,-1.45,1000.0
3,25,-1.44,1000.0
3,25,-1.43,1000.0
3,25,-1.42,1000.0
3,25,-1.41,1000.0
3,25,-1.4,1000.0
3,25,-1.39,1000.0
3,25,-1.38,1000.0
3,25,-1.37,1000.0
3,25,-1.36,1000.0
3,25,-1.35,1000.0
3,25,-1.34,1000.0
3,25,-1.33,1000.0
3,25,-1.32,1000.0
3,25,-1.31,1000.0
3,25,-1.3,1000.0
3,25,-1.29,1000.0
3,25,-1.28,1000.0
3,25,-1.27,1000.0
3,25,-1.26,1000.0
3,25,-1.25,1000.0
3,25,-1.24,1000.0
3,25,-1.23,1000.0
3,25,-1.22,1000.0
3,25,-1.21,1000.0
3,25,-1.2,1000.0
3,25,-1.19,1000.0
3,25,-1.18,1000.0
3,25,-1.17,1000.0
3,25,-1.16,1000.0
3,25,-1.15,1000.0
3,25,-1.14,1000.0
3,25,-1.13,1000.0
3,25,-1.12,1000.0
3,25,-1.11,1000.0
3,25,-1.1,1000.0
3,25,-1.09,1000.0
3,25,-1.08,1000.0
3,25,-1.07,1000.0
3,25,-1.06,1000.0
3,25,-1.05,1000.0
3,25,-1.04,1000.0
3,25,-1.03,1000.0
3,25,-1.02,1000.0
3,25,-1.01,1000.0
3,25,-1.0,1000.0
3,25,-0.99,1000.0
3,25,-0.98,1000.0
3,25,-0.97,1000.0
3,25,-0.96,1000.0
3,25,-0.95,1000.0
3,25,-0.94,1000.0
3,25,-0.93,1000.0
3,25,-0.92,1000.0
3,25,-0.91,1000.0
3,25,-0.9,1000.0
3,25,-0.89,1000.0
3,25,-0.88,1000.0
3,25,-0.87,1000.0
3,25,-0.86,1000.0
3,25,-0.85,1000.0
3,25,-0.84,1000.0
3,25,-0.83,1000.0
3,25,-0.82,1000.0
3,25,-0.81,1000.0
3,25,-0.8,1000.0
3,25,-0.79,1000.0
3,25,-0.78,1000.0
3,25,-0.77,1000.0
3,25,-0.76,1000.0
3,25,-0.75,1000.0
3,25,-0.74,1000.0
3,25,-0.73,1000.0
3,25,-0.72,1000.0
3,25,-0.71,1000.0
3,25,-0.7,1000.0
3,25,-0.69,1000.0
3,25,-0.68,1000.0
3,25,-0.67,1000.0
3,25,-0.66,1000.0
3,25,-0.65,1000.0
3,25,-0.64,1000.0
3,25,-0.63,1000.0
3,25,-0.62,1000.0
3,25,-0.61,1000.0
3,25,-0.6,1000.0
3,25,-0.59,1000.0
3,25,-0.58,1000.0
3,25,-0.57,1000.0
3,25,-0.56,1000.0
3,25,-0.55,1000.0
3,25,-0.54,1000.0
3,25,-0.53,1000.0
3,25,-0.52,1000.0
3,25,-0.51,1000.0
3,25,-0.5,1000.0
3,25,-0.49,1000.0
3,25,-0.48,1000.0
3,25,-0.47,1000.0
3,25,-0.46,1000.0
3,25,-0.45,1000.0
3,25,-0.44,1000.0
3,25,-0.43,1000.0
3,25,-0.42,1000.0
3,25,-0.41,1000.0
3,25,-0.4,1000.0
3,25,-0.39,1000.0
3,25,-0.38,1000.0
3,25,-0.37,1000.0
3,25,-0.36,1000.0
3,25,-0.35,1000.0
3,25,-0.34,1000.0
3,25,-0.33,1000.0
3,25,-0.32,1000.0
3,25,-0.31,1000.0
3,25,-0.3,1000.0
3,25,-0.29,1000.0
3,25,-0.28,1000.0
3,25,-0.27,1000.0
3,25,-0.26,1000.0
3,25,-0.25,1000.0
3,25,-0.24,1000.0
3,25,-0.23,1000.0
3,25,-0.22,1000.0
3,25,-0.21,1000.0
3,25,-0.2,1000.0
3,25,-0.19,1000.0
3,25,-0.18,1000.0
3,25,-0.17,1000.0
3,25,-0.16,1000.0
3,25,-0.15,1000.0
3,25,-0.14,1000.0
3,25,-0.13,1000.0
3,25,-0.12,1000.0
3,25,-0.11,1000.0
3,25,-0.1,1000.0
3,25,-0.09,1000.0
3,25,-0.08,1000.0
3,25,-0.07,1000.0
3,25,-0.06,1000.0
3,25,-0.05,1.646056519658053
3,25,-0.04,1.064568230118061
3,25,-0.03,0.7047825272846151
3,25,-0.02,0.4486857327557629
3,25,-0.01,0.2058599649220373
3,25,0.0,0.020700188701984125
3,25,0.01,0.1827269262559868
3,25,0.02,0.5387546677393353
3,25,0.03,0.9693567102523298
3,25,0.04,1.505461284544545
3,25,0.05,2.3274419583115185
3,25,0.06,2.630946644156424
3,25,0.07,2.8639805849045454
3,25,0.08,3.0600182392688096
3,25,0.09,3.231413794238675
3,25,0.1,3.385093566055448
3,25,0.11,3.522501681704078
3,25,0.12,3.6501289435187827
3,25,0.13,3.7636635839920984
3,25,0.14,3.8694059995048864
3,25,0.15,3.9664349400721264
3,25,0.16,4.05421785648087
3,25,0.17,4.13835264000384
3,25,0.18,4.215756685551335
3,25,0.19,4.284868954210577
3,25,0.2,4.349648275934437
3,25,0.21,4.411487283350277
3,25,0.22,4.468230206876236
3,25,0.23,4.518971181116226
3,25,0.24,4.565435563350964
3,25,0.25,4.609650861729818
3,25,0.26,4.652177740906217
3,25,0.27,4.692308138581544
3,25,0.28,4.729228284122708
3,25,0.29,4.762823921812734
3,25,0.3,4.793665250460988
3,25,0.31,4.822554121320877
3,25,0.32,4.850117508112025
3,25,0.33,4.876635275526517
3,25,0.34,4.90207188753751
3,25,0.35,4.926215301917465
3,25,0.36,4.948831393833757
3,25,0.37,4.9697730092265395
3,25,0.38,4.989022477829276
3,25,0.39,5.006679231183142
3,25,0.4,5.022918763140942
3,25,0.41,5.037946869091184
3,25,0.42,5.051963151187624
3,25,0.43,5.065138314483707
3,25,0.44,5.077604073677637
3,25,0.45,5.089452265126496
3,25,0.46,5.1007395882110895
3,25,0.47,5.111495075928007
3,25,0.48,5.121728246279473
3,25,0.49,5.131436643032873
3,25,0.5,5.140612067158721
3,25,0.51,5.149245232539691
3,25,0.52,5.157328872844543
3,25,0.53,5.164859504103903
3,25,0.54,5.171838133092719
3,25,0.55,5.178270218744604
3,25,0.56,5.184165163426506
3,25,0.57,5.189535547361434
3,25,0.58,5.194396236425695
3,25,0.59,5.1987634371884965
3,25,0.6,5.202653818315234
3,25,0.61,5.2060838788527555
3,25,0.62,5.209069600047007
3,25,0.63,5.2116262313729065
3,25,0.64,5.2137681052739495
3,25,0.65,5.2155084852311555
3,25,0.66,5.216859470488381
3,25,0.67,5.21783195801819
3,25,0.68,5.218435648504275
3,25,0.69,5.218679081135457
3,25,0.7,5.218569684524672
3,25,0.71,5.218113834219448
3,25,0.72,5.217316909932862
3,25,0.73,5.216183347646782
3,25,0.74,5.214716683212539
3,25,0.75,5.212919585112587
3,25,0.76,5.210793874750876
3,25,0.77,5.20834053308904
3,25,0.78,5.205559692708355
3,25,0.79,5.202450614511591
3,25,0.8,5.1990116483408295
3,25,0.81,5.195240176833414
3,25,0.82,5.191132541931956
3,25,0.83,5.186683953680706
3,25,0.84,5.181888381370431
3,25,0.85,5.17673842784846
3,25,0.86,5.17122518902105
3,25,0.87,5.165338102388325
3,25,0.88,5.1590647910132645
3,25,0.89,5.1523909127468945
3,25,0.9,5.145300028833561
3,25,0.91,5.137773511045153
3,25,0.92,5.129790511783604
3,25,0.93,5.121328026242803
3,25,0.94,5.112361078238568
3,25,0.95,5.102863059538419
3,25,0.96,5.092806243713463
3,25,0.97,5.082162476747206
3,25,0.98,5.070904015400621
3,25,0.99,5.059004439414741
3,25,1.0,5.046439504999878
3,25,1.01,5.033187733223715
3,25,1.02,5.019230427048141
3,25,1.03,5.004550650597431
3,25,1.04,4.9891304129027665
3,25,1.05,4.972944784337719
3,25,1.06,4.955950929863695
3,25,1.07,4.9380694105203515
3,25,1.08,4.919155673491996
3,25,1.09,4.898963459497645
3,25,1.1,4.877111079471528
3,25,1.11,4.85307570694707
3,25,1.12,4.826252582058173
3,25,1.13,4.79610899734967
3,25,1.14,4.7624184109115
3,25,1.15,4.725458008417109
3,25,1.16,4.685833018764061
3,25,1.17,4.643298167408449
3,25,1.18,4.594583217217545
3,25,1.19,4.533608182087273
3,25,1.2,4.459985212619154
3,25,1.21,4.379275010646965
3,25,1.22,4.264937739323811
3,25,1.23,4.1065962573377774
3,25,1.24,3.8948276641787025
3,25,1.25,3.750200205982857
3,25,1.26,3.432129817551937
3,25,1.27,3.4489464916413257
3,25,1.28,3.4679181702296566
3,25,1.29,3.4876555772576046
3,25,1.3,3.50767754781902
3,25,1.31,3.5277869015579637
3,25,1.32,3.547898185618713
3,25,1.33,3.5679745809505836
3,25,1.34,3.5880016553869494
3,25,1.35,3.6079756415557394
3,25,1.36,3.62789793674349
3,25,1.37,3.647772414980092
3,25,1.38,3.667604066397387
3,25,1.39,3.6873982890181023
3,25,1.4,3.7071605142655906
3,25,1.41,3.7268960096449804
3,25,1.42,3.7466097785056864
3,25,1.43,3.7663065142427743
3,25,1.44,3.7859905854015197
3,25,1.45,3.8056660383090675
3,25,1.46,3.8253366094681183
3,25,1.47,3.845005743146446
3,25,1.48,3.8646766114642537
3,25,1.49,3.884352135389791
3,25,1.5,3.904035005717592
3,25,1.51,3.923727703501863
3,25,1.52,3.9434325196558486
3,25,1.53,3.963151573569152
3,25,1.54,3.9828868306768257
3,25,1.55,4.002640118960828
3,25,1.56,4.022413144389434
3,25,1.57,4.042207505313261
3,25,1.58,4.062024705842088
3,25,1.59,4.081866168229145
3,25,1.6,4.101733244289482
3,25,1.61,4.121627225879102
3,25,1.62,4.1415493544612865
3,25,1.63,4.161500829786713
3,25,1.64,4.181482817714892
3,25,1.65,4.20149645720554
3,25,1.66,4.221542866510516
3,25,1.67,4.241623148598854
3,25,1.68,4.261738395849842
3,25,1.69,4.2818896940515385
3,25,1.7,4.302078125744272
3,25,1.71,4.322304772950814
3,25,1.72,4.342570719336616
3,25,1.73,4.36287705184465
3,25,1.74,4.383224861850262
3,25,1.75,4.403615245881437
3,25,1.76,4.424049305949632
3,25,1.77,4.4445281495352225
3,25,1.78,4.465052889270329
3,25,1.79,4.485624642359887
3,25,1.8,4.506244529779693
3,25,1.81,4.526913675287845
3,25,1.82,4.547633204283528
3,25,1.83,4.568404242544707
3,25,1.84,4.5892279148737884
3,25,1.85,4.6101053436781365
3,25,1.86,4.631037647510197
3,25,1.87,4.652025939589864
3,25,1.88,4.673071326330091
3,25,1.89,4.694174905884754
3,25,1.9,4.715337766736157
3,25,1.91,4.736560986337828
3,25,1.92,4.757845629826432
3,25,1.93,4.779192748814614
3,25,1.94,4.800603380274684
3,25,1.95,4.822078545520801
3,25,1.96,4.843619249295005
3,25,1.97,4.865226478960156
3,25,1.98,4.886901203800394
3,25,1.99,4.908644374427522
3,25,2.0,4.930456922289628
3,50,-2.0,1000.0
3,50,-1.99,1000.0
3,50,-1.98,1000.0
3,50,-1.97,1000.0
3,50,-1.96,1000.0
3,50,-1.95,1000.0
3,50,-1.94,1000.0
3,50,-1.93,1000.0
3,50,-1.92,1000.0
3,50,-1.91,1000.0
3,50,-1.9,1000.0
3,50,-1.89,1000.0
3,50,-1.88,1000.0
3,50,-1.87,1000.0
3,50,-1.86,1000.0
3,50,-1.85,1000.0
3,50,-1.84,1000.0
3,50,-1.83,1000.0
3,50,-1.82,1000.0
3,50,-1.81,1000.0
3,50,-1.8,1000.0
3,50,-1.79,1000.0
3,50,-1.78,1000.0
3,50,-1.77,1000.0
3,50,-1.76,1000.0
3,50,-1.75,1000.0
3,50,-1.74,1000.0
3,50,-1.73,1000.0
3,50,-1.72,1000.0
3,50,-1.71,1000.0
3,50,-1.7,1000.0
3,50,-1.69,1000.0
3,50,-1.68,1000.0
3,50,-1.67,1000.0
3,50,-1.66,1000.0
3,50,-1.65,1000.0
3,50,-1.64,1000.0
3,50,-1.63,1000.0
3,50,-1.62,1000.0
3,50,-1.61,1000.0
3,50,-1.6,1000.0
3,50,-1.59,1000.0
3,50,-1.58,1000.0
3,50,-1.57,1000.0
3,50,-1.56,1000.0
3,50,-1.55,1000.0
3,50,-1.54,1000.0
3,50,-1.53,1000.0
3,50,-1.52,1000.0
3,50,-1.51,1000.0
3,50,-1.5,1000.0
3,50,-1.49,1000.0
3,50,-1.48,1000.0
3,50,-1.47,1000.0
3,50,-1.46,1000.0
3,50,-1.45,1000.0
3,50,-1.44,1000.0
3,50,-1.43,1000.0
3,50,-1.42,1000.0
3,50,-1.41,1000.0
3,50,-1.4,1000.0
3,50,-1.39,1000.0
3,50,-1.38,1000.0
3,50,-1.37,1000.0
3,50,-1.36,1000.0
3,50,-1.35,1000.0
3,50,-1.34,1000.0
3,50,-1.33,1000.0
3,50,-1.32,1000.0
3,50,-1.31,1000.0
3,50,-1.3,1000.0
3,50,-1.29,1000.0
3,50,-1.28,1000.0
3,50,-1.27,1000.0
3,50,-1.26,1000.0
3,50,-1.25,1000.0
3,50,-1.24,1000.0
3,50,-1.23,1000.0
3,50,-1.22,1000.0
3,50,-1.21,1000.0
3,50,-1.2,1000.0
3,50,-1.19,1000.0
3,50,-1.18,1000.0
3,50,-1.17,1000.0
3,50,-1.16,1000.0
3,50,-1.15,1000.0
3,50,-1.14,1000.0
3,50,-1.13,1000.0
3,50,-1.12,1000.0
3,50,-1.11,1000.0
3,50,-1.1,1000.0
3,50,-1.09,1000.0
3,50,-1.08,1000.0
3,50,-1.07,1000.0
3,50,-1.06,1000.0
3,50,-1.05,1000.0
3,50,-1.04,1000.0
3,50,-1.03,1000.0
3,50,-1.02,1000.0
3,50,-1.01,1000.0
3,50,-1.0,1000.0
3,50,-0.99,1000.0
3,50,-0.98,1000.0
3,50,-0.97,1000.0
3,50,-0.96,1000.0
3,50,-0.95,1000.0
3,50,-0.94,1000.0
3,50,-0.93,1000.0
3,50,-0.92,1000.0
3,50,-0.91,1000.0
3,50,-0.9,1000.0
3,50,-0.89,1000.0
3,50,-0.88,1000.0
3,50,-0.87,1000.0
3,50,-0.86,1000.0
3,50,-0.85,1000.0
3,50,-0.84,1000.0
3,50,-0.83,1000.0
3,50,-0.82,1000.0
3,50,-0.81,1000.0
3,50,-0.8,1000.0
3,50,-0.79,1000.0
3,50,-0.78,1000.0
3,50,-0.77,1000.0
3,50,-0.76,1000.0
3,50,-0.75,1000.0
3,50,-0.74,1000.0
3,50,-0.73,1000.0
3,50,-0.72,1000.0
3,50,-0.71,1000.0
3,50,-0.7,1000.0
3,50,-0.69,1000.0
3,50,-0.68,1000.0
3,50,-0.67,1000.0
3,50,-0.66,1000.0
3,50,-0.65,1000.0
3,50,-0.64,1000.0
3,50,-0.63,1000.0
3,50,-0.62,1000.0
3,50,-0.61,1000.0
3,50,-0.6,1000.0
3,50,-0.59,1000.0
3,50,-0.58,1000.0
3,50,-0.57,1000.0
3,50,-0.56,1000.0
3,50,-0.55,1000.0
3,50,-0.54,1000.0
3,50,-0.53,1000.0
3,50,-0.52,1000.0
3,50,-0.51,1000.0
3,50,-0.5,1000.0
3,50,-0.49,1000.0
3,50,-0.48,1000.0
3,50,-0.47,1000.0
3,50,-0.46,1000.0
3,50,-0.45,1000.0
3,50,-0.44,1000.0
3,50,-0.43,1000.0
3,50,-0.42,1000.0
3,50,-0.41,1000.0
3,50,-0.4,1000.0
3,50,-0.39,1000.0
3,50,-0.38,1000.0
3,50,-0.37,1000.0
3,50,-0.36,1000.0
3,50,-0.35,1000.0
3,50,-0.34,1000.0
3,50,-0.33,1000.0
3,50,-0.32,1000.0
3,50,-0.31,1000.0
3,50,-0.3,1000.0
3,50,-0.29,1000.0
3,50,-0.28,1000.0
3,50,-0.27,1000.0
3,50,-0.26,1000.0
3,50,-0.25,1000.0
3,50,-0.24,1000.0
3,50,-0.23,1000.0
3,50,-0.22,1000.0
3,50,-0.21,1000.0
3,50,-0.2,1000.0
3,50,-0.19,1000.0
3,50,-0.18,1000.0
3,50,-0.17,1000.0
3,50,-0.16,1000.0
3,50,-0.15,1000.0
3,50,-0.14,1000.0
3,50,-0.13,1000.0
3,50,-0.12,1000.0
3,50,-0.11,1000.0
3,50,-0.1,1000.0
3,50,-0.09,1000.0
3,50,-0.08,1000.0
3,50,-0.07,2.770936635848016
3,50,-0.06,4.570009504158227
3,50,-0.05,3.5174081349007156
3,50,-0.04,3.409090843844586
3,50,-0.03,2.3485212836411438
3,50,-0.02,1.1326126652958421
3,50,-0.01,0.35058908903476843
3,50,0.0,0.02728570980472099
3,50,0.01,0.18626378303870691
3,50,0.02,0.5132396565384112
3,50,0.03,0.7631650396083106
3,50,0.04,0.9833173389949333
3,50,0.05,3.3564452224861956
3,50,0.06,3.7348568224609555
3,50,0.07,3.9621972498589018
3,50,0.08,4.1351635721711055
3,50,0.09,4.276580154186441
3,50,0.1,4.398301889322737
3,50,0.11,4.503104703314213
3,50,0.12,4.597306440311662
3,50,0.13,4.67937640625357
3,50,0.14,4.754420338675062
3,50,0.15,4.821765107543713
3,50,0.16,4.882871634948469
3,50,0.17,4.940498829714938
3,50,0.18,4.99316624898635
3,50,0.19,5.040632543504757
3,50,0.2,5.084851163239889
3,50,0.21,5.126372612792422
3,50,0.22,5.164212566996488
3,50,0.23,5.198056957472829
3,50,0.24,5.228856665623368
3,50,0.25,5.257754255082437
3,50,0.26,5.2852244731907385
3,50,0.27,5.311094633866853
3,50,0.28,5.335050603222486
3,50,0.29,5.357041451159535
3,50,0.3,5.377325622746885
3,50,0.31,5.3962894135483115
3,50,0.32,5.414257444906174
3,50,0.33,5.431399076113891
3,50,0.34,5.447730007990072
3,50,0.35,5.463170107278762
3,50,0.36,5.477615982097687
3,50,0.37,5.490997678495632
3,50,0.38,5.503305601497361
3,50,0.39,5.514589751995053
3,50,0.4,5.524942330053435
3,50,0.41,5.534475517484121
3,50,0.42,5.543302288939775
3,50,0.43,5.551523476678779
3,50,0.44,5.559221151502996
3,50,0.45,5.5664569280988765
3,50,0.46,5.573273490237992
3,50,0.47,5.579697855595028
3,50,0.48,5.585745282929341
3,50,0.49,5.591423094154762
3,50,0.5,5.596733985557912
3,50,0.51,5.60167862965571
3,50,0.52,5.606257529555523
3,50,0.53,5.610472191243069
3,50,0.54,5.614325736250667
3,50,0.55,5.617823097794491
3,50,0.56,5.6209709359486455
3,50,0.57,5.623777375491201
3,50,0.58,5.626251619599134
3,50,0.59,5.628403465065574
3,50,0.6,5.630242812863991
3,50,0.61,5.63177934581423
3,50,0.62,5.633022412068028
3,50,0.63,5.633980973431948
3,50,0.64,5.634663524304809
3,50,0.65,5.635077997839822
3,50,0.66,5.635231694005204
3,50,0.67,5.635131240116126
3,50,0.68,5.634782578965575
3,50,0.69,5.63419097605452
3,50,0.7,5.633361038440741
3,50,0.71,5.63229673959741
3,50,0.72,5.631001446294251
3,50,0.73,5.629477944728957
3,50,0.74,5.627728464009146
3,50,0.75,5.625754695699735
3,50,0.76,5.6235578085729765
3,50,0.77,5.621138457975291
3,50,0.78,5.618496789391805
3,50,0.79,5.615632435871884
3,50,0.8,5.6125445089997985
3,50,0.81,5.609231583073773
3,50,0.82,5.605691672114704
3,50,0.83,5.6019221992848625
3,50,0.84,5.597919958283922
3,50,0.85,5.593681066334322
3,50,0.86,5.5892009085026135
3,50,0.87,5.584474073358672
3,50,0.88,5.579494280365207
3,50,0.89,5.574254299902417
3,50,0.9,5.56874586739415
3,50,0.91,5.5629595934551315
3,50,0.92,5.556884872052649
3,50,0.93,5.550509787992959
3,50,0.94,5.543821023188806
3,50,0.95,5.536803757896424
3,50,0.96,5.52944155875734
3,50,0.97,5.521716241567528
3,50,0.98,5.513607696645919
3,50,0.99,5.505093674053684
3,50,1.0,5.496149551007285
3,50,1.01,5.486748146373345
3,50,1.02,5.476859692662149
3,50,1.03,5.4664520751030885
3,50,1.04,5.455491298193547
3,50,1.05,5.443941698177471
3,50,1.06,5.43176459028312
3,50,1.07,5.418913004719501
3,50,1.08,5.405319700842036
3,50,1.09,5.390877195678013
3,50,1.1,5.375413400675076
3,50,1.11,5.358673820504113
3,50,1.12,5.340326866316549
3,50,1.13,5.320008999331286
3,50,1.14,5.2974265251930985
3,50,1.15,5.272521159978065
3,50,1.16,5.245562099823566
3,50,1.17,5.216640728890027
3,50,1.18,5.18422852445156
3,50,1.19,5.144736562997114
3,50,1.2,5.097470588768282
3,50,1.21,5.045728543114089
3,50,1.22,4.971874270054778
3,50,1.23,4.86910682548861
3,50,1.24,4.759672359196615
3,50,1.25,3.7766928023024384
3,50,1.26,3.1130305300058807
3,50,1.27,3.1424240225189823
3,50,1.28,3.1731439862379545
3,50,1.29,3.2041794356574615
3,50,1.3,3.235210694063371
3,50,1.31,3.266119488975755
3,50,1.32,3.29686335118739
3,50,1.33,3.327431616326038
3,50,1.34,3.3578276773639746
3,50,1.35,3.3880611921614125
3,50,1.36,3.4181444553181857
3,50,1.37,3.4480906392310353
3,50,1.38,3.477912923090036
3,50,1.39,3.507624063866128
3,50,1.4,3.5372361954680835
3,50,1.41,3.5667607485330293
3,50,1.42,3.5962084345137546
3,50,1.43,3.625589263585363
3,50,1.44,3.654912579519457
3,50,1.45,3.6841871021109074
3,50,1.46,3.7134209719114954
3,50,1.47,3.7426217944040157
3,50,1.48,3.7717966821206894
3,50,1.49,3.800952293998551
3,50,1.5,3.8300948717144836
3,50,1.51,3.8592302729930323
3,50,1.52,3.8883640020135752
3,50,1.53,3.917501237108724
3,50,1.54,3.946646855971207
3,50,1.55,3.9758054585903637
3,50,1.56,4.004981388131021
3,50,1.57,4.034178749953333
3,50,1.58,4.063401428955577
3,50,1.59,4.0926531054052075
3,50,1.6,4.121937269406654
3,50,1.61,4.151257234139388
3,50,1.62,4.180616147985649
3,50,1.63,4.21001700565474
3,50,1.64,4.239462658399444
3,50,1.65,4.26895582341006
3,50,1.66,4.298499092462697
3,50,1.67,4.328094939890383
3,50,1.68,4.357745729938593
3,50,1.69,4.38745372356049
3,50,1.7,4.417221084701558
3,50,1.71,4.447049886118338
3,50,1.72,4.4769421147716795
3,50,1.73,4.506899676830685
3,50,1.74,4.536924402320347
3,50,1.75,4.567018049442419
3,50,1.76,4.5971823085964765
3,50,1.77,4.627418806125402
3,50,1.78,4.657729107807383
3,50,1.79,4.688114722114556
3,50,1.8,4.7185771032562895
3,50,1.81,4.749117654023917
3,50,1.82,4.779737728451859
3,50,1.83,4.810438634309009
3,50,1.84,4.841221635432919
3,50,1.85,4.872087953918371
3,50,1.86,4.903038772170805
3,50,1.87,4.93407523483441
3,50,1.88,4.96519845060368
3,50,1.89,4.996409493926693
3,50,1.9,5.027709406607625
3,50,1.91,5.059099199315438
3,50,1.92,5.090579853005372
3,50,1.93,5.122152320258827
3,50,1.94,5.1538175265475195
3,50,1.95,5.185576371426759
3,50,1.96,5.217429729662721
3,50,1.97,5.249378452297986
3,50,1.98,5.2814233676595
3,50,1.99,5.313565282312657
3,50,2.0,5.345804981965071
3,100,-2.0,1000.0
3,100,-1.99,1000.0
3,100,-1.98,1000.0
3,100,-1.97,1000.0
3,100,-1.96,1000.0
3,100,-1.95,1000.0
3,100,-1.94,1000.0
3,100,-1.93,1000.0
3,100,-1.92,1000.0
3,100,-1.91,1000.0
3,100,-1.9,1000.0
3,100,-1.89,1000.0
3,100,-1.88,1000.0
3,100,-1.87,1000.0
3,100,-1.86,1000.0
3,100,-1.85,1000.0
3,100,-1.84,1000.0
3,100,-1.83,1000.0
3,100,-1.82,1000.0
3,100,-1.81,1000.0
3,100,-1.8,1000.0
3,100,-1.79,1000.0
3,100,-1.78,1000.0
3,100,-1.77,1000.0
3,100,-1.76,1000.0
3,100,-1.75,1000.0
3,100,-1.74,1000.0
3,100,-1.73,1000.0
3,100,-1.72,1000.0
3,100,-1.71,1000.0
3,100,-1.7,1000.0
3,100,-1.69,1000.0
3,100,-1.68,1000.0
3,100,-1.67,1000.0
3,100,-1.66,1000.0
3,100,-1.65,1000.0
3,100,-1.64,1000.0
3,100,-1.63,1000.0
3,100,-1.62,1000.0
3,100,-1.61,1000.0
3,100,-1.6,1000.0
3,100,-1.59,1000.0
3,100,-1.58,1000.0
3,100,-1.57,1000.0
3,100,-1.56,1000.0
3,100,-1.55,1000.0
3,100,-1.54,1000.0
3,100,-1.53,1000.0
3,100,-1.52,1000.0
3,100,-1.51,1000.0
3,100,-1.5,1000.0
3,100,-1.49,1000.0
3,100,-1.48,1000.0
3,100,-1.47,1000.0
3,100,-1.46,1000.0
3,100,-1.45,1000.0
3,100,-1.44,1000.0
3,100,-1.43,1000.0
3,100,-1.42,1000.0
3,100,-1.41,1000.0
3,100,-1.4,1000.0
3,100,-1.39,1000.0
3,100,-1.38,1000.0
3,100,-1.37,1000.0
3,100,-1.36,1000.0
3,100,-1.35,1000.0
3,100,-1.34,1000.0
3,100,-1.33,1000.0
3,100,-1.32,1000.0
3,100,-1.31,1000.0
3,100,-1.3,1000.0
3,100,-1.29,1000.0
3,100,-1.28,1000.0
3,100,-1.27,1000.0
3,100,-1.26,1000.0
3,100,-1.25,1000.0
3,100,-1.24,1000.0
3,100,-1.23,1000.0
3,100,-1.22,1000.0
3,100,-1.21,1000.0
3,100,-1.2,1000.0
3,100,-1.19,1000.0
3,100,-1.18,1000.0
3,100,-1.17,1000.0
3,100,-1.16,1000.0
3,100,-1.15,1000.0
3,100,-1.14,1000.0
3,100,-1.13,1000.0
3,100,-1.12,1000.0
3,100,-1.11,1000.0
3,100,-1.1,1000.0
3,100,-1.09,1000.0
3,100,-1.08,1000.0
3,100,-1.07,1000.0
3,100,-1.06,1000.0
3,100,-1.05,1000.0
3,100,-1.04,1000.0
3,100,-1.03,1000.0
3,100,-1.02,1000.0
3,100,-1.01,1000.0
3,100,-1.0,1000.0
3,100,-0.99,1000.0
3,100,-0.98,1000.0
3,100,-0.97,1000.0
3,100,-0.96,1000.0
3,100,-0.95,1000.0
3,100,-0.94,1000.0
3,100,-0.93,1000.0
3,100,-0.92,1000.0
3,100,-0.91,1000.0
3,100,-0.9,1000.0
3,100,-0.89,1000.0
3,100,-0.88,1000.0
3,100,-0.87,1000.0
3,100,-0.86,1000.0
3,100,-0.85,1000.0
3,100,-0.84,1000.0
3,100,-0.83,1000.0
3,100,-0.82,1000.0
3,100,-0.81,1000.0
3,100,-0.8,1000.0
3,100,-0.79,1000.0
3,100,-0.78,1000.0
3,100,-0.77,1000.0
3,100,-0.76,1000.0
3,100,-0.75,1000.0
3,100,-0.74,1000.0
3,100,-0.73,1000.0
3,100,-0.72,1000.0
3,100,-0.71,1000.0
3,100,-0.7,1000.0
3,100,-0.69,1000.0
3,100,-0.68,1000.0
3,100,-0.67,1000.0
3,100,-0.66,1000.0
3,100,-0.65,1000.0
3,100,-0.64,1000.0
3,100,-0.63,1000.0
3,100,-0.62,1000.0
3,100,-0.61,1000.0
3,100,-0.6,1000.0
3,100,-0.59,1000.0
3,100,-0.58,1000.0
3,100,-0.57,1000.0
3,100,-0.56,1000.0
3,100,-0.55,1000.0
3,100,-0.54,1000.0
3,100,-0.53,1000.0
3,100,-0.52,1000.0
3,100,-0.51,1000.0
3,100,-0.5,1000.0
3,100,-0.49,1000.0
3,100,-0.48,1000.0
3,100,-0.47,1000.0
3,100,-0.46,1000.0
3,100,-0.45,1000.0
3,100,-0.44,1000.0
3,100,-0.43,1000.0
3,100,-0.42,1000.0
3,100,-0.41,1000.0
3,100,-0.4,1000.0
3,100,-0.39,1000.0
3,100,-0.38,1000.0
3,100,-0.37,1000.0
3,100,-0.36,1000.0
3,100,-0.35,1000.0
3,100,-0.34,1000.0
3,100,-0.33,1000.0
3,100,-0.32,1000.0
3,100,-0.31,1000.0
3,100,-0.3,1000.0
3,100,-0.29,1000.0
3,100,-0.28,1000.0
3,100,-0.27,1000.0
3,100,-0.26,1000.0
3,100,-0.25,1000.0
3,100,-0.24,1000.0
3,100,-0.23,1000.0
3,100,-0.22,1000.0
3,100,-0.21,1000.0
3,100,-0.2,1000.0
3,100,-0.19,1000.0
3,100,-0.18,1000.0
3,100,-0.17,1000.0
3,100,-0.16,1000.0
3,100,-0.15,1000.0
3,100,-0.14,1000.0
3,100,-0.13,1000.0
3,100,-0.12,1000.0
3,100,-0.11,1000.0
3,100,-0.1,1000.0
3,100,-0.09,1000.0
3,100,-0.08,1000.0
3,100,-0.07,2.868579175408885
3,100,-0.06,1000.0
3,100,-0.05,4.175968792358057
3,100,-0.04,4.309124858846956
3,100,-0.03,4.601750784810701
3,100,-0.02,3.3178077918913984
3,100,-0.01,1.0886076573998409
3,100,0.0,0.017576201469118733
3,100,0.01,0.8106345356066607
3,100,0.02,1.6984966697891906
3,100,0.03,2.014497116470348
3,100,0.04,1.4897615293205364
3,100,0.05,3.9339360439474116
3,100,0.06,4.302126365073189
3,100,0.07,4.522205340746774
3,100,0.08,4.683426169444274
3,100,0.09,4.811966718471463
3,100,0.1,4.921174961516002
3,100,0.11,5.013615106350266
3,100,0.12,5.095434276218782
3,100,0.13,5.165520808895519
3,100,0.14,5.229451471163425
3,100,0.15,5.28662804642478
3,100,0.16,5.3382627594880585
3,100,0.17,5.386830924480657
3,100,0.18,5.430721767129007
3,100,0.19,5.4697360674705395
3,100,0.2,5.505957935521428
3,100,0.21,5.540056588571681
3,100,0.22,5.571093929340777
3,100,0.23,5.598721283298025
3,100,0.24,5.623799705361986
3,100,0.25,5.6473617137203
3,100,0.26,5.669780193309411
3,100,0.27,5.690805131546132
3,100,0.28,5.7100748859556205
3,100,0.29,5.7275183811495145
3,100,0.3,5.743394573703723
3,100,0.31,5.758102793866801
3,100,0.32,5.771985635826492
3,100,0.33,5.785229480874764
3,100,0.34,5.797862338622959
3,100,0.35,5.809809928913794
3,100,0.36,5.8209681064400325
3,100,0.37,5.831260452143713
3,100,0.38,5.840666621483244
3,100,0.39,5.849223142561479
3,100,0.4,5.85700745439842
3,100,0.41,5.8641168611994186
3,100,0.42,5.870650206544882
3,100,0.43,5.876695505556436
3,100,0.44,5.88232364111038
3,100,0.45,5.887586787217421
3,100,0.46,5.892519909424428
3,100,0.47,5.89714390977991
3,100,0.48,5.9014693578983275
3,100,0.49,5.905500110254652
3,100,0.5,5.909236413319231
3,100,0.51,5.91267730648455
3,100,0.52,5.915822295655534
3,100,0.53,5.918672367803603
3,100,0.54,5.921230470805501
3,100,0.55,5.923501601437578
3,100,0.56,5.925492635512639
3,100,0.57,5.9272120014049765
3,100,0.58,5.928669247351419
3,100,0.59,5.9298745253052365
3,100,0.6,5.930838082361202
3,100,0.61,5.931569928915237
3,100,0.62,5.932079719968749
3,100,0.63,5.932376706600013
3,100,0.64,5.932469661695983
3,100,0.65,5.9323667951628005
3,100,0.66,5.932075692158363
3,100,0.67,5.931603284013882
3,100,0.68,5.930955846252387
3,100,0.69,5.930139014634814
3,100,0.7,5.929157811299897
3,100,0.71,5.928016675024736
3,100,0.72,5.926719491322075
3,100,0.73,5.925269619358533
3,100,0.74,5.923669913598623
3,100,0.75,5.921922738746089
3,100,0.76,5.920029977045138
3,100,0.77,5.91799302737875
3,100,0.78,5.915812795912152
3,100,0.79,5.913489678321224
3,100,0.8,5.911023533963271
3,100,0.81,5.908413652737383
3,100,0.82,5.905658715891863
3,100,0.83,5.902756752719519
3,100,0.84,5.899705095993272
3,100,0.85,5.8965003401878535
3,100,0.86,5.893138308053235
3,100,0.87,5.889614032973367
3,100,0.88,5.885921766731411
3,100,0.89,5.882055024698394
3,100,0.9,5.878006682810927
3,100,0.91,5.873769142535749
3,100,0.92,5.86933458055644
3,100,0.93,5.864695297975955
3,100,0.94,5.859844177735726
3,100,0.95,5.854775246541342
3,100,0.96,5.849484316327195
3,100,0.97,5.843969647677772
3,100,0.98,5.83823253187503
3,100,0.99,5.8322776294071055
3,100,1.0,5.8261128341165715
3,100,1.01,5.819748361638977
3,100,1.02,5.813194702421394
3,100,1.03,5.806459055244524
3,100,1.04,5.799539900413967
3,100,1.05,5.792419538965285
3,100,1.06,5.785054818989298
3,100,1.07,5.777367083328186
3,100,1.08,5.769233908097333
3,100,1.09,5.76048776406728
3,100,1.1,5.750930071257335
3,100,1.11,5.7403709686876
3,100,1.12,5.728699122139868
3,100,1.13,5.715962253714064
3,100,1.14,5.702395752431845
3,100,1.15,5.688301075764645
3,100,1.16,5.673706270519988
3,100,1.17,5.657894796165879
3,100,1.18,5.6392615009697415
3,100,1.19,5.616512643389763
3,100,1.2,5.590839703028211
3,100,1.21,5.562746921650469
3,100,1.22,5.523439808015055
3,100,1.23,5.471281458992314
3,100,1.24,5.386630200224561
3,100,1.25,5.147292950419948
3,100,1.26,3.100833766600052
3,100,1.27,3.131287114390342
3,100,1.28,3.1625300117920605
3,100,1.29,3.1938271815680603
3,100,1.3,3.224991694641883
3,100,1.31,3.255970900674438
3,100,1.32,3.2867556222907215
3,100,1.33,3.3173523490631696
3,100,1.34,3.347773333253366
3,100,1.35,3.378032734120464
3,100,1.36,3.408145026671124
3,100,1.37,3.43812432311224
3,100,1.38,3.46798408550385
3,100,1.39,3.497737015460726
3,100,1.4,3.5273950277048978
3,100,1.41,3.556969264492803
3,100,1.42,3.586470129936769
3,100,1.43,3.615907333437029
3,100,1.44,3.645289936456538
3,100,1.45,3.6746263994859687
3,100,1.46,3.7039246274807964
3,100,1.47,3.7331920128706244
3,100,1.48,3.7624354757189806
3,100,1.49,3.7916615008940875
3,100,1.5,3.820876172276023
3,100,1.51,3.8500852041197007
3,100,1.52,3.8792939697429283
3,100,1.53,3.908507527731927
3,100,1.54,3.9377306458630312
3,100,1.55,3.966967822935896
3,100,1.56,3.996223308704651
3,100,1.57,4.025501122081188
3,100,1.58,4.054805067771441
3,100,1.59,4.084138751492177
3,100,1.6,4.113505593902038
3,100,1.61,4.142908843368306
3,100,1.62,4.172351587678911
3,100,1.63,4.201836764798532
3,100,1.64,4.231367172757736
3,100,1.65,4.2609454787550645
3,100,1.66,4.290574227544255
3,100,1.67,4.3202558491711684
3,100,1.68,4.3499926661187995
3,100,1.69,4.379786899912881
3,100,1.7,4.409640677235267
3,100,1.71,4.439556035587784
3,100,1.72,4.469534928545056
3,100,1.73,4.499579230630944
3,100,1.74,4.5296907418501355
3,100,1.75,4.559871191903206
3,100,1.76,4.590122244111016
3,100,1.77,4.620445499071697
3,100,1.78,4.650842498071474
3,100,1.79,4.681314726268659
3,100,1.8,4.711863615668238
3,100,1.81,4.742490547903131
3,100,1.82,4.77319685683666
3,100,1.83,4.803983830999566
3,100,1.84,4.83485271587372
3,100,1.85,4.865804716033807
3,100,1.86,4.8968409971570015
3,100,1.87,4.927962687910308
3,100,1.88,4.959170881724007
3,100,1.89,4.990466638459309
3,100,1.9,5.021850985977488
3,100,1.91,5.053324921617309
3,100,1.92,5.084889413587112
3,100,1.93,5.116545402277193
3,100,1.94,5.148293801498019
3,100,1.95,5.180135499649193
3,100,1.96,5.2120713608237965
3,100,1.97,5.244102225852446
3,100,1.98,5.27622891329096
3,100,1.99,5.308452220355398
3,100,2.0,5.340772923807898
4,1,-2.0,1000.0
4,1,-1.99,1000.0
4,1,-1.98,1000.0
4,1,-1.97,1000.0
4,1,-1.96,1000.0
4,1,-1.95,1000.0
4,1,-1.94,1000.0
4,1,-1.93,1000.0
4,1,-1.92,1000.0
4,1,-1.91,1000.0
4,1,-1.9,1000.0
4,1,-1.89,1000.0
4,1,-1.88,1000.0
4,1,-1.87,1000.0
4,1,-1.86,1000.0
4,1,-1.85,1000.0
4,1,-1.84,1000.0
4,1,-1.83,1000.0
4,1,-1.82,1000.0
4,1,-1.81,1000.0
4,1,-1.8,1000.0
4,1,-1.79,1000.0
4,1,-1.78,1000.0
4,1,-1.77,1000.0
4,1,-1.76,1000.0
4,1,-1.75,1000.0
4,1,-1.74,1000.0
4,1,-1.73,1000.0
4,1,-1.72,1000.0
4,1,-1.71,1000.0
4,1,-1.7,1000.0
4,1,-1.69,1000.0
4,1,-1.68,1000.0
4,1,-1.67,1000.0
4,1,-1.66,1000.0
4,1,-1.65,1000.0
4,1,-1.64,1000.0
4,1,-1.63,1000.0
4,1,-1.62,1000.0
4,1,-1.61,1000.0
4,1,-1.6,1000.0
4,1,-1.59,1000.0
4,1,-1.58,1000.0
4,1,-1.57,1000.0
4,1,-1.56,1000.0
4,1,-1.55,1000.0
4,1,-1.54,1000.0
4,1,-1.53,1000.0
4,1,-1.52,1000.0
4,1,-1.51,1000.0
4,1,-1.5,1000.0
4,1,-1.49,1000.0
4,1,-1.48,1000.0
4,1,-1.47,1000.0
4,1,-1.46,1000.0
4,1,-1.45,1000.0
4,1,-1.44,1000.0
4,1,-1.43,1000.0
4,1,-1.42,1000.0
4,1,-1.41,1000.0
4,1,-1.4,1000.0
4,1,-1.39,1000.0
4,1,-1.38,1000.0
4,1,-1.37,1000.0
4,1,-1.36,1000.0
4,1,-1.35,1000.0
4,1,-1.34,1000.0
4,1,-1.33,1000.0
4,1,-1.32,1000.0
4,1,-1.31,1000.0
4,1,-1.3,1000.0
4,1,-1.29,1000.0
4,1,-1.28,1000.0
4,1,-1.27,1000.0
4,1,-1.26,1000.0
4,1,-1.25,1000.0
4,1,-1.24,1000.0
4,1,-1.23,1000.0
4,1,-1.22,1000.0
4,1,-1.21,1000.0
4,1,-1.2,1000.0
4,1,-1.19,1000.0
4,1,-1.18,1000.0
4,1,-1.17,1000.0
4,1,-1.16,1000.0
4,1,-1.15,1000.0
4,1,-1.14,1000.0
4,1,-1.13,1000.0
4,1,-1.12,1000.0
4,1,-1.11,1000.0
4,1,-1.1,1000.0
4,1,-1.09,1000.0
4,1,-1.08,1000.0
4,1,-1.07,1000.0
4,1,-1.06,1000.0
4,1,-1.05,1000.0
4,1,-1.04,1000.0
4,1,-1.03,1000.0
4,1,-1.02,1000.0
4,1,-1.01,1000.0
4,1,-1.0,1000.0
4,1,-0.99,1000.0
4,1,-0.98,1000.0
4,1,-0.97,1000.0
4,1,-0.96,1000.0
4,1,-0.95,1000.0
4,1,-0.94,1000.0
4,1,-0.93,1000.0
4,1,-0.92,1000.0
4,1,-0.91,1000.0
4,1,-0.9,1000.0
4,1,-0.89,1000.0
4,1,-0.88,1000.0
4,1,-0.87,1000.0
4,1,-0.86,1000.0
4,1,-0.85,1000.0
4,1,-0.84,1000.0
4,1,-0.83,1000.0
4,1,-0.82,1000.0
4,1,-0.81,1000.0
4,1,-0.8,1000.0
4,1,-0.79,1000.0
4,1,-0.78,1000.0
4,1,-0.77,1000.0
4,1,-0.76,1000.0
4,1,-0.75,1000.0
4,1,-0.74,1000.0
4,1,-0.73,1000.0
4,1,-0.72,1000.0
4,1,-0.71,1000.0
4,1,-0.7,1000.0
4,1,-0.69,1000.0
4,1,-0.68,1000.0
4,1,-0.67,1000.0
4,1,-0.66,1000.0
4,1,-0.65,1000.0
4,1,-0.64,1000.0
4,1,-0.63,1000.0
4,1,-0.62,1000.0
4,1,-0.61,1000.0
4,1,-0.6,1000.0
4,1,-0.59,1000.0
4,1,-0.58,1000.0
4,1,-0.57,1000.0
4,1,-0.56,1000.0
4,1,-0.55,1000.0
4,1,-0.54,1000.0
4,1,-0.53,1000.0
4,1,-0.52,1000.0
4,1,-0.51,1000.0
4,1,-0.5,1000.0
4,1,-0.49,1000.0
4,1,-0.48,1000.0
4,1,-0.47,1000.0
4,1,-0.46,1000.0
4,1,-0.45,1000.0
4,1,-0.44,1000.0
4,1,-0.43,1000.0
4,1,-0.42,3393.3130274591804
4,1,-0.41,28.733328305756995
4,1,-0.4,1.9552714483565472
4,1,-0.39,0.8144865980083847
4,1,-0.38,0.5294918685833945
4,1,-0.37,0.4008076409538977
4,1,-0.36,0.32672338294165654
4,1,-0.35,0.277988445021829
4,1,-0.34,0.24304237168927156
4,1,-0.33,0.21640941517695572
4,1,-0.32,0.1951694811312097
4,1,-0.31,0.1776280148309426
4,1,-0.3,0.1627370903189758
4,1,-0.29,0.1498157053997679
4,1,-0.28,0.13840339206826294
4,1,-0.27,0.12817857843418962
4,1,-0.26,0.11891064045397891
4,1,-0.25,0.1104304986588802
4,1,-0.24,0.10261191595971464
4,1,-0.23,0.09535922280917912
4,1,-0.22,0.08859903843284506
4,1,-0.21,0.0822745524089367
4,1,-0.2,0.076341490700387
4,1,-0.19,0.07076521620769195
4,1,-0.18,0.0655186096440608
4,1,-0.17,0.06058049733343734
4,1,-0.16,0.05593446893998766
4,1,-0.15,0.051567977551467394
4,1,-0.14,0.04747164714568633
4,1,-0.13,0.043638734386181405
4,1,-0.12,0.04006470667920374
4,1,-0.11,0.03674690884068778
4,1,-0.1,0.033684298088258235
4,1,-0.09,0.030877232401816345
4,1,-0.08,0.028327301317759367
4,1,-0.07,0.02603719159393588
4,1,-0.06,0.02401058382743413
4,1,-0.05,0.022252082067604085
4,1,-0.04,0.020767192455081542
4,1,-0.03,0.019562406649528928
4,1,-0.02,0.01864558050042545
4,1,-0.01,0.018027567175557955
4,1,0.0,0.01773109828394226
4,1,0.01,0.01778590256650392
4,1,0.02,0.01817964837957183
4,1,0.03,0.018906950603713467
4,1,0.04,0.019974199587407176
4,1,0.05,0.02139062407258751
4,1,0.06,0.023166596556194047
4,1,0.07,0.025313185349150252
4,1,0.08,0.027841991586052876
4,1,0.09,0.030765077743841254
4,1,0.1,0.03409492830412191
4,1,0.11,0.0378444221014165
4,1,0.12,0.04202680878486713
4,1,0.13,0.0466556863007867
4,1,0.14,0.05174497795002747
4,1,0.15,0.05730890822755544
4,1,0.16,0.06336197694026692
4,1,0.17,0.06991893124821598
4,1,0.18,0.07699473537171432
4,1,0.19,0.08460453779573855
4,1,0.2,0.09276363592837811
4,1,0.21,0.10148743843347094
4,1,0.22,0.11079142616156312
4,1,0.23,0.12069111467687536
4,1,0.24,0.13120202754998928
4,1,0.25,0.14233970648656388
4,1,0.26,0.15411981581882195
4,1,0.27,0.16655835473973196
4,1,0.28,0.17967148020590276
4,1,0.29,0.19347418029868974
4,1,0.3,0.20797967720026683
4,1,0.31,0.22320070482308627
4,1,0.32,0.23915011655129534
4,1,0.33,0.25584063284397107
4,1,0.34,0.2732845735974687
4,1,0.35,0.2914937182798551
4,1,0.36,0.3104792329646126
4,1,0.37,0.33025162565447413
4,1,0.38,0.3508207162343007
4,1,0.39,0.3721956180669686
4,1,0.4,0.39438473319404943
4,1,0.41,0.4173957674887518
4,1,0.42,0.44123577755981014
4,1,0.43,0.46591125983540743
4,1,0.44,0.49142824392029705
4,1,0.45,0.5177922108607905
4,1,0.46,0.5450076953096809
4,1,0.47,0.5730780564996429
4,1,0.48,0.6020058814083691
4,1,0.49,0.6317934673178648
4,1,0.5,0.6624429791736245
4,1,0.51,0.693956457470808
4,1,0.52,0.7263358368242586
4,1,0.53,0.7595830017939766
4,1,0.54,0.7936998674766234
4,1,0.55,0.828688473004543
4,1,0.56,0.8645510812393364
4,1,0.57,0.9012902811030009
4,1,0.58,0.9389090904978061
4,1,0.59,0.9774110584432303
4,1,0.6,1.0168003653669748
4,1,0.61,1.0570819206396982
4,1,0.62,1.0982614565318018
4,1,0.63,1.14034561783594
4,1,0.64,1.1833420464602482
4,1,0.65,1.2272594603656022
4,1,0.66,1.2721077263026725
4,1,0.67,1.3178979259059866
4,1,0.68,1.3646424148256306
4,1,0.69,1.4123548747233452
4,1,0.7,1.4610503581270162
4,1,0.71,1.5107453263224944
4,1,0.72,1.5614576806586262
4,1,0.73,1.6132067878440401
4,1,0.74,1.666013500015011
4,1,0.75,1.719900170546218
4,1,0.76,1.7748906667538138
4,1,0.77,1.83101038079877
4,1,0.78,1.8882862402344693
4,1,0.79,1.946746719754755
4,1,0.8,2.0064218557867006
4,1,0.81,2.067343265636791
4,1,0.82,2.129544172940637
4,1,0.83,2.1930594411847766
4,1,0.84,2.2579256170641044
4,1,0.85,2.324180985407829
4,1,0.86,2.3918656373479026
4,1,0.87,2.46102155331322
4,1,0.88,2.531692702307208
4,1,0.89,2.6039251587637615
4,1,0.9,2.6777672380768975
4,1,0.91,2.7532696516659545
4,1,0.92,2.8304856821778936
4,1,0.93,2.9094713791519435
4,1,0.94,2.9902857751947005
4,1,0.95,3.0729911224543014
4,1,0.96,3.1576531489614243
4,1,0.97,3.244341334244713
4,1,0.98,3.3331292035500226
4,1,0.99,3.4240946400167305
4,1,1.0,3.5173202143047737
4,1,1.01,3.6128935314340596
4,1,1.02,3.7109075949974066
4,1,1.03,3.811461189436371
4,1,1.04,3.9146592817173453
4,1,1.05,4.020613444498123
4,1,1.06,4.129442303713438
4,1,1.07,4.24127201440925
4,1,1.08,4.356236769597288
4,1,1.09,4.474479347861958
4,1,1.1,4.5961517064140205
4,1,1.11,4.721415627237022
4,1,1.12,4.850443424909921
4,1,1.13,4.983418725616221
4,1,1.14,5.1205373277803705
4,1,1.15,5.262008155729763
4,1,1.16,5.408054318797956
4,1,1.17,5.5589142894035435
4,1,1.18,5.714843214909659
4,1,1.19,5.876114379545954
4,1,1.2,6.043020834420337
4,1,1.21,6.215877215721785
4,1,1.22,6.395021773675969
4,1,1.23,6.580818637705553
4,1,1.24,6.773660346573174
4,1,1.25,6.973970675978026
4,1,1.26,7.18220779990268
4,1,1.27,7.398867825379643
4,1,1.28,7.6244887419366005
4,1,1.29,7.859654823819685
4,1,1.3,8.105001508573514
4,1,1.31,8.361220734638588
4,1,1.32,8.629066618042184
4,1,1.33,8.909361097777003
4,1,1.34,9.202998558524284
4,1,1.35,9.510946831058556
4,1,1.36,9.83423749214131
4,1,1.37,10.173924497969368
4,1,1.38,10.530940118071236
4,1,1.39,10.905559799438677
4,1,1.4,11.295144047574986
4,1,1.41,11.695396462354351
4,1,1.42,15.628591571405137
4,1,1.43,1000.0
4,1,1.44,1000.0
4,1,1.45,1000.0
4,1,1.46,1000.0
4,1,1.47,1000.0
4,1,1.48,1000.0
4,1,1.49,1000.0
4,1,1.5,1000.0
4,1,1.51,1000.0
4,1,1.52,1000.0
4,1,1.53,1000.0
4,1,1.54,1000.0
4,1,1.55,1000.0
4,1,1.56,1000.0
4,1,1.57,1000.0
4,1,1.58,1000.0
4,1,1.59,1000.0
4,1,1.6,1000.0
4,1,1.61,1000.0
4,1,1.62,1000.0
4,1,1.63,1000.0
4,1,1.64,1000.0
4,1,1.65,1000.0
4,1,1.66,1000.0
4,1,1.67,1000.0
4,1,1.68,1000.0
4,1,1.69,1000.0
4,1,1.7,1000.0
4,1,1.71,1000.0
4,1,1.72,1000.0
4,1,1.73,1000.0
4,1,1.74,1000.0
4,1,1.75,1000.0
4,1,1.76,1000.0
4,1,1.77,1000.0
4,1,1.78,1000.0
4,1,1.79,1000.0
4,1,1.8,1000.0
4,1,1.81,1000.0
4,1,1.82,1000.0
4,1,1.83,1000.0
4,1,1.84,1000.0
4,1,1.85,1000.0
4,1,1.86,1000.0
4,1,1.87,1000.0
4,1,1.88,1000.0
4,1,1.89,1000.0
4,1,1.9,1000.0
4,1,1.91,1000.0
4,1,1.92,1000.0
4,1,1.93,1000.0
4,1,1.94,1000.0
4,1,1.95,1000.0
4,1,1.96,1000.0
4,1,1.97,1000.0
4,1,1.98,1000.0
4,1,1.99,1000.0
4,1,2.0,1000.0
4,2,-2.0,1000.0
4,2,-1.99,1000.0
4,2,-1.98,1000.0
4,2,-1.97,1000.0
4,2,-1.96,1000.0
4,2,-1.95,1000.0
4,2,-1.94,1000.0
4,2,-1.93,1000.0
4,2,-1.92,1000.0
4,2,-1.91,1000.0
4,2,-1.9,1000.0
4,2,-1.89,1000.0
4,2,-1.88,1000.0
4,2,-1.87,1000.0
4,2,-1.86,1000.0
4,2,-1.85,1000.0
4,2,-1.84,1000.0
4,2,-1.83,1000.0
4,2,-1.82,1000.0
4,2,-1.81,1000.0
4,2,-1.8,1000.0
4,2,-1.79,1000.0
4,2,-1.78,1000.0
4,2,-1.77,1000.0
4,2,-1.76,1000.0
4,2,-1.75,1000.0
4,2,-1.74,1000.0
4,2,-1.73,1000.0
4,2,-1.72,1000.0
4,2,-1.71,1000.0
4,2,-1.7,1000.0
4,2,-1.69,1000.0
4,2,-1.68,1000.0
4,2,-1.67,1000.0
4,2,-1.66,1000.0
4,2,-1.65,1000.0
4,2,-1.64,1000.0
4,2,-1.63,1000.0
4,2,-1.62,1000.0
4,2,-1.61,1000.0
4,2,-1.6,1000.0
4,2,-1.59,1000.0
4,2,-1.58,1000.0
4,2,-1.57,1000.0
4,2,-1.56,1000.0
4,2,-1.55,1000.0
4,2,-1.54,1000.0
4,2,-1.53,1000.0
4,2,-1.52,1000.0
4,2,-1.51,1000.0
4,2,-1.5,1000.0
4,2,-1.49,1000.0
4,2,-1.48,1000.0
4,2,-1.47,1000.0
4,2,-1.46,1000.0
4,2,-1.45,1000.0
4,2,-1.44,1000.0
4,2,-1.43,1000.0
4,2,-1.42,1000.0
4,2,-1.41,1000.0
4,2,-1.4,1000.0
4,2,-1.39,1000.0
4,2,-1.38,1000.0
4,2,-1.37,1000.0
4,2,-1.36,1000.0
4,2,-1.35,1000.0
4,2,-1.34,1000.0
4,2,-1.33,1000.0
4,2,-1.32,1000.0
4,2,-1.31,1000.0
4,2,-1.3,1000.0
4,2,-1.29,1000.0
4,2,-1.28,1000.0
4,2,-1.27,1000.0
4,2,-1.26,1000.0
4,2,-1.25,1000.0
4,2,-1.24,1000.0
4,2,-1.23,1000.0
4,2,-1.22,1000.0
4,2,-1.21,1000.0
4,2,-1.2,1000.0
4,2,-1.19,1000.0
4,2,-1.18,1000.0
4,2,-1.17,1000.0
4,2,-1.16,1000.0
4,2,-1.15,1000.0
4,2,-1.14,1000.0
4,2,-1.13,1000.0
4,2,-1.12,1000.0
4,2,-1.11,1000.0
4,2,-1.1,1000.0
4,2,-1.09,1000.0
4,2,-1.08,1000.0
4,2,-1.07,1000.0
4,2,-1.06,1000.0
4,2,-1.05,1000.0
4,2,-1.04,1000.0
4,2,-1.03,1000.0
4,2,-1.02,1000.0
4,2,-1.01,1000.0
4,2,-1.0,1000.0
4,2,-0.99,1000.0
4,2,-0.98,1000.0
4,2,-0.97,1000.0
4,2,-0.96,1000.0
4,2,-0.95,1000.0
4,2,-0.94,1000.0
4,2,-0.93,1000.0
4,2,-0.92,1000.0
4,2,-0.91,1000.0
4,2,-0.9,1000.0
4,2,-0.89,1000.0
4,2,-0.88,1000.0
4,2,-0.87,1000.0
4,2,-0.86,1000.0
4,2,-0.85,1000.0
4,2,-0.84,1000.0
4,2,-0.83,1000.0
4,2,-0.82,1000.0
4,2,-0.81,1000.0
4,2,-0.8,1000.0
4,2,-0.79,1000.0
4,2,-0.78,1000.0
4,2,-0.77,1000.0
4,2,-0.76,1000.0
4,2,-0.75,1000.0
4,2,-0.74,1000.0
4,2,-0.73,1000.0
4,2,-0.72,1000.0
4,2,-0.71,1000.0
4,2,-0.7,1000.0
4,2,-0.69,1000.0
4,2,-0.68,1000.0
4,2,-0.67,1000.0
4,2,-0.66,1000.0
4,2,-0.65,1000.0
4,2,-0.64,1000.0
4,2,-0.63,1000.0
4,2,-0.62,1000.0
4,2,-0.61,1000.0
4,2,-0.6,1000.0
4,2,-0.59,1000.0
4,2,-0.58,1000.0
4,2,-0.57,1000.0
4,2,-0.56,1000.0
4,2,-0.55,1000.0
4,2,-0.54,1000.0
4,2,-0.53,1000.0
4,2,-0.52,1000.0
4,2,-0.51,1000.0
4,2,-0.5,1000.0
4,2,-0.49,1000.0
4,2,-0.48,1000.0
4,2,-0.47,1000.0
4,2,-0.46,1000.0
4,2,-0.45,1000.0
4,2,-0.44,1000.0
4,2,-0.43,1000.0
4,2,-0.42,1000.0
4,2,-0.41,1000.0
4,2,-0.4,1000.0
4,2,-0.39,1000.0
4,2,-0.38,1000.0
4,2,-0.37,1000.0
4,2,-0.36,1000.0
4,2,-0.35,1000.0
4,2,-0.34,1000.0
4,2,-0.33,1000.0
4,2,-0.32,1000.0
4,2,-0.31,1000.0
4,2,-0.3,1000.0
4,2,-0.29,1000.0
4,2,-0.28,1000.0
4,2,-0.27,1000.0
4,2,-0.26,1000.0
4,2,-0.25,1000.0
4,2,-0.24,1000.0
4,2,-0.23,1000.0
4,2,-0.22,1000.0
4,2,-0.21,296.3375572068385
4,2,-0.2,0.4777284039436516
4,2,-0.19,0.253945689266049
4,2,-0.18,0.1831850444809605
4,2,-0.17,0.14662013713031025
4,2,-0.16,0.12312539355410532
4,2,-0.15,0.10601337774159178
4,2,-0.14,0.09253416238432716
4,2,-0.13,0.08136808438704242
4,2,-0.12,0.07181403180482279
4,2,-0.11,0.06347257018880492
4,2,-0.1,0.05610516803807293
4,2,-0.09,0.049565374452053446
4,2,-0.08,0.04376258371327636
4,2,-0.07,0.03864179299590432
4,2,-0.06,0.034171736383270764
4,2,-0.05,0.030337653706860722
4,2,-0.04,0.027136761285062316
4,2,-0.03,0.024575415469352997
4,2,-0.02,0.02266755287766184
4,2,-0.01,0.02143500803628334
4,2,0.0,0.020915482849303117
4,2,0.01,0.02115701917449148
4,2,0.02,0.02216847056639459
4,2,0.03,0.02396815293626292
4,2,0.04,0.026588388960078816
4,2,0.05,0.030066326725460297
4,2,0.06,0.034442016760370585
4,2,0.07,0.039757731972032626
4,2,0.08,0.046057552076213995
4,2,0.09,0.053387004673851164
4,2,0.1,0.061792691239234254
4,2,0.11,0.07132186741630289
4,2,0.12,0.08202196267442538
4,2,0.13,0.09394003243445781
4,2,0.14,0.10712214196880174
4,2,0.15,0.12161268755962903
4,2,0.16,0.13745366703311868
4,2,0.17,0.15468391874122533
4,2,0.18,0.17333835487928057
4,2,0.19,0.19344722106763326
4,2,0.2,0.2150354186933339
4,2,0.21,0.23812192901144913
4,2,0.22,0.2627193781952015
4,2,0.23,0.2888337809810763
4,2,0.24,0.31646449988453496
4,2,0.25,0.34560446388627997
4,2,0.26,0.3762407091473656
4,2,0.27,0.4083552451338171
4,2,0.28,0.44192572279615755
4,2,0.29,0.4769251022766498
4,2,0.3,0.5133221432164001
4,2,0.31,0.5510837974538185
4,2,0.32,0.5901768919349795
4,2,0.33,0.6305688496446994
4,2,0.34,0.6722282451227279
4,2,0.35,0.7151253087693309
4,2,0.36,0.7592323121068258
4,2,0.37,0.8045238082166356
4,2,0.38,0.850976740268321
4,2,0.39,0.8985704470488043
4,2,0.4,0.9472865961920363
4,2,0.41,0.997109070926538
4,2,0.42,1.048023830290814
4,2,0.43,1.1000187525814642
4,2,0.44,1.1530834208411802
4,2,0.45,1.2072086730251828
4,2,0.46,1.2623857901941204
4,2,0.47,1.3186058380663714
4,2,0.48,1.3758596704249266
4,2,0.49,1.4341380944606328
4,2,0.5,1.4934318427934827
4,2,0.51,1.553731560595986
4,2,0.52,1.615027972611743
4,2,0.53,1.6773122268580727
4,2,0.54,1.740576339381873
4,2,0.55,1.80481364083393
4,2,0.56,1.8700191224459728
4,2,0.57,1.9361895935698543
4,2,0.58,2.003323595435538
4,2,0.59,2.0714210625620795
4,2,0.6,2.1404827766442454
4,2,0.61,2.210509707589708
4,2,0.62,2.2815023722807295
4,2,0.63,2.353460355272143
4,2,0.64,2.426382122855887
4,2,0.65,2.50026522390244
4,2,0.66,2.575106914131627
4,2,0.67,2.650905175494521
4,2,0.68,2.7276600414219514
4,2,0.69,2.8053750930724934
4,2,0.7,2.884058969193308
4,2,0.71,2.963726735568047
4,2,0.72,3.0444009867364707
4,2,0.73,3.1261125958888627
4,2,0.74,3.208901079341123
4,2,0.75,3.292814590453696
4,2,0.76,3.377909596822252
4,2,0.77,3.464250319701012
4,2,0.78,3.551908024957875
4,2,0.79,3.640960252246364
4,2,0.8,3.73149005709287
4,2,0.81,3.823585323387639
4,2,0.82,3.9173381851050513
4,2,0.83,4.0128445787915
4,2,0.84,4.110203934152649
4,2,0.85,4.209518999634915
4,2,0.86,4.310895793160315
4,2,0.87,4.414443664611664
4,2,0.88,4.520275455545085
4,2,0.89,4.628507742182086
4,2,0.9,4.739261149349009
4,2,0.91,4.852660725175453
4,2,0.92,4.968836368670606
4,2,0.93,5.087923304535984
4,2,0.94,5.210062601616704
4,2,0.95,5.335401733190455
4,2,0.96,5.464095178843023
4,2,0.97,5.596305069013591
4,2,0.98,5.732201874457661
4,2,0.99,5.871965143925623
4,2,1.0,6.015784294343036
4,2,1.01,6.163859458755044
4,2,1.02,6.316402398306925
4,2,1.03,6.473637485614292
4,2,1.04,6.635802768063909
4,2,1.05,6.803151120909142
4,2,1.06,6.975951501508727
4,2,1.07,7.154490317729622
4,2,1.08,7.339072925418135
4,2,1.09,7.530025271967182
4,2,1.1,7.7276957054028514
4,2,1.11,7.932456971118833
4,2,1.12,8.144708421452638
4,2,1.13,8.364878466783807
4,2,1.14,8.593427300819137
4,2,1.15,8.8308499373072
4,2,1.16,9.07767960070216
4,2,1.17,9.334491519364212
4,2,1.18,9.601907176721081
4,2,1.19,9.880599082900254
4,2,1.2,10.17129613411661
4,2,1.21,10.474789617980344
4,2,1.22,10.791939843259033
4,2,1.23,11.123682906942708
4,2,1.24,11.471034205392883
4,2,1.25,11.835063885960867
4,2,1.26,12.21660738497316
4,2,1.27,12.60906368652884
4,2,1.28,1000.0
4,2,1.29,1000.0
4,2,1.3,1000.0
4,2,1.31,1000.0
4,2,1.32,1000.0
4,2,1.33,1000.0
4,2,1.34,1000.0
4,2,1.35,1000.0
4,2,1.36,1000.0
4,2,1.37,1000.0
4,2,1.38,1000.0
4,2,1.39,1000.0
4,2,1.4,1000.0
4,2,1.41,1000.0
4,2,1.42,1000.0
4,2,1.43,1000.0
4,2,1.44,1000.0
4,2,1.45,1000.0
4,2,1.46,1000.0
4,2,1.47,1000.0
4,2,1.48,1000.0
4,2,1.49,1000.0
4,2,1.5,1000.0
4,2,1.51,1000.0
4,2,1.52,1000.0
4,2,1.53,1000.0
4,2,1.54,1000.0
4,2,1.55,1000.0
4,2,1.56,1000.0
4,2,1.57,1000.0
4,2,1.58,1000.0
4,2,1.59,1000.0
4,2,1.6,1000.0
4,2,1.61,1000.0
4,2,1.62,1000.0
4,2,1.63,1000.0
4,2,1.64,1000.0
4,2,1.65,1000.0
4,2,1.66,1000.0
4,2,1.67,1000.0
4,2,1.68,1000.0
4,2,1.69,1000.0
4,2,1.7,1000.0
4,2,1.71,1000.0
4,2,1.72,1000.0
4,2,1.73,1000.0
4,2,1.74,1000.0
4,2,1.75,1000.0
4,2,1.76,1000.0
4,2,1.77,1000.0
4,2,1.78,1000.0
4,2,1.79,1000.0
4,2,1.8,1000.0
4,2,1.81,1000.0
4,2,1.82,1000.0
4,2,1.83,1000.0
4,2,1.84,1000.0
4,2,1.85,1000.0
4,2,1.86,1000.0
4,2,1.87,1000.0
4,2,1.88,1000.0
4,2,1.89,1000.0
4,2,1.9,1000.0
4,2,1.91,1000.0
4,2,1.92,1000.0
4,2,1.93,1000.0
4,2,1.94,1000.0
4,2,1.95,1000.0
4,2,1.96,1000.0
4,2,1.97,1000.0
4,2,1.98,1000.0
4,2,1.99,1000.0
4,2,2.0,1000.0
4,5,-2.0,1000.0
4,5,-1.99,1000.0
4,5,-1.98,1000.0
4,5,-1.97,1000.0
4,5,-1.96,1000.0
4,5,-1.95,1000.0
4,5,-1.94,1000.0
4,5,-1.93,1000.0
4,5,-1.92,1000.0
4,5,-1.91,1000.0
4,5,-1.9,1000.0
4,5,-1.89,1000.0
4,5,-1.88,1000.0
4,5,-1.87,1000.0
4,5,-1.86,1000.0
4,5,-1.85,1000.0
4,5,-1.84,1000.0
4,5,-1.83,1000.0
4,5,-1.82,1000.0
4,5,-1.81,1000.0
4,5,-1.8,1000.0
4,5,-1.79,1000.0
4,5,-1.78,1000.0
4,5,-1.77,1000.0
4,5,-1.76,1000.0
4,5,-1.75,1000.0
4,5,-1.74,1000.0
4,5,-1.73,1000.0
4,5,-1.72,1000.0
4,5,-1.71,1000.0
4,5,-1.7,1000.0
4,5,-1.69,1000.0
4,5,-1.68,1000.0
4,5,-1.67,1000.0
4,5,-1.66,1000.0
4,5,-1.65,1000.0
4,5,-1.64,1000.0
4,5,-1.63,1000.0
4,5,-1.62,1000.0
4,5,-1.61,1000.0
4,5,-1.6,1000.0
4,5,-1.59,1000.0
4,5,-1.58,1000.0
4,5,-1.57,1000.0
4,5,-1.56,1000.0
4,5,-1.55,1000.0
4,5,-1.54,1000.0
4,5,-1.53,1000.0
4,5,-1.52,1000.0
4,5,-1.51,1000.0
4,5,-1.5,1000.0
4,5,-1.49,1000.0
4,5,-1.48,1000.0
4,5,-1.47,1000.0
4,5,-1.46,1000.0
4,5,-1.45,1000.0
4,5,-1.44,1000.0
4,5,-1.43,1000.0
4,5,-1.42,1000.0
4,5,-1.41,1000.0
4,5,-1.4,1000.0
4,5,-1.39,1000.0
4,5,-1.38,1000.0
4,5,-1.37,1000.0
4,5,-1.36,1000.0
4,5,-1.35,1000.0
4,5,-1.34,1000.0
4,5,-1.33,1000.0
4,5,-1.32,1000.0
4,5,-1.31,1000.0
4,5,-1.3,1000.0
4,5,-1.29,1000.0
4,5,-1.28,1000.0
4,5,-1.27,1000.0
4,5,-1.26,1000.0
4,5,-1.25,1000.0
4,5,-1.24,1000.0
4,5,-1.23,1000.0
4,5,-1.22,1000.0
4,5,-1.21,1000.0
4,5,-1.2,1000.0
4,5,-1.19,1000.0
4,5,-1.18,1000.0
4,5,-1.17,1000.0
4,5,-1.16,1000.0
4,5,-1.15,1000.0
4,5,-1.14,1000.0
4,5,-1.13,1000.0
4,5,-1.12,1000.0
4,5,-1.11,1000.0
4,5,-1.1,1000.0
4,5,-1.09,1000.0
4,5,-1.08,1000.0
4,5,-1.07,1000.0
4,5,-1.06,1000.0
4,5,-1.05,1000.0
4,5,-1.04,1000.0
4,5,-1.03,1000.0
4,5,-1.02,1000.0
4,5,-1.01,1000.0
4,5,-1.0,1000.0
4,5,-0.99,1000.0
4,5,-0.98,1000.0
4,5,-0.97,1000.0
4,5,-0.96,1000.0
4,5,-0.95,1000.0
4,5,-0.94,1000.0
4,5,-0.93,1000.0
4,5,-0.92,1000.0
4,5,-0.91,1000.0
4,5,-0.9,1000.0
4,5,-0.89,1000.0
4,5,-0.88,1000.0
4,5,-0.87,1000.0
4,5,-0.86,1000.0
4,5,-0.85,1000.0
4,5,-0.84,1000.0
4,5,-0.83,1000.0
4,5,-0.82,1000.0
4,5,-0.81,1000.0
4,5,-0.8,1000.0
4,5,-0.79,1000.0
4,5,-0.78,1000.0
4,5,-0.77,1000.0
4,5,-0.76,1000.0
4,5,-0.75,1000.0
4,5,-0.74,1000.0
4,5,-0.73,1000.0
4,5,-0.72,1000.0
4,5,-0.71,1000.0
4,5,-0.7,1000.0
4,5,-0.69,1000.0
4,5,-0.68,1000.0
4,5,-0.67,1000.0
4,5,-0.66,1000.0
4,5,-0.65,1000.0
4,5,-0.64,1000.0
4,5,-0.63,1000.0
4,5,-0.62,1000.0
4,5,-0.61,1000.0
4,5,-0.6,1000.0
4,5,-0.59,1000.0
4,5,-0.58,1000.0
4,5,-0.57,1000.0
4,5,-0.56,1000.0
4,5,-0.55,1000.0
4,5,-0.54,1000.0
4,5,-0.53,1000.0
4,5,-0.52,1000.0
4,5,-0.51,1000.0
4,5,-0.5,1000.0
4,5,-0.49,1000.0
4,5,-0.48,1000.0
4,5,-0.47,1000.0
4,5,-0.46,1000.0
4,5,-0.45,1000.0
4,5,-0.44,1000.0
4,5,-0.43,1000.0
4,5,-0.42,1000.0
4,5,-0.41,1000.0
4,5,-0.4,1000.0
4,5,-0.39,1000.0
4,5,-0.38,1000.0
4,5,-0.37,1000.0
4,5,-0.36,1000.0
4,5,-0.35,1000.0
4,5,-0.34,1000.0
4,5,-0.33,1000.0
4,5,-0.32,1000.0
4,5,-0.31,1000.0
4,5,-0.3,1000.0
4,5,-0.29,1000.0
4,5,-0.28,1000.0
4,5,-0.27,1000.0
4,5,-0.26,1000.0
4,5,-0.25,1000.0
4,5,-0.24,1000.0
4,5,-0.23,1000.0
4,5,-0.22,1000.0
4,5,-0.21,1000.0
4,5,-0.2,1000.0
4,5,-0.19,1000.0
4,5,-0.18,1000.0
4,5,-0.17,1000.0
4,5,-0.16,1000.0
4,5,-0.15,1000.0
4,5,-0.14,1000.0
4,5,-0.13,1000.0
4,5,-0.12,1000.0
4,5,-0.11,1000.0
4,5,-0.1,0.35043426368585945
4,5,-0.09,0.2528946423205187
4,5,-0.08,0.19468405303502886
4,5,-0.07,0.14962400549575322
4,5,-0.06,0.11300157414026468
4,5,-0.05,0.08344000382050383
4,5,-0.04,0.060276171209658135
4,5,-0.03,0.04296104585406518
4,5,-0.02,0.030951704969975798
4,5,-0.01,0.023738145258715867
4,5,0.0,0.020895430727674334
4,5,0.01,0.022106729376128523
4,5,0.02,0.027123951254531403
4,5,0.03,0.03581402578649775
4,5,0.04,0.048154772415161355
4,5,0.05,0.06421502265691723
4,5,0.06,0.08414198526182422
4,5,0.07,0.10814975858471487
4,5,0.08,0.13650601875342896
4,5,0.09,0.16951293785401694
4,5,0.1,0.2074773620106887
4,5,0.11,0.2506660004662387
4,5,0.12,0.2992459484178601
4,5,0.13,0.35322059352308754
4,5,0.14,0.412383009191024
4,5,0.15,0.4763141094647697
4,5,0.16,0.5444408061655807
4,5,0.17,0.6161417415850458
4,5,0.18,0.690863514201663
4,5,0.19,0.7682077571026805
4,5,0.2,0.847967415416017
4,5,0.21,0.9301106225928505
4,5,0.22,1.0147195460490905
4,5,0.23,1.1018927966764809
4,5,0.24,1.1916254717363297
4,5,0.25,1.2836968432132487
4,5,0.26,1.3776116965147303
4,5,0.27,1.4726338272778003
4,5,0.28,1.5679080419641303
4,5,0.29,1.66261610673152
4,5,0.3,1.7560980725240907
4,5,0.31,1.8479014247816172
4,5,0.32,1.937766201860695
4,5,0.33,2.0255822249473394
4,5,0.34,2.1113477289581053
4,5,0.35,2.195137717131103
4,5,0.36,2.2770783960779823
4,5,0.37,2.3573241074562254
4,5,0.38,2.436037500858242
4,5,0.39,2.5133758011102323
4,5,0.4,2.589484776188329
4,5,0.41,2.6644994348282154
4,5,0.42,2.738548632119895
4,5,0.43,2.8117603971298397
4,5,0.44,2.8842655805958226
4,5,0.45,2.956198604012968
4,5,0.46,3.027695325340123
4,5,0.47,3.0988893938460107
4,5,0.48,3.16990866608739
4,5,0.49,3.2408720871016774
4,5,0.5,3.311887258457936
4,5,0.51,3.3830491445073405
4,5,0.52,3.454440071402958
4,5,0.53,3.526130855914954
4,5,0.54,3.5981827665217265
4,5,0.55,3.6706499905085415
4,5,0.56,3.7435823003078816
4,5,0.57,3.8170276561543206
4,5,0.58,3.891034538121625
4,5,0.59,3.9656538601468094
4,5,0.6,4.040940374231966
4,5,0.61,4.1169535176693
4,5,0.62,4.193757683646231
4,5,0.63,4.271421901163131
4,5,0.64,4.350018891182211
4,5,0.65,4.429623422718963
4,5,0.66,4.510309830858289
4,5,0.67,4.592148496149983
4,5,0.68,4.675201070735648
4,5,0.69,4.759514403229439
4,5,0.7,4.845113805623042
4,5,0.71,4.931998368180017
4,5,0.72,5.020146352558617
4,5,0.73,5.109550616018135
4,5,0.74,5.200324557406136
4,5,0.75,5.292932597883292
4,5,0.76,5.388537483017744
4,5,0.77,5.489248991626744
4,5,0.78,5.597942051579327
4,5,0.79,5.717585426304303
4,5,0.8,5.849962220006765
4,5,0.81,5.99398304425275
4,5,0.82,6.146007461278849
4,5,0.83,6.302871935118698
4,5,0.84,6.462550208168217
4,5,0.85,6.622694626590605
4,5,0.86,6.781699759890451
4,5,0.87,6.939604826828117
4,5,0.88,7.097385890356662
4,5,0.89,7.2561524919564935
4,5,0.9,7.4168029851262745
4,5,0.91,7.579971999033935
4,5,0.92,7.7460896243334725
4,5,0.93,7.915463428565562
4,5,0.94,8.088347226207038
4,5,0.95,8.26498620547397
4,5,0.96,8.44564053628353
4,5,0.97,8.630594181189313
4,5,0.98,8.82015556527603
4,5,0.99,9.014654839152584
4,5,1.0,9.214440454147995
4,5,1.01,9.419876332120662
4,5,1.02,9.631340087618758
4,5,1.03,9.849222364129895
4,5,1.04,10.073927191961982
4,5,1.05,10.305873235196708
4,5,1.06,10.545495798182277
4,5,1.07,10.79324947555139
4,5,1.08,11.049611342945862
4,5,1.09,11.315084598162715
4,5,1.1,11.590202577414832
4,5,1.11,11.875533091435015
4,5,1.12,12.171683051731177
4,5,1.13,12.479303386802014
4,5,1.14,12.799094278786983
4,5,1.15,13.13181078014074
4,5,1.16,13.478268895726533
4,5,1.17,13.839352237727528
4,5,1.18,14.21601937960474
4,5,1.19,14.609312052004219
4,5,1.2,15.020364337240121
4,5,1.21,15.450413011311884
4,5,1.22,15.900808784465502
4,5,1.23,16.37296641996343
4,5,1.24,1000.0
4,5,1.25,1000.0
4,5,1.26,1000.0
4,5,1.27,1000.0
4,5,1.28,1000.0
4,5,1.29,1000.0
4,5,1.3,1000.0
4,5,1.31,1000.0
4,5,1.32,1000.0
4,5,1.33,1000.0
4,5,1.34,1000.0
4,5,1.35,1000.0
4,5,1.36,1000.0
4,5,1.37,1000.0
4,5,1.38,1000.0
4,5,1.39,1000.0
4,5,1.4,1000.0
4,5,1.41,1000.0
4,5,1.42,1000.0
4,5,1.43,1000.0
4,5,1.44,1000.0
4,5,1.45,1000.0
4,5,1.46,1000.0
4,5,1.47,1000.0
4,5,1.48,1000.0
4,5,1.49,1000.0
4,5,1.5,1000.0
4,5,1.51,1000.0
4,5,1.52,1000.0
4,5,1.53,1000.0
4,5,1.54,1000.0
4,5,1.55,1000.0
4,5,1.56,1000.0
4,5,1.57,1000.0
4,5,1.58,1000.0
4,5,1.59,1000.0
4,5,1.6,1000.0
4,5,1.61,1000.0
4,5,1.62,1000.0
4,5,1.63,1000.0
4,5,1.64,1000.0
4,5,1.65,1000.0
4,5,1.66,1000.0
4,5,1.67,1000.0
4,5,1.68,1000.0
4,5,1.69,1000.0
4,5,1.7,1000.0
4,5,1.71,1000.0
4,5,1.72,1000.0
4,5,1.73,1000.0
4,5,1.74,1000.0
4,5,1.75,1000.0
4,5,1.76,1000.0
4,5,1.77,1000.0
4,5,1.78,1000.0
4,5,1.79,1000.0
4,5,1.8,1000.0
4,5,1.81,1000.0
4,5,1.82,1000.0
4,5,1.83,1000.0
4,5,1.84,1000.0
4,5,1.85,1000.0
4,5,1.86,1000.0
4,5,1.87,1000.0
4,5,1.88,1000.0
4,5,1.89,1000.0
4,5,1.9,1000.0
4,5,1.91,1000.0
4,5,1.92,1000.0
4,5,1.93,1000.0
4,5,1.94,1000.0
4,5,1.95,1000.0
4,5,1.96,1000.0
4,5,1.97,1000.0
4,5,1.98,1000.0
4,5,1.99,1000.0
4,5,2.0,1000.0
4,10,-2.0,1000.0
4,10,-1.99,1000.0
4,10,-1.98,1000.0
4,10,-1.97,1000.0
4,10,-1.96,1000.0
4,10,-1.95,1000.0
4,10,-1.94,1000.0
4,10,-1.93,1000.0
4,10,-1.92,1000.0
4,10,-1.91,1000.0
4,10,-1.9,1000.0
4,10,-1.89,1000.0
4,10,-1.88,1000.0
4,10,-1.87,1000.0
4,10,-1.86,1000.0
4,10,-1.85,1000.0
4,10,-1.84,1000.0
4,10,-1.83,1000.0
4,10,-1.82,1000.0
4,10,-1.81,1000.0
4,10,-1.8,1000.0
4,10,-1.79,1000.0
4,10,-1.78,1000.0
4,10,-1.77,1000.0
4,10,-1.76,1000.0
4,10,-1.75,1000.0
4,10,-1.74,1000.0
4,10,-1.73,1000.0
4,10,-1.72,1000.0
4,10,-1.71,1000.0
4,10,-1.7,1000.0
4,10,-1.69,1000.0
4,10,-1.68,1000.0
4,10,-1.67,1000.0
4,10,-1.66,1000.0
4,10,-1.65,1000.0
4,10,-1.64,1000.0
4,10,-1.63,1000.0
4,10,-1.62,1000.0
4,10,-1.61,1000.0
4,10,-1.6,1000.0
4,10,-1.59,1000.0
4,10,-1.58,1000.0
4,10,-1.57,1000.0
4,10,-1.56,1000.0
4,10,-1.55,1000.0
4,10,-1.54,1000.0
4,10,-1.53,1000.0
4,10,-1.52,1000.0
4,10,-1.51,1000.0
4,10,-1.5,1000.0
4,10,-1.49,1000.0
4,10,-1.48,1000.0
4,10,-1.47,1000.0
4,10,-1.46,1000.0
4,10,-1.45,1000.0
4,10,-1.44,1000.0
4,10,-1.43,1000.0
4,10,-1.42,1000.0
4,10,-1.41,1000.0
4,10,-1.4,1000.0
4,10,-1.39,1000.0
4,10,-1.38,1000.0
4,10,-1.37,1000.0
4,10,-1.36,1000.0
4,10,-1.35,1000.0
4,10,-1.34,1000.0
4,10,-1.33,1000.0
4,10,-1.32,1000.0
4,10,-1.31,1000.0
4,10,-1.3,1000.0
4,10,-1.29,1000.0
4,10,-1.28,1000.0
4,10,-1.27,1000.0
4,10,-1.26,1000.0
4,10,-1.25,1000.0
4,10,-1.24,1000.0
4,10,-1.23,1000.0
4,10,-1.22,1000.0
4,10,-1.21,1000.0
4,10,-1.2,1000.0
4,10,-1.19,1000.0
4,10,-1.18,1000.0
4,10,-1.17,1000.0
4,10,-1.16,1000.0
4,10,-1.15,1000.0
4,10,-1.14,1000.0
4,10,-1.13,1000.0
4,10,-1.12,1000.0
4,10,-1.11,1000.0
4,10,-1.1,1000.0
4,10,-1.09,1000.0
4,10,-1.08,1000.0
4,10,-1.07,1000.0
4,10,-1.06,1000.0
4,10,-1.05,1000.0
4,10,-1.04,1000.0
4,10,-1.03,1000.0
4,10,-1.02,1000.0
4,10,-1.01,1000.0
4,10,-1.0,1000.0
4,10,-0.99,1000.0
4,10,-0.98,1000.0
4,10,-0.97,1000.0
4,10,-0.96,1000.0
4,10,-0.95,1000.0
4,10,-0.94,1000.0
4,10,-0.93,1000.0
4,10,-0.92,1000.0
4,10,-0.91,1000.0
4,10,-0.9,1000.0
4,10,-0.89,1000.0
4,10,-0.88,1000.0
4,10,-0.87,1000.0
4,10,-0.86,1000.0
4,10,-0.85,1000.0
4,10,-0.84,1000.0
4,10,-0.83,1000.0
4,10,-0.82,1000.0
4,10,-0.81,1000.0
4,10,-0.8,1000.0
4,10,-0.79,1000.0
4,10,-0.78,1000.0
4,10,-0.77,1000.0
4,10,-0.76,1000.0
4,10,-0.75,1000.0
4,10,-0.74,1000.0
4,10,-0.73,1000.0
4,10,-0.72,1000.0
4,10,-0.71,1000.0
4,10,-0.7,1000.0
4,10,-0.69,1000.0
4,10,-0.68,1000.0
4,10,-0.67,1000.0
4,10,-0.66,1000.0
4,10,-0.65,1000.0
4,10,-0.64,1000.0
4,10,-0.63,1000.0
4,10,-0.62,1000.0
4,10,-0.61,1000.0
4,10,-0.6,1000.0
4,10,-0.59,1000.0
4,10,-0.58,1000.0
4,10,-0.57,1000.0
4,10,-0.56,1000.0
4,10,-0.55,1000.0
4,10,-0.54,1000.0
4,10,-0.53,1000.0
4,10,-0.52,1000.0
4,10,-0.51,1000.0
4,10,-0.5,1000.0
4,10,-0.49,1000.0
4,10,-0.48,1000.0
4,10,-0.47,1000.0
4,10,-0.46,1000.0
4,10,-0.45,1000.0
4,10,-0.44,1000.0
4,10,-0.43,1000.0
4,10,-0.42,1000.0
4,10,-0.41,1000.0
4,10,-0.4,1000.0
4,10,-0.39,1000.0
4,10,-0.38,1000.0
4,10,-0.37,1000.0
4,10,-0.36,1000.0
4,10,-0.35,1000.0
4,10,-0.34,1000.0
4,10,-0.33,1000.0
4,10,-0.32,1000.0
4,10,-0.31,1000.0
4,10,-0.3,1000.0
4,10,-0.29,1000.0
4,10,-0.28,1000.0
4,10,-0.27,1000.0
4,10,-0.26,1000.0
4,10,-0.25,1000.0
4,10,-0.24,1000.0
4,10,-0.23,1000.0
4,10,-0.22,1000.0
4,10,-0.21,1000.0
4,10,-0.2,1000.0
4,10,-0.19,1000.0
4,10,-0.18,1000.0
4,10,-0.17,1000.0
4,10,-0.16,1000.0
4,10,-0.15,1000.0
4,10,-0.14,1000.0
4,10,-0.13,1000.0
4,10,-0.12,1000.0
4,10,-0.11,1000.0
4,10,-0.1,1000.0
4,10,-0.09,1000.0
4,10,-0.08,1000.0
4,10,-0.07,0.8265692756476251
4,10,-0.06,0.6880937000079802
4,10,-0.05,0.5631424149044677
4,10,-0.04,0.4316796047795528
4,10,-0.03,0.2886933072518876
4,10,-0.02,0.14101175778035796
4,10,-0.01,0.04120758016945556
4,10,0.0,0.01543365226590483
4,10,0.01,0.025630086420960825
4,10,0.02,0.05811100255646442
4,10,0.03,0.11558752209059422
4,10,0.04,0.20380959013833286
4,10,0.05,0.3309266490651688
4,10,0.06,0.5035176130255011
4,10,0.07,0.7209975808427468
4,10,0.08,0.9433835221351383
4,10,0.09,1.1313402315639478
4,10,0.1,1.3012941793506057
4,10,0.11,1.466551200914998
4,10,0.12,1.631514539467149
4,10,0.13,1.7978630255130783
4,10,0.14,1.9672295512549416
4,10,0.15,2.142528183984711
4,10,0.16,2.328239927928813
4,10,0.17,2.528333381887941
4,10,0.18,2.7412659099469403
4,10,0.19,2.957788813824727
4,10,0.2,3.1666717860731035
4,10,0.21,3.3611222034738644
4,10,0.22,3.53933433199734
4,10,0.23,3.702210996041131
4,10,0.24,3.8516154598665597
4,10,0.25,3.9895534407837814
4,10,0.26,4.117863345632976
4,10,0.27,4.238125536714623
4,10,0.28,4.3516590661388985
4,10,0.29,4.459549296118672
4,10,0.3,4.562687491571806
4,10,0.31,4.661809835377384
4,10,0.32,4.757526368481295
4,10,0.33,4.850344064239206
4,10,0.34,4.940690170222694
4,10,0.35,5.028933903055448
4,10,0.36,5.115401033964674
4,10,0.37,5.200379618165532
4,10,0.38,5.284120347069639
4,10,0.39,5.366836851109079
4,10,0.4,5.448709454486127
4,10,0.41,5.529892748284836
4,10,0.42,5.610525063667477
4,10,0.43,5.69073725838998
4,10,0.44,5.770658813996277
4,10,0.45,5.85042029842627
4,10,0.46,5.930152404689554
4,10,0.47,6.0099830841909325
4,10,0.48,6.0900344593130376
4,10,0.49,6.170420006884856
4,10,0.5,6.2512423012021925
4,10,0.51,6.33259181740007
4,10,0.52,6.414546984208207
4,10,0.53,6.497175345200935
4,10,0.54,6.58053554343619
4,10,0.55,6.664679808588191
4,10,0.56,6.749656640496406
4,10,0.57,6.835513424136879
4,10,0.58,6.922298765682623
4,10,0.59,7.0100643984180335
4,10,0.6,7.098866562812887
4,10,0.61,7.188766809590997
4,10,0.62,7.279832201457434
4,10,0.63,7.372134892917702
4,10,0.64,7.465751044860433
4,10,0.65,7.560758980301429
4,10,0.66,7.657236413031604
4,10,0.67,7.755256494633367
4,10,0.68,7.854882366524703
4,10,0.69,7.956159983110622
4,10,0.7,8.059109485252122
4,10,0.71,8.163717082701169
4,10,0.72,8.2699338521001
4,10,0.73,8.377697629886573
4,10,0.74,8.487008992665682
4,10,0.75,8.598089074996928
4,10,0.76,8.711530605566551
4,10,0.77,8.827948886238431
4,10,0.78,8.94584756483189
4,10,0.79,9.057998516118658
4,10,0.8,9.160621643708987
4,10,0.81,9.870884209800641
4,10,0.82,10.212513606575344
4,10,0.83,10.451872452790797
4,10,0.84,10.662748833273973
4,10,0.85,10.863597848346348
4,10,0.86,11.059718103286842
4,10,0.87,11.253602612359034
4,10,0.88,11.447228543807107
4,10,0.89,11.642172127743576
4,10,0.9,11.839577822695734
4,10,0.91,12.040226404429513
4,10,0.92,12.244645494799789
4,10,0.93,12.453215390018308
4,10,0.94,12.666249712208366
4,10,0.95,12.884046857231503
4,10,0.96,13.10691717009735
4,10,0.97,13.335193889174692
4,10,0.98,13.569235171053242
4,10,0.99,13.809422272619393
4,10,1.0,14.056156796287606
4,10,1.01,14.309858387013964
4,10,1.02,14.570963401686324
4,10,1.03,14.83992465142388
4,10,1.04,15.117212149427202
4,10,1.05,15.40331474898873
4,10,1.06,15.698742554680537
4,10,1.07,16.004030000608626
4,10,1.08,16.319739501387502
4,10,1.09,16.646465593380057
4,10,1.1,16.984839498624346
4,10,1.11,17.335534064204534
4,10,1.12,17.69926905602843
4,10,1.13,18.07681681639577
4,10,1.14,18.46900832661392
4,10,1.15,18.876739746551596
4,10,1.16,19.300979530693013
4,10,1.17,19.74277624455691
4,10,1.18,20.203267227057818
4,10,1.19,20.683688264957137
4,10,1.2,21.185384465892795
4,10,1.21,21.709822529670458
4,10,1.22,22.25860444428402
4,10,1.23,1000.0
4,10,1.24,1000.0
4,10,1.25,1000.0
4,10,1.26,1000.0
4,10,1.27,1000.0
4,10,1.28,1000.0
4,10,1.29,1000.0
4,10,1.3,1000.0
4,10,1.31,1000.0
4,10,1.32,1000.0
4,10,1.33,1000.0
4,10,1.34,1000.0
4,10,1.35,1000.0
4,10,1.36,1000.0
4,10,1.37,1000.0
4,10,1.38,1000.0
4,10,1.39,1000.0
4,10,1.4,1000.0
4,10,1.41,1000.0
4,10,1.42,1000.0
4,10,1.43,1000.0
4,10,1.44,1000.0
4,10,1.45,1000.0
4,10,1.46,1000.0
4,10,1.47,1000.0
4,10,1.48,1000.0
4,10,1.49,1000.0
4,10,1.5,1000.0
4,10,1.51,1000.0
4,10,1.52,1000.0
4,10,1.53,1000.0
4,10,1.54,1000.0
4,10,1.55,1000.0
4,10,1.56,1000.0
4,10,1.57,1000.0
4,10,1.58,1000.0
4,10,1.59,1000.0
4,10,1.6,1000.0
4,10,1.61,1000.0
4,10,1.62,1000.0
4,10,1.63,1000.0
4,10,1.64,1000.0
4,10,1.65,1000.0
4,10,1.66,1000.0
4,10,1.67,1000.0
4,10,1.68,1000.0
4,10,1.69,1000.0
4,10,1.7,1000.0
4,10,1.71,1000.0
4,10,1.72,1000.0
4,10,1.73,1000.0
4,10,1.74,1000.0
4,10,1.75,1000.0
4,10,1.76,1000.0
4,10,1.77,1000.0
4,10,1.78,1000.0
4,10,1.79,1000.0
4,10,1.8,1000.0
4,10,1.81,1000.0
4,10,1.82,1000.0
4,10,1.83,1000.0
4,10,1.84,1000.0
4,10,1.85,1000.0
4,10,1.86,1000.0
4,10,1.87,1000.0
4,10,1.88,1000.0
4,10,1.89,1000.0
4,10,1.9,1000.0
4,10,1.91,1000.0
4,10,1.92,1000.0
4,10,1.93,1000.0
4,10,1.94,1000.0
4,10,1.95,1000.0
4,10,1.96,1000.0
4,10,1.97,1000.0
4,10,1.98,1000.0
4,10,1.99,1000.0
4,10,2.0,1000.0
4,25,-2.0,1000.0
4,25,-1.99,1000.0
4,25,-1.98,1000.0
4,25,-1.97,1000.0
4,25,-1.96,1000.0
4,25,-1.95,1000.0
4,25,-1.94,1000.0
4,25,-1.93,1000.0
4,25,-1.92,1000.0
4,25,-1.91,1000.0
4,25,-1.9,1000.0
4,25,-1.89,1000.0
4,25,-1.88,1000.0
4,25,-1.87,1000.0
4,25,-1.86,1000.0
4,25,-1.85,1000.0
4,25,-1.84,1000.0
4,25,-1.83,1000.0
4,25,-1.82,1000.0
4,25,-1.81,1000.0
4,25,-1.8,1000.0
4,25,-1.79,1000.0
4,25,-1.78,1000.0
4,25,-1.77,1000.0
4,25,-1.76,1000.0
4,25,-1.75,1000.0
4,25,-1.74,1000.0
4,25,-1.73,1000.0
4,25,-1.72,1000.0
4,25,-1.71,1000.0
4,25,-1.7,1000.0
4,25,-1.69,1000.0
4,25,-1.68,1000.0
4,25,-1.67,1000.0
4,25,-1.66,1000.0
4,25,-1.65,1000.0
4,25,-1.64,1000.0
4,25,-1.63,1000.0
4,25,-1.62,1000.0
4,25,-1.61,1000.0
4,25,-1.6,1000.0
4,25,-1.59,1000.0
4,25,-1.58,1000.0
4,25,-1.57,1000.0
4,25,-1.56,1000.0
4,25,-1.55,1000.0
4,25,-1.54,1000.0
4,25,-1.53,1000.0
4,25,-1.52,1000.0
4,25,-1.51,1000.0
4,25,-1.5,1000.0
4,25,-1.49,1000.0
4,25,-1.48,1000.0
4,25,-1.47,1000.0
4,25,-1.46,1000.0
4,25,-1.45,1000.0
4,25,-1.44,1000.0
4,25,-1.43,1000.0
4,25,-1.42,1000.0
4,25,-1.41,1000.0
4,25,-1.4,1000.0
4,25,-1.39,1000.0
4,25,-1.38,1000.0
4,25,-1.37,1000.0
4,25,-1.36,1000.0
4,25,-1.35,1000.0
4,25,-1.34,1000.0
4,25,-1.33,1000.0
4,25,-1.32,1000.0
4,25,-1.31,1000.0
4,25,-1.3,1000.0
4,25,-1.29,1000.0
4,25,-1.28,1000.0
4,25,-1.27,1000.0
4,25,-1.26,1000.0
4,25,-1.25,1000.0
4,25,-1.24,1000.0
4,25,-1.23,1000.0
4,25,-1.22,1000.0
4,25,-1.21,1000.0
4,25,-1.2,1000.0
4,25,-1.19,1000.0
4,25,-1.18,1000.0
4,25,-1.17,1000.0
4,25,-1.16,1000.0
4,25,-1.15,1000.0
4,25,-1.14,1000.0
4,25,-1.13,1000.0
4,25,-1.12,1000.0
4,25,-1.11,1000.0
4,25,-1.1,1000.0
4,25,-1.09,1000.0
4,25,-1.08,1000.0
4,25,-1.07,1000.0
4,25,-1.06,1000.0
4,25,-1.05,1000.0
4,25,-1.04,1000.0
4,25,-1.03,1000.0
4,25,-1.02,1000.0
4,25,-1.01,1000.0
4,25,-1.0,1000.0
4,25,-0.99,1000.0
4,25,-0.98,1000.0
4,25,-0.97,1000.0
4,25,-0.96,1000.0
4,25,-0.95,1000.0
4,25,-0.94,1000.0
4,25,-0.93,1000.0
4,25,-0.92,1000.0
4,25,-0.91,1000.0
4,25,-0.9,1000.0
4,25,-0.89,1000.0
4,25,-0.88,1000.0
4,25,-0.87,1000.0
4,25,-0.86,1000.0
4,25,-0.85,1000.0
4,25,-0.84,1000.0
4,25,-0.83,1000.0
4,25,-0.82,1000.0
4,25,-0.81,1000.0
4,25,-0.8,1000.0
4,25,-0.79,1000.0
4,25,-0.78,1000.0
4,25,-0.77,1000.0
4,25,-0.76,1000.0
4,25,-0.75,1000.0
4,25,-0.74,1000.0
4,25,-0.73,1000.0
4,25,-0.72,1000.0
4,25,-0.71,1000.0
4,25,-0.7,1000.0
4,25,-0.69,1000.0
4,25,-0.68,1000.0
4,25,-0.67,1000.0
4,25,-0.66,1000.0
4,25,-0.65,1000.0
4,25,-0.64,1000.0
4,25,-0.63,1000.0
4,25,-0.62,1000.0
4,25,-0.61,1000.0
4,25,-0.6,1000.0
4,25,-0.59,1000.0
4,25,-0.58,1000.0
4,25,-0.57,1000.0
4,25,-0.56,1000.0
4,25,-0.55,1000.0
4,25,-0.54,1000.0
4,25,-0.53,1000.0
4,25,-0.52,1000.0
4,25,-0.51,1000.0
4,25,-0.5,1000.0
4,25,-0.49,1000.0
4,25,-0.48,1000.0
4,25,-0.47,1000.0
4,25,-0.46,1000.0
4,25,-0.45,1000.0
4,25,-0.44,1000.0
4,25,-0.43,1000.0
4,25,-0.42,1000.0
4,25,-0.41,1000.0
4,25,-0.4,1000.0
4,25,-0.39,1000.0
4,25,-0.38,1000.0
4,25,-0.37,1000.0
4,25,-0.36,1000.0
4,25,-0.35,1000.0
4,25,-0.34,1000.0
4,25,-0.33,1000.0
4,25,-0.32,1000.0
4,25,-0.31,1000.0
4,25,-0.3,1000.0
4,25,-0.29,1000.0
4,25,-0.28,1000.0
4,25,-0.27,1000.0
4,25,-0.26,1000.0
4,25,-0.25,1000.0
4,25,-0.24,1000.0
4,25,-0.23,1000.0
4,25,-0.22,1000.0
4,25,-0.21,1000.0
4,25,-0.2,1000.0
4,25,-0.19,1000.0
4,25,-0.18,1000.0
4,25,-0.17,1000.0
4,25,-0.16,1000.0
4,25,-0.15,1000.0
4,25,-0.14,1000.0
4,25,-0.13,1000.0
4,25,-0.12,1000.0
4,25,-0.11,1000.0
4,25,-0.1,1000.0
4,25,-0.09,1000.0
4,25,-0.08,1000.0
4,25,-0.07,2.90602513648555
4,25,-0.06,2.499415307393465
4,25,-0.05,2.0677871654176463
4,25,-0.04,1.6843452203654234
4,25,-0.03,1.2636303261794433
4,25,-0.02,0.7831443346958472
4,25,-0.01,0.27199137413169566
4,25,0.0,0.020700188701984125
4,25,0.01,0.31523277330826116
4,25,0.02,0.7569828902042258
4,25,0.03,1.3880922770097597
4,25,0.04,1.8740163503332283
4,25,0.05,2.3139900382434466
4,25,0.06,2.8532996589252693
4,25,0.07,3.4842166597230273
4,25,0.08,3.9366383208778792
4,25,0.09,4.412197764118603
4,25,0.1,4.870454835335872
4,25,0.11,5.223869423191496
4,25,0.12,5.500615424107985
4,25,0.13,5.727587858199294
4,25,0.14,5.920791860353103
4,25,0.15,6.089944029634565
4,25,0.16,6.241276811040547
4,25,0.17,6.378999991652486
4,25,0.18,6.506082647619801
4,25,0.19,6.624694422659502
4,25,0.2,6.736468029772152
4,25,0.21,6.842662719553684
4,25,0.22,6.944270141880705
4,25,0.23,7.042085269395504
4,25,0.24,7.136755364934486
4,25,0.25,7.228814729484151
4,25,0.26,7.318710010248387
4,25,0.27,7.40681905381404
4,25,0.28,7.493464740569882
4,25,0.29,7.578924349045824
4,25,0.3,7.663437246140079
4,25,0.31,7.747212699688955
4,25,0.32,7.830435728245362
4,25,0.33,7.913271115615205
4,25,0.34,7.995866651539597
4,25,0.35,8.078355889914073
4,25,0.36,8.16086046960436
4,25,0.37,8.243492040559762
4,25,0.38,8.326353849051342
4,25,0.39,8.409542038176049
4,25,0.4,8.493146718390111
4,25,0.41,8.577252861164396
4,25,0.42,8.661941067926676
4,25,0.43,8.74728825846821
4,25,0.44,8.833368268161042
4,25,0.45,8.920252195893337
4,25,0.46,9.008008377802444
4,25,0.47,9.096702483557435
4,25,0.48,9.186398207121387
4,25,0.49,9.27715800531577
4,25,0.5,9.369043484017418
4,25,0.51,9.462115611023762
4,25,0.52,9.556434918365726
4,25,0.53,9.65206172287596
4,25,0.54,9.749056354569895
4,25,0.55,9.847479382955983
4,25,0.56,9.947391836529949
4,25,0.57,10.048855413884443
4,25,0.58,10.151932686401855
4,25,0.59,10.256687293199786
4,25,0.6,10.363184129322072
4,25,0.61,10.471489528324907
4,25,0.62,10.581671440486332
4,25,0.63,10.693799607909865
4,25,0.64,10.80794573781388
4,25,0.65,10.924183675308528
4,25,0.66,11.042589576964339
4,25,0.67,11.163242086474828
4,25,0.68,11.286222513712868
4,25,0.69,11.411615018476345
4,25,0.7,11.539506800218643
4,25,0.71,11.66998829506126
4,25,0.72,11.803153381394155
4,25,0.73,11.939099595384464
4,25,0.74,12.077928357737031
4,25,0.75,12.21974521308433
4,25,0.76,12.364660083427042
4,25,0.77,12.51278753710502
4,25,0.78,12.664247074849243
4,25,0.79,12.819163434553083
4,25,0.8,12.977666916505278
4,25,0.81,13.139893730949725
4,25,0.82,13.305986369980383
4,25,0.83,13.47609400594389
4,25,0.84,13.6503729187121
4,25,0.85,13.828986954400978
4,25,0.86,14.012108018356496
4,25,0.87,14.199916605504141
4,25,0.88,14.392602371469103
4,25,0.89,14.590364748225179
4,25,0.9,14.793413608424705
4,25,0.91,15.001969983005997
4,25,0.92,15.216266837175008
4,25,0.93,15.436549910420517
4,25,0.94,15.663078626858407
4,25,0.95,15.896127082916097
4,25,0.96,16.135985120179583
4,25,0.97,16.3829594921418
4,25,0.98,16.637375134631203
4,25,0.99,16.899576550879047
4,25,1.0,17.169929323527576
4,25,1.01,17.448821767410717
4,25,1.02,17.736666738686324
4,25,1.03,18.0339036178978
4,25,1.04,18.341000486833945
4,25,1.05,18.65845652168875
4,25,1.06,18.986804628052553
4,25,1.07,19.32661434676349
4,25,1.08,19.678495063692328
4,25,1.09,20.043099561222387
4,25,1.1,20.421127954635114
4,25,1.11,20.813332062961358
4,25,1.12,21.220520271274516
4,25,1.13,21.643562950089667
4,25,1.14,22.083398507737364
4,25,1.15,22.541040163601025
4,25,1.16,23.017583544307254
4,25,1.17,23.51421522177706
4,25,1.18,24.032222332012278
4,25,1.19,24.573003437181875
4,25,1.2,25.138080821359015
4,25,1.21,25.729114439578442
4,25,1.22,26.347917696925034
4,25,1.23,1000.0
4,25,1.24,1000.0
4,25,1.25,1000.0
4,25,1.26,1000.0
4,25,1.27,1000.0
4,25,1.28,1000.0
4,25,1.29,1000.0
4,25,1.3,1000.0
4,25,1.31,1000.0
4,25,1.32,1000.0
4,25,1.33,1000.0
4,25,1.34,1000.0
4,25,1.35,1000.0
4,25,1.36,1000.0
4,25,1.37,1000.0
4,25,1.38,1000.0
4,25,1.39,1000.0
4,25,1.4,1000.0
4,25,1.41,1000.0
4,25,1.42,1000.0
4,25,1.43,1000.0
4,25,1.44,1000.0
4,25,1.45,1000.0
4,25,1.46,1000.0
4,25,1.47,1000.0
4,25,1.48,1000.0
4,25,1.49,1000.0
4,25,1.5,1000.0
4,25,1.51,1000.0
4,25,1.52,1000.0
4,25,1.53,1000.0
4,25,1.54,1000.0
4,25,1.55,1000.0
4,25,1.56,1000.0
4,25,1.57,1000.0
4,25,1.58,1000.0
4,25,1.59,1000.0
4,25,1.6,1000.0
4,25,1.61,1000.0
4,25,1.62,1000.0
4,25,1.63,1000.0
4,25,1.64,1000.0
4,25,1.65,1000.0
4,25,1.66,1000.0
4,25,1.67,1000.0
4,25,1.68,1000.0
4,25,1.69,1000.0
4,25,1.7,1000.0
4,25,1.71,1000.0
4,25,1.72,1000.0
4,25,1.73,1000.0
4,25,1.74,1000.0
4,25,1.75,1000.0
4,25,1.76,1000.0
4,25,1.77,1000.0
4,25,1.78,1000.0
4,25,1.79,1000.0
4,25,1.8,1000.0
4,25,1.81,1000.0
4,25,1.82,1000.0
4,25,1.83,1000.0
4,25,1.84,1000.0
4,25,1.85,1000.0
4,25,1.86,1000.0
4,25,1.87,1000.0
4,25,1.88,1000.0
4,25,1.89,1000.0
4,25,1.9,1000.0
4,25,1.91,1000.0
4,25,1.92,1000.0
4,25,1.93,1000.0
4,25,1.94,1000.0
4,25,1.95,1000.0
4,25,1.96,1000.0
4,25,1.97,1000.0
4,25,1.98,1000.0
4,25,1.99,1000.0
4,25,2.0,1000.0
4,50,-2.0,1000.0
4,50,-1.99,1000.0
4,50,-1.98,1000.0
4,50,-1.97,1000.0
4,50,-1.96,1000.0
4,50,-1.95,1000.0
4,50,-1.94,1000.0
4,50,-1.93,1000.0
4,50,-1.92,1000.0
4,50,-1.91,1000.0
4,50,-1.9,1000.0
4,50,-1.89,1000.0
4,50,-1.88,1000.0
4,50,-1.87,1000.0
4,50,-1.86,1000.0
4,50,-1.85,1000.0
4,50,-1.84,1000.0
4,50,-1.83,1000.0
4,50,-1.82,1000.0
4,50,-1.81,1000.0
4,50,-1.8,1000.0
4,50,-1.79,1000.0
4,50,-1.78,1000.0
4,50,-1.77,1000.0
4,50,-1.76,1000.0
4,50,-1.75,1000.0
4,50,-1.74,1000.0
4,50,-1.73,1000.0
4,50,-1.72,1000.0
4,50,-1.71,1000.0
4,50,-1.7,1000.0
4,50,-1.69,1000.0
4,50,-1.68,1000.0
4,50,-1.67,1000.0
4,50,-1.66,1000.0
4,50,-1.65,1000.0
4,50,-1.64,1000.0
4,50,-1.63,1000.0
4,50,-1.62,1000.0
4,50,-1.61,1000.0
4,50,-1.6,1000.0
4,50,-1.59,1000.0
4,50,-1.58,1000.0
4,50,-1.57,1000.0
4,50,-1.56,1000.0
4,50,-1.55,1000.0
4,50,-1.54,1000.0
4,50,-1.53,1000.0
4,50,-1.52,1000.0
4,50,-1.51,1000.0
4,50,-1.5,1000.0
4,50,-1.49,1000.0
4,50,-1.48,1000.0
4,50,-1.47,1000.0
4,50,-1.46,1000.0
4,50,-1.45,1000.0
4,50,-1.44,1000.0
4,50,-1.43,1000.0
4,50,-1.42,1000.0
4,50,-1.41,1000.0
4,50,-1.4,1000.0
4,50,-1.39,1000.0
4,50,-1.38,1000.0
4,50,-1.37,1000.0
4,50,-1.36,1000.0
4,50,-1.35,1000.0
4,50,-1.34,1000.0
4,50,-1.33,1000.0
4,50,-1.32,1000.0
4,50,-1.31,1000.0
4,50,-1.3,1000.0
4,50,-1.29,1000.0
4,50,-1.28,1000.0
4,50,-1.27,1000.0
4,50,-1.26,1000.0
4,50,-1.25,1000.0
4,50,-1.24,1000.0
4,50,-1.23,1000.0
4,50,-1.22,1000.0
4,50,-1.21,1000.0
4,50,-1.2,1000.0
4,50,-1.19,1000.0
4,50,-1.18,1000.0
4,50,-1.17,1000.0
4,50,-1.16,1000.0
4,50,-1.15,1000.0
4,50,-1.14,1000.0
4,50,-1.13,1000.0
4,50,-1.12,1000.0
4,50,-1.11,1000.0
4,50,-1.1,1000.0
4,50,-1.09,1000.0
4,50,-1.08,1000.0
4,50,-1.07,1000.0
4,50,-1.06,1000.0
4,50,-1.05,1000.0
4,50,-1.04,1000.0
4,50,-1.03,1000.0
4,50,-1.02,1000.0
4,50,-1.01,1000.0
4,50,-1.0,1000.0
4,50,-0.99,1000.0
4,50,-0.98,1000.0
4,50,-0.97,1000.0
4,50,-0.96,1000.0
4,50,-0.95,1000.0
4,50,-0.94,1000.0
4,50,-0.93,1000.0
4,50,-0.92,1000.0
4,50,-0.91,1000.0
4,50,-0.9,1000.0
4,50,-0.89,1000.0
4,50,-0.88,1000.0
4,50,-0.87,1000.0
4,50,-0.86,1000.0
4,50,-0.85,1000.0
4,50,-0.84,1000.0
4,50,-0.83,1000.0
4,50,-0.82,1000.0
4,50,-0.81,1000.0
4,50,-0.8,1000.0
4,50,-0.79,1000.0
4,50,-0.78,1000.0
4,50,-0.77,1000.0
4,50,-0.76,1000.0
4,50,-0.75,1000.0
4,50,-0.74,1000.0
4,50,-0.73,1000.0
4,50,-0.72,1000.0
4,50,-0.71,1000.0
4,50,-0.7,1000.0
4,50,-0.69,1000.0
4,50,-0.68,1000.0
4,50,-0.67,1000.0
4,50,-0.66,1000.0
4,50,-0.65,1000.0
4,50,-0.64,1000.0
4,50,-0.63,1000.0
4,50,-0.62,1000.0
4,50,-0.61,1000.0
4,50,-0.6,1000.0
4,50,-0.59,1000.0
4,50,-0.58,1000.0
4,50,-0.57,1000.0
4,50,-0.56,1000.0
4,50,-0.55,1000.0
4,50,-0.54,1000.0
4,50,-0.53,1000.0
4,50,-0.52,1000.0
4,50,-0.51,1000.0
4,50,-0.5,1000.0
4,50,-0.49,1000.0
4,50,-0.48,1000.0
4,50,-0.47,1000.0
4,50,-0.46,1000.0
4,50,-0.45,1000.0
4,50,-0.44,1000.0
4,50,-0.43,1000.0
4,50,-0.42,1000.0
4,50,-0.41,1000.0
4,50,-0.4,1000.0
4,50,-0.39,1000.0
4,50,-0.38,1000.0
4,50,-0.37,1000.0
4,50,-0.36,1000.0
4,50,-0.35,1000.0
4,50,-0.34,1000.0
4,50,-0.33,1000.0
4,50,-0.32,1000.0
4,50,-0.31,1000.0
4,50,-0.3,1000.0
4,50,-0.29,1000.0
4,50,-0.28,1000.0
4,50,-0.27,1000.0
4,50,-0.26,1000.0
4,50,-0.25,1000.0
4,50,-0.24,1000.0
4,50,-0.23,1000.0
4,50,-0.22,1000.0
4,50,-0.21,1000.0
4,50,-0.2,1000.0
4,50,-0.19,1000.0
4,50,-0.18,1000.0
4,50,-0.17,1000.0
4,50,-0.16,1000.0
4,50,-0.15,1000.0
4,50,-0.14,1000.0
4,50,-0.13,1000.0
4,50,-0.12,1000.0
4,50,-0.11,1000.0
4,50,-0.1,1000.0
4,50,-0.09,1000.0
4,50,-0.08,1000.0
4,50,-0.07,4.818026335481234
4,50,-0.06,4.894719413149121
4,50,-0.05,4.351291837043333
4,50,-0.04,3.590325212171059
4,50,-0.03,2.6300949457098017
4,50,-0.02,1.5829511020030875
4,50,-0.01,0.6105390189188844
4,50,0.0,0.02728570980472099
4,50,0.01,0.9527446453013858
4,50,0.02,2.9510938025303015
4,50,0.03,4.817550559543772
4,50,0.04,2.6312755860302275
4,50,0.05,2.7853506044473004
4,50,0.06,2.932669146361406
4,50,0.07,3.1245288351207745
4,50,0.08,3.3324243347043088
4,50,0.09,3.5273866560536966
4,50,0.1,3.7034553387070837
4,50,0.11,3.86062111872405
4,50,0.12,4.000918184238943
4,50,0.13,4.127072992614182
4,50,0.14,4.241733154283097
4,50,0.15,4.347163577071995
4,50,0.16,4.4451962736577695
4,50,0.17,4.537280310278543
4,50,0.18,4.624556492256417
4,50,0.19,4.707927210592252
4,50,0.2,4.788113083544193
4,50,0.21,4.865696278727951
4,50,0.22,4.941152880945824
4,50,0.23,5.014876933917193
4,50,0.24,5.087198366044705
4,50,0.25,5.158396497421687
4,50,0.26,5.228710402317047
4,50,0.27,5.298347011469296
4,50,0.28,5.3674870780218145
4,50,0.29,5.436288691029397
4,50,0.3,5.5048905358295315
4,50,0.31,5.573416279220862
4,50,0.32,5.641977705851592
4,50,0.33,5.710676542012492
4,50,0.34,5.779605905998135
4,50,0.35,5.848851599044272
4,50,0.36,5.918493230201259
4,50,0.37,5.988605178715134
4,50,0.38,6.059257413698735
4,50,0.39,6.130516195068251
4,50,0.4,6.2024446796810535
4,50,0.41,6.275103457003708
4,50,0.42,6.348551040796036
4,50,0.43,6.422844339171322
4,50,0.44,6.498039074763802
4,50,0.45,6.574189983402044
4,50,0.46,6.65135065655836
4,50,0.47,6.7295735176240745
4,50,0.48,6.808910399699302
4,50,0.49,6.889413175817994
4,50,0.5,6.971134040334551
4,50,0.51,7.05412562026128
4,50,0.52,7.138441079606726
4,50,0.53,7.224134246064258
4,50,0.54,7.311259750248148
4,50,0.55,7.399873168220862
4,50,0.56,7.4900311631112775
4,50,0.57,7.581791624682734
4,50,0.58,7.67521380711176
4,50,0.59,7.770358465805687
4,50,0.6,7.867287994282861
4,50,0.61,7.966066562181702
4,50,0.62,8.06676025544486
4,50,0.63,8.169437219685847
4,50,0.64,8.274167807702577
4,50,0.65,8.381024732065736
4,50,0.66,8.490083223681621
4,50,0.67,8.601421197212142
4,50,0.68,8.715119424229442
4,50,0.69,8.831261714988942
4,50,0.7,8.949935109723596
4,50,0.71,9.071230080392684
4,50,0.72,9.19524074386096
4,50,0.73,9.322065087538766
4,50,0.74,9.45180520857946
4,50,0.75,9.584567567809449
4,50,0.76,9.720463259656402
4,50,0.77,9.859608299445291
4,50,0.78,10.002123929548922
4,50,0.79,10.14813694601173
4,50,0.8,10.297780047413383
4,50,0.81,10.451192207903604
4,50,0.82,10.608519076523702
4,50,0.83,10.769913405135265
4,50,0.84,10.935535507504873
4,50,0.85,11.105553752348603
4,50,0.86,11.280145093423462
4,50,0.87,11.459495640070868
4,50,0.88,11.643801271970935
4,50,0.89,11.833268302263313
4,50,0.9,12.028114193634625
4,50,0.91,12.228568332471186
4,50,0.92,12.434872866736235
4,50,0.93,12.647283613861008
4,50,0.94,12.866071045650425
4,50,0.95,13.091521358006391
4,50,0.96,13.32393763417895
4,50,0.97,13.56364111128407
4,50,0.98,13.810972560992811
4,50,0.99,14.066293796622848
4,50,1.0,14.329989320373546
4,50,1.01,14.602468126168107
4,50,1.02,14.884165675536973
4,50,1.03,15.175546066232148
4,50,1.04,15.47710441585186
4,50,1.05,15.789369485734666
4,50,1.06,16.112906573814954
4,50,1.07,16.448320709100603
4,50,1.08,16.796260185026775
4,50,1.09,17.15742047427485
4,50,1.1,17.532548573850832
4,50,1.11,17.922447836459778
4,50,1.12,18.327983352683173
4,50,1.13,18.750087958400965
4,50,1.14,19.189768953588903
4,50,1.15,19.6481156324065
4,50,1.16,20.12630774080443
4,50,1.17,20.62562499723419
4,50,1.18,21.14745783506768
4,50,1.19,21.693319552753106
4,50,1.2,22.26486009016864
4,50,1.21,22.86388168552659
4,50,1.22,23.492356650955863
4,50,1.23,1000.0
4,50,1.24,1000.0
4,50,1.25,1000.0
4,50,1.26,1000.0
4,50,1.27,1000.0
4,50,1.28,1000.0
4,50,1.29,1000.0
4,50,1.3,1000.0
4,50,1.31,1000.0
4,50,1.32,1000.0
4,50,1.33,1000.0
4,50,1.34,1000.0
4,50,1.35,1000.0
4,50,1.36,1000.0
4,50,1.37,1000.0
4,50,1.38,1000.0
4,50,1.39,1000.0
4,50,1.4,1000.0
4,50,1.41,1000.0
4,50,1.42,1000.0
4,50,1.43,1000.0
4,50,1.44,1000.0
4,50,1.45,1000.0
4,50,1.46,1000.0
4,50,1.47,1000.0
4,50,1.48,1000.0
4,50,1.49,1000.0
4,50,1.5,1000.0
4,50,1.51,1000.0
4,50,1.52,1000.0
4,50,1.53,1000.0
4,50,1.54,1000.0
4,50,1.55,1000.0
4,50,1.56,1000.0
4,50,1.57,1000.0
4,50,1.58,1000.0
4,50,1.59,1000.0
4,50,1.6,1000.0
4,50,1.61,1000.0
4,50,1.62,1000.0
4,50,1.63,1000.0
4,50,1.64,1000.0
4,50,1.65,1000.0
4,50,1.66,1000.0
4,50,1.67,1000.0
4,50,1.68,1000.0
4,50,1.69,1000.0
4,50,1.7,1000.0
4,50,1.71,1000.0
4,50,1.72,1000.0
4,50,1.73,1000.0
4,50,1.74,1000.0
4,50,1.75,1000.0
4,50,1.76,1000.0
4,50,1.77,1000.0
4,50,1.78,1000.0
4,50,1.79,1000.0
4,50,1.8,1000.0
4,50,1.81,1000.0
4,50,1.82,1000.0
4,50,1.83,1000.0
4,50,1.84,1000.0
4,50,1.85,1000.0
4,50,1.86,1000.0
4,50,1.87,1000.0
4,50,1.88,1000.0
4,50,1.89,1000.0
4,50,1.9,1000.0
4,50,1.91,1000.0
4,50,1.92,1000.0
4,50,1.93,1000.0
4,50,1.94,1000.0
4,50,1.95,1000.0
4,50,1.96,1000.0
4,50,1.97,1000.0
4,50,1.98,1000.0
4,50,1.99,1000.0
4,50,2.0,1000.0
4,100,-2.0,1000.0
4,100,-1.99,1000.0
4,100,-1.98,1000.0
4,100,-1.97,1000.0
4,100,-1.96,1000.0
4,100,-1.95,1000.0
4,100,-1.94,1000.0
4,100,-1.93,1000.0
4,100,-1.92,1000.0
4,100,-1.91,1000.0
4,100,-1.9,1000.0
4,100,-1.89,1000.0
4,100,-1.88,1000.0
4,100,-1.87,1000.0
4,100,-1.86,1000.0
4,100,-1.85,1000.0
4,100,-1.84,1000.0
4,100,-1.83,1000.0
4,100,-1.82,1000.0
4,100,-1.81,1000.0
4,100,-1.8,1000.0
4,100,-1.79,1000.0
4,100,-1.78,1000.0
4,100,-1.77,1000.0
4,100,-1.76,1000.0
4,100,-1.75,1000.0
4,100,-1.74,1000.0
4,100,-1.73,1000.0
4,100,-1.72,1000.0
4,100,-1.71,1000.0
4,100,-1.7,1000.0
4,100,-1.69,1000.0
4,100,-1.68,1000.0
4,100,-1.67,1000.0
4,100,-1.66,1000.0
4,100,-1.65,1000.0
4,100,-1.64,1000.0
4,100,-1.63,1000.0
4,100,-1.62,1000.0
4,100,-1.61,1000.0
4,100,-1.6,1000.0
4,100,-1.59,1000.0
4,100,-1.58,1000.0
4,100,-1.57,1000.0
4,100,-1.56,1000.0
4,100,-1.55,1000.0
4,100,-1.54,1000.0
4,100,-1.53,1000.0
4,100,-1.52,1000.0
4,100,-1.51,1000.0
4,100,-1.5,1000.0
4,100,-1.49,1000.0
4,100,-1.48,1000.0
4,100,-1.47,1000.0
4,100,-1.46,1000.0
4,100,-1.45,1000.0
4,100,-1.44,1000.0
4,100,-1.43,1000.0
4,100,-1.42,1000.0
4,100,-1.41,1000.0
4,100,-1.4,1000.0
4,100,-1.39,1000.0
4,100,-1.38,1000.0
4,100,-1.37,1000.0
4,100,-1.36,1000.0
4,100,-1.35,1000.0
4,100,-1.34,1000.0
4,100,-1.33,1000.0
4,100,-1.32,1000.0
4,100,-1.31,1000.0
4,100,-1.3,1000.0
4,100,-1.29,1000.0
4,100,-1.28,1000.0
4,100,-1.27,1000.0
4,100,-1.26,1000.0
4,100,-1.25,1000.0
4,100,-1.24,1000.0
4,100,-1.23,1000.0
4,100,-1.22,1000.0
4,100,-1.21,1000.0
4,100,-1.2,1000.0
4,100,-1.19,1000.0
4,100,-1.18,1000.0
4,100,-1.17,1000.0
4,100,-1.16,1000.0
4,100,-1.15,1000.0
4,100,-1.14,1000.0
4,100,-1.13,1000.0
4,100,-1.12,1000.0
4,100,-1.11,1000.0
4,100,-1.1,1000.0
4,100,-1.09,1000.0
4,100,-1.08,1000.0
4,100,-1.07,1000.0
4,100,-1.06,1000.0
4,100,-1.05,1000.0
4,100,-1.04,1000.0
4,100,-1.03,1000.0
4,100,-1.02,1000.0
4,100,-1.01,1000.0
4,100,-1.0,1000.0
4,100,-0.99,1000.0
4,100,-0.98,1000.0
4,100,-0.97,1000.0
4,100,-0.96,1000.0
4,100,-0.95,1000.0
4,100,-0.94,1000.0
4,100,-0.93,1000.0
4,100,-0.92,1000.0
4,100,-0.91,1000.0
4,100,-0.9,1000.0
4,100,-0.89,1000.0
4,100,-0.88,1000.0
4,100,-0.87,1000.0
4,100,-0.86,1000.0
4,100,-0.85,1000.0
4,100,-0.84,1000.0
4,100,-0.83,1000.0
4,100,-0.82,1000.0
4,100,-0.81,1000.0
4,100,-0.8,1000.0
4,100,-0.79,1000.0
4,100,-0.78,1000.0
4,100,-0.77,1000.0
4,100,-0.76,1000.0
4,100,-0.75,1000.0
4,100,-0.74,1000.0
4,100,-0.73,1000.0
4,100,-0.72,1000.0
4,100,-0.71,1000.0
4,100,-0.7,1000.0
4,100,-0.69,1000.0
4,100,-0.68,1000.0
4,100,-0.67,1000.0
4,100,-0.66,1000.0
4,100,-0.65,1000.0
4,100,-0.64,1000.0
4,100,-0.63,1000.0
4,100,-0.62,1000.0
4,100,-0.61,1000.0
4,100,-0.6,1000.0
4,100,-0.59,1000.0
4,100,-0.58,1000.0
4,100,-0.57,1000.0
4,100,-0.56,1000.0
4,100,-0.55,1000.0
4,100,-0.54,1000.0
4,100,-0.53,1000.0
4,100,-0.52,1000.0
4,100,-0.51,1000.0
4,100,-0.5,1000.0
4,100,-0.49,1000.0
4,100,-0.48,1000.0
4,100,-0.47,1000.0
4,100,-0.46,1000.0
4,100,-0.45,1000.0
4,100,-0.44,1000.0
4,100,-0.43,1000.0
4,100,-0.42,1000.0
4,100,-0.41,1000.0
4,100,-0.4,1000.0
4,100,-0.39,1000.0
4,100,-0.38,1000.0
4,100,-0.37,1000.0
4,100,-0.36,1000.0
4,100,-0.35,1000.0
4,100,-0.34,1000.0
4,100,-0.33,1000.0
4,100,-0.32,1000.0
4,100,-0.31,1000.0
4,100,-0.3,1000.0
4,100,-0.29,1000.0
4,100,-0.28,1000.0
4,100,-0.27,1000.0
4,100,-0.26,1000.0
4,100,-0.25,1000.0
4,100,-0.24,1000.0
4,100,-0.23,1000.0
4,100,-0.22,1000.0
4,100,-0.21,1000.0
4,100,-0.2,1000.0
4,100,-0.19,1000.0
4,100,-0.18,1000.0
4,100,-0.17,1000.0
4,100,-0.16,1000.0
4,100,-0.15,1000.0
4,100,-0.14,1000.0
4,100,-0.13,1000.0
4,100,-0.12,1000.0
4,100,-0.11,1000.0
4,100,-0.1,1000.0
4,100,-0.09,1000.0
4,100,-0.08,1000.0
4,100,-0.07,6.3939128792464555
4,100,-0.06,4.948413735016172
4,100,-0.05,5.009708347402172
4,100,-0.04,5.235376458778812
4,100,-0.03,5.005076993663668
4,100,-0.02,3.8935120375096695
4,100,-0.01,1.8519301142773121
4,100,0.0,0.017576201469118733
4,100,0.01,2.148789128458558
4,100,0.02,4.791517987059637
4,100,0.03,4.415676871344677
4,100,0.04,2.589011707109932
4,100,0.05,2.765096630481378
4,100,0.06,3.022131985188133
4,100,0.07,3.2914263762472875
4,100,0.08,3.5235125830139125
4,100,0.09,3.717457285494354
4,100,0.1,3.882437679112483
4,100,0.11,4.025744734163852
4,100,0.12,4.152662043571451
4,100,0.13,4.267007017999147
4,100,0.14,4.37156978665421
4,100,0.15,4.468423599346991
4,100,0.16,4.559136639799263
4,100,0.17,4.644915796789368
4,100,0.18,4.726705100454291
4,100,0.19,4.805254115578412
4,100,0.2,4.881166259910654
4,100,0.21,4.954933517287672
4,100,0.22,5.0269617805938
4,100,0.23,5.097589637103085
4,100,0.24,5.167102499226271
4,100,0.25,5.235743403955318
4,100,0.26,5.303721440989565
4,100,0.27,5.3712184600502875
4,100,0.28,5.438394016347735
4,100,0.29,5.505388124613798
4,100,0.3,5.5723239434146095
4,100,0.31,5.63931171469123
4,100,0.32,5.706451548785788
4,100,0.33,5.773834966648774
4,100,0.34,5.84154612189189
4,100,0.35,5.909662905498297
4,100,0.36,5.978257918645507
4,100,0.37,6.047399311180174
4,100,0.38,6.117151500486163
4,100,0.39,6.18757579023456
4,100,0.4,6.258730908893363
4,100,0.41,6.33067348874393
4,100,0.42,6.403458508883748
4,100,0.43,6.477139722221245
4,100,0.44,6.551770036505239
4,100,0.45,6.6274016767143165
4,100,0.46,6.704085993516128
4,100,0.47,6.78187340767106
4,100,0.48,6.860813958144322
4,100,0.49,6.940957905052823
4,100,0.5,7.022355986410687
4,100,0.51,7.1050595076627205
4,100,0.52,7.189120427174768
4,100,0.53,7.2745914670491425
4,100,0.54,7.3615262393798035
4,100,0.55,7.449979378518459
4,100,0.56,7.540006674907882
4,100,0.57,7.631665209049257
4,100,0.58,7.725013485545707
4,100,0.59,7.820111567725119
4,100,0.6,7.917021213550574
4,100,0.61,8.015806013592101
4,100,0.62,8.116531531844165
4,100,0.63,8.21926545017088
4,100,0.64,8.324077717155893
4,100,0.65,8.431040702135055
4,100,0.66,8.540229355197424
4,100,0.67,8.65172137395526
4,100,0.68,8.765597377907072
4,100,0.69,8.881941091248063
4,100,0.7,9.00083953502125
4,100,0.71,9.122383229549381
4,100,0.72,9.246666408142412
4,100,0.73,9.373787243139624
4,100,0.74,9.503848085417921
4,100,0.75,9.636955718581246
4,100,0.76,9.773221629138979
4,100,0.77,9.912762294087024
4,100,0.78,10.055699487422416
4,100,0.79,10.202160607254289
4,100,0.8,10.352279025321057
4,100,0.81,10.506194460887823
4,100,0.82,10.664053381180873
4,100,0.83,10.826009430720639
4,100,0.84,10.992223892141968
4,100,0.85,11.162866181345489
4,100,0.86,11.338114380107248
4,100,0.87,11.518155809592391
4,100,0.88,11.703187648573605
4,100,0.89,11.893417600553729
4,100,0.9,12.089064614438735
4,100,0.91,12.290359663908939
4,100,0.92,12.497546591201282
4,100,0.93,12.710883021649819
4,100,0.94,12.930641356049467
4,100,0.95,13.157109848716695
4,100,0.96,13.390593780036495
4,100,0.97,13.631416733322816
4,100,0.98,13.8799219869965
4,100,0.99,14.136474034423918
4,100,1.0,14.401460245284037
4,100,1.01,14.675292684071179
4,100,1.02,14.958410103330689
4,100,1.03,15.251280131502817
4,100,1.04,15.554401677865775
4,100,1.05,15.868307580078762
4,100,1.06,16.19356752329322
4,100,1.07,16.53079126380996
4,100,1.08,16.880632194899686
4,100,1.09,17.243791297794203
4,100,1.1,17.62102152712483
4,100,1.11,18.013132687401182
4,100,1.12,18.420996865682195
4,100,1.13,18.845554495628626
4,100,1.14,19.287821139939485
4,100,1.15,19.748895092103744
4,100,1.16,20.229965914890247
4,100,1.17,20.732324052568824
4,100,1.18,21.2573716771558
4,100,1.19,21.806634956785004
4,100,1.2,22.38177796745295
4,100,1.21,22.984618507940056
4,100,1.22,23.617146099246867
4,100,1.23,1000.0
4,100,1.24,1000.0
4,100,1.25,1000.0
4,100,1.26,1000.0
4,100,1.27,1000.0
4,100,1.28,1000.0
4,100,1.29,1000.0
4,100,1.3,1000.0
4,100,1.31,1000.0
4,100,1.32,1000.0
4,100,1.33,1000.0
4,100,1.34,1000.0
4,100,1.35,1000.0
4,100,1.36,1000.0
4,100,1.37,1000.0
4,100,1.38,1000.0
4,100,1.39,1000.0
4,100,1.4,1000.0
4,100,1.41,1000.0
4,100,1.42,1000.0
4,100,1.43,1000.0
4,100,1.44,1000.0
4,100,1.45,1000.0
4,100,1.46,1000.0
4,100,1.47,1000.0
4,100,1.48,1000.0
4,100,1.49,1000.0
4,100,1.5,1000.0
4,100,1.51,1000.0
4,100,1.52,1000.0
4,100,1.53,1000.0
4,100,1.54,1000.0
4,100,1.55,1000.0
4,100,1.56,1000.0
4,100,1.57,1000.0
4,100,1.58,1000.0
4,100,1.59,1000.0
4,100,1.6,1000.0
4,100,1.61,1000.0
4,100,1.62,1000.0
4,100,1.63,1000.0
4,100,1.64,1000.0
4,100,1.65,1000.0
4,100,1.66,1000.0
4,100,1.67,1000.0
4,100,1.68,1000.0
4,100,1.69,1000.0
4,100,1.7,1000.0
4,100,1.71,1000.0
4,100,1.72,1000.0
4,100,1.73,1000.0
4,100,1.74,1000.0
4,100,1.75,1000.0
4,100,1.76,1000.0
4,100,1.77,1000.0
4,100,1.78,1000.0
4,100,1.79,1000.0
4,100,1.8,1000.0
4,100,1.81,1000.0
4,100,1.82,1000.0
4,100,1.83,1000.0
4,100,1.84,1000.0
4,100,1.85,1000.0
4,100,1.86,1000.0
4,100,1.87,1000.0
4,100,1.88,1000.0
4,100,1.89,1000.0
4,100,1.9,1000.0
4,100,1.91,1000.0
4,100,1.92,1000.0
4,100,1.93,1000.0
4,100,1.94,1000.0
4,100,1.95,1000.0
4,100,1.96,1000.0
4,100,1.97,1000.0
4,100,1.98,1000.0
4,100,1.99,1000.0
4,100,2.0,1000.0
5,1,-2.0,1.723244648104372
5,1,-1.99,1.7133443666819654
5,1,-1.98,1.7034367607359313
5,1,-1.97,1.6935218768617337
5,1,-1.96,1.6835997607491067
5,1,-1.95,1.6736704571645455
5,1,-1.94,1.6637340099353601
5,1,-1.93,1.653790461935368
5,1,-1.92,1.6438398550724536
5,1,-1.91,1.6338822302781097
5,1,-1.9,1.6239176274991511
5,1,-1.89,1.6139460856917918
5,1,-1.88,1.603967642818257
5,1,-1.87,1.5939823358461407
5,1,-1.86,1.5839902007507076
5,1,-1.85,1.5739912725203684
5,1,-1.84,1.5639855851655369
5,1,-1.83,1.5539731717311138
5,1,-1.82,1.5439540643128202
5,1,-1.81,1.5339282940776688
5,1,-1.8,1.5238958912887903
5,1,-1.79,1.5138568853348917
5,1,-1.78,1.5038113047646346
5,1,-1.77,1.4937591773262222
5,1,-1.76,1.483700530012442
5,1,-1.75,1.4736353891115068
5,1,-1.74,1.4635637802639778
5,1,-1.73,1.4534857285260796
5,1,-1.72,1.4434012584397264
5,1,-1.71,1.4333103941095833
5,1,-1.7,1.4232131592874806
5,1,-1.69,1.4131095774645315
5,1,-1.68,1.4029996719712603
5,1,-1.67,1.3928834660861056
5,1,-1.66,1.3827609831526309
5,1,-1.65,1.3726322467057788
5,1,-1.64,1.3624972806075244
5,1,-1.63,1.3523561091922576
5,1,-1.62,1.3422087574222656
5,1,-1.61,1.332055251053619
5,1,-1.6,1.3218956168128406
5,1,-1.59,1.3117298825846642
5,1,-1.58,1.3015580776112305
5,1,-1.57,1.2913802327030437
5,1,-1.56,1.2811963804620057
5,1,-1.55,1.271006555516837
5,1,-1.54,1.2608107947711966
5,1,-1.53,1.2506091376647803
5,1,-1.52,1.240401626447687
5,1,-1.51,1.230188306468303
5,1,-1.5,1.2199692264749853
5,1,-1.49,1.2097444389317509
5,1,-1.48,1.1995140003481937
5,1,-1.47,1.189277971623848
5,1,-1.46,1.1790364184071565
5,1,-1.45,1.168789411469196
5,1,-1.44,1.1585370270923059
5,1,-1.43,1.1482793474737252
5,1,-1.42,1.1380164611442904
5,1,-1.41,1.1277484634022739
5,1,-1.4,1.1174754567623586
5,1,-1.39,1.1071975514197512
5,1,-1.38,1.096914865729354
5,1,-1.37,1.08662752669995
5,1,-1.36,1.0763356705032365
5,1,-1.35,1.0660394429975606
5,1,-1.34,1.055739000266156
5,1,-1.33,1.045434509169603
5,1,-1.32,1.0351261479122464
5,1,-1.31,1.0248141066221976
5,1,-1.3,1.0144985879445438
5,1,-1.29,1.0041798076473105
5,1,-1.28,0.9938579952396834
5,1,-1.27,0.9835333946019317
5,1,-1.26,0.9732062646264183
5,1,-1.25,0.962876879869049
5,1,-1.24,0.9525455312104051
5,1,-1.23,0.9422125265258025
5,1,-1.22,0.9318781913633984
5,1,-1.21,0.9215428696294635
5,1,-1.2,0.9112069242798174
5,1,-1.19,0.900870738016405
5,1,-1.18,0.890534713987904
5,1,-1.17,0.880199276493188
5,1,-1.16,0.869864871686411
5,1,-1.15,0.8595319682824158
5,1,-1.14,0.8492010582610907
5,1,-1.13,0.8388726575692487
5,1,-1.12,0.8285473068185198
5,1,-1.11,0.8182255719777196
5,1,-1.1,0.8079080450580458
5,1,-1.09,0.7975953447894458
5,1,-1.08,0.7872881172863995
5,1,-1.07,0.7769870367013368
5,1,-1.06,0.7666928058638353
5,1,-1.05,0.7564061569037239
5,1,-1.04,0.7461278518561327
5,1,-1.03,0.7358586832465284
5,1,-1.02,0.7255994746537228
5,1,-1.01,0.7153510812488094
5,1,-1.0,0.7051143903079677
5,1,-0.99,0.6948903216970509
5,1,-0.98,0.6846798283258669
5,1,-0.97,0.6744838965700678
5,1,-0.96,0.6643035466585286
5,1,-0.95,0.6541398330241835
5,1,-0.94,0.6439938446162243
5,1,-0.93,0.6338667051716677
5,1,-0.92,0.6237595734442964
5,1,-0.91,0.6136736433890541
5,1,-0.9,0.603610144300027
5,1,-0.89,0.5935703409002245
5,1,-0.88,0.5835555333814458
5,1,-0.87,0.5735670573926431
5,1,-0.86,0.5636062839752635
5,1,-0.85,0.5536746194442171
5,1,-0.84,0.5437735052132152
5,1,-0.83,0.5339044175633909
5,1,-0.82,0.5240688673542832
5,1,-0.81,0.5142683996764082
5,1,-0.8,0.5045045934448577
5,1,-0.79,0.4947790609335435
5,1,-0.78,0.4850934472499357
5,1,-0.77,0.4754494297503349
5,1,-0.76,0.4658487173959931
5,1,-0.75,0.4562930500506066
5,1,-0.74,0.44678419771998795
5,1,-0.73,0.43732395973499
5,1,-0.72,0.4279141638790239
5,1,-0.71,0.41855666546185316
5,1,-0.7,0.40925334634164034
5,1,-0.69,0.4000061138976253
5,1,-0.68,0.3908168999562498
5,1,-0.67,0.3816876596740998
5,1,-0.66,0.3726203703818273
5,1,-0.65,0.3636170303943567
5,1,-0.64,0.35467965779449284
5,1,-0.63,0.3458102892000622
5,1,-0.62,0.3370109785298286
5,1,-0.61,0.32828379579228595
5,1,-0.6,0.3196308259369108
5,1,-0.59,0.3110541678344564
5,1,-0.58,0.3025559334995706
5,1,-0.57,0.2941382477481043
5,1,-0.56,0.2858032486096237
5,1,-0.55,0.27755308900476544
5,1,-0.54,0.2693899404171257
5,1,-0.53,0.26131599935342603
5,1,-0.52,0.2533334966802511
5,1,-0.51,0.24544470706757404
5,1,-0.5,0.23765194925647437
5,1,-0.49,0.22995756078441468
5,1,-0.48,0.2223638385323055
5,1,-0.47,0.2148729731195748
5,1,-0.46,0.20748703515586858
5,1,-0.45,0.20020803550716115
5,1,-0.44,0.1930380243300101
5,1,-0.43,0.18597920380136254
5,1,-0.42,0.17903406324961754
5,1,-0.41,0.1722054354581324
5,1,-0.4,0.16549610213070826
5,1,-0.39,0.15890806826192305
5,1,-0.38,0.15244266178701943
5,1,-0.37,0.1461012599700147
5,1,-0.36,0.13988555827922827
5,1,-0.35,0.13379747037122072
5,1,-0.34,0.12783900951776
5,1,-0.33,0.12201222686059518
5,1,-0.32,0.11631918585210049
5,1,-0.31,0.11076195287316892
5,1,-0.3,0.1053425943998308
5,1,-0.29,0.10006317679231959
5,1,-0.28,0.094925767191904
5,1,-0.27,0.08993243495347354
5,1,-0.26,0.08508525340062777
5,1,-0.25,0.08038630182542515
5,1,-0.24,0.07583766770604534
5,1,-0.23,0.07144144913506717
5,1,-0.22,0.0671997574586986
5,1,-0.21,0.06311472013063199
5,1,-0.2,0.05918848378613037
5,1,-0.19,0.055423217543693455
5,1,-0.18,0.051821116543848564
5,1,-0.17,0.048384405737798
5,1,-0.16,0.04511534394357661
5,1,-0.15,0.04201622819521161
5,1,-0.14,0.03908939842335182
5,1,-0.13,0.03633724252818685
5,1,-0.12,0.033762201945876084
5,1,-0.11,0.0313667778865709
5,1,-0.1,0.029153538576323572
5,1,-0.09,0.02712512816105602
5,1,-0.08,0.025284278653819405
5,1,-0.07,0.0236338279835156
5,1,-0.06,0.02217675124437309
5,1,-0.05,0.02091622227549591
5,1,-0.04,0.01985574796279394
5,1,-0.03,0.018999480610799716
5,1,-0.02,0.018352964148993383
5,1,-0.01,0.017924934294094107
5,1,0.0,0.01773109828394226
5,1,0.01,0.01778649525661032
5,1,0.02,0.018083571934743713
5,1,0.03,0.018614125556086394
5,1,0.04,0.019376962144038896
5,1,0.05,0.020374135493224303
5,1,0.06,0.02160916583175157
5,1,0.07,0.023086312580404392
5,1,0.08,0.024810281123851058
5,1,0.09,0.026786107866684415
5,1,0.1,0.029019118265270802
5,1,0.11,0.03151491548281049
5,1,0.12,0.0342793825794009
5,1,0.13,0.03731869118048663
5,1,0.14,0.040639313609928944
5,1,0.15,0.044248037152748616
5,1,0.16,0.04815197983767888
5,1,0.17,0.05235860745770729
5,1,0.18,0.05687575170331019
5,1,0.19,0.06171162936246907
5,1,0.2,0.06687486258488526
5,1,0.21,0.07237450023405739
5,1,0.22,0.07822004037023278
5,1,0.23,0.08442145392797484
5,1,0.24,0.09098920968697587
5,1,0.25,0.09793430071263773
5,1,0.26,0.10526827263635867
5,1,0.27,0.11300325463915256
5,1,0.28,0.12115199525468602
5,1,0.29,0.129727908159038
5,1,0.3,0.13874513967110386
5,1,0.31,0.1482186783982651
5,1,0.32,0.15816451013286328
5,1,0.33,0.1685996765089168
5,1,0.34,0.17954189430356823
5,1,0.35,0.19100898726704407
5,1,0.36,0.2030191330715085
5,1,0.37,0.21559155974520675
5,1,0.38,0.22874680435818928
5,1,0.39,0.24250667271899295
5,1,0.4,0.2568941930569151
5,1,0.41,0.2719336237465932
5,1,0.42,0.28765049833076967
5,1,0.43,0.30407169218549945
5,1,0.44,0.321225504438808
5,1,0.45,0.3391417543836522
5,1,0.46,0.3578518946867759
5,1,0.47,0.3773891457418287
5,1,0.48,0.39778865736573177
5,1,0.49,0.4190877060775403
5,1,0.5,0.44132593862971453
5,1,0.51,0.4645456754120326
5,1,0.52,0.488792290920049
5,1,0.53,0.5141146927609149
5,1,0.54,0.5405659257330011
5,1,0.55,0.5682039334090095
5,1,0.56,0.5970925163691532
5,1,0.57,0.6273025336547531
5,1,0.58,0.6589134017959717
5,1,0.59,0.6920149530831656
5,1,0.6,0.7267097197852239
5,1,0.61,0.7631157099615454
5,1,0.62,0.8013697256193602
5,1,0.63,0.8416312299100659
5,1,0.64,0.8840866673970229
5,1,0.65,0.9289539254958106
5,1,0.66,0.9764861988771989
5,1,0.67,1.0269737202996183
5,1,0.68,1.080740410175314
5,1,0.69,1.1381301907602066
5,1,0.7,1.1994743984450973
5,1,0.71,1.2650281260192169
5,1,0.72,1.3348624582274662
5,1,0.73,1.4087089322458164
5,1,0.74,1.4857841471092903
5,1,0.75,1.5646817861513458
5,1,0.76,1.643478289466907
5,1,0.77,1.7201991626276159
5,1,0.78,1.7937558005001772
5,1,0.79,1.8652700979471146
5,1,0.8,1.938360907213074
5,1,0.81,2.016872208974959
5,1,0.82,2.106207750596527
5,1,0.83,2.2169675537499414
5,1,0.84,2.351544821672506
5,1,0.85,2.49270069629584
5,1,0.86,2.6304739335298164
5,1,0.87,2.8755587968457905
5,1,0.88,3.5493404359921334
5,1,0.89,6.976653706618556
5,1,0.9,64.4619068662373
5,1,0.91,28.934837180003466
5,1,0.92,434.7031355668934
5,1,0.93,7172.8318844361065
5,1,0.94,1000.0
5,1,0.95,1000.0
5,1,0.96,1000.0
5,1,0.97,1000.0
5,1,0.98,1000.0
5,1,0.99,1000.0
5,1,1.0,1000.0
5,1,1.01,1000.0
5,1,1.02,1000.0
5,1,1.03,1000.0
5,1,1.04,1000.0
5,1,1.05,1000.0
5,1,1.06,1000.0
5,1,1.07,1000.0
5,1,1.08,1000.0
5,1,1.09,1000.0
5,1,1.1,1000.0
5,1,1.11,1000.0
5,1,1.12,1000.0
5,1,1.13,1000.0
5,1,1.14,1000.0
5,1,1.15,1000.0
5,1,1.16,1000.0
5,1,1.17,1000.0
5,1,1.18,1000.0
5,1,1.19,1000.0
5,1,1.2,1000.0
5,1,1.21,1000.0
5,1,1.22,1000.0
5,1,1.23,1000.0
5,1,1.24,1000.0
5,1,1.25,1000.0
5,1,1.26,1000.0
5,1,1.27,1000.0
5,1,1.28,1000.0
5,1,1.29,1000.0
5,1,1.3,1000.0
5,1,1.31,1000.0
5,1,1.32,1000.0
5,1,1.33,1000.0
5,1,1.34,1000.0
5,1,1.35,1000.0
5,1,1.36,1000.0
5,1,1.37,1000.0
5,1,1.38,1000.0
5,1,1.39,1000.0
5,1,1.4,1000.0
5,1,1.41,1000.0
5,1,1.42,1000.0
5,1,1.43,1000.0
5,1,1.44,1000.0
5,1,1.45,1000.0
5,1,1.46,1000.0
5,1,1.47,1000.0
5,1,1.48,1000.0
5,1,1.49,1000.0
5,1,1.5,1000.0
5,1,1.51,1000.0
5,1,1.52,1000.0
5,1,1.53,1000.0
5,1,1.54,1000.0
5,1,1.55,1000.0
5,1,1.56,1000.0
5,1,1.57,1000.0
5,1,1.58,1000.0
5,1,1.59,1000.0
5,1,1.6,1000.0
5,1,1.61,1000.0
5,1,1.62,1000.0
5,1,1.63,1000.0
5,1,1.64,1000.0
5,1,1.65,1000.0
5,1,1.66,1000.0
5,1,1.67,1000.0
5,1,1.68,1000.0
5,1,1.69,1000.0
5,1,1.7,1000.0
5,1,1.71,1000.0
5,1,1.72,1000.0
5,1,1.73,1000.0
5,1,1.74,1000.0
5,1,1.75,1000.0
5,1,1.76,1000.0
5,1,1.77,1000.0
5,1,1.78,1000.0
5,1,1.79,1000.0
5,1,1.8,1000.0
5,1,1.81,1000.0
5,1,1.82,1000.0
5,1,1.83,1000.0
5,1,1.84,1000.0
5,1,1.85,1000.0
5,1,1.86,1000.0
5,1,1.87,1000.0
5,1,1.88,1000.0
5,1,1.89,1000.0
5,1,1.9,1000.0
5,1,1.91,1000.0
5,1,1.92,1000.0
5,1,1.93,1000.0
5,1,1.94,1000.0
5,1,1.95,1000.0
5,1,1.96,1000.0
5,1,1.97,1000.0
5,1,1.98,1000.0
5,1,1.99,1000.0
5,1,2.0,1000.0
5,2,-2.0,3.4221644153393864
5,2,-1.99,3.406723938660495
5,2,-1.98,3.3912286118254915
5,2,-1.97,3.3756764532697856
5,2,-1.96,3.3600654730480546
5,2,-1.95,3.344393673173035
5,2,-1.94,3.3286590479997327
5,2,-1.93,3.3128595846619633
5,2,-1.92,3.2969932635692922
5,2,-1.91,3.281058058973826
5,2,-1.9,3.265051939617564
5,2,-1.89,3.248972869472885
5,2,-1.88,3.232818808590404
5,2,-1.87,3.216587714070579
5,2,-1.86,3.2002775411777797
5,2,-1.85,3.183886244617967
5,2,-1.84,3.1674117800039987
5,2,-1.83,3.150852105535667
5,2,-1.82,3.134205183924862
5,2,-1.81,3.1174689845998134
5,2,-1.8,3.100641486226336
5,2,-1.79,3.083720679587931
5,2,-1.78,3.0667045708708978
5,2,-1.77,3.0495911854049953
5,2,-1.76,3.032378571914449
5,2,-1.75,3.015064807338562
5,2,-1.74,2.99764800228509
5,2,-1.73,2.9801263071831747
5,2,-1.72,2.962497919205656
5,2,-1.71,2.9447610900323937
5,2,-1.7,2.926914134526964
5,2,-1.69,2.9089554403979117
5,2,-1.68,2.8908834789123588
5,2,-1.67,2.872696816723581
5,2,-1.66,2.8543941288645396
5,2,-1.65,2.835974212945505
5,2,-1.64,2.817436004575376
5,2,-1.63,2.798778594001907
5,2,-1.62,2.780001243935535
5,2,-1.61,2.761103408483965
5,2,-1.6,2.7420847530793733
5,2,-1.59,2.722945175227532
5,2,-1.58,2.703684825847402
5,2,-1.57,2.684304130902092
5,2,-1.56,2.6648038129482647
5,2,-1.55,2.6451849121528728
5,2,-1.54,2.62544880624639
5,2,-1.53,2.6055972288039007
5,2,-1.52,2.5856322851737428
5,2,-1.51,2.565556465314216
5,2,-1.5,2.545372652757323
5,2,-1.49,2.5250841289024346
5,2,-1.48,2.5046945718586526
5,2,-1.47,2.4842080491091685
5,2,-1.46,2.463629003370008
5,2,-1.45,2.44296223116234
5,2,-1.44,2.422212853813458
5,2,-1.43,2.4013862808439135
5,2,-1.42,2.380488165980337
5,2,-1.41,2.3595243563444392
5,2,-1.4,2.338500835692752
5,2,-1.39,2.3174236629001066
5,2,-1.38,2.296298907170664
5,2,-1.37,2.2751325817013224
5,2,-1.36,2.2539305776921377
5,2,-1.35,2.23269860067956
5,2,-1.34,2.21144211114879
5,2,-1.33,2.190166271256867
5,2,-1.32,2.168875899272517
5,2,-1.31,2.147575433024355
5,2,-1.3,2.126268903266265
5,2,-1.29,2.1049599174434426
5,2,-1.28,2.083651653903648
5,2,-1.27,2.062346866175417
5,2,-1.26,2.041047896554775
5,2,-1.25,2.019756697926633
5,2,-1.24,1.9984748625114075
5,2,-1.23,1.9772036560791773
5,2,-1.22,1.9559440561128836
5,2,-1.21,1.9346967924221834
5,2,-1.2,1.9134623887989493
5,2,-1.19,1.8922412044489187
5,2,-1.18,1.8710334741150365
5,2,-1.17,1.849839346010437
5,2,-1.16,1.8286589168874101
5,2,-1.15,1.8074922637709536
5,2,-1.14,1.7863394720717247
5,2,-1.13,1.7652006599569796
5,2,-1.12,1.7440759989954824
5,2,-1.11,1.7229657312021915
5,2,-1.1,1.7018701826914682
5,2,-1.09,1.6807897742055549
5,2,-1.08,1.6597250288212346
5,2,-1.07,1.6386765771553062
5,2,-1.06,1.6176451603924713
5,2,-1.05,1.596631631450684
5,2,-1.04,1.5756369545822817
5,2,-1.03,1.5546622036870053
5,2,-1.02,1.5337085595873041
5,2,-1.01,1.512777306489405
5,2,-1.0,1.4918698278263764
5,2,-0.99,1.4709876016532373
5,2,-0.98,1.4501321957395172
5,2,-0.97,1.429305262482098
5,2,-0.96,1.4085085337409027
5,2,-0.95,1.3877438156820132
5,2,-0.94,1.3670129836972615
5,2,-0.93,1.3463179774559126
5,2,-0.92,1.3256607961327516
5,2,-0.91,1.3050434938474498
5,2,-0.9,1.2844681753422895
5,2,-0.89,1.2639369919190595
5,2,-0.88,1.243452137650888
5,2,-0.87,1.2230158458808713
5,2,-0.86,1.2026303860163867
5,2,-0.85,1.1822980606257263
5,2,-0.84,1.162021202842193
5,2,-0.83,1.1418021740797202
5,2,-0.82,1.1216433620634578
5,2,-0.81,1.1015471791785416
5,2,-0.8,1.0815160611401322
5,2,-0.79,1.0615524659880349
5,2,-0.78,1.04165887340939
5,2,-0.77,1.0218377843932331
5,2,-0.76,1.0020917212210496
5,2,-0.75,0.9824232277976906
5,2,-0.74,0.9628348703271654
5,2,-0.73,0.9433292383379318
5,2,-0.72,0.9239089460621783
5,2,-0.71,0.9045766341733185
5,2,-0.7,0.8853349718854571
5,2,-0.69,0.8661866594179066
5,2,-0.68,0.8471344308269007
5,2,-0.67,0.8281810572056413
5,2,-0.66,0.8093293502526049
5,2,-0.65,0.7905821662068755
5,2,-0.64,0.7719424101485414
5,2,-0.63,0.7534130406621391
5,2,-0.62,0.7349970748629918
5,2,-0.61,0.71669759379145
5,2,-0.6,0.6985177481915686
5,2,-0.59,0.6804607647134231
5,2,-0.58,0.6625299526204175
5,2,-0.57,0.6447287111571978
5,2,-0.56,0.6270605378569112
5,2,-0.55,0.6095290382505438
5,2,-0.54,0.5921379376558753
5,2,-0.53,0.5748910957824461
5,2,-0.52,0.5577925241783629
5,2,-0.51,0.5408464036817486
5,2,-0.5,0.5240570925222261
5,2,-0.49,0.5074291086295601
5,2,-0.48,0.49096707743378115
5,2,-0.47,0.4746756731000986
5,2,-0.46,0.4585596111221207
5,2,-0.45,0.44262371434475334
5,2,-0.44,0.4268730170839341
5,2,-0.43,0.4113128821849524
5,2,-0.42,0.3959491396417209
5,2,-0.41,0.3807881454685075
5,2,-0.4,0.36583638873915897
5,2,-0.39,0.35109976646894636
5,2,-0.38,0.33658368265432564
5,2,-0.37,0.32229377287986927
5,2,-0.36,0.3082361702037511
5,2,-0.35,0.29441740091814234
5,2,-0.34,0.28084426050916095
5,2,-0.33,0.2675237452072615
5,2,-0.32,0.2544630185094968
5,2,-0.31,0.2416693927067519
5,2,-0.3,0.22915031584830917
5,2,-0.29,0.2169133602980803
5,2,-0.28,0.20496621146850535
5,2,-0.27,0.19331665628082478
5,2,-0.26,0.18197257127898084
5,2,-0.25,0.17094191047894966
5,2,-0.24,0.1602326931046762
5,2,-0.23,0.14985299139827166
5,2,-0.22,0.13981091871537746
5,2,-0.21,0.13011461813383443
5,2,-0.2,0.12077225181779956
5,2,-0.19,0.11179199139125405
5,2,-0.18,0.10318200958511146
5,2,-0.17,0.09495047343138541
5,2,-0.16,0.08710553928700429
5,2,-0.15,0.0796553499802638
5,2,-0.14,0.0726080343871371
5,2,-0.13,0.06597170976739523
5,2,-0.12,0.05975448723097173
5,2,-0.11,0.05396448078233927
5,2,-0.1,0.04860982054660254
5,2,-0.09,0.0436986711108682
5,2,-0.08,0.039239256644973755
5,2,-0.07,0.035239896154967754
5,2,-0.06,0.03170905628288136
5,2,-0.05,0.028655439124106244
5,2,-0.04,0.026088147835707964
5,2,-0.03,0.024017035817606634
5,2,-0.02,0.02245349573734605
5,2,-0.01,0.02141230912079315
5,2,0.0,0.020915482849303117
5,2,0.01,0.02098467452293186
5,2,0.02,0.02161934244358081
5,2,0.03,0.022818773520362007
5,2,0.04,0.024589838895399032
5,2,0.05,0.026943344808436527
5,2,0.06,0.029892380366168092
5,2,0.07,0.033451740055690446
5,2,0.08,0.03763780524549578
5,2,0.09,0.04246863442718315
5,2,0.1,0.0479641638219933
5,2,0.11,0.054146484751985156
5,2,0.12,0.06104019169603234
5,2,0.13,0.06867280774078155
5,2,0.14,0.07707530148393284
5,2,0.15,0.08628271496492379
5,2,0.16,0.09633492717156414
5,2,0.17,0.10727758231839475
5,2,0.18,0.1191632159204909
5,2,0.19,0.1320526134231274
5,2,0.2,0.14601643340098217
5,2,0.21,0.1611371159982292
5,2,0.22,0.17751107062069965
5,2,0.23,0.19525108438834285
5,2,0.24,0.21448879879390098
5,2,0.25,0.2353769442990509
5,2,0.26,0.25809077278875864
5,2,0.27,0.2828277543997413
5,2,0.28,0.30980408384779445
5,2,0.29,0.33924587703593356
5,2,0.3,0.37137220650423935
5,2,0.31,0.4063665320811424
5,2,0.32,0.4443330521481494
5,2,0.33,0.48523578603431206
5,2,0.34,0.5288223713247105
5,2,0.35,0.574544704825822
5,2,0.36,0.6215058007653542
5,2,0.37,0.6684808589166139
5,2,0.38,0.7140666459118897
5,2,0.39,0.7569781368773334
5,2,0.4,0.7964222452168982
5,2,0.41,0.8323918681550381
5,2,0.42,0.8657386583382275
5,2,0.43,0.8980210610291958
5,2,0.44,0.9312774270833155
5,2,0.45,0.9679383644119013
5,2,0.46,1.01111176511432
5,2,0.47,1.0656639391114648
5,2,0.48,1.1414699853808068
5,2,0.49,1.2644951748005762
5,2,0.5,1.522141814473705
5,2,0.51,2.154372225448598
5,2,0.52,3.335781074055399
5,2,0.53,1243.1111088416305
5,2,0.54,1.3593611352106891
5,2,0.55,1000.0
5,2,0.56,1000.0
5,2,0.57,1000.0
5,2,0.58,1000.0
5,2,0.59,1000.0
5,2,0.6,1000.0
5,2,0.61,1000.0
5,2,0.62,1000.0
5,2,0.63,1000.0
5,2,0.64,1000.0
5,2,0.65,1000.0
5,2,0.66,1000.0
5,2,0.67,1000.0
5,2,0.68,1000.0
5,2,0.69,1000.0
5,2,0.7,1000.0
5,2,0.71,1000.0
5,2,0.72,1000.0
5,2,0.73,1000.0
5,2,0.74,1000.0
5,2,0.75,1000.0
5,2,0.76,1000.0
5,2,0.77,1000.0
5,2,0.78,1000.0
5,2,0.79,1000.0
5,2,0.8,1000.0
5,2,0.81,1000.0
5,2,0.82,1000.0
5,2,0.83,1000.0
5,2,0.84,1000.0
5,2,0.85,1000.0
5,2,0.86,1000.0
5,2,0.87,1000.0
5,2,0.88,1000.0
5,2,0.89,1000.0
5,2,0.9,1000.0
5,2,0.91,1000.0
5,2,0.92,1000.0
5,2,0.93,1000.0
5,2,0.94,1000.0
5,2,0.95,1000.0
5,2,0.96,1000.0
5,2,0.97,1000.0
5,2,0.98,1000.0
5,2,0.99,1000.0
5,2,1.0,1000.0
5,2,1.01,1000.0
5,2,1.02,1000.0
5,2,1.03,1000.0
5,2,1.04,1000.0
5,2,1.05,1000.0
5,2,1.06,1000.0
5,2,1.07,1000.0
5,2,1.08,1000.0
5,2,1.09,1000.0
5,2,1.1,1000.0
5,2,1.11,1000.0
5,2,1.12,1000.0
5,2,1.13,1000.0
5,2,1.14,1000.0
5,2,1.15,1000.0
5,2,1.16,1000.0
5,2,1.17,1000.0
5,2,1.18,1000.0
5,2,1.19,1000.0
5,2,1.2,1000.0
5,2,1.21,1000.0
5,2,1.22,1000.0
5,2,1.23,1000.0
5,2,1.24,1000.0
5,2,1.25,1000.0
5,2,1.26,1000.0
5,2,1.27,1000.0
5,2,1.28,1000.0
5,2,1.29,1000.0
5,2,1.3,1000.0
5,2,1.31,1000.0
5,2,1.32,1000.0
5,2,1.33,1000.0
5,2,1.34,1000.0
5,2,1.35,1000.0
5,2,1.36,1000.0
5,2,1.37,1000.0
5,2,1.38,1000.0
5,2,1.39,1000.0
5,2,1.4,1000.0
5,2,1.41,1000.0
5,2,1.42,1000.0
5,2,1.43,1000.0
5,2,1.44,1000.0
5,2,1.45,1000.0
5,2,1.46,1000.0
5,2,1.47,1000.0
5,2,1.48,1000.0
5,2,1.49,1000.0
5,2,1.5,1000.0
5,2,1.51,1000.0
5,2,1.52,1000.0
5,2,1.53,1000.0
5,2,1.54,1000.0
5,2,1.55,1000.0
5,2,1.56,1000.0
5,2,1.57,1000.0
5,2,1.58,1000.0
5,2,1.59,1000.0
5,2,1.6,1000.0
5,2,1.61,1000.0
5,2,1.62,1000.0
5,2,1.63,1000.0
5,2,1.64,1000.0
5,2,1.65,1000.0
5,2,1.66,1000.0
5,2,1.67,1000.0
5,2,1.68,1000.0
5,2,1.69,1000.0
5,2,1.7,1000.0
5,2,1.71,1000.0
5,2,1.72,1000.0
5,2,1.73,1000.0
5,2,1.74,1000.0
5,2,1.75,1000.0
5,2,1.76,1000.0
5,2,1.77,1000.0
5,2,1.78,1000.0
5,2,1.79,1000.0
5,2,1.8,1000.0
5,2,1.81,1000.0
5,2,1.82,1000.0
5,2,1.83,1000.0
5,2,1.84,1000.0
5,2,1.85,1000.0
5,2,1.86,1000.0
5,2,1.87,1000.0
5,2,1.88,1000.0
5,2,1.89,1000.0
5,2,1.9,1000.0
5,2,1.91,1000.0
5,2,1.92,1000.0
5,2,1.93,1000.0
5,2,1.94,1000.0
5,2,1.95,1000.0
5,2,1.96,1000.0
5,2,1.97,1000.0
5,2,1.98,1000.0
5,2,1.99,1000.0
5,2,2.0,1000.0
5,5,-2.0,6.053461134382942
5,5,-1.99,6.027598759829415
5,5,-1.98,6.0017450136438875
5,5,-1.97,5.975905352500562
5,5,-1.96,5.950085874567325
5,5,-1.95,5.9242932784248135
5,5,-1.94,5.898534816913334
5,5,-1.93,5.872818246415058
5,5,-1.92,5.847151772142153
5,5,-1.91,5.821543990053783
5,5,-1.9,5.796003826066784
5,5,-1.89,5.770540473252979
5,5,-1.88,5.745163327731628
5,5,-1.87,5.719881923967593
5,5,-1.86,5.694705870174464
5,5,-1.85,5.669644784499043
5,5,-1.84,5.644708232629096
5,5,-1.83,5.619905667422432
5,5,-1.82,5.595246371103199
5,5,-1.81,5.570739400512928
5,5,-1.8,5.546393535840218
5,5,-1.79,5.522217233186573
5,5,-1.78,5.498218581257778
5,5,-1.77,5.474405262401641
5,5,-1.76,5.450784518145719
5,5,-1.75,5.427363119323508
5,5,-1.74,5.40414734081564
5,5,-1.73,5.381142940874471
5,5,-1.72,5.358355144947219
5,5,-1.71,5.335788633864295
5,5,-1.7,5.313447536216716
5,5,-1.69,5.291335424709136
5,5,-1.68,5.269455316243872
5,5,-1.67,5.2478096754652945
5,5,-1.66,5.226400421474519
5,5,-1.65,5.205228937409554
5,5,-1.64,5.184296082577228
5,5,-1.63,5.1636022068190455
5,5,-1.62,5.143147166793409
5,5,-1.61,5.1229303438614355
5,5,-1.6,5.102950663271898
5,5,-1.59,5.0832066143520285
5,5,-1.58,5.0636962714256954
5,5,-1.57,5.044417315196393
5,5,-1.56,5.02536705435125
5,5,-1.55,5.006542447161438
5,5,-1.54,4.987940122875162
5,5,-1.53,4.969556402720047
5,5,-1.52,4.951387320353092
5,5,-1.51,4.933428641617108
5,5,-1.5,4.915675883483054
5,5,-1.49,4.898124332077473
5,5,-1.48,4.880769059713127
5,5,-1.47,4.863604940858925
5,5,-1.46,4.846626667001944
5,5,-1.45,4.829828760370198
5,5,-1.44,4.81320558649913
5,5,-1.43,4.796751365638201
5,5,-1.42,4.780460183006029
5,5,-1.41,4.764325997913523
5,5,-1.4,4.7483426517844665
5,5,-1.39,4.732503875111748
5,5,-1.38,4.716803293395529
5,5,-1.37,4.701234432116751
5,5,-1.36,4.685790720805614
5,5,-1.35,4.670465496270396
5,5,-1.34,4.65525200505683
5,5,-1.33,4.640143405212622
5,5,-1.32,4.625132767435546
5,5,-1.31,4.610213075686754
5,5,-1.3,4.595377227353589
5,5,-1.29,4.5806180330483866
5,5,-1.28,4.565928216131251
5,5,-1.27,4.551300412045514
5,5,-1.26,4.536727167554727
5,5,-1.25,4.522200939968845
5,5,-1.24,4.507714096445327
5,5,-1.23,4.493258913447193
5,5,-1.22,4.478827576434847
5,5,-1.21,4.464412179861349
5,5,-1.2,4.450004727530921
5,5,-1.19,4.435597133368147
5,5,-1.18,4.421181222629251
5,5,-1.17,4.406748733567096
5,5,-1.16,4.392291319536995
5,5,-1.15,4.3778005515009
5,5,-1.14,4.363267920851774
5,5,-1.13,4.348684842437513
5,5,-1.12,4.334042657613871
5,5,-1.11,4.319332637097158
5,5,-1.1,4.3045459833198105
5,5,-1.09,4.289673831913665
5,5,-1.08,4.274707251856631
5,5,-1.07,4.25963724371685
5,5,-1.06,4.244454735314355
5,5,-1.05,4.229150573991692
5,5,-1.04,4.213715514542148
5,5,-1.03,4.198140201685355
5,5,-1.02,4.182415145804868
5,5,-1.01,4.1665306904691946
5,5,-1.0,4.15047697004642
5,5,-0.99,4.13424385549083
5,5,-0.98,4.117820886127275
5,5,-0.97,4.101197184982781
5,5,-0.96,4.084361354913583
5,5,-0.95,4.06730135244561
5,5,-0.94,4.050004335883489
5,5,-0.93,4.0324564838403925
5,5,-0.92,4.014642779886789
5,5,-0.91,3.9965467584899237
5,5,-0.9,3.9781502067787735
5,5,-0.89,3.9594328158475918
5,5,-0.88,3.9403717741640465
5,5,-0.87,3.920941293904877
5,5,-0.86,3.901112058191252
5,5,-0.85,3.8808505722727227
5,5,-0.84,3.860118392920781
5,5,-0.83,3.838871194345624
5,5,-0.82,3.8170575998755027
5,5,-0.81,3.794617655812362
5,5,-0.8,3.771480728810186
5,5,-0.79,3.747562439651638
5,5,-0.78,3.7227599544885224
5,5,-0.77,3.696944466215641
5,5,-0.76,3.669948924650653
5,5,-0.75,3.641547957483433
5,5,-0.74,3.6114255735293748
5,5,-0.73,3.5791250693279317
5,5,-0.72,3.5439740991703936
5,5,-0.71,3.5049641468538897
5,5,-0.7,3.460466854633286
5,5,-0.69,3.407354621698242
5,5,-0.68,3.340427754687782
5,5,-0.67,3.265577816140104
5,5,-0.66,3.20757056445496
5,5,-0.65,3.165845146376345
5,5,-0.64,3.1304866591905127
5,5,-0.63,3.097331266338964
5,5,-0.62,3.0648069002116682
5,5,-0.61,3.032212471993489
5,5,-0.6,2.9991848877451055
5,5,-0.59,2.9655092683088986
5,5,-0.58,2.931040772386348
5,5,-0.57,2.8956684957242302
5,5,-0.56,2.8592967879313256
5,5,-0.55,2.821834405859367
5,5,-0.54,2.783187662291362
5,5,-0.53,2.7432560749507187
5,5,-0.52,2.7019300204490397
5,5,-0.51,2.6590903145007263
5,5,-0.5,2.614609756387892
5,5,-0.49,2.5683565826479486
5,5,-0.48,2.5201994919672375
5,5,-0.47,2.4700134241267087
5,5,-0.46,2.417684562035037
5,5,-0.45,2.363112062172638
5,5,-0.44,2.306202933009109
5,5,-0.43,2.246855382704661
5,5,-0.42,2.1849244355888797
5,5,-0.41,2.1201599031790908
5,5,-0.4,2.0520960191280624
5,5,-0.39,1.9798441390706905
5,5,-0.38,1.901695387624161
5,5,-0.37,1.8146442923263462
5,5,-0.36,1.716334006825326
5,5,-0.35,1.6155555291503554
5,5,-0.34,1.5283830450561962
5,5,-0.33,1.4534410879618986
5,5,-0.32,1.3844666036378146
5,5,-0.31,1.318815394967624
5,5,-0.3,1.25544957462288
5,5,-0.29,1.1938633055881807
5,5,-0.28,1.1337733030689112
5,5,-0.27,1.0749795584545134
5,5,-0.26,1.0172855090543422
5,5,-0.25,0.960465079799275
5,5,-0.24,0.9042713806197945
5,5,-0.23,0.8484780957268467
5,5,-0.22,0.7929397036260847
5,5,-0.21,0.7376512701725043
5,5,-0.2,0.6827849139443709
5,5,-0.19,0.6286827847123136
5,5,-0.18,0.5757991457921317
5,5,-0.17,0.52460441124519
5,5,-0.16,0.47548207454064245
5,5,-0.15,0.4286546181849492
5,5,-0.14,0.3841631434777353
5,5,-0.13,0.3419036800733207
5,5,-0.12,0.3017013001001876
5,5,-0.11,0.2633896935399212
5,5,-0.1,0.22686634855304363
5,5,-0.09,0.19211919271970726
5,5,-0.08,0.15925716325882194
5,5,-0.07,0.1285765529108544
5,5,-0.06,0.10062547136697945
5,5,-0.05,0.07615935479314775
5,5,-0.04,0.055930871820137944
5,5,-0.03,0.040415028652150464
5,5,-0.02,0.029655816526964383
5,5,-0.01,0.023322117876283584
5,5,0.0,0.020895430727674334
5,5,0.01,0.02184197336872448
5,5,0.02,0.02569481260722539
5,5,0.03,0.03210757548557239
5,5,0.04,0.0408538393123062
5,5,0.05,0.05180220211823708
5,5,0.06,0.06489438724314285
5,5,0.07,0.08012998453156986
5,5,0.08,0.09755716975896292
5,5,0.09,0.11726745491954547
5,5,0.1,0.1393922732154087
5,5,0.11,0.16409930848984886
5,5,0.12,0.19158684090634903
5,5,0.13,0.22207536471859946
5,5,0.14,0.2557980828673897
5,5,0.15,0.29299654449641105
5,5,0.16,0.3339355412129931
5,5,0.17,0.3789635488867648
5,5,0.18,0.4286666016308233
5,5,0.19,0.48422040349410383
5,5,0.2,0.5482626377402228
5,5,0.21,0.6277241268123886
5,5,0.22,0.7495449240841271
5,5,0.23,1.3836171530665935
5,5,0.24,1000.0
5,5,0.25,1000.0
5,5,0.26,1000.0
5,5,0.27,1000.0
5,5,0.28,3.6850550127181707
5,5,0.29,4.43638414093106
5,5,0.3,4.616258783844392
5,5,0.31,3.8507511113935164
5,5,0.32,3.2444692450391766
5,5,0.33,3.0790699708142153
5,5,0.34,4.190058575455403
5,5,0.35,3.14855765763413
5,5,0.36,1000.0
5,5,0.37,4.815811530820415
5,5,0.38,1000.0
5,5,0.39,4.239738968663956
5,5,0.4,1000.0
5,5,0.41,7.8266246915949305
5,5,0.42,1000.0
5,5,0.43,1000.0
5,5,0.44,1000.0
5,5,0.45,5.938124635985909
5,5,0.46,1000.0
5,5,0.47,1000.0
5,5,0.48,6.171528085703043
5,5,0.49,1000.0
5,5,0.5,1000.0
5,5,0.51,1000.0
5,5,0.52,1000.0
5,5,0.53,1000.0
5,5,0.54,1000.0
5,5,0.55,1000.0
5,5,0.56,1000.0
5,5,0.57,1000.0
5,5,0.58,1000.0
5,5,0.59,1000.0
5,5,0.6,1000.0
5,5,0.61,1000.0
5,5,0.62,1000.0
5,5,0.63,1000.0
5,5,0.64,1000.0
5,5,0.65,1000.0
5,5,0.66,1000.0
5,5,0.67,1000.0
5,5,0.68,1000.0
5,5,0.69,1000.0
5,5,0.7,1000.0
5,5,0.71,1000.0
5,5,0.72,1000.0
5,5,0.73,1000.0
5,5,0.74,1000.0
5,5,0.75,1000.0
5,5,0.76,1000.0
5,5,0.77,1000.0
5,5,0.78,1000.0
5,5,0.79,1000.0
5,5,0.8,1000.0
5,5,0.81,1000.0
5,5,0.82,1000.0
5,5,0.83,1000.0
5,5,0.84,1000.0
5,5,0.85,1000.0
5,5,0.86,1000.0
5,5,0.87,1000.0
5,5,0.88,1000.0
5,5,0.89,1000.0
5,5,0.9,1000.0
5,5,0.91,1000.0
5,5,0.92,1000.0
5,5,0.93,1000.0
5,5,0.94,1000.0
5,5,0.95,1000.0
5,5,0.96,1000.0
5,5,0.97,1000.0
5,5,0.98,1000.0
5,5,0.99,1000.0
5,5,1.0,1000.0
5,5,1.01,1000.0
5,5,1.02,1000.0
5,5,1.03,1000.0
5,5,1.04,1000.0
5,5,1.05,1000.0
5,5,1.06,1000.0
5,5,1.07,1000.0
5,5,1.08,1000.0
5,5,1.09,1000.0
5,5,1.1,1000.0
5,5,1.11,1000.0
5,5,1.12,1000.0
5,5,1.13,1000.0
5,5,1.14,1000.0
5,5,1.15,1000.0
5,5,1.16,1000.0
5,5,1.17,1000.0
5,5,1.18,1000.0
5,5,1.19,1000.0
5,5,1.2,1000.0
5,5,1.21,1000.0
5,5,1.22,1000.0
5,5,1.23,1000.0
5,5,1.24,1000.0
5,5,1.25,1000.0
5,5,1.26,1000.0
5,5,1.27,1000.0
5,5,1.28,1000.0
5,5,1.29,1000.0
5,5,1.3,1000.0
5,5,1.31,1000.0
5,5,1.32,1000.0
5,5,1.33,1000.0
5,5,1.34,1000.0
5,5,1.35,1000.0
5,5,1.36,1000.0
5,5,1.37,1000.0
5,5,1.38,1000.0
5,5,1.39,1000.0
5,5,1.4,1000.0
5,5,1.41,1000.0
5,5,1.42,1000.0
5,5,1.43,1000.0
5,5,1.44,1000.0
5,5,1.45,1000.0
5,5,1.46,1000.0
5,5,1.47,1000.0
5,5,1.48,1000.0
5,5,1.49,1000.0
5,5,1.5,1000.0
5,5,1.51,1000.0
5,5,1.52,1000.0
5,5,1.53,1000.0
5,5,1.54,1000.0
5,5,1.55,1000.0
5,5,1.56,1000.0
5,5,1.57,1000.0
5,5,1.58,1000.0
5,5,1.59,1000.0
5,5,1.6,1000.0
5,5,1.61,1000.0
5,5,1.62,1000.0
5,5,1.63,1000.0
5,5,1.64,1000.0
5,5,1.65,1000.0
5,5,1.66,1000.0
5,5,1.67,1000.0
5,5,1.68,1000.0
5,5,1.69,1000.0
5,5,1.7,1000.0
5,5,1.71,1000.0
5,5,1.72,1000.0
5,5,1.73,1000.0
5,5,1.74,1000.0
5,5,1.75,1000.0
5,5,1.76,1000.0
5,5,1.77,1000.0
5,5,1.78,1000.0
5,5,1.79,1000.0
5,5,1.8,1000.0
5,5,1.81,1000.0
5,5,1.82,1000.0
5,5,1.83,1000.0
5,5,1.84,1000.0
5,5,1.85,1000.0
5,5,1.86,1000.0
5,5,1.87,1000.0
5,5,1.88,1000.0
5,5,1.89,1000.0
5,5,1.9,1000.0
5,5,1.91,1000.0
5,5,1.92,1000.0
5,5,1.93,1000.0
5,5,1.94,1000.0
5,5,1.95,1000.0
5,5,1.96,1000.0
5,5,1.97,1000.0
5,5,1.98,1000.0
5,5,1.99,1000.0
5,5,2.0,1000.0
5,10,-2.0,7.311928069722882
5,10,-1.99,7.265198833451831
5,10,-1.98,7.218567840374228
5,10,-1.97,7.172093958036003
5,10,-1.96,7.1258116303833745
5,10,-1.95,7.079732293526294
5,10,-1.94,7.033847159743022
5,10,-1.93,6.988130822254635
5,10,-1.92,6.942545211503899
5,10,-1.91,6.897043560188014
5,10,-1.9,6.851574166455021
5,10,-1.89,6.8060838563579065
5,10,-1.88,6.760521126505605
5,10,-1.87,6.714838994412623
5,10,-1.86,6.668997601058961
5,10,-1.85,6.622966603247884
5,10,-1.84,6.576727368381255
5,10,-1.83,6.53027494713744
5,10,-1.82,6.483619756587141
5,10,-1.81,6.436788865024053
5,10,-1.8,6.3898267391221175
5,10,-1.79,6.342795303556263
5,10,-1.78,6.2957731813205955
5,10,-1.77,6.248854033974415
5,10,-1.76,6.202144002361431
5,10,-1.75,6.15575834901041
5,10,-1.74,6.109817505217349
5,10,-1.73,6.064442807404598
5,10,-1.72,6.019752250394673
5,10,-1.71,5.975856580080402
5,10,-1.7,5.932855996639169
5,10,-1.69,5.890837654500615
5,10,-1.68,5.849874045339892
5,10,-1.67,5.810022254286965
5,10,-1.66,5.771324001730165
5,10,-1.65,5.733806331239149
5,10,-1.64,5.697482779367982
5,10,-1.63,5.662354861700379
5,10,-1.62,5.628413725145806
5,10,-1.61,5.595641842266542
5,10,-1.6,5.564014653197439
5,10,-1.59,5.5335020899109315
5,10,-1.58,5.504069943272076
5,10,-1.57,5.475681054095715
5,10,-1.56,5.448296324955425
5,10,-1.55,5.421875560208251
5,10,-1.54,5.396378148370546
5,10,-1.53,5.371763604506055
5,10,-1.52,5.3479919915284455
5,10,-1.51,5.32502423901552
5,10,-1.5,5.302822376868866
5,10,-1.49,5.281349699370932
5,10,-1.48,5.260570873199368
5,10,-1.47,5.240452000961401
5,10,-1.46,5.220960649932503
5,10,-1.45,5.202065853991453
5,10,-1.44,5.183738095265302
5,10,-1.43,5.165949270735481
5,10,-1.42,5.148672647998014
5,10,-1.41,5.131882813496007
5,10,-1.4,5.115555615827753
5,10,-1.39,5.099668106155404
5,10,-1.38,5.084198477275173
5,10,-1.37,5.069126002539822
5,10,-1.36,5.0544309755317505
5,10,-1.35,5.040094651154396
5,10,-1.34,5.026099188629844
5,10,-1.33,5.01242759675054
5,10,-1.32,4.999063681625514
5,10,-1.31,4.985991997079031
5,10,-1.3,4.9731977977973125
5,10,-1.29,4.960666995272598
5,10,-1.28,4.9483861165592415
5,10,-1.27,4.936342265831794
5,10,-1.26,4.92452308871728
5,10,-1.25,4.912916739361318
5,10,-1.24,4.901511850179134
5,10,-1.23,4.890297504236353
5,10,-1.22,4.879263210199629
5,10,-1.21,4.868398879793193
5,10,-1.2,4.85769480769261
5,10,-1.19,4.847141653781999
5,10,-1.18,4.836730427693578
5,10,-1.17,4.826452475539461
5,10,-1.16,4.816299468733527
5,10,-1.15,4.806263394786226
5,10,-1.14,4.796336549936403
5,10,-1.13,4.786511533461712
5,10,-1.12,4.776781243482232
5,10,-1.11,4.767138874040839
5,10,-1.1,4.757577913208151
5,10,-1.09,4.74809214192014
5,10,-1.08,4.738675633212415
5,10,-1.07,4.7293227514679685
5,10,-1.06,4.7200281512452005
5,10,-1.05,4.7107867752012815
5,10,-1.04,4.701593850574152
5,10,-1.03,4.69244488363623
5,10,-1.02,4.6833356514860975
5,10,-1.01,4.674262190504141
5,10,-1.0,4.665220780766331
5,10,-0.99,4.656207925691279
5,10,-0.98,4.647220326191946
5,10,-0.97,4.6382548486195105
5,10,-0.96,4.62930848582646
5,10,-0.95,4.620378310743633
5,10,-0.94,4.611461421965584
5,10,-0.93,4.602554880975294
5,10,-0.92,4.593655640816585
5,10,-0.91,4.584760466245925
5,10,-0.9,4.575865845668085
5,10,-0.89,4.566967895487554
5,10,-0.88,4.558062257892973
5,10,-0.87,4.549143993539865
5,10,-0.86,4.5402074711107225
5,10,-0.85,4.5312462563131515
5,10,-0.84,4.5222530035279105
5,10,-0.83,4.513219354035764
5,10,-0.82,4.504135845528532
5,10,-0.81,4.494991838429123
5,10,-0.8,4.485775465380943
5,10,-0.79,4.476473611073515
5,10,-0.78,4.46707193028126
5,10,-0.77,4.457554912507904
5,10,-0.76,4.447906001814949
5,10,-0.75,4.438107780092189
5,10,-0.74,4.428142220978675
5,10,-0.73,4.417991019602963
5,10,-0.72,4.4076359999945165
5,10,-0.71,4.397059597140545
5,10,-0.7,4.38624540399425
5,10,-0.69,4.375178765167935
5,10,-0.68,4.363847388662763
5,10,-0.67,4.352241935193377
5,10,-0.66,4.340356532256007
5,10,-0.65,4.3281891483261
5,10,-0.64,4.315741753197407
5,10,-0.63,4.303020185639346
5,10,-0.62,4.290033651634287
5,10,-0.61,4.276793787792743
5,10,-0.6,4.263313247057576
5,10,-0.59,4.249603798653365
5,10,-0.58,4.235673981508509
5,10,-0.57,4.221526408970331
5,10,-0.56,4.207154890250552
5,10,-0.55,4.192541607219991
5,10,-0.54,4.17765465901358
5,10,-0.53,4.162446354000482
5,10,-0.52,4.1468526768037295
5,10,-0.51,4.130794366824652
5,10,-0.5,4.1141799832837185
5,10,-0.49,4.096911163379967
5,10,-0.48,4.078889976785447
5,10,-0.47,4.060027826950835
5,10,-0.46,4.040254729682497
5,10,-0.45,4.019527054170341
5,10,-0.44,3.9978311952570835
5,10,-0.43,3.975180552889143
5,10,-0.42,3.951603908824649
5,10,-0.41,3.9271248596114603
5,10,-0.4,3.9017343188866604
5,10,-0.39,3.8753617418434896
5,10,-0.38,3.8478546467414407
5,10,-0.37,3.8189761952098986
5,10,-0.36,3.7884285232051393
5,10,-0.35,3.755905088746434
5,10,-0.34,3.721164196369518
5,10,-0.33,3.684099487359151
5,10,-0.32,3.644768537019421
5,10,-0.31,3.6033399103865857
5,10,-0.3,3.5599454646141866
5,10,-0.29,3.5144814397587956
5,10,-0.28,3.466466843734495
5,10,-0.27,3.415089567371852
5,10,-0.26,3.3594922821893123
5,10,-0.25,3.299162275630413
5,10,-0.24,3.23409748843067
5,10,-0.23,3.164447937962011
5,10,-0.22,3.0897787571944
5,10,-0.21,3.0087654382796605
5,10,-0.2,2.9200353993884387
5,10,-0.19,2.8233720732538097
5,10,-0.18,2.7192819038810634
5,10,-0.17,2.6067458422539516
5,10,-0.16,2.482968447337617
5,10,-0.15,2.346629856307397
5,10,-0.14,2.198339166992367
5,10,-0.13,2.0381870660823984
5,10,-0.12,1.8716231499320641
5,10,-0.11,1.7123093304162742
5,10,-0.1,1.5614318992100178
5,10,-0.09,1.390819722453226
5,10,-0.08,1.1383756563209944
5,10,-0.07,0.8897198767476177
5,10,-0.06,0.706120090663266
5,10,-0.05,0.5527143743739453
5,10,-0.04,0.4092086069937334
5,10,-0.03,0.265477089368174
5,10,-0.02,0.12390277827938233
5,10,-0.01,0.0347964207794412
5,10,0.0,0.01543365226590483
5,10,0.01,0.022179046088740273
5,10,0.02,0.03736378784076433
5,10,0.03,0.057932744811930226
5,10,0.04,0.08346831956535716
5,10,0.05,0.11416584644562643
5,10,0.06,0.15050652232279346
5,10,0.07,0.19325583219063358
5,10,0.08,0.24360577815766998
5,10,0.09,0.30352012964099095
5,10,0.1,0.3765692649502869
5,10,0.11,0.4703020464829033
5,10,0.12,0.6054074722834557
5,10,0.13,0.888822738503754
5,10,0.14,1000.0
5,10,0.15,1000.0
5,10,0.16,1000.0
5,10,0.17,1000.0
5,10,0.18,1000.0
5,10,0.19,1000.0
5,10,0.2,1000.0
5,10,0.21,1000.0
5,10,0.22,1000.0
5,10,0.23,1000.0
5,10,0.24,1000.0
5,10,0.25,1000.0
5,10,0.26,1000.0
5,10,0.27,12.939743065410422
5,10,0.28,1000.0
5,10,0.29,10.99941686500037
5,10,0.3,8.518616374233785
5,10,0.31,1000.0
5,10,0.32,1000.0
5,10,0.33,8.025141149730134
5,10,0.34,1000.0
5,10,0.35,1000.0
5,10,0.36,8.254804123852233
5,10,0.37,1000.0
5,10,0.38,1000.0
5,10,0.39,8.69330932250914
5,10,0.4,1000.0
5,10,0.41,1000.0
5,10,0.42,1000.0
5,10,0.43,1000.0
5,10,0.44,1000.0
5,10,0.45,9.710872807096019
5,10,0.46,1000.0
5,10,0.47,1000.0
5,10,0.48,1000.0
5,10,0.49,1000.0
5,10,0.5,1000.0
5,10,0.51,1000.0
5,10,0.52,1000.0
5,10,0.53,1000.0
5,10,0.54,1000.0
5,10,0.55,1000.0
5,10,0.56,1000.0
5,10,0.57,1000.0
5,10,0.58,1000.0
5,10,0.59,1000.0
5,10,0.6,1000.0
5,10,0.61,1000.0
5,10,0.62,1000.0
5,10,0.63,1000.0
5,10,0.64,1000.0
5,10,0.65,1000.0
5,10,0.66,1000.0
5,10,0.67,1000.0
5,10,0.68,1000.0
5,10,0.69,1000.0
5,10,0.7,1000.0
5,10,0.71,1000.0
5,10,0.72,1000.0
5,10,0.73,1000.0
5,10,0.74,1000.0
5,10,0.75,1000.0
5,10,0.76,1000.0
5,10,0.77,1000.0
5,10,0.78,1000.0
5,10,0.79,1000.0
5,10,0.8,1000.0
5,10,0.81,1000.0
5,10,0.82,1000.0
5,10,0.83,1000.0
5,10,0.84,1000.0
5,10,0.85,1000.0
5,10,0.86,1000.0
5,10,0.87,1000.0
5,10,0.88,1000.0
5,10,0.89,1000.0
5,10,0.9,1000.0
5,10,0.91,1000.0
5,10,0.92,1000.0
5,10,0.93,1000.0
5,10,0.94,1000.0
5,10,0.95,1000.0
5,10,0.96,1000.0
5,10,0.97,1000.0
5,10,0.98,1000.0
5,10,0.99,1000.0
5,10,1.0,1000.0
5,10,1.01,1000.0
5,10,1.02,1000.0
5,10,1.03,1000.0
5,10,1.04,1000.0
5,10,1.05,1000.0
5,10,1.06,1000.0
5,10,1.07,1000.0
5,10,1.08,1000.0
5,10,1.09,1000.0
5,10,1.1,1000.0
5,10,1.11,1000.0
5,10,1.12,1000.0
5,10,1.13,1000.0
5,10,1.14,1000.0
5,10,1.15,1000.0
5,10,1.16,1000.0
5,10,1.17,1000.0
5,10,1.18,1000.0
5,10,1.19,1000.0
5,10,1.2,1000.0
5,10,1.21,1000.0
5,10,1.22,1000.0
5,10,1.23,1000.0
5,10,1.24,1000.0
5,10,1.25,1000.0
5,10,1.26,1000.0
5,10,1.27,1000.0
5,10,1.28,1000.0
5,10,1.29,1000.0
5,10,1.3,1000.0
5,10,1.31,1000.0
5,10,1.32,1000.0
5,10,1.33,1000.0
5,10,1.34,1000.0
5,10,1.35,1000.0
5,10,1.36,1000.0
5,10,1.37,1000.0
5,10,1.38,1000.0
5,10,1.39,1000.0
5,10,1.4,1000.0
5,10,1.41,1000.0
5,10,1.42,1000.0
5,10,1.43,1000.0
5,10,1.44,1000.0
5,10,1.45,1000.0
5,10,1.46,1000.0
5,10,1.47,1000.0
5,10,1.48,1000.0
5,10,1.49,1000.0
5,10,1.5,1000.0
5,10,1.51,1000.0
5,10,1.52,1000.0
5,10,1.53,1000.0
5,10,1.54,1000.0
5,10,1.55,1000.0
5,10,1.56,1000.0
5,10,1.57,1000.0
5,10,1.58,1000.0
5,10,1.59,1000.0
5,10,1.6,1000.0
5,10,1.61,1000.0
5,10,1.62,1000.0
5,10,1.63,1000.0
5,10,1.64,1000.0
5,10,1.65,1000.0
5,10,1.66,1000.0
5,10,1.67,1000.0
5,10,1.68,1000.0
5,10,1.69,1000.0
5,10,1.7,1000.0
5,10,1.71,1000.0
5,10,1.72,1000.0
5,10,1.73,1000.0
5,10,1.74,1000.0
5,10,1.75,1000.0
5,10,1.76,1000.0
5,10,1.77,1000.0
5,10,1.78,1000.0
5,10,1.79,1000.0
5,10,1.8,1000.0
5,10,1.81,1000.0
5,10,1.82,1000.0
5,10,1.83,1000.0
5,10,1.84,1000.0
5,10,1.85,1000.0
5,10,1.86,1000.0
5,10,1.87,1000.0
5,10,1.88,1000.0
5,10,1.89,1000.0
5,10,1.9,1000.0
5,10,1.91,1000.0
5,10,1.92,1000.0
5,10,1.93,1000.0
5,10,1.94,1000.0
5,10,1.95,1000.0
5,10,1.96,1000.0
5,10,1.97,1000.0
5,10,1.98,1000.0
5,10,1.99,1000.0
5,10,2.0,1000.0
5,25,-2.0,7.994206027445867
5,25,-1.99,7.939086136016782
5,25,-1.98,7.881472604250002
5,25,-1.97,7.821142000314977
5,25,-1.96,7.757855124202212
5,25,-1.95,7.691357146214223
5,25,-1.94,7.621376803514145
5,25,-1.93,7.547624373871656
5,25,-1.92,7.469788816142593
5,25,-1.91,7.387536111962483
5,25,-1.9,7.300514436670005
5,25,-1.89,7.2083792618407125
5,25,-1.88,7.110865892447615
5,25,-1.87,7.007958992140762
5,25,-1.86,6.90021949452119
5,25,-1.85,6.789247638308403
5,25,-1.84,6.677951612222622
5,25,-1.83,6.569954091532098
5,25,-1.82,6.4680599719594705
5,25,-1.81,6.373099615973116
5,25,-1.8,6.2841941895554445
5,25,-1.79,6.199820350281369
5,25,-1.78,6.11874134125478
5,25,-1.77,6.040544027974968
5,25,-1.76,5.965765117295146
5,25,-1.75,5.895539426668243
5,25,-1.74,5.830930770260339
5,25,-1.73,5.772424843126349
5,25,-1.72,5.719874094467015
5,25,-1.71,5.672732898102105
5,25,-1.7,5.6303103677574
5,25,-1.69,5.591925919098119
5,25,-1.68,5.556976503793079
5,25,-1.67,5.524953574734303
5,25,-1.66,5.495437809035164
5,25,-1.65,5.468086312587143
5,25,-1.64,5.442618809947729
5,25,-1.63,5.418805267385746
5,25,-1.62,5.396455611535906
5,25,-1.61,5.375411494240525
5,25,-1.6,5.355539814710893
5,25,-1.59,5.336727666298055
5,25,-1.58,5.318878404725611
5,25,-1.57,5.301908585606762
5,25,-1.56,5.285745570595511
5,25,-1.55,5.270325646294032
5,25,-1.54,5.255592536413467
5,25,-1.53,5.241496216218262
5,25,-1.52,5.227991960227095
5,25,-1.51,5.215039570824646
5,25,-1.5,5.2026027480373855
5,25,-1.49,5.190648570210194
5,25,-1.48,5.1791470624516105
5,25,-1.47,5.168070835079793
5,25,-1.46,5.157394778344852
5,25,-1.45,5.147095802759663
5,25,-1.44,5.137152616690688
5,25,-1.43,5.1275455346290535
5,25,-1.42,5.118256310917515
5,25,-1.41,5.109267994754646
5,25,-1.4,5.100564803108574
5,25,-1.39,5.092132008806546
5,25,-1.38,5.083955841565436
5,25,-1.37,5.076023400123283
5,25,-1.36,5.068322573947462
5,25,-1.35,5.060841973248504
5,25,-1.34,5.053570866233661
5,25,-1.33,5.046499122701394
5,25,-1.32,5.039617163214827
5,25,-1.31,5.0329159132050725
5,25,-1.3,5.026386761448793
5,25,-1.29,5.020021522442006
5,25,-1.28,5.013812402257108
5,25,-1.27,5.007751967524137
5,25,-1.26,5.001833117222503
5,25,-1.25,4.996049057007226
5,25,-1.24,4.9903932758246015
5,25,-1.23,4.984859524597885
5,25,-1.22,4.979441796783709
5,25,-1.21,4.974134310615792
5,25,-1.2,4.968931492863788
5,25,-1.19,4.963827963942489
5,25,-1.18,4.958818524209914
5,25,-1.17,4.953898141292181
5,25,-1.16,4.949061938268456
5,25,-1.15,4.9443051825407185
5,25,-1.14,4.93962327520015
5,25,-1.13,4.935011740684639
5,25,-1.12,4.930466216500117
5,25,-1.11,4.925982442751355
5,25,-1.1,4.9215562511958995
5,25,-1.09,4.917183553496822
5,25,-1.08,4.912860328306138
5,25,-1.07,4.908582606760296
5,25,-1.06,4.904346455911285
5,25,-1.05,4.900147959551619
5,25,-1.04,4.895983195817241
5,25,-1.03,4.891848210868772
5,25,-1.02,4.887738987857435
5,25,-1.01,4.883651410275902
5,25,-1.0,4.879581218675125
5,25,-0.99,4.875523959594208
5,25,-0.98,4.871474925399983
5,25,-0.97,4.867429083564183
5,25,-0.96,4.863380993717788
5,25,-0.95,4.859324710612211
5,25,-0.94,4.855253670884665
5,25,-0.93,4.851160561268438
5,25,-0.92,4.847037165605915
5,25,-0.91,4.8428741877058465
5,25,-0.9,4.838661046721253
5,25,-0.89,4.834385641270632
5,25,-0.88,4.830034077895573
5,25,-0.87,4.825590358454752
5,25,-0.86,4.82103601931386
5,25,-0.85,4.816349711940531
5,25,-0.84,4.811506708282905
5,25,-0.83,4.8064783023255915
5,25,-0.82,4.801231056370508
5,25,-0.81,4.795725797703959
5,25,-0.8,4.789916192382524
5,25,-0.79,4.783746581120007
5,25,-0.78,4.777148515662672
5,25,-0.77,4.77003502401196
5,25,-0.76,4.762290998162308
5,25,-0.75,4.753757235028066
5,25,-0.74,4.744204780869233
5,25,-0.73,4.73329592267786
5,25,-0.72,4.720528138088638
5,25,-0.71,4.705144609887301
5,25,-0.7,4.685886239031953
5,25,-0.69,4.659994138538086
5,25,-0.68,4.620401331673198
5,25,-0.67,4.544442316667672
5,25,-0.66,4.35843766323209
5,25,-0.65,4.341789420974381
5,25,-0.64,4.368515736446507
5,25,-0.63,4.387026694124983
5,25,-0.62,4.400551583807619
5,25,-0.61,4.410555591828194
5,25,-0.6,4.417860310805408
5,25,-0.59,4.423117519049184
5,25,-0.58,4.426815706245018
5,25,-0.57,4.4292920232816675
5,25,-0.56,4.430768726366225
5,25,-0.55,4.431388772014575
5,25,-0.54,4.431241970287691
5,25,-0.53,4.430382404916998
5,25,-0.52,4.428839970498254
5,25,-0.51,4.426628506478726
5,25,-0.5,4.423752147475585
5,25,-0.49,4.4202107223299105
5,25,-0.48,4.416004406275671
5,25,-0.47,4.411137353261329
5,25,-0.46,4.405619688382817
5,25,-0.45,4.399467043975422
5,25,-0.44,4.392696935316307
5,25,-0.43,4.385321859959713
5,25,-0.42,4.377339987544146
5,25,-0.41,4.368725332835506
5,25,-0.4,4.359420070463332
5,25,-0.39,4.34933276710692
5,25,-0.38,4.338347208634232
5,25,-0.37,4.326343695560939
5,25,-0.36,4.313230150431198
5,25,-0.35,4.298975003056421
5,25,-0.34,4.283625782791449
5,25,-0.33,4.267292264578416
5,25,-0.32,4.250080292477699
5,25,-0.31,4.231987193196965
5,25,-0.3,4.212804776436562
5,25,-0.29,4.192102053725714
5,25,-0.28,4.1693529691561695
5,25,-0.27,4.144204312975986
5,25,-0.26,4.116726337289874
5,25,-0.25,4.087348861376578
5,25,-0.24,4.056327649288815
5,25,-0.23,4.023114030200438
5,25,-0.22,3.986438910984635
5,25,-0.21,3.9455053958827384
5,25,-0.2,3.9010506708903434
5,25,-0.19,3.8540197302777535
5,25,-0.18,3.802976412414022
5,25,-0.17,3.745455079812452
5,25,-0.16,3.682314004325067
5,25,-0.15,3.6146695241032285
5,25,-0.14,3.539272867597767
5,25,-0.13,3.4563617641908695
5,25,-0.12,3.365496385868778
5,25,-0.11,3.2613242241124856
5,25,-0.1,3.141377705169659
5,25,-0.09,2.994493270245924
5,25,-0.08,2.198729905598164
5,25,-0.07,1.8878246566581498
5,25,-0.06,1.6834286121097461
5,25,-0.05,1.4669596249974082
5,25,-0.04,1.214922310268439
5,25,-0.03,0.9149167596445147
5,25,-0.02,0.561719037362842
5,25,-0.01,0.20263286048088122
5,25,0.0,0.020700188701984125
5,25,0.01,0.26601060725269493
5,25,0.02,0.6061527621305658
5,25,0.03,1.0573516947135913
5,25,0.04,1.4350116761167422
5,25,0.05,1.6279577621561014
5,25,0.06,1.8106580560648762
5,25,0.07,2.003151648519192
5,25,0.08,2.2183038630810494
5,25,0.09,2.4723373725057867
5,25,0.1,2.8039500542360196
5,25,0.11,3.3968530278992004
5,25,0.12,1000.0
5,25,0.13,1000.0
5,25,0.14,1000.0
5,25,0.15,1000.0
5,25,0.16,1000.0
5,25,0.17,1000.0
5,25,0.18,1000.0
5,25,0.19,1000.0
5,25,0.2,1000.0
5,25,0.21,1000.0
5,25,0.22,1000.0
5,25,0.23,1000.0
5,25,0.24,1000.0
5,25,0.25,1000.0
5,25,0.26,1000.0
5,25,0.27,1000.0
5,25,0.28,28.518530804410688
5,25,0.29,22.556507202181276
5,25,0.3,17.371766673883393
5,25,0.31,1000.0
5,25,0.32,1000.0
5,25,0.33,9.775630498982688
5,25,0.34,1000.0
5,25,0.35,1000.0
5,25,0.36,1000.0
5,25,0.37,10.447215677230686
5,25,0.38,1000.0
5,25,0.39,9.980514581099795
5,25,0.4,1000.0
5,25,0.41,9.72582079623339
5,25,0.42,1000.0
5,25,0.43,1000.0
5,25,0.44,1000.0
5,25,0.45,10.924548047606002
5,25,0.46,1000.0
5,25,0.47,1000.0
5,25,0.48,1000.0
5,25,0.49,1000.0
5,25,0.5,1000.0
5,25,0.51,1000.0
5,25,0.52,1000.0
5,25,0.53,1000.0
5,25,0.54,1000.0
5,25,0.55,1000.0
5,25,0.56,1000.0
5,25,0.57,1000.0
5,25,0.58,1000.0
5,25,0.59,1000.0
5,25,0.6,1000.0
5,25,0.61,1000.0
5,25,0.62,1000.0
5,25,0.63,1000.0
5,25,0.64,1000.0
5,25,0.65,1000.0
5,25,0.66,1000.0
5,25,0.67,1000.0
5,25,0.68,1000.0
5,25,0.69,1000.0
5,25,0.7,1000.0
5,25,0.71,1000.0
5,25,0.72,1000.0
5,25,0.73,1000.0
5,25,0.74,1000.0
5,25,0.75,1000.0
5,25,0.76,1000.0
5,25,0.77,1000.0
5,25,0.78,1000.0
5,25,0.79,1000.0
5,25,0.8,1000.0
5,25,0.81,1000.0
5,25,0.82,1000.0
5,25,0.83,1000.0
5,25,0.84,1000.0
5,25,0.85,1000.0
5,25,0.86,1000.0
5,25,0.87,1000.0
5,25,0.88,1000.0
5,25,0.89,1000.0
5,25,0.9,1000.0
5,25,0.91,1000.0
5,25,0.92,1000.0
5,25,0.93,1000.0
5,25,0.94,1000.0
5,25,0.95,1000.0
5,25,0.96,1000.0
5,25,0.97,1000.0
5,25,0.98,1000.0
5,25,0.99,1000.0
5,25,1.0,1000.0
5,25,1.01,1000.0
5,25,1.02,1000.0
5,25,1.03,1000.0
5,25,1.04,1000.0
5,25,1.05,1000.0
5,25,1.06,1000.0
5,25,1.07,1000.0
5,25,1.08,1000.0
5,25,1.09,1000.0
5,25,1.1,1000.0
5,25,1.11,1000.0
5,25,1.12,1000.0
5,25,1.13,1000.0
5,25,1.14,1000.0
5,25,1.15,1000.0
5,25,1.16,1000.0
5,25,1.17,1000.0
5,25,1.18,1000.0
5,25,1.19,1000.0
5,25,1.2,1000.0
5,25,1.21,1000.0
5,25,1.22,1000.0
5,25,1.23,1000.0
5,25,1.24,1000.0
5,25,1.25,1000.0
5,25,1.26,1000.0
5,25,1.27,1000.0
5,25,1.28,1000.0
5,25,1.29,1000.0
5,25,1.3,1000.0
5,25,1.31,1000.0
5,25,1.32,1000.0
5,25,1.33,1000.0
5,25,1.34,1000.0
5,25,1.35,1000.0
5,25,1.36,1000.0
5,25,1.37,1000.0
5,25,1.38,1000.0
5,25,1.39,1000.0
5,25,1.4,1000.0
5,25,1.41,1000.0
5,25,1.42,1000.0
5,25,1.43,1000.0
5,25,1.44,1000.0
5,25,1.45,1000.0
5,25,1.46,1000.0
5,25,1.47,1000.0
5,25,1.48,1000.0
5,25,1.49,1000.0
5,25,1.5,1000.0
5,25,1.51,1000.0
5,25,1.52,1000.0
5,25,1.53,1000.0
5,25,1.54,1000.0
5,25,1.55,1000.0
5,25,1.56,1000.0
5,25,1.57,1000.0
5,25,1.58,1000.0
5,25,1.59,1000.0
5,25,1.6,1000.0
5,25,1.61,1000.0
5,25,1.62,1000.0
5,25,1.63,1000.0
5,25,1.64,1000.0
5,25,1.65,1000.0
5,25,1.66,1000.0
5,25,1.67,1000.0
5,25,1.68,1000.0
5,25,1.69,1000.0
5,25,1.7,1000.0
5,25,1.71,1000.0
5,25,1.72,1000.0
5,25,1.73,1000.0
5,25,1.74,1000.0
5,25,1.75,1000.0
5,25,1.76,1000.0
5,25,1.77,1000.0
5,25,1.78,1000.0
5,25,1.79,1000.0
5,25,1.8,1000.0
5,25,1.81,1000.0
5,25,1.82,1000.0
5,25,1.83,1000.0
5,25,1.84,1000.0
5,25,1.85,1000.0
5,25,1.86,1000.0
5,25,1.87,1000.0
5,25,1.88,1000.0
5,25,1.89,1000.0
5,25,1.9,1000.0
5,25,1.91,1000.0
5,25,1.92,1000.0
5,25,1.93,1000.0
5,25,1.94,1000.0
5,25,1.95,1000.0
5,25,1.96,1000.0
5,25,1.97,1000.0
5,25,1.98,1000.0
5,25,1.99,1000.0
5,25,2.0,1000.0
5,50,-2.0,8.618557995746132
5,50,-1.99,8.576856357768795
5,50,-1.98,8.533692142579449
5,50,-1.97,8.488952889169918
5,50,-1.96,8.442510939385201
5,50,-1.95,8.394220345888877
5,50,-1.94,8.343912913702194
5,50,-1.93,8.291393058309584
5,50,-1.92,8.236431017220834
5,50,-1.91,8.178753722973074
5,50,-1.9,8.118032277141227
5,50,-1.89,8.053864354177838
5,50,-1.88,7.985748818190768
5,50,-1.87,7.91304798203924
5,50,-1.86,7.834929530835197
5,50,-1.85,7.750273644056424
5,50,-1.84,7.657518142151567
5,50,-1.83,7.554389469627737
5,50,-1.82,7.437421588469973
5,50,-1.81,7.301113320241949
5,50,-1.8,7.136769870683796
5,50,-1.79,6.933236291158604
5,50,-1.78,6.690391570981498
5,50,-1.77,6.4457413477363055
5,50,-1.76,6.244572998738251
5,50,-1.75,6.0935224373809875
5,50,-1.74,5.979925789595404
5,50,-1.73,5.8915214986691264
5,50,-1.72,5.820021270812225
5,50,-1.71,5.7602216707542295
5,50,-1.7,5.70885447426801
5,50,-1.69,5.66381027843792
5,50,-1.68,5.623676405102951
5,50,-1.67,5.587469927539324
5,50,-1.66,5.554482334519823
5,50,-1.65,5.524186849485439
5,50,-1.64,5.496181255924455
5,50,-1.63,5.470151355892431
5,50,-1.62,5.445846815597261
5,50,-1.61,5.4230647095517615
5,50,-1.6,5.401638011413135
5,50,-1.59,5.381427360669992
5,50,-1.58,5.362315056727185
5,50,-1.57,5.344200602270322
5,50,-1.56,5.326997345408349
5,50,-1.55,5.310629914291874
5,50,-1.54,5.295032231779198
5,50,-1.53,5.280145960307581
5,50,-1.52,5.265919269717167
5,50,-1.51,5.2523058502685105
5,50,-1.5,5.239264113826099
5,50,-1.49,5.226756540941035
5,50,-1.48,5.214749142194762
5,50,-1.47,5.203211009896306
5,50,-1.46,5.1921139419010265
5,50,-1.45,5.1814321235217475
5,50,-1.44,5.171141856641622
5,50,-1.43,5.1612213275018055
5,50,-1.42,5.151650406430314
5,50,-1.41,5.142410474151627
5,50,-1.4,5.133484270375101
5,50,-1.39,5.12485576118346
5,50,-1.38,5.116510022388001
5,50,-1.37,5.108433136526201
5,50,-1.36,5.100612101583013
5,50,-1.35,5.093034749842059
5,50,-1.34,5.085689675535099
5,50,-1.33,5.078566170171385
5,50,-1.32,5.071654164602988
5,50,-1.31,5.0649441770255
5,50,-1.3,5.058427266232438
5,50,-1.29,5.052094989540195
5,50,-1.28,5.045939364883068
5,50,-1.27,5.039952836646754
5,50,-1.26,5.0341282448668405
5,50,-1.25,5.028458797467549
5,50,-1.24,5.022938045256938
5,50,-1.23,5.017559859428995
5,50,-1.22,5.012318411351796
5,50,-1.21,5.007208154444056
5,50,-1.2,5.002223807961815
5,50,-1.19,4.997360342531572
5,50,-1.18,4.992612967278023
5,50,-1.17,4.987977118401962
5,50,-1.16,4.983448449069254
5,50,-1.15,4.979022820473372
5,50,-1.14,4.974696293933337
5,50,-1.13,4.970465123885405
5,50,-1.12,4.966325751621317
5,50,-1.11,4.962274799618043
5,50,-1.1,4.9583090662944205
5,50,-1.09,4.954425521019038
5,50,-1.08,4.950621299181838
5,50,-1.07,4.946893697129091
5,50,-1.06,4.9432401667493995
5,50,-1.05,4.9396583094863376
5,50,-1.04,4.936145869543642
5,50,-1.03,4.932700726041445
5,50,-1.02,4.929320883878019
5,50,-1.01,4.926004463052296
5,50,-1.0,4.922749686209166
5,50,-0.99,4.919554864182792
5,50,-0.98,4.916418379335199
5,50,-0.97,4.913338666518372
5,50,-0.96,4.9103141915300235
5,50,-0.95,4.907343426986587
5,50,-0.94,4.904424825603708
5,50,-0.93,4.901556790954693
5,50,-0.92,4.8987376458731635
5,50,-0.91,4.89596559877763
5,50,-0.9,4.893238708324465
5,50,-0.89,4.890554846942842
5,50,-0.88,4.887911663970837
5,50,-0.87,4.885306549297954
5,50,-0.86,4.882736598624669
5,50,-0.85,4.880198581674558
5,50,-0.84,4.877688914935869
5,50,-0.83,4.875203640762867
5,50,-0.82,4.872738414922715
5,50,-0.81,4.870288504917793
5,50,-0.8,4.867848801621857
5,50,-0.79,4.86541384691002
5,50,-0.78,4.862977879990422
5,50,-0.77,4.860534905000682
5,50,-0.76,4.85807878203903
5,50,-0.75,4.8556033430705705
5,50,-0.74,4.853102532986497
5,50,-0.73,4.850570574404749
5,50,-0.72,4.848002152510932
5,50,-0.71,4.84539261331837
5,50,-0.7,4.842738165224524
5,50,-0.69,4.840036069814668
5,50,-0.68,4.837284803815992
5,50,-0.67,4.834484170401357
5,50,-0.66,4.831635335305529
5,50,-0.65,4.8287407621877705
5,50,-0.64,4.825804023126079
5,50,-0.63,4.82282946473987
5,50,-0.62,4.819821718664132
5,50,-0.61,4.8167850570429955
5,50,-0.6,4.813722609081465
5,50,-0.59,4.810635472839762
5,50,-0.58,4.807521776504979
5,50,-0.57,4.804375764400717
5,50,-0.56,4.801187004062621
5,50,-0.55,4.797939830626223
5,50,-0.54,4.794613161340938
5,50,-0.53,4.791180821644942
5,50,-0.52,4.787612516053358
5,50,-0.51,4.7838755374786714
5,50,-0.5,4.779937218463732
5,50,-0.49,4.775767973286465
5,50,-0.48,4.771344571100028
5,50,-0.47,4.766653054636268
5,50,-0.46,4.761690509211596
5,50,-0.45,4.756464748707699
5,50,-0.44,4.750991095377897
5,50,-0.43,4.7452859634940285
5,50,-0.42,4.739357838211669
5,50,-0.41,4.733197135193591
5,50,-0.4,4.7267670734307625
5,50,-0.39,4.719998796536617
5,50,-0.38,4.712795123284998
5,50,-0.37,4.705045199648845
5,50,-0.36,4.696649063703757
5,50,-0.35,4.687547409332594
5,50,-0.34,4.677745044304064
5,50,-0.33,4.667310861758065
5,50,-0.32,4.656340464025882
5,50,-0.31,4.644884533228327
5,50,-0.3,4.632870931586101
5,50,-0.29,4.620066748196532
5,50,-0.28,4.60612492019879
5,50,-0.27,4.590726908288187
5,50,-0.26,4.573753543966605
5,50,-0.25,4.555320654150781
5,50,-0.24,4.535546742450422
5,50,-0.23,4.514183371521434
5,50,-0.22,4.4905188548270285
5,50,-0.21,4.46387295664251
5,50,-0.2,4.434310290363109
5,50,-0.19,4.402380551405395
5,50,-0.18,4.367668293403174
5,50,-0.17,4.328503405596998
5,50,-0.16,4.284233842369157
5,50,-0.15,4.235634614426192
5,50,-0.14,4.181209818353724
5,50,-0.13,4.119077142995339
5,50,-0.12,4.049763310274414
5,50,-0.11,3.968594316092501
5,50,-0.1,3.873819326816421
5,50,-0.09,3.7628081993023894
5,50,-0.08,2.6845553369904938
5,50,-0.07,3.1635630239039942
5,50,-0.06,3.1142992768009994
5,50,-0.05,2.81015867472844
5,50,-0.04,2.3032776266913237
5,50,-0.03,1.6310828170291989
5,50,-0.02,1.019431421631575
5,50,-0.01,0.37216953304131273
5,50,0.0,0.02728570980472099
5,50,0.01,0.6354790745159542
5,50,0.02,2.067557386570272
5,50,0.03,4.267810505154686
5,50,0.04,2.5094476820852756
5,50,0.05,2.672908582161834
5,50,0.06,2.7833007992850707
5,50,0.07,2.883938100945147
5,50,0.08,2.993656596400507
5,50,0.09,3.124026788514662
5,50,0.1,3.2820145876252447
5,50,0.11,3.4741721140440416
5,50,0.12,3.7138689278101955
5,50,0.13,4.046158785192605
5,50,0.14,1000.0
5,50,0.15,1000.0
5,50,0.16,1000.0
5,50,0.17,1000.0
5,50,0.18,1000.0
5,50,0.19,1000.0
5,50,0.2,1000.0
5,50,0.21,1000.0
5,50,0.22,1000.0
5,50,0.23,1000.0
5,50,0.24,1000.0
5,50,0.25,1000.0
5,50,0.26,1000.0
5,50,0.27,58.39377227948558
5,50,0.28,36.92361789187724
5,50,0.29,26.160397312704898
5,50,0.3,19.30636004726338
5,50,0.31,1000.0
5,50,0.32,1000.0
5,50,0.33,10.016198128089126
5,50,0.34,1000.0
5,50,0.35,1000.0
5,50,0.36,10.358790349961154
5,50,0.37,10.731483781685473
5,50,0.38,1000.0
5,50,0.39,10.323828093642586
5,50,0.4,1000.0
5,50,0.41,9.97057484894166
5,50,0.42,1000.0
5,50,0.43,1000.0
5,50,0.44,1000.0
5,50,0.45,10.438682360076742
5,50,0.46,1000.0
5,50,0.47,1000.0
5,50,0.48,1000.0
5,50,0.49,1000.0
5,50,0.5,1000.0
5,50,0.51,1000.0
5,50,0.52,1000.0
5,50,0.53,1000.0
5,50,0.54,1000.0
5,50,0.55,1000.0
5,50,0.56,1000.0
5,50,0.57,1000.0
5,50,0.58,1000.0
5,50,0.59,1000.0
5,50,0.6,1000.0
5,50,0.61,1000.0
5,50,0.62,1000.0
5,50,0.63,1000.0
5,50,0.64,1000.0
5,50,0.65,1000.0
5,50,0.66,1000.0
5,50,0.67,1000.0
5,50,0.68,1000.0
5,50,0.69,1000.0
5,50,0.7,1000.0
5,50,0.71,1000.0
5,50,0.72,1000.0
5,50,0.73,1000.0
5,50,0.74,1000.0
5,50,0.75,1000.0
5,50,0.76,1000.0
5,50,0.77,1000.0
5,50,0.78,1000.0
5,50,0.79,1000.0
5,50,0.8,1000.0
5,50,0.81,1000.0
5,50,0.82,1000.0
5,50,0.83,1000.0
5,50,0.84,1000.0
5,50,0.85,1000.0
5,50,0.86,1000.0
5,50,0.87,1000.0
5,50,0.88,1000.0
5,50,0.89,1000.0
5,50,0.9,1000.0
5,50,0.91,1000.0
5,50,0.92,1000.0
5,50,0.93,1000.0
5,50,0.94,1000.0
5,50,0.95,1000.0
5,50,0.96,1000.0
5,50,0.97,1000.0
5,50,0.98,1000.0
5,50,0.99,1000.0
5,50,1.0,1000.0
5,50,1.01,1000.0
5,50,1.02,1000.0
5,50,1.03,1000.0
5,50,1.04,1000.0
5,50,1.05,1000.0
5,50,1.06,1000.0
5,50,1.07,1000.0
5,50,1.08,1000.0
5,50,1.09,1000.0
5,50,1.1,1000.0
5,50,1.11,1000.0
5,50,1.12,1000.0
5,50,1.13,1000.0
5,50,1.14,1000.0
5,50,1.15,1000.0
5,50,1.16,1000.0
5,50,1.17,1000.0
5,50,1.18,1000.0
5,50,1.19,1000.0
5,50,1.2,1000.0
5,50,1.21,1000.0
5,50,1.22,1000.0
5,50,1.23,1000.0
5,50,1.24,1000.0
5,50,1.25,1000.0
5,50,1.26,1000.0
5,50,1.27,1000.0
5,50,1.28,1000.0
5,50,1.29,1000.0
5,50,1.3,1000.0
5,50,1.31,1000.0
5,50,1.32,1000.0
5,50,1.33,1000.0
5,50,1.34,1000.0
5,50,1.35,1000.0
5,50,1.36,1000.0
5,50,1.37,1000.0
5,50,1.38,1000.0
5,50,1.39,1000.0
5,50,1.4,1000.0
5,50,1.41,1000.0
5,50,1.42,1000.0
5,50,1.43,1000.0
5,50,1.44,1000.0
5,50,1.45,1000.0
5,50,1.46,1000.0
5,50,1.47,1000.0
5,50,1.48,1000.0
5,50,1.49,1000.0
5,50,1.5,1000.0
5,50,1.51,1000.0
5,50,1.52,1000.0
5,50,1.53,1000.0
5,50,1.54,1000.0
5,50,1.55,1000.0
5,50,1.56,1000.0
5,50,1.57,1000.0
5,50,1.58,1000.0
5,50,1.59,1000.0
5,50,1.6,1000.0
5,50,1.61,1000.0
5,50,1.62,1000.0
5,50,1.63,1000.0
5,50,1.64,1000.0
5,50,1.65,1000.0
5,50,1.66,1000.0
5,50,1.67,1000.0
5,50,1.68,1000.0
5,50,1.69,1000.0
5,50,1.7,1000.0
5,50,1.71,1000.0
5,50,1.72,1000.0
5,50,1.73,1000.0
5,50,1.74,1000.0
5,50,1.75,1000.0
5,50,1.76,1000.0
5,50,1.77,1000.0
5,50,1.78,1000.0
5,50,1.79,1000.0
5,50,1.8,1000.0
5,50,1.81,1000.0
5,50,1.82,1000.0
5,50,1.83,1000.0
5,50,1.84,1000.0
5,50,1.85,1000.0
5,50,1.86,1000.0
5,50,1.87,1000.0
5,50,1.88,1000.0
5,50,1.89,1000.0
5,50,1.9,1000.0
5,50,1.91,1000.0
5,50,1.92,1000.0
5,50,1.93,1000.0
5,50,1.94,1000.0
5,50,1.95,1000.0
5,50,1.96,1000.0
5,50,1.97,1000.0
5,50,1.98,1000.0
5,50,1.99,1000.0
5,50,2.0,1000.0
5,100,-2.0,8.730604664837626
5,100,-1.99,8.68809168748879
5,100,-1.98,8.644032037918853
5,100,-1.97,8.598302913526268
5,100,-1.96,8.550764467103924
5,100,-1.95,8.501256265392838
5,100,-1.94,8.449592738517527
5,100,-1.93,8.39555724459954
5,100,-1.92,8.338894196241167
5,100,-1.91,8.279298413263529
5,100,-1.9,8.216400403083009
5,100,-1.89,8.149745483281722
5,100,-1.88,8.078763268408446
5,100,-1.87,8.00272146122844
5,100,-1.86,7.920652838046749
5,100,-1.85,7.831233801767064
5,100,-1.84,7.7325693079195075
5,100,-1.83,7.621781215211116
5,100,-1.82,7.494138592475044
5,100,-1.81,7.340961371687303
5,100,-1.8,7.143563145758716
5,100,-1.79,6.855234533972793
5,100,-1.78,6.472175253193097
5,100,-1.77,6.206982876388499
5,100,-1.76,6.0431414585421095
5,100,-1.75,5.930327049480548
5,100,-1.74,5.84650295838109
5,100,-1.73,5.7801256933075065
5,100,-1.72,5.724945172506866
5,100,-1.71,5.677484338688624
5,100,-1.7,5.635706979792415
5,100,-1.69,5.598340116190198
5,100,-1.68,5.564532512544877
5,100,-1.67,5.533679619120363
5,100,-1.66,5.505330572914158
5,100,-1.65,5.47913629825164
5,100,-1.64,5.454818836224289
5,100,-1.63,5.4321521217711926
5,100,-1.62,5.410949260089776
5,100,-1.61,5.391053701531431
5,100,-1.6,5.372332883187352
5,100,-1.59,5.35467350796633
5,100,-1.58,5.337977955855047
5,100,-1.57,5.322161504413419
5,100,-1.56,5.307150143261392
5,100,-1.55,5.292878833924052
5,100,-1.54,5.279290109365136
5,100,-1.53,5.266332936287971
5,100,-1.52,5.2539617831251695
5,100,-1.51,5.242135850692867
5,100,-1.5,5.230818432651254
5,100,-1.49,5.219976380396918
5,100,-1.48,5.2095796526008264
5,100,-1.47,5.199600933829769
5,100,-1.46,5.190015309915965
5,100,-1.45,5.1807999902262125
5,100,-1.44,5.1719340689153475
5,100,-1.43,5.163398318762288
5,100,-1.42,5.155175012380856
5,100,-1.41,5.147247766545172
5,100,-1.4,5.139601406126356
5,100,-1.39,5.132221844745637
5,100,-1.38,5.125095979740386
5,100,-1.37,5.118211599439064
5,100,-1.36,5.111557301067128
5,100,-1.35,5.105122417873467
5,100,-1.34,5.098896954287802
5,100,-1.33,5.092871528101863
5,100,-1.32,5.087037318819248
5,100,-1.31,5.081386021445464
5,100,-1.3,5.075909805095925
5,100,-1.29,5.07060127588854
5,100,-1.28,5.0654534436628165
5,100,-1.27,5.060459692130511
5,100,-1.26,5.055613752116224
5,100,-1.25,5.050909677591279
5,100,-1.24,5.046341824242208
5,100,-1.23,5.041904830346591
5,100,-1.22,5.037593599755473
5,100,-1.21,5.033403286802922
5,100,-1.2,5.029329282980766
5,100,-1.19,5.025367205229621
5,100,-1.18,5.021512885707726
5,100,-1.17,5.01776236290509
5,100,-1.16,5.014111873974592
5,100,-1.15,5.010557848152004
5,100,-1.14,5.007096901135053
5,100,-1.13,5.003725830287054
5,100,-1.12,5.000441610523924
5,100,-1.11,4.997241390734278
5,100,-1.1,4.994122490571717
5,100,-1.09,4.991082397446092
5,100,-1.08,4.988118763527336
5,100,-1.07,4.985229402561521
5,100,-1.06,4.982412286285084
5,100,-1.05,4.979665540210018
5,100,-1.04,4.97698743854133
5,100,-1.03,4.974376397979047
5,100,-1.02,4.971830970151339
5,100,-1.01,4.969349832424104
5,100,-1.0,4.966931776837299
5,100,-0.99,4.964575696929159
5,100,-0.98,4.962280572229479
5,100,-0.97,4.96004545023167
5,100,-0.96,4.957869425692722
5,100,-0.95,4.955751617161282
5,100,-0.94,4.9536911406981705
5,100,-0.93,4.951687080831409
5,100,-0.92,4.949738458881214
5,100,-0.91,4.947844198899833
5,100,-0.9,4.946003091597865
5,100,-0.89,4.944213756774416
5,100,-0.88,4.942474604933441
5,100,-0.87,4.940783798954528
5,100,-0.86,4.93913921689293
5,100,-0.85,4.937538417211218
5,100,-0.84,4.935978607990188
5,100,-0.83,4.93445662192665
5,100,-0.82,4.932968899189549
5,100,-0.81,4.931511480462036
5,100,-0.8,4.93008001272024
5,100,-0.79,4.928669770460249
5,100,-0.78,4.927275695135671
5,100,-0.77,4.925892455451307
5,100,-0.76,4.924514530798386
5,100,-0.75,4.923136319425386
5,100,-0.74,4.921752271819588
5,100,-0.73,4.9203570481337495
5,100,-0.72,4.918945696255927
5,100,-0.71,4.917513844257676
5,100,-0.7,4.916057897513446
5,100,-0.69,4.914575226917874
5,100,-0.68,4.913064330637933
5,100,-0.67,4.911524948186324
5,100,-0.66,4.909958102910425
5,100,-0.65,4.908366047994078
5,100,-0.64,4.906752092533781
5,100,-0.63,4.905120288852382
5,100,-0.62,4.903474970398152
5,100,-0.61,4.901820141444018
5,100,-0.6,4.900158735048282
5,100,-0.59,4.898491773705708
5,100,-0.58,4.896817486925251
5,100,-0.57,4.89513046067819
5,100,-0.56,4.893420914319804
5,100,-0.55,4.891674219994278
5,100,-0.54,4.889870795466457
5,100,-0.53,4.887986509172188
5,100,-0.52,4.885993727168091
5,100,-0.51,4.883863090933248
5,100,-0.5,4.881566023579543
5,100,-0.49,4.879077806117421
5,100,-0.48,4.876380855188065
5,100,-0.47,4.873467606695816
5,100,-0.46,4.8703421990082125
5,100,-0.45,4.867020011117411
5,100,-0.44,4.863524222489693
5,100,-0.43,4.8598790977925725
5,100,-0.42,4.856100587430692
5,100,-0.41,4.852185739410787
5,100,-0.4,4.8481030801750675
5,100,-0.39,4.843787245004033
5,100,-0.38,4.839142308049457
5,100,-0.37,4.834056178507515
5,100,-0.36,4.828425189470167
5,100,-0.35,4.8221842902253576
5,100,-0.34,4.815331452164251
5,100,-0.33,4.807929183158617
5,100,-0.32,4.800069291176596
5,100,-0.31,4.791803880634322
5,100,-0.3,4.783070301597155
5,100,-0.29,4.77365581737773
5,100,-0.28,4.763245950674262
5,100,-0.27,4.751567103620586
5,100,-0.26,4.738554548968585
5,100,-0.25,4.724381511551853
5,100,-0.24,4.709216465573224
5,100,-0.23,4.692840851732926
5,100,-0.22,4.674542134851914
5,100,-0.21,4.653607062912214
5,100,-0.2,4.6300505165347055
5,100,-0.19,4.604390938011529
5,100,-0.18,4.576246331334753
5,100,-0.17,4.544077395175955
5,100,-0.16,4.5074411065749755
5,100,-0.15,4.467294108077067
5,100,-0.14,4.422121345552111
5,100,-0.13,4.369717842755057
5,100,-0.12,4.310146243631309
5,100,-0.11,4.238469870613075
5,100,-0.1,4.152949347826145
5,100,-0.09,4.054873535141723
5,100,-0.08,4.7260344718853755
5,100,-0.07,5.308150168682879
5,100,-0.06,5.277810340718571
5,100,-0.05,5.1582883793051915
5,100,-0.04,4.803546925971393
5,100,-0.03,4.079858946071902
5,100,-0.02,2.9033033351708917
5,100,-0.01,1.316125974071103
5,100,0.0,0.017576201469118733
5,100,0.01,1.5395343224833775
5,100,0.02,4.145969352753637
5,100,0.03,4.717204481078622
5,100,0.04,2.501266580939411
5,100,0.05,2.614497276444756
5,100,0.06,2.7577542530512025
5,100,0.07,2.907353454423567
5,100,0.08,3.0654540276176716
5,100,0.09,3.250116023945501
5,100,0.1,3.473593363317764
5,100,0.11,3.752527308193884
5,100,0.12,4.138221457792265
5,100,0.13,1000.0
5,100,0.14,1000.0
5,100,0.15,1000.0
5,100,0.16,1000.0
5,100,0.17,1000.0
5,100,0.18,1000.0
5,100,0.19,1000.0
5,100,0.2,1000.0
5,100,0.21,1000.0
5,100,0.22,1000.0
5,100,0.23,1000.0
5,100,0.24,1000.0
5,100,0.25,1000.0
5,100,0.26,1000.0
5,100,0.27,66.80790180947407
5,100,0.28,41.168065294067084
5,100,0.29,29.13553560763614
5,100,0.3,21.136484843989255
5,100,0.31,15.059388644344132
5,100,0.32,1000.0
5,100,0.33,10.050119119870214
5,100,0.34,1000.0
5,100,0.35,9.923677966745636
5,100,0.36,10.073664916704997
5,100,0.37,11.352710291218186
5,100,0.38,1000.0
5,100,0.39,10.35932744874003
5,100,0.4,1000.0
5,100,0.41,10.443174586069416
5,100,0.42,1000.0
5,100,0.43,1000.0
5,100,0.44,1000.0
5,100,0.45,10.824204947665876
5,100,0.46,10.76385719330698
5,100,0.47,1000.0
5,100,0.48,1000.0
5,100,0.49,1000.0
5,100,0.5,1000.0
5,100,0.51,1000.0
5,100,0.52,1000.0
5,100,0.53,1000.0
5,100,0.54,1000.0
5,100,0.55,1000.0
5,100,0.56,1000.0
5,100,0.57,1000.0
5,100,0.58,1000.0
5,100,0.59,1000.0
5,100,0.6,1000.0
5,100,0.61,1000.0
5,100,0.62,1000.0
5,100,0.63,1000.0
5,100,0.64,1000.0
5,100,0.65,1000.0
5,100,0.66,1000.0
5,100,0.67,1000.0
5,100,0.68,1000.0
5,100,0.69,1000.0
5,100,0.7,1000.0
5,100,0.71,1000.0
5,100,0.72,1000.0
5,100,0.73,1000.0
5,100,0.74,1000.0
5,100,0.75,1000.0
5,100,0.76,1000.0
5,100,0.77,1000.0
5,100,0.78,1000.0
5,100,0.79,1000.0
5,100,0.8,1000.0
5,100,0.81,1000.0
5,100,0.82,1000.0
5,100,0.83,1000.0
5,100,0.84,1000.0
5,100,0.85,1000.0
5,100,0.86,1000.0
5,100,0.87,1000.0
5,100,0.88,1000.0
5,100,0.89,1000.0
5,100,0.9,1000.0
5,100,0.91,1000.0
5,100,0.92,1000.0
5,100,0.93,1000.0
5,100,0.94,1000.0
5,100,0.95,1000.0
5,100,0.96,1000.0
5,100,0.97,1000.0
5,100,0.98,1000.0
5,100,0.99,1000.0
5,100,1.0,1000.0
5,100,1.01,1000.0
5,100,1.02,1000.0
5,100,1.03,1000.0
5,100,1.04,1000.0
5,100,1.05,1000.0
5,100,1.06,1000.0
5,100,1.07,1000.0
5,100,1.08,1000.0
5,100,1.09,1000.0
5,100,1.1,1000.0
5,100,1.11,1000.0
5,100,1.12,1000.0
5,100,1.13,1000.0
5,100,1.14,1000.0
5,100,1.15,1000.0
5,100,1.16,1000.0
5,100,1.17,1000.0
5,100,1.18,1000.0
5,100,1.19,1000.0
5,100,1.2,1000.0
5,100,1.21,1000.0
5,100,1.22,1000.0
5,100,1.23,1000.0
5,100,1.24,12.410816659135094
5,100,1.25,1000.0
5,100,1.26,1000.0
5,100,1.27,1000.0
5,100,1.28,1000.0
5,100,1.29,1000.0
5,100,1.3,1000.0
5,100,1.31,1000.0
5,100,1.32,1000.0
5,100,1.33,1000.0
5,100,1.34,1000.0
5,100,1.35,1000.0
5,100,1.36,1000.0
5,100,1.37,1000.0
5,100,1.38,1000.0
5,100,1.39,1000.0
5,100,1.4,1000.0
5,100,1.41,1000.0
5,100,1.42,1000.0
5,100,1.43,1000.0
5,100,1.44,1000.0
5,100,1.45,1000.0
5,100,1.46,1000.0
5,100,1.47,12.476515062994405
5,100,1.48,1000.0
5,100,1.49,1000.0
5,100,1.5,1000.0
5,100,1.51,1000.0
5,100,1.52,1000.0
5,100,1.53,1000.0
5,100,1.54,1000.0
5,100,1.55,1000.0
5,100,1.56,1000.0
5,100,1.57,1000.0
5,100,1.58,1000.0
5,100,1.59,1000.0
5,100,1.6,1000.0
5,100,1.61,1000.0
5,100,1.62,12.632937146811305
5,100,1.63,1000.0
5,100,1.64,1000.0
5,100,1.65,1000.0
5,100,1.66,1000.0
5,100,1.67,1000.0
5,100,1.68,1000.0
5,100,1.69,1000.0
5,100,1.7,1000.0
5,100,1.71,1000.0
5,100,1.72,1000.0
5,100,1.73,1000.0
5,100,1.74,1000.0
5,100,1.75,1000.0
5,100,1.76,1000.0
5,100,1.77,1000.0
5,100,1.78,1000.0
5,100,1.79,1000.0
5,100,1.8,1000.0
5,100,1.81,12.649894487015487
5,100,1.82,1000.0
5,100,1.83,1000.0
5,100,1.84,1000.0
5,100,1.85,1000.0
5,100,1.86,1000.0
5,100,1.87,1000.0
5,100,1.88,1000.0
5,100,1.89,1000.0
5,100,1.9,1000.0
5,100,1.91,1000.0
5,100,1.92,1000.0
5,100,1.93,1000.0
5,100,1.94,1000.0
5,100,1.95,1000.0
5,100,1.96,1000.0
5,100,1.97,1000.0
5,100,1.98,1000.0
5,100,1.99,1000.0
5,100,2.0,1000.0
6,1,-2.0,1000.0
6,1,-1.99,1000.0
6,1,-1.98,1000.0
6,1,-1.97,1000.0
6,1,-1.96,1000.0
6,1,-1.95,1000.0
6,1,-1.94,1000.0
6,1,-1.93,1000.0
6,1,-1.92,1000.0
6,1,-1.91,1000.0
6,1,-1.9,1000.0
6,1,-1.89,1000.0
6,1,-1.88,1000.0
6,1,-1.87,1000.0
6,1,-1.86,1000.0
6,1,-1.85,1000.0
6,1,-1.84,1000.0
6,1,-1.83,1000.0
6,1,-1.82,1000.0
6,1,-1.81,1000.0
6,1,-1.8,1000.0
6,1,-1.79,1000.0
6,1,-1.78,1000.0
6,1,-1.77,1000.0
6,1,-1.76,1000.0
6,1,-1.75,1000.0
6,1,-1.74,1000.0
6,1,-1.73,1000.0
6,1,-1.72,1000.0
6,1,-1.71,1000.0
6,1,-1.7,1000.0
6,1,-1.69,1000.0
6,1,-1.68,1000.0
6,1,-1.67,1000.0
6,1,-1.66,1000.0
6,1,-1.65,1000.0
6,1,-1.64,1000.0
6,1,-1.63,6673.273541662415
6,1,-1.62,797.0840964688746
6,1,-1.61,78.02394649919916
6,1,-1.6,21.65938833193612
6,1,-1.59,13.246363112239704
6,1,-1.58,10.631795401937241
6,1,-1.57,9.313412864706741
6,1,-1.56,8.458568585024677
6,1,-1.55,7.828834759913249
6,1,-1.54,7.330948926621183
6,1,-1.53,6.919752514509429
6,1,-1.52,6.569982553875847
6,1,-1.51,6.2660310801116115
6,1,-1.5,5.997550671940629
6,1,-1.49,5.757315441730188
6,1,-1.48,5.54007512048051
6,1,-1.47,5.3418939293735495
6,1,-1.46,5.159746179698217
6,1,-1.45,4.991256991069987
6,1,-1.44,4.834529512017253
6,1,-1.43,4.688026017943687
6,1,-1.42,4.5504838266154
6,1,-1.41,4.420854431100761
6,1,-1.4,4.298258538764204
6,1,-1.39,4.181952266453764
6,1,-1.38,4.071301323527916
6,1,-1.37,3.96576101955594
6,1,-1.36,3.8648605890036887
6,1,-1.35,3.7681907625108475
6,1,-1.34,3.6753938121207925
6,1,-1.33,3.5861555043312032
6,1,-1.32,3.5001985404618936
6,1,-1.31,3.417277168101157
6,1,-1.3,3.337172723083923
6,1,-1.29,3.259689917105862
6,1,-1.28,3.184653727476204
6,1,-1.27,3.111906776642179
6,1,-1.26,3.0413071127626794
6,1,-1.25,2.972726320735673
6,1,-1.24,2.906047907101417
6,1,-1.23,2.8411659131717237
6,1,-1.22,2.777983719319804
6,1,-1.21,2.7164130101564017
6,1,-1.2,2.656372875726572
6,1,-1.19,2.597789028196478
6,1,-1.18,2.540593116994132
6,1,-1.17,2.484722128201671
6,1,-1.16,2.430117856306092
6,1,-1.15,2.3767264383071973
6,1,-1.14,2.3244979417387546
6,1,-1.13,2.2733859994464187
6,1,-1.12,2.223347485035047
6,1,-1.11,2.1743422237898153
6,1,-1.1,2.1263327346217036
6,1,-1.09,2.0792839992151926
6,1,-1.08,2.0331632550848746
6,1,-1.07,1.987939809695161
6,1,-1.06,1.9435848731773553
6,1,-1.05,1.9000714075018215
6,1,-1.04,1.8573739902395257
6,1,-1.03,1.8154686912840416
6,1,-1.02,1.7743329611085827
6,1,-1.01,1.7339455293079322
6,1,-1.0,1.694286312326531
6,1,-0.99,1.6553363294050953
6,1,-0.98,1.6170776258918778
6,1,-0.97,1.5794932031637126
6,1,-0.96,1.5425669544882339
6,1,-0.95,1.5062836062341076
6,1,-0.94,1.4706286639021129
6,1,-0.93,1.4355883625078278
6,1,-0.92,1.4011496208976446
6,1,-0.91,1.3672999996246076
6,1,-0.9,1.3340276620502083
6,1,-0.89,1.3013213383731768
6,1,-0.88,1.2691702923173311
6,1,-0.87,1.237564290237935
6,1,-0.86,1.2064935724304597
6,1,-0.85,1.1759488264472915
6,1,-0.84,1.1459211622472798
6,1,-0.83,1.11640208902024
6,1,-0.82,1.0873834935439242
6,1,-0.81,1.0588576199447917
6,1,-0.8,1.0308170507461716
6,1,-0.79,1.0032546890985565
6,1,-0.78,0.9761637420966502
6,1,-0.77,0.9495377050967484
6,1,-0.76,0.9233703469560562
6,1,-0.75,0.897655696122791
6,1,-0.74,0.8723880275124647
6,1,-0.73,0.8475618501115989
6,1,-0.72,0.8231718952557422
6,1,-0.71,0.7992131055432146
6,1,-0.7,0.7756806247518814
6,1,-0.69,0.7525698055645782
6,1,-0.68,0.7298768944457249
6,1,-0.67,0.707610012436609
6,1,-0.66,0.6857724786801778
6,1,-0.65,0.6643421061943602
6,1,-0.64,0.6433126611846353
6,1,-0.63,0.6226803718825116
6,1,-0.62,0.602441665263128
6,1,-0.61,0.5825930965478694
6,1,-0.6,0.5631313412173886
6,1,-0.59,0.5440531888378117
6,1,-0.58,0.5253555371985683
6,1,-0.57,0.5070353867119565
6,1,-0.56,0.48908983506113374
6,1,-0.55,0.47151607208505925
6,1,-0.54,0.4543113748899284
6,1,-0.53,0.4374731031774614
6,1,-0.52,0.420998694781187
6,1,-0.51,0.404885661402581
6,1,-0.5,0.389131584539533
6,1,-0.49,0.37373411160021797
6,1,-0.48,0.3586909521959538
6,1,-0.47,0.34399987460710596
6,1,-0.46,0.3296587024165423
6,1,-0.45,0.31566531130550196
6,1,-0.44,0.30201762600712095
6,1,-0.43,0.28871361741315116
6,1,-0.42,0.2757512998297106
6,1,-0.41,0.2631287283781485
6,1,-0.4,0.25084399653735234
6,1,-0.39,0.2388952338240214
6,1,-0.38,0.2272806036076404
6,1,-0.37,0.21599830105704418
6,1,-0.36,0.20504655121563276
6,1,-0.35,0.194423607202449
6,1,-0.34,0.18412774853645972
6,1,-0.33,0.1741572795815275
6,1,-0.32,0.16451052810968803
6,1,-0.31,0.15518584398048713
6,1,-0.3,0.14618159793427768
6,1,-0.29,0.1374961804975478
6,1,-0.28,0.12912800099853927
6,1,-0.27,0.12107548669166977
6,1,-0.26,0.11333708198957759
6,1,-0.25,0.10591124780203873
6,1,-0.24,0.09879646098158004
6,1,-0.23,0.09199121387643557
6,1,-0.22,0.08549401399265318
6,1,-0.21,0.07930338376885449
6,1,-0.2,0.07341786046960647
6,1,-0.19,0.06783599620699027
6,1,-0.18,0.06255635810529632
6,1,-0.17,0.05757752863170086
6,1,-0.16,0.052898106127554675
6,1,-0.15,0.04851670559241106
6,1,-0.14,0.044431959798943446
6,1,-0.13,0.040642520855557154
6,1,-0.12,0.03714706239094473
6,1,-0.11,0.033944282620497805
6,1,-0.1,0.03103290868390806
6,1,-0.09,0.02841170284567386
6,1,-0.08,0.02607947149108667
6,1,-0.07,0.02403507850292594
6,1,-0.06,0.02227746607943825
6,1,-0.05,0.020805689940414842
6,1,-0.04,0.01961898716757505
6,1,-0.03,0.018716928934782204
6,1,-0.02,0.018099807723426127
6,1,-0.01,0.01776959698043302
6,1,0.0,0.01773109828394226
6,1,0.01,0.01798754396582825
6,1,0.02,0.018533621635781133
6,1,0.03,0.019362453068383786
6,1,0.04,0.020469994996909487
6,1,0.05,0.021853895374335727
6,1,0.06,0.02351253715770211
6,1,0.07,0.025444654556223842
6,1,0.08,0.027649183791346024
6,1,0.09,0.03012519877929882
6,1,0.1,0.03287187948682023
6,1,0.11,0.03588849472039054
6,1,0.12,0.03917439240913
6,1,0.13,0.0427289943282282
6,1,0.14,0.046551793685665116
6,1,0.15,0.05064235464825188
6,1,0.16,0.055000313224570795
6,1,0.17,0.059625379125552505
6,1,0.18,0.06451733835371806
6,1,0.19,0.06967605635875311
6,1,0.2,0.07510148165563053
6,1,0.21,0.08079364984141688
6,1,0.22,0.08675268797440855
6,1,0.23,0.09297881929857021
6,1,0.24,0.09947236831040432
6,1,0.25,0.10623376617670569
6,1,0.26,0.11326355652227547
6,1,0.27,0.12056240161925935
6,1,0.28,0.12813108902847908
6,1,0.29,0.13597053877561732
6,1,0.3,0.1440818112061413
6,1,0.31,0.15246611578103386
6,1,0.32,0.16112482130427624
6,1,0.33,0.1700594685033551
6,1,0.34,0.17927178662918464
6,1,0.35,0.18876371676604736
6,1,0.36,0.19853744489166192
6,1,0.37,0.2085954433019047
6,1,0.38,0.21894050036033172
6,1,0.39,0.22957568535820447
6,1,0.4,0.24050420994980506
6,1,0.41,0.2517292915568464
6,1,0.42,0.26325420109576053
6,1,0.43,0.2750824548175516
6,1,0.44,0.2872179603490857
6,1,0.45,0.2996650618255116
6,1,0.46,0.3124285388542324
6,1,0.47,0.32551360379487354
6,1,0.48,0.33892591041592074
6,1,0.49,0.35267157354513656
6,1,0.5,0.36675719714847804
6,1,0.51,0.3811899093114105
6,1,0.52,0.3959774040585775
6,1,0.53,0.4111279913436209
6,1,0.54,0.42665065768105376
6,1,0.55,0.44255513940716734
6,1,0.56,0.45885200375267354
6,1,0.57,0.475552712477116
6,1,0.58,0.4926696201558185
6,1,0.59,0.5102159018034588
6,1,0.6,0.5282055347858162
6,1,0.61,0.5466534590994463
6,1,0.62,0.5655758334059986
6,1,0.63,0.5849902418786475
6,1,0.64,0.6049158331745171
6,1,0.65,0.6253734413435734
6,1,0.66,0.6463857232305711
6,1,0.67,0.6679773235860991
6,1,0.68,0.690175069956168
6,1,0.69,0.7130081982539211
6,1,0.7,0.7365086108929534
6,1,0.71,0.7607111703600138
6,1,0.72,0.7856540317269298
6,1,0.73,0.8113790182295877
6,1,0.74,0.8379320457819571
6,1,0.75,0.8653636065439199
6,1,0.76,0.8937293281978289
6,1,0.77,0.9230906307225053
6,1,0.78,0.9535155020372567
6,1,0.79,0.9850794099690136
6,1,0.8,1.0178663680440878
6,1,0.81,1.051970180312162
6,1,0.82,1.0874959026271653
6,1,0.83,1.1245615707112904
6,1,0.84,1.1633002586715497
6,1,0.85,1.2038625475660345
6,1,0.86,1.246419504599337
6,1,0.87,1.29116630190941
6,1,0.88,1.3383266424298847
6,1,0.89,1.3881582127921361
6,1,0.9,1.4409594552966976
6,1,0.91,1.49707805103519
6,1,0.92,1.5569216469544165
6,1,0.93,1.6209715604107855
6,1,0.94,1.6898004857465934
6,1,0.95,1.764095656546258
6,1,0.96,1.8446895622685817
6,1,0.97,1.9326013082185207
6,1,0.98,2.0290932642317276
6,1,0.99,2.1357501588690937
6,1,1.0,2.254591950241294
6,1,1.01,2.3882389798924315
6,1,1.02,2.5401607316806745
6,1,1.03,2.7150634356521057
6,1,1.04,2.9195187189566876
6,1,1.05,3.163033298767134
6,1,1.06,3.4599777804914353
6,1,1.07,3.833319374436033
6,1,1.08,4.322500914754371
6,1,1.09,5.00195164919812
6,1,1.1,6.030738790384807
6,1,1.11,7.809594243854369
6,1,1.12,11.590478841420591
6,1,1.13,22.512332523272242
6,1,1.14,69.50682195166571
6,1,1.15,369.48007943522606
6,1,1.16,2703.082948213142
6,1,1.17,1000.0
6,1,1.18,1000.0
6,1,1.19,1000.0
6,1,1.2,1000.0
6,1,1.21,1000.0
6,1,1.22,1000.0
6,1,1.23,1000.0
6,1,1.24,1000.0
6,1,1.25,1000.0
6,1,1.26,1000.0
6,1,1.27,1000.0
6,1,1.28,1000.0
6,1,1.29,1000.0
6,1,1.3,1000.0
6,1,1.31,1000.0
6,1,1.32,1000.0
6,1,1.33,1000.0
6,1,1.34,1000.0
6,1,1.35,1000.0
6,1,1.36,1000.0
6,1,1.37,1000.0
6,1,1.38,1000.0
6,1,1.39,1000.0
6,1,1.4,1000.0
6,1,1.41,1000.0
6,1,1.42,1000.0
6,1,1.43,1000.0
6,1,1.44,1000.0
6,1,1.45,1000.0
6,1,1.46,1000.0
6,1,1.47,1000.0
6,1,1.48,1000.0
6,1,1.49,1000.0
6,1,1.5,1000.0
6,1,1.51,1000.0
6,1,1.52,1000.0
6,1,1.53,1000.0
6,1,1.54,1000.0
6,1,1.55,1000.0
6,1,1.56,1000.0
6,1,1.57,1000.0
6,1,1.58,1000.0
6,1,1.59,1000.0
6,1,1.6,1000.0
6,1,1.61,1000.0
6,1,1.62,1000.0
6,1,1.63,1000.0
6,1,1.64,1000.0
6,1,1.65,1000.0
6,1,1.66,1000.0
6,1,1.67,1000.0
6,1,1.68,1000.0
6,1,1.69,1000.0
6,1,1.7,1000.0
6,1,1.71,1000.0
6,1,1.72,1000.0
6,1,1.73,1000.0
6,1,1.74,1000.0
6,1,1.75,1000.0
6,1,1.76,1000.0
6,1,1.77,1000.0
6,1,1.78,1000.0
6,1,1.79,1000.0
6,1,1.8,1000.0
6,1,1.81,1000.0
6,1,1.82,1000.0
6,1,1.83,1000.0
6,1,1.84,1000.0
6,1,1.85,1000.0
6,1,1.86,1000.0
6,1,1.87,1000.0
6,1,1.88,1000.0
6,1,1.89,1000.0
6,1,1.9,1000.0
6,1,1.91,1000.0
6,1,1.92,1000.0
6,1,1.93,1000.0
6,1,1.94,1000.0
6,1,1.95,1000.0
6,1,1.96,1000.0
6,1,1.97,1000.0
6,1,1.98,1000.0
6,1,1.99,1000.0
6,1,2.0,1000.0
6,2,-2.0,1000.0
6,2,-1.99,1000.0
6,2,-1.98,1000.0
6,2,-1.97,1000.0
6,2,-1.96,1000.0
6,2,-1.95,1000.0
6,2,-1.94,1000.0
6,2,-1.93,1000.0
6,2,-1.92,1000.0
6,2,-1.91,1000.0
6,2,-1.9,1000.0
6,2,-1.89,1000.0
6,2,-1.88,1000.0
6,2,-1.87,1000.0
6,2,-1.86,1000.0
6,2,-1.85,1000.0
6,2,-1.84,1000.0
6,2,-1.83,1000.0
6,2,-1.82,1000.0
6,2,-1.81,1000.0
6,2,-1.8,1000.0
6,2,-1.79,1000.0
6,2,-1.78,1000.0
6,2,-1.77,1000.0
6,2,-1.76,1000.0
6,2,-1.75,1000.0
6,2,-1.74,1000.0
6,2,-1.73,1000.0
6,2,-1.72,1000.0
6,2,-1.71,1000.0
6,2,-1.7,1000.0
6,2,-1.69,1000.0
6,2,-1.68,1000.0
6,2,-1.67,1000.0
6,2,-1.66,1000.0
6,2,-1.65,1000.0
6,2,-1.64,1000.0
6,2,-1.63,1000.0
6,2,-1.62,1000.0
6,2,-1.61,1000.0
6,2,-1.6,1000.0
6,2,-1.59,1000.0
6,2,-1.58,1000.0
6,2,-1.57,1000.0
6,2,-1.56,1000.0
6,2,-1.55,1000.0
6,2,-1.54,1000.0
6,2,-1.53,1000.0
6,2,-1.52,1000.0
6,2,-1.51,1000.0
6,2,-1.5,1000.0
6,2,-1.49,1000.0
6,2,-1.48,1000.0
6,2,-1.47,1000.0
6,2,-1.46,1000.0
6,2,-1.45,1000.0
6,2,-1.44,1000.0
6,2,-1.43,1000.0
6,2,-1.42,1000.0
6,2,-1.41,1000.0
6,2,-1.4,1000.0
6,2,-1.39,1000.0
6,2,-1.38,1000.0
6,2,-1.37,1000.0
6,2,-1.36,1000.0
6,2,-1.35,1000.0
6,2,-1.34,1000.0
6,2,-1.33,1000.0
6,2,-1.32,1000.0
6,2,-1.31,1000.0
6,2,-1.3,1000.0
6,2,-1.29,1000.0
6,2,-1.28,1000.0
6,2,-1.27,1000.0
6,2,-1.26,1000.0
6,2,-1.25,1000.0
6,2,-1.24,1000.0
6,2,-1.23,1000.0
6,2,-1.22,1000.0
6,2,-1.21,1000.0
6,2,-1.2,1000.0
6,2,-1.19,1000.0
6,2,-1.18,1000.0
6,2,-1.17,1000.0
6,2,-1.16,1000.0
6,2,-1.15,1000.0
6,2,-1.14,1000.0
6,2,-1.13,4337.446473286937
6,2,-1.12,14.214422093225178
6,2,-1.11,7.7552082620176295
6,2,-1.1,6.301362506001113
6,2,-1.09,5.559971590731342
6,2,-1.08,5.081924620382501
6,2,-1.07,4.735577235508152
6,2,-1.06,4.46610988911639
6,2,-1.05,4.246013328351768
6,2,-1.04,4.059756839144772
6,2,-1.03,3.8978289407071447
6,2,-1.02,3.7540474841402856
6,2,-1.01,3.6242081511196917
6,2,-1.0,3.505348163834293
6,2,-0.99,3.395318924973798
6,2,-0.98,3.2925250203717824
6,2,-0.97,3.195758037185916
6,2,-0.96,3.1040870154865865
6,2,-0.95,3.016784086112996
6,2,-0.94,2.933272714495398
6,2,-0.93,2.853090892375395
6,2,-0.92,2.775864463749566
6,2,-0.91,2.701287473428027
6,2,-0.9,2.6291074767573317
6,2,-0.89,2.559114414741474
6,2,-0.88,2.4911320910184815
6,2,-0.87,2.4250115738747104
6,2,-0.86,2.360626040382909
6,2,-0.85,2.2978667131813864
6,2,-0.84,2.236639633688038
6,2,-0.83,2.176863081691329
6,2,-0.82,2.118465498789882
6,2,-0.81,2.061383807718022
6,2,-0.8,2.005562045013579
6,2,-0.79,1.950950243370328
6,2,-0.78,1.897503514184839
6,2,-0.77,1.8451812915309838
6,2,-0.76,1.793946706980178
6,2,-0.75,1.743766070982672
6,2,-0.74,1.694608441406182
6,2,-0.73,1.6464452636384717
6,2,-0.72,1.5992500696552563
6,2,-0.71,1.5529982258332091
6,2,-0.7,1.5076667215740769
6,2,-0.69,1.4632340087492197
6,2,-0.68,1.4196805457214055
6,2,-0.67,1.3769996601049732
6,2,-0.66,1.3351807732648024
6,2,-0.65,1.2941886129127067
6,2,-0.64,1.2540046024645686
6,2,-0.63,1.2146133109565376
6,2,-0.62,1.1760001400478786
6,2,-0.61,1.138151211491602
6,2,-0.6,1.101053323523752
6,2,-0.59,1.0646939144082492
6,2,-0.58,1.029061030744219
6,2,-0.57,0.9941432997404772
6,2,-0.56,0.959929904820734
6,2,-0.55,0.9264105640277297
6,2,-0.54,0.8935755107816802
6,2,-0.53,0.8614154766216668
6,2,-0.52,0.8299216756200548
6,2,-0.51,0.7990857902116371
6,2,-0.5,0.7688999582222799
6,2,-0.49,0.7393567609179285
6,2,-0.48,0.7104492119246931
6,2,-0.47,0.6821707468955729
6,2,-0.46,0.6545152138196972
6,2,-0.45,0.6274768638865824
6,2,-0.44,0.601050342831357
6,2,-0.43,0.5752306826975765
6,2,-0.42,0.5500132939626879
6,2,-0.41,0.5253939579776996
6,2,-0.4,0.501368819677464
6,2,-0.39,0.4779343805215846
6,2,-0.38,0.4550874916284244
6,2,-0.37,0.43282534706642656
6,2,-0.36,0.4111454772680198
6,2,-0.35,0.39004574253210805
6,2,-0.34,0.36952432658166245
6,2,-0.33,0.34957973014343546
6,2,-0.32,0.3302107645175307
6,2,-0.31,0.3114165451055789
6,2,-0.3,0.293196484867836
6,2,-0.29,0.27555028768171563
6,2,-0.28,0.2584779415772865
6,2,-0.27,0.24197971182918612
6,2,-0.26,0.22605613388938323
6,2,-0.25,0.21070800615131233
6,2,-0.24,0.1959363825432147
6,2,-0.23,0.18174256495711735
6,2,-0.22,0.168128095529824
6,2,-0.21,0.15509474880368443
6,2,-0.2,0.1426445238078792
6,2,-0.19,0.13077963611572696
6,2,-0.18,0.1195025099504866
6,2,-0.17,0.10881577043190915
6,2,-0.16,0.09872223607946073
6,2,-0.15,0.08922491171732502
6,2,-0.14,0.0803269819635968
6,2,-0.13,0.07203180553543932
6,2,-0.12,0.06434291066942566
6,2,-0.11,0.05726399205119853
6,2,-0.1,0.0507989097865518
6,2,-0.09,0.04495169115640815
6,2,-0.08,0.039726536246723586
6,2,-0.07,0.03512782920481909
6,2,-0.06,0.031160158357436313
6,2,-0.05,0.02782835232181022
6,2,-0.04,0.02513755055228455
6,2,-0.03,0.023093360789128277
6,2,-0.02,0.021702253234787243
6,2,-0.01,0.02097252966870478
6,2,0.0,0.020915482849303117
6,2,0.01,0.021541014472979556
6,2,0.02,0.022850678501040413
6,2,0.03,0.024844682737350483
6,2,0.04,0.027526316687730458
6,2,0.05,0.03090083982702114
6,2,0.06,0.03497456298707443
6,2,0.07,0.03975450857018106
6,2,0.08,0.045248312524435265
6,2,0.09,0.051464219523848914
6,2,0.1,0.05841112030293523
6,2,0.11,0.06609861429886993
6,2,0.12,0.07453709228002507
6,2,0.13,0.08373783779126763
6,2,0.14,0.09371314803507774
6,2,0.15,0.10447647583298073
6,2,0.16,0.11604259509984441
6,2,0.17,0.1284277930068595
6,2,0.18,0.14165009279799043
6,2,0.19,0.15572951212087194
6,2,0.2,0.1706883627940767
6,2,0.21,0.18655159922258582
6,2,0.22,0.2033472242701817
6,2,0.23,0.22110676340030228
6,2,0.24,0.23986582043466873
6,2,0.25,0.2596647315229185
6,2,0.26,0.2805493380970894
6,2,0.27,0.30257190501664916
6,2,0.28,0.3257922172271941
6,2,0.29,0.35027889766643167
6,2,0.3,0.3761110017153465
6,2,0.31,0.4033799604469379
6,2,0.32,0.4321919680701095
6,2,0.33,0.46267094095537437
6,2,0.34,0.49496222039064225
6,2,0.35,0.5292372544879721
6,2,0.36,0.5656995843853552
6,2,0.37,0.6045925859245809
6,2,0.38,0.6462095932707784
6,2,0.39,0.6909072919092066
6,2,0.4,0.7391237392883641
6,2,0.41,0.791403240434017
6,2,0.42,0.8484315679196266
6,2,0.43,0.9110867913521828
6,2,0.44,0.9805143232229602
6,2,0.45,1.058241275977885
6,2,0.46,1.1463574531893046
6,2,0.47,1.2478147131903745
6,2,0.48,1.3669489853055654
6,2,0.49,1.5104517296827138
6,2,0.5,1.6893328029792039
6,2,0.51,1.9233368247320142
6,2,0.52,2.252460210051639
6,2,0.53,2.7743482938298083
6,2,0.54,3.822297796438692
6,2,0.55,8.39155692467938
6,2,0.56,1018.9428142593665
6,2,0.57,1000.0
6,2,0.58,1000.0
6,2,0.59,1000.0
6,2,0.6,1000.0
6,2,0.61,1000.0
6,2,0.62,1000.0
6,2,0.63,1000.0
6,2,0.64,1000.0
6,2,0.65,1000.0
6,2,0.66,1000.0
6,2,0.67,1000.0
6,2,0.68,1000.0
6,2,0.69,1000.0
6,2,0.7,1000.0
6,2,0.71,1000.0
6,2,0.72,1000.0
6,2,0.73,1000.0
6,2,0.74,1000.0
6,2,0.75,1000.0
6,2,0.76,1000.0
6,2,0.77,1000.0
6,2,0.78,1000.0
6,2,0.79,1000.0
6,2,0.8,1000.0
6,2,0.81,1000.0
6,2,0.82,1000.0
6,2,0.83,1000.0
6,2,0.84,1000.0
6,2,0.85,1000.0
6,2,0.86,1000.0
6,2,0.87,1000.0
6,2,0.88,1000.0
6,2,0.89,1000.0
6,2,0.9,1000.0
6,2,0.91,1000.0
6,2,0.92,1000.0
6,2,0.93,1000.0
6,2,0.94,1000.0
6,2,0.95,1000.0
6,2,0.96,1000.0
6,2,0.97,1000.0
6,2,0.98,1000.0
6,2,0.99,1000.0
6,2,1.0,1000.0
6,2,1.01,1000.0
6,2,1.02,1000.0
6,2,1.03,1000.0
6,2,1.04,1000.0
6,2,1.05,1000.0
6,2,1.06,1000.0
6,2,1.07,1000.0
6,2,1.08,1000.0
6,2,1.09,1000.0
6,2,1.1,1000.0
6,2,1.11,1000.0
6,2,1.12,1000.0
6,2,1.13,1000.0
6,2,1.14,1000.0
6,2,1.15,1000.0
6,2,1.16,1000.0
6,2,1.17,1000.0
6,2,1.18,1000.0
6,2,1.19,1000.0
6,2,1.2,1000.0
6,2,1.21,1000.0
6,2,1.22,1000.0
6,2,1.23,1000.0
6,2,1.24,1000.0
6,2,1.25,1000.0
6,2,1.26,1000.0
6,2,1.27,1000.0
6,2,1.28,1000.0
6,2,1.29,1000.0
6,2,1.3,1000.0
6,2,1.31,1000.0
6,2,1.32,1000.0
6,2,1.33,1000.0
6,2,1.34,1000.0
6,2,1.35,1000.0
6,2,1.36,1000.0
6,2,1.37,1000.0
6,2,1.38,1000.0
6,2,1.39,1000.0
6,2,1.4,1000.0
6,2,1.41,1000.0
6,2,1.42,1000.0
6,2,1.43,1000.0
6,2,1.44,1000.0
6,2,1.45,1000.0
6,2,1.46,1000.0
6,2,1.47,1000.0
6,2,1.48,1000.0
6,2,1.49,1000.0
6,2,1.5,1000.0
6,2,1.51,1000.0
6,2,1.52,1000.0
6,2,1.53,1000.0
6,2,1.54,1000.0
6,2,1.55,1000.0
6,2,1.56,1000.0
6,2,1.57,1000.0
6,2,1.58,1000.0
6,2,1.59,1000.0
6,2,1.6,1000.0
6,2,1.61,1000.0
6,2,1.62,1000.0
6,2,1.63,1000.0
6,2,1.64,1000.0
6,2,1.65,1000.0
6,2,1.66,1000.0
6,2,1.67,1000.0
6,2,1.68,1000.0
6,2,1.69,1000.0
6,2,1.7,1000.0
6,2,1.71,1000.0
6,2,1.72,1000.0
6,2,1.73,1000.0
6,2,1.74,1000.0
6,2,1.75,1000.0
6,2,1.76,1000.0
6,2,1.77,1000.0
6,2,1.78,1000.0
6,2,1.79,1000.0
6,2,1.8,1000.0
6,2,1.81,1000.0
6,2,1.82,1000.0
6,2,1.83,1000.0
6,2,1.84,1000.0
6,2,1.85,1000.0
6,2,1.86,1000.0
6,2,1.87,1000.0
6,2,1.88,1000.0
6,2,1.89,1000.0
6,2,1.9,1000.0
6,2,1.91,1000.0
6,2,1.92,1000.0
6,2,1.93,1000.0
6,2,1.94,1000.0
6,2,1.95,1000.0
6,2,1.96,1000.0
6,2,1.97,1000.0
6,2,1.98,1000.0
6,2,1.99,1000.0
6,2,2.0,1000.0
6,5,-2.0,1000.0
6,5,-1.99,1000.0
6,5,-1.98,1000.0
6,5,-1.97,1000.0
6,5,-1.96,1000.0
6,5,-1.95,1000.0
6,5,-1.94,1000.0
6,5,-1.93,1000.0
6,5,-1.92,1000.0
6,5,-1.91,1000.0
6,5,-1.9,1000.0
6,5,-1.89,1000.0
6,5,-1.88,1000.0
6,5,-1.87,1000.0
6,5,-1.86,1000.0
6,5,-1.85,1000.0
6,5,-1.84,1000.0
6,5,-1.83,1000.0
6,5,-1.82,1000.0
6,5,-1.81,1000.0
6,5,-1.8,1000.0
6,5,-1.79,1000.0
6,5,-1.78,1000.0
6,5,-1.77,1000.0
6,5,-1.76,1000.0
6,5,-1.75,1000.0
6,5,-1.74,1000.0
6,5,-1.73,1000.0
6,5,-1.72,1000.0
6,5,-1.71,1000.0
6,5,-1.7,1000.0
6,5,-1.69,1000.0
6,5,-1.68,1000.0
6,5,-1.67,1000.0
6,5,-1.66,1000.0
6,5,-1.65,1000.0
6,5,-1.64,1000.0
6,5,-1.63,1000.0
6,5,-1.62,1000.0
6,5,-1.61,1000.0
6,5,-1.6,1000.0
6,5,-1.59,1000.0
6,5,-1.58,1000.0
6,5,-1.57,1000.0
6,5,-1.56,1000.0
6,5,-1.55,1000.0
6,5,-1.54,1000.0
6,5,-1.53,1000.0
6,5,-1.52,1000.0
6,5,-1.51,1000.0
6,5,-1.5,1000.0
6,5,-1.49,1000.0
6,5,-1.48,1000.0
6,5,-1.47,1000.0
6,5,-1.46,1000.0
6,5,-1.45,1000.0
6,5,-1.44,1000.0
6,5,-1.43,1000.0
6,5,-1.42,1000.0
6,5,-1.41,1000.0
6,5,-1.4,1000.0
6,5,-1.39,1000.0
6,5,-1.38,1000.0
6,5,-1.37,1000.0
6,5,-1.36,1000.0
6,5,-1.35,1000.0
6,5,-1.34,1000.0
6,5,-1.33,1000.0
6,5,-1.32,1000.0
6,5,-1.31,1000.0
6,5,-1.3,1000.0
6,5,-1.29,1000.0
6,5,-1.28,1000.0
6,5,-1.27,1000.0
6,5,-1.26,1000.0
6,5,-1.25,1000.0
6,5,-1.24,1000.0
6,5,-1.23,1000.0
6,5,-1.22,1000.0
6,5,-1.21,1000.0
6,5,-1.2,1000.0
6,5,-1.19,1000.0
6,5,-1.18,1000.0
6,5,-1.17,1000.0
6,5,-1.16,1000.0
6,5,-1.15,1000.0
6,5,-1.14,1000.0
6,5,-1.13,1000.0
6,5,-1.12,1000.0
6,5,-1.11,1000.0
6,5,-1.1,1000.0
6,5,-1.09,1000.0
6,5,-1.08,1000.0
6,5,-1.07,1000.0
6,5,-1.06,1000.0
6,5,-1.05,1000.0
6,5,-1.04,1000.0
6,5,-1.03,1000.0
6,5,-1.02,1000.0
6,5,-1.01,1000.0
6,5,-1.0,1000.0
6,5,-0.99,1000.0
6,5,-0.98,1000.0
6,5,-0.97,1000.0
6,5,-0.96,1000.0
6,5,-0.95,1000.0
6,5,-0.94,1000.0
6,5,-0.93,1000.0
6,5,-0.92,1000.0
6,5,-0.91,1000.0
6,5,-0.9,1000.0
6,5,-0.89,1000.0
6,5,-0.88,1000.0
6,5,-0.87,6.180036937327747
6,5,-0.86,6.175617096630573
6,5,-0.85,6.109973797581721
6,5,-0.84,6.03756439678101
6,5,-0.83,5.962924308078785
6,5,-0.82,5.887126198696637
6,5,-0.81,5.810671037637483
6,5,-0.8,5.733798609263836
6,5,-0.79,5.6565975954145795
6,5,-0.78,5.579070552035889
6,5,-0.77,5.501174566352554
6,5,-0.76,5.422846833872533
6,5,-0.75,5.344020847209666
6,5,-0.74,5.264636535477313
6,5,-0.73,5.184646184773156
6,5,-0.72,5.104017105324757
6,5,-0.71,5.022731585361182
6,5,-0.7,4.940784529499982
6,5,-0.69,4.85817922181443
6,5,-0.68,4.774922405095055
6,5,-0.67,4.6910289550595845
6,5,-0.66,4.606498960638588
6,5,-0.65,4.521291663895106
6,5,-0.64,4.435363285573221
6,5,-0.63,4.3486524186274265
6,5,-0.62,4.261079863059199
6,5,-0.61,4.172554351530563
6,5,-0.6,4.082982121169402
6,5,-0.59,3.9922796915303853
6,5,-0.58,3.900388342969082
6,5,-0.57,3.8072877968950776
6,5,-0.56,3.7130059425214843
6,5,-0.55,3.617621620457593
6,5,-0.54,3.5212587260947377
6,5,-0.53,3.4240720217866354
6,5,-0.52,3.3262273989299427
6,5,-0.51,3.227881161526478
6,5,-0.5,3.1291636622074024
6,5,-0.49,3.0301720104011527
6,5,-0.48,2.9309745344388847
6,5,-0.47,2.8316265477268976
6,5,-0.46,2.7321935691596217
6,5,-0.45,2.6327755675043303
6,5,-0.44,2.53352492212805
6,5,-0.43,2.434651943431334
6,5,-0.42,2.336414652043076
6,5,-0.41,2.2390931955944833
6,5,-0.4,2.142952577403492
6,5,-0.39,2.0481991416675767
6,5,-0.38,1.9549358896583158
6,5,-0.37,1.863119363635299
6,5,-0.36,1.7725174797298247
6,5,-0.35,1.6826654122666447
6,5,-0.34,1.5928216687441965
6,5,-0.33,1.5019604319655757
6,5,-0.32,1.4089580179995447
6,5,-0.31,1.3133775685999818
6,5,-0.3,1.2170345317431253
6,5,-0.29,1.1242401418354175
6,5,-0.28,1.038153915086883
6,5,-0.27,0.9584177720512285
6,5,-0.26,0.8835407339383335
6,5,-0.25,0.8128968961213192
6,5,-0.24,0.7466684458585334
6,5,-0.23,0.6851085979762982
6,5,-0.22,0.6280460159021225
6,5,-0.21,0.5749361153844513
6,5,-0.2,0.5251641830297553
6,5,-0.19,0.4782256653302943
6,5,-0.18,0.43373951852430553
6,5,-0.17,0.3914101924399264
6,5,-0.16,0.3510101010274531
6,5,-0.15,0.3123904303382214
6,5,-0.14,0.2755016165457951
6,5,-0.13,0.24040401289979832
6,5,-0.12,0.20725963603091363
6,5,-0.11,0.17630703575996765
6,5,-0.1,0.14782506434264148
6,5,-0.09,0.12208824594148637
6,5,-0.08,0.0993169130784556
6,5,-0.07,0.07963399152015842
6,5,-0.06,0.06304598495326481
6,5,-0.05,0.04945677673063385
6,5,-0.04,0.03870588439809965
6,5,-0.03,0.030613439934023882
6,5,-0.02,0.025017583710412176
6,5,-0.01,0.021799218790450794
6,5,0.0,0.020895430727674334
6,5,0.01,0.02230026472456094
6,5,0.02,0.026059980715441203
6,5,0.03,0.032282056483041055
6,5,0.04,0.0411425821703427
6,5,0.05,0.05288873605133381
6,5,0.06,0.06784005168774693
6,5,0.07,0.08638483948132925
6,5,0.08,0.10896547850231528
6,5,0.09,0.13604632212643827
6,5,0.1,0.168063070108829
6,5,0.11,0.20536608129351072
6,5,0.12,0.24818961987252758
6,5,0.13,0.29668907422302937
6,5,0.14,0.3510683476753396
6,5,0.15,0.4117733021949342
6,5,0.16,0.4796954309288014
6,5,0.17,0.5563507463280344
6,5,0.18,0.6440604876854052
6,5,0.19,0.7462260183836998
6,5,0.2,0.8678610660351019
6,5,0.21,1.0166942387248028
6,5,0.22,1.2055994161201173
6,5,0.23,1.4586049467063555
6,5,0.24,1.8288689451476514
6,5,0.25,2.473303841328431
6,5,0.26,4.297407980284768
6,5,0.27,1000.0
6,5,0.28,1000.0
6,5,0.29,1000.0
6,5,0.3,1000.0
6,5,0.31,1000.0
6,5,0.32,1000.0
6,5,0.33,1000.0
6,5,0.34,1000.0
6,5,0.35,1000.0
6,5,0.36,1000.0
6,5,0.37,1000.0
6,5,0.38,1000.0
6,5,0.39,1000.0
6,5,0.4,1000.0
6,5,0.41,1000.0
6,5,0.42,1000.0
6,5,0.43,1000.0
6,5,0.44,1000.0
6,5,0.45,1000.0
6,5,0.46,1000.0
6,5,0.47,1000.0
6,5,0.48,1000.0
6,5,0.49,1000.0
6,5,0.5,1000.0
6,5,0.51,1000.0
6,5,0.52,1000.0
6,5,0.53,1000.0
6,5,0.54,1000.0
6,5,0.55,1000.0
6,5,0.56,1000.0
6,5,0.57,1000.0
6,5,0.58,1000.0
6,5,0.59,1000.0
6,5,0.6,1000.0
6,5,0.61,1000.0
6,5,0.62,1000.0
6,5,0.63,1000.0
6,5,0.64,1000.0
6,5,0.65,1000.0
6,5,0.66,1000.0
6,5,0.67,1000.0
6,5,0.68,1000.0
6,5,0.69,1000.0
6,5,0.7,1000.0
6,5,0.71,1000.0
6,5,0.72,1000.0
6,5,0.73,1000.0
6,5,0.74,1000.0
6,5,0.75,1000.0
6,5,0.76,1000.0
6,5,0.77,1000.0
6,5,0.78,1000.0
6,5,0.79,1000.0
6,5,0.8,1000.0
6,5,0.81,1000.0
6,5,0.82,1000.0
6,5,0.83,1000.0
6,5,0.84,1000.0
6,5,0.85,1000.0
6,5,0.86,1000.0
6,5,0.87,1000.0
6,5,0.88,1000.0
6,5,0.89,1000.0
6,5,0.9,1000.0
6,5,0.91,1000.0
6,5,0.92,1000.0
6,5,0.93,1000.0
6,5,0.94,1000.0
6,5,0.95,1000.0
6,5,0.96,1000.0
6,5,0.97,1000.0
6,5,0.98,1000.0
6,5,0.99,1000.0
6,5,1.0,1000.0
6,5,1.01,1000.0
6,5,1.02,1000.0
6,5,1.03,1000.0
6,5,1.04,1000.0
6,5,1.05,1000.0
6,5,1.06,1000.0
6,5,1.07,1000.0
6,5,1.08,1000.0
6,5,1.09,1000.0
6,5,1.1,1000.0
6,5,1.11,1000.0
6,5,1.12,1000.0
6,5,1.13,1000.0
6,5,1.14,1000.0
6,5,1.15,1000.0
6,5,1.16,1000.0
6,5,1.17,1000.0
6,5,1.18,1000.0
6,5,1.19,1000.0
6,5,1.2,1000.0
6,5,1.21,1000.0
6,5,1.22,1000.0
6,5,1.23,1000.0
6,5,1.24,1000.0
6,5,1.25,1000.0
6,5,1.26,1000.0
6,5,1.27,1000.0
6,5,1.28,1000.0
6,5,1.29,1000.0
6,5,1.3,1000.0
6,5,1.31,1000.0
6,5,1.32,1000.0
6,5,1.33,1000.0
6,5,1.34,1000.0
6,5,1.35,1000.0
6,5,1.36,1000.0
6,5,1.37,1000.0
6,5,1.38,1000.0
6,5,1.39,1000.0
6,5,1.4,1000.0
6,5,1.41,1000.0
6,5,1.42,1000.0
6,5,1.43,1000.0
6,5,1.44,1000.0
6,5,1.45,1000.0
6,5,1.46,1000.0
6,5,1.47,1000.0
6,5,1.48,1000.0
6,5,1.49,1000.0
6,5,1.5,1000.0
6,5,1.51,1000.0
6,5,1.52,1000.0
6,5,1.53,1000.0
6,5,1.54,1000.0
6,5,1.55,1000.0
6,5,1.56,1000.0
6,5,1.57,1000.0
6,5,1.58,1000.0
6,5,1.59,1000.0
6,5,1.6,1000.0
6,5,1.61,1000.0
6,5,1.62,1000.0
6,5,1.63,1000.0
6,5,1.64,1000.0
6,5,1.65,1000.0
6,5,1.66,1000.0
6,5,1.67,1000.0
6,5,1.68,1000.0
6,5,1.69,1000.0
6,5,1.7,1000.0
6,5,1.71,1000.0
6,5,1.72,1000.0
6,5,1.73,1000.0
6,5,1.74,1000.0
6,5,1.75,1000.0
6,5,1.76,1000.0
6,5,1.77,1000.0
6,5,1.78,1000.0
6,5,1.79,1000.0
6,5,1.8,1000.0
6,5,1.81,1000.0
6,5,1.82,1000.0
6,5,1.83,1000.0
6,5,1.84,1000.0
6,5,1.85,1000.0
6,5,1.86,1000.0
6,5,1.87,1000.0
6,5,1.88,1000.0
6,5,1.89,1000.0
6,5,1.9,1000.0
6,5,1.91,1000.0
6,5,1.92,1000.0
6,5,1.93,1000.0
6,5,1.94,1000.0
6,5,1.95,1000.0
6,5,1.96,1000.0
6,5,1.97,1000.0
6,5,1.98,1000.0
6,5,1.99,1000.0
6,5,2.0,1000.0
6,10,-2.0,1000.0
6,10,-1.99,1000.0
6,10,-1.98,1000.0
6,10,-1.97,1000.0
6,10,-1.96,1000.0
6,10,-1.95,1000.0
6,10,-1.94,1000.0
6,10,-1.93,1000.0
6,10,-1.92,1000.0
6,10,-1.91,1000.0
6,10,-1.9,1000.0
6,10,-1.89,1000.0
6,10,-1.88,1000.0
6,10,-1.87,1000.0
6,10,-1.86,1000.0
6,10,-1.85,1000.0
6,10,-1.84,1000.0
6,10,-1.83,1000.0
6,10,-1.82,1000.0
6,10,-1.81,1000.0
6,10,-1.8,1000.0
6,10,-1.79,1000.0
6,10,-1.78,1000.0
6,10,-1.77,1000.0
6,10,-1.76,1000.0
6,10,-1.75,1000.0
6,10,-1.74,1000.0
6,10,-1.73,1000.0
6,10,-1.72,1000.0
6,10,-1.71,1000.0
6,10,-1.7,1000.0
6,10,-1.69,1000.0
6,10,-1.68,1000.0
6,10,-1.67,1000.0
6,10,-1.66,1000.0
6,10,-1.65,1000.0
6,10,-1.64,1000.0
6,10,-1.63,1000.0
6,10,-1.62,1000.0
6,10,-1.61,1000.0
6,10,-1.6,1000.0
6,10,-1.59,1000.0
6,10,-1.58,1000.0
6,10,-1.57,1000.0
6,10,-1.56,1000.0
6,10,-1.55,1000.0
6,10,-1.54,1000.0
6,10,-1.53,1000.0
6,10,-1.52,1000.0
6,10,-1.51,1000.0
6,10,-1.5,1000.0
6,10,-1.49,1000.0
6,10,-1.48,1000.0
6,10,-1.47,1000.0
6,10,-1.46,1000.0
6,10,-1.45,1000.0
6,10,-1.44,1000.0
6,10,-1.43,1000.0
6,10,-1.42,1000.0
6,10,-1.41,1000.0
6,10,-1.4,1000.0
6,10,-1.39,1000.0
6,10,-1.38,1000.0
6,10,-1.37,1000.0
6,10,-1.36,1000.0
6,10,-1.35,1000.0
6,10,-1.34,1000.0
6,10,-1.33,1000.0
6,10,-1.32,1000.0
6,10,-1.31,1000.0
6,10,-1.3,1000.0
6,10,-1.29,1000.0
6,10,-1.28,1000.0
6,10,-1.27,1000.0
6,10,-1.26,1000.0
6,10,-1.25,1000.0
6,10,-1.24,1000.0
6,10,-1.23,1000.0
6,10,-1.22,1000.0
6,10,-1.21,1000.0
6,10,-1.2,1000.0
6,10,-1.19,1000.0
6,10,-1.18,1000.0
6,10,-1.17,1000.0
6,10,-1.16,1000.0
6,10,-1.15,1000.0
6,10,-1.14,1000.0
6,10,-1.13,1000.0
6,10,-1.12,1000.0
6,10,-1.11,1000.0
6,10,-1.1,1000.0
6,10,-1.09,1000.0
6,10,-1.08,1000.0
6,10,-1.07,1000.0
6,10,-1.06,1000.0
6,10,-1.05,1000.0
6,10,-1.04,1000.0
6,10,-1.03,1000.0
6,10,-1.02,1000.0
6,10,-1.01,1000.0
6,10,-1.0,1000.0
6,10,-0.99,1000.0
6,10,-0.98,1000.0
6,10,-0.97,1000.0
6,10,-0.96,1000.0
6,10,-0.95,1000.0
6,10,-0.94,1000.0
6,10,-0.93,1000.0
6,10,-0.92,1000.0
6,10,-0.91,1000.0
6,10,-0.9,1000.0
6,10,-0.89,1000.0
6,10,-0.88,1000.0
6,10,-0.87,7.317548732497413
6,10,-0.86,7.090907895675431
6,10,-0.85,6.965923224061564
6,10,-0.84,6.874349002673214
6,10,-0.83,6.800808927748933
6,10,-0.82,6.738777589346544
6,10,-0.81,6.684919888351516
6,10,-0.8,6.637245106175983
6,10,-0.79,6.594428635774469
6,10,-0.78,6.555522352595741
6,10,-0.77,6.519812455683699
6,10,-0.76,6.486741018852881
6,10,-0.75,6.455858428034286
6,10,-0.74,6.426792331590286
6,10,-0.73,6.399226196300265
6,10,-0.72,6.372883918111698
6,10,-0.71,6.347518600066848
6,10,-0.7,6.322904505689548
6,10,-0.69,6.298831719366947
6,10,-0.68,6.275103965883007
6,10,-0.67,6.251549113074266
6,10,-0.66,6.228004273428135
6,10,-0.65,6.204298816916757
6,10,-0.64,6.18030083586106
6,10,-0.63,6.155908850379818
6,10,-0.62,6.1310533647260215
6,10,-0.61,6.105697337571168
6,10,-0.6,6.079831550439711
6,10,-0.59,6.053463497766876
6,10,-0.58,6.0265997004818015
6,10,-0.57,5.999223116576618
6,10,-0.56,5.971269327788088
6,10,-0.55,5.94260695719133
6,10,-0.54,5.913028805392764
6,10,-0.53,5.882259953403408
6,10,-0.52,5.8499869277139265
6,10,-0.51,5.815907167931687
6,10,-0.5,5.779790033658913
6,10,-0.49,5.741530754116166
6,10,-0.48,5.701171839850158
6,10,-0.47,5.658870332602907
6,10,-0.46,5.614809652116981
6,10,-0.45,5.569087912347558
6,10,-0.44,5.5216439313031636
6,10,-0.43,5.472282822244134
6,10,-0.42,5.420809955440437
6,10,-0.41,5.367175973887166
6,10,-0.4,5.311471989814285
6,10,-0.39,5.25379126516843
6,10,-0.38,5.194321758037645
6,10,-0.37,5.133658061047432
6,10,-0.36,5.0719118555393345
6,10,-0.35,5.006607848152431
6,10,-0.34,4.932961340308145
6,10,-0.33,4.8461122090446835
6,10,-0.32,4.740474156953967
6,10,-0.31,4.599204637008633
6,10,-0.3,4.176320250874342
6,10,-0.29,3.8535577951756097
6,10,-0.28,3.506858360215131
6,10,-0.27,3.290667621433088
6,10,-0.26,3.130696766028798
6,10,-0.25,2.9869670500170282
6,10,-0.24,2.851269796795618
6,10,-0.23,2.7190733406975385
6,10,-0.22,2.586680721037929
6,10,-0.21,2.451388638572287
6,10,-0.2,2.3123257271285076
6,10,-0.19,2.169638165469774
6,10,-0.18,2.0221084056496923
6,10,-0.17,1.867358760361471
6,10,-0.16,1.7055032454733152
6,10,-0.15,1.5386682947895198
6,10,-0.14,1.366465605557319
6,10,-0.13,1.1925141301457813
6,10,-0.12,1.0315454232512637
6,10,-0.11,0.8941822597696644
6,10,-0.1,0.7772816459255142
6,10,-0.09,0.6728430913212744
6,10,-0.08,0.5739400398954042
6,10,-0.07,0.4764189141048938
6,10,-0.06,0.3799011528464977
6,10,-0.05,0.28475405026263545
6,10,-0.04,0.19154336570096347
6,10,-0.03,0.11035279442148097
6,10,-0.02,0.05455387470453193
6,10,-0.01,0.02539488368296207
6,10,0.0,0.01543365226590483
6,10,0.01,0.018525477060728525
6,10,0.02,0.03208994632957452
6,10,0.03,0.055566321364338755
6,10,0.04,0.08933212386468038
6,10,0.05,0.13426325493093452
6,10,0.06,0.19169635276533792
6,10,0.07,0.26360103836363463
6,10,0.08,0.3529334322188385
6,10,0.09,0.4641518152475641
6,10,0.1,0.6043050230655903
6,10,0.11,0.7855178098172563
6,10,0.12,1.0302976297194408
6,10,0.13,1.3859596555015319
6,10,0.14,1.9789599320270388
6,10,0.15,3.413954325239775
6,10,0.16,1000.0
6,10,0.17,1000.0
6,10,0.18,1000.0
6,10,0.19,1000.0
6,10,0.2,1000.0
6,10,0.21,1000.0
6,10,0.22,1000.0
6,10,0.23,1000.0
6,10,0.24,1000.0
6,10,0.25,1000.0
6,10,0.26,1000.0
6,10,0.27,1000.0
6,10,0.28,1000.0
6,10,0.29,1000.0
6,10,0.3,1000.0
6,10,0.31,1000.0
6,10,0.32,1000.0
6,10,0.33,1000.0
6,10,0.34,1000.0
6,10,0.35,1000.0
6,10,0.36,1000.0
6,10,0.37,1000.0
6,10,0.38,1000.0
6,10,0.39,1000.0
6,10,0.4,1000.0
6,10,0.41,1000.0
6,10,0.42,1000.0
6,10,0.43,1000.0
6,10,0.44,1000.0
6,10,0.45,1000.0
6,10,0.46,1000.0
6,10,0.47,1000.0
6,10,0.48,1000.0
6,10,0.49,1000.0
6,10,0.5,1000.0
6,10,0.51,1000.0
6,10,0.52,1000.0
6,10,0.53,1000.0
6,10,0.54,1000.0
6,10,0.55,1000.0
6,10,0.56,1000.0
6,10,0.57,1000.0
6,10,0.58,1000.0
6,10,0.59,1000.0
6,10,0.6,1000.0
6,10,0.61,1000.0
6,10,0.62,1000.0
6,10,0.63,1000.0
6,10,0.64,1000.0
6,10,0.65,1000.0
6,10,0.66,1000.0
6,10,0.67,1000.0
6,10,0.68,1000.0
6,10,0.69,1000.0
6,10,0.7,1000.0
6,10,0.71,1000.0
6,10,0.72,1000.0
6,10,0.73,1000.0
6,10,0.74,1000.0
6,10,0.75,1000.0
6,10,0.76,1000.0
6,10,0.77,1000.0
6,10,0.78,1000.0
6,10,0.79,1000.0
6,10,0.8,1000.0
6,10,0.81,1000.0
6,10,0.82,1000.0
6,10,0.83,1000.0
6,10,0.84,1000.0
6,10,0.85,1000.0
6,10,0.86,1000.0
6,10,0.87,1000.0
6,10,0.88,1000.0
6,10,0.89,1000.0
6,10,0.9,1000.0
6,10,0.91,1000.0
6,10,0.92,1000.0
6,10,0.93,1000.0
6,10,0.94,1000.0
6,10,0.95,1000.0
6,10,0.96,1000.0
6,10,0.97,1000.0
6,10,0.98,1000.0
6,10,0.99,1000.0
6,10,1.0,1000.0
6,10,1.01,1000.0
6,10,1.02,1000.0
6,10,1.03,1000.0
6,10,1.04,1000.0
6,10,1.05,1000.0
6,10,1.06,1000.0
6,10,1.07,1000.0
6,10,1.08,1000.0
6,10,1.09,1000.0
6,10,1.1,1000.0
6,10,1.11,1000.0
6,10,1.12,1000.0
6,10,1.13,1000.0
6,10,1.14,1000.0
6,10,1.15,1000.0
6,10,1.16,1000.0
6,10,1.17,1000.0
6,10,1.18,1000.0
6,10,1.19,1000.0
6,10,1.2,1000.0
6,10,1.21,1000.0
6,10,1.22,1000.0
6,10,1.23,1000.0
6,10,1.24,1000.0
6,10,1.25,1000.0
6,10,1.26,1000.0
6,10,1.27,1000.0
6,10,1.28,1000.0
6,10,1.29,1000.0
6,10,1.3,1000.0
6,10,1.31,1000.0
6,10,1.32,1000.0
6,10,1.33,1000.0
6,10,1.34,1000.0
6,10,1.35,1000.0
6,10,1.36,1000.0
6,10,1.37,1000.0
6,10,1.38,1000.0
6,10,1.39,1000.0
6,10,1.4,1000.0
6,10,1.41,1000.0
6,10,1.42,1000.0
6,10,1.43,1000.0
6,10,1.44,1000.0
6,10,1.45,1000.0
6,10,1.46,1000.0
6,10,1.47,1000.0
6,10,1.48,1000.0
6,10,1.49,1000.0
6,10,1.5,1000.0
6,10,1.51,1000.0
6,10,1.52,1000.0
6,10,1.53,1000.0
6,10,1.54,1000.0
6,10,1.55,1000.0
6,10,1.56,1000.0
6,10,1.57,1000.0
6,10,1.58,1000.0
6,10,1.59,1000.0
6,10,1.6,1000.0
6,10,1.61,1000.0
6,10,1.62,1000.0
6,10,1.63,1000.0
6,10,1.64,1000.0
6,10,1.65,1000.0
6,10,1.66,1000.0
6,10,1.67,1000.0
6,10,1.68,1000.0
6,10,1.69,1000.0
6,10,1.7,1000.0
6,10,1.71,1000.0
6,10,1.72,1000.0
6,10,1.73,1000.0
6,10,1.74,1000.0
6,10,1.75,1000.0
6,10,1.76,1000.0
6,10,1.77,1000.0
6,10,1.78,1000.0
6,10,1.79,1000.0
6,10,1.8,1000.0
6,10,1.81,1000.0
6,10,1.82,1000.0
6,10,1.83,1000.0
6,10,1.84,1000.0
6,10,1.85,1000.0
6,10,1.86,1000.0
6,10,1.87,1000.0
6,10,1.88,1000.0
6,10,1.89,1000.0
6,10,1.9,1000.0
6,10,1.91,1000.0
6,10,1.92,1000.0
6,10,1.93,1000.0
6,10,1.94,1000.0
6,10,1.95,1000.0
6,10,1.96,1000.0
6,10,1.97,1000.0
6,10,1.98,1000.0
6,10,1.99,1000.0
6,10,2.0,1000.0
6,25,-2.0,1000.0
6,25,-1.99,1000.0
6,25,-1.98,1000.0
6,25,-1.97,1000.0
6,25,-1.96,1000.0
6,25,-1.95,1000.0
6,25,-1.94,1000.0
6,25,-1.93,1000.0
6,25,-1.92,1000.0
6,25,-1.91,1000.0
6,25,-1.9,1000.0
6,25,-1.89,1000.0
6,25,-1.88,1000.0
6,25,-1.87,1000.0
6,25,-1.86,1000.0
6,25,-1.85,1000.0
6,25,-1.84,1000.0
6,25,-1.83,1000.0
6,25,-1.82,1000.0
6,25,-1.81,1000.0
6,25,-1.8,1000.0
6,25,-1.79,1000.0
6,25,-1.78,1000.0
6,25,-1.77,1000.0
6,25,-1.76,1000.0
6,25,-1.75,1000.0
6,25,-1.74,1000.0
6,25,-1.73,1000.0
6,25,-1.72,1000.0
6,25,-1.71,1000.0
6,25,-1.7,1000.0
6,25,-1.69,1000.0
6,25,-1.68,1000.0
6,25,-1.67,1000.0
6,25,-1.66,1000.0
6,25,-1.65,1000.0
6,25,-1.64,1000.0
6,25,-1.63,1000.0
6,25,-1.62,1000.0
6,25,-1.61,1000.0
6,25,-1.6,1000.0
6,25,-1.59,1000.0
6,25,-1.58,1000.0
6,25,-1.57,1000.0
6,25,-1.56,1000.0
6,25,-1.55,1000.0
6,25,-1.54,1000.0
6,25,-1.53,1000.0
6,25,-1.52,1000.0
6,25,-1.51,1000.0
6,25,-1.5,1000.0
6,25,-1.49,1000.0
6,25,-1.48,1000.0
6,25,-1.47,1000.0
6,25,-1.46,1000.0
6,25,-1.45,1000.0
6,25,-1.44,1000.0
6,25,-1.43,1000.0
6,25,-1.42,1000.0
6,25,-1.41,1000.0
6,25,-1.4,1000.0
6,25,-1.39,1000.0
6,25,-1.38,1000.0
6,25,-1.37,1000.0
6,25,-1.36,1000.0
6,25,-1.35,1000.0
6,25,-1.34,1000.0
6,25,-1.33,1000.0
6,25,-1.32,1000.0
6,25,-1.31,1000.0
6,25,-1.3,1000.0
6,25,-1.29,1000.0
6,25,-1.28,1000.0
6,25,-1.27,1000.0
6,25,-1.26,1000.0
6,25,-1.25,1000.0
6,25,-1.24,1000.0
6,25,-1.23,1000.0
6,25,-1.22,1000.0
6,25,-1.21,1000.0
6,25,-1.2,1000.0
6,25,-1.19,1000.0
6,25,-1.18,1000.0
6,25,-1.17,1000.0
6,25,-1.16,1000.0
6,25,-1.15,1000.0
6,25,-1.14,1000.0
6,25,-1.13,1000.0
6,25,-1.12,1000.0
6,25,-1.11,1000.0
6,25,-1.1,1000.0
6,25,-1.09,1000.0
6,25,-1.08,1000.0
6,25,-1.07,1000.0
6,25,-1.06,1000.0
6,25,-1.05,1000.0
6,25,-1.04,1000.0
6,25,-1.03,1000.0
6,25,-1.02,1000.0
6,25,-1.01,1000.0
6,25,-1.0,1000.0
6,25,-0.99,1000.0
6,25,-0.98,1000.0
6,25,-0.97,1000.0
6,25,-0.96,1000.0
6,25,-0.95,1000.0
6,25,-0.94,1000.0
6,25,-0.93,1000.0
6,25,-0.92,1000.0
6,25,-0.91,1000.0
6,25,-0.9,1000.0
6,25,-0.89,1000.0
6,25,-0.88,1000.0
6,25,-0.87,6.091643440135596
6,25,-0.86,5.978867463458795
6,25,-0.85,5.902948264761254
6,25,-0.84,5.841040915992571
6,25,-0.83,5.786708115497702
6,25,-0.82,5.736996741362706
6,25,-0.81,5.69081212159602
6,25,-0.8,5.647770597304484
6,25,-0.79,5.607700411442907
6,25,-0.78,5.570415399236074
6,25,-0.77,5.5356323587414265
6,25,-0.76,5.502993775823327
6,25,-0.75,5.472164206473924
6,25,-0.74,5.442943591887747
6,25,-0.73,5.415316129212821
6,25,-0.72,5.389368622301173
6,25,-0.71,5.36509733167722
6,25,-0.7,5.342236422244193
6,25,-0.69,5.320278141403792
6,25,-0.68,5.29875333728716
6,25,-0.67,5.277624615318374
6,25,-0.66,5.25735925644693
6,25,-0.65,5.2384123802392075
6,25,-0.64,5.220532826483159
6,25,-0.63,5.2025882253336135
6,25,-0.62,5.183346344369662
6,25,-0.61,5.162588537996332
6,25,-0.6,5.141273631417826
6,25,-0.59,5.120296550015359
6,25,-0.58,5.099340553783124
6,25,-0.57,5.077444763806044
6,25,-0.56,5.0545280805241415
6,25,-0.55,5.031431012468503
6,25,-0.54,5.008443884876607
6,25,-0.53,4.9852092389430975
6,25,-0.52,4.96250560385497
6,25,-0.51,4.9426361343432115
6,25,-0.5,4.927291707116962
6,25,-0.49,4.916711002354481
6,25,-0.48,4.910472759521361
6,25,-0.47,4.907459877099155
6,25,-0.46,4.905842932685809
6,25,-0.45,4.904307648048143
6,25,-0.44,4.903044369282901
6,25,-0.43,4.90266235716656
6,25,-0.42,4.902618306321681
6,25,-0.41,4.901829778233857
6,25,-0.4,4.900629311773481
6,25,-0.39,4.900564756537509
6,25,-0.38,4.90249207573214
6,25,-0.37,4.906260792914795
6,25,-0.36,4.911772795002338
6,25,-0.35,4.919110205589725
6,25,-0.34,4.929312175708674
6,25,-0.33,4.944416822332879
6,25,-0.32,4.962879679728646
6,25,-0.31,4.9801543441602725
6,25,-0.3,4.995666047886767
6,25,-0.29,5.0080529798777995
6,25,-0.28,5.010347240663135
6,25,-0.27,5.0001776792078605
6,25,-0.26,4.983111503213228
6,25,-0.25,4.961135848710107
6,25,-0.24,4.930315708911476
6,25,-0.23,4.88950353932372
6,25,-0.22,4.8390290539453344
6,25,-0.21,4.775760423494336
6,25,-0.2,4.699748102425924
6,25,-0.19,4.6130562245404105
6,25,-0.18,4.5124504250392015
6,25,-0.17,4.392040746074683
6,25,-0.16,4.253371288175079
6,25,-0.15,4.094302952695497
6,25,-0.14,3.903998136844591
6,25,-0.13,3.696007879133416
6,25,-0.12,3.4569604799818734
6,25,-0.11,3.1912481336587675
6,25,-0.1,2.8983586030481905
6,25,-0.09,2.6004051952210894
6,25,-0.08,2.3041214638759455
6,25,-0.07,1.9967076815431664
6,25,-0.06,1.7061863570230722
6,25,-0.05,1.4336558158155022
6,25,-0.04,1.1465384515604793
6,25,-0.03,0.8360239046511829
6,25,-0.02,0.49891530997335964
6,25,-0.01,0.18217314086709482
6,25,0.0,0.020700188701984125
6,25,0.01,0.20795705860500593
6,25,0.02,0.44154568603967415
6,25,0.03,0.7196693309811787
6,25,0.04,1.144190798180505
6,25,0.05,1.5992512159977845
6,25,0.06,1.9388631843040758
6,25,0.07,2.4437843277347384
6,25,0.08,3.5563077364735673
6,25,0.09,1000.0
6,25,0.1,1000.0
6,25,0.11,1000.0
6,25,0.12,1000.0
6,25,0.13,1000.0
6,25,0.14,1000.0
6,25,0.15,1000.0
6,25,0.16,1000.0
6,25,0.17,1000.0
6,25,0.18,1000.0
6,25,0.19,1000.0
6,25,0.2,1000.0
6,25,0.21,1000.0
6,25,0.22,1000.0
6,25,0.23,1000.0
6,25,0.24,1000.0
6,25,0.25,1000.0
6,25,0.26,1000.0
6,25,0.27,1000.0
6,25,0.28,1000.0
6,25,0.29,1000.0
6,25,0.3,1000.0
6,25,0.31,1000.0
6,25,0.32,1000.0
6,25,0.33,1000.0
6,25,0.34,1000.0
6,25,0.35,1000.0
6,25,0.36,1000.0
6,25,0.37,1000.0
6,25,0.38,1000.0
6,25,0.39,1000.0
6,25,0.4,1000.0
6,25,0.41,1000.0
6,25,0.42,1000.0
6,25,0.43,1000.0
6,25,0.44,1000.0
6,25,0.45,1000.0
6,25,0.46,1000.0
6,25,0.47,1000.0
6,25,0.48,1000.0
6,25,0.49,1000.0
6,25,0.5,1000.0
6,25,0.51,1000.0
6,25,0.52,1000.0
6,25,0.53,1000.0
6,25,0.54,1000.0
6,25,0.55,1000.0
6,25,0.56,1000.0
6,25,0.57,1000.0
6,25,0.58,1000.0
6,25,0.59,1000.0
6,25,0.6,1000.0
6,25,0.61,1000.0
6,25,0.62,1000.0
6,25,0.63,1000.0
6,25,0.64,1000.0
6,25,0.65,1000.0
6,25,0.66,1000.0
6,25,0.67,1000.0
6,25,0.68,1000.0
6,25,0.69,1000.0
6,25,0.7,1000.0
6,25,0.71,1000.0
6,25,0.72,1000.0
6,25,0.73,1000.0
6,25,0.74,1000.0
6,25,0.75,1000.0
6,25,0.76,1000.0
6,25,0.77,1000.0
6,25,0.78,1000.0
6,25,0.79,1000.0
6,25,0.8,1000.0
6,25,0.81,1000.0
6,25,0.82,1000.0
6,25,0.83,1000.0
6,25,0.84,1000.0
6,25,0.85,1000.0
6,25,0.86,1000.0
6,25,0.87,1000.0
6,25,0.88,1000.0
6,25,0.89,1000.0
6,25,0.9,1000.0
6,25,0.91,1000.0
6,25,0.92,1000.0
6,25,0.93,1000.0
6,25,0.94,1000.0
6,25,0.95,1000.0
6,25,0.96,1000.0
6,25,0.97,1000.0
6,25,0.98,1000.0
6,25,0.99,1000.0
6,25,1.0,1000.0
6,25,1.01,1000.0
6,25,1.02,1000.0
6,25,1.03,1000.0
6,25,1.04,1000.0
6,25,1.05,1000.0
6,25,1.06,1000.0
6,25,1.07,1000.0
6,25,1.08,1000.0
6,25,1.09,1000.0
6,25,1.1,1000.0
6,25,1.11,1000.0
6,25,1.12,1000.0
6,25,1.13,1000.0
6,25,1.14,1000.0
6,25,1.15,1000.0
6,25,1.16,1000.0
6,25,1.17,1000.0
6,25,1.18,1000.0
6,25,1.19,1000.0
6,25,1.2,1000.0
6,25,1.21,1000.0
6,25,1.22,1000.0
6,25,1.23,1000.0
6,25,1.24,1000.0
6,25,1.25,1000.0
6,25,1.26,1000.0
6,25,1.27,1000.0
6,25,1.28,1000.0
6,25,1.29,1000.0
6,25,1.3,1000.0
6,25,1.31,1000.0
6,25,1.32,1000.0
6,25,1.33,1000.0
6,25,1.34,1000.0
6,25,1.35,1000.0
6,25,1.36,1000.0
6,25,1.37,1000.0
6,25,1.38,1000.0
6,25,1.39,1000.0
6,25,1.4,1000.0
6,25,1.41,1000.0
6,25,1.42,1000.0
6,25,1.43,1000.0
6,25,1.44,1000.0
6,25,1.45,1000.0
6,25,1.46,1000.0
6,25,1.47,1000.0
6,25,1.48,1000.0
6,25,1.49,1000.0
6,25,1.5,1000.0
6,25,1.51,1000.0
6,25,1.52,1000.0
6,25,1.53,1000.0
6,25,1.54,1000.0
6,25,1.55,1000.0
6,25,1.56,1000.0
6,25,1.57,1000.0
6,25,1.58,1000.0
6,25,1.59,1000.0
6,25,1.6,1000.0
6,25,1.61,1000.0
6,25,1.62,1000.0
6,25,1.63,1000.0
6,25,1.64,1000.0
6,25,1.65,1000.0
6,25,1.66,1000.0
6,25,1.67,1000.0
6,25,1.68,1000.0
6,25,1.69,1000.0
6,25,1.7,1000.0
6,25,1.71,1000.0
6,25,1.72,1000.0
6,25,1.73,1000.0
6,25,1.74,1000.0
6,25,1.75,1000.0
6,25,1.76,1000.0
6,25,1.77,1000.0
6,25,1.78,1000.0
6,25,1.79,1000.0
6,25,1.8,1000.0
6,25,1.81,1000.0
6,25,1.82,1000.0
6,25,1.83,1000.0
6,25,1.84,1000.0
6,25,1.85,1000.0
6,25,1.86,1000.0
6,25,1.87,1000.0
6,25,1.88,1000.0
6,25,1.89,1000.0
6,25,1.9,1000.0
6,25,1.91,1000.0
6,25,1.92,1000.0
6,25,1.93,1000.0
6,25,1.94,1000.0
6,25,1.95,1000.0
6,25,1.96,1000.0
6,25,1.97,1000.0
6,25,1.98,1000.0
6,25,1.99,1000.0
6,25,2.0,1000.0
6,50,-2.0,1000.0
6,50,-1.99,1000.0
6,50,-1.98,1000.0
6,50,-1.97,1000.0
6,50,-1.96,1000.0
6,50,-1.95,1000.0
6,50,-1.94,1000.0
6,50,-1.93,1000.0
6,50,-1.92,1000.0
6,50,-1.91,1000.0
6,50,-1.9,1000.0
6,50,-1.89,1000.0
6,50,-1.88,1000.0
6,50,-1.87,1000.0
6,50,-1.86,1000.0
6,50,-1.85,1000.0
6,50,-1.84,1000.0
6,50,-1.83,1000.0
6,50,-1.82,1000.0
6,50,-1.81,1000.0
6,50,-1.8,1000.0
6,50,-1.79,1000.0
6,50,-1.78,1000.0
6,50,-1.77,1000.0
6,50,-1.76,1000.0
6,50,-1.75,1000.0
6,50,-1.74,1000.0
6,50,-1.73,1000.0
6,50,-1.72,1000.0
6,50,-1.71,1000.0
6,50,-1.7,1000.0
6,50,-1.69,1000.0
6,50,-1.68,1000.0
6,50,-1.67,1000.0
6,50,-1.66,1000.0
6,50,-1.65,1000.0
6,50,-1.64,1000.0
6,50,-1.63,1000.0
6,50,-1.62,1000.0
6,50,-1.61,1000.0
6,50,-1.6,1000.0
6,50,-1.59,1000.0
6,50,-1.58,1000.0
6,50,-1.57,1000.0
6,50,-1.56,1000.0
6,50,-1.55,1000.0
6,50,-1.54,1000.0
6,50,-1.53,1000.0
6,50,-1.52,1000.0
6,50,-1.51,1000.0
6,50,-1.5,1000.0
6,50,-1.49,1000.0
6,50,-1.48,1000.0
6,50,-1.47,1000.0
6,50,-1.46,1000.0
6,50,-1.45,1000.0
6,50,-1.44,1000.0
6,50,-1.43,1000.0
6,50,-1.42,1000.0
6,50,-1.41,1000.0
6,50,-1.4,1000.0
6,50,-1.39,1000.0
6,50,-1.38,1000.0
6,50,-1.37,1000.0
6,50,-1.36,1000.0
6,50,-1.35,1000.0
6,50,-1.34,1000.0
6,50,-1.33,1000.0
6,50,-1.32,1000.0
6,50,-1.31,1000.0
6,50,-1.3,1000.0
6,50,-1.29,1000.0
6,50,-1.28,1000.0
6,50,-1.27,1000.0
6,50,-1.26,1000.0
6,50,-1.25,1000.0
6,50,-1.24,1000.0
6,50,-1.23,1000.0
6,50,-1.22,1000.0
6,50,-1.21,1000.0
6,50,-1.2,1000.0
6,50,-1.19,1000.0
6,50,-1.18,1000.0
6,50,-1.17,1000.0
6,50,-1.16,1000.0
6,50,-1.15,1000.0
6,50,-1.14,1000.0
6,50,-1.13,1000.0
6,50,-1.12,1000.0
6,50,-1.11,1000.0
6,50,-1.1,1000.0
6,50,-1.09,1000.0
6,50,-1.08,1000.0
6,50,-1.07,1000.0
6,50,-1.06,1000.0
6,50,-1.05,1000.0
6,50,-1.04,1000.0
6,50,-1.03,1000.0
6,50,-1.02,1000.0
6,50,-1.01,1000.0
6,50,-1.0,1000.0
6,50,-0.99,1000.0
6,50,-0.98,1000.0
6,50,-0.97,1000.0
6,50,-0.96,1000.0
6,50,-0.95,1000.0
6,50,-0.94,1000.0
6,50,-0.93,1000.0
6,50,-0.92,1000.0
6,50,-0.91,1000.0
6,50,-0.9,1000.0
6,50,-0.89,1000.0
6,50,-0.88,1000.0
6,50,-0.87,6.083146610919427
6,50,-0.86,5.960024893423558
6,50,-0.85,5.887193228058047
6,50,-0.84,5.828534382288165
6,50,-0.83,5.77656093956725
6,50,-0.82,5.728955788358981
6,50,-0.81,5.684601484051388
6,50,-0.8,5.642801303151571
6,50,-0.79,5.603174636899084
6,50,-0.78,5.5655417282614845
6,50,-0.77,5.529628361895234
6,50,-0.76,5.494809241508422
6,50,-0.75,5.460297512618084
6,50,-0.74,5.425768621562422
6,50,-0.73,5.3915712108415645
6,50,-0.72,5.357993079703245
6,50,-0.71,5.324780518386609
6,50,-0.7,5.291783922366127
6,50,-0.69,5.259568233834697
6,50,-0.68,5.228482356224953
6,50,-0.67,5.197868968917594
6,50,-0.66,5.167790143751975
6,50,-0.65,5.138992514421677
6,50,-0.64,5.110405178358667
6,50,-0.63,5.080159857945021
6,50,-0.62,5.049853575637974
6,50,-0.61,5.0218826947723105
6,50,-0.6,4.9952330442448565
6,50,-0.59,4.968337475694862
6,50,-0.58,4.94003705786141
6,50,-0.57,4.9096693909841385
6,50,-0.56,4.880191608682378
6,50,-0.55,4.85194233065797
6,50,-0.54,4.8216892486290535
6,50,-0.53,4.790707063487349
6,50,-0.52,4.762168868370314
6,50,-0.51,4.743706136012589
6,50,-0.5,4.744160491167548
6,50,-0.49,4.760869506500922
6,50,-0.48,4.785521638906167
6,50,-0.47,4.811897642473371
6,50,-0.46,4.833854877266283
6,50,-0.45,4.849791080694044
6,50,-0.44,4.860746370037266
6,50,-0.43,4.865479792074403
6,50,-0.42,4.864825359508661
6,50,-0.41,4.856112545470937
6,50,-0.4,4.840498672881905
6,50,-0.39,4.817896625765482
6,50,-0.38,4.789843132572316
6,50,-0.37,4.7621091143731356
6,50,-0.36,4.730832019310405
6,50,-0.35,4.6932562979326455
6,50,-0.34,4.6545826052800745
6,50,-0.33,4.612337546618281
6,50,-0.32,4.575541434637918
6,50,-0.31,4.542970357897679
6,50,-0.3,4.520901862450267
6,50,-0.29,4.508280893876627
6,50,-0.28,4.500672494829511
6,50,-0.27,4.499974533850717
6,50,-0.26,4.50184242621194
6,50,-0.25,4.506196044392492
6,50,-0.24,4.508632686363741
6,50,-0.23,4.507144062352027
6,50,-0.22,4.500159459755167
6,50,-0.21,4.489201652510867
6,50,-0.2,4.502820886395553
6,50,-0.19,4.556805960553845
6,50,-0.18,4.649936280510702
6,50,-0.17,4.764035747639378
6,50,-0.16,4.882884167063946
6,50,-0.15,4.999040750714461
6,50,-0.14,5.10067715513892
6,50,-0.13,5.191951078950222
6,50,-0.12,5.25685727178655
6,50,-0.11,5.271228527508894
6,50,-0.1,5.193900216216612
6,50,-0.09,4.983455252569571
6,50,-0.08,4.651507492521456
6,50,-0.07,4.231105235092934
6,50,-0.06,3.7275222575341505
6,50,-0.05,3.120906099799963
6,50,-0.04,2.404153390785685
6,50,-0.03,1.5972309534364382
6,50,-0.02,0.9392080104210082
6,50,-0.01,0.3276448630202846
6,50,0.0,0.02728570980472099
6,50,0.01,0.5157897463872314
6,50,0.02,1.5638891235459553
6,50,0.03,3.108511308381971
6,50,0.04,3.7720696450426767
6,50,0.05,2.515959104030136
6,50,0.06,2.6803006063388684
6,50,0.07,2.865079701193928
6,50,0.08,4.017235036932242
6,50,0.09,1000.0
6,50,0.1,1000.0
6,50,0.11,1000.0
6,50,0.12,1000.0
6,50,0.13,1000.0
6,50,0.14,1000.0
6,50,0.15,1000.0
6,50,0.16,1000.0
6,50,0.17,1000.0
6,50,0.18,1000.0
6,50,0.19,1000.0
6,50,0.2,1000.0
6,50,0.21,1000.0
6,50,0.22,1000.0
6,50,0.23,1000.0
6,50,0.24,1000.0
6,50,0.25,1000.0
6,50,0.26,1000.0
6,50,0.27,1000.0
6,50,0.28,1000.0
6,50,0.29,1000.0
6,50,0.3,1000.0
6,50,0.31,1000.0
6,50,0.32,1000.0
6,50,0.33,1000.0
6,50,0.34,1000.0
6,50,0.35,1000.0
6,50,0.36,1000.0
6,50,0.37,1000.0
6,50,0.38,1000.0
6,50,0.39,1000.0
6,50,0.4,1000.0
6,50,0.41,1000.0
6,50,0.42,1000.0
6,50,0.43,1000.0
6,50,0.44,1000.0
6,50,0.45,1000.0
6,50,0.46,1000.0
6,50,0.47,1000.0
6,50,0.48,1000.0
6,50,0.49,1000.0
6,50,0.5,1000.0
6,50,0.51,1000.0
6,50,0.52,1000.0
6,50,0.53,1000.0
6,50,0.54,1000.0
6,50,0.55,1000.0
6,50,0.56,1000.0
6,50,0.57,1000.0
6,50,0.58,1000.0
6,50,0.59,1000.0
6,50,0.6,1000.0
6,50,0.61,1000.0
6,50,0.62,1000.0
6,50,0.63,1000.0
6,50,0.64,1000.0
6,50,0.65,1000.0
6,50,0.66,1000.0
6,50,0.67,1000.0
6,50,0.68,1000.0
6,50,0.69,1000.0
6,50,0.7,1000.0
6,50,0.71,1000.0
6,50,0.72,1000.0
6,50,0.73,1000.0
6,50,0.74,1000.0
6,50,0.75,1000.0
6,50,0.76,1000.0
6,50,0.77,1000.0
6,50,0.78,1000.0
6,50,0.79,1000.0
6,50,0.8,1000.0
6,50,0.81,1000.0
6,50,0.82,1000.0
6,50,0.83,1000.0
6,50,0.84,1000.0
6,50,0.85,1000.0
6,50,0.86,1000.0
6,50,0.87,1000.0
6,50,0.88,1000.0
6,50,0.89,1000.0
6,50,0.9,1000.0
6,50,0.91,1000.0
6,50,0.92,1000.0
6,50,0.93,1000.0
6,50,0.94,1000.0
6,50,0.95,1000.0
6,50,0.96,1000.0
6,50,0.97,1000.0
6,50,0.98,1000.0
6,50,0.99,1000.0
6,50,1.0,1000.0
6,50,1.01,1000.0
6,50,1.02,1000.0
6,50,1.03,1000.0
6,50,1.04,1000.0
6,50,1.05,1000.0
6,50,1.06,1000.0
6,50,1.07,1000.0
6,50,1.08,1000.0
6,50,1.09,1000.0
6,50,1.1,1000.0
6,50,1.11,1000.0
6,50,1.12,1000.0
6,50,1.13,1000.0
6,50,1.14,1000.0
6,50,1.15,1000.0
6,50,1.16,1000.0
6,50,1.17,1000.0
6,50,1.18,1000.0
6,50,1.19,1000.0
6,50,1.2,1000.0
6,50,1.21,1000.0
6,50,1.22,1000.0
6,50,1.23,1000.0
6,50,1.24,1000.0
6,50,1.25,1000.0
6,50,1.26,1000.0
6,50,1.27,1000.0
6,50,1.28,1000.0
6,50,1.29,1000.0
6,50,1.3,1000.0
6,50,1.31,1000.0
6,50,1.32,1000.0
6,50,1.33,1000.0
6,50,1.34,1000.0
6,50,1.35,1000.0
6,50,1.36,1000.0
6,50,1.37,1000.0
6,50,1.38,1000.0
6,50,1.39,1000.0
6,50,1.4,1000.0
6,50,1.41,1000.0
6,50,1.42,1000.0
6,50,1.43,1000.0
6,50,1.44,1000.0
6,50,1.45,1000.0
6,50,1.46,1000.0
6,50,1.47,1000.0
6,50,1.48,1000.0
6,50,1.49,1000.0
6,50,1.5,1000.0
6,50,1.51,1000.0
6,50,1.52,1000.0
6,50,1.53,1000.0
6,50,1.54,1000.0
6,50,1.55,1000.0
6,50,1.56,1000.0
6,50,1.57,1000.0
6,50,1.58,1000.0
6,50,1.59,1000.0
6,50,1.6,1000.0
6,50,1.61,1000.0
6,50,1.62,1000.0
6,50,1.63,1000.0
6,50,1.64,1000.0
6,50,1.65,1000.0
6,50,1.66,1000.0
6,50,1.67,1000.0
6,50,1.68,1000.0
6,50,1.69,1000.0
6,50,1.7,1000.0
6,50,1.71,1000.0
6,50,1.72,1000.0
6,50,1.73,1000.0
6,50,1.74,1000.0
6,50,1.75,1000.0
6,50,1.76,1000.0
6,50,1.77,1000.0
6,50,1.78,1000.0
6,50,1.79,1000.0
6,50,1.8,1000.0
6,50,1.81,1000.0
6,50,1.82,1000.0
6,50,1.83,1000.0
6,50,1.84,1000.0
6,50,1.85,1000.0
6,50,1.86,1000.0
6,50,1.87,1000.0
6,50,1.88,1000.0
6,50,1.89,1000.0
6,50,1.9,1000.0
6,50,1.91,1000.0
6,50,1.92,1000.0
6,50,1.93,1000.0
6,50,1.94,1000.0
6,50,1.95,1000.0
6,50,1.96,1000.0
6,50,1.97,1000.0
6,50,1.98,1000.0
6,50,1.99,1000.0
6,50,2.0,1000.0
6,100,-2.0,1000.0
6,100,-1.99,1000.0
6,100,-1.98,1000.0
6,100,-1.97,1000.0
6,100,-1.96,1000.0
6,100,-1.95,1000.0
6,100,-1.94,1000.0
6,100,-1.93,1000.0
6,100,-1.92,1000.0
6,100,-1.91,1000.0
6,100,-1.9,1000.0
6,100,-1.89,1000.0
6,100,-1.88,1000.0
6,100,-1.87,1000.0
6,100,-1.86,1000.0
6,100,-1.85,1000.0
6,100,-1.84,1000.0
6,100,-1.83,1000.0
6,100,-1.82,1000.0
6,100,-1.81,1000.0
6,100,-1.8,1000.0
6,100,-1.79,1000.0
6,100,-1.78,1000.0
6,100,-1.77,1000.0
6,100,-1.76,1000.0
6,100,-1.75,1000.0
6,100,-1.74,1000.0
6,100,-1.73,1000.0
6,100,-1.72,1000.0
6,100,-1.71,1000.0
6,100,-1.7,1000.0
6,100,-1.69,1000.0
6,100,-1.68,1000.0
6,100,-1.67,1000.0
6,100,-1.66,1000.0
6,100,-1.65,1000.0
6,100,-1.64,1000.0
6,100,-1.63,1000.0
6,100,-1.62,1000.0
6,100,-1.61,1000.0
6,100,-1.6,1000.0
6,100,-1.59,1000.0
6,100,-1.58,1000.0
6,100,-1.57,1000.0
6,100,-1.56,1000.0
6,100,-1.55,1000.0
6,100,-1.54,1000.0
6,100,-1.53,1000.0
6,100,-1.52,1000.0
6,100,-1.51,1000.0
6,100,-1.5,1000.0
6,100,-1.49,1000.0
6,100,-1.48,1000.0
6,100,-1.47,1000.0
6,100,-1.46,1000.0
6,100,-1.45,1000.0
6,100,-1.44,1000.0
6,100,-1.43,1000.0
6,100,-1.42,1000.0
6,100,-1.41,1000.0
6,100,-1.4,1000.0
6,100,-1.39,1000.0
6,100,-1.38,1000.0
6,100,-1.37,1000.0
6,100,-1.36,1000.0
6,100,-1.35,1000.0
6,100,-1.34,1000.0
6,100,-1.33,1000.0
6,100,-1.32,1000.0
6,100,-1.31,1000.0
6,100,-1.3,1000.0
6,100,-1.29,1000.0
6,100,-1.28,1000.0
6,100,-1.27,1000.0
6,100,-1.26,1000.0
6,100,-1.25,1000.0
6,100,-1.24,1000.0
6,100,-1.23,1000.0
6,100,-1.22,1000.0
6,100,-1.21,1000.0
6,100,-1.2,1000.0
6,100,-1.19,1000.0
6,100,-1.18,1000.0
6,100,-1.17,1000.0
6,100,-1.16,1000.0
6,100,-1.15,1000.0
6,100,-1.14,1000.0
6,100,-1.13,1000.0
6,100,-1.12,1000.0
6,100,-1.11,1000.0
6,100,-1.1,1000.0
6,100,-1.09,1000.0
6,100,-1.08,1000.0
6,100,-1.07,1000.0
6,100,-1.06,1000.0
6,100,-1.05,1000.0
6,100,-1.04,1000.0
6,100,-1.03,1000.0
6,100,-1.02,1000.0
6,100,-1.01,1000.0
6,100,-1.0,1000.0
6,100,-0.99,1000.0
6,100,-0.98,1000.0
6,100,-0.97,1000.0
6,100,-0.96,1000.0
6,100,-0.95,1000.0
6,100,-0.94,1000.0
6,100,-0.93,1000.0
6,100,-0.92,1000.0
6,100,-0.91,1000.0
6,100,-0.9,1000.0
6,100,-0.89,1000.0
6,100,-0.88,1000.0
6,100,-0.87,5.856140118230471
6,100,-0.86,5.799729009123554
6,100,-0.85,5.750006926661406
6,100,-0.84,5.7022979237728455
6,100,-0.83,5.653014015985664
6,100,-0.82,5.6027440059804645
6,100,-0.81,5.552427302701358
6,100,-0.8,5.502840081780347
6,100,-0.79,5.455980564872666
6,100,-0.78,5.412700543032782
6,100,-0.77,5.367097841399565
6,100,-0.76,5.321194957084224
6,100,-0.75,5.287479491308858
6,100,-0.74,5.253027033546986
6,100,-0.73,5.21481897880346
6,100,-0.72,5.180560031749635
6,100,-0.71,5.144997742105112
6,100,-0.7,5.109878528849116
6,100,-0.69,5.077283512958495
6,100,-0.68,5.048443322657921
6,100,-0.67,5.022382905458387
6,100,-0.66,5.0028699800118925
6,100,-0.65,4.999621891514393
6,100,-0.64,5.010141532196417
6,100,-0.63,5.015757814903159
6,100,-0.62,5.029987090231254
6,100,-0.61,5.0407252497515636
6,100,-0.6,5.045611497098364
6,100,-0.59,5.042269515313855
6,100,-0.58,5.039057639356932
6,100,-0.57,5.023601822420057
6,100,-0.56,4.9996202234006955
6,100,-0.55,4.970063780399364
6,100,-0.54,4.937106137922662
6,100,-0.53,4.902170220633348
6,100,-0.52,4.868021446821084
6,100,-0.51,4.843410060309642
6,100,-0.5,4.834730028142462
6,100,-0.49,4.836740623069677
6,100,-0.48,4.84202482051496
6,100,-0.47,4.840985088788754
6,100,-0.46,4.844886707209985
6,100,-0.45,4.866468075393233
6,100,-0.44,4.895030331511242
6,100,-0.43,4.9035620158054956
6,100,-0.42,4.896728494501822
6,100,-0.41,4.871174199576694
6,100,-0.4,4.831425324814042
6,100,-0.39,4.797816980136463
6,100,-0.38,4.748213580344444
6,100,-0.37,4.691526932075713
6,100,-0.36,4.621773829573259
6,100,-0.35,4.522104232772683
6,100,-0.34,4.382621949278337
6,100,-0.33,4.206981318679279
6,100,-0.32,4.024366270937629
6,100,-0.31,3.8511999318629906
6,100,-0.3,3.7051756516052343
6,100,-0.29,3.6328183112946126
6,100,-0.28,3.655624961350908
6,100,-0.27,3.7540181199120575
6,100,-0.26,3.90919877770105
6,100,-0.25,4.0974010650267
6,100,-0.24,4.292930392362869
6,100,-0.23,4.5086551494766995
6,100,-0.22,4.712526888667587
6,100,-0.21,4.881699584286703
6,100,-0.2,5.02814679757405
6,100,-0.19,5.157310655075571
6,100,-0.18,5.259399332493115
6,100,-0.17,5.306117256121466
6,100,-0.16,5.262367062768714
6,100,-0.15,5.221528034622914
6,100,-0.14,5.114639873043577
6,100,-0.13,4.960244701277354
6,100,-0.12,4.731303722070802
6,100,-0.11,4.444142365984812
6,100,-0.1,4.289743290662752
6,100,-0.09,4.29087242865081
6,100,-0.08,4.3782754486138025
6,100,-0.07,4.512993728400637
6,100,-0.06,4.817995318191054
6,100,-0.05,5.204232788461059
6,100,-0.04,5.106875377606375
6,100,-0.03,4.358551955953081
6,100,-0.02,3.0149090672814696
6,100,-0.01,1.3228206770066107
6,100,0.0,0.017576201469118733
6,100,0.01,1.4402764660516658
6,100,0.02,3.9123087629632445
6,100,0.03,4.793011690272218
6,100,0.04,4.210709587823155
6,100,0.05,2.5592645342116445
6,100,0.06,2.6774223534559023
6,100,0.07,3.0165236793778916
6,100,0.08,1000.0
6,100,0.09,1000.0
6,100,0.1,1000.0
6,100,0.11,1000.0
6,100,0.12,1000.0
6,100,0.13,1000.0
6,100,0.14,1000.0
6,100,0.15,1000.0
6,100,0.16,1000.0
6,100,0.17,1000.0
6,100,0.18,1000.0
6,100,0.19,1000.0
6,100,0.2,1000.0
6,100,0.21,1000.0
6,100,0.22,1000.0
6,100,0.23,1000.0
6,100,0.24,1000.0
6,100,0.25,1000.0
6,100,0.26,1000.0
6,100,0.27,1000.0
6,100,0.28,1000.0
6,100,0.29,1000.0
6,100,0.3,1000.0
6,100,0.31,1000.0
6,100,0.32,1000.0
6,100,0.33,1000.0
6,100,0.34,1000.0
6,100,0.35,1000.0
6,100,0.36,1000.0
6,100,0.37,1000.0
6,100,0.38,1000.0
6,100,0.39,1000.0
6,100,0.4,1000.0
6,100,0.41,1000.0
6,100,0.42,1000.0
6,100,0.43,1000.0
6,100,0.44,1000.0
6,100,0.45,1000.0
6,100,0.46,1000.0
6,100,0.47,1000.0
6,100,0.48,1000.0
6,100,0.49,1000.0
6,100,0.5,1000.0
6,100,0.51,1000.0
6,100,0.52,1000.0
6,100,0.53,1000.0
6,100,0.54,1000.0
6,100,0.55,1000.0
6,100,0.56,1000.0
6,100,0.57,1000.0
6,100,0.58,1000.0
6,100,0.59,1000.0
6,100,0.6,1000.0
6,100,0.61,1000.0
6,100,0.62,1000.0
6,100,0.63,1000.0
6,100,0.64,1000.0
6,100,0.65,1000.0
6,100,0.66,1000.0
6,100,0.67,1000.0
6,100,0.68,1000.0
6,100,0.69,1000.0
6,100,0.7,1000.0
6,100,0.71,1000.0
6,100,0.72,1000.0
6,100,0.73,1000.0
6,100,0.74,1000.0
6,100,0.75,1000.0
6,100,0.76,1000.0
6,100,0.77,1000.0
6,100,0.78,1000.0
6,100,0.79,1000.0
6,100,0.8,1000.0
6,100,0.81,1000.0
6,100,0.82,1000.0
6,100,0.83,1000.0
6,100,0.84,1000.0
6,100,0.85,1000.0
6,100,0.86,1000.0
6,100,0.87,1000.0
6,100,0.88,1000.0
6,100,0.89,1000.0
6,100,0.9,1000.0
6,100,0.91,1000.0
6,100,0.92,1000.0
6,100,0.93,1000.0
6,100,0.94,1000.0
6,100,0.95,1000.0
6,100,0.96,1000.0
6,100,0.97,1000.0
6,100,0.98,1000.0
6,100,0.99,1000.0
6,100,1.0,1000.0
6,100,1.01,1000.0
6,100,1.02,1000.0
6,100,1.03,1000.0
6,100,1.04,1000.0
6,100,1.05,1000.0
6,100,1.06,1000.0
6,100,1.07,1000.0
6,100,1.08,1000.0
6,100,1.09,1000.0
6,100,1.1,1000.0
6,100,1.11,1000.0
6,100,1.12,1000.0
6,100,1.13,1000.0
6,100,1.14,1000.0
6,100,1.15,1000.0
6,100,1.16,1000.0
6,100,1.17,1000.0
6,100,1.18,1000.0
6,100,1.19,1000.0
6,100,1.2,1000.0
6,100,1.21,1000.0
6,100,1.22,1000.0
6,100,1.23,1000.0
6,100,1.24,1000.0
6,100,1.25,1000.0
6,100,1.26,1000.0
6,100,1.27,1000.0
6,100,1.28,1000.0
6,100,1.29,1000.0
6,100,1.3,1000.0
6,100,1.31,1000.0
6,100,1.32,1000.0
6,100,1.33,1000.0
6,100,1.34,1000.0
6,100,1.35,1000.0
6,100,1.36,1000.0
6,100,1.37,1000.0
6,100,1.38,1000.0
6,100,1.39,1000.0
6,100,1.4,1000.0
6,100,1.41,1000.0
6,100,1.42,1000.0
6,100,1.43,1000.0
6,100,1.44,1000.0
6,100,1.45,1000.0
6,100,1.46,1000.0
6,100,1.47,1000.0
6,100,1.48,1000.0
6,100,1.49,1000.0
6,100,1.5,1000.0
6,100,1.51,1000.0
6,100,1.52,1000.0
6,100,1.53,1000.0
6,100,1.54,1000.0
6,100,1.55,1000.0
6,100,1.56,1000.0
6,100,1.57,1000.0
6,100,1.58,1000.0
6,100,1.59,1000.0
6,100,1.6,1000.0
6,100,1.61,1000.0
6,100,1.62,1000.0
6,100,1.63,1000.0
6,100,1.64,1000.0
6,100,1.65,1000.0
6,100,1.66,1000.0
6,100,1.67,1000.0
6,100,1.68,1000.0
6,100,1.69,1000.0
6,100,1.7,1000.0
6,100,1.71,1000.0
6,100,1.72,1000.0
6,100,1.73,1000.0
6,100,1.74,1000.0
6,100,1.75,1000.0
6,100,1.76,1000.0
6,100,1.77,1000.0
6,100,1.78,1000.0
6,100,1.79,1000.0
6,100,1.8,1000.0
6,100,1.81,1000.0
6,100,1.82,1000.0
6,100,1.83,1000.0
6,100,1.84,1000.0
6,100,1.85,1000.0
6,100,1.86,1000.0
6,100,1.87,1000.0
6,100,1.88,1000.0
6,100,1.89,1000.0
6,100,1.9,1000.0
6,100,1.91,1000.0
6,100,1.92,1000.0
6,100,1.93,1000.0
6,100,1.94,1000.0
6,100,1.95,1000.0
6,100,1.96,1000.0
6,100,1.97,1000.0
6,100,1.98,1000.0
6,100,1.99,1000.0
6,100,2.0,1000.0
7,1,-2.0,2.8737901946800934
7,1,-1.99,2.8528938758499063
7,1,-1.98,2.83199469002377
7,1,-1.97,2.81109492136745
7,1,-1.96,2.7901970063890227
7,1,-1.95,2.7693035316100145
7,1,-1.94,2.748417226432913
7,1,-1.93,2.7275409532140933
7,1,-1.92,2.706677696214269
7,1,-1.91,2.6858305506823434
7,1,-1.9,2.6650027128863356
7,1,-1.89,2.644197471483282
7,1,-1.88,2.6234182002554087
7,1,-1.87,2.6026683519579703
7,1,-1.86,2.5819514528377168
7,1,-1.85,2.5612710972913373
7,1,-1.84,2.5406309421320565
7,1,-1.83,2.5200347000042114
7,1,-1.82,2.4994861316096797
7,1,-1.81,2.4789890365643323
7,1,-1.8,2.458547242866084
7,1,-1.79,2.438164595109242
7,1,-1.78,2.4178449417081556
7,1,-1.77,2.397592121486319
7,1,-1.76,2.377409950039538
7,1,-1.75,2.3573022062931
7,1,-1.74,2.337272619646107
7,1,-1.73,2.317324858037202
7,1,-1.72,2.297462517183394
7,1,-1.71,2.2776891111462056
7,1,-1.7,2.258008064276431
7,1,-1.69,2.2384227044887215
7,1,-1.68,2.218936257727257
7,1,-1.67,2.1995518434094956
7,1,-1.66,2.180272470580244
7,1,-1.65,2.1611010344748287
7,1,-1.64,2.1420403131782892
7,1,-1.63,2.123092964075744
7,1,-1.62,2.104261519814918
7,1,-1.61,2.0855483835417585
7,1,-1.6,2.0669558232200935
7,1,-1.59,2.0484859649023304
7,1,-1.58,2.0301407848762807
7,1,-1.57,2.0119221006696986
7,1,-1.56,1.9938315609463129
7,1,-1.55,1.9758706343724024
7,1,-1.54,1.958040597570354
7,1,-1.53,1.9403425223038748
7,1,-1.52,1.9227772620590287
7,1,-1.51,1.9053454381962036
7,1,-1.5,1.8880474258515048
7,1,-1.49,1.870883339763621
7,1,-1.48,1.8538530201947416
7,1,-1.47,1.8369560191041008
7,1,-1.46,1.8201915867211211
7,1,-1.45,1.8035586586539782
7,1,-1.44,1.78705584365971
7,1,-1.43,1.7706814121949188
7,1,-1.42,1.7544332858624194
7,1,-1.41,1.7383090278689592
7,1,-1.4,1.7223058346126239
7,1,-1.39,1.7064205285250258
7,1,-1.38,1.690649552302467
7,1,-1.37,1.6749889646706535
7,1,-1.36,1.6594344378386856
7,1,-1.35,1.643981256808298
7,1,-1.34,1.6286243207130906
7,1,-1.33,1.6133581463685172
7,1,-1.32,1.5981768742160751
7,1,-1.31,1.5830742768437152
7,1,-1.3,1.5680437702586605
7,1,-1.29,1.5530784280782208
7,1,-1.28,1.5381709987889
7,1,-1.27,1.5233139262039923
7,1,-1.26,1.5084993732252745
7,1,-1.25,1.4937192489854991
7,1,-1.24,1.4789652394155097
7,1,-1.23,1.4642288412433633
7,1,-1.22,1.449501399393054
7,1,-1.21,1.434774147708003
7,1,-1.2,1.4200382528795121
7,1,-1.19,1.4052848614134648
7,1,-1.18,1.3905051494201324
7,1,-1.17,1.3756903749622031
7,1,-1.16,1.3608319326457279
7,1,-1.15,1.3459214100877492
7,1,-1.14,1.3309506458433722
7,1,-1.13,1.3159117883245288
7,1,-1.12,1.3007973551929475
7,1,-1.11,1.2856002926618375
7,1,-1.1,1.2703140340952306
7,1,-1.09,1.2549325572520418
7,1,-1.08,1.2394504394852754
7,1,-1.07,1.2238629101771192
7,1,-1.06,1.2081658996702196
7,1,-1.05,1.1923560839465321
7,1,-1.04,1.176430924310398
7,1,-1.03,1.1603887013544332
7,1,-1.02,1.1442285425277057
7,1,-1.01,1.1279504426875515
7,1,-1.0,1.1115552771003883
7,1,-0.99,1.095044806463673
7,1,-0.98,1.0784216736502261
7,1,-0.97,1.061689392026378
7,1,-0.96,1.044852325364571
7,1,-0.95,1.0279156595568162
7,1,-0.94,1.0108853665345303
7,1,-0.93,0.9937681610093607
7,1,-0.92,0.976571450862751
7,1,-0.91,0.95930328221564
7,1,-0.9,0.941972280368187
7,1,-0.89,0.9245875878250803
7,1,-0.88,0.9071588003284994
7,1,-0.87,0.8896959009100779
7,1,-0.86,0.8722091902481105
7,1,-0.85,0.8547092097740888
7,1,-0.84,0.8372066547441964
7,1,-0.83,0.8197122814280491
7,1,-0.82,0.8022368231998059
7,1,-0.81,0.7847909320777936
7,1,-0.8,0.7673851478589672
7,1,-0.79,0.7500298808177427
7,1,-0.78,0.7327353930257455
7,1,-0.77,0.7155117735185057
7,1,-0.76,0.6983689104787281
7,1,-0.75,0.6813164651187147
7,1,-0.74,0.6643638501945676
7,1,-0.73,0.647520214150463
7,1,-0.72,0.6307944307361496
7,1,-0.71,0.6141950934422822
7,1,-0.7,0.5977305139514189
7,1,-0.69,0.5814087238047321
7,1,-0.68,0.5652374785386441
7,1,-0.67,0.5492242636142233
7,1,-0.66,0.5333763015333814
7,1,-0.65,0.517700559607073
7,1,-0.64,0.5022037579116099
7,1,-0.63,0.4868923770396984
7,1,-0.62,0.4717726653224554
7,1,-0.61,0.45685064526654784
7,1,-0.6,0.44213211901572175
7,1,-0.59,0.42762267270727505
7,1,-0.58,0.4133276796505279
7,1,-0.57,0.3992523023053425
7,1,-0.56,0.385401493083612
7,1,-0.55,0.37177999403512146
7,1,-0.54,0.358392335511073
7,1,-0.53,0.34524283392403704
7,1,-0.52,0.3323355887422067
7,1,-0.51,0.3196744788691485
7,1,-0.5,0.30726315856800057
7,1,-0.49,0.2951050530919816
7,1,-0.48,0.2832033541815973
7,1,-0.47,0.27156101558371976
7,1,-0.46,0.26018074873936886
7,1,-0.45,0.24906501877612727
7,1,-0.44,0.23821604092825002
7,1,-0.43,0.22763577749322345
7,1,-0.42,0.21732593541827394
7,1,-0.41,0.20728796459458426
7,1,-0.4,0.19752305692110442
7,1,-0.39,0.18803214618424852
7,1,-0.38,0.17881590878466821
7,1,-0.37,0.16987476532799134
7,1,-0.36,0.16120888308305298
7,1,-0.35,0.1528181792989089
7,1,-0.34,0.14470232536088626
7,1,-0.33,0.13686075175617743
7,1,-0.32,0.1292926538110369
7,1,-0.31,0.12199699815451918
7,1,-0.3,0.11497252985785722
7,1,-0.29,0.10821778019400027
7,1,-0.28,0.10173107495842962
7,1,-0.27,0.09551054329010228
7,1,-0.26,0.08955412693012571
7,1,-0.25,0.0838595898554884
7,1,-0.24,0.07842452822574665
7,1,-0.23,0.07324638058194176
7,1,-0.22,0.06832243823910278
7,1,-0.21,0.0636498558164394
7,1,-0.2,0.0592256618527161
7,1,-0.19,0.055046769458351005
7,1,-0.18,0.051109986960586884
7,1,-0.17,0.047412028503875214
7,1,-0.16,0.04394952457480877
7,1,-0.15,0.04071903243035046
7,1,-0.14,0.03771704642123124
7,1,-0.13,0.03494000822210438
7,1,-0.12,0.03238431701215471
7,1,-0.11,0.0300463397068576
7,1,-0.1,0.02792242145239704
7,1,-0.09,0.026008896831198516
7,1,-0.08,0.02430210278386994
7,1,-0.07,0.02279839568153513
7,1,-0.06,0.021494178939577994
7,1,-0.05,0.020385959241373895
7,1,-0.04,0.019470485626670034
7,1,-0.03,0.018745140590468196
7,1,-0.02,0.01820910111052114
7,1,-0.01,0.017866528665507524
7,1,0.0,0.01773109828394226
7,1,0.01,0.017812888798074005
7,1,0.02,0.01809507760842101
7,1,0.03,0.0185572580528523
7,1,0.04,0.019188561325200318
7,1,0.05,0.01998313967655075
7,1,0.06,0.02093698876356942
7,1,0.07,0.022046799142148
7,1,0.08,0.023309577882297004
7,1,0.09,0.024722522423761883
7,1,0.1,0.026282977563650146
7,1,0.11,0.027988421358087226
7,1,0.12,0.02983646190555713
7,1,0.13,0.03182483865675158
7,1,0.14,0.033951425852493444
7,1,0.15,0.03621423711986897
7,1,0.16,0.03861143081366455
7,1,0.17,0.04114131592763866
7,1,0.18,0.0438023585120212
7,1,0.19,0.04659318859255203
7,1,0.2,0.04951260762192196
7,1,0.21,0.05255959652048192
7,1,0.22,0.05573332438823836
7,1,0.23,0.05903315800385724
7,1,0.24,0.062458672284974315
7,1,0.25,0.06600966200214281
7,1,0.26,0.06968615529294019
7,1,0.27,0.07348843008047694
7,1,0.28,0.07741703569950567
7,1,0.29,0.08147282440200027
7,1,0.3,0.08565700096440193
7,1,0.31,0.08997119850257088
7,1,0.32,0.09441756176577601
7,1,0.33,0.09899872930119823
7,1,0.34,0.10371757138015958
7,1,0.35,0.10857690659840859
7,1,0.36,0.1135796752023314
7,1,0.37,0.11872938519382054
7,1,0.38,0.12403037650845287
7,1,0.39,0.12948787296629785
7,1,0.4,0.1351078688642627
7,1,0.41,0.14089686210844768
7,1,0.42,0.14686172541946949
7,1,0.43,0.15300997003580458
7,1,0.44,0.15935011805862115
7,1,0.45,0.16589190589073538
7,1,0.46,0.1726463770434271
7,1,0.47,0.17962597577108577
7,1,0.48,0.1868446806302745
7,1,0.49,0.19431818141500823
7,1,0.5,0.20206409820540638
7,1,0.51,0.21010224456815846
7,1,0.52,0.21845494073642577
7,1,0.53,0.22714738592966346
7,1,0.54,0.2362081022683471
7,1,0.55,0.2456694664983085
7,1,0.56,0.25556835041845655
7,1,0.57,0.2659468969817007
7,1,0.58,0.2768534671054746
7,1,0.59,0.2883438030957799
7,1,0.6,0.3004824694139406
7,1,0.61,0.3133446519906254
7,1,0.62,0.3270184259390138
7,1,0.63,0.3416076421606673
7,1,0.64,0.3572356418715395
7,1,0.65,0.3740500937765615
7,1,0.66,0.392229376381093
7,1,0.67,0.41199112220742784
7,1,0.68,0.43360384268690616
7,1,0.69,0.4574030335870492
7,1,0.7,0.48381394852003373
7,1,0.71,0.5133845583014727
7,1,0.72,0.5468345408476092
7,1,0.73,0.585130384412962
7,1,0.74,0.6296047755077476
7,1,0.75,0.682154748110193
7,1,0.76,0.7455881375871419
7,1,0.77,0.8242693706398596
7,1,0.78,0.9254235761449259
7,1,0.79,1.0620530744607604
7,1,0.8,1.2603823283231266
7,1,0.81,1.5824806946727328
7,1,0.82,2.2131703319955904
7,1,0.83,3.9231098577482366
7,1,0.84,11.996509114157691
7,1,0.85,93.29408436660296
7,1,0.86,1095.9130487271677
7,1,0.87,1000.0
7,1,0.88,1000.0
7,1,0.89,1000.0
7,1,0.9,1000.0
7,1,0.91,1000.0
7,1,0.92,1000.0
7,1,0.93,1000.0
7,1,0.94,1000.0
7,1,0.95,1000.0
7,1,0.96,1000.0
7,1,0.97,1000.0
7,1,0.98,1000.0
7,1,0.99,1000.0
7,1,1.0,1000.0
7,1,1.01,1000.0
7,1,1.02,1000.0
7,1,1.03,1000.0
7,1,1.04,1000.0
7,1,1.05,1000.0
7,1,1.06,1000.0
7,1,1.07,1000.0
7,1,1.08,1000.0
7,1,1.09,1000.0
7,1,1.1,1000.0
7,1,1.11,1000.0
7,1,1.12,1000.0
7,1,1.13,1000.0
7,1,1.14,1000.0
7,1,1.15,1000.0
7,1,1.16,1000.0
7,1,1.17,1000.0
7,1,1.18,1000.0
7,1,1.19,1000.0
7,1,1.2,1000.0
7,1,1.21,1000.0
7,1,1.22,1000.0
7,1,1.23,1000.0
7,1,1.24,1000.0
7,1,1.25,1000.0
7,1,1.26,1000.0
7,1,1.27,1000.0
7,1,1.28,1000.0
7,1,1.29,1000.0
7,1,1.3,1000.0
7,1,1.31,1000.0
7,1,1.32,1000.0
7,1,1.33,1000.0
7,1,1.34,1000.0
7,1,1.35,1000.0
7,1,1.36,1000.0
7,1,1.37,1000.0
7,1,1.38,1000.0
7,1,1.39,1000.0
7,1,1.4,1000.0
7,1,1.41,1000.0
7,1,1.42,1000.0
7,1,1.43,1000.0
7,1,1.44,1000.0
7,1,1.45,1000.0
7,1,1.46,1000.0
7,1,1.47,1000.0
7,1,1.48,1000.0
7,1,1.49,1000.0
7,1,1.5,1000.0
7,1,1.51,1000.0
7,1,1.52,1000.0
7,1,1.53,1000.0
7,1,1.54,1000.0
7,1,1.55,1000.0
7,1,1.56,1000.0
7,1,1.57,1000.0
7,1,1.58,1000.0
7,1,1.59,1000.0
7,1,1.6,1000.0
7,1,1.61,1000.0
7,1,1.62,1000.0
7,1,1.63,1000.0
7,1,1.64,1000.0
7,1,1.65,1000.0
7,1,1.66,1000.0
7,1,1.67,1000.0
7,1,1.68,1000.0
7,1,1.69,1000.0
7,1,1.7,1000.0
7,1,1.71,1000.0
7,1,1.72,1000.0
7,1,1.73,1000.0
7,1,1.74,1000.0
7,1,1.75,1000.0
7,1,1.76,1000.0
7,1,1.77,1000.0
7,1,1.78,1000.0
7,1,1.79,1000.0
7,1,1.8,1000.0
7,1,1.81,1000.0
7,1,1.82,1000.0
7,1,1.83,1000.0
7,1,1.84,1000.0
7,1,1.85,1000.0
7,1,1.86,1000.0
7,1,1.87,1000.0
7,1,1.88,1000.0
7,1,1.89,1000.0
7,1,1.9,1000.0
7,1,1.91,1000.0
7,1,1.92,1000.0
7,1,1.93,1000.0
7,1,1.94,1000.0
7,1,1.95,1000.0
7,1,1.96,1000.0
7,1,1.97,1000.0
7,1,1.98,1000.0
7,1,1.99,1000.0
7,1,2.0,1000.0
7,2,-2.0,3.978107430420356
7,2,-1.99,3.9705021032791046
7,2,-1.98,3.962742863971568
7,2,-1.97,3.9548198372165793
7,2,-1.96,3.9467210466032454
7,2,-1.95,3.9384322121263313
7,2,-1.94,3.929936542402752
7,2,-1.93,3.9212145529173172
7,2,-1.92,3.912243959642796
7,2,-1.91,3.90299970849886
7,2,-1.9,3.893454196948147
7,2,-1.89,3.8835777217893392
7,2,-1.88,3.8733391523825835
7,2,-1.87,3.8627067929134147
7,2,-1.86,3.8516493730302326
7,2,-1.85,3.8401370993924795
7,2,-1.84,3.8281427084180226
7,2,-1.83,3.8156424732133956
7,2,-1.82,3.802617125280126
7,2,-1.81,3.789052649815799
7,2,-1.8,3.7749409057774517
7,2,-1.79,3.7602800165255315
7,2,-1.78,3.745074480948948
7,2,-1.77,3.729334970528091
7,2,-1.76,3.713077801833732
7,2,-1.75,3.6963241014643797
7,2,-1.74,3.679098707241209
7,2,-1.73,3.661428873114927
7,2,-1.72,3.6433428639170944
7,2,-1.71,3.62486853773979
7,2,-1.7,3.6060320160482413
7,2,-1.69,3.586856533090236
7,2,-1.68,3.5673615370855067
7,2,-1.67,3.547562088613895
7,2,-1.66,3.5274685708398072
7,2,-1.65,3.507086696558574
7,2,-1.64,3.4864177727274135
7,2,-1.63,3.465459166828415
7,2,-1.62,3.444204911943156
7,2,-1.61,3.422646388010337
7,2,-1.6,3.400773023512456
7,2,-1.59,3.3785729724647338
7,2,-1.58,3.356033733813407
7,2,-1.57,3.333142692380096
7,2,-1.56,3.309887571085929
7,2,-1.55,3.2862567926970656
7,2,-1.54,3.262239755563609
7,2,-1.53,3.237827031911783
7,2,-1.52,3.2130104995179103
7,2,-1.51,3.1877834184407012
7,2,-1.5,3.1621404643133184
7,2,-1.49,3.1360777288508084
7,2,-1.48,3.1095926969949645
7,2,-1.47,3.082684208712902
7,2,-1.46,3.0553524120356936
7,2,-1.45,3.0275987125657937
7,2,-1.44,2.9994257234516044
7,2,-1.43,2.970837218748358
7,2,-1.42,2.941838092162304
7,2,-1.41,2.912434322400887
7,2,-1.4,2.8826329457117406
7,2,-1.39,2.852442035669537
7,2,-1.38,2.821870689845321
7,2,-1.37,2.790929022652042
7,2,-1.36,2.759628163390017
7,2,-1.35,2.7279802583074777
7,2,-1.34,2.6959984753377606
7,2,-1.33,2.663697010073552
7,2,-1.32,2.6310910914884564
7,2,-1.31,2.5981969859186056
7,2,-1.3,2.565031997873539
7,2,-1.29,2.531614466357214
7,2,-1.28,2.4979637555459635
7,2,-1.27,2.4641002388870343
7,2,-1.26,2.430045275940143
7,2,-1.25,2.3958211815727846
7,2,-1.24,2.36145118741829
7,2,-1.23,2.3269593957910977
7,2,-1.22,2.2923707264985986
7,2,-1.21,2.2577108571654048
7,2,-1.2,2.2230061577678324
7,2,-1.19,2.1882836200434737
7,2,-1.18,2.1535707822834143
7,2,-1.17,2.1188956497361016
7,2,-1.16,2.084286610472603
7,2,-1.15,2.049772346119272
7,2,-1.14,2.0153817364082056
7,2,-1.13,1.98114375609103
7,2,-1.12,1.9470873624755
7,2,-1.11,1.9132413717411358
7,2,-1.1,1.8796343223215082
7,2,-1.09,1.8462943240376453
7,2,-1.08,1.8132488923337053
7,2,-1.07,1.7805247678760157
7,2,-1.06,1.7481477228732714
7,2,-1.05,1.7161423566770049
7,2,-1.04,1.6845318844267174
7,2,-1.03,1.6533379236049368
7,2,-1.02,1.6225802842591361
7,2,-1.01,1.5922767692402024
7,2,-1.0,1.562442991035985
7,2,-0.99,1.533092211610244
7,2,-0.98,1.5042352110940371
7,2,-0.97,1.4758801902551597
7,2,-0.96,1.448032710458968
7,2,-0.95,1.4206956734218437
7,2,-0.94,1.393869341551671
7,2,-0.93,1.3675513981766716
7,2,-0.92,1.3417370455849529
7,2,-0.91,1.316419137610072
7,2,-0.9,1.2915883425370498
7,2,-0.89,1.2672333313261148
7,2,-0.88,1.24334098539034
7,2,-0.87,1.219896617114732
7,2,-0.86,1.1968841947442213
7,2,-0.85,1.1742865618508753
7,2,-0.84,1.1520856429935202
7,2,-0.83,1.1302626348983251
7,2,-0.82,1.108798193988302
7,2,-0.81,1.0876726337492617
7,2,-0.8,1.0668661319011539
7,2,-0.79,1.046358931989457
7,2,-0.78,1.0261315238306565
7,2,-0.77,1.0061647980346073
7,2,-0.76,0.9864401782633349
7,2,-0.75,0.9669397367600634
7,2,-0.74,0.9476462971640154
7,2,-0.73,0.9285435268020636
7,2,-0.72,0.9096160194946783
7,2,-0.71,0.8908493693255406
7,2,-0.7,0.8722302355174616
7,2,-0.69,0.8537463983520411
7,2,-0.68,0.8353868058941121
7,2,-0.67,0.8171416111211911
7,2,-0.66,0.7990021989249643
7,2,-0.65,0.7809612023648607
7,2,-0.64,0.7630125075312967
7,2,-0.63,0.7451512464315769
7,2,-0.62,0.7273737774526406
7,2,-0.61,0.709677653182662
7,2,-0.6,0.6920615756822422
7,2,-0.59,0.6745253396727221
7,2,-0.58,0.6570697645353886
7,2,-0.57,0.6396966164671211
7,2,-0.56,0.6224085225878673
7,2,-0.55,0.6052088792139322
7,2,-0.54,0.5881017568691089
7,2,-0.53,0.5710918048757926
7,2,-0.52,0.5541841585268693
7,2,-0.51,0.5373843518680921
7,2,-0.5,0.5206982390081158
7,2,-0.49,0.5041319266150609
7,2,-0.48,0.48769171985790816
7,2,-0.47,0.47138408351949257
7,2,-0.46,0.4552156193644714
7,2,-0.45,0.4391930601163053
7,2,-0.44,0.42332327961419597
7,2,-0.43,0.407613317921094
7,2,-0.42,0.39207041937771725
7,2,-0.41,0.3767020808868879
7,2,-0.4,0.36151610710836585
7,2,-0.39,0.34652066878458115
7,2,-0.38,0.33172436013381673
7,2,-0.37,0.3171362511626139
7,2,-0.36,0.3027659308754879
7,2,-0.35,0.2886235376968278
7,2,-0.34,0.2747197739530298
7,2,-0.33,0.26106590196520696
7,2,-0.32,0.24767372013539188
7,2,-0.31,0.23455551832422897
7,2,-0.3,0.22172401276278916
7,2,-0.29,0.20919226166112082
7,2,-0.28,0.19697356352055168
7,2,-0.27,0.1850813408814591
7,2,-0.26,0.17352901280912575
7,2,-0.25,0.1623298598151336
7,2,-0.24,0.15149688512082457
7,2,-0.23,0.141042676195118
7,2,-0.22,0.13097927035460055
7,2,-0.21,0.1213180279211214
7,2,-0.2,0.11206951601916729
7,2,-0.19,0.10324340559372273
7,2,-0.18,0.09484838367203448
7,2,-0.17,0.08689208231174347
7,2,-0.16,0.07938102510276997
7,2,-0.15,0.07232059154705836
7,2,-0.14,0.0657149991506171
7,2,-0.13,0.05956730264418252
7,2,-0.12,0.05387940941792306
7,2,-0.11,0.048652110029253695
7,2,-0.1,0.043885122550457845
7,2,-0.09,0.039577149633510444
7,2,-0.08,0.03572594767097081
7,2,-0.07,0.03232840886796682
7,2,-0.06,0.029380661058399433
7,2,-0.05,0.026878201881124546
7,2,-0.04,0.024816120257638838
7,2,-0.03,0.023189573169671046
7,2,-0.02,0.02199503469154759
7,2,-0.01,0.021233575572823314
7,2,0.0,0.020915482849303117
7,2,0.01,0.021047241304551115
7,2,0.02,0.021608319949157954
7,2,0.03,0.022574581691641213
7,2,0.04,0.02393149845118401
7,2,0.05,0.0256697289869023
7,2,0.06,0.0277820381031237
7,2,0.07,0.03026224830340407
7,2,0.08,0.03310496625998793
7,2,0.09,0.03630556797707665
7,2,0.1,0.03986027573728508
7,2,0.11,0.04376627534706945
7,2,0.12,0.04802185904831929
7,2,0.13,0.052626591981313676
7,2,0.14,0.05758150511776193
7,2,0.15,0.06288932040715657
7,2,0.16,0.06855471626694296
7,2,0.17,0.07458464421047681
7,2,0.18,0.0809887107691002
7,2,0.19,0.08777964332707965
7,2,0.2,0.0949738645583985
7,2,0.21,0.10259220855253143
7,2,0.22,0.11066082351019232
7,2,0.23,0.11921232270410276
7,2,0.24,0.1282872697579062
7,2,0.25,0.13793612020339097
7,2,0.26,0.14822179523172913
7,2,0.27,0.15922314636455268
7,2,0.28,0.17103969986006806
7,2,0.29,0.1837982792204507
7,2,0.3,0.19766245041032054
7,2,0.31,0.21284631974850937
7,2,0.32,0.22963522538908923
7,2,0.33,0.24841769263212707
7,2,0.34,0.2697367171972024
7,2,0.35,0.2943764816570406
7,2,0.36,0.3235177961116403
7,2,0.37,0.3590355174381337
7,2,0.38,0.40411917265863506
7,2,0.39,0.4647283958569637
7,2,0.4,0.5536004737115414
7,2,0.41,0.7042519003373549
7,2,0.42,1.044282636244982
7,2,0.43,2.771044926784811
7,2,0.44,629.6823330947166
7,2,0.45,1000.0
7,2,0.46,1000.0
7,2,0.47,1000.0
7,2,0.48,1000.0
7,2,0.49,1000.0
7,2,0.5,1000.0
7,2,0.51,1000.0
7,2,0.52,1000.0
7,2,0.53,1000.0
7,2,0.54,1000.0
7,2,0.55,1000.0
7,2,0.56,1000.0
7,2,0.57,1000.0
7,2,0.58,1000.0
7,2,0.59,1000.0
7,2,0.6,1000.0
7,2,0.61,1000.0
7,2,0.62,1000.0
7,2,0.63,1000.0
7,2,0.64,1000.0
7,2,0.65,1000.0
7,2,0.66,1000.0
7,2,0.67,1000.0
7,2,0.68,1000.0
7,2,0.69,1000.0
7,2,0.7,1000.0
7,2,0.71,1000.0
7,2,0.72,1000.0
7,2,0.73,1000.0
7,2,0.74,1000.0
7,2,0.75,1000.0
7,2,0.76,1000.0
7,2,0.77,1000.0
7,2,0.78,1000.0
7,2,0.79,1000.0
7,2,0.8,1000.0
7,2,0.81,1000.0
7,2,0.82,1000.0
7,2,0.83,1000.0
7,2,0.84,1000.0
7,2,0.85,1000.0
7,2,0.86,1000.0
7,2,0.87,1000.0
7,2,0.88,1000.0
7,2,0.89,1000.0
7,2,0.9,1000.0
7,2,0.91,1000.0
7,2,0.92,1000.0
7,2,0.93,1000.0
7,2,0.94,1000.0
7,2,0.95,1000.0
7,2,0.96,1000.0
7,2,0.97,1000.0
7,2,0.98,1000.0
7,2,0.99,1000.0
7,2,1.0,1000.0
7,2,1.01,1000.0
7,2,1.02,1000.0
7,2,1.03,1000.0
7,2,1.04,1000.0
7,2,1.05,1000.0
7,2,1.06,1000.0
7,2,1.07,1000.0
7,2,1.08,1000.0
7,2,1.09,1000.0
7,2,1.1,1000.0
7,2,1.11,1000.0
7,2,1.12,1000.0
7,2,1.13,1000.0
7,2,1.14,1000.0
7,2,1.15,1000.0
7,2,1.16,1000.0
7,2,1.17,1000.0
7,2,1.18,1000.0
7,2,1.19,1000.0
7,2,1.2,1000.0
7,2,1.21,1000.0
7,2,1.22,1000.0
7,2,1.23,1000.0
7,2,1.24,1000.0
7,2,1.25,1000.0
7,2,1.26,1000.0
7,2,1.27,1000.0
7,2,1.28,1000.0
7,2,1.29,1000.0
7,2,1.3,1000.0
7,2,1.31,1000.0
7,2,1.32,1000.0
7,2,1.33,1000.0
7,2,1.34,1000.0
7,2,1.35,1000.0
7,2,1.36,1000.0
7,2,1.37,1000.0
7,2,1.38,1000.0
7,2,1.39,1000.0
7,2,1.4,1000.0
7,2,1.41,1000.0
7,2,1.42,1000.0
7,2,1.43,1000.0
7,2,1.44,1000.0
7,2,1.45,1000.0
7,2,1.46,1000.0
7,2,1.47,1000.0
7,2,1.48,1000.0
7,2,1.49,1000.0
7,2,1.5,1000.0
7,2,1.51,1000.0
7,2,1.52,1000.0
7,2,1.53,1000.0
7,2,1.54,1000.0
7,2,1.55,1000.0
7,2,1.56,1000.0
7,2,1.57,1000.0
7,2,1.58,1000.0
7,2,1.59,1000.0
7,2,1.6,1000.0
7,2,1.61,1000.0
7,2,1.62,1000.0
7,2,1.63,1000.0
7,2,1.64,1000.0
7,2,1.65,1000.0
7,2,1.66,1000.0
7,2,1.67,1000.0
7,2,1.68,1000.0
7,2,1.69,1000.0
7,2,1.7,1000.0
7,2,1.71,1000.0
7,2,1.72,1000.0
7,2,1.73,1000.0
7,2,1.74,1000.0
7,2,1.75,1000.0
7,2,1.76,1000.0
7,2,1.77,1000.0
7,2,1.78,1000.0
7,2,1.79,1000.0
7,2,1.8,1000.0
7,2,1.81,1000.0
7,2,1.82,1000.0
7,2,1.83,1000.0
7,2,1.84,1000.0
7,2,1.85,1000.0
7,2,1.86,1000.0
7,2,1.87,1000.0
7,2,1.88,1000.0
7,2,1.89,1000.0
7,2,1.9,1000.0
7,2,1.91,1000.0
7,2,1.92,1000.0
7,2,1.93,1000.0
7,2,1.94,1000.0
7,2,1.95,1000.0
7,2,1.96,1000.0
7,2,1.97,1000.0
7,2,1.98,1000.0
7,2,1.99,1000.0
7,2,2.0,1000.0
7,5,-2.0,4.203557036701312
7,5,-1.99,4.201049656364811
7,5,-1.98,4.198556403539524
7,5,-1.97,4.195948225971375
7,5,-1.96,4.193078680038112
7,5,-1.95,4.189786593724316
7,5,-1.94,4.185900427093127
7,5,-1.93,4.181244507598605
7,5,-1.92,4.175647138362831
7,5,-1.91,4.168950302206607
7,5,-1.9,4.161020343892981
7,5,-1.89,4.1517586688610475
7,5,-1.88,4.141111226341188
7,5,-1.87,4.129075432683759
7,5,-1.86,4.1157033099391676
7,5,-1.85,4.101099998532632
7,5,-1.84,4.085417425014695
7,5,-1.83,4.068843669849585
7,5,-1.82,4.051589319135162
7,5,-1.81,4.033872597653053
7,5,-1.8,4.015905213378129
7,5,-1.79,3.997880557532013
7,5,-1.78,3.979965296432427
7,5,-1.77,3.9622946509086745
7,5,-1.76,3.944970990763344
7,5,-1.75,3.9280649231707936
7,5,-1.74,3.911617877145962
7,5,-1.73,3.895645246171761
7,5,-1.72,3.880139365375322
7,5,-1.71,3.865071883388055
7,5,-1.7,3.850395383004842
7,5,-1.69,3.836044381010797
7,5,-1.68,3.8219360870487447
7,5,-1.67,3.8079715120210675
7,5,-1.66,3.794037649119491
7,5,-1.65,3.780011424269161
7,5,-1.64,3.765765818117286
7,5,-1.63,3.751177924425465
7,5,-1.62,3.736137805802045
7,5,-1.61,3.7205561658513795
7,5,-1.6,3.704368611221473
7,5,-1.59,3.6875350665969155
7,5,-1.58,3.6700346471588996
7,5,-1.57,3.651858219866274
7,5,-1.56,3.633001947897734
7,5,-1.55,3.6134647022904733
7,5,-1.54,3.593250579126204
7,5,-1.53,3.5723757207369857
7,5,-1.52,3.550877070555093
7,5,-1.51,3.5288200898281468
7,5,-1.5,3.506302906294222
7,5,-1.49,3.4834556004860455
7,5,-1.48,3.4604348798872526
7,5,-1.47,3.437415660270392
7,5,-1.46,3.4145816212699414
7,5,-1.45,3.3921165446444563
7,5,-1.44,3.3701974708083333
7,5,-1.43,3.3489898733466683
7,5,-1.42,3.32864449079684
7,5,-1.41,3.3092952641771403
7,5,-1.4,3.291057906356462
7,5,-1.39,3.2740288108334736
7,5,-1.38,3.258284171410017
7,5,-1.37,3.2438792908153102
7,5,-1.36,3.23084813431813
7,5,-1.35,3.2192033004478997
7,5,-1.34,3.2089368161254854
7,5,-1.33,3.2000226051102088
7,5,-1.32,3.1924222216749016
7,5,-1.31,3.186096571040499
7,5,-1.3,3.1810278292857506
7,5,-1.29,3.1772572259139737
7,5,-1.28,3.1749446870919855
7,5,-1.27,3.1744547974075163
7,5,-1.26,3.1764762131765027
7,5,-1.25,3.1822187508010957
7,5,-1.24,3.193868157265364
7,5,-1.23,3.2156881658917706
7,5,-1.22,3.2556258320148395
7,5,-1.21,3.3229843137037713
7,5,-1.2,3.4125314418603088
7,5,-1.19,3.4929061146368237
7,5,-1.18,3.5388015377537934
7,5,-1.17,3.555673107395289
7,5,-1.16,3.5602969248313294
7,5,-1.15,3.5640644596565134
7,5,-1.14,3.5725702735367606
7,5,-1.13,3.5891750709988166
7,5,-1.12,3.6166826328063113
7,5,-1.11,3.6559116031558165
7,5,-1.1,3.7030571833668176
7,5,-1.09,3.750645862415267
7,5,-1.08,3.791716036275996
7,5,-1.07,3.822582220680335
7,5,-1.06,3.8433251097388963
7,5,-1.05,3.856374721684199
7,5,-1.04,3.8645246427103386
7,5,-1.03,3.869881731244054
7,5,-1.02,3.873726157488036
7,5,-1.01,3.8767075451326294
7,5,-1.0,3.879063032020557
7,5,-0.99,3.8807762292886507
7,5,-0.98,3.881679068529256
7,5,-0.97,3.8815144117532188
7,5,-0.96,3.8799748100688505
7,5,-0.95,3.876727381259678
7,5,-0.94,3.8714300092672267
7,5,-0.93,3.8637404500088737
7,5,-0.92,3.8533174061241757
7,5,-0.91,3.8398110941271466
7,5,-0.9,3.8228401018048914
7,5,-0.89,3.801951615697015
7,5,-0.88,3.776566424369825
7,5,-0.87,3.7459338456656694
7,5,-0.86,3.7092202799653
7,5,-0.85,3.666145737653683
7,5,-0.84,3.6188323580026287
7,5,-0.83,3.5732817592394572
7,5,-0.82,3.5342594667822804
7,5,-0.81,3.4995324356034434
7,5,-0.8,3.465672779491595
7,5,-0.79,3.431678532513275
7,5,-0.78,3.3972839069209937
7,5,-0.77,3.362048385914131
7,5,-0.76,3.3253655462025042
7,5,-0.75,3.2866387069990655
7,5,-0.74,3.2454108706490796
7,5,-0.73,3.2014145361262134
7,5,-0.72,3.154562284645535
7,5,-0.71,3.104908845908441
7,5,-0.7,3.0526069097077735
7,5,-0.69,2.997869532672122
7,5,-0.68,2.940944104102858
7,5,-0.67,2.8820957158727305
7,5,-0.66,2.8215931721150427
7,5,-0.65,2.7596909004612686
7,5,-0.64,2.6966045961006317
7,5,-0.63,2.632485282162679
7,5,-0.62,2.5674027250767533
7,5,-0.61,2.501352385745271
7,5,-0.6,2.434298234467971
7,5,-0.59,2.3662546168887286
7,5,-0.58,2.2973928010579376
7,5,-0.57,2.228135751383052
7,5,-0.56,2.159190933088555
7,5,-0.55,2.0914833123707792
7,5,-0.54,2.0259946416418844
7,5,-0.53,1.9635674329286226
7,5,-0.52,1.9047529160918324
7,5,-0.51,1.8497541548494558
7,5,-0.5,1.7984627857461901
7,5,-0.49,1.7505501900437122
7,5,-0.48,1.7055684530477944
7,5,-0.47,1.6630325147741165
7,5,-0.46,1.622474152361583
7,5,-0.45,1.5834707200214475
7,5,-0.44,1.5456560752029145
7,5,-0.43,1.5087209320761563
7,5,-0.42,1.4724079719444931
7,5,-0.41,1.4365050431276418
7,5,-0.4,1.4008382767002356
7,5,-0.39,1.3652659727847782
7,5,-0.38,1.3296735411679317
7,5,-0.37,1.293969461513059
7,5,-0.36,1.2580820506873989
7,5,-0.35,1.2219567175598143
7,5,-0.34,1.1855533123127087
7,5,-0.33,1.1488431260294507
7,5,-0.32,1.1118050744652501
7,5,-0.31,1.0744206308554292
7,5,-0.3,1.036667194011494
7,5,-0.29,0.9985098413417128
7,5,-0.28,0.9598918884047891
7,5,-0.27,0.920725439639193
7,5,-0.26,0.8808842562074854
7,5,-0.25,0.8402028201260363
7,5,-0.24,0.7984872434113084
7,5,-0.23,0.7555448608611625
7,5,-0.22,0.7112380652502209
7,5,-0.21,0.6655611882441358
7,5,-0.2,0.6187247284875693
7,5,-0.19,0.5712122780484827
7,5,-0.18,0.5237657649301108
7,5,-0.17,0.4772730786763361
7,5,-0.16,0.43258176039571355
7,5,-0.15,0.3903117821115949
7,5,-0.14,0.35074444401087224
7,5,-0.13,0.3138163169303346
7,5,-0.12,0.2791918620820084
7,5,-0.11,0.24637131000150972
7,5,-0.1,0.21481296387685206
7,5,-0.09,0.1840796881405207
7,5,-0.08,0.15402221757926898
7,5,-0.07,0.12496315514273985
7,5,-0.06,0.09776387121491871
7,5,-0.05,0.07364083612586253
7,5,-0.04,0.053745781682334286
7,5,-0.03,0.03873967890437235
7,5,-0.02,0.02862764159338322
7,5,-0.01,0.022912746287090946
7,5,0.0,0.020895430727674334
7,5,0.01,0.021900653316300662
7,5,0.02,0.02536713508872787
7,5,0.03,0.0308863863533487
7,5,0.04,0.038188491899893616
7,5,0.05,0.0471024777767201
7,5,0.06,0.05752481075856581
7,5,0.07,0.0693999004751555
7,5,0.08,0.08271038342942441
7,5,0.09,0.0974750928203516
7,5,0.1,0.11375371711916234
7,5,0.11,0.13165862468183134
7,5,0.12,0.15137644568504294
7,5,0.13,0.17320571393855533
7,5,0.14,0.1976246522183889
7,5,0.15,0.22542192785887802
7,5,0.16,0.2579747895838497
7,5,0.17,0.2979253304344913
7,5,0.18,0.3511699647788573
7,5,0.19,0.43474488856728233
7,5,0.2,0.632012085719403
7,5,0.21,7.886715637141406
7,5,0.22,1000.0
7,5,0.23,1000.0
7,5,0.24,1000.0
7,5,0.25,1000.0
7,5,0.26,1000.0
7,5,0.27,1000.0
7,5,0.28,1000.0
7,5,0.29,1000.0
7,5,0.3,1000.0
7,5,0.31,1000.0
7,5,0.32,1000.0
7,5,0.33,1000.0
7,5,0.34,1000.0
7,5,0.35,1000.0
7,5,0.36,1000.0
7,5,0.37,1000.0
7,5,0.38,1000.0
7,5,0.39,1000.0
7,5,0.4,1000.0
7,5,0.41,1000.0
7,5,0.42,1000.0
7,5,0.43,1000.0
7,5,0.44,1000.0
7,5,0.45,1000.0
7,5,0.46,1000.0
7,5,0.47,1000.0
7,5,0.48,1000.0
7,5,0.49,1000.0
7,5,0.5,1000.0
7,5,0.51,1000.0
7,5,0.52,1000.0
7,5,0.53,1000.0
7,5,0.54,1000.0
7,5,0.55,1000.0
7,5,0.56,1000.0
7,5,0.57,1000.0
7,5,0.58,1000.0
7,5,0.59,1000.0
7,5,0.6,1000.0
7,5,0.61,1000.0
7,5,0.62,1000.0
7,5,0.63,1000.0
7,5,0.64,1000.0
7,5,0.65,1000.0
7,5,0.66,1000.0
7,5,0.67,1000.0
7,5,0.68,1000.0
7,5,0.69,1000.0
7,5,0.7,1000.0
7,5,0.71,1000.0
7,5,0.72,1000.0
7,5,0.73,1000.0
7,5,0.74,1000.0
7,5,0.75,1000.0
7,5,0.76,1000.0
7,5,0.77,1000.0
7,5,0.78,1000.0
7,5,0.79,1000.0
7,5,0.8,1000.0
7,5,0.81,1000.0
7,5,0.82,1000.0
7,5,0.83,1000.0
7,5,0.84,1000.0
7,5,0.85,1000.0
7,5,0.86,1000.0
7,5,0.87,1000.0
7,5,0.88,1000.0
7,5,0.89,1000.0
7,5,0.9,1000.0
7,5,0.91,1000.0
7,5,0.92,1000.0
7,5,0.93,1000.0
7,5,0.94,1000.0
7,5,0.95,1000.0
7,5,0.96,1000.0
7,5,0.97,1000.0
7,5,0.98,1000.0
7,5,0.99,1000.0
7,5,1.0,1000.0
7,5,1.01,1000.0
7,5,1.02,1000.0
7,5,1.03,1000.0
7,5,1.04,1000.0
7,5,1.05,1000.0
7,5,1.06,1000.0
7,5,1.07,1000.0
7,5,1.08,1000.0
7,5,1.09,1000.0
7,5,1.1,1000.0
7,5,1.11,1000.0
7,5,1.12,1000.0
7,5,1.13,1000.0
7,5,1.14,1000.0
7,5,1.15,1000.0
7,5,1.16,1000.0
7,5,1.17,1000.0
7,5,1.18,1000.0
7,5,1.19,1000.0
7,5,1.2,1000.0
7,5,1.21,1000.0
7,5,1.22,1000.0
7,5,1.23,1000.0
7,5,1.24,1000.0
7,5,1.25,1000.0
7,5,1.26,1000.0
7,5,1.27,1000.0
7,5,1.28,1000.0
7,5,1.29,1000.0
7,5,1.3,1000.0
7,5,1.31,1000.0
7,5,1.32,1000.0
7,5,1.33,1000.0
7,5,1.34,1000.0
7,5,1.35,1000.0
7,5,1.36,1000.0
7,5,1.37,1000.0
7,5,1.38,1000.0
7,5,1.39,1000.0
7,5,1.4,1000.0
7,5,1.41,1000.0
7,5,1.42,1000.0
7,5,1.43,1000.0
7,5,1.44,1000.0
7,5,1.45,1000.0
7,5,1.46,1000.0
7,5,1.47,1000.0
7,5,1.48,1000.0
7,5,1.49,1000.0
7,5,1.5,1000.0
7,5,1.51,1000.0
7,5,1.52,1000.0
7,5,1.53,1000.0
7,5,1.54,1000.0
7,5,1.55,1000.0
7,5,1.56,1000.0
7,5,1.57,1000.0
7,5,1.58,1000.0
7,5,1.59,1000.0
7,5,1.6,1000.0
7,5,1.61,1000.0
7,5,1.62,1000.0
7,5,1.63,1000.0
7,5,1.64,1000.0
7,5,1.65,1000.0
7,5,1.66,1000.0
7,5,1.67,1000.0
7,5,1.68,1000.0
7,5,1.69,1000.0
7,5,1.7,1000.0
7,5,1.71,1000.0
7,5,1.72,1000.0
7,5,1.73,1000.0
7,5,1.74,1000.0
7,5,1.75,1000.0
7,5,1.76,1000.0
7,5,1.77,1000.0
7,5,1.78,1000.0
7,5,1.79,1000.0
7,5,1.8,1000.0
7,5,1.81,1000.0
7,5,1.82,1000.0
7,5,1.83,1000.0
7,5,1.84,1000.0
7,5,1.85,1000.0
7,5,1.86,1000.0
7,5,1.87,1000.0
7,5,1.88,1000.0
7,5,1.89,1000.0
7,5,1.9,1000.0
7,5,1.91,1000.0
7,5,1.92,1000.0
7,5,1.93,1000.0
7,5,1.94,1000.0
7,5,1.95,1000.0
7,5,1.96,1000.0
7,5,1.97,1000.0
7,5,1.98,1000.0
7,5,1.99,1000.0
7,5,2.0,1000.0
7,10,-2.0,4.669072612266748
7,10,-1.99,4.665604248038432
7,10,-1.98,4.662005708085638
7,10,-1.97,4.658228366650147
7,10,-1.96,4.6542223045790765
7,10,-1.95,4.6499380417495315
7,10,-1.94,4.6453282864812255
7,10,-1.93,4.640349549137814
7,10,-1.92,4.634963511251603
7,10,-1.91,4.629138112753038
7,10,-1.9,4.622848393721066
7,10,-1.89,4.616077175501894
7,10,-1.88,4.6088156696316345
7,10,-1.87,4.601064059867491
7,10,-1.86,4.592832029788111
7,10,-1.85,4.584139134706926
7,10,-1.84,4.575014870947856
7,10,-1.83,4.565498295820907
7,10,-1.82,4.5556370991246835
7,10,-1.81,4.545486107040159
7,10,-1.8,4.535105287618208
7,10,-1.79,4.524557398641084
7,10,-1.78,4.513905455612887
7,10,-1.77,4.503210194027693
7,10,-1.76,4.49252766188796
7,10,-1.75,4.4819070200793245
7,10,-1.74,4.471388567266942
7,10,-1.73,4.461001958997766
7,10,-1.72,4.450764570902289
7,10,-1.71,4.44067997296067
7,10,-1.7,4.430736542298242
7,10,-1.69,4.420906348478361
7,10,-1.68,4.411144591779071
7,10,-1.67,4.401390037058768
7,10,-1.66,4.391567007007919
7,10,-1.65,4.381589481598311
7,10,-1.64,4.371367573286717
7,10,-1.63,4.360816027431711
7,10,-1.62,4.349863506039289
7,10,-1.61,4.338460577756056
7,10,-1.6,4.32658409261444
7,10,-1.59,4.314236405994479
7,10,-1.58,4.301439648748552
7,10,-1.57,4.288227149509005
7,10,-1.56,4.274635144179063
7,10,-1.55,4.260697434571119
7,10,-1.54,4.246443904283092
7,10,-1.53,4.231901591572427
7,10,-1.52,4.217095229730636
7,10,-1.51,4.202043379976087
7,10,-1.5,4.186746871313644
7,10,-1.49,4.171168699226568
7,10,-1.48,4.1552096712136155
7,10,-1.47,4.138692752323375
7,10,-1.46,4.1213793454829615
7,10,-1.45,4.103041824717439
7,10,-1.44,4.083587521705732
7,10,-1.43,4.06316650759602
7,10,-1.42,4.042160178879511
7,10,-1.41,4.021015751079737
7,10,-1.4,3.9999780156825384
7,10,-1.39,3.978659217881391
7,10,-1.38,3.9552292552585575
7,10,-1.37,3.92652324578711
7,10,-1.36,3.893609226277627
7,10,-1.35,3.851861158803317
7,10,-1.34,3.7321804345375056
7,10,-1.33,3.770739529153105
7,10,-1.32,3.7583951723202853
7,10,-1.31,3.73227470075435
7,10,-1.3,3.70645756946937
7,10,-1.29,3.679115196843265
7,10,-1.28,3.6466416057746334
7,10,-1.27,3.6033709824774935
7,10,-1.26,3.5044850040726616
7,10,-1.25,3.0337305437019335
7,10,-1.24,3.141185410239756
7,10,-1.23,3.240696649030213
7,10,-1.22,3.2883061579041417
7,10,-1.21,3.320170312456269
7,10,-1.2,3.3455191783880376
7,10,-1.19,3.3584037664004667
7,10,-1.18,3.348493078853109
7,10,-1.17,3.2361052104287156
7,10,-1.16,3.7776698312469192
7,10,-1.15,3.7961981116825636
7,10,-1.14,3.812595314312063
7,10,-1.13,3.981014456243704
7,10,-1.12,4.049707475120067
7,10,-1.11,4.190481651310519
7,10,-1.1,4.233450726738559
7,10,-1.09,4.243997374707394
7,10,-1.08,4.242838227633632
7,10,-1.07,4.235709315340695
7,10,-1.06,4.2229354872431974
7,10,-1.05,4.205815604788185
7,10,-1.04,4.186094900896334
7,10,-1.03,4.165202029298759
7,10,-1.02,4.144089705408678
7,10,-1.01,4.123331160495937
7,10,-1.0,4.103243771765574
7,10,-0.99,4.083973266400434
7,10,-0.98,4.06553569641847
7,10,-0.97,4.047832523936006
7,10,-0.96,4.03065631634153
7,10,-0.95,4.013702249754202
7,10,-0.94,3.996597503519771
7,10,-0.93,3.978956623209063
7,10,-0.92,3.960463801032308
7,10,-0.91,3.94096958783814
7,10,-0.9,3.920571008625077
7,10,-0.89,3.8996333325155015
7,10,-0.88,3.8787272833396664
7,10,-0.87,3.8584958987428495
7,10,-0.86,3.8395015049261803
7,10,-0.85,3.8221172207410987
7,10,-0.84,3.8065368856100563
7,10,-0.83,3.7929690329455705
7,10,-0.82,3.7819191311902824
7,10,-0.81,3.774084403453551
7,10,-0.8,3.7693183233643337
7,10,-0.79,3.765195634699936
7,10,-0.78,3.757704748985838
7,10,-0.77,3.7402383938027732
7,10,-0.76,3.677642111538794
7,10,-0.75,3.6751606974937716
7,10,-0.74,3.6891671005349567
7,10,-0.73,3.7020673103326898
7,10,-0.72,3.7157412287282554
7,10,-0.71,3.730179658682236
7,10,-0.7,3.745323772918285
7,10,-0.69,3.7612351589581134
7,10,-0.68,3.7780093245110864
7,10,-0.67,3.7956592612546762
7,10,-0.66,3.81401648585307
7,10,-0.65,3.8326716899618507
7,10,-0.64,3.850975767628564
7,10,-0.63,3.868113294011402
7,10,-0.62,3.8832402412149674
7,10,-0.61,3.89565207167376
7,10,-0.6,3.90492616423619
7,10,-0.59,3.9109689690353493
7,10,-0.58,3.913905498830612
7,10,-0.57,3.9138067305322206
7,10,-0.56,3.910365691836361
7,10,-0.55,3.902728724169311
7,10,-0.54,3.8896584918757235
7,10,-0.53,3.8700410865748895
7,10,-0.52,3.843520721131179
7,10,-0.51,3.8108093763576765
7,10,-0.5,3.773212585483908
7,10,-0.49,3.731585667644267
7,10,-0.48,3.6858056791978364
7,10,-0.47,3.635374395283067
7,10,-0.46,3.580257070106011
7,10,-0.45,3.5208083769537577
7,10,-0.44,3.457152387190081
7,10,-0.43,3.3891991504416947
7,10,-0.42,3.3168348327570882
7,10,-0.41,3.2389012629658946
7,10,-0.4,3.152297237383806
7,10,-0.39,3.054126965012142
7,10,-0.38,2.9450828191378053
7,10,-0.37,2.8278238487569722
7,10,-0.36,2.7024470478790015
7,10,-0.35,2.5689092757720826
7,10,-0.34,2.4304629869039007
7,10,-0.33,2.288117521396067
7,10,-0.32,2.145716102455706
7,10,-0.31,2.0188076701912734
7,10,-0.3,1.9167000507009953
7,10,-0.29,1.8342475899643238
7,10,-0.28,1.7631321933210984
7,10,-0.27,1.6976758846991393
7,10,-0.26,1.6346974519494548
7,10,-0.25,1.5724616118813273
7,10,-0.24,1.509975289407703
7,10,-0.23,1.446593394244984
7,10,-0.22,1.3818144598160402
7,10,-0.21,1.3152072804149888
7,10,-0.2,1.24642217621688
7,10,-0.19,1.1752450188337895
7,10,-0.18,1.101649219373289
7,10,-0.17,1.0256963054513095
7,10,-0.16,0.9471610823790008
7,10,-0.15,0.8653238385925884
7,10,-0.14,0.7796015286486119
7,10,-0.13,0.6906656063088652
7,10,-0.12,0.6006891411206428
7,10,-0.11,0.5120290998409175
7,10,-0.1,0.4279858692535503
7,10,-0.09,0.35384354535469625
7,10,-0.08,0.29159790621617576
7,10,-0.07,0.23883391622278677
7,10,-0.06,0.19272215526148234
7,10,-0.05,0.1515424858324318
7,10,-0.04,0.11410904890343436
7,10,-0.03,0.07958787658405628
7,10,-0.02,0.0489468150840241
7,10,-0.01,0.025898683366370114
7,10,0.0,0.01543365226590483
7,10,0.01,0.02674213323965475
7,10,0.02,0.07449202611854613
7,10,0.03,0.18221925309206172
7,10,0.04,0.38529821866266734
7,10,0.05,0.6418289222917765
7,10,0.06,0.8082572744289053
7,10,0.07,0.9118352433459036
7,10,0.08,0.9956033351635126
7,10,0.09,1.0708112312756586
7,10,0.1,1.1418159141209514
7,10,0.11,1.2108677459844819
7,10,0.12,1.2794631520142732
7,10,0.13,1.3489039600735249
7,10,0.14,1.4206626696401399
7,10,0.15,1.4968142332003376
7,10,0.16,1.5808862112372042
7,10,0.17,1.6802869284166466
7,10,0.18,1.8172125548211482
7,10,0.19,2.200894776468065
7,10,0.2,1000.0
7,10,0.21,1000.0
7,10,0.22,1000.0
7,10,0.23,1000.0
7,10,0.24,1000.0
7,10,0.25,1000.0
7,10,0.26,1000.0
7,10,0.27,1000.0
7,10,0.28,1000.0
7,10,0.29,1000.0
7,10,0.3,1000.0
7,10,0.31,1000.0
7,10,0.32,1000.0
7,10,0.33,1000.0
7,10,0.34,1000.0
7,10,0.35,1000.0
7,10,0.36,1000.0
7,10,0.37,1000.0
7,10,0.38,1000.0
7,10,0.39,1000.0
7,10,0.4,1000.0
7,10,0.41,1000.0
7,10,0.42,1000.0
7,10,0.43,1000.0
7,10,0.44,1000.0
7,10,0.45,1000.0
7,10,0.46,1000.0
7,10,0.47,1000.0
7,10,0.48,1000.0
7,10,0.49,1000.0
7,10,0.5,1000.0
7,10,0.51,1000.0
7,10,0.52,1000.0
7,10,0.53,1000.0
7,10,0.54,1000.0
7,10,0.55,1000.0
7,10,0.56,1000.0
7,10,0.57,1000.0
7,10,0.58,1000.0
7,10,0.59,1000.0
7,10,0.6,1000.0
7,10,0.61,1000.0
7,10,0.62,1000.0
7,10,0.63,1000.0
7,10,0.64,1000.0
7,10,0.65,1000.0
7,10,0.66,1000.0
7,10,0.67,1000.0
7,10,0.68,1000.0
7,10,0.69,1000.0
7,10,0.7,1000.0
7,10,0.71,1000.0
7,10,0.72,1000.0
7,10,0.73,1000.0
7,10,0.74,1000.0
7,10,0.75,1000.0
7,10,0.76,1000.0
7,10,0.77,1000.0
7,10,0.78,1000.0
7,10,0.79,1000.0
7,10,0.8,1000.0
7,10,0.81,1000.0
7,10,0.82,1000.0
7,10,0.83,1000.0
7,10,0.84,1000.0
7,10,0.85,1000.0
7,10,0.86,1000.0
7,10,0.87,1000.0
7,10,0.88,1000.0
7,10,0.89,1000.0
7,10,0.9,1000.0
7,10,0.91,1000.0
7,10,0.92,1000.0
7,10,0.93,1000.0
7,10,0.94,1000.0
7,10,0.95,1000.0
7,10,0.96,1000.0
7,10,0.97,1000.0
7,10,0.98,1000.0
7,10,0.99,1000.0
7,10,1.0,1000.0
7,10,1.01,1000.0
7,10,1.02,1000.0
7,10,1.03,1000.0
7,10,1.04,1000.0
7,10,1.05,1000.0
7,10,1.06,1000.0
7,10,1.07,1000.0
7,10,1.08,1000.0
7,10,1.09,1000.0
7,10,1.1,1000.0
7,10,1.11,1000.0
7,10,1.12,1000.0
7,10,1.13,1000.0
7,10,1.14,1000.0
7,10,1.15,1000.0
7,10,1.16,1000.0
7,10,1.17,1000.0
7,10,1.18,1000.0
7,10,1.19,1000.0
7,10,1.2,1000.0
7,10,1.21,1000.0
7,10,1.22,1000.0
7,10,1.23,1000.0
7,10,1.24,1000.0
7,10,1.25,1000.0
7,10,1.26,1000.0
7,10,1.27,1000.0
7,10,1.28,1000.0
7,10,1.29,1000.0
7,10,1.3,1000.0
7,10,1.31,1000.0
7,10,1.32,1000.0
7,10,1.33,1000.0
7,10,1.34,1000.0
7,10,1.35,1000.0
7,10,1.36,1000.0
7,10,1.37,1000.0
7,10,1.38,1000.0
7,10,1.39,1000.0
7,10,1.4,1000.0
7,10,1.41,1000.0
7,10,1.42,1000.0
7,10,1.43,1000.0
7,10,1.44,1000.0
7,10,1.45,1000.0
7,10,1.46,1000.0
7,10,1.47,1000.0
7,10,1.48,1000.0
7,10,1.49,1000.0
7,10,1.5,1000.0
7,10,1.51,1000.0
7,10,1.52,1000.0
7,10,1.53,1000.0
7,10,1.54,1000.0
7,10,1.55,1000.0
7,10,1.56,1000.0
7,10,1.57,1000.0
7,10,1.58,1000.0
7,10,1.59,1000.0
7,10,1.6,1000.0
7,10,1.61,1000.0
7,10,1.62,1000.0
7,10,1.63,1000.0
7,10,1.64,1000.0
7,10,1.65,1000.0
7,10,1.66,1000.0
7,10,1.67,1000.0
7,10,1.68,1000.0
7,10,1.69,1000.0
7,10,1.7,1000.0
7,10,1.71,1000.0
7,10,1.72,1000.0
7,10,1.73,1000.0
7,10,1.74,1000.0
7,10,1.75,1000.0
7,10,1.76,1000.0
7,10,1.77,1000.0
7,10,1.78,1000.0
7,10,1.79,1000.0
7,10,1.8,1000.0
7,10,1.81,1000.0
7,10,1.82,1000.0
7,10,1.83,1000.0
7,10,1.84,1000.0
7,10,1.85,1000.0
7,10,1.86,1000.0
7,10,1.87,1000.0
7,10,1.88,1000.0
7,10,1.89,1000.0
7,10,1.9,1000.0
7,10,1.91,1000.0
7,10,1.92,1000.0
7,10,1.93,1000.0
7,10,1.94,1000.0
7,10,1.95,1000.0
7,10,1.96,1000.0
7,10,1.97,1000.0
7,10,1.98,1000.0
7,10,1.99,1000.0
7,10,2.0,1000.0
7,25,-2.0,4.8207862550620675
7,25,-1.99,4.81520870279305
7,25,-1.98,4.809633638378214
7,25,-1.97,4.804061863354145
7,25,-1.96,4.798491945762363
7,25,-1.95,4.792920292378987
7,25,-1.94,4.787341294023551
7,25,-1.93,4.781747537929285
7,25,-1.92,4.776130087776645
7,25,-1.91,4.770478837001789
7,25,-1.9,4.764782940657037
7,25,-1.89,4.759031323671987
7,25,-1.88,4.753213250145128
7,25,-1.87,4.747318923163282
7,25,-1.86,4.741340072187436
7,25,-1.85,4.735270478520818
7,25,-1.84,4.729106389835997
7,25,-1.83,4.722846781545689
7,25,-1.82,4.716493434724304
7,25,-1.81,4.710050816062006
7,25,-1.8,4.703525763453241
7,25,-1.79,4.6969269991125735
7,25,-1.78,4.690264507815959
7,25,-1.77,4.683548828376796
7,25,-1.76,4.676790310240743
7,25,-1.75,4.669998384170832
7,25,-1.74,4.663180887912207
7,25,-1.73,4.656343476829511
7,25,-1.72,4.6494891382201615
7,25,-1.71,4.642617818233874
7,25,-1.7,4.635726163271416
7,25,-1.69,4.628807374004684
7,25,-1.68,4.621851169998655
7,25,-1.67,4.614843866245562
7,25,-1.66,4.6077685691343016
7,25,-1.65,4.600605506987558
7,25,-1.64,4.593332516744964
7,25,-1.63,4.5859257102107716
7,25,-1.62,4.578360336905875
7,25,-1.61,4.570611843314075
7,25,-1.6,4.562657099773586
7,25,-1.59,4.554475729237752
7,25,-1.58,4.546051432959089
7,25,-1.57,4.537373176102497
7,25,-1.56,4.528436081850723
7,25,-1.55,4.519241894690129
7,25,-1.54,4.509798916392511
7,25,-1.53,4.500121388204511
7,25,-1.52,4.490228377792762
7,25,-1.51,4.4801423109451415
7,25,-1.5,4.469887345805913
7,25,-1.49,4.459487806251436
7,25,-1.48,4.448966865327117
7,25,-1.47,4.4383456049404675
7,25,-1.46,4.4276424881236505
7,25,-1.45,4.416873182410805
7,25,-1.44,4.406050583002188
7,25,-1.43,4.395184814036105
7,25,-1.42,4.384282943309033
7,25,-1.41,4.373348137491491
7,25,-1.4,4.362378023777704
7,25,-1.39,4.351362134872272
7,25,-1.38,4.3402785392481515
7,25,-1.37,4.329090145795914
7,25,-1.36,4.317741718620504
7,25,-1.35,4.306159141643868
7,25,-1.34,4.29425226633028
7,25,-1.33,4.281920322629701
7,25,-1.32,4.269052019782989
7,25,-1.31,4.255497905378072
7,25,-1.3,4.240967937458847
7,25,-1.29,4.2247925051072
7,25,-1.28,4.205606167520784
7,25,-1.27,4.1807508115954235
7,25,-1.26,4.129909624187018
7,25,-1.25,3.980467946299688
7,25,-1.24,3.9871983856435924
7,25,-1.23,3.936125091515456
7,25,-1.22,4.061413122086358
7,25,-1.21,4.13895958375455
7,25,-1.2,4.07437628720984
7,25,-1.19,4.09077755573777
7,25,-1.18,4.071306896264951
7,25,-1.17,4.103561452037912
7,25,-1.16,4.118862186120454
7,25,-1.15,4.089894257363789
7,25,-1.14,4.490620821700651
7,25,-1.13,4.458273357433523
7,25,-1.12,4.52207579396014
7,25,-1.11,4.52810388245224
7,25,-1.1,4.5436232722747905
7,25,-1.09,4.560732080549782
7,25,-1.08,4.572469288441838
7,25,-1.07,4.579541827025201
7,25,-1.06,4.583547528303367
7,25,-1.05,4.585522014783848
7,25,-1.04,4.586075294305232
7,25,-1.03,4.585613491954054
7,25,-1.02,4.584418835673142
7,25,-1.01,4.582621993349552
7,25,-1.0,4.580127331613633
7,25,-0.99,4.576558870485707
7,25,-0.98,4.571308925195147
7,25,-0.97,4.56374519889267
7,25,-0.96,4.553500022071025
7,25,-0.95,4.540621660140676
7,25,-0.94,4.5255157897700204
7,25,-0.93,4.508959544098123
7,25,-0.92,4.492596859864392
7,25,-0.91,4.479884237533972
7,25,-0.9,4.462052778254245
7,25,-0.89,4.380693972919839
7,25,-0.88,4.296922862458625
7,25,-0.87,4.33267249957543
7,25,-0.86,4.324433813937524
7,25,-0.85,4.24347624344795
7,25,-0.84,4.324550431800449
7,25,-0.83,4.369278988992619
7,25,-0.82,4.414805556154833
7,25,-0.81,4.447901553279641
7,25,-0.8,4.488487906506659
7,25,-0.79,4.537137657823642
7,25,-0.78,4.586425135178155
7,25,-0.77,4.635033453480038
7,25,-0.76,4.604990829935123
7,25,-0.75,4.260942813809509
7,25,-0.74,4.2595547222102015
7,25,-0.73,4.24579045834254
7,25,-0.72,4.220040473325313
7,25,-0.71,4.181522360858413
7,25,-0.7,4.128597784675084
7,25,-0.69,4.062248089562869
7,25,-0.68,3.985259855455221
7,25,-0.67,3.8982919327015373
7,25,-0.66,3.8015096773597348
7,25,-0.65,3.701987943265569
7,25,-0.64,3.611510346645066
7,25,-0.63,3.5356996044267666
7,25,-0.62,3.475058823306032
7,25,-0.61,3.431892811901214
7,25,-0.6,3.411416653033804
7,25,-0.59,3.4050380461138565
7,25,-0.58,3.3998709223364783
7,25,-0.57,3.413691790145442
7,25,-0.56,3.4300728734877475
7,25,-0.55,3.662126015097684
7,25,-0.54,3.74403231026315
7,25,-0.53,3.8259026946890873
7,25,-0.52,3.9192398921267344
7,25,-0.51,4.014105848533595
7,25,-0.5,4.102335194757926
7,25,-0.49,4.182763546399174
7,25,-0.48,4.249337629294616
7,25,-0.47,4.304577235084639
7,25,-0.46,4.344267388026713
7,25,-0.45,4.356502968703982
7,25,-0.44,4.33507566972856
7,25,-0.43,4.280635690216276
7,25,-0.42,4.1914278117273955
7,25,-0.41,4.059438747222512
7,25,-0.4,3.8970881804525197
7,25,-0.39,3.7143089412076873
7,25,-0.38,3.5694220242114687
7,25,-0.37,3.4750269739721324
7,25,-0.36,3.4168422174718014
7,25,-0.35,3.405010354420266
7,25,-0.34,3.442547357558099
7,25,-0.33,3.505019546453008
7,25,-0.32,3.5785443234138574
7,25,-0.31,3.643265946797676
7,25,-0.3,3.6947739185233166
7,25,-0.29,3.741947621484041
7,25,-0.28,3.783132934788926
7,25,-0.27,3.8256329306810697
7,25,-0.26,3.8643766752296176
7,25,-0.25,3.8812910362840602
7,25,-0.24,3.863102886827126
7,25,-0.23,3.748997058084699
7,25,-0.22,3.204778195715387
7,25,-0.21,2.3908403990815077
7,25,-0.2,2.335737882781334
7,25,-0.19,2.3099018387576744
7,25,-0.18,2.29543397000903
7,25,-0.17,2.2888488399677978
7,25,-0.16,2.208036969700348
7,25,-0.15,2.2197938456749413
7,25,-0.14,2.264058694502231
7,25,-0.13,2.2173117971867784
7,25,-0.12,1.535508421144737
7,25,-0.11,1.5041805288114147
7,25,-0.1,1.4226456612706375
7,25,-0.09,1.317761858538264
7,25,-0.08,1.1948659837019608
7,25,-0.07,1.059093585754741
7,25,-0.06,0.9108505124837439
7,25,-0.05,0.7474599421139272
7,25,-0.04,0.5747748033259524
7,25,-0.03,0.3906194104901698
7,25,-0.02,0.21040596301904418
7,25,-0.01,0.072747576019638
7,25,0.0,0.020700188701984125
7,25,0.01,0.07361771847358975
7,25,0.02,0.2582027676703757
7,25,0.03,0.5709831435064906
7,25,0.04,1.0375849684028393
7,25,0.05,1.587114791943944
7,25,0.06,1.818687490894266
7,25,0.07,1.9927788582772414
7,25,0.08,2.1616612126545935
7,25,0.09,2.360945352270486
7,25,0.1,2.7551846725524833
7,25,0.11,1000.0
7,25,0.12,1000.0
7,25,0.13,1000.0
7,25,0.14,1000.0
7,25,0.15,1000.0
7,25,0.16,1000.0
7,25,0.17,1000.0
7,25,0.18,1000.0
7,25,0.19,1000.0
7,25,0.2,1000.0
7,25,0.21,1000.0
7,25,0.22,1000.0
7,25,0.23,1000.0
7,25,0.24,1000.0
7,25,0.25,1000.0
7,25,0.26,1000.0
7,25,0.27,1000.0
7,25,0.28,1000.0
7,25,0.29,1000.0
7,25,0.3,1000.0
7,25,0.31,1000.0
7,25,0.32,1000.0
7,25,0.33,1000.0
7,25,0.34,1000.0
7,25,0.35,1000.0
7,25,0.36,1000.0
7,25,0.37,1000.0
7,25,0.38,1000.0
7,25,0.39,1000.0
7,25,0.4,1000.0
7,25,0.41,1000.0
7,25,0.42,1000.0
7,25,0.43,1000.0
7,25,0.44,1000.0
7,25,0.45,1000.0
7,25,0.46,1000.0
7,25,0.47,1000.0
7,25,0.48,1000.0
7,25,0.49,1000.0
7,25,0.5,1000.0
7,25,0.51,1000.0
7,25,0.52,1000.0
7,25,0.53,1000.0
7,25,0.54,1000.0
7,25,0.55,1000.0
7,25,0.56,1000.0
7,25,0.57,1000.0
7,25,0.58,1000.0
7,25,0.59,1000.0
7,25,0.6,1000.0
7,25,0.61,1000.0
7,25,0.62,1000.0
7,25,0.63,1000.0
7,25,0.64,1000.0
7,25,0.65,1000.0
7,25,0.66,1000.0
7,25,0.67,1000.0
7,25,0.68,1000.0
7,25,0.69,1000.0
7,25,0.7,1000.0
7,25,0.71,1000.0
7,25,0.72,1000.0
7,25,0.73,1000.0
7,25,0.74,1000.0
7,25,0.75,1000.0
7,25,0.76,1000.0
7,25,0.77,1000.0
7,25,0.78,1000.0
7,25,0.79,1000.0
7,25,0.8,1000.0
7,25,0.81,1000.0
7,25,0.82,1000.0
7,25,0.83,1000.0
7,25,0.84,1000.0
7,25,0.85,1000.0
7,25,0.86,1000.0
7,25,0.87,1000.0
7,25,0.88,1000.0
7,25,0.89,1000.0
7,25,0.9,1000.0
7,25,0.91,1000.0
7,25,0.92,1000.0
7,25,0.93,1000.0
7,25,0.94,1000.0
7,25,0.95,1000.0
7,25,0.96,1000.0
7,25,0.97,1000.0
7,25,0.98,1000.0
7,25,0.99,1000.0
7,25,1.0,1000.0
7,25,1.01,1000.0
7,25,1.02,1000.0
7,25,1.03,1000.0
7,25,1.04,1000.0
7,25,1.05,1000.0
7,25,1.06,1000.0
7,25,1.07,1000.0
7,25,1.08,1000.0
7,25,1.09,1000.0
7,25,1.1,1000.0
7,25,1.11,1000.0
7,25,1.12,1000.0
7,25,1.13,1000.0
7,25,1.14,1000.0
7,25,1.15,1000.0
7,25,1.16,1000.0
7,25,1.17,1000.0
7,25,1.18,1000.0
7,25,1.19,1000.0
7,25,1.2,1000.0
7,25,1.21,1000.0
7,25,1.22,1000.0
7,25,1.23,1000.0
7,25,1.24,1000.0
7,25,1.25,1000.0
7,25,1.26,1000.0
7,25,1.27,1000.0
7,25,1.28,1000.0
7,25,1.29,1000.0
7,25,1.3,1000.0
7,25,1.31,1000.0
7,25,1.32,1000.0
7,25,1.33,1000.0
7,25,1.34,1000.0
7,25,1.35,1000.0
7,25,1.36,1000.0
7,25,1.37,1000.0
7,25,1.38,1000.0
7,25,1.39,1000.0
7,25,1.4,1000.0
7,25,1.41,1000.0
7,25,1.42,1000.0
7,25,1.43,1000.0
7,25,1.44,1000.0
7,25,1.45,1000.0
7,25,1.46,1000.0
7,25,1.47,1000.0
7,25,1.48,1000.0
7,25,1.49,1000.0
7,25,1.5,1000.0
7,25,1.51,1000.0
7,25,1.52,1000.0
7,25,1.53,1000.0
7,25,1.54,1000.0
7,25,1.55,1000.0
7,25,1.56,1000.0
7,25,1.57,1000.0
7,25,1.58,1000.0
7,25,1.59,1000.0
7,25,1.6,1000.0
7,25,1.61,1000.0
7,25,1.62,1000.0
7,25,1.63,1000.0
7,25,1.64,1000.0
7,25,1.65,1000.0
7,25,1.66,1000.0
7,25,1.67,1000.0
7,25,1.68,1000.0
7,25,1.69,1000.0
7,25,1.7,1000.0
7,25,1.71,1000.0
7,25,1.72,1000.0
7,25,1.73,1000.0
7,25,1.74,1000.0
7,25,1.75,1000.0
7,25,1.76,1000.0
7,25,1.77,1000.0
7,25,1.78,1000.0
7,25,1.79,1000.0
7,25,1.8,1000.0
7,25,1.81,1000.0
7,25,1.82,1000.0
7,25,1.83,1000.0
7,25,1.84,1000.0
7,25,1.85,1000.0
7,25,1.86,1000.0
7,25,1.87,1000.0
7,25,1.88,1000.0
7,25,1.89,1000.0
7,25,1.9,1000.0
7,25,1.91,1000.0
7,25,1.92,1000.0
7,25,1.93,1000.0
7,25,1.94,1000.0
7,25,1.95,1000.0
7,25,1.96,1000.0
7,25,1.97,1000.0
7,25,1.98,1000.0
7,25,1.99,1000.0
7,25,2.0,1000.0
7,50,-2.0,4.813629522154924
7,50,-1.99,4.807946480254098
7,50,-1.98,4.802264063327019
7,50,-1.97,4.796583076933652
7,50,-1.96,4.790902096141985
7,50,-1.95,4.7852175373337
7,50,-1.94,4.779523803001273
7,50,-1.93,4.77381349351448
7,50,-1.92,4.768077686454084
7,50,-1.91,4.7623062891213
7,50,-1.9,4.756488469497808
7,50,-1.89,4.750613163503876
7,50,-1.88,4.744669643184596
7,50,-1.87,4.738648115323502
7,50,-1.86,4.732540307525873
7,50,-1.85,4.726339992293603
7,50,-1.84,4.720043400077062
7,50,-1.83,4.713649479100222
7,50,-1.82,4.7071599716809684
7,50,-1.81,4.700579292547016
7,50,-1.8,4.693914212771978
7,50,-1.79,4.687173371251423
7,50,-1.78,4.680366651348433
7,50,-1.77,4.673504470854217
7,50,-1.76,4.666597037188306
7,50,-1.75,4.659653616854829
7,50,-1.74,4.6526818600929145
7,50,-1.73,4.645687210765721
7,50,-1.72,4.6386724202445055
7,50,-1.71,4.631637174271199
7,50,-1.7,4.624577834722801
7,50,-1.69,4.617487294465109
7,50,-1.68,4.610354943312348
7,50,-1.67,4.603166746426005
7,50,-1.66,4.59590544268025
7,50,-1.65,4.588550878106521
7,50,-1.64,4.581080495944733
7,50,-1.63,4.57347000663055
7,50,-1.62,4.565694254623188
7,50,-1.61,4.557728281674138
7,50,-1.6,4.549548557535033
7,50,-1.59,4.5411343120043215
7,50,-1.58,4.532468862962604
7,50,-1.57,4.5235408029106745
7,50,-1.56,4.514344891987562
7,50,-1.55,4.504882517473339
7,50,-1.54,4.495161622511534
7,50,-1.53,4.485196076691273
7,50,-1.52,4.475004546092922
7,50,-1.51,4.464609001814785
7,50,-1.5,4.454033063796687
7,50,-1.49,4.443300395701564
7,50,-1.48,4.432433341191052
7,50,-1.47,4.421451927674142
7,50,-1.46,4.410373274477808
7,50,-1.45,4.399211345733982
7,50,-1.44,4.387976899944217
7,50,-1.43,4.376677419820211
7,50,-1.42,4.365316765374154
7,50,-1.41,4.353894287404462
7,50,-1.4,4.3424031794092945
7,50,-1.39,4.330827957357687
7,50,-1.38,4.3191411786944185
7,50,-1.37,4.307299889172411
7,50,-1.36,4.295242810178549
7,50,-1.35,4.282889738429257
7,50,-1.34,4.270144341430205
7,50,-1.33,4.256899036808828
7,50,-1.32,4.243033562303847
7,50,-1.31,4.228383964041391
7,50,-1.3,4.212633784884995
7,50,-1.29,4.195064500362682
7,50,-1.28,4.174224344130972
7,50,-1.27,4.147314838818277
7,50,-1.26,4.09381403753147
7,50,-1.25,3.9408717226878442
7,50,-1.24,3.942236370149012
7,50,-1.23,3.895894181523189
7,50,-1.22,3.992374338987756
7,50,-1.21,4.132676957572633
7,50,-1.2,4.132435682453183
7,50,-1.19,4.151614835684048
7,50,-1.18,4.150029963847261
7,50,-1.17,4.114510182220951
7,50,-1.16,4.1540435493735215
7,50,-1.15,4.135298481096859
7,50,-1.14,4.296452385083298
7,50,-1.13,4.437711833623999
7,50,-1.12,4.469145376244054
7,50,-1.11,4.483574994373425
7,50,-1.1,4.4887498410964515
7,50,-1.09,4.502634499745494
7,50,-1.08,4.518573784378403
7,50,-1.07,4.532050380698049
7,50,-1.06,4.543015362086256
7,50,-1.05,4.552328177821437
7,50,-1.04,4.560584481937393
7,50,-1.03,4.5681219430068
7,50,-1.02,4.57509075641382
7,50,-1.01,4.581489207022106
7,50,-1.0,4.5871777268020475
7,50,-0.99,4.591744190434965
7,50,-0.98,4.5943483525351425
7,50,-0.97,4.593882486882035
7,50,-0.96,4.589570130891075
7,50,-0.95,4.583038368405174
7,50,-0.94,4.581411215435277
7,50,-0.93,4.592839516882281
7,50,-0.92,4.614195067083377
7,50,-0.91,4.631647258768176
7,50,-0.9,4.641264826195121
7,50,-0.89,4.657205585669422
7,50,-0.88,4.663847757116718
7,50,-0.87,4.624806396995361
7,50,-0.86,4.573893331997933
7,50,-0.85,4.5702550678543865
7,50,-0.84,4.565424957042202
7,50,-0.83,4.5308898365594015
7,50,-0.82,4.524802757465571
7,50,-0.81,4.5200748689717
7,50,-0.8,4.518432591889881
7,50,-0.79,4.527065086392226
7,50,-0.78,4.52775490366912
7,50,-0.77,4.503032455444259
7,50,-0.76,4.5208025777444565
7,50,-0.75,4.221561402705537
7,50,-0.74,4.210072891631018
7,50,-0.73,4.195103690823932
7,50,-0.72,4.191505969724145
7,50,-0.71,4.202077329598694
7,50,-0.7,4.219690552784385
7,50,-0.69,4.229398843615465
7,50,-0.68,4.228961221703582
7,50,-0.67,4.212795942048008
7,50,-0.66,4.194973004288466
7,50,-0.65,4.155489435719636
7,50,-0.64,4.10278345145074
7,50,-0.63,4.025167873818376
7,50,-0.62,3.9258048851679033
7,50,-0.61,3.822935480193963
7,50,-0.6,3.734251837012857
7,50,-0.59,3.6856163418782266
7,50,-0.58,3.661061069088934
7,50,-0.57,3.7053687609218917
7,50,-0.56,3.7399872986863847
7,50,-0.55,3.86060880435885
7,50,-0.54,3.8757165170123082
7,50,-0.53,3.9925721882434546
7,50,-0.52,4.119250648109613
7,50,-0.51,4.19218930231299
7,50,-0.5,4.157366022837194
7,50,-0.49,3.9382207409750065
7,50,-0.48,3.5676175723293415
7,50,-0.47,3.4843110607895817
7,50,-0.46,3.4260386017770417
7,50,-0.45,3.408350320619471
7,50,-0.44,3.389507570966112
7,50,-0.43,3.3533061189269677
7,50,-0.42,3.3043366869671087
7,50,-0.41,3.245796065333188
7,50,-0.4,3.200926722098634
7,50,-0.39,3.175499617763866
7,50,-0.38,3.1376947454842776
7,50,-0.37,3.080506586482868
7,50,-0.36,3.0285773244487872
7,50,-0.35,3.0353960525124575
7,50,-0.34,3.0556557167062333
7,50,-0.33,3.0656133178363536
7,50,-0.32,3.067972076851042
7,50,-0.31,3.0643533167991768
7,50,-0.3,3.031431273532071
7,50,-0.29,2.9620619550178633
7,50,-0.28,2.79977957734871
7,50,-0.27,2.5837935739188125
7,50,-0.26,2.547883217162824
7,50,-0.25,2.764473914792114
7,50,-0.24,3.1021796852109875
7,50,-0.23,3.381242883511885
7,50,-0.22,3.4221341708277166
7,50,-0.21,2.417361186456256
7,50,-0.2,2.4037678083578444
7,50,-0.19,2.393655221798663
7,50,-0.18,2.3851056748241772
7,50,-0.17,2.3816730042839294
7,50,-0.16,2.447031896163299
7,50,-0.15,2.8690703967974187
7,50,-0.14,3.019980679139758
7,50,-0.13,3.0221673270581078
7,50,-0.12,2.7137186908098703
7,50,-0.11,2.755290411966725
7,50,-0.1,2.6454004708341463
7,50,-0.09,2.46839250333605
7,50,-0.08,2.2306279303608942
7,50,-0.07,1.9587002609931046
7,50,-0.06,1.6934309820666513
7,50,-0.05,1.4082615268494232
7,50,-0.04,1.0972583101616813
7,50,-0.03,0.7667479831172374
7,50,-0.02,0.42995492840242555
7,50,-0.01,0.12155344699436008
7,50,0.0,0.02728570980472099
7,50,0.01,0.27049958702100724
7,50,0.02,0.7801161942487688
7,50,0.03,1.5258849533100636
7,50,0.04,2.5379303782237512
7,50,0.05,3.5128165473212944
7,50,0.06,4.097548219664504
7,50,0.07,4.421676792965565
7,50,0.08,4.710128112292241
7,50,0.09,4.990371717094961
7,50,0.1,5.273117241475524
7,50,0.11,5.549378436795486
7,50,0.12,5.689643524158812
7,50,0.13,5.363520782865878
7,50,0.14,4.521696701396527
7,50,0.15,1000.0
7,50,0.16,1000.0
7,50,0.17,1000.0
7,50,0.18,1000.0
7,50,0.19,1000.0
7,50,0.2,1000.0
7,50,0.21,1000.0
7,50,0.22,1000.0
7,50,0.23,1000.0
7,50,0.24,1000.0
7,50,0.25,1000.0
7,50,0.26,1000.0
7,50,0.27,1000.0
7,50,0.28,1000.0
7,50,0.29,1000.0
7,50,0.3,1000.0
7,50,0.31,1000.0
7,50,0.32,1000.0
7,50,0.33,1000.0
7,50,0.34,1000.0
7,50,0.35,1000.0
7,50,0.36,1000.0
7,50,0.37,1000.0
7,50,0.38,1000.0
7,50,0.39,1000.0
7,50,0.4,1000.0
7,50,0.41,1000.0
7,50,0.42,1000.0
7,50,0.43,1000.0
7,50,0.44,1000.0
7,50,0.45,1000.0
7,50,0.46,1000.0
7,50,0.47,1000.0
7,50,0.48,1000.0
7,50,0.49,1000.0
7,50,0.5,1000.0
7,50,0.51,1000.0
7,50,0.52,1000.0
7,50,0.53,1000.0
7,50,0.54,1000.0
7,50,0.55,1000.0
7,50,0.56,1000.0
7,50,0.57,1000.0
7,50,0.58,1000.0
7,50,0.59,1000.0
7,50,0.6,1000.0
7,50,0.61,1000.0
7,50,0.62,1000.0
7,50,0.63,1000.0
7,50,0.64,1000.0
7,50,0.65,1000.0
7,50,0.66,1000.0
7,50,0.67,1000.0
7,50,0.68,1000.0
7,50,0.69,1000.0
7,50,0.7,1000.0
7,50,0.71,1000.0
7,50,0.72,1000.0
7,50,0.73,1000.0
7,50,0.74,1000.0
7,50,0.75,1000.0
7,50,0.76,1000.0
7,50,0.77,1000.0
7,50,0.78,1000.0
7,50,0.79,1000.0
7,50,0.8,1000.0
7,50,0.81,1000.0
7,50,0.82,1000.0
7,50,0.83,1000.0
7,50,0.84,1000.0
7,50,0.85,1000.0
7,50,0.86,1000.0
7,50,0.87,1000.0
7,50,0.88,1000.0
7,50,0.89,1000.0
7,50,0.9,1000.0
7,50,0.91,1000.0
7,50,0.92,1000.0
7,50,0.93,1000.0
7,50,0.94,1000.0
7,50,0.95,1000.0
7,50,0.96,1000.0
7,50,0.97,1000.0
7,50,0.98,1000.0
7,50,0.99,1000.0
7,50,1.0,1000.0
7,50,1.01,1000.0
7,50,1.02,1000.0
7,50,1.03,1000.0
7,50,1.04,1000.0
7,50,1.05,1000.0
7,50,1.06,1000.0
7,50,1.07,1000.0
7,50,1.08,1000.0
7,50,1.09,1000.0
7,50,1.1,1000.0
7,50,1.11,1000.0
7,50,1.12,1000.0
7,50,1.13,1000.0
7,50,1.14,1000.0
7,50,1.15,1000.0
7,50,1.16,1000.0
7,50,1.17,1000.0
7,50,1.18,1000.0
7,50,1.19,1000.0
7,50,1.2,1000.0
7,50,1.21,1000.0
7,50,1.22,1000.0
7,50,1.23,1000.0
7,50,1.24,1000.0
7,50,1.25,1000.0
7,50,1.26,1000.0
7,50,1.27,1000.0
7,50,1.28,1000.0
7,50,1.29,1000.0
7,50,1.3,1000.0
7,50,1.31,1000.0
7,50,1.32,1000.0
7,50,1.33,1000.0
7,50,1.34,1000.0
7,50,1.35,1000.0
7,50,1.36,1000.0
7,50,1.37,1000.0
7,50,1.38,1000.0
7,50,1.39,1000.0
7,50,1.4,1000.0
7,50,1.41,1000.0
7,50,1.42,1000.0
7,50,1.43,1000.0
7,50,1.44,1000.0
7,50,1.45,1000.0
7,50,1.46,1000.0
7,50,1.47,1000.0
7,50,1.48,1000.0
7,50,1.49,1000.0
7,50,1.5,1000.0
7,50,1.51,1000.0
7,50,1.52,1000.0
7,50,1.53,1000.0
7,50,1.54,1000.0
7,50,1.55,1000.0
7,50,1.56,1000.0
7,50,1.57,1000.0
7,50,1.58,1000.0
7,50,1.59,1000.0
7,50,1.6,1000.0
7,50,1.61,1000.0
7,50,1.62,1000.0
7,50,1.63,1000.0
7,50,1.64,1000.0
7,50,1.65,1000.0
7,50,1.66,1000.0
7,50,1.67,1000.0
7,50,1.68,1000.0
7,50,1.69,1000.0
7,50,1.7,1000.0
7,50,1.71,1000.0
7,50,1.72,1000.0
7,50,1.73,1000.0
7,50,1.74,1000.0
7,50,1.75,1000.0
7,50,1.76,1000.0
7,50,1.77,1000.0
7,50,1.78,1000.0
7,50,1.79,1000.0
7,50,1.8,1000.0
7,50,1.81,1000.0
7,50,1.82,1000.0
7,50,1.83,1000.0
7,50,1.84,1000.0
7,50,1.85,1000.0
7,50,1.86,1000.0
7,50,1.87,1000.0
7,50,1.88,1000.0
7,50,1.89,1000.0
7,50,1.9,1000.0
7,50,1.91,1000.0
7,50,1.92,1000.0
7,50,1.93,1000.0
7,50,1.94,1000.0
7,50,1.95,1000.0
7,50,1.96,1000.0
7,50,1.97,1000.0
7,50,1.98,1000.0
7,50,1.99,1000.0
7,50,2.0,1000.0
7,100,-2.0,4.894399334265999
7,100,-1.99,4.890058601923899
7,100,-1.98,4.885706898066749
7,100,-1.97,4.881336892409738
7,100,-1.96,4.876940046606783
7,100,-1.95,4.872506649974224
7,100,-1.94,4.868025896773011
7,100,-1.93,4.863486008903657
7,100,-1.92,4.85887441350691
7,100,-1.91,4.854177988623039
7,100,-1.9,4.849383388241924
7,100,-1.89,4.844477449202329
7,100,-1.88,4.839447667901575
7,100,-1.87,4.834282718617018
7,100,-1.86,4.828972972043727
7,100,-1.85,4.8235109656754025
7,100,-1.84,4.817891777905546
7,100,-1.83,4.812113264511236
7,100,-1.82,4.8061761282204705
7,100,-1.81,4.800083808051895
7,100,-1.8,4.793842193503494
7,100,-1.79,4.787459187221567
7,100,-1.78,4.780944155673475
7,100,-1.77,4.774307317887535
7,100,-1.76,4.767559125887758
7,100,-1.75,4.760709687004458
7,100,-1.74,4.753768269194593
7,100,-1.73,4.746742918080202
7,100,-1.72,4.739640200876347
7,100,-1.71,4.732465079497185
7,100,-1.7,4.725220903991087
7,100,-1.69,4.717909508644856
7,100,-1.68,4.710531386969071
7,100,-1.67,4.703085918611821
7,100,-1.66,4.6955716211674545
7,100,-1.65,4.687986402582343
7,100,-1.64,4.680327794602799
7,100,-1.63,4.67259315322744
7,100,-1.62,4.6647798171548045
7,100,-1.61,4.656885218984304
7,100,-1.6,4.648906946476829
7,100,-1.59,4.640842753269516
7,100,-1.58,4.6326905210070635
7,100,-1.57,4.6244481783866975
7,100,-1.56,4.616113586832686
7,100,-1.55,4.60768440660594
7,100,-1.54,4.5991579603689585
7,100,-1.53,4.590531113334901
7,100,-1.52,4.581800190288438
7,100,-1.51,4.5729609498458705
7,100,-1.5,4.564008634250699
7,100,-1.49,4.554938106717745
7,100,-1.48,4.545744075558041
7,100,-1.47,4.536421383686763
7,100,-1.46,4.526965314140038
7,100,-1.45,4.517371829547154
7,100,-1.44,4.5076376306326225
7,100,-1.43,4.497759891686994
7,100,-1.42,4.487735516821765
7,100,-1.41,4.477559769314748
7,100,-1.4,4.467224172244049
7,100,-1.39,4.456713686721006
7,100,-1.38,4.446003382604088
7,100,-1.37,4.435055166086752
7,100,-1.36,4.423815605451257
7,100,-1.35,4.412216285195062
7,100,-1.34,4.400177737599671
7,100,-1.33,4.387615399238295
7,100,-1.32,4.374438859708242
7,100,-1.31,4.360520737040073
7,100,-1.3,4.345586615553284
7,100,-1.29,4.328962958832402
7,100,-1.28,4.309242419120245
7,100,-1.27,4.283666713640933
7,100,-1.26,4.231747479805496
7,100,-1.25,4.080661988262005
7,100,-1.24,4.084184214762515
7,100,-1.23,4.040347295866253
7,100,-1.22,4.158442479233536
7,100,-1.21,4.176922093082481
7,100,-1.2,4.293366949820414
7,100,-1.19,4.411201219177553
7,100,-1.18,4.418305038200878
7,100,-1.17,4.435776361112611
7,100,-1.16,4.483748724235985
7,100,-1.15,4.541015840874691
7,100,-1.14,4.620549661387622
7,100,-1.13,4.629739301205063
7,100,-1.12,4.625614249060148
7,100,-1.11,4.630206993713306
7,100,-1.1,4.636601868549965
7,100,-1.09,4.634510440764806
7,100,-1.08,4.638840787894882
7,100,-1.07,4.6482858764152155
7,100,-1.06,4.659475385165075
7,100,-1.05,4.6716170881521
7,100,-1.04,4.684886306636905
7,100,-1.03,4.699498500213911
7,100,-1.02,4.7154447194826865
7,100,-1.01,4.7319206819494095
7,100,-1.0,4.747177167045346
7,100,-0.99,4.760527459012116
7,100,-0.98,4.776291843203842
7,100,-0.97,4.801331928639859
7,100,-0.96,4.820067175551349
7,100,-0.95,4.812996483827569
7,100,-0.94,4.8203905025140195
7,100,-0.93,4.853365863305163
7,100,-0.92,4.836929010341431
7,100,-0.91,4.809716201266509
7,100,-0.9,4.776531077672525
7,100,-0.89,4.791146572463603
7,100,-0.88,4.761949092499767
7,100,-0.87,4.715436372917868
7,100,-0.86,4.786696220494924
7,100,-0.85,4.793514870549877
7,100,-0.84,4.8059827069814816
7,100,-0.83,4.798322763478532
7,100,-0.82,4.794835122668912
7,100,-0.81,4.7914529871568154
7,100,-0.8,4.762951283595108
7,100,-0.79,4.708535726393128
7,100,-0.78,4.661545360382259
7,100,-0.77,4.625790801549433
7,100,-0.76,4.6158058046799235
7,100,-0.75,4.627552106443324
7,100,-0.74,4.639960601273963
7,100,-0.73,4.645225536912968
7,100,-0.72,4.6974957591722815
7,100,-0.71,4.7545460235846795
7,100,-0.7,4.789236790302948
7,100,-0.69,4.784793652439142
7,100,-0.68,4.82794938407708
7,100,-0.67,4.818225275120876
7,100,-0.66,4.749371598234012
7,100,-0.65,4.617798021739
7,100,-0.64,4.50474186730025
7,100,-0.63,4.403679021344882
7,100,-0.62,4.3548105813178655
7,100,-0.61,4.4134243220328715
7,100,-0.6,4.522939559139741
7,100,-0.59,4.570123134054454
7,100,-0.58,4.467529908892669
7,100,-0.57,4.291480438348115
7,100,-0.56,4.046276519783246
7,100,-0.55,3.840846542611928
7,100,-0.54,3.856808707882483
7,100,-0.53,4.035887271453823
7,100,-0.52,4.292575847284361
7,100,-0.51,4.499465268279802
7,100,-0.5,4.607572585870872
7,100,-0.49,4.544222107801828
7,100,-0.48,4.463203564901669
7,100,-0.47,4.32996282527709
7,100,-0.46,4.217307741142609
7,100,-0.45,4.1837251365176344
7,100,-0.44,4.203223090568276
7,100,-0.43,4.205741984720679
7,100,-0.42,4.231278458579086
7,100,-0.41,4.192178486401765
7,100,-0.4,4.015295572796318
7,100,-0.39,3.7492003211141225
7,100,-0.38,3.598190766595644
7,100,-0.37,3.7327900895194936
7,100,-0.36,3.8840823393758277
7,100,-0.35,3.9206540020976606
7,100,-0.34,3.8119676751722116
7,100,-0.33,3.600893148855616
7,100,-0.32,3.64068162318588
7,100,-0.31,3.8229480144429204
7,100,-0.3,3.8009461019393336
7,100,-0.29,3.434163537096241
7,100,-0.28,3.0841423631834854
7,100,-0.27,2.965218397457198
7,100,-0.26,2.9825596368687832
7,100,-0.25,3.5696610676669307
7,100,-0.24,4.058697890915523
7,100,-0.23,3.957020104514743
7,100,-0.22,3.4437773284990527
7,100,-0.21,2.417662307230138
7,100,-0.2,2.404830934437904
7,100,-0.19,2.3946157813316904
7,100,-0.18,2.3842878510876253
7,100,-0.17,2.3766277403246807
7,100,-0.16,2.434821585185728
7,100,-0.15,3.348759030910746
7,100,-0.14,3.312217859159876
7,100,-0.13,3.3931420052118466
7,100,-0.12,3.538246289571241
7,100,-0.11,3.7206203090137633
7,100,-0.1,3.9062027046209282
7,100,-0.09,4.051618039301311
7,100,-0.08,4.146020005367228
7,100,-0.07,4.179142082916146
7,100,-0.06,4.131394787771127
7,100,-0.05,3.876655644698449
7,100,-0.04,3.345647012056608
7,100,-0.03,2.5585262116157086
7,100,-0.02,1.6160454444590615
7,100,-0.01,0.6177526843092827
7,100,0.0,0.017576201469118733
7,100,0.01,0.6867547980174964
7,100,0.02,1.9946340425370235
7,100,0.03,3.6545700719416896
7,100,0.04,4.868283600512929
7,100,0.05,4.785621247421419
7,100,0.06,3.2277692458139273
7,100,0.07,5.0265970677859295
7,100,0.08,5.385347243211836
7,100,0.09,5.7026408646785
7,100,0.1,6.01217682576677
7,100,0.11,6.31056041585816
7,100,0.12,6.470627184351741
7,100,0.13,6.164389958766956
7,100,0.14,5.297993489327329
7,100,0.15,1000.0
7,100,0.16,1000.0
7,100,0.17,1000.0
7,100,0.18,1000.0
7,100,0.19,1000.0
7,100,0.2,1000.0
7,100,0.21,1000.0
7,100,0.22,1000.0
7,100,0.23,1000.0
7,100,0.24,1000.0
7,100,0.25,1000.0
7,100,0.26,1000.0
7,100,0.27,1000.0
7,100,0.28,1000.0
7,100,0.29,1000.0
7,100,0.3,1000.0
7,100,0.31,1000.0
7,100,0.32,1000.0
7,100,0.33,1000.0
7,100,0.34,1000.0
7,100,0.35,1000.0
7,100,0.36,1000.0
7,100,0.37,1000.0
7,100,0.38,1000.0
7,100,0.39,1000.0
7,100,0.4,1000.0
7,100,0.41,1000.0
7,100,0.42,1000.0
7,100,0.43,1000.0
7,100,0.44,1000.0
7,100,0.45,1000.0
7,100,0.46,1000.0
7,100,0.47,1000.0
7,100,0.48,1000.0
7,100,0.49,1000.0
7,100,0.5,1000.0
7,100,0.51,1000.0
7,100,0.52,1000.0
7,100,0.53,1000.0
7,100,0.54,1000.0
7,100,0.55,1000.0
7,100,0.56,1000.0
7,100,0.57,1000.0
7,100,0.58,1000.0
7,100,0.59,1000.0
7,100,0.6,1000.0
7,100,0.61,1000.0
7,100,0.62,1000.0
7,100,0.63,1000.0
7,100,0.64,1000.0
7,100,0.65,1000.0
7,100,0.66,1000.0
7,100,0.67,1000.0
7,100,0.68,1000.0
7,100,0.69,1000.0
7,100,0.7,1000.0
7,100,0.71,1000.0
7,100,0.72,1000.0
7,100,0.73,1000.0
7,100,0.74,1000.0
7,100,0.75,1000.0
7,100,0.76,1000.0
7,100,0.77,1000.0
7,100,0.78,1000.0
7,100,0.79,1000.0
7,100,0.8,1000.0
7,100,0.81,1000.0
7,100,0.82,1000.0
7,100,0.83,1000.0
7,100,0.84,1000.0
7,100,0.85,1000.0
7,100,0.86,1000.0
7,100,0.87,1000.0
7,100,0.88,1000.0
7,100,0.89,1000.0
7,100,0.9,1000.0
7,100,0.91,1000.0
7,100,0.92,1000.0
7,100,0.93,1000.0
7,100,0.94,1000.0
7,100,0.95,1000.0
7,100,0.96,1000.0
7,100,0.97,1000.0
7,100,0.98,1000.0
7,100,0.99,1000.0
7,100,1.0,1000.0
7,100,1.01,1000.0
7,100,1.02,1000.0
7,100,1.03,1000.0
7,100,1.04,1000.0
7,100,1.05,1000.0
7,100,1.06,1000.0
7,100,1.07,1000.0
7,100,1.08,1000.0
7,100,1.09,1000.0
7,100,1.1,1000.0
7,100,1.11,1000.0
7,100,1.12,1000.0
7,100,1.13,1000.0
7,100,1.14,1000.0
7,100,1.15,1000.0
7,100,1.16,1000.0
7,100,1.17,1000.0
7,100,1.18,1000.0
7,100,1.19,1000.0
7,100,1.2,1000.0
7,100,1.21,1000.0
7,100,1.22,1000.0
7,100,1.23,1000.0
7,100,1.24,1000.0
7,100,1.25,1000.0
7,100,1.26,1000.0
7,100,1.27,1000.0
7,100,1.28,1000.0
7,100,1.29,1000.0
7,100,1.3,1000.0
7,100,1.31,1000.0
7,100,1.32,1000.0
7,100,1.33,1000.0
7,100,1.34,1000.0
7,100,1.35,1000.0
7,100,1.36,1000.0
7,100,1.37,1000.0
7,100,1.38,1000.0
7,100,1.39,1000.0
7,100,1.4,1000.0
7,100,1.41,1000.0
7,100,1.42,1000.0
7,100,1.43,1000.0
7,100,1.44,1000.0
7,100,1.45,1000.0
7,100,1.46,1000.0
7,100,1.47,1000.0
7,100,1.48,1000.0
7,100,1.49,1000.0
7,100,1.5,1000.0
7,100,1.51,1000.0
7,100,1.52,1000.0
7,100,1.53,1000.0
7,100,1.54,1000.0
7,100,1.55,1000.0
7,100,1.56,1000.0
7,100,1.57,1000.0
7,100,1.58,1000.0
7,100,1.59,1000.0
7,100,1.6,1000.0
7,100,1.61,1000.0
7,100,1.62,1000.0
7,100,1.63,1000.0
7,100,1.64,1000.0
7,100,1.65,1000.0
7,100,1.66,1000.0
7,100,1.67,1000.0
7,100,1.68,1000.0
7,100,1.69,1000.0
7,100,1.7,1000.0
7,100,1.71,1000.0
7,100,1.72,1000.0
7,100,1.73,1000.0
7,100,1.74,1000.0
7,100,1.75,1000.0
7,100,1.76,1000.0
7,100,1.77,1000.0
7,100,1.78,1000.0
7,100,1.79,1000.0
7,100,1.8,1000.0
7,100,1.81,1000.0
7,100,1.82,1000.0
7,100,1.83,1000.0
7,100,1.84,1000.0
7,100,1.85,1000.0
7,100,1.86,1000.0
7,100,1.87,1000.0
7,100,1.88,1000.0
7,100,1.89,1000.0
7,100,1.9,1000.0
7,100,1.91,1000.0
7,100,1.92,1000.0
7,100,1.93,1000.0
7,100,1.94,1000.0
7,100,1.95,1000.0
7,100,1.96,1000.0
7,100,1.97,1000.0
7,100,1.98,1000.0
7,100,1.99,1000.0
7,100,2.0,1000.0
8,1,-2.0,3.389658946235184
8,1,-1.99,3.3503969100522712
8,1,-1.98,3.312141966351168
8,1,-1.97,3.274823239954728
8,1,-1.96,3.238376427015453
8,1,-1.95,3.2027430240036634
8,1,-1.94,3.167869667262575
8,1,-1.93,3.133707564589271
8,1,-1.92,3.1002120038463925
8,1,-1.91,3.067341926397457
8,1,-1.9,3.035059555367054
8,1,-1.89,3.0033300704881247
8,1,-1.88,2.9721213227119923
8,1,-1.87,2.941403582898024
8,1,-1.86,2.911149319826985
8,1,-1.85,2.8813330035390017
8,1,-1.84,2.851930930618424
8,1,-1.83,2.8229210685606683
8,1,-1.82,2.794282916780825
8,1,-1.81,2.765997382177568
8,1,-1.8,2.7380466674618167
8,1,-1.79,2.7104141707077645
8,1,-1.78,2.683084394793355
8,1,-1.77,2.6560428655744817
8,1,-1.76,2.6292760577876053
8,1,-1.75,2.6027713278039
8,1,-1.74,2.57651685246788
8,1,-1.73,2.550501573347711
8,1,-1.72,2.524715145805837
8,1,-1.71,2.4991478923687946
8,1,-1.7,2.473790759936261
8,1,-1.69,2.448635280422552
8,1,-1.68,2.423673534470297
8,1,-1.67,2.398898117917014
8,1,-1.66,2.374302110731113
8,1,-1.65,2.34987904816578
8,1,-1.64,2.3256228939073877
8,1,-1.63,2.3015280150201614
8,1,-1.62,2.27758915851121
8,1,-1.61,2.2538014293601427
8,1,-1.6,2.2301602698754377
8,1,-1.59,2.2066614402558002
8,1,-1.58,2.1833010002494144
8,1,-1.57,2.160075291816978
8,1,-1.56,2.136980922716165
8,1,-1.55,2.1140147509357856
8,1,-1.54,2.0911738699173403
8,1,-1.53,2.068455594510213
8,1,-1.52,2.0458574476142197
8,1,-1.51,2.023377147469985
8,1,-1.5,2.001012595563481
8,1,-1.49,1.978761865116148
8,1,-1.48,1.956623190136516
8,1,-1.47,1.9345949550129133
8,1,-1.46,1.912675684630058
8,1,-1.45,1.8908640349948205
8,1,-1.44,1.86915878435854
8,1,-1.43,1.8475588248247508
8,1,-1.42,1.8260631544322916
8,1,-1.41,1.8046708697044824
8,1,-1.4,1.7833811586553137
8,1,-1.39,1.7621932942436704
8,1,-1.38,1.7411066282663548
8,1,-1.37,1.7201205856801274
8,1,-1.36,1.69923465934244
8,1,-1.35,1.6784484051596291
8,1,-1.34,1.6577614376305245
8,1,-1.33,1.6371734257724417
8,1,-1.32,1.6166840894155436
8,1,-1.31,1.5962931958506204
8,1,-1.3,1.5760005568143867
8,1,-1.29,1.5558060257955328
8,1,-1.28,1.5357094956440094
8,1,-1.27,1.5157108964653412
8,1,-1.26,1.4958101937812307
8,1,-1.25,1.4760073869372674
8,1,-1.24,1.4563025077383713
8,1,-1.23,1.4366956192923295
8,1,-1.22,1.4171868150419973
8,1,-1.21,1.3977762179666935
8,1,-1.2,1.3784639799338354
8,1,-1.19,1.3592502811821294
8,1,-1.18,1.3401353299183334
8,1,-1.17,1.3211193620102444
8,1,-1.16,1.3022026407593552
8,1,-1.15,1.2833854567375522
8,1,-1.14,1.2646681276731742
8,1,-1.13,1.2460509983727985
8,1,-1.12,1.2275344406662112
8,1,-1.11,1.2091188533631507
8,1,-1.1,1.1908046622115918
8,1,-1.09,1.172592319848447
8,1,-1.08,1.1544823057348088
8,1,-1.07,1.1364751260689316
8,1,-1.06,1.1185713136713524
8,1,-1.05,1.1007714278375649
8,1,-1.04,1.0830760541547966
8,1,-1.03,1.0654858042803586
8,1,-1.02,1.048001315680021
8,1,-1.01,1.0306232513257139
8,1,-1.0,1.0133522993526705
8,1,-0.99,0.9961891726768312
8,1,-0.98,0.979134608573992
8,1,-0.97,0.9621893682227499
8,1,-0.96,0.9453542362137576
8,1,-0.95,0.9286300200282563
8,1,-0.94,0.9120175494891445
8,1,-0.93,0.8955176761881112
8,1,-0.92,0.8791312728925582
8,1,-0.91,0.862859232936134
8,1,-0.9,0.8467024695967681
8,1,-0.89,0.8306619154660608
8,1,-0.88,0.8147385218138554
8,1,-0.87,0.7989332579516902
8,1,-0.86,0.7832471105986717
8,1,-0.85,0.7676810832531327
8,1,-0.84,0.7522361955732143
8,1,-0.83,0.7369134827692693
8,1,-0.82,0.7217139950107286
8,1,-0.81,0.7066387968497808
8,1,-0.8,0.691688966663973
8,1,-0.79,0.6768655961195106
8,1,-0.78,0.6621697896568106
8,1,-0.77,0.6476026639995403
8,1,-0.76,0.6331653476881691
8,1,-0.75,0.6188589806387764
8,1,-0.74,0.6046847137276592
8,1,-0.73,0.5906437084020841
8,1,-0.72,0.576737136317332
8,1,-0.71,0.5629661790000521
8,1,-0.7,0.5493320275378034
8,1,-0.69,0.5358358822945575
8,1,-0.68,0.5224789526518792
8,1,-0.67,0.5092624567754407
8,1,-0.66,0.49618762140649997
8,1,-0.65,0.4832556816780062
8,1,-0.64,0.47046788095498177
8,1,-0.63,0.4578254706989203
8,1,-0.62,0.4453297103559919
8,1,-0.61,0.4329818672689342
8,1,-0.6,0.42078321661264156
8,1,-0.59,0.40873504135356126
8,1,-0.58,0.39683863223315946
8,1,-0.57,0.3850952877758778
8,1,-0.56,0.37350631432214493
8,1,-0.55,0.36207302608719094
8,1,-0.54,0.35079674524658927
8,1,-0.53,0.3396788020496283
8,1,-0.52,0.3287205349618034
8,1,-0.51,0.3179232908379212
8,1,-0.5,0.30728842512748344
8,1,-0.49,0.29681730211422963
8,1,-0.48,0.2865112951919088
8,1,-0.47,0.27637178717853794
8,1,-0.46,0.2664001706716258
8,1,-0.45,0.25659784844701605
8,1,-0.44,0.24696623390422068
8,1,-0.43,0.2375067515613151
8,1,-0.42,0.2282208376026696
8,1,-0.41,0.21910994048300328
8,1,-0.4,0.21017552159146566
8,1,-0.39,0.2014190559796689
8,1,-0.38,0.192842033157829
8,1,-0.37,0.18444595796341084
8,1,-0.36,0.17623235150693112
8,1,-0.35,0.1682027521998342
8,1,-0.34,0.16035871686965023
8,1,-0.33,0.15270182196794674
8,1,-0.32,0.145233664876919
8,1,-0.31,0.13795586532082638
8,1,-0.3,0.13087006688887845
8,1,-0.29,0.12397793867662221
8,1,-0.28,0.11728117705337252
8,1,-0.27,0.1107815075638125
8,1,-0.26,0.10448068697259662
8,1,-0.25,0.09838050546186528
8,1,-0.24,0.0924827889942292
8,1,-0.23,0.08678940186470237
8,1,-0.22,0.0813022495227835
8,1,-0.21,0.07602328207208323
8,1,-0.2,0.07095450072638491
8,1,-0.19,0.06609798021273434
8,1,-0.18,0.061455979353894866
8,1,-0.17,0.05703147820595659
8,1,-0.16,0.052829602825937995
8,1,-0.15,0.048855585399707344
8,1,-0.14,0.04510907435227878
8,1,-0.13,0.04158946751857316
8,1,-0.12,0.03829839472283424
8,1,-0.11,0.03523829954112131
8,1,-0.1,0.032411870436632455
8,1,-0.09,0.02982193412317255
8,1,-0.08,0.02747144804454003
8,1,-0.07,0.02536351348801711
8,1,-0.06,0.02350139646426414
8,1,-0.05,0.021888557519195294
8,1,-0.04,0.020528703221651727
8,1,-0.03,0.019425913940812
8,1,-0.02,0.018585092395998752
8,1,-0.01,0.018013936416250435
8,1,0.0,0.01773109828394226
8,1,0.01,0.017759576968482696
8,1,0.02,0.01808504328148211
8,1,0.03,0.01869754371743003
8,1,0.04,0.019598137405008906
8,1,0.05,0.02079076632906045
8,1,0.06,0.022280312713092658
8,1,0.07,0.02407218139057904
8,1,0.08,0.026172203937817787
8,1,0.09,0.028586620297249538
8,1,0.1,0.03132208344195758
8,1,0.11,0.03438567416279369
8,1,0.12,0.037784922597664625
8,1,0.13,0.04152783537487867
8,1,0.14,0.045622927858964
8,1,0.15,0.050079261257348795
8,1,0.16,0.05490648454183819
8,1,0.17,0.06011488130817684
8,1,0.18,0.06571542184780219
8,1,0.19,0.07171982084245196
8,1,0.2,0.07814060122036245
8,1,0.21,0.08499116483888718
8,1,0.22,0.09228587078895166
8,1,0.23,0.1000401222580331
8,1,0.24,0.10827046304654572
8,1,0.25,0.1169946850146169
8,1,0.26,0.12623194795185103
8,1,0.27,0.13600291362879946
8,1,0.28,0.14632989614385916
8,1,0.29,0.15723703122453983
8,1,0.3,0.16875046816607803
8,1,0.31,0.1808985904300003
8,1,0.32,0.1937122769075119
8,1,0.33,0.20722523078041008
8,1,0.34,0.22147442896532332
8,1,0.35,0.23650071048926669
8,1,0.36,0.2523491197316662
8,1,0.37,0.2690683239615578
8,1,0.38,0.28671050928084885
8,1,0.39,0.30533309706324524
8,1,0.4,0.32500022041936993
8,1,0.41,0.3457834732911349
8,1,0.42,0.36776271773617253
8,1,0.43,0.39102718374913825
8,1,0.44,0.4156768589307163
8,1,0.45,0.44182418062911716
8,1,0.46,0.4695960804150932
8,1,0.47,0.49913646028655917
8,1,0.48,0.5306092091657668
8,1,0.49,0.5642019037777831
8,1,0.5,0.6001303851952242
8,1,0.51,0.6386444671426486
8,1,0.52,0.6800351227851346
8,1,0.53,0.7246436254244522
8,1,0.54,0.7728733041511806
8,1,0.55,0.8252048477536608
8,1,0.56,0.8822164968691584
8,1,0.57,0.9446110842271114
8,1,0.58,1.0132528489528594
8,1,0.59,1.0892184946075736
8,1,0.6,1.173869497023079
8,1,0.61,1.2689569688745113
8,1,0.62,1.3767779477984732
8,1,0.63,1.5004158250814696
8,1,0.64,1.6441242620324492
8,1,0.65,1.8139681545830466
8,1,0.66,2.0189534414217647
8,1,0.67,2.2731582559150665
8,1,0.68,2.600120223751685
8,1,0.69,3.0429983250014176
8,1,0.7,3.692448627978281
8,1,0.71,4.786339895105007
8,1,0.72,7.279012536047591
8,1,0.73,21.048796445923678
8,1,0.74,745.8676402795306
8,1,0.75,1000.0
8,1,0.76,1000.0
8,1,0.77,1000.0
8,1,0.78,1000.0
8,1,0.79,1000.0
8,1,0.8,1000.0
8,1,0.81,1000.0
8,1,0.82,1000.0
8,1,0.83,1000.0
8,1,0.84,1000.0
8,1,0.85,1000.0
8,1,0.86,1000.0
8,1,0.87,1000.0
8,1,0.88,1000.0
8,1,0.89,1000.0
8,1,0.9,1000.0
8,1,0.91,1000.0
8,1,0.92,1000.0
8,1,0.93,1000.0
8,1,0.94,1000.0
8,1,0.95,1000.0
8,1,0.96,1000.0
8,1,0.97,1000.0
8,1,0.98,1000.0
8,1,0.99,1000.0
8,1,1.0,1000.0
8,1,1.01,1000.0
8,1,1.02,1000.0
8,1,1.03,1000.0
8,1,1.04,1000.0
8,1,1.05,1000.0
8,1,1.06,1000.0
8,1,1.07,1000.0
8,1,1.08,1000.0
8,1,1.09,1000.0
8,1,1.1,1000.0
8,1,1.11,1000.0
8,1,1.12,1000.0
8,1,1.13,1000.0
8,1,1.14,1000.0
8,1,1.15,1000.0
8,1,1.16,1000.0
8,1,1.17,1000.0
8,1,1.18,1000.0
8,1,1.19,1000.0
8,1,1.2,1000.0
8,1,1.21,1000.0
8,1,1.22,1000.0
8,1,1.23,1000.0
8,1,1.24,1000.0
8,1,1.25,1000.0
8,1,1.26,1000.0
8,1,1.27,1000.0
8,1,1.28,1000.0
8,1,1.29,1000.0
8,1,1.3,1000.0
8,1,1.31,1000.0
8,1,1.32,1000.0
8,1,1.33,1000.0
8,1,1.34,1000.0
8,1,1.35,1000.0
8,1,1.36,1000.0
8,1,1.37,1000.0
8,1,1.38,1000.0
8,1,1.39,1000.0
8,1,1.4,1000.0
8,1,1.41,1000.0
8,1,1.42,1000.0
8,1,1.43,1000.0
8,1,1.44,1000.0
8,1,1.45,1000.0
8,1,1.46,1000.0
8,1,1.47,1000.0
8,1,1.48,1000.0
8,1,1.49,1000.0
8,1,1.5,1000.0
8,1,1.51,1000.0
8,1,1.52,1000.0
8,1,1.53,1000.0
8,1,1.54,1000.0
8,1,1.55,1000.0
8,1,1.56,1000.0
8,1,1.57,1000.0
8,1,1.58,1000.0
8,1,1.59,1000.0
8,1,1.6,1000.0
8,1,1.61,1000.0
8,1,1.62,1000.0
8,1,1.63,1000.0
8,1,1.64,1000.0
8,1,1.65,1000.0
8,1,1.66,1000.0
8,1,1.67,1000.0
8,1,1.68,1000.0
8,1,1.69,1000.0
8,1,1.7,1000.0
8,1,1.71,1000.0
8,1,1.72,1000.0
8,1,1.73,1000.0
8,1,1.74,1000.0
8,1,1.75,1000.0
8,1,1.76,1000.0
8,1,1.77,1000.0
8,1,1.78,1000.0
8,1,1.79,1000.0
8,1,1.8,1000.0
8,1,1.81,1000.0
8,1,1.82,1000.0
8,1,1.83,1000.0
8,1,1.84,1000.0
8,1,1.85,1000.0
8,1,1.86,1000.0
8,1,1.87,1000.0
8,1,1.88,1000.0
8,1,1.89,1000.0
8,1,1.9,1000.0
8,1,1.91,1000.0
8,1,1.92,1000.0
8,1,1.93,1000.0
8,1,1.94,1000.0
8,1,1.95,1000.0
8,1,1.96,1000.0
8,1,1.97,1000.0
8,1,1.98,1000.0
8,1,1.99,1000.0
8,1,2.0,1000.0
8,2,-2.0,1000.0
8,2,-1.99,1000.0
8,2,-1.98,1000.0
8,2,-1.97,1000.0
8,2,-1.96,1000.0
8,2,-1.95,1000.0
8,2,-1.94,1000.0
8,2,-1.93,1000.0
8,2,-1.92,1000.0
8,2,-1.91,1000.0
8,2,-1.9,1000.0
8,2,-1.89,1000.0
8,2,-1.88,1000.0
8,2,-1.87,1000.0
8,2,-1.86,1000.0
8,2,-1.85,1000.0
8,2,-1.84,1000.0
8,2,-1.83,1000.0
8,2,-1.82,1000.0
8,2,-1.81,1000.0
8,2,-1.8,1000.0
8,2,-1.79,1000.0
8,2,-1.78,1000.0
8,2,-1.77,1000.0
8,2,-1.76,1000.0
8,2,-1.75,1000.0
8,2,-1.74,1000.0
8,2,-1.73,1000.0
8,2,-1.72,1000.0
8,2,-1.71,1000.0
8,2,-1.7,1000.0
8,2,-1.69,1000.0
8,2,-1.68,1000.0
8,2,-1.67,1000.0
8,2,-1.66,1000.0
8,2,-1.65,1000.0
8,2,-1.64,1000.0
8,2,-1.63,1000.0
8,2,-1.62,1000.0
8,2,-1.61,1000.0
8,2,-1.6,10524.101836305259
8,2,-1.59,49.667932504937326
8,2,-1.58,9.007085004778563
8,2,-1.57,6.6821049600002125
8,2,-1.56,5.959189952754244
8,2,-1.55,5.577731374005446
8,2,-1.54,5.326957042288439
8,2,-1.53,5.141674332481961
8,2,-1.52,4.99468419402941
8,2,-1.51,4.872434017716315
8,2,-1.5,4.767318117164011
8,2,-1.49,4.6746865579254795
8,2,-1.48,4.591506639233233
8,2,-1.47,4.515698100520344
8,2,-1.46,4.445775244230515
8,2,-1.45,4.380641481983801
8,2,-1.44,4.31946501301327
8,2,-1.43,4.261600222943596
8,2,-1.42,4.206536109272413
8,2,-1.41,4.1538613466333745
8,2,-1.4,4.103239962219467
8,2,-1.39,4.054393986098773
8,2,-1.38,4.007090810984299
8,2,-1.37,3.9611338078860365
8,2,-1.36,3.9163552405048465
8,2,-1.35,3.872610833333205
8,2,-1.34,3.8297755495938888
8,2,-1.33,3.7877402677487226
8,2,-1.32,3.7464091345075343
8,2,-1.31,3.705697433387902
8,2,-1.3,3.665529850470008
8,2,-1.29,3.625839049138847
8,2,-1.28,3.5865644872544933
8,2,-1.27,3.547651425949637
8,2,-1.26,3.5090500908770967
8,2,-1.25,3.470714955419339
8,2,-1.24,3.4326041219631893
8,2,-1.23,3.394678782429212
8,2,-1.22,3.356902743257318
8,2,-1.21,3.3192420033092307
8,2,-1.2,3.2816643759027384
8,2,-1.19,3.2441391486419446
8,2,-1.18,3.2066367770208544
8,2,-1.17,3.1691286101025544
8,2,-1.16,3.1315866490458166
8,2,-1.15,3.0939833419828595
8,2,-1.14,3.0562914218397346
8,2,-1.13,3.0184837971883964
8,2,-1.12,2.980533510109398
8,2,-1.11,2.942413779194127
8,2,-1.1,2.9040981499136067
8,2,-1.09,2.865560778057883
8,2,-1.08,2.8267768738945853
8,2,-1.07,2.787723333785938
8,2,-1.06,2.748379580505483
8,2,-1.05,2.708728621386294
8,2,-1.04,2.668758312746872
8,2,-1.03,2.628462788525095
8,2,-1.02,2.5878439711365355
8,2,-1.01,2.546913036561373
8,2,-1.0,2.505691660735
8,2,-0.99,2.464212841730641
8,2,-0.98,2.422521085910002
8,2,-0.97,2.380671779237981
8,2,-0.96,2.3387296441299013
8,2,-0.95,2.2967663025887672
8,2,-0.94,2.254857108454087
8,2,-0.93,2.213077543755489
8,2,-0.92,2.1714995616020527
8,2,-0.91,2.1301882749065237
8,2,-0.9,2.0891993300858998
8,2,-0.89,2.048577183743428
8,2,-0.88,2.0083543507781387
8,2,-0.87,1.968551551297549
8,2,-0.86,1.929178580022432
8,2,-0.85,1.8902356691555462
8,2,-0.84,1.8517151118915351
8,2,-0.83,1.8136029461336045
8,2,-0.82,1.7758805498862913
8,2,-0.81,1.7385260561902707
8,2,-0.8,1.701515545959071
8,2,-0.79,1.664824016413479
8,2,-0.78,1.6284261498362758
8,2,-0.77,1.5922969234575948
8,2,-0.76,1.5564121088653509
8,2,-0.75,1.5207487108887021
8,2,-0.74,1.485285393360578
8,2,-0.73,1.4500029336989848
8,2,-0.72,1.4148847402653233
8,2,-0.71,1.3799174557494331
8,2,-0.7,1.3450916558008845
8,2,-0.69,1.310402634132168
8,2,-0.68,1.2758512431160327
8,2,-0.67,1.241444733179914
8,2,-0.66,1.2071975072701437
8,2,-0.65,1.173131682458753
8,2,-0.64,1.1392773354676689
8,2,-0.63,1.1056723097163883
8,2,-0.62,1.0723614850758445
8,2,-0.61,1.039395461210644
8,2,-0.6,1.0068286785703928
8,2,-0.59,0.9747170874084532
8,2,-0.58,0.9431155574319532
8,2,-0.57,0.9120752786547394
8,2,-0.56,0.8816414209378989
8,2,-0.55,0.8518512884197686
8,2,-0.54,0.8227331314134454
8,2,-0.53,0.7943056797628975
8,2,-0.52,0.7665783611599835
8,2,-0.51,0.7395520866864476
8,2,-0.5,0.7132204370533066
8,2,-0.49,0.6875710695812602
8,2,-0.48,0.6625871820706029
8,2,-0.47,0.6382489046373478
8,2,-0.46,0.6145345329150975
8,2,-0.45,0.5914215565688257
8,2,-0.44,0.568887470206856
8,2,-0.43,0.5469103772927667
8,2,-0.42,0.5254694118336309
8,2,-0.41,0.5045450091421988
8,2,-0.4,0.48411905801093885
8,2,-0.39,0.464174964255968
8,2,-0.38,0.4446976514424284
8,2,-0.37,0.425673519859839
8,2,-0.36,0.40709038020932975
8,2,-0.35,0.38893737438883036
8,2,-0.34,0.37120489237759485
8,2,-0.33,0.35388449154294577
8,2,-0.32,0.33696882265574035
8,2,-0.31,0.320451565407774
8,2,-0.3,0.30432737516715996
8,2,-0.29,0.28859184198624843
8,2,-0.28,0.2732414624035143
8,2,-0.27,0.25827362428339207
8,2,-0.26,0.2436866047573121
8,2,-0.25,0.22947958121795142
8,2,-0.24,0.21565265523964122
8,2,-0.23,0.20220688922585509
8,2,-0.22,0.18914435553089506
8,2,-0.21,0.1764681979648684
8,2,-0.2,0.1641827072236044
8,2,-0.19,0.15229342216329492
8,2,-0.18,0.1408073276357073
8,2,-0.17,0.1297334851720498
8,2,-0.16,0.11908455479869057
8,2,-0.15,0.10887485208934386
8,2,-0.14,0.09911475050241642
8,2,-0.13,0.08981609648275532
8,2,-0.12,0.08099475703403525
8,2,-0.11,0.07266924192305894
8,2,-0.1,0.06486014231513941
8,2,-0.09,0.057589989875214825
8,2,-0.08,0.05088316449851167
8,2,-0.07,0.04476576428018962
8,2,-0.06,0.039265418662887276
8,2,-0.05,0.034411042489908075
8,2,-0.04,0.03023254412531235
8,2,-0.03,0.026760547564958194
8,2,-0.02,0.02402638404059205
8,2,-0.01,0.02206357369973547
8,2,0.0,0.020915482849303117
8,2,0.01,0.02062823128543441
8,2,0.02,0.02120858143295237
8,2,0.03,0.022665287896447686
8,2,0.04,0.02501549299101831
8,2,0.05,0.0282764948239132
8,2,0.06,0.03246386066827038
8,2,0.07,0.03759123255693368
8,2,0.08,0.04367062003480028
8,2,0.09,0.05071292309549545
8,2,0.1,0.05872860864275391
8,2,0.11,0.06772849833915034
8,2,0.12,0.07772463153178223
8,2,0.13,0.08873116913089937
8,2,0.14,0.10076530838887081
8,2,0.15,0.1138481852452735
8,2,0.16,0.12800574974915868
8,2,0.17,0.14326961020491266
8,2,0.18,0.1596778523116113
8,2,0.19,0.1772758500822961
8,2,0.2,0.19611709544209585
8,2,0.21,0.216264083150994
8,2,0.22,0.23778929745555263
8,2,0.23,0.2607763573517411
8,2,0.24,0.28532138958161507
8,2,0.25,0.31153471391535714
8,2,0.26,0.33954294581189587
8,2,0.27,0.3694916498586175
8,2,0.28,0.4015487172472917
8,2,0.29,0.43590869755577005
8,2,0.3,0.4727983979067979
8,2,0.31,0.5124841850028219
8,2,0.32,0.5552816106862599
8,2,0.33,0.6015682688824879
8,2,0.34,0.6518012404861235
8,2,0.35,0.7065411203089546
8,2,0.36,0.7664853169712369
8,2,0.37,0.8325148755643738
8,2,0.38,0.9057644065613539
8,2,0.39,0.9877305790120967
8,2,0.4,1.08044263798148
8,2,0.41,1.186743236473955
8,2,0.42,1.310780142705478
8,2,0.43,1.458931208302354
8,2,0.44,1.6417143218211088
8,2,0.45,1.878269263487913
8,2,0.46,2.2090408966267554
8,2,0.47,2.744512935240213
8,2,0.48,4.0198840777145515
8,2,0.49,222.09791658693692
8,2,0.5,1000.0
8,2,0.51,1000.0
8,2,0.52,1000.0
8,2,0.53,1000.0
8,2,0.54,1000.0
8,2,0.55,1000.0
8,2,0.56,1000.0
8,2,0.57,1000.0
8,2,0.58,1000.0
8,2,0.59,1000.0
8,2,0.6,1000.0
8,2,0.61,1000.0
8,2,0.62,1000.0
8,2,0.63,1000.0
8,2,0.64,1000.0
8,2,0.65,1000.0
8,2,0.66,1000.0
8,2,0.67,1000.0
8,2,0.68,1000.0
8,2,0.69,1000.0
8,2,0.7,1000.0
8,2,0.71,1000.0
8,2,0.72,1000.0
8,2,0.73,1000.0
8,2,0.74,1000.0
8,2,0.75,1000.0
8,2,0.76,1000.0
8,2,0.77,1000.0
8,2,0.78,1000.0
8,2,0.79,1000.0
8,2,0.8,1000.0
8,2,0.81,1000.0
8,2,0.82,1000.0
8,2,0.83,1000.0
8,2,0.84,1000.0
8,2,0.85,1000.0
8,2,0.86,1000.0
8,2,0.87,1000.0
8,2,0.88,1000.0
8,2,0.89,1000.0
8,2,0.9,1000.0
8,2,0.91,1000.0
8,2,0.92,1000.0
8,2,0.93,1000.0
8,2,0.94,1000.0
8,2,0.95,1000.0
8,2,0.96,1000.0
8,2,0.97,1000.0
8,2,0.98,1000.0
8,2,0.99,1000.0
8,2,1.0,1000.0
8,2,1.01,1000.0
8,2,1.02,1000.0
8,2,1.03,1000.0
8,2,1.04,1000.0
8,2,1.05,1000.0
8,2,1.06,1000.0
8,2,1.07,1000.0
8,2,1.08,1000.0
8,2,1.09,1000.0
8,2,1.1,1000.0
8,2,1.11,1000.0
8,2,1.12,1000.0
8,2,1.13,1000.0
8,2,1.14,1000.0
8,2,1.15,1000.0
8,2,1.16,1000.0
8,2,1.17,1000.0
8,2,1.18,1000.0
8,2,1.19,1000.0
8,2,1.2,1000.0
8,2,1.21,1000.0
8,2,1.22,1000.0
8,2,1.23,1000.0
8,2,1.24,1000.0
8,2,1.25,1000.0
8,2,1.26,1000.0
8,2,1.27,1000.0
8,2,1.28,1000.0
8,2,1.29,1000.0
8,2,1.3,1000.0
8,2,1.31,1000.0
8,2,1.32,1000.0
8,2,1.33,1000.0
8,2,1.34,1000.0
8,2,1.35,1000.0
8,2,1.36,1000.0
8,2,1.37,1000.0
8,2,1.38,1000.0
8,2,1.39,1000.0
8,2,1.4,1000.0
8,2,1.41,1000.0
8,2,1.42,1000.0
8,2,1.43,1000.0
8,2,1.44,1000.0
8,2,1.45,1000.0
8,2,1.46,1000.0
8,2,1.47,1000.0
8,2,1.48,1000.0
8,2,1.49,1000.0
8,2,1.5,1000.0
8,2,1.51,1000.0
8,2,1.52,1000.0
8,2,1.53,1000.0
8,2,1.54,1000.0
8,2,1.55,1000.0
8,2,1.56,1000.0
8,2,1.57,1000.0
8,2,1.58,1000.0
8,2,1.59,1000.0
8,2,1.6,1000.0
8,2,1.61,1000.0
8,2,1.62,1000.0
8,2,1.63,1000.0
8,2,1.64,1000.0
8,2,1.65,1000.0
8,2,1.66,1000.0
8,2,1.67,1000.0
8,2,1.68,1000.0
8,2,1.69,1000.0
8,2,1.7,1000.0
8,2,1.71,1000.0
8,2,1.72,1000.0
8,2,1.73,1000.0
8,2,1.74,1000.0
8,2,1.75,1000.0
8,2,1.76,1000.0
8,2,1.77,1000.0
8,2,1.78,1000.0
8,2,1.79,1000.0
8,2,1.8,1000.0
8,2,1.81,1000.0
8,2,1.82,1000.0
8,2,1.83,1000.0
8,2,1.84,1000.0
8,2,1.85,1000.0
8,2,1.86,1000.0
8,2,1.87,1000.0
8,2,1.88,1000.0
8,2,1.89,1000.0
8,2,1.9,1000.0
8,2,1.91,1000.0
8,2,1.92,1000.0
8,2,1.93,1000.0
8,2,1.94,1000.0
8,2,1.95,1000.0
8,2,1.96,1000.0
8,2,1.97,1000.0
8,2,1.98,1000.0
8,2,1.99,1000.0
8,2,2.0,1000.0
8,5,-2.0,1000.0
8,5,-1.99,1000.0
8,5,-1.98,1000.0
8,5,-1.97,1000.0
8,5,-1.96,1000.0
8,5,-1.95,1000.0
8,5,-1.94,1000.0
8,5,-1.93,1000.0
8,5,-1.92,1000.0
8,5,-1.91,1000.0
8,5,-1.9,1000.0
8,5,-1.89,1000.0
8,5,-1.88,1000.0
8,5,-1.87,1000.0
8,5,-1.86,1000.0
8,5,-1.85,1000.0
8,5,-1.84,1000.0
8,5,-1.83,1000.0
8,5,-1.82,1000.0
8,5,-1.81,1000.0
8,5,-1.8,1000.0
8,5,-1.79,1000.0
8,5,-1.78,1000.0
8,5,-1.77,1000.0
8,5,-1.76,1000.0
8,5,-1.75,1000.0
8,5,-1.74,1000.0
8,5,-1.73,1000.0
8,5,-1.72,1000.0
8,5,-1.71,1000.0
8,5,-1.7,1000.0
8,5,-1.69,1000.0
8,5,-1.68,1000.0
8,5,-1.67,1000.0
8,5,-1.66,1000.0
8,5,-1.65,1000.0
8,5,-1.64,1000.0
8,5,-1.63,1000.0
8,5,-1.62,1000.0
8,5,-1.61,1000.0
8,5,-1.6,1000.0
8,5,-1.59,1000.0
8,5,-1.58,1000.0
8,5,-1.57,1000.0
8,5,-1.56,1000.0
8,5,-1.55,1000.0
8,5,-1.54,1000.0
8,5,-1.53,1000.0
8,5,-1.52,1000.0
8,5,-1.51,1000.0
8,5,-1.5,1000.0
8,5,-1.49,1000.0
8,5,-1.48,1000.0
8,5,-1.47,1000.0
8,5,-1.46,1000.0
8,5,-1.45,1000.0
8,5,-1.44,1000.0
8,5,-1.43,1000.0
8,5,-1.42,1000.0
8,5,-1.41,1000.0
8,5,-1.4,1000.0
8,5,-1.39,1000.0
8,5,-1.38,1000.0
8,5,-1.37,1000.0
8,5,-1.36,1000.0
8,5,-1.35,1000.0
8,5,-1.34,1000.0
8,5,-1.33,1000.0
8,5,-1.32,1000.0
8,5,-1.31,1000.0
8,5,-1.3,1000.0
8,5,-1.29,1000.0
8,5,-1.28,1000.0
8,5,-1.27,1000.0
8,5,-1.26,1000.0
8,5,-1.25,1000.0
8,5,-1.24,1000.0
8,5,-1.23,1000.0
8,5,-1.22,1000.0
8,5,-1.21,1000.0
8,5,-1.2,1000.0
8,5,-1.19,1000.0
8,5,-1.18,1000.0
8,5,-1.17,1000.0
8,5,-1.16,1000.0
8,5,-1.15,1000.0
8,5,-1.14,1000.0
8,5,-1.13,1000.0
8,5,-1.12,1000.0
8,5,-1.11,1000.0
8,5,-1.1,1000.0
8,5,-1.09,1000.0
8,5,-1.08,1000.0
8,5,-1.07,1000.0
8,5,-1.06,1000.0
8,5,-1.05,1000.0
8,5,-1.04,1000.0
8,5,-1.03,1000.0
8,5,-1.02,28.564672276762696
8,5,-1.01,8.0829956043495
8,5,-1.0,7.1935787318490485
8,5,-0.99,6.797044008660813
8,5,-0.98,6.553713128595252
8,5,-0.97,6.380491498941864
8,5,-0.96,6.246217957185888
8,5,-0.95,6.1362772056087
8,5,-0.94,6.042776513253593
8,5,-0.93,5.961017037309776
8,5,-0.92,5.887993988721858
8,5,-0.91,5.8216779069124645
8,5,-0.9,5.760637688906689
8,5,-0.89,5.703828383595842
8,5,-0.88,5.650464727993192
8,5,-0.87,5.599942145297355
8,5,-0.86,5.551785388605715
8,5,-0.85,5.505613990806514
8,5,-0.84,5.461118309216753
8,5,-0.83,5.418042461609776
8,5,-0.82,5.376171869229148
8,5,-0.81,5.335323955914109
8,5,-0.8,5.295341058631574
8,5,-0.79,5.256084921317305
8,5,-0.78,5.217432347278644
8,5,-0.77,5.17927171914656
8,5,-0.76,5.141500185193548
8,5,-0.75,5.104021372318736
8,5,-0.74,5.066743528813385
8,5,-0.73,5.029578030321679
8,5,-0.72,4.99243820421353
8,5,-0.71,4.955238443525029
8,5,-0.7,4.917893593394965
8,5,-0.69,4.880318601526847
8,5,-0.68,4.842428430043328
8,5,-0.67,4.804138229067104
8,5,-0.66,4.765363771902342
8,5,-0.65,4.7260221469148105
8,5,-0.64,4.686032691090584
8,5,-0.63,4.645318133908143
8,5,-0.62,4.6038058971722515
8,5,-0.61,4.561429467177555
8,5,-0.6,4.518129721268458
8,5,-0.59,4.473856053735765
8,5,-0.58,4.428567109106882
8,5,-0.57,4.382230898349077
8,5,-0.56,4.334824051133591
8,5,-0.55,4.286329953771361
8,5,-0.54,4.236735550107573
8,5,-0.53,4.186026656835223
8,5,-0.52,4.134181779842515
8,5,-0.51,4.081164621586071
8,5,-0.5,4.02691573425599
8,5,-0.49,3.9713440751615523
8,5,-0.48,3.914319518706723
8,5,-0.47,3.855667621150137
8,5,-0.46,3.7951680563531167
8,5,-0.45,3.732558059425362
8,5,-0.44,3.667541815243014
8,5,-0.43,3.599805867857465
8,5,-0.42,3.5290391798309724
8,5,-0.41,3.454954399738369
8,5,-0.4,3.377304248058299
8,5,-0.39,3.295883582392697
8,5,-0.38,3.2105026254499025
8,5,-0.37,3.1209062840932544
8,5,-0.36,3.0265861510138294
8,5,-0.35,2.9263426316622363
8,5,-0.34,2.8171328382295022
8,5,-0.33,2.6901876559597846
8,5,-0.32,2.5152746885101465
8,5,-0.31,2.332014006860724
8,5,-0.3,2.2155548041103024
8,5,-0.29,2.11681167694619
8,5,-0.28,2.023926422827086
8,5,-0.27,1.9329037458273237
8,5,-0.26,1.8419346709123017
8,5,-0.25,1.7501000213775593
8,5,-0.24,1.657004952489086
8,5,-0.23,1.5624631088263616
8,5,-0.22,1.466020199911038
8,5,-0.21,1.3662165730943594
8,5,-0.2,1.2593517240268828
8,5,-0.19,1.1379366259864516
8,5,-0.18,1.000094449177703
8,5,-0.17,0.8772738538372703
8,5,-0.16,0.7757534883922356
8,5,-0.15,0.6851917832031841
8,5,-0.14,0.602507525198878
8,5,-0.13,0.5263239648687289
8,5,-0.12,0.4564079089744161
8,5,-0.11,0.392729038241532
8,5,-0.1,0.3348630038762446
8,5,-0.09,0.28202905293202607
8,5,-0.08,0.23342507835684068
8,5,-0.07,0.18852386325424825
8,5,-0.06,0.1472425252714985
8,5,-0.05,0.11009804360170591
8,5,-0.04,0.07825253758636018
8,5,-0.03,0.05308352809108683
8,5,-0.02,0.03538568424258828
8,5,-0.01,0.024950897003267015
8,5,0.0,0.020895430727674334
8,5,0.01,0.022273428818515822
8,5,0.02,0.02845209551096642
8,5,0.03,0.03926681044240571
8,5,0.04,0.054939651690019124
8,5,0.05,0.07585340572472414
8,5,0.06,0.10225038866064429
8,5,0.07,0.1339844695767514
8,5,0.08,0.17050733456160744
8,5,0.09,0.21109023949378836
8,5,0.1,0.2550722406324721
8,5,0.11,0.30200632784244996
8,5,0.12,0.3517330093537238
8,5,0.13,0.4043918256671445
8,5,0.14,0.4603523597594616
8,5,0.15,0.5201048761966385
8,5,0.16,0.5841802632078061
8,5,0.17,0.6531315189312948
8,5,0.18,0.7275663420687078
8,5,0.19,0.8082084048024036
8,5,0.2,0.8959736777123577
8,5,0.21,0.9920597584026469
8,5,0.22,1.0980548409525661
8,5,0.23,1.2160828585645003
8,5,0.24,1.3490190519313119
8,5,0.25,1.5008452829239252
8,5,0.26,1.677290752974917
8,5,0.27,1.8870887464978574
8,5,0.28,2.144662148507844
8,5,0.29,2.476399596369589
8,5,0.3,2.9375772468913723
8,5,0.31,3.6792638578201995
8,5,0.32,5.611400912880144
8,5,0.33,1000.0
8,5,0.34,1000.0
8,5,0.35,1000.0
8,5,0.36,1000.0
8,5,0.37,1000.0
8,5,0.38,1000.0
8,5,0.39,1000.0
8,5,0.4,1000.0
8,5,0.41,1000.0
8,5,0.42,1000.0
8,5,0.43,1000.0
8,5,0.44,1000.0
8,5,0.45,1000.0
8,5,0.46,1000.0
8,5,0.47,1000.0
8,5,0.48,1000.0
8,5,0.49,1000.0
8,5,0.5,1000.0
8,5,0.51,1000.0
8,5,0.52,1000.0
8,5,0.53,1000.0
8,5,0.54,1000.0
8,5,0.55,1000.0
8,5,0.56,1000.0
8,5,0.57,1000.0
8,5,0.58,1000.0
8,5,0.59,1000.0
8,5,0.6,1000.0
8,5,0.61,1000.0
8,5,0.62,1000.0
8,5,0.63,1000.0
8,5,0.64,1000.0
8,5,0.65,1000.0
8,5,0.66,1000.0
8,5,0.67,1000.0
8,5,0.68,1000.0
8,5,0.69,1000.0
8,5,0.7,1000.0
8,5,0.71,1000.0
8,5,0.72,1000.0
8,5,0.73,1000.0
8,5,0.74,1000.0
8,5,0.75,1000.0
8,5,0.76,1000.0
8,5,0.77,1000.0
8,5,0.78,1000.0
8,5,0.79,1000.0
8,5,0.8,1000.0
8,5,0.81,1000.0
8,5,0.82,1000.0
8,5,0.83,1000.0
8,5,0.84,1000.0
8,5,0.85,1000.0
8,5,0.86,1000.0
8,5,0.87,1000.0
8,5,0.88,1000.0
8,5,0.89,1000.0
8,5,0.9,1000.0
8,5,0.91,1000.0
8,5,0.92,1000.0
8,5,0.93,1000.0
8,5,0.94,1000.0
8,5,0.95,1000.0
8,5,0.96,1000.0
8,5,0.97,1000.0
8,5,0.98,1000.0
8,5,0.99,1000.0
8,5,1.0,1000.0
8,5,1.01,1000.0
8,5,1.02,1000.0
8,5,1.03,1000.0
8,5,1.04,1000.0
8,5,1.05,1000.0
8,5,1.06,1000.0
8,5,1.07,1000.0
8,5,1.08,1000.0
8,5,1.09,1000.0
8,5,1.1,1000.0
8,5,1.11,1000.0
8,5,1.12,1000.0
8,5,1.13,1000.0
8,5,1.14,1000.0
8,5,1.15,1000.0
8,5,1.16,1000.0
8,5,1.17,1000.0
8,5,1.18,1000.0
8,5,1.19,1000.0
8,5,1.2,1000.0
8,5,1.21,1000.0
8,5,1.22,1000.0
8,5,1.23,1000.0
8,5,1.24,1000.0
8,5,1.25,1000.0
8,5,1.26,1000.0
8,5,1.27,1000.0
8,5,1.28,1000.0
8,5,1.29,1000.0
8,5,1.3,1000.0
8,5,1.31,1000.0
8,5,1.32,1000.0
8,5,1.33,1000.0
8,5,1.34,1000.0
8,5,1.35,1000.0
8,5,1.36,1000.0
8,5,1.37,1000.0
8,5,1.38,1000.0
8,5,1.39,1000.0
8,5,1.4,1000.0
8,5,1.41,1000.0
8,5,1.42,1000.0
8,5,1.43,1000.0
8,5,1.44,1000.0
8,5,1.45,1000.0
8,5,1.46,1000.0
8,5,1.47,1000.0
8,5,1.48,1000.0
8,5,1.49,1000.0
8,5,1.5,1000.0
8,5,1.51,1000.0
8,5,1.52,1000.0
8,5,1.53,1000.0
8,5,1.54,1000.0
8,5,1.55,1000.0
8,5,1.56,1000.0
8,5,1.57,1000.0
8,5,1.58,1000.0
8,5,1.59,1000.0
8,5,1.6,1000.0
8,5,1.61,1000.0
8,5,1.62,1000.0
8,5,1.63,1000.0
8,5,1.64,1000.0
8,5,1.65,1000.0
8,5,1.66,1000.0
8,5,1.67,1000.0
8,5,1.68,1000.0
8,5,1.69,1000.0
8,5,1.7,1000.0
8,5,1.71,1000.0
8,5,1.72,1000.0
8,5,1.73,1000.0
8,5,1.74,1000.0
8,5,1.75,1000.0
8,5,1.76,1000.0
8,5,1.77,1000.0
8,5,1.78,1000.0
8,5,1.79,1000.0
8,5,1.8,1000.0
8,5,1.81,1000.0
8,5,1.82,1000.0
8,5,1.83,1000.0
8,5,1.84,1000.0
8,5,1.85,1000.0
8,5,1.86,1000.0
8,5,1.87,1000.0
8,5,1.88,1000.0
8,5,1.89,1000.0
8,5,1.9,1000.0
8,5,1.91,1000.0
8,5,1.92,1000.0
8,5,1.93,1000.0
8,5,1.94,1000.0
8,5,1.95,1000.0
8,5,1.96,1000.0
8,5,1.97,1000.0
8,5,1.98,1000.0
8,5,1.99,1000.0
8,5,2.0,1000.0
8,10,-2.0,1000.0
8,10,-1.99,1000.0
8,10,-1.98,1000.0
8,10,-1.97,1000.0
8,10,-1.96,1000.0
8,10,-1.95,1000.0
8,10,-1.94,1000.0
8,10,-1.93,1000.0
8,10,-1.92,1000.0
8,10,-1.91,1000.0
8,10,-1.9,1000.0
8,10,-1.89,1000.0
8,10,-1.88,1000.0
8,10,-1.87,1000.0
8,10,-1.86,1000.0
8,10,-1.85,1000.0
8,10,-1.84,1000.0
8,10,-1.83,1000.0
8,10,-1.82,1000.0
8,10,-1.81,1000.0
8,10,-1.8,1000.0
8,10,-1.79,1000.0
8,10,-1.78,1000.0
8,10,-1.77,1000.0
8,10,-1.76,1000.0
8,10,-1.75,1000.0
8,10,-1.74,1000.0
8,10,-1.73,1000.0
8,10,-1.72,1000.0
8,10,-1.71,1000.0
8,10,-1.7,1000.0
8,10,-1.69,1000.0
8,10,-1.68,1000.0
8,10,-1.67,1000.0
8,10,-1.66,1000.0
8,10,-1.65,1000.0
8,10,-1.64,1000.0
8,10,-1.63,1000.0
8,10,-1.62,1000.0
8,10,-1.61,1000.0
8,10,-1.6,1000.0
8,10,-1.59,1000.0
8,10,-1.58,1000.0
8,10,-1.57,1000.0
8,10,-1.56,1000.0
8,10,-1.55,1000.0
8,10,-1.54,1000.0
8,10,-1.53,1000.0
8,10,-1.52,1000.0
8,10,-1.51,1000.0
8,10,-1.5,1000.0
8,10,-1.49,1000.0
8,10,-1.48,1000.0
8,10,-1.47,1000.0
8,10,-1.46,1000.0
8,10,-1.45,1000.0
8,10,-1.44,1000.0
8,10,-1.43,1000.0
8,10,-1.42,1000.0
8,10,-1.41,1000.0
8,10,-1.4,1000.0
8,10,-1.39,1000.0
8,10,-1.38,1000.0
8,10,-1.37,1000.0
8,10,-1.36,1000.0
8,10,-1.35,1000.0
8,10,-1.34,1000.0
8,10,-1.33,1000.0
8,10,-1.32,1000.0
8,10,-1.31,1000.0
8,10,-1.3,1000.0
8,10,-1.29,1000.0
8,10,-1.28,1000.0
8,10,-1.27,1000.0
8,10,-1.26,1000.0
8,10,-1.25,1000.0
8,10,-1.24,1000.0
8,10,-1.23,1000.0
8,10,-1.22,1000.0
8,10,-1.21,1000.0
8,10,-1.2,1000.0
8,10,-1.19,1000.0
8,10,-1.18,1000.0
8,10,-1.17,1000.0
8,10,-1.16,1000.0
8,10,-1.15,1000.0
8,10,-1.14,1000.0
8,10,-1.13,1000.0
8,10,-1.12,1000.0
8,10,-1.11,1000.0
8,10,-1.1,1000.0
8,10,-1.09,1000.0
8,10,-1.08,1000.0
8,10,-1.07,1000.0
8,10,-1.06,1000.0
8,10,-1.05,1000.0
8,10,-1.04,1000.0
8,10,-1.03,1000.0
8,10,-1.02,1000.0
8,10,-1.01,1000.0
8,10,-1.0,1000.0
8,10,-0.99,1000.0
8,10,-0.98,1000.0
8,10,-0.97,1000.0
8,10,-0.96,1000.0
8,10,-0.95,1000.0
8,10,-0.94,1000.0
8,10,-0.93,1000.0
8,10,-0.92,1000.0
8,10,-0.91,1000.0
8,10,-0.9,1000.0
8,10,-0.89,8.3643843118608
8,10,-0.88,7.607610071771138
8,10,-0.87,7.285993404919607
8,10,-0.86,7.088072907638146
8,10,-0.85,6.945863566875102
8,10,-0.84,6.8348050287547295
8,10,-0.83,6.743491142363419
8,10,-0.82,6.665746060166645
8,10,-0.81,6.597861066368222
8,10,-0.8,6.537436933737499
8,10,-0.79,6.482831993681393
8,10,-0.78,6.432872326951296
8,10,-0.77,6.386687735951659
8,10,-0.76,6.343613163852196
8,10,-0.75,6.303126466726775
8,10,-0.74,6.26480750249785
8,10,-0.73,6.2283103102364255
8,10,-0.72,6.1933436612776696
8,10,-0.71,6.159657167347629
8,10,-0.7,6.1270312114216665
8,10,-0.69,6.095269604516525
8,10,-0.68,6.06419426015564
8,10,-0.67,6.033641420926518
8,10,-0.66,6.003459124826445
8,10,-0.65,5.973505694610416
8,10,-0.64,5.943649089195462
8,10,-0.63,5.9137669830139465
8,10,-0.62,5.8837474438564215
8,10,-0.61,5.853490067258794
8,10,-0.6,5.822907400366291
8,10,-0.59,5.791926454972661
8,10,-0.58,5.760490072890965
8,10,-0.57,5.728557872350861
8,10,-0.56,5.696106478414947
8,10,-0.55,5.663128732554118
8,10,-0.54,5.629631598854157
8,10,-0.53,5.595632551660118
8,10,-0.52,5.561154355535542
8,10,-0.51,5.52621833975409
8,10,-0.5,5.490836519241281
8,10,-0.49,5.455003198902997
8,10,-0.48,5.418686982366062
8,10,-0.47,5.38182434594274
8,10,-0.46,5.344316086119913
8,10,-0.45,5.306027944841447
8,10,-0.44,5.266796479881545
8,10,-0.43,5.226440678938492
8,10,-0.42,5.184778845046019
8,10,-0.41,5.141648946350283
8,10,-0.4,5.09692912405882
8,10,-0.39,5.0505536795549455
8,10,-0.38,5.0025188667033715
8,10,-0.37,4.952872498856881
8,10,-0.36,4.9016825566749915
8,10,-0.35,4.848984214167692
8,10,-0.34,4.7947132265868495
8,10,-0.33,4.738645132727291
8,10,-0.32,4.680368986507229
8,10,-0.31,4.619323478375354
8,10,-0.3,4.554905771933506
8,10,-0.29,4.486630404663343
8,10,-0.28,4.414281234416085
8,10,-0.27,4.337980443341865
8,10,-0.26,4.258098121766224
8,10,-0.25,4.174961858262623
8,10,-0.24,4.0884582998907355
8,10,-0.23,3.997816099844359
8,10,-0.22,3.90185429828473
8,10,-0.21,3.7995768521184257
8,10,-0.2,3.690570318901054
8,10,-0.19,3.5746559932740487
8,10,-0.18,3.450772503778748
8,10,-0.17,3.316498009588686
8,10,-0.16,3.1695454379373436
8,10,-0.15,3.0091873413082446
8,10,-0.14,2.8347739366361933
8,10,-0.13,2.6430084454398983
8,10,-0.12,2.4287697600438123
8,10,-0.11,2.186413021045992
8,10,-0.1,1.9131788567747463
8,10,-0.09,1.6314244127893005
8,10,-0.08,1.3873483469880052
8,10,-0.07,1.1848160505808083
8,10,-0.06,1.001539900631154
8,10,-0.05,0.827972529579404
8,10,-0.04,0.6556163130439633
8,10,-0.03,0.4750959668331553
8,10,-0.02,0.2763280255742725
8,10,-0.01,0.0762322672252522
8,10,0.0,0.01543365226590483
8,10,0.01,0.029315949370919588
8,10,0.02,0.056616773059365674
8,10,0.03,0.0919393224946109
8,10,0.04,0.13422032710299217
8,10,0.05,0.18288280781876654
8,10,0.06,0.23770819749106853
8,10,0.07,0.29893729449798745
8,10,0.08,0.36708709481778296
8,10,0.09,0.44275134243876785
8,10,0.1,0.5266049894385264
8,10,0.11,0.6195244529286958
8,10,0.12,0.7227430490143343
8,10,0.13,0.8379846939965987
8,10,0.14,0.9675455068486253
8,10,0.15,1.1143828693045434
8,10,0.16,1.2823246489318392
8,10,0.17,1.4765103459651086
8,10,0.18,1.704211553687902
8,10,0.19,1.97635656447415
8,10,0.2,2.3106086941579544
8,10,0.21,2.7385172095311883
8,10,0.22,3.326091433234591
8,10,0.23,4.26025942679714
8,10,0.24,6.9843236034152305
8,10,0.25,1000.0
8,10,0.26,1000.0
8,10,0.27,1000.0
8,10,0.28,1000.0
8,10,0.29,1000.0
8,10,0.3,1000.0
8,10,0.31,1000.0
8,10,0.32,1000.0
8,10,0.33,1000.0
8,10,0.34,1000.0
8,10,0.35,1000.0
8,10,0.36,1000.0
8,10,0.37,1000.0
8,10,0.38,1000.0
8,10,0.39,1000.0
8,10,0.4,1000.0
8,10,0.41,1000.0
8,10,0.42,1000.0
8,10,0.43,1000.0
8,10,0.44,1000.0
8,10,0.45,1000.0
8,10,0.46,1000.0
8,10,0.47,1000.0
8,10,0.48,1000.0
8,10,0.49,1000.0
8,10,0.5,1000.0
8,10,0.51,1000.0
8,10,0.52,1000.0
8,10,0.53,1000.0
8,10,0.54,1000.0
8,10,0.55,1000.0
8,10,0.56,1000.0
8,10,0.57,1000.0
8,10,0.58,1000.0
8,10,0.59,1000.0
8,10,0.6,1000.0
8,10,0.61,1000.0
8,10,0.62,1000.0
8,10,0.63,1000.0
8,10,0.64,1000.0
8,10,0.65,1000.0
8,10,0.66,1000.0
8,10,0.67,1000.0
8,10,0.68,1000.0
8,10,0.69,1000.0
8,10,0.7,1000.0
8,10,0.71,1000.0
8,10,0.72,1000.0
8,10,0.73,1000.0
8,10,0.74,1000.0
8,10,0.75,1000.0
8,10,0.76,1000.0
8,10,0.77,1000.0
8,10,0.78,1000.0
8,10,0.79,1000.0
8,10,0.8,1000.0
8,10,0.81,1000.0
8,10,0.82,1000.0
8,10,0.83,1000.0
8,10,0.84,1000.0
8,10,0.85,1000.0
8,10,0.86,1000.0
8,10,0.87,1000.0
8,10,0.88,1000.0
8,10,0.89,1000.0
8,10,0.9,1000.0
8,10,0.91,1000.0
8,10,0.92,1000.0
8,10,0.93,1000.0
8,10,0.94,1000.0
8,10,0.95,1000.0
8,10,0.96,1000.0
8,10,0.97,1000.0
8,10,0.98,1000.0
8,10,0.99,1000.0
8,10,1.0,1000.0
8,10,1.01,1000.0
8,10,1.02,1000.0
8,10,1.03,1000.0
8,10,1.04,1000.0
8,10,1.05,1000.0
8,10,1.06,1000.0
8,10,1.07,1000.0
8,10,1.08,1000.0
8,10,1.09,1000.0
8,10,1.1,1000.0
8,10,1.11,1000.0
8,10,1.12,1000.0
8,10,1.13,1000.0
8,10,1.14,1000.0
8,10,1.15,1000.0
8,10,1.16,1000.0
8,10,1.17,1000.0
8,10,1.18,1000.0
8,10,1.19,1000.0
8,10,1.2,1000.0
8,10,1.21,1000.0
8,10,1.22,1000.0
8,10,1.23,1000.0
8,10,1.24,1000.0
8,10,1.25,1000.0
8,10,1.26,1000.0
8,10,1.27,1000.0
8,10,1.28,1000.0
8,10,1.29,1000.0
8,10,1.3,1000.0
8,10,1.31,1000.0
8,10,1.32,1000.0
8,10,1.33,1000.0
8,10,1.34,1000.0
8,10,1.35,1000.0
8,10,1.36,1000.0
8,10,1.37,1000.0
8,10,1.38,1000.0
8,10,1.39,1000.0
8,10,1.4,1000.0
8,10,1.41,1000.0
8,10,1.42,1000.0
8,10,1.43,1000.0
8,10,1.44,1000.0
8,10,1.45,1000.0
8,10,1.46,1000.0
8,10,1.47,1000.0
8,10,1.48,1000.0
8,10,1.49,1000.0
8,10,1.5,1000.0
8,10,1.51,1000.0
8,10,1.52,1000.0
8,10,1.53,1000.0
8,10,1.54,1000.0
8,10,1.55,1000.0
8,10,1.56,1000.0
8,10,1.57,1000.0
8,10,1.58,1000.0
8,10,1.59,1000.0
8,10,1.6,1000.0
8,10,1.61,1000.0
8,10,1.62,1000.0
8,10,1.63,1000.0
8,10,1.64,1000.0
8,10,1.65,1000.0
8,10,1.66,1000.0
8,10,1.67,1000.0
8,10,1.68,1000.0
8,10,1.69,1000.0
8,10,1.7,1000.0
8,10,1.71,1000.0
8,10,1.72,1000.0
8,10,1.73,1000.0
8,10,1.74,1000.0
8,10,1.75,1000.0
8,10,1.76,1000.0
8,10,1.77,1000.0
8,10,1.78,1000.0
8,10,1.79,1000.0
8,10,1.8,1000.0
8,10,1.81,1000.0
8,10,1.82,1000.0
8,10,1.83,1000.0
8,10,1.84,1000.0
8,10,1.85,1000.0
8,10,1.86,1000.0
8,10,1.87,1000.0
8,10,1.88,1000.0
8,10,1.89,1000.0
8,10,1.9,1000.0
8,10,1.91,1000.0
8,10,1.92,1000.0
8,10,1.93,1000.0
8,10,1.94,1000.0
8,10,1.95,1000.0
8,10,1.96,1000.0
8,10,1.97,1000.0
8,10,1.98,1000.0
8,10,1.99,1000.0
8,10,2.0,1000.0
8,25,-2.0,1000.0
8,25,-1.99,1000.0
8,25,-1.98,1000.0
8,25,-1.97,1000.0
8,25,-1.96,1000.0
8,25,-1.95,1000.0
8,25,-1.94,1000.0
8,25,-1.93,1000.0
8,25,-1.92,1000.0
8,25,-1.91,1000.0
8,25,-1.9,1000.0
8,25,-1.89,1000.0
8,25,-1.88,1000.0
8,25,-1.87,1000.0
8,25,-1.86,1000.0
8,25,-1.85,1000.0
8,25,-1.84,1000.0
8,25,-1.83,1000.0
8,25,-1.82,1000.0
8,25,-1.81,1000.0
8,25,-1.8,1000.0
8,25,-1.79,1000.0
8,25,-1.78,1000.0
8,25,-1.77,1000.0
8,25,-1.76,1000.0
8,25,-1.75,1000.0
8,25,-1.74,1000.0
8,25,-1.73,1000.0
8,25,-1.72,1000.0
8,25,-1.71,1000.0
8,25,-1.7,1000.0
8,25,-1.69,1000.0
8,25,-1.68,1000.0
8,25,-1.67,1000.0
8,25,-1.66,1000.0
8,25,-1.65,1000.0
8,25,-1.64,1000.0
8,25,-1.63,1000.0
8,25,-1.62,1000.0
8,25,-1.61,1000.0
8,25,-1.6,1000.0
8,25,-1.59,1000.0
8,25,-1.58,1000.0
8,25,-1.57,1000.0
8,25,-1.56,1000.0
8,25,-1.55,1000.0
8,25,-1.54,1000.0
8,25,-1.53,1000.0
8,25,-1.52,1000.0
8,25,-1.51,1000.0
8,25,-1.5,1000.0
8,25,-1.49,1000.0
8,25,-1.48,1000.0
8,25,-1.47,1000.0
8,25,-1.46,1000.0
8,25,-1.45,1000.0
8,25,-1.44,1000.0
8,25,-1.43,1000.0
8,25,-1.42,1000.0
8,25,-1.41,1000.0
8,25,-1.4,1000.0
8,25,-1.39,1000.0
8,25,-1.38,1000.0
8,25,-1.37,1000.0
8,25,-1.36,1000.0
8,25,-1.35,1000.0
8,25,-1.34,1000.0
8,25,-1.33,1000.0
8,25,-1.32,1000.0
8,25,-1.31,1000.0
8,25,-1.3,1000.0
8,25,-1.29,1000.0
8,25,-1.28,1000.0
8,25,-1.27,1000.0
8,25,-1.26,1000.0
8,25,-1.25,1000.0
8,25,-1.24,1000.0
8,25,-1.23,1000.0
8,25,-1.22,1000.0
8,25,-1.21,1000.0
8,25,-1.2,1000.0
8,25,-1.19,1000.0
8,25,-1.18,1000.0
8,25,-1.17,1000.0
8,25,-1.16,1000.0
8,25,-1.15,1000.0
8,25,-1.14,1000.0
8,25,-1.13,1000.0
8,25,-1.12,1000.0
8,25,-1.11,1000.0
8,25,-1.1,1000.0
8,25,-1.09,1000.0
8,25,-1.08,1000.0
8,25,-1.07,1000.0
8,25,-1.06,1000.0
8,25,-1.05,1000.0
8,25,-1.04,1000.0
8,25,-1.03,1000.0
8,25,-1.02,1000.0
8,25,-1.01,1000.0
8,25,-1.0,1000.0
8,25,-0.99,1000.0
8,25,-0.98,1000.0
8,25,-0.97,1000.0
8,25,-0.96,1000.0
8,25,-0.95,1000.0
8,25,-0.94,1000.0
8,25,-0.93,1000.0
8,25,-0.92,1000.0
8,25,-0.91,1000.0
8,25,-0.9,1000.0
8,25,-0.89,1000.0
8,25,-0.88,1000.0
8,25,-0.87,1000.0
8,25,-0.86,1000.0
8,25,-0.85,1000.0
8,25,-0.84,1000.0
8,25,-0.83,1000.0
8,25,-0.82,1000.0
8,25,-0.81,1000.0
8,25,-0.8,1000.0
8,25,-0.79,1000.0
8,25,-0.78,1000.0
8,25,-0.77,1000.0
8,25,-0.76,1000.0
8,25,-0.75,1000.0
8,25,-0.74,1000.0
8,25,-0.73,1000.0
8,25,-0.72,1000.0
8,25,-0.71,1000.0
8,25,-0.7,1000.0
8,25,-0.69,1000.0
8,25,-0.68,1000.0
8,25,-0.67,1000.0
8,25,-0.66,1000.0
8,25,-0.65,1000.0
8,25,-0.64,1000.0
8,25,-0.63,1000.0
8,25,-0.62,1000.0
8,25,-0.61,1000.0
8,25,-0.6,1000.0
8,25,-0.59,1000.0
8,25,-0.58,1000.0
8,25,-0.57,1000.0
8,25,-0.56,1000.0
8,25,-0.55,1000.0
8,25,-0.54,1000.0
8,25,-0.53,1000.0
8,25,-0.52,1000.0
8,25,-0.51,1000.0
8,25,-0.5,1000.0
8,25,-0.49,1000.0
8,25,-0.48,1000.0
8,25,-0.47,1000.0
8,25,-0.46,1000.0
8,25,-0.45,1000.0
8,25,-0.44,1000.0
8,25,-0.43,1000.0
8,25,-0.42,1000.0
8,25,-0.41,1000.0
8,25,-0.4,1000.0
8,25,-0.39,1000.0
8,25,-0.38,1000.0
8,25,-0.37,1000.0
8,25,-0.36,1000.0
8,25,-0.35,1000.0
8,25,-0.34,1000.0
8,25,-0.33,1000.0
8,25,-0.32,1000.0
8,25,-0.31,6.357669270511928
8,25,-0.3,6.358012244225345
8,25,-0.29,6.316815997256415
8,25,-0.28,6.255733416962154
8,25,-0.27,6.1798869009038935
8,25,-0.26,6.093090540025008
8,25,-0.25,5.9969082775177025
8,25,-0.24,5.891664276819288
8,25,-0.23,5.777250353901472
8,25,-0.22,5.653702386912257
8,25,-0.21,5.521289008825985
8,25,-0.2,5.379781591223926
8,25,-0.19,5.227351326972515
8,25,-0.18,5.05979481379703
8,25,-0.17,4.867984287165589
8,25,-0.16,4.594830608274434
8,25,-0.15,4.054961769200091
8,25,-0.14,3.7165408479930213
8,25,-0.13,3.4514519198425613
8,25,-0.12,3.224594350262247
8,25,-0.11,3.0138920587501135
8,25,-0.1,2.814413312326627
8,25,-0.09,2.619454003755469
8,25,-0.08,2.4275108725155357
8,25,-0.07,2.2277720581161096
8,25,-0.06,2.010722554117868
8,25,-0.05,1.77017523948437
8,25,-0.04,1.4940146309307394
8,25,-0.03,1.1760531913299777
8,25,-0.02,0.7862617654748912
8,25,-0.01,0.32903151698024574
8,25,0.0,0.020700188701984125
8,25,0.01,0.47745627146763814
8,25,0.02,1.2857246021111317
8,25,0.03,1.4677663288989478
8,25,0.04,1.6247564528766951
8,25,0.05,1.7803318351620365
8,25,0.06,1.94483643152196
8,25,0.07,2.126042933046822
8,25,0.08,2.329757858506362
8,25,0.09,2.561923251269834
8,25,0.1,2.830688884611801
8,25,0.11,3.146863380327845
8,25,0.12,3.5242291510081554
8,25,0.13,3.9817798607417596
8,25,0.14,4.549516923684783
8,25,0.15,5.28111324225625
8,25,0.16,6.287112448198295
8,25,0.17,7.864129512300938
8,25,0.18,11.993403162144705
8,25,0.19,1000.0
8,25,0.2,1000.0
8,25,0.21,1000.0
8,25,0.22,1000.0
8,25,0.23,1000.0
8,25,0.24,1000.0
8,25,0.25,1000.0
8,25,0.26,1000.0
8,25,0.27,1000.0
8,25,0.28,1000.0
8,25,0.29,1000.0
8,25,0.3,1000.0
8,25,0.31,1000.0
8,25,0.32,1000.0
8,25,0.33,1000.0
8,25,0.34,1000.0
8,25,0.35,1000.0
8,25,0.36,1000.0
8,25,0.37,1000.0
8,25,0.38,1000.0
8,25,0.39,1000.0
8,25,0.4,1000.0
8,25,0.41,1000.0
8,25,0.42,1000.0
8,25,0.43,1000.0
8,25,0.44,1000.0
8,25,0.45,1000.0
8,25,0.46,1000.0
8,25,0.47,1000.0
8,25,0.48,1000.0
8,25,0.49,1000.0
8,25,0.5,1000.0
8,25,0.51,1000.0
8,25,0.52,1000.0
8,25,0.53,1000.0
8,25,0.54,1000.0
8,25,0.55,1000.0
8,25,0.56,1000.0
8,25,0.57,1000.0
8,25,0.58,1000.0
8,25,0.59,1000.0
8,25,0.6,1000.0
8,25,0.61,1000.0
8,25,0.62,1000.0
8,25,0.63,1000.0
8,25,0.64,1000.0
8,25,0.65,1000.0
8,25,0.66,1000.0
8,25,0.67,1000.0
8,25,0.68,1000.0
8,25,0.69,1000.0
8,25,0.7,1000.0
8,25,0.71,1000.0
8,25,0.72,1000.0
8,25,0.73,1000.0
8,25,0.74,1000.0
8,25,0.75,1000.0
8,25,0.76,1000.0
8,25,0.77,1000.0
8,25,0.78,1000.0
8,25,0.79,1000.0
8,25,0.8,1000.0
8,25,0.81,1000.0
8,25,0.82,1000.0
8,25,0.83,1000.0
8,25,0.84,1000.0
8,25,0.85,1000.0
8,25,0.86,1000.0
8,25,0.87,1000.0
8,25,0.88,1000.0
8,25,0.89,1000.0
8,25,0.9,1000.0
8,25,0.91,1000.0
8,25,0.92,1000.0
8,25,0.93,1000.0
8,25,0.94,1000.0
8,25,0.95,1000.0
8,25,0.96,1000.0
8,25,0.97,1000.0
8,25,0.98,1000.0
8,25,0.99,1000.0
8,25,1.0,1000.0
8,25,1.01,1000.0
8,25,1.02,1000.0
8,25,1.03,1000.0
8,25,1.04,1000.0
8,25,1.05,1000.0
8,25,1.06,1000.0
8,25,1.07,1000.0
8,25,1.08,1000.0
8,25,1.09,1000.0
8,25,1.1,1000.0
8,25,1.11,1000.0
8,25,1.12,1000.0
8,25,1.13,1000.0
8,25,1.14,1000.0
8,25,1.15,1000.0
8,25,1.16,1000.0
8,25,1.17,1000.0
8,25,1.18,1000.0
8,25,1.19,1000.0
8,25,1.2,1000.0
8,25,1.21,1000.0
8,25,1.22,1000.0
8,25,1.23,1000.0
8,25,1.24,1000.0
8,25,1.25,1000.0
8,25,1.26,1000.0
8,25,1.27,1000.0
8,25,1.28,1000.0
8,25,1.29,1000.0
8,25,1.3,1000.0
8,25,1.31,1000.0
8,25,1.32,1000.0
8,25,1.33,1000.0
8,25,1.34,1000.0
8,25,1.35,1000.0
8,25,1.36,1000.0
8,25,1.37,1000.0
8,25,1.38,1000.0
8,25,1.39,1000.0
8,25,1.4,1000.0
8,25,1.41,1000.0
8,25,1.42,1000.0
8,25,1.43,1000.0
8,25,1.44,1000.0
8,25,1.45,1000.0
8,25,1.46,1000.0
8,25,1.47,1000.0
8,25,1.48,1000.0
8,25,1.49,1000.0
8,25,1.5,1000.0
8,25,1.51,1000.0
8,25,1.52,1000.0
8,25,1.53,1000.0
8,25,1.54,1000.0
8,25,1.55,1000.0
8,25,1.56,1000.0
8,25,1.57,1000.0
8,25,1.58,1000.0
8,25,1.59,1000.0
8,25,1.6,1000.0
8,25,1.61,1000.0
8,25,1.62,1000.0
8,25,1.63,1000.0
8,25,1.64,1000.0
8,25,1.65,1000.0
8,25,1.66,1000.0
8,25,1.67,1000.0
8,25,1.68,1000.0
8,25,1.69,1000.0
8,25,1.7,1000.0
8,25,1.71,1000.0
8,25,1.72,1000.0
8,25,1.73,1000.0
8,25,1.74,1000.0
8,25,1.75,1000.0
8,25,1.76,1000.0
8,25,1.77,1000.0
8,25,1.78,1000.0
8,25,1.79,1000.0
8,25,1.8,1000.0
8,25,1.81,1000.0
8,25,1.82,1000.0
8,25,1.83,1000.0
8,25,1.84,1000.0
8,25,1.85,1000.0
8,25,1.86,1000.0
8,25,1.87,1000.0
8,25,1.88,1000.0
8,25,1.89,1000.0
8,25,1.9,1000.0
8,25,1.91,1000.0
8,25,1.92,1000.0
8,25,1.93,1000.0
8,25,1.94,1000.0
8,25,1.95,1000.0
8,25,1.96,1000.0
8,25,1.97,1000.0
8,25,1.98,1000.0
8,25,1.99,1000.0
8,25,2.0,1000.0
8,50,-2.0,1000.0
8,50,-1.99,1000.0
8,50,-1.98,1000.0
8,50,-1.97,1000.0
8,50,-1.96,1000.0
8,50,-1.95,1000.0
8,50,-1.94,1000.0
8,50,-1.93,1000.0
8,50,-1.92,1000.0
8,50,-1.91,1000.0
8,50,-1.9,1000.0
8,50,-1.89,1000.0
8,50,-1.88,1000.0
8,50,-1.87,1000.0
8,50,-1.86,1000.0
8,50,-1.85,1000.0
8,50,-1.84,1000.0
8,50,-1.83,1000.0
8,50,-1.82,1000.0
8,50,-1.81,1000.0
8,50,-1.8,1000.0
8,50,-1.79,1000.0
8,50,-1.78,1000.0
8,50,-1.77,1000.0
8,50,-1.76,1000.0
8,50,-1.75,1000.0
8,50,-1.74,1000.0
8,50,-1.73,1000.0
8,50,-1.72,1000.0
8,50,-1.71,1000.0
8,50,-1.7,1000.0
8,50,-1.69,1000.0
8,50,-1.68,1000.0
8,50,-1.67,1000.0
8,50,-1.66,1000.0
8,50,-1.65,1000.0
8,50,-1.64,1000.0
8,50,-1.63,1000.0
8,50,-1.62,1000.0
8,50,-1.61,1000.0
8,50,-1.6,1000.0
8,50,-1.59,1000.0
8,50,-1.58,1000.0
8,50,-1.57,1000.0
8,50,-1.56,1000.0
8,50,-1.55,1000.0
8,50,-1.54,1000.0
8,50,-1.53,1000.0
8,50,-1.52,1000.0
8,50,-1.51,1000.0
8,50,-1.5,1000.0
8,50,-1.49,1000.0
8,50,-1.48,1000.0
8,50,-1.47,1000.0
8,50,-1.46,1000.0
8,50,-1.45,1000.0
8,50,-1.44,1000.0
8,50,-1.43,1000.0
8,50,-1.42,1000.0
8,50,-1.41,1000.0
8,50,-1.4,1000.0
8,50,-1.39,1000.0
8,50,-1.38,1000.0
8,50,-1.37,1000.0
8,50,-1.36,1000.0
8,50,-1.35,1000.0
8,50,-1.34,1000.0
8,50,-1.33,1000.0
8,50,-1.32,1000.0
8,50,-1.31,1000.0
8,50,-1.3,1000.0
8,50,-1.29,1000.0
8,50,-1.28,1000.0
8,50,-1.27,1000.0
8,50,-1.26,1000.0
8,50,-1.25,1000.0
8,50,-1.24,1000.0
8,50,-1.23,1000.0
8,50,-1.22,1000.0
8,50,-1.21,1000.0
8,50,-1.2,1000.0
8,50,-1.19,1000.0
8,50,-1.18,1000.0
8,50,-1.17,1000.0
8,50,-1.16,1000.0
8,50,-1.15,1000.0
8,50,-1.14,1000.0
8,50,-1.13,1000.0
8,50,-1.12,1000.0
8,50,-1.11,1000.0
8,50,-1.1,1000.0
8,50,-1.09,1000.0
8,50,-1.08,1000.0
8,50,-1.07,1000.0
8,50,-1.06,1000.0
8,50,-1.05,1000.0
8,50,-1.04,1000.0
8,50,-1.03,1000.0
8,50,-1.02,1000.0
8,50,-1.01,1000.0
8,50,-1.0,1000.0
8,50,-0.99,1000.0
8,50,-0.98,1000.0
8,50,-0.97,1000.0
8,50,-0.96,1000.0
8,50,-0.95,1000.0
8,50,-0.94,1000.0
8,50,-0.93,1000.0
8,50,-0.92,1000.0
8,50,-0.91,1000.0
8,50,-0.9,1000.0
8,50,-0.89,1000.0
8,50,-0.88,1000.0
8,50,-0.87,1000.0
8,50,-0.86,1000.0
8,50,-0.85,1000.0
8,50,-0.84,1000.0
8,50,-0.83,1000.0
8,50,-0.82,1000.0
8,50,-0.81,1000.0
8,50,-0.8,1000.0
8,50,-0.79,1000.0
8,50,-0.78,1000.0
8,50,-0.77,1000.0
8,50,-0.76,1000.0
8,50,-0.75,1000.0
8,50,-0.74,1000.0
8,50,-0.73,1000.0
8,50,-0.72,1000.0
8,50,-0.71,1000.0
8,50,-0.7,1000.0
8,50,-0.69,1000.0
8,50,-0.68,1000.0
8,50,-0.67,1000.0
8,50,-0.66,1000.0
8,50,-0.65,1000.0
8,50,-0.64,1000.0
8,50,-0.63,1000.0
8,50,-0.62,1000.0
8,50,-0.61,1000.0
8,50,-0.6,1000.0
8,50,-0.59,1000.0
8,50,-0.58,1000.0
8,50,-0.57,1000.0
8,50,-0.56,1000.0
8,50,-0.55,1000.0
8,50,-0.54,1000.0
8,50,-0.53,1000.0
8,50,-0.52,1000.0
8,50,-0.51,1000.0
8,50,-0.5,1000.0
8,50,-0.49,1000.0
8,50,-0.48,1000.0
8,50,-0.47,1000.0
8,50,-0.46,1000.0
8,50,-0.45,1000.0
8,50,-0.44,1000.0
8,50,-0.43,1000.0
8,50,-0.42,1000.0
8,50,-0.41,1000.0
8,50,-0.4,1000.0
8,50,-0.39,1000.0
8,50,-0.38,1000.0
8,50,-0.37,1000.0
8,50,-0.36,1000.0
8,50,-0.35,1000.0
8,50,-0.34,1000.0
8,50,-0.33,1000.0
8,50,-0.32,1000.0
8,50,-0.31,1000.0
8,50,-0.3,1000.0
8,50,-0.29,1000.0
8,50,-0.28,1000.0
8,50,-0.27,1000.0
8,50,-0.26,1000.0
8,50,-0.25,1000.0
8,50,-0.24,1000.0
8,50,-0.23,1000.0
8,50,-0.22,1000.0
8,50,-0.21,1000.0
8,50,-0.2,1000.0
8,50,-0.19,1000.0
8,50,-0.18,1000.0
8,50,-0.17,1000.0
8,50,-0.16,1000.0
8,50,-0.15,3.353310476982322
8,50,-0.14,3.7023450052489735
8,50,-0.13,3.8961474297830803
8,50,-0.12,4.006346819013349
8,50,-0.11,4.063884266191857
8,50,-0.1,4.067630819411671
8,50,-0.09,4.016132001069831
8,50,-0.08,3.901098025102196
8,50,-0.07,3.711342392571991
8,50,-0.06,3.438179790873373
8,50,-0.05,3.0653880323858513
8,50,-0.04,2.5655076693936567
8,50,-0.03,1.9141158221959578
8,50,-0.02,1.2614286355650937
8,50,-0.01,0.5394668469710072
8,50,0.0,0.02728570980472099
8,50,0.01,1.2749002627265353
8,50,0.02,2.277147522014279
8,50,0.03,2.4852480028971105
8,50,0.04,2.6187061548395145
8,50,0.05,2.7325591408461727
8,50,0.06,2.8482965882868396
8,50,0.07,2.9826835006467447
8,50,0.08,3.151706230785631
8,50,0.09,3.371645368009103
8,50,0.1,3.660081735671834
8,50,0.11,4.0380867850484075
8,50,0.12,4.535048858824588
8,50,0.13,5.199524398456625
8,50,0.14,6.127668032270299
8,50,0.15,7.565479272084766
8,50,0.16,10.738036044617493
8,50,0.17,1000.0
8,50,0.18,1000.0
8,50,0.19,1000.0
8,50,0.2,1000.0
8,50,0.21,1000.0
8,50,0.22,1000.0
8,50,0.23,1000.0
8,50,0.24,1000.0
8,50,0.25,1000.0
8,50,0.26,1000.0
8,50,0.27,1000.0
8,50,0.28,1000.0
8,50,0.29,1000.0
8,50,0.3,1000.0
8,50,0.31,1000.0
8,50,0.32,1000.0
8,50,0.33,1000.0
8,50,0.34,1000.0
8,50,0.35,1000.0
8,50,0.36,1000.0
8,50,0.37,1000.0
8,50,0.38,1000.0
8,50,0.39,1000.0
8,50,0.4,1000.0
8,50,0.41,1000.0
8,50,0.42,1000.0
8,50,0.43,1000.0
8,50,0.44,1000.0
8,50,0.45,1000.0
8,50,0.46,1000.0
8,50,0.47,1000.0
8,50,0.48,1000.0
8,50,0.49,1000.0
8,50,0.5,1000.0
8,50,0.51,1000.0
8,50,0.52,1000.0
8,50,0.53,1000.0
8,50,0.54,1000.0
8,50,0.55,1000.0
8,50,0.56,1000.0
8,50,0.57,1000.0
8,50,0.58,1000.0
8,50,0.59,1000.0
8,50,0.6,1000.0
8,50,0.61,1000.0
8,50,0.62,1000.0
8,50,0.63,1000.0
8,50,0.64,1000.0
8,50,0.65,1000.0
8,50,0.66,1000.0
8,50,0.67,1000.0
8,50,0.68,1000.0
8,50,0.69,1000.0
8,50,0.7,1000.0
8,50,0.71,1000.0
8,50,0.72,1000.0
8,50,0.73,1000.0
8,50,0.74,1000.0
8,50,0.75,1000.0
8,50,0.76,1000.0
8,50,0.77,1000.0
8,50,0.78,1000.0
8,50,0.79,1000.0
8,50,0.8,1000.0
8,50,0.81,1000.0
8,50,0.82,1000.0
8,50,0.83,1000.0
8,50,0.84,1000.0
8,50,0.85,1000.0
8,50,0.86,1000.0
8,50,0.87,1000.0
8,50,0.88,1000.0
8,50,0.89,1000.0
8,50,0.9,1000.0
8,50,0.91,1000.0
8,50,0.92,1000.0
8,50,0.93,1000.0
8,50,0.94,1000.0
8,50,0.95,1000.0
8,50,0.96,1000.0
8,50,0.97,1000.0
8,50,0.98,1000.0
8,50,0.99,1000.0
8,50,1.0,1000.0
8,50,1.01,1000.0
8,50,1.02,1000.0
8,50,1.03,1000.0
8,50,1.04,1000.0
8,50,1.05,1000.0
8,50,1.06,1000.0
8,50,1.07,1000.0
8,50,1.08,1000.0
8,50,1.09,1000.0
8,50,1.1,1000.0
8,50,1.11,1000.0
8,50,1.12,1000.0
8,50,1.13,1000.0
8,50,1.14,1000.0
8,50,1.15,1000.0
8,50,1.16,1000.0
8,50,1.17,1000.0
8,50,1.18,1000.0
8,50,1.19,1000.0
8,50,1.2,1000.0
8,50,1.21,1000.0
8,50,1.22,1000.0
8,50,1.23,1000.0
8,50,1.24,1000.0
8,50,1.25,1000.0
8,50,1.26,1000.0
8,50,1.27,1000.0
8,50,1.28,1000.0
8,50,1.29,1000.0
8,50,1.3,1000.0
8,50,1.31,1000.0
8,50,1.32,1000.0
8,50,1.33,1000.0
8,50,1.34,1000.0
8,50,1.35,1000.0
8,50,1.36,1000.0
8,50,1.37,1000.0
8,50,1.38,1000.0
8,50,1.39,1000.0
8,50,1.4,1000.0
8,50,1.41,1000.0
8,50,1.42,1000.0
8,50,1.43,1000.0
8,50,1.44,1000.0
8,50,1.45,1000.0
8,50,1.46,1000.0
8,50,1.47,1000.0
8,50,1.48,1000.0
8,50,1.49,1000.0
8,50,1.5,1000.0
8,50,1.51,1000.0
8,50,1.52,1000.0
8,50,1.53,1000.0
8,50,1.54,1000.0
8,50,1.55,1000.0
8,50,1.56,1000.0
8,50,1.57,1000.0
8,50,1.58,1000.0
8,50,1.59,1000.0
8,50,1.6,1000.0
8,50,1.61,1000.0
8,50,1.62,1000.0
8,50,1.63,1000.0
8,50,1.64,1000.0
8,50,1.65,1000.0
8,50,1.66,1000.0
8,50,1.67,1000.0
8,50,1.68,1000.0
8,50,1.69,1000.0
8,50,1.7,1000.0
8,50,1.71,1000.0
8,50,1.72,1000.0
8,50,1.73,1000.0
8,50,1.74,1000.0
8,50,1.75,1000.0
8,50,1.76,1000.0
8,50,1.77,1000.0
8,50,1.78,1000.0
8,50,1.79,1000.0
8,50,1.8,1000.0
8,50,1.81,1000.0
8,50,1.82,1000.0
8,50,1.83,1000.0
8,50,1.84,1000.0
8,50,1.85,1000.0
8,50,1.86,1000.0
8,50,1.87,1000.0
8,50,1.88,1000.0
8,50,1.89,1000.0
8,50,1.9,1000.0
8,50,1.91,1000.0
8,50,1.92,1000.0
8,50,1.93,1000.0
8,50,1.94,1000.0
8,50,1.95,1000.0
8,50,1.96,1000.0
8,50,1.97,1000.0
8,50,1.98,1000.0
8,50,1.99,1000.0
8,50,2.0,1000.0
8,100,-2.0,1000.0
8,100,-1.99,1000.0
8,100,-1.98,1000.0
8,100,-1.97,1000.0
8,100,-1.96,1000.0
8,100,-1.95,1000.0
8,100,-1.94,1000.0
8,100,-1.93,1000.0
8,100,-1.92,1000.0
8,100,-1.91,1000.0
8,100,-1.9,1000.0
8,100,-1.89,1000.0
8,100,-1.88,1000.0
8,100,-1.87,1000.0
8,100,-1.86,1000.0
8,100,-1.85,1000.0
8,100,-1.84,1000.0
8,100,-1.83,1000.0
8,100,-1.82,1000.0
8,100,-1.81,1000.0
8,100,-1.8,1000.0
8,100,-1.79,1000.0
8,100,-1.78,1000.0
8,100,-1.77,1000.0
8,100,-1.76,1000.0
8,100,-1.75,1000.0
8,100,-1.74,1000.0
8,100,-1.73,1000.0
8,100,-1.72,1000.0
8,100,-1.71,1000.0
8,100,-1.7,1000.0
8,100,-1.69,1000.0
8,100,-1.68,1000.0
8,100,-1.67,1000.0
8,100,-1.66,1000.0
8,100,-1.65,1000.0
8,100,-1.64,1000.0
8,100,-1.63,1000.0
8,100,-1.62,1000.0
8,100,-1.61,1000.0
8,100,-1.6,1000.0
8,100,-1.59,1000.0
8,100,-1.58,1000.0
8,100,-1.57,1000.0
8,100,-1.56,1000.0
8,100,-1.55,1000.0
8,100,-1.54,1000.0
8,100,-1.53,1000.0
8,100,-1.52,1000.0
8,100,-1.51,1000.0
8,100,-1.5,1000.0
8,100,-1.49,1000.0
8,100,-1.48,1000.0
8,100,-1.47,1000.0
8,100,-1.46,1000.0
8,100,-1.45,1000.0
8,100,-1.44,1000.0
8,100,-1.43,1000.0
8,100,-1.42,1000.0
8,100,-1.41,1000.0
8,100,-1.4,1000.0
8,100,-1.39,1000.0
8,100,-1.38,1000.0
8,100,-1.37,1000.0
8,100,-1.36,1000.0
8,100,-1.35,1000.0
8,100,-1.34,1000.0
8,100,-1.33,1000.0
8,100,-1.32,1000.0
8,100,-1.31,1000.0
8,100,-1.3,1000.0
8,100,-1.29,1000.0
8,100,-1.28,1000.0
8,100,-1.27,1000.0
8,100,-1.26,1000.0
8,100,-1.25,1000.0
8,100,-1.24,1000.0
8,100,-1.23,1000.0
8,100,-1.22,1000.0
8,100,-1.21,1000.0
8,100,-1.2,1000.0
8,100,-1.19,1000.0
8,100,-1.18,1000.0
8,100,-1.17,1000.0
8,100,-1.16,1000.0
8,100,-1.15,1000.0
8,100,-1.14,1000.0
8,100,-1.13,1000.0
8,100,-1.12,1000.0
8,100,-1.11,1000.0
8,100,-1.1,1000.0
8,100,-1.09,1000.0
8,100,-1.08,1000.0
8,100,-1.07,1000.0
8,100,-1.06,1000.0
8,100,-1.05,1000.0
8,100,-1.04,1000.0
8,100,-1.03,1000.0
8,100,-1.02,1000.0
8,100,-1.01,1000.0
8,100,-1.0,1000.0
8,100,-0.99,1000.0
8,100,-0.98,1000.0
8,100,-0.97,1000.0
8,100,-0.96,1000.0
8,100,-0.95,1000.0
8,100,-0.94,1000.0
8,100,-0.93,1000.0
8,100,-0.92,1000.0
8,100,-0.91,1000.0
8,100,-0.9,1000.0
8,100,-0.89,1000.0
8,100,-0.88,1000.0
8,100,-0.87,1000.0
8,100,-0.86,1000.0
8,100,-0.85,1000.0
8,100,-0.84,1000.0
8,100,-0.83,1000.0
8,100,-0.82,1000.0
8,100,-0.81,1000.0
8,100,-0.8,1000.0
8,100,-0.79,1000.0
8,100,-0.78,1000.0
8,100,-0.77,1000.0
8,100,-0.76,1000.0
8,100,-0.75,1000.0
8,100,-0.74,1000.0
8,100,-0.73,1000.0
8,100,-0.72,1000.0
8,100,-0.71,1000.0
8,100,-0.7,1000.0
8,100,-0.69,1000.0
8,100,-0.68,1000.0
8,100,-0.67,1000.0
8,100,-0.66,1000.0
8,100,-0.65,1000.0
8,100,-0.64,1000.0
8,100,-0.63,1000.0
8,100,-0.62,1000.0
8,100,-0.61,1000.0
8,100,-0.6,1000.0
8,100,-0.59,1000.0
8,100,-0.58,1000.0
8,100,-0.57,1000.0
8,100,-0.56,1000.0
8,100,-0.55,1000.0
8,100,-0.54,1000.0
8,100,-0.53,1000.0
8,100,-0.52,1000.0
8,100,-0.51,1000.0
8,100,-0.5,1000.0
8,100,-0.49,1000.0
8,100,-0.48,1000.0
8,100,-0.47,1000.0
8,100,-0.46,1000.0
8,100,-0.45,1000.0
8,100,-0.44,1000.0
8,100,-0.43,1000.0
8,100,-0.42,1000.0
8,100,-0.41,1000.0
8,100,-0.4,1000.0
8,100,-0.39,1000.0
8,100,-0.38,1000.0
8,100,-0.37,1000.0
8,100,-0.36,1000.0
8,100,-0.35,1000.0
8,100,-0.34,1000.0
8,100,-0.33,1000.0
8,100,-0.32,1000.0
8,100,-0.31,1000.0
8,100,-0.3,1000.0
8,100,-0.29,1000.0
8,100,-0.28,1000.0
8,100,-0.27,1000.0
8,100,-0.26,1000.0
8,100,-0.25,1000.0
8,100,-0.24,1000.0
8,100,-0.23,1000.0
8,100,-0.22,1000.0
8,100,-0.21,1000.0
8,100,-0.2,1000.0
8,100,-0.19,1000.0
8,100,-0.18,1000.0
8,100,-0.17,1000.0
8,100,-0.16,1000.0
8,100,-0.15,4.630431987386269
8,100,-0.14,5.935983260499516
8,100,-0.13,6.563032495455475
8,100,-0.12,6.819675150117094
8,100,-0.11,6.8310777824065125
8,100,-0.1,6.729248864334078
8,100,-0.09,6.595673118940418
8,100,-0.08,6.457354242166469
8,100,-0.07,6.306920096842746
8,100,-0.06,6.101618633220682
8,100,-0.05,5.7680047055913635
8,100,-0.04,5.243848230338838
8,100,-0.03,4.433782453511312
8,100,-0.02,3.252489643760027
8,100,-0.01,1.6099441054989454
8,100,0.0,0.017576201469118733
8,100,0.01,2.603150274013129
8,100,0.02,2.3154313515553873
8,100,0.03,2.4819855188184032
8,100,0.04,2.6131097620291355
8,100,0.05,2.7388474922824155
8,100,0.06,2.8773804229821196
8,100,0.07,3.047052404382465
8,100,0.08,3.2691441232722833
8,100,0.09,3.5675053080996313
8,100,0.1,3.968980347992914
8,100,0.11,4.507557242510746
8,100,0.12,5.236350610542214
8,100,0.13,6.2599588058634446
8,100,0.14,7.851018683151197
8,100,0.15,11.415760467881714
8,100,0.16,1000.0
8,100,0.17,1000.0
8,100,0.18,1000.0
8,100,0.19,1000.0
8,100,0.2,1000.0
8,100,0.21,1000.0
8,100,0.22,1000.0
8,100,0.23,1000.0
8,100,0.24,1000.0
8,100,0.25,1000.0
8,100,0.26,1000.0
8,100,0.27,1000.0
8,100,0.28,1000.0
8,100,0.29,1000.0
8,100,0.3,1000.0
8,100,0.31,1000.0
8,100,0.32,1000.0
8,100,0.33,1000.0
8,100,0.34,1000.0
8,100,0.35,1000.0
8,100,0.36,1000.0
8,100,0.37,1000.0
8,100,0.38,1000.0
8,100,0.39,1000.0
8,100,0.4,1000.0
8,100,0.41,1000.0
8,100,0.42,1000.0
8,100,0.43,1000.0
8,100,0.44,1000.0
8,100,0.45,1000.0
8,100,0.46,1000.0
8,100,0.47,1000.0
8,100,0.48,1000.0
8,100,0.49,1000.0
8,100,0.5,1000.0
8,100,0.51,1000.0
8,100,0.52,1000.0
8,100,0.53,1000.0
8,100,0.54,1000.0
8,100,0.55,1000.0
8,100,0.56,1000.0
8,100,0.57,1000.0
8,100,0.58,1000.0
8,100,0.59,1000.0
8,100,0.6,1000.0
8,100,0.61,1000.0
8,100,0.62,1000.0
8,100,0.63,1000.0
8,100,0.64,1000.0
8,100,0.65,1000.0
8,100,0.66,1000.0
8,100,0.67,1000.0
8,100,0.68,1000.0
8,100,0.69,1000.0
8,100,0.7,1000.0
8,100,0.71,1000.0
8,100,0.72,1000.0
8,100,0.73,1000.0
8,100,0.74,1000.0
8,100,0.75,1000.0
8,100,0.76,1000.0
8,100,0.77,1000.0
8,100,0.78,1000.0
8,100,0.79,1000.0
8,100,0.8,1000.0
8,100,0.81,1000.0
8,100,0.82,1000.0
8,100,0.83,1000.0
8,100,0.84,1000.0
8,100,0.85,1000.0
8,100,0.86,1000.0
8,100,0.87,1000.0
8,100,0.88,1000.0
8,100,0.89,1000.0
8,100,0.9,1000.0
8,100,0.91,1000.0
8,100,0.92,1000.0
8,100,0.93,1000.0
8,100,0.94,1000.0
8,100,0.95,1000.0
8,100,0.96,1000.0
8,100,0.97,1000.0
8,100,0.98,1000.0
8,100,0.99,1000.0
8,100,1.0,1000.0
8,100,1.01,1000.0
8,100,1.02,1000.0
8,100,1.03,1000.0
8,100,1.04,1000.0
8,100,1.05,1000.0
8,100,1.06,1000.0
8,100,1.07,1000.0
8,100,1.08,1000.0
8,100,1.09,1000.0
8,100,1.1,1000.0
8,100,1.11,1000.0
8,100,1.12,1000.0
8,100,1.13,1000.0
8,100,1.14,1000.0
8,100,1.15,1000.0
8,100,1.16,1000.0
8,100,1.17,1000.0
8,100,1.18,1000.0
8,100,1.19,1000.0
8,100,1.2,1000.0
8,100,1.21,1000.0
8,100,1.22,1000.0
8,100,1.23,1000.0
8,100,1.24,1000.0
8,100,1.25,1000.0
8,100,1.26,1000.0
8,100,1.27,1000.0
8,100,1.28,1000.0
8,100,1.29,1000.0
8,100,1.3,1000.0
8,100,1.31,1000.0
8,100,1.32,1000.0
8,100,1.33,1000.0
8,100,1.34,1000.0
8,100,1.35,1000.0
8,100,1.36,1000.0
8,100,1.37,1000.0
8,100,1.38,1000.0
8,100,1.39,1000.0
8,100,1.4,1000.0
8,100,1.41,1000.0
8,100,1.42,1000.0
8,100,1.43,1000.0
8,100,1.44,1000.0
8,100,1.45,1000.0
8,100,1.46,1000.0
8,100,1.47,1000.0
8,100,1.48,1000.0
8,100,1.49,1000.0
8,100,1.5,1000.0
8,100,1.51,1000.0
8,100,1.52,1000.0
8,100,1.53,1000.0
8,100,1.54,1000.0
8,100,1.55,1000.0
8,100,1.56,1000.0
8,100,1.57,1000.0
8,100,1.58,1000.0
8,100,1.59,1000.0
8,100,1.6,1000.0
8,100,1.61,1000.0
8,100,1.62,1000.0
8,100,1.63,1000.0
8,100,1.64,1000.0
8,100,1.65,1000.0
8,100,1.66,1000.0
8,100,1.67,1000.0
8,100,1.68,1000.0
8,100,1.69,1000.0
8,100,1.7,1000.0
8,100,1.71,1000.0
8,100,1.72,1000.0
8,100,1.73,1000.0
8,100,1.74,1000.0
8,100,1.75,1000.0
8,100,1.76,1000.0
8,100,1.77,1000.0
8,100,1.78,1000.0
8,100,1.79,1000.0
8,100,1.8,1000.0
8,100,1.81,1000.0
8,100,1.82,1000.0
8,100,1.83,1000.0
8,100,1.84,1000.0
8,100,1.85,1000.0
8,100,1.86,1000.0
8,100,1.87,1000.0
8,100,1.88,1000.0
8,100,1.89,1000.0
8,100,1.9,1000.0
8,100,1.91,1000.0
8,100,1.92,1000.0
8,100,1.93,1000.0
8,100,1.94,1000.0
8,100,1.95,1000.0
8,100,1.96,1000.0
8,100,1.97,1000.0
8,100,1.98,1000.0
8,100,1.99,1000.0
8,100,2.0,1000.0
9,1,-2.0,1000.0
9,1,-1.99,1000.0
9,1,-1.98,1000.0
9,1,-1.97,1000.0
9,1,-1.96,1000.0
9,1,-1.95,1000.0
9,1,-1.94,1000.0
9,1,-1.93,1000.0
9,1,-1.92,1000.0
9,1,-1.91,1000.0
9,1,-1.9,1000.0
9,1,-1.89,1000.0
9,1,-1.88,1000.0
9,1,-1.87,1000.0
9,1,-1.86,1000.0
9,1,-1.85,1000.0
9,1,-1.84,1000.0
9,1,-1.83,1000.0
9,1,-1.82,1000.0
9,1,-1.81,1000.0
9,1,-1.8,1000.0
9,1,-1.79,1000.0
9,1,-1.78,1000.0
9,1,-1.77,1000.0
9,1,-1.76,1000.0
9,1,-1.75,1000.0
9,1,-1.74,1000.0
9,1,-1.73,1000.0
9,1,-1.72,1000.0
9,1,-1.71,1000.0
9,1,-1.7,1000.0
9,1,-1.69,1000.0
9,1,-1.68,1000.0
9,1,-1.67,1000.0
9,1,-1.66,1000.0
9,1,-1.65,1000.0
9,1,-1.64,1000.0
9,1,-1.63,1000.0
9,1,-1.62,1000.0
9,1,-1.61,1000.0
9,1,-1.6,1000.0
9,1,-1.59,1000.0
9,1,-1.58,1000.0
9,1,-1.57,1000.0
9,1,-1.56,1000.0
9,1,-1.55,1000.0
9,1,-1.54,1000.0
9,1,-1.53,1000.0
9,1,-1.52,1000.0
9,1,-1.51,1000.0
9,1,-1.5,1000.0
9,1,-1.49,1000.0
9,1,-1.48,1000.0
9,1,-1.47,1000.0
9,1,-1.46,1000.0
9,1,-1.45,1000.0
9,1,-1.44,1000.0
9,1,-1.43,1000.0
9,1,-1.42,1000.0
9,1,-1.41,1000.0
9,1,-1.4,1000.0
9,1,-1.39,1000.0
9,1,-1.38,1000.0
9,1,-1.37,1000.0
9,1,-1.36,1000.0
9,1,-1.35,1000.0
9,1,-1.34,1000.0
9,1,-1.33,1000.0
9,1,-1.32,1000.0
9,1,-1.31,1000.0
9,1,-1.3,1000.0
9,1,-1.29,1000.0
9,1,-1.28,1000.0
9,1,-1.27,1000.0
9,1,-1.26,1000.0
9,1,-1.25,1000.0
9,1,-1.24,1000.0
9,1,-1.23,1000.0
9,1,-1.22,1000.0
9,1,-1.21,1000.0
9,1,-1.2,1000.0
9,1,-1.19,1000.0
9,1,-1.18,1000.0
9,1,-1.17,1000.0
9,1,-1.16,1000.0
9,1,-1.15,1000.0
9,1,-1.14,1000.0
9,1,-1.13,1000.0
9,1,-1.12,1000.0
9,1,-1.11,1000.0
9,1,-1.1,1000.0
9,1,-1.09,1000.0
9,1,-1.08,1000.0
9,1,-1.07,1000.0
9,1,-1.06,1000.0
9,1,-1.05,1000.0
9,1,-1.04,1000.0
9,1,-1.03,1000.0
9,1,-1.02,1000.0
9,1,-1.01,1000.0
9,1,-1.0,1000.0
9,1,-0.99,1000.0
9,1,-0.98,1000.0
9,1,-0.97,1000.0
9,1,-0.96,1000.0
9,1,-0.95,1000.0
9,1,-0.94,1000.0
9,1,-0.93,1000.0
9,1,-0.92,1000.0
9,1,-0.91,1000.0
9,1,-0.9,1000.0
9,1,-0.89,1000.0
9,1,-0.88,1000.0
9,1,-0.87,1000.0
9,1,-0.86,1000.0
9,1,-0.85,1000.0
9,1,-0.84,1000.0
9,1,-0.83,1000.0
9,1,-0.82,1000.0
9,1,-0.81,1000.0
9,1,-0.8,1000.0
9,1,-0.79,1000.0
9,1,-0.78,1000.0
9,1,-0.77,1000.0
9,1,-0.76,1000.0
9,1,-0.75,1000.0
9,1,-0.74,1000.0
9,1,-0.73,1000.0
9,1,-0.72,1000.0
9,1,-0.71,1000.0
9,1,-0.7,1000.0
9,1,-0.69,1000.0
9,1,-0.68,1000.0
9,1,-0.67,1000.0
9,1,-0.66,1000.0
9,1,-0.65,1000.0
9,1,-0.64,1000.0
9,1,-0.63,1000.0
9,1,-0.62,1000.0
9,1,-0.61,1000.0
9,1,-0.6,1000.0
9,1,-0.59,1000.0
9,1,-0.58,1000.0
9,1,-0.57,1000.0
9,1,-0.56,1000.0
9,1,-0.55,1000.0
9,1,-0.54,1000.0
9,1,-0.53,1000.0
9,1,-0.52,1000.0
9,1,-0.51,1000.0
9,1,-0.5,1000.0
9,1,-0.49,1000.0
9,1,-0.48,1000.0
9,1,-0.47,1000.0
9,1,-0.46,1000.0
9,1,-0.45,1000.0
9,1,-0.44,1000.0
9,1,-0.43,1000.0
9,1,-0.42,1000.0
9,1,-0.41,1000.0
9,1,-0.4,1000.0
9,1,-0.39,1000.0
9,1,-0.38,1000.0
9,1,-0.37,1000.0
9,1,-0.36,1000.0
9,1,-0.35,1000.0
9,1,-0.34,1000.0
9,1,-0.33,1000.0
9,1,-0.32,1000.0
9,1,-0.31,1000.0
9,1,-0.3,8441.354198364521
9,1,-0.29,16.50654847947956
9,1,-0.28,3.600671270995948
9,1,-0.27,2.0787193889915234
9,1,-0.26,1.4472654052488132
9,1,-0.25,1.088374824506432
9,1,-0.24,0.853379595793946
9,1,-0.23,0.6865478745273954
9,1,-0.22,0.5617802763108732
9,1,-0.21,0.4650533676480543
9,1,-0.2,0.3880885864753078
9,1,-0.19,0.32565132569886474
9,1,-0.18,0.2742490812034989
9,1,-0.17,0.23145142969695154
9,1,-0.16,0.1955120757576702
9,1,-0.15,0.16514115297413137
9,1,-0.14,0.13936305619294162
9,1,-0.13,0.1174249377807986
9,1,-0.12,0.09873578575558226
9,1,-0.11,0.08282467048155766
9,1,-0.1,0.06931141832094888
9,1,-0.09,0.05788557141691675
9,1,-0.08,0.04829100794163016
9,1,-0.07,0.04031451283791363
9,1,-0.06,0.03377716023562627
9,1,-0.05,0.02852773782760573
9,1,-0.04,0.024437701085476698
9,1,-0.03,0.021397380844441576
9,1,-0.02,0.019313578486369
9,1,-0.01,0.018109832957821075
9,1,0.0,0.01773109828394226
9,1,0.01,0.018130746376986855
9,1,0.02,0.01923914013443661
9,1,0.03,0.02099261392291044
9,1,0.04,0.023343913983268058
9,1,0.05,0.026254734592659867
9,1,0.06,0.02969229730757813
9,1,0.07,0.0336280657198045
9,1,0.08,0.03803709504727878
9,1,0.09,0.04289759506891651
9,1,0.1,0.04819059068251367
9,1,0.11,0.05389964362607029
9,1,0.12,0.060010620447635256
9,1,0.13,0.06651149839813203
9,1,0.14,0.07339220347811802
9,1,0.15,0.08064447631930995
9,1,0.16,0.08826176293514208
9,1,0.17,0.09623912970381004
9,1,0.18,0.10457320830672176
9,1,0.19,0.11326219627644335
9,1,0.2,0.12230599169614359
9,1,0.21,0.1317065628181805
9,1,0.22,0.14146799778212366
9,1,0.23,0.15159471878044872
9,1,0.24,0.16209052580789246
9,1,0.25,0.17296067831699358
9,1,0.26,0.18421275717039698
9,1,0.27,0.1958563283306713
9,1,0.28,0.2079027221960292
9,1,0.29,0.22036501175174542
9,1,0.3,0.233258076743668
9,1,0.31,0.24659870504713471
9,1,0.32,0.26040571704700494
9,1,0.33,0.2747001101513499
9,1,0.34,0.2895052240220021
9,1,0.35,0.3048469283117053
9,1,0.36,0.32075383530664164
9,1,0.37,0.337257540357572
9,1,0.38,0.3543928934823637
9,1,0.39,0.37219830608606463
9,1,0.4,0.39071609739761254
9,1,0.41,0.40999288598663436
9,1,0.42,0.4300800326237254
9,1,0.43,0.4510341418119633
9,1,0.44,0.4729176305815251
9,1,0.45,0.49579937464676144
9,1,0.46,0.5197554438304811
9,1,0.47,0.5448699408316654
9,1,0.48,0.5712359600368903
9,1,0.49,0.5989566862628536
9,1,0.5,0.6281466572104837
9,1,0.51,0.6589332181976897
9,1,0.52,0.6914582036665605
9,1,0.53,0.7258798873617717
9,1,0.54,0.7623752523707122
9,1,0.55,0.8011426438502752
9,1,0.56,0.8424048813810886
9,1,0.57,0.8864129233104399
9,1,0.58,0.9334501882760157
9,1,0.59,0.9838376469159791
9,1,0.6,1.037939823200279
9,1,0.61,1.0961719529175977
9,1,0.62,1.1590087090551546
9,1,0.63,1.2269949276131662
9,1,0.64,1.3007587020757254
9,1,0.65,1.381027349733273
9,1,0.66,1.4686470491322965
9,1,0.67,1.564607245386588
9,1,0.68,1.6700712567227367
9,1,0.69,1.7864149890660204
9,1,0.7,1.915276350537926
9,1,0.71,2.0586189439572773
9,1,0.72,2.2188150451329127
9,1,0.73,2.398754976893258
9,1,0.74,2.6019931327386656
9,1,0.75,2.832945695336402
9,1,0.76,3.0971625495681163
9,1,0.77,3.4017077555109303
9,1,0.78,3.7557023186639564
9,1,0.79,4.171115528956608
9,1,0.8,4.663947542194498
9,1,0.81,5.256047219561884
9,1,0.82,5.977998839066915
9,1,0.83,6.873882502468893
9,1,0.84,8.009477001602095
9,1,0.85,9.487125033498504
9,1,0.86,11.474116809031285
9,1,0.87,14.257700117233881
9,1,0.88,18.305561267310768
9,1,0.89,23.059759698593695
9,1,0.9,1000.0
9,1,0.91,1000.0
9,1,0.92,1000.0
9,1,0.93,1000.0
9,1,0.94,1000.0
9,1,0.95,1000.0
9,1,0.96,1000.0
9,1,0.97,1000.0
9,1,0.98,1000.0
9,1,0.99,1000.0
9,1,1.0,1000.0
9,1,1.01,1000.0
9,1,1.02,1000.0
9,1,1.03,1000.0
9,1,1.04,1000.0
9,1,1.05,1000.0
9,1,1.06,1000.0
9,1,1.07,1000.0
9,1,1.08,1000.0
9,1,1.09,1000.0
9,1,1.1,1000.0
9,1,1.11,1000.0
9,1,1.12,1000.0
9,1,1.13,1000.0
9,1,1.14,1000.0
9,1,1.15,1000.0
9,1,1.16,1000.0
9,1,1.17,1000.0
9,1,1.18,1000.0
9,1,1.19,1000.0
9,1,1.2,1000.0
9,1,1.21,1000.0
9,1,1.22,1000.0
9,1,1.23,1000.0
9,1,1.24,1000.0
9,1,1.25,1000.0
9,1,1.26,1000.0
9,1,1.27,1000.0
9,1,1.28,1000.0
9,1,1.29,1000.0
9,1,1.3,1000.0
9,1,1.31,1000.0
9,1,1.32,1000.0
9,1,1.33,1000.0
9,1,1.34,1000.0
9,1,1.35,1000.0
9,1,1.36,1000.0
9,1,1.37,1000.0
9,1,1.38,1000.0
9,1,1.39,1000.0
9,1,1.4,1000.0
9,1,1.41,1000.0
9,1,1.42,1000.0
9,1,1.43,1000.0
9,1,1.44,1000.0
9,1,1.45,1000.0
9,1,1.46,1000.0
9,1,1.47,1000.0
9,1,1.48,1000.0
9,1,1.49,1000.0
9,1,1.5,1000.0
9,1,1.51,1000.0
9,1,1.52,1000.0
9,1,1.53,1000.0
9,1,1.54,1000.0
9,1,1.55,1000.0
9,1,1.56,1000.0
9,1,1.57,1000.0
9,1,1.58,1000.0
9,1,1.59,1000.0
9,1,1.6,1000.0
9,1,1.61,1000.0
9,1,1.62,1000.0
9,1,1.63,1000.0
9,1,1.64,1000.0
9,1,1.65,1000.0
9,1,1.66,1000.0
9,1,1.67,1000.0
9,1,1.68,1000.0
9,1,1.69,1000.0
9,1,1.7,1000.0
9,1,1.71,1000.0
9,1,1.72,1000.0
9,1,1.73,1000.0
9,1,1.74,1000.0
9,1,1.75,1000.0
9,1,1.76,1000.0
9,1,1.77,1000.0
9,1,1.78,1000.0
9,1,1.79,1000.0
9,1,1.8,1000.0
9,1,1.81,1000.0
9,1,1.82,1000.0
9,1,1.83,1000.0
9,1,1.84,1000.0
9,1,1.85,1000.0
9,1,1.86,1000.0
9,1,1.87,1000.0
9,1,1.88,1000.0
9,1,1.89,1000.0
9,1,1.9,1000.0
9,1,1.91,1000.0
9,1,1.92,1000.0
9,1,1.93,1000.0
9,1,1.94,1000.0
9,1,1.95,1000.0
9,1,1.96,1000.0
9,1,1.97,1000.0
9,1,1.98,1000.0
9,1,1.99,1000.0
9,1,2.0,1000.0
9,2,-2.0,1000.0
9,2,-1.99,1000.0
9,2,-1.98,1000.0
9,2,-1.97,1000.0
9,2,-1.96,1000.0
9,2,-1.95,1000.0
9,2,-1.94,1000.0
9,2,-1.93,1000.0
9,2,-1.92,1000.0
9,2,-1.91,1000.0
9,2,-1.9,1000.0
9,2,-1.89,1000.0
9,2,-1.88,1000.0
9,2,-1.87,1000.0
9,2,-1.86,1000.0
9,2,-1.85,1000.0
9,2,-1.84,1000.0
9,2,-1.83,1000.0
9,2,-1.82,1000.0
9,2,-1.81,1000.0
9,2,-1.8,1000.0
9,2,-1.79,1000.0
9,2,-1.78,1000.0
9,2,-1.77,1000.0
9,2,-1.76,1000.0
9,2,-1.75,1000.0
9,2,-1.74,1000.0
9,2,-1.73,1000.0
9,2,-1.72,1000.0
9,2,-1.71,1000.0
9,2,-1.7,1000.0
9,2,-1.69,1000.0
9,2,-1.68,1000.0
9,2,-1.67,1000.0
9,2,-1.66,1000.0
9,2,-1.65,1000.0
9,2,-1.64,1000.0
9,2,-1.63,1000.0
9,2,-1.62,1000.0
9,2,-1.61,1000.0
9,2,-1.6,1000.0
9,2,-1.59,1000.0
9,2,-1.58,1000.0
9,2,-1.57,1000.0
9,2,-1.56,1000.0
9,2,-1.55,1000.0
9,2,-1.54,1000.0
9,2,-1.53,1000.0
9,2,-1.52,1000.0
9,2,-1.51,1000.0
9,2,-1.5,1000.0
9,2,-1.49,1000.0
9,2,-1.48,1000.0
9,2,-1.47,1000.0
9,2,-1.46,1000.0
9,2,-1.45,1000.0
9,2,-1.44,1000.0
9,2,-1.43,1000.0
9,2,-1.42,1000.0
9,2,-1.41,1000.0
9,2,-1.4,1000.0
9,2,-1.39,1000.0
9,2,-1.38,1000.0
9,2,-1.37,1000.0
9,2,-1.36,1000.0
9,2,-1.35,1000.0
9,2,-1.34,1000.0
9,2,-1.33,1000.0
9,2,-1.32,1000.0
9,2,-1.31,1000.0
9,2,-1.3,1000.0
9,2,-1.29,1000.0
9,2,-1.28,1000.0
9,2,-1.27,1000.0
9,2,-1.26,1000.0
9,2,-1.25,1000.0
9,2,-1.24,1000.0
9,2,-1.23,1000.0
9,2,-1.22,1000.0
9,2,-1.21,1000.0
9,2,-1.2,1000.0
9,2,-1.19,1000.0
9,2,-1.18,1000.0
9,2,-1.17,1000.0
9,2,-1.16,1000.0
9,2,-1.15,1000.0
9,2,-1.14,1000.0
9,2,-1.13,1000.0
9,2,-1.12,1000.0
9,2,-1.11,1000.0
9,2,-1.1,1000.0
9,2,-1.09,1000.0
9,2,-1.08,1000.0
9,2,-1.07,1000.0
9,2,-1.06,1000.0
9,2,-1.05,1000.0
9,2,-1.04,1000.0
9,2,-1.03,1000.0
9,2,-1.02,1000.0
9,2,-1.01,1000.0
9,2,-1.0,1000.0
9,2,-0.99,1000.0
9,2,-0.98,1000.0
9,2,-0.97,1000.0
9,2,-0.96,1000.0
9,2,-0.95,1000.0
9,2,-0.94,1000.0
9,2,-0.93,1000.0
9,2,-0.92,1000.0
9,2,-0.91,1000.0
9,2,-0.9,1000.0
9,2,-0.89,1000.0
9,2,-0.88,1000.0
9,2,-0.87,1000.0
9,2,-0.86,1000.0
9,2,-0.85,1000.0
9,2,-0.84,1000.0
9,2,-0.83,1000.0
9,2,-0.82,1000.0
9,2,-0.81,1000.0
9,2,-0.8,1000.0
9,2,-0.79,1000.0
9,2,-0.78,1000.0
9,2,-0.77,1000.0
9,2,-0.76,1000.0
9,2,-0.75,1000.0
9,2,-0.74,1000.0
9,2,-0.73,1000.0
9,2,-0.72,1000.0
9,2,-0.71,1000.0
9,2,-0.7,1000.0
9,2,-0.69,1000.0
9,2,-0.68,1000.0
9,2,-0.67,1000.0
9,2,-0.66,1000.0
9,2,-0.65,1000.0
9,2,-0.64,1000.0
9,2,-0.63,1000.0
9,2,-0.62,1000.0
9,2,-0.61,1000.0
9,2,-0.6,1000.0
9,2,-0.59,1000.0
9,2,-0.58,1000.0
9,2,-0.57,1000.0
9,2,-0.56,1000.0
9,2,-0.55,1000.0
9,2,-0.54,1000.0
9,2,-0.53,1000.0
9,2,-0.52,1000.0
9,2,-0.51,1000.0
9,2,-0.5,1000.0
9,2,-0.49,1000.0
9,2,-0.48,1000.0
9,2,-0.47,1000.0
9,2,-0.46,1000.0
9,2,-0.45,1000.0
9,2,-0.44,1000.0
9,2,-0.43,1000.0
9,2,-0.42,1000.0
9,2,-0.41,1000.0
9,2,-0.4,1000.0
9,2,-0.39,1000.0
9,2,-0.38,1000.0
9,2,-0.37,1000.0
9,2,-0.36,1000.0
9,2,-0.35,1000.0
9,2,-0.34,1000.0
9,2,-0.33,1000.0
9,2,-0.32,1000.0
9,2,-0.31,1000.0
9,2,-0.3,1000.0
9,2,-0.29,1000.0
9,2,-0.28,1000.0
9,2,-0.27,1000.0
9,2,-0.26,1000.0
9,2,-0.25,1000.0
9,2,-0.24,1000.0
9,2,-0.23,1000.0
9,2,-0.22,1000.0
9,2,-0.21,1000.0
9,2,-0.2,1000.0
9,2,-0.19,1000.0
9,2,-0.18,1000.0
9,2,-0.17,1000.0
9,2,-0.16,1000.0
9,2,-0.15,3.5799109738728854
9,2,-0.14,1.1806739664568464
9,2,-0.13,0.6837411368013999
9,2,-0.12,0.4547009540784194
9,2,-0.11,0.320746777935934
9,2,-0.1,0.23292726197105043
9,2,-0.09,0.17155837416690828
9,2,-0.08,0.12705805309762366
9,2,-0.07,0.09415399696705519
9,2,-0.06,0.06968319028896099
9,2,-0.05,0.05161920387132371
9,2,-0.04,0.0385930537182305
9,2,-0.03,0.029637488081879184
9,2,-0.02,0.02404246310067791
9,2,-0.01,0.021271555308478414
9,2,0.0,0.020915482849303117
9,2,0.01,0.022647103355349318
9,2,0.02,0.026169548816896957
9,2,0.03,0.031231895719519242
9,2,0.04,0.03763073920183352
9,2,0.05,0.04519665088070039
9,2,0.06,0.05378643641545572
9,2,0.07,0.06327864370025933
9,2,0.08,0.07357042528124776
9,2,0.09,0.08457509263805538
9,2,0.1,0.0962201021088799
9,2,0.11,0.1084453502056234
9,2,0.12,0.12120171234684403
9,2,0.13,0.13444978545412842
9,2,0.14,0.14815880827432587
9,2,0.15,0.16230574044182866
9,2,0.16,0.17687448555942048
9,2,0.17,0.1918552474370924
9,2,0.18,0.20724401593789568
9,2,0.19,0.2230421995982694
9,2,0.2,0.23925647589810917
9,2,0.21,0.25589895320735034
9,2,0.22,0.2729870838928466
9,2,0.23,0.2905418083881132
9,2,0.24,0.30858659205689765
9,2,0.25,0.32714956118720184
9,2,0.26,0.34626447991671605
9,2,0.27,0.3659705904243156
9,2,0.28,0.38631263278288086
9,2,0.29,0.40734113186665466
9,2,0.3,0.4291128446700414
9,2,0.31,0.4516913275398529
9,2,0.32,0.47514761997129645
9,2,0.33,0.4995610558541493
9,2,0.34,0.5250202199884976
9,2,0.35,0.5516240730612387
9,2,0.36,0.579483273931019
9,2,0.37,0.6087217347236005
9,2,0.38,0.6394784523387992
9,2,0.39,0.6719096699584133
9,2,0.4,0.7061914345602771
9,2,0.41,0.7425226319767079
9,2,0.42,0.7811286005864162
9,2,0.43,0.8222654494814559
9,2,0.44,0.8662252384720097
9,2,0.45,0.9133422176678241
9,2,0.46,0.9640003763986048
9,2,0.47,1.0186426186674418
9,2,0.48,1.0777819702658213
9,2,0.49,1.1420153380591143
9,2,0.5,1.212040494299734
9,2,0.51,1.2886771612822217
9,2,0.52,1.372893342470407
9,2,0.53,1.4658384108997187
9,2,0.54,1.568884960005047
9,2,0.55,1.6836820965491919
9,2,0.56,1.8122237812965638
9,2,0.57,1.9569371007747873
9,2,0.58,2.1207971240799637
9,2,0.59,2.307477467313086
9,2,0.6,2.521549174599282
9,2,0.61,2.7687455112391377
9,2,0.62,3.0563173099149563
9,2,0.63,3.393513221767274
9,2,0.64,3.7922326940202447
9,2,0.65,4.267918274571741
9,2,0.66,4.840779177714411
9,2,0.67,5.537470523933397
9,2,0.68,6.39339124387535
9,2,0.69,7.4558028602706825
9,2,0.7,8.787995839004411
9,2,0.71,10.474685599481024
9,2,0.72,12.627708478461464
9,2,0.73,15.120067998020701
9,2,0.74,1000.0
9,2,0.75,1000.0
9,2,0.76,1000.0
9,2,0.77,1000.0
9,2,0.78,1000.0
9,2,0.79,1000.0
9,2,0.8,1000.0
9,2,0.81,1000.0
9,2,0.82,1000.0
9,2,0.83,1000.0
9,2,0.84,1000.0
9,2,0.85,1000.0
9,2,0.86,1000.0
9,2,0.87,1000.0
9,2,0.88,1000.0
9,2,0.89,1000.0
9,2,0.9,1000.0
9,2,0.91,1000.0
9,2,0.92,1000.0
9,2,0.93,1000.0
9,2,0.94,1000.0
9,2,0.95,1000.0
9,2,0.96,1000.0
9,2,0.97,1000.0
9,2,0.98,1000.0
9,2,0.99,1000.0
9,2,1.0,1000.0
9,2,1.01,1000.0
9,2,1.02,1000.0
9,2,1.03,1000.0
9,2,1.04,1000.0
9,2,1.05,1000.0
9,2,1.06,1000.0
9,2,1.07,1000.0
9,2,1.08,1000.0
9,2,1.09,1000.0
9,2,1.1,1000.0
9,2,1.11,1000.0
9,2,1.12,1000.0
9,2,1.13,1000.0
9,2,1.14,1000.0
9,2,1.15,1000.0
9,2,1.16,1000.0
9,2,1.17,1000.0
9,2,1.18,1000.0
9,2,1.19,1000.0
9,2,1.2,1000.0
9,2,1.21,1000.0
9,2,1.22,1000.0
9,2,1.23,1000.0
9,2,1.24,1000.0
9,2,1.25,1000.0
9,2,1.26,1000.0
9,2,1.27,1000.0
9,2,1.28,1000.0
9,2,1.29,1000.0
9,2,1.3,1000.0
9,2,1.31,1000.0
9,2,1.32,1000.0
9,2,1.33,1000.0
9,2,1.34,1000.0
9,2,1.35,1000.0
9,2,1.36,1000.0
9,2,1.37,1000.0
9,2,1.38,1000.0
9,2,1.39,1000.0
9,2,1.4,1000.0
9,2,1.41,1000.0
9,2,1.42,1000.0
9,2,1.43,1000.0
9,2,1.44,1000.0
9,2,1.45,1000.0
9,2,1.46,1000.0
9,2,1.47,1000.0
9,2,1.48,1000.0
9,2,1.49,1000.0
9,2,1.5,1000.0
9,2,1.51,1000.0
9,2,1.52,1000.0
9,2,1.53,1000.0
9,2,1.54,1000.0
9,2,1.55,1000.0
9,2,1.56,1000.0
9,2,1.57,1000.0
9,2,1.58,1000.0
9,2,1.59,1000.0
9,2,1.6,1000.0
9,2,1.61,1000.0
9,2,1.62,1000.0
9,2,1.63,1000.0
9,2,1.64,1000.0
9,2,1.65,1000.0
9,2,1.66,1000.0
9,2,1.67,1000.0
9,2,1.68,1000.0
9,2,1.69,1000.0
9,2,1.7,1000.0
9,2,1.71,1000.0
9,2,1.72,1000.0
9,2,1.73,1000.0
9,2,1.74,1000.0
9,2,1.75,1000.0
9,2,1.76,1000.0
9,2,1.77,1000.0
9,2,1.78,1000.0
9,2,1.79,1000.0
9,2,1.8,1000.0
9,2,1.81,1000.0
9,2,1.82,1000.0
9,2,1.83,1000.0
9,2,1.84,1000.0
9,2,1.85,1000.0
9,2,1.86,1000.0
9,2,1.87,1000.0
9,2,1.88,1000.0
9,2,1.89,1000.0
9,2,1.9,1000.0
9,2,1.91,1000.0
9,2,1.92,1000.0
9,2,1.93,1000.0
9,2,1.94,1000.0
9,2,1.95,1000.0
9,2,1.96,1000.0
9,2,1.97,1000.0
9,2,1.98,1000.0
9,2,1.99,1000.0
9,2,2.0,1000.0
9,5,-2.0,1000.0
9,5,-1.99,1000.0
9,5,-1.98,1000.0
9,5,-1.97,1000.0
9,5,-1.96,1000.0
9,5,-1.95,1000.0
9,5,-1.94,1000.0
9,5,-1.93,1000.0
9,5,-1.92,1000.0
9,5,-1.91,1000.0
9,5,-1.9,1000.0
9,5,-1.89,1000.0
9,5,-1.88,1000.0
9,5,-1.87,1000.0
9,5,-1.86,1000.0
9,5,-1.85,1000.0
9,5,-1.84,1000.0
9,5,-1.83,1000.0
9,5,-1.82,1000.0
9,5,-1.81,1000.0
9,5,-1.8,1000.0
9,5,-1.79,1000.0
9,5,-1.78,1000.0
9,5,-1.77,1000.0
9,5,-1.76,1000.0
9,5,-1.75,1000.0
9,5,-1.74,1000.0
9,5,-1.73,1000.0
9,5,-1.72,1000.0
9,5,-1.71,1000.0
9,5,-1.7,1000.0
9,5,-1.69,1000.0
9,5,-1.68,1000.0
9,5,-1.67,1000.0
9,5,-1.66,1000.0
9,5,-1.65,1000.0
9,5,-1.64,1000.0
9,5,-1.63,1000.0
9,5,-1.62,1000.0
9,5,-1.61,1000.0
9,5,-1.6,1000.0
9,5,-1.59,1000.0
9,5,-1.58,1000.0
9,5,-1.57,1000.0
9,5,-1.56,1000.0
9,5,-1.55,1000.0
9,5,-1.54,1000.0
9,5,-1.53,1000.0
9,5,-1.52,1000.0
9,5,-1.51,1000.0
9,5,-1.5,1000.0
9,5,-1.49,1000.0
9,5,-1.48,1000.0
9,5,-1.47,1000.0
9,5,-1.46,1000.0
9,5,-1.45,1000.0
9,5,-1.44,1000.0
9,5,-1.43,1000.0
9,5,-1.42,1000.0
9,5,-1.41,1000.0
9,5,-1.4,1000.0
9,5,-1.39,1000.0
9,5,-1.38,1000.0
9,5,-1.37,1000.0
9,5,-1.36,1000.0
9,5,-1.35,1000.0
9,5,-1.34,1000.0
9,5,-1.33,1000.0
9,5,-1.32,1000.0
9,5,-1.31,1000.0
9,5,-1.3,1000.0
9,5,-1.29,1000.0
9,5,-1.28,1000.0
9,5,-1.27,1000.0
9,5,-1.26,1000.0
9,5,-1.25,1000.0
9,5,-1.24,1000.0
9,5,-1.23,1000.0
9,5,-1.22,1000.0
9,5,-1.21,1000.0
9,5,-1.2,1000.0
9,5,-1.19,1000.0
9,5,-1.18,1000.0
9,5,-1.17,1000.0
9,5,-1.16,1000.0
9,5,-1.15,1000.0
9,5,-1.14,1000.0
9,5,-1.13,1000.0
9,5,-1.12,1000.0
9,5,-1.11,1000.0
9,5,-1.1,1000.0
9,5,-1.09,1000.0
9,5,-1.08,1000.0
9,5,-1.07,1000.0
9,5,-1.06,1000.0
9,5,-1.05,1000.0
9,5,-1.04,1000.0
9,5,-1.03,1000.0
9,5,-1.02,1000.0
9,5,-1.01,1000.0
9,5,-1.0,1000.0
9,5,-0.99,1000.0
9,5,-0.98,1000.0
9,5,-0.97,1000.0
9,5,-0.96,1000.0
9,5,-0.95,1000.0
9,5,-0.94,1000.0
9,5,-0.93,1000.0
9,5,-0.92,1000.0
9,5,-0.91,1000.0
9,5,-0.9,1000.0
9,5,-0.89,1000.0
9,5,-0.88,1000.0
9,5,-0.87,1000.0
9,5,-0.86,1000.0
9,5,-0.85,1000.0
9,5,-0.84,1000.0
9,5,-0.83,1000.0
9,5,-0.82,1000.0
9,5,-0.81,1000.0
9,5,-0.8,1000.0
9,5,-0.79,1000.0
9,5,-0.78,1000.0
9,5,-0.77,1000.0
9,5,-0.76,1000.0
9,5,-0.75,1000.0
9,5,-0.74,1000.0
9,5,-0.73,1000.0
9,5,-0.72,1000.0
9,5,-0.71,1000.0
9,5,-0.7,1000.0
9,5,-0.69,1000.0
9,5,-0.68,1000.0
9,5,-0.67,1000.0
9,5,-0.66,1000.0
9,5,-0.65,1000.0
9,5,-0.64,1000.0
9,5,-0.63,1000.0
9,5,-0.62,1000.0
9,5,-0.61,1000.0
9,5,-0.6,1000.0
9,5,-0.59,1000.0
9,5,-0.58,1000.0
9,5,-0.57,1000.0
9,5,-0.56,1000.0
9,5,-0.55,1000.0
9,5,-0.54,1000.0
9,5,-0.53,1000.0
9,5,-0.52,1000.0
9,5,-0.51,1000.0
9,5,-0.5,1000.0
9,5,-0.49,1000.0
9,5,-0.48,1000.0
9,5,-0.47,1000.0
9,5,-0.46,1000.0
9,5,-0.45,1000.0
9,5,-0.44,1000.0
9,5,-0.43,1000.0
9,5,-0.42,1000.0
9,5,-0.41,1000.0
9,5,-0.4,1000.0
9,5,-0.39,1000.0
9,5,-0.38,1000.0
9,5,-0.37,1000.0
9,5,-0.36,1000.0
9,5,-0.35,1000.0
9,5,-0.34,1000.0
9,5,-0.33,1000.0
9,5,-0.32,1000.0
9,5,-0.31,1000.0
9,5,-0.3,1000.0
9,5,-0.29,1000.0
9,5,-0.28,1000.0
9,5,-0.27,1000.0
9,5,-0.26,1000.0
9,5,-0.25,1000.0
9,5,-0.24,1000.0
9,5,-0.23,1000.0
9,5,-0.22,1000.0
9,5,-0.21,1000.0
9,5,-0.2,1000.0
9,5,-0.19,1000.0
9,5,-0.18,1000.0
9,5,-0.17,1000.0
9,5,-0.16,1000.0
9,5,-0.15,1000.0
9,5,-0.14,1000.0
9,5,-0.13,1000.0
9,5,-0.12,1000.0
9,5,-0.11,1000.0
9,5,-0.1,1000.0
9,5,-0.09,1000.0
9,5,-0.08,1000.0
9,5,-0.07,9.944334850428309
9,5,-0.06,0.561936084533292
9,5,-0.05,0.28393622473440855
9,5,-0.04,0.15516941594578476
9,5,-0.03,0.08271808700628641
9,5,-0.02,0.04343968513060059
9,5,-0.01,0.025513237493428275
9,5,0.0,0.020895430727674334
9,5,0.01,0.024661508193980327
9,5,0.02,0.03404137211374527
9,5,0.03,0.047521440005788076
9,5,0.04,0.06429222559101858
9,5,0.05,0.08395220569840817
9,5,0.06,0.10636568007591514
9,5,0.07,0.13159903847628407
9,5,0.08,0.15989420592124914
9,5,0.09,0.19167226873337687
9,5,0.1,0.22767246819151699
9,5,0.11,0.2696835599954361
9,5,0.12,0.3227976070415406
9,5,0.13,0.4056611433298637
9,5,0.14,0.5409356654462893
9,5,0.15,0.6434455323059858
9,5,0.16,0.7194142035428068
9,5,0.17,0.7852132966186209
9,5,0.18,0.8469288764237413
9,5,0.19,0.907372165520354
9,5,0.2,0.968145031527011
9,5,0.21,1.0303272564446615
9,5,0.22,1.0947510673325709
9,5,0.23,1.1621223968684016
9,5,0.24,1.2330799181284011
9,5,0.25,1.308229234282135
9,5,0.26,1.3881653072688254
9,5,0.27,1.4734980831405604
9,5,0.28,1.5649129749309774
9,5,0.29,1.6633638851759684
9,5,0.3,1.7707837539517453
9,5,0.31,1.8935743354144843
9,5,0.32,2.0637695248217325
9,5,0.33,2.2853121323898193
9,5,0.34,2.4715560716902383
9,5,0.35,2.638931392284264
9,5,0.36,2.799087951500572
9,5,0.37,2.956440812013533
9,5,0.38,3.1133372559463286
9,5,0.39,3.2712358422808534
9,5,0.4,3.4313056390102785
9,5,0.41,3.5947336571699524
9,5,0.42,3.762857271056289
9,5,0.43,3.937209920099305
9,5,0.44,4.119532740546429
9,5,0.45,4.311780126530054
9,5,0.46,4.516133097608609
9,5,0.47,4.7350267946153215
9,5,0.48,4.971194651893181
9,5,0.49,5.227730151537269
9,5,0.5,5.508166582342919
9,5,0.51,5.8165753424546
9,5,0.52,6.15768374876543
9,5,0.53,6.537013935745579
9,5,0.54,6.961045246978408
9,5,0.55,7.437403626606507
9,5,0.56,7.975083040215864
9,5,0.57,8.58470606963987
9,5,0.58,9.278833741117765
9,5,0.59,10.072338613744238
9,5,0.6,10.982860535948937
9,5,0.61,12.031371854695907
9,5,0.62,13.24288910110916
9,5,0.63,14.64738262053368
9,5,0.64,16.280956747277916
9,5,0.65,18.187404678939387
9,5,0.66,20.42028861421921
9,5,0.67,23.045762742002196
9,5,0.68,26.146453022388226
9,5,0.69,1000.0
9,5,0.7,1000.0
9,5,0.71,1000.0
9,5,0.72,1000.0
9,5,0.73,1000.0
9,5,0.74,1000.0
9,5,0.75,1000.0
9,5,0.76,1000.0
9,5,0.77,1000.0
9,5,0.78,1000.0
9,5,0.79,1000.0
9,5,0.8,1000.0
9,5,0.81,1000.0
9,5,0.82,1000.0
9,5,0.83,1000.0
9,5,0.84,1000.0
9,5,0.85,1000.0
9,5,0.86,1000.0
9,5,0.87,1000.0
9,5,0.88,1000.0
9,5,0.89,1000.0
9,5,0.9,1000.0
9,5,0.91,1000.0
9,5,0.92,1000.0
9,5,0.93,1000.0
9,5,0.94,1000.0
9,5,0.95,1000.0
9,5,0.96,1000.0
9,5,0.97,1000.0
9,5,0.98,1000.0
9,5,0.99,1000.0
9,5,1.0,1000.0
9,5,1.01,1000.0
9,5,1.02,1000.0
9,5,1.03,1000.0
9,5,1.04,1000.0
9,5,1.05,1000.0
9,5,1.06,1000.0
9,5,1.07,1000.0
9,5,1.08,1000.0
9,5,1.09,1000.0
9,5,1.1,1000.0
9,5,1.11,1000.0
9,5,1.12,1000.0
9,5,1.13,1000.0
9,5,1.14,1000.0
9,5,1.15,1000.0
9,5,1.16,1000.0
9,5,1.17,1000.0
9,5,1.18,1000.0
9,5,1.19,1000.0
9,5,1.2,1000.0
9,5,1.21,1000.0
9,5,1.22,1000.0
9,5,1.23,1000.0
9,5,1.24,1000.0
9,5,1.25,1000.0
9,5,1.26,1000.0
9,5,1.27,1000.0
9,5,1.28,1000.0
9,5,1.29,1000.0
9,5,1.3,1000.0
9,5,1.31,1000.0
9,5,1.32,1000.0
9,5,1.33,1000.0
9,5,1.34,1000.0
9,5,1.35,1000.0
9,5,1.36,1000.0
9,5,1.37,1000.0
9,5,1.38,1000.0
9,5,1.39,1000.0
9,5,1.4,1000.0
9,5,1.41,1000.0
9,5,1.42,1000.0
9,5,1.43,1000.0
9,5,1.44,1000.0
9,5,1.45,1000.0
9,5,1.46,1000.0
9,5,1.47,1000.0
9,5,1.48,1000.0
9,5,1.49,1000.0
9,5,1.5,1000.0
9,5,1.51,1000.0
9,5,1.52,1000.0
9,5,1.53,1000.0
9,5,1.54,1000.0
9,5,1.55,1000.0
9,5,1.56,1000.0
9,5,1.57,1000.0
9,5,1.58,1000.0
9,5,1.59,1000.0
9,5,1.6,1000.0
9,5,1.61,1000.0
9,5,1.62,1000.0
9,5,1.63,1000.0
9,5,1.64,1000.0
9,5,1.65,1000.0
9,5,1.66,1000.0
9,5,1.67,1000.0
9,5,1.68,1000.0
9,5,1.69,1000.0
9,5,1.7,1000.0
9,5,1.71,1000.0
9,5,1.72,1000.0
9,5,1.73,1000.0
9,5,1.74,1000.0
9,5,1.75,1000.0
9,5,1.76,1000.0
9,5,1.77,1000.0
9,5,1.78,1000.0
9,5,1.79,1000.0
9,5,1.8,1000.0
9,5,1.81,1000.0
9,5,1.82,1000.0
9,5,1.83,1000.0
9,5,1.84,1000.0
9,5,1.85,1000.0
9,5,1.86,1000.0
9,5,1.87,1000.0
9,5,1.88,1000.0
9,5,1.89,1000.0
9,5,1.9,1000.0
9,5,1.91,1000.0
9,5,1.92,1000.0
9,5,1.93,1000.0
9,5,1.94,1000.0
9,5,1.95,1000.0
9,5,1.96,1000.0
9,5,1.97,1000.0
9,5,1.98,1000.0
9,5,1.99,1000.0
9,5,2.0,1000.0
9,10,-2.0,1000.0
9,10,-1.99,1000.0
9,10,-1.98,1000.0
9,10,-1.97,1000.0
9,10,-1.96,1000.0
9,10,-1.95,1000.0
9,10,-1.94,1000.0
9,10,-1.93,1000.0
9,10,-1.92,1000.0
9,10,-1.91,1000.0
9,10,-1.9,1000.0
9,10,-1.89,1000.0
9,10,-1.88,1000.0
9,10,-1.87,1000.0
9,10,-1.86,1000.0
9,10,-1.85,1000.0
9,10,-1.84,1000.0
9,10,-1.83,1000.0
9,10,-1.82,1000.0
9,10,-1.81,1000.0
9,10,-1.8,1000.0
9,10,-1.79,1000.0
9,10,-1.78,1000.0
9,10,-1.77,1000.0
9,10,-1.76,1000.0
9,10,-1.75,1000.0
9,10,-1.74,1000.0
9,10,-1.73,1000.0
9,10,-1.72,1000.0
9,10,-1.71,1000.0
9,10,-1.7,1000.0
9,10,-1.69,1000.0
9,10,-1.68,1000.0
9,10,-1.67,1000.0
9,10,-1.66,1000.0
9,10,-1.65,1000.0
9,10,-1.64,1000.0
9,10,-1.63,1000.0
9,10,-1.62,1000.0
9,10,-1.61,1000.0
9,10,-1.6,1000.0
9,10,-1.59,1000.0
9,10,-1.58,1000.0
9,10,-1.57,1000.0
9,10,-1.56,1000.0
9,10,-1.55,1000.0
9,10,-1.54,1000.0
9,10,-1.53,1000.0
9,10,-1.52,1000.0
9,10,-1.51,1000.0
9,10,-1.5,1000.0
9,10,-1.49,1000.0
9,10,-1.48,1000.0
9,10,-1.47,1000.0
9,10,-1.46,1000.0
9,10,-1.45,1000.0
9,10,-1.44,1000.0
9,10,-1.43,1000.0
9,10,-1.42,1000.0
9,10,-1.41,1000.0
9,10,-1.4,1000.0
9,10,-1.39,1000.0
9,10,-1.38,1000.0
9,10,-1.37,1000.0
9,10,-1.36,1000.0
9,10,-1.35,1000.0
9,10,-1.34,1000.0
9,10,-1.33,1000.0
9,10,-1.32,1000.0
9,10,-1.31,1000.0
9,10,-1.3,1000.0
9,10,-1.29,1000.0
9,10,-1.28,1000.0
9,10,-1.27,1000.0
9,10,-1.26,1000.0
9,10,-1.25,1000.0
9,10,-1.24,1000.0
9,10,-1.23,1000.0
9,10,-1.22,1000.0
9,10,-1.21,1000.0
9,10,-1.2,1000.0
9,10,-1.19,1000.0
9,10,-1.18,1000.0
9,10,-1.17,1000.0
9,10,-1.16,1000.0
9,10,-1.15,1000.0
9,10,-1.14,1000.0
9,10,-1.13,1000.0
9,10,-1.12,1000.0
9,10,-1.11,1000.0
9,10,-1.1,1000.0
9,10,-1.09,1000.0
9,10,-1.08,1000.0
9,10,-1.07,1000.0
9,10,-1.06,1000.0
9,10,-1.05,1000.0
9,10,-1.04,1000.0
9,10,-1.03,1000.0
9,10,-1.02,1000.0
9,10,-1.01,1000.0
9,10,-1.0,1000.0
9,10,-0.99,1000.0
9,10,-0.98,1000.0
9,10,-0.97,1000.0
9,10,-0.96,1000.0
9,10,-0.95,1000.0
9,10,-0.94,1000.0
9,10,-0.93,1000.0
9,10,-0.92,1000.0
9,10,-0.91,1000.0
9,10,-0.9,1000.0
9,10,-0.89,1000.0
9,10,-0.88,1000.0
9,10,-0.87,1000.0
9,10,-0.86,1000.0
9,10,-0.85,1000.0
9,10,-0.84,1000.0
9,10,-0.83,1000.0
9,10,-0.82,1000.0
9,10,-0.81,1000.0
9,10,-0.8,1000.0
9,10,-0.79,1000.0
9,10,-0.78,1000.0
9,10,-0.77,1000.0
9,10,-0.76,1000.0
9,10,-0.75,1000.0
9,10,-0.74,1000.0
9,10,-0.73,1000.0
9,10,-0.72,1000.0
9,10,-0.71,1000.0
9,10,-0.7,1000.0
9,10,-0.69,1000.0
9,10,-0.68,1000.0
9,10,-0.67,1000.0
9,10,-0.66,1000.0
9,10,-0.65,1000.0
9,10,-0.64,1000.0
9,10,-0.63,1000.0
9,10,-0.62,1000.0
9,10,-0.61,1000.0
9,10,-0.6,1000.0
9,10,-0.59,1000.0
9,10,-0.58,1000.0
9,10,-0.57,1000.0
9,10,-0.56,1000.0
9,10,-0.55,1000.0
9,10,-0.54,1000.0
9,10,-0.53,1000.0
9,10,-0.52,1000.0
9,10,-0.51,1000.0
9,10,-0.5,1000.0
9,10,-0.49,1000.0
9,10,-0.48,1000.0
9,10,-0.47,1000.0
9,10,-0.46,1000.0
9,10,-0.45,1000.0
9,10,-0.44,1000.0
9,10,-0.43,1000.0
9,10,-0.42,1000.0
9,10,-0.41,1000.0
9,10,-0.4,1000.0
9,10,-0.39,1000.0
9,10,-0.38,1000.0
9,10,-0.37,1000.0
9,10,-0.36,1000.0
9,10,-0.35,1000.0
9,10,-0.34,1000.0
9,10,-0.33,1000.0
9,10,-0.32,1000.0
9,10,-0.31,1000.0
9,10,-0.3,1000.0
9,10,-0.29,1000.0
9,10,-0.28,1000.0
9,10,-0.27,1000.0
9,10,-0.26,1000.0
9,10,-0.25,1000.0
9,10,-0.24,1000.0
9,10,-0.23,1000.0
9,10,-0.22,1000.0
9,10,-0.21,1000.0
9,10,-0.2,1000.0
9,10,-0.19,1000.0
9,10,-0.18,1000.0
9,10,-0.17,1000.0
9,10,-0.16,1000.0
9,10,-0.15,1000.0
9,10,-0.14,1000.0
9,10,-0.13,1000.0
9,10,-0.12,1000.0
9,10,-0.11,1000.0
9,10,-0.1,1000.0
9,10,-0.09,1000.0
9,10,-0.08,1000.0
9,10,-0.07,1000.0
9,10,-0.06,1000.0
9,10,-0.05,1.8393104030358283
9,10,-0.04,0.4631893500027251
9,10,-0.03,0.20840051292641373
9,10,-0.02,0.0955194232009832
9,10,-0.01,0.036961967128369966
9,10,0.0,0.01543365226590483
9,10,0.01,0.04104333549898183
9,10,0.02,0.14768283195560708
9,10,0.03,0.3441929467015967
9,10,0.04,0.5961352567638262
9,10,0.05,0.8988993060174066
9,10,0.06,1.1520869779910445
9,10,0.07,1.3416773821122796
9,10,0.08,1.5201583665289848
9,10,0.09,1.7214523629883014
9,10,0.1,1.957732948412168
9,10,0.11,2.1951089191512616
9,10,0.12,2.418996696955527
9,10,0.13,2.6301756805548684
9,10,0.14,2.823323778209696
9,10,0.15,3.0050153608402637
9,10,0.16,3.179974540127656
9,10,0.17,3.3459944351879134
9,10,0.18,3.5039707806335447
9,10,0.19,3.658252168006819
9,10,0.2,3.8109960067792636
9,10,0.21,3.961214782294445
9,10,0.22,4.107812733851812
9,10,0.23,4.251654848448949
9,10,0.24,4.395031015408102
9,10,0.25,4.540144472525353
9,10,0.26,4.688214811091736
9,10,0.27,4.839525363662281
9,10,0.28,4.994011944153742
9,10,0.29,5.151861951685322
9,10,0.3,5.313803147298812
9,10,0.31,5.481063645021585
9,10,0.32,5.6551632211069105
9,10,0.33,5.837700575986621
9,10,0.34,6.030223045127084
9,10,0.35,6.234194791155565
9,10,0.36,6.451043803412517
9,10,0.37,6.682257058478322
9,10,0.38,6.929493909150589
9,10,0.39,7.194694258800746
9,10,0.4,7.480168011540174
9,10,0.41,7.788663044768701
9,10,0.42,8.123417451403583
9,10,0.43,8.48820611121486
9,10,0.44,8.887391840479282
9,10,0.45,9.325988969127783
9,10,0.46,9.809744076467574
9,10,0.47,10.345236151089512
9,10,0.48,10.939997233499058
9,10,0.49,11.602654638073988
9,10,0.5,12.34309679341598
9,10,0.51,13.172666187422474
9,10,0.52,14.10438458089212
9,10,0.53,15.153217505322562
9,10,0.54,16.33638726219846
9,10,0.55,17.6737465365939
9,10,0.56,19.188228711646584
9,10,0.57,20.906396293832465
9,10,0.58,22.859115607781685
9,10,0.59,25.082394087733167
9,10,0.6,27.61842639131263
9,10,0.61,30.516908455219696
9,10,0.62,33.83669740520957
9,10,0.63,37.64792519345432
9,10,0.64,42.03472286105051
9,10,0.65,47.098787451141256
9,10,0.66,52.964121149599485
9,10,0.67,59.78336651185577
9,10,0.68,67.74620820761591
9,10,0.69,1000.0
9,10,0.7,1000.0
9,10,0.71,1000.0
9,10,0.72,1000.0
9,10,0.73,1000.0
9,10,0.74,1000.0
9,10,0.75,1000.0
9,10,0.76,1000.0
9,10,0.77,1000.0
9,10,0.78,1000.0
9,10,0.79,1000.0
9,10,0.8,1000.0
9,10,0.81,1000.0
9,10,0.82,1000.0
9,10,0.83,1000.0
9,10,0.84,1000.0
9,10,0.85,1000.0
9,10,0.86,1000.0
9,10,0.87,1000.0
9,10,0.88,1000.0
9,10,0.89,1000.0
9,10,0.9,1000.0
9,10,0.91,1000.0
9,10,0.92,1000.0
9,10,0.93,1000.0
9,10,0.94,1000.0
9,10,0.95,1000.0
9,10,0.96,1000.0
9,10,0.97,1000.0
9,10,0.98,1000.0
9,10,0.99,1000.0
9,10,1.0,1000.0
9,10,1.01,1000.0
9,10,1.02,1000.0
9,10,1.03,1000.0
9,10,1.04,1000.0
9,10,1.05,1000.0
9,10,1.06,1000.0
9,10,1.07,1000.0
9,10,1.08,1000.0
9,10,1.09,1000.0
9,10,1.1,1000.0
9,10,1.11,1000.0
9,10,1.12,1000.0
9,10,1.13,1000.0
9,10,1.14,1000.0
9,10,1.15,1000.0
9,10,1.16,1000.0
9,10,1.17,1000.0
9,10,1.18,1000.0
9,10,1.19,1000.0
9,10,1.2,1000.0
9,10,1.21,1000.0
9,10,1.22,1000.0
9,10,1.23,1000.0
9,10,1.24,1000.0
9,10,1.25,1000.0
9,10,1.26,1000.0
9,10,1.27,1000.0
9,10,1.28,1000.0
9,10,1.29,1000.0
9,10,1.3,1000.0
9,10,1.31,1000.0
9,10,1.32,1000.0
9,10,1.33,1000.0
9,10,1.34,1000.0
9,10,1.35,1000.0
9,10,1.36,1000.0
9,10,1.37,1000.0
9,10,1.38,1000.0
9,10,1.39,1000.0
9,10,1.4,1000.0
9,10,1.41,1000.0
9,10,1.42,1000.0
9,10,1.43,1000.0
9,10,1.44,1000.0
9,10,1.45,1000.0
9,10,1.46,1000.0
9,10,1.47,1000.0
9,10,1.48,1000.0
9,10,1.49,1000.0
9,10,1.5,1000.0
9,10,1.51,1000.0
9,10,1.52,1000.0
9,10,1.53,1000.0
9,10,1.54,1000.0
9,10,1.55,1000.0
9,10,1.56,1000.0
9,10,1.57,1000.0
9,10,1.58,1000.0
9,10,1.59,1000.0
9,10,1.6,1000.0
9,10,1.61,1000.0
9,10,1.62,1000.0
9,10,1.63,1000.0
9,10,1.64,1000.0
9,10,1.65,1000.0
9,10,1.66,1000.0
9,10,1.67,1000.0
9,10,1.68,1000.0
9,10,1.69,1000.0
9,10,1.7,1000.0
9,10,1.71,1000.0
9,10,1.72,1000.0
9,10,1.73,1000.0
9,10,1.74,1000.0
9,10,1.75,1000.0
9,10,1.76,1000.0
9,10,1.77,1000.0
9,10,1.78,1000.0
9,10,1.79,1000.0
9,10,1.8,1000.0
9,10,1.81,1000.0
9,10,1.82,1000.0
9,10,1.83,1000.0
9,10,1.84,1000.0
9,10,1.85,1000.0
9,10,1.86,1000.0
9,10,1.87,1000.0
9,10,1.88,1000.0
9,10,1.89,1000.0
9,10,1.9,1000.0
9,10,1.91,1000.0
9,10,1.92,1000.0
9,10,1.93,1000.0
9,10,1.94,1000.0
9,10,1.95,1000.0
9,10,1.96,1000.0
9,10,1.97,1000.0
9,10,1.98,1000.0
9,10,1.99,1000.0
9,10,2.0,1000.0
9,25,-2.0,1000.0
9,25,-1.99,1000.0
9,25,-1.98,1000.0
9,25,-1.97,1000.0
9,25,-1.96,1000.0
9,25,-1.95,1000.0
9,25,-1.94,1000.0
9,25,-1.93,1000.0
9,25,-1.92,1000.0
9,25,-1.91,1000.0
9,25,-1.9,1000.0
9,25,-1.89,1000.0
9,25,-1.88,1000.0
9,25,-1.87,1000.0
9,25,-1.86,1000.0
9,25,-1.85,1000.0
9,25,-1.84,1000.0
9,25,-1.83,1000.0
9,25,-1.82,1000.0
9,25,-1.81,1000.0
9,25,-1.8,1000.0
9,25,-1.79,1000.0
9,25,-1.78,1000.0
9,25,-1.77,1000.0
9,25,-1.76,1000.0
9,25,-1.75,1000.0
9,25,-1.74,1000.0
9,25,-1.73,1000.0
9,25,-1.72,1000.0
9,25,-1.71,1000.0
9,25,-1.7,1000.0
9,25,-1.69,1000.0
9,25,-1.68,1000.0
9,25,-1.67,1000.0
9,25,-1.66,1000.0
9,25,-1.65,1000.0
9,25,-1.64,1000.0
9,25,-1.63,1000.0
9,25,-1.62,1000.0
9,25,-1.61,1000.0
9,25,-1.6,1000.0
9,25,-1.59,1000.0
9,25,-1.58,1000.0
9,25,-1.57,1000.0
9,25,-1.56,1000.0
9,25,-1.55,1000.0
9,25,-1.54,1000.0
9,25,-1.53,1000.0
9,25,-1.52,1000.0
9,25,-1.51,1000.0
9,25,-1.5,1000.0
9,25,-1.49,1000.0
9,25,-1.48,1000.0
9,25,-1.47,1000.0
9,25,-1.46,1000.0
9,25,-1.45,1000.0
9,25,-1.44,1000.0
9,25,-1.43,1000.0
9,25,-1.42,1000.0
9,25,-1.41,1000.0
9,25,-1.4,1000.0
9,25,-1.39,1000.0
9,25,-1.38,1000.0
9,25,-1.37,1000.0
9,25,-1.36,1000.0
9,25,-1.35,1000.0
9,25,-1.34,1000.0
9,25,-1.33,1000.0
9,25,-1.32,1000.0
9,25,-1.31,1000.0
9,25,-1.3,1000.0
9,25,-1.29,1000.0
9,25,-1.28,1000.0
9,25,-1.27,1000.0
9,25,-1.26,1000.0
9,25,-1.25,1000.0
9,25,-1.24,1000.0
9,25,-1.23,1000.0
9,25,-1.22,1000.0
9,25,-1.21,1000.0
9,25,-1.2,1000.0
9,25,-1.19,1000.0
9,25,-1.18,1000.0
9,25,-1.17,1000.0
9,25,-1.16,1000.0
9,25,-1.15,1000.0
9,25,-1.14,1000.0
9,25,-1.13,1000.0
9,25,-1.12,1000.0
9,25,-1.11,1000.0
9,25,-1.1,1000.0
9,25,-1.09,1000.0
9,25,-1.08,1000.0
9,25,-1.07,1000.0
9,25,-1.06,1000.0
9,25,-1.05,1000.0
9,25,-1.04,1000.0
9,25,-1.03,1000.0
9,25,-1.02,1000.0
9,25,-1.01,1000.0
9,25,-1.0,1000.0
9,25,-0.99,1000.0
9,25,-0.98,1000.0
9,25,-0.97,1000.0
9,25,-0.96,1000.0
9,25,-0.95,1000.0
9,25,-0.94,1000.0
9,25,-0.93,1000.0
9,25,-0.92,1000.0
9,25,-0.91,1000.0
9,25,-0.9,1000.0
9,25,-0.89,1000.0
9,25,-0.88,1000.0
9,25,-0.87,1000.0
9,25,-0.86,1000.0
9,25,-0.85,1000.0
9,25,-0.84,1000.0
9,25,-0.83,1000.0
9,25,-0.82,1000.0
9,25,-0.81,1000.0
9,25,-0.8,1000.0
9,25,-0.79,1000.0
9,25,-0.78,1000.0
9,25,-0.77,1000.0
9,25,-0.76,1000.0
9,25,-0.75,1000.0
9,25,-0.74,1000.0
9,25,-0.73,1000.0
9,25,-0.72,1000.0
9,25,-0.71,1000.0
9,25,-0.7,1000.0
9,25,-0.69,1000.0
9,25,-0.68,1000.0
9,25,-0.67,1000.0
9,25,-0.66,1000.0
9,25,-0.65,1000.0
9,25,-0.64,1000.0
9,25,-0.63,1000.0
9,25,-0.62,1000.0
9,25,-0.61,1000.0
9,25,-0.6,1000.0
9,25,-0.59,1000.0
9,25,-0.58,1000.0
9,25,-0.57,1000.0
9,25,-0.56,1000.0
9,25,-0.55,1000.0
9,25,-0.54,1000.0
9,25,-0.53,1000.0
9,25,-0.52,1000.0
9,25,-0.51,1000.0
9,25,-0.5,1000.0
9,25,-0.49,1000.0
9,25,-0.48,1000.0
9,25,-0.47,1000.0
9,25,-0.46,1000.0
9,25,-0.45,1000.0
9,25,-0.44,1000.0
9,25,-0.43,1000.0
9,25,-0.42,1000.0
9,25,-0.41,1000.0
9,25,-0.4,1000.0
9,25,-0.39,1000.0
9,25,-0.38,1000.0
9,25,-0.37,1000.0
9,25,-0.36,1000.0
9,25,-0.35,1000.0
9,25,-0.34,1000.0
9,25,-0.33,1000.0
9,25,-0.32,1000.0
9,25,-0.31,1000.0
9,25,-0.3,1000.0
9,25,-0.29,1000.0
9,25,-0.28,1000.0
9,25,-0.27,1000.0
9,25,-0.26,1000.0
9,25,-0.25,1000.0
9,25,-0.24,1000.0
9,25,-0.23,1000.0
9,25,-0.22,1000.0
9,25,-0.21,1000.0
9,25,-0.2,1000.0
9,25,-0.19,1000.0
9,25,-0.18,1000.0
9,25,-0.17,1000.0
9,25,-0.16,1000.0
9,25,-0.15,1000.0
9,25,-0.14,1000.0
9,25,-0.13,1000.0
9,25,-0.12,1000.0
9,25,-0.11,1000.0
9,25,-0.1,1000.0
9,25,-0.09,1000.0
9,25,-0.08,1000.0
9,25,-0.07,1000.0
9,25,-0.06,1000.0
9,25,-0.05,1000.0
9,25,-0.04,1000.0
9,25,-0.03,1000.0
9,25,-0.02,0.7808978815393781
9,25,-0.01,0.3343485580365003
9,25,0.0,0.020700188701984125
9,25,0.01,0.3322608061475812
9,25,0.02,0.7977980915402509
9,25,0.03,1.210884218886071
9,25,0.04,1.5699414843458592
9,25,0.05,1.8983274930862108
9,25,0.06,2.24746626540589
9,25,0.07,3.318458614838269
9,25,0.08,3.5740916708958435
9,25,0.09,3.787351693691159
9,25,0.1,3.975690363513043
9,25,0.11,4.153811742977176
9,25,0.12,4.31979424864364
9,25,0.13,4.479920926514488
9,25,0.14,4.6331447003896535
9,25,0.15,4.7782439418262745
9,25,0.16,4.919381039216983
9,25,0.17,5.058028111429515
9,25,0.18,5.193835813344586
9,25,0.19,5.327846931545309
9,25,0.2,5.461584646015521
9,25,0.21,5.59564414104289
9,25,0.22,5.729988691205282
9,25,0.23,5.8648893592871705
9,25,0.24,6.0011781923949155
9,25,0.25,6.139800152650201
9,25,0.26,6.281265765103664
9,25,0.27,6.425249851274453
9,25,0.28,6.570043843105461
9,25,0.29,6.711147520956396
9,25,0.3,6.838995358285771
9,25,0.31,6.90682724480758
9,25,0.32,7.830305216867599
9,25,0.33,8.236074979956141
9,25,0.34,8.55649597112155
9,25,0.35,8.872399824809394
9,25,0.36,9.199774010545314
9,25,0.37,9.546036198516713
9,25,0.38,9.916616802283755
9,25,0.39,10.316230887081998
9,25,0.4,10.74952329681636
9,25,0.41,11.221444811867663
9,25,0.42,11.737475003437421
9,25,0.43,12.303771894015727
9,25,0.44,12.927293592160805
9,25,0.45,13.61591482132025
9,25,0.46,14.378549652734916
9,25,0.47,15.225286317900679
9,25,0.48,16.16753797831797
9,25,0.49,17.218213380035518
9,25,0.5,18.391912680841425
9,25,0.51,19.705155949696856
9,25,0.52,21.176654575398462
9,25,0.53,22.827638861344127
9,25,0.54,24.682258326080085
9,25,0.55,26.768074738784254
9,25,0.56,29.116671955616674
9,25,0.57,31.76441165518409
9,25,0.58,34.75337076908185
9,25,0.59,38.13250565441119
9,25,0.6,41.95910106704081
9,25,0.61,46.300580496456625
9,25,0.62,51.236780859773496
9,25,0.63,56.86283238760391
9,25,0.64,63.29283868002112
9,25,0.65,70.66462752180261
9,25,0.66,79.14594205983468
9,25,0.67,88.94256130117202
9,25,0.68,100.30897757291386
9,25,0.69,1000.0
9,25,0.7,1000.0
9,25,0.71,1000.0
9,25,0.72,1000.0
9,25,0.73,1000.0
9,25,0.74,1000.0
9,25,0.75,1000.0
9,25,0.76,1000.0
9,25,0.77,1000.0
9,25,0.78,1000.0
9,25,0.79,1000.0
9,25,0.8,1000.0
9,25,0.81,1000.0
9,25,0.82,1000.0
9,25,0.83,1000.0
9,25,0.84,1000.0
9,25,0.85,1000.0
9,25,0.86,1000.0
9,25,0.87,1000.0
9,25,0.88,1000.0
9,25,0.89,1000.0
9,25,0.9,1000.0
9,25,0.91,1000.0
9,25,0.92,1000.0
9,25,0.93,1000.0
9,25,0.94,1000.0
9,25,0.95,1000.0
9,25,0.96,1000.0
9,25,0.97,1000.0
9,25,0.98,1000.0
9,25,0.99,1000.0
9,25,1.0,1000.0
9,25,1.01,1000.0
9,25,1.02,1000.0
9,25,1.03,1000.0
9,25,1.04,1000.0
9,25,1.05,1000.0
9,25,1.06,1000.0
9,25,1.07,1000.0
9,25,1.08,1000.0
9,25,1.09,1000.0
9,25,1.1,1000.0
9,25,1.11,1000.0
9,25,1.12,1000.0
9,25,1.13,1000.0
9,25,1.14,1000.0
9,25,1.15,1000.0
9,25,1.16,1000.0
9,25,1.17,1000.0
9,25,1.18,1000.0
9,25,1.19,1000.0
9,25,1.2,1000.0
9,25,1.21,1000.0
9,25,1.22,1000.0
9,25,1.23,1000.0
9,25,1.24,1000.0
9,25,1.25,1000.0
9,25,1.26,1000.0
9,25,1.27,1000.0
9,25,1.28,1000.0
9,25,1.29,1000.0
9,25,1.3,1000.0
9,25,1.31,1000.0
9,25,1.32,1000.0
9,25,1.33,1000.0
9,25,1.34,1000.0
9,25,1.35,1000.0
9,25,1.36,1000.0
9,25,1.37,1000.0
9,25,1.38,1000.0
9,25,1.39,1000.0
9,25,1.4,1000.0
9,25,1.41,1000.0
9,25,1.42,1000.0
9,25,1.43,1000.0
9,25,1.44,1000.0
9,25,1.45,1000.0
9,25,1.46,1000.0
9,25,1.47,1000.0
9,25,1.48,1000.0
9,25,1.49,1000.0
9,25,1.5,1000.0
9,25,1.51,1000.0
9,25,1.52,1000.0
9,25,1.53,1000.0
9,25,1.54,1000.0
9,25,1.55,1000.0
9,25,1.56,1000.0
9,25,1.57,1000.0
9,25,1.58,1000.0
9,25,1.59,1000.0
9,25,1.6,1000.0
9,25,1.61,1000.0
9,25,1.62,1000.0
9,25,1.63,1000.0
9,25,1.64,1000.0
9,25,1.65,1000.0
9,25,1.66,1000.0
9,25,1.67,1000.0
9,25,1.68,1000.0
9,25,1.69,1000.0
9,25,1.7,1000.0
9,25,1.71,1000.0
9,25,1.72,1000.0
9,25,1.73,1000.0
9,25,1.74,1000.0
9,25,1.75,1000.0
9,25,1.76,1000.0
9,25,1.77,1000.0
9,25,1.78,1000.0
9,25,1.79,1000.0
9,25,1.8,1000.0
9,25,1.81,1000.0
9,25,1.82,1000.0
9,25,1.83,1000.0
9,25,1.84,1000.0
9,25,1.85,1000.0
9,25,1.86,1000.0
9,25,1.87,1000.0
9,25,1.88,1000.0
9,25,1.89,1000.0
9,25,1.9,1000.0
9,25,1.91,1000.0
9,25,1.92,1000.0
9,25,1.93,1000.0
9,25,1.94,1000.0
9,25,1.95,1000.0
9,25,1.96,1000.0
9,25,1.97,1000.0
9,25,1.98,1000.0
9,25,1.99,1000.0
9,25,2.0,1000.0
9,50,-2.0,1000.0
9,50,-1.99,1000.0
9,50,-1.98,1000.0
9,50,-1.97,1000.0
9,50,-1.96,1000.0
9,50,-1.95,1000.0
9,50,-1.94,1000.0
9,50,-1.93,1000.0
9,50,-1.92,1000.0
9,50,-1.91,1000.0
9,50,-1.9,1000.0
9,50,-1.89,1000.0
9,50,-1.88,1000.0
9,50,-1.87,1000.0
9,50,-1.86,1000.0
9,50,-1.85,1000.0
9,50,-1.84,1000.0
9,50,-1.83,1000.0
9,50,-1.82,1000.0
9,50,-1.81,1000.0
9,50,-1.8,1000.0
9,50,-1.79,1000.0
9,50,-1.78,1000.0
9,50,-1.77,1000.0
9,50,-1.76,1000.0
9,50,-1.75,1000.0
9,50,-1.74,1000.0
9,50,-1.73,1000.0
9,50,-1.72,1000.0
9,50,-1.71,1000.0
9,50,-1.7,1000.0
9,50,-1.69,1000.0
9,50,-1.68,1000.0
9,50,-1.67,1000.0
9,50,-1.66,1000.0
9,50,-1.65,1000.0
9,50,-1.64,1000.0
9,50,-1.63,1000.0
9,50,-1.62,1000.0
9,50,-1.61,1000.0
9,50,-1.6,1000.0
9,50,-1.59,1000.0
9,50,-1.58,1000.0
9,50,-1.57,1000.0
9,50,-1.56,1000.0
9,50,-1.55,1000.0
9,50,-1.54,1000.0
9,50,-1.53,1000.0
9,50,-1.52,1000.0
9,50,-1.51,1000.0
9,50,-1.5,1000.0
9,50,-1.49,1000.0
9,50,-1.48,1000.0
9,50,-1.47,1000.0
9,50,-1.46,1000.0
9,50,-1.45,1000.0
9,50,-1.44,1000.0
9,50,-1.43,1000.0
9,50,-1.42,1000.0
9,50,-1.41,1000.0
9,50,-1.4,1000.0
9,50,-1.39,1000.0
9,50,-1.38,1000.0
9,50,-1.37,1000.0
9,50,-1.36,1000.0
9,50,-1.35,1000.0
9,50,-1.34,1000.0
9,50,-1.33,1000.0
9,50,-1.32,1000.0
9,50,-1.31,1000.0
9,50,-1.3,1000.0
9,50,-1.29,1000.0
9,50,-1.28,1000.0
9,50,-1.27,1000.0
9,50,-1.26,1000.0
9,50,-1.25,1000.0
9,50,-1.24,1000.0
9,50,-1.23,1000.0
9,50,-1.22,1000.0
9,50,-1.21,1000.0
9,50,-1.2,1000.0
9,50,-1.19,1000.0
9,50,-1.18,1000.0
9,50,-1.17,1000.0
9,50,-1.16,1000.0
9,50,-1.15,1000.0
9,50,-1.14,1000.0
9,50,-1.13,1000.0
9,50,-1.12,1000.0
9,50,-1.11,1000.0
9,50,-1.1,1000.0
9,50,-1.09,1000.0
9,50,-1.08,1000.0
9,50,-1.07,1000.0
9,50,-1.06,1000.0
9,50,-1.05,1000.0
9,50,-1.04,1000.0
9,50,-1.03,1000.0
9,50,-1.02,1000.0
9,50,-1.01,1000.0
9,50,-1.0,1000.0
9,50,-0.99,1000.0
9,50,-0.98,1000.0
9,50,-0.97,1000.0
9,50,-0.96,1000.0
9,50,-0.95,1000.0
9,50,-0.94,1000.0
9,50,-0.93,1000.0
9,50,-0.92,1000.0
9,50,-0.91,1000.0
9,50,-0.9,1000.0
9,50,-0.89,1000.0
9,50,-0.88,1000.0
9,50,-0.87,1000.0
9,50,-0.86,1000.0
9,50,-0.85,1000.0
9,50,-0.84,1000.0
9,50,-0.83,1000.0
9,50,-0.82,1000.0
9,50,-0.81,1000.0
9,50,-0.8,1000.0
9,50,-0.79,1000.0
9,50,-0.78,1000.0
9,50,-0.77,1000.0
9,50,-0.76,1000.0
9,50,-0.75,1000.0
9,50,-0.74,1000.0
9,50,-0.73,1000.0
9,50,-0.72,1000.0
9,50,-0.71,1000.0
9,50,-0.7,1000.0
9,50,-0.69,1000.0
9,50,-0.68,1000.0
9,50,-0.67,1000.0
9,50,-0.66,1000.0
9,50,-0.65,1000.0
9,50,-0.64,1000.0
9,50,-0.63,1000.0
9,50,-0.62,1000.0
9,50,-0.61,1000.0
9,50,-0.6,1000.0
9,50,-0.59,1000.0
9,50,-0.58,1000.0
9,50,-0.57,1000.0
9,50,-0.56,1000.0
9,50,-0.55,1000.0
9,50,-0.54,1000.0
9,50,-0.53,1000.0
9,50,-0.52,1000.0
9,50,-0.51,1000.0
9,50,-0.5,1000.0
9,50,-0.49,1000.0
9,50,-0.48,1000.0
9,50,-0.47,1000.0
9,50,-0.46,1000.0
9,50,-0.45,1000.0
9,50,-0.44,1000.0
9,50,-0.43,1000.0
9,50,-0.42,1000.0
9,50,-0.41,1000.0
9,50,-0.4,1000.0
9,50,-0.39,1000.0
9,50,-0.38,1000.0
9,50,-0.37,1000.0
9,50,-0.36,1000.0
9,50,-0.35,1000.0
9,50,-0.34,1000.0
9,50,-0.33,1000.0
9,50,-0.32,1000.0
9,50,-0.31,1000.0
9,50,-0.3,1000.0
9,50,-0.29,1000.0
9,50,-0.28,1000.0
9,50,-0.27,1000.0
9,50,-0.26,1000.0
9,50,-0.25,1000.0
9,50,-0.24,1000.0
9,50,-0.23,1000.0
9,50,-0.22,1000.0
9,50,-0.21,1000.0
9,50,-0.2,1000.0
9,50,-0.19,1000.0
9,50,-0.18,1000.0
9,50,-0.17,1000.0
9,50,-0.16,1000.0
9,50,-0.15,1000.0
9,50,-0.14,1000.0
9,50,-0.13,1000.0
9,50,-0.12,1000.0
9,50,-0.11,1000.0
9,50,-0.1,1000.0
9,50,-0.09,1000.0
9,50,-0.08,1000.0
9,50,-0.07,1000.0
9,50,-0.06,1000.0
9,50,-0.05,1000.0
9,50,-0.04,1000.0
9,50,-0.03,3.881903152425501
9,50,-0.02,2.920761311517658
9,50,-0.01,0.8911122743477605
9,50,0.0,0.02728570980472099
9,50,0.01,0.5407491816641775
9,50,0.02,1.3328698545839452
9,50,0.03,2.2217615361456793
9,50,0.04,2.9174034507019027
9,50,0.05,3.32228172895434
9,50,0.06,3.3210181535299195
9,50,0.07,4.133788216542265
9,50,0.08,4.366056102413395
9,50,0.09,4.564102591229882
9,50,0.1,4.741677612947321
9,50,0.11,4.90856652872532
9,50,0.12,5.06586960505393
9,50,0.13,5.218317883304166
9,50,0.14,5.3646028836504565
9,50,0.15,5.505818499880062
9,50,0.16,5.645601201025485
9,50,0.17,5.784293855951437
9,50,0.18,5.921675767450268
9,50,0.19,6.059455068266227
9,50,0.2,6.199557576255894
9,50,0.21,6.342680912000208
9,50,0.22,6.488846220887099
9,50,0.23,6.638507437110813
9,50,0.24,6.792859004472474
9,50,0.25,6.953414262097915
9,50,0.26,7.121537203710885
9,50,0.27,7.29827827760002
9,50,0.28,7.484490733743767
9,50,0.29,7.681064059770303
9,50,0.3,7.889116603115664
9,50,0.31,8.110073599800376
9,50,0.32,8.345650119710982
9,50,0.33,8.597799180850837
9,50,0.34,8.868673342625577
9,50,0.35,9.160620078217287
9,50,0.36,9.476211728491048
9,50,0.37,9.818302769989726
9,50,0.38,10.190105279322017
9,50,0.39,10.595274097066975
9,50,0.4,11.03799518621503
9,50,0.41,11.52307370698435
9,50,0.42,12.056021625415829
9,50,0.43,12.643147215963001
9,50,0.44,13.291650008490276
9,50,0.45,14.009724699399772
9,50,0.46,14.806676935540976
9,50,0.47,15.693053414323053
9,50,0.48,16.68078893705454
9,50,0.49,17.783374117089423
9,50,0.5,19.016049341892337
9,50,0.51,20.39603312878064
9,50,0.52,21.942795954454777
9,50,0.53,23.678393770366934
9,50,0.54,25.627878647697145
9,50,0.55,27.819807419320355
9,50,0.56,30.28687311655779
9,50,0.57,33.06668897207321
9,50,0.58,36.20276150663472
9,50,0.59,39.745698653434246
9,50,0.6,43.75471219228243
9,50,0.61,48.29949264604403
9,50,0.62,53.4625616484538
9,50,0.63,59.34224525619606
9,50,0.64,66.05646738773554
9,50,0.65,73.74764240467934
9,50,0.66,82.58905431730054
9,50,0.67,92.79324559678149
9,50,0.68,104.62309610445536
9,50,0.69,1000.0
9,50,0.7,1000.0
9,50,0.71,1000.0
9,50,0.72,1000.0
9,50,0.73,1000.0
9,50,0.74,1000.0
9,50,0.75,1000.0
9,50,0.76,1000.0
9,50,0.77,1000.0
9,50,0.78,1000.0
9,50,0.79,1000.0
9,50,0.8,1000.0
9,50,0.81,1000.0
9,50,0.82,1000.0
9,50,0.83,1000.0
9,50,0.84,1000.0
9,50,0.85,1000.0
9,50,0.86,1000.0
9,50,0.87,1000.0
9,50,0.88,1000.0
9,50,0.89,1000.0
9,50,0.9,1000.0
9,50,0.91,1000.0
9,50,0.92,1000.0
9,50,0.93,1000.0
9,50,0.94,1000.0
9,50,0.95,1000.0
9,50,0.96,1000.0
9,50,0.97,1000.0
9,50,0.98,1000.0
9,50,0.99,1000.0
9,50,1.0,1000.0
9,50,1.01,1000.0
9,50,1.02,1000.0
9,50,1.03,1000.0
9,50,1.04,1000.0
9,50,1.05,1000.0
9,50,1.06,1000.0
9,50,1.07,1000.0
9,50,1.08,1000.0
9,50,1.09,1000.0
9,50,1.1,1000.0
9,50,1.11,1000.0
9,50,1.12,1000.0
9,50,1.13,1000.0
9,50,1.14,1000.0
9,50,1.15,1000.0
9,50,1.16,1000.0
9,50,1.17,1000.0
9,50,1.18,1000.0
9,50,1.19,1000.0
9,50,1.2,1000.0
9,50,1.21,1000.0
9,50,1.22,1000.0
9,50,1.23,1000.0
9,50,1.24,1000.0
9,50,1.25,1000.0
9,50,1.26,1000.0
9,50,1.27,1000.0
9,50,1.28,1000.0
9,50,1.29,1000.0
9,50,1.3,1000.0
9,50,1.31,1000.0
9,50,1.32,1000.0
9,50,1.33,1000.0
9,50,1.34,1000.0
9,50,1.35,1000.0
9,50,1.36,1000.0
9,50,1.37,1000.0
9,50,1.38,1000.0
9,50,1.39,1000.0
9,50,1.4,1000.0
9,50,1.41,1000.0
9,50,1.42,1000.0
9,50,1.43,1000.0
9,50,1.44,1000.0
9,50,1.45,1000.0
9,50,1.46,1000.0
9,50,1.47,1000.0
9,50,1.48,1000.0
9,50,1.49,1000.0
9,50,1.5,1000.0
9,50,1.51,1000.0
9,50,1.52,1000.0
9,50,1.53,1000.0
9,50,1.54,1000.0
9,50,1.55,1000.0
9,50,1.56,1000.0
9,50,1.57,1000.0
9,50,1.58,1000.0
9,50,1.59,1000.0
9,50,1.6,1000.0
9,50,1.61,1000.0
9,50,1.62,1000.0
9,50,1.63,1000.0
9,50,1.64,1000.0
9,50,1.65,1000.0
9,50,1.66,1000.0
9,50,1.67,1000.0
9,50,1.68,1000.0
9,50,1.69,1000.0
9,50,1.7,1000.0
9,50,1.71,1000.0
9,50,1.72,1000.0
9,50,1.73,1000.0
9,50,1.74,1000.0
9,50,1.75,1000.0
9,50,1.76,1000.0
9,50,1.77,1000.0
9,50,1.78,1000.0
9,50,1.79,1000.0
9,50,1.8,1000.0
9,50,1.81,1000.0
9,50,1.82,1000.0
9,50,1.83,1000.0
9,50,1.84,1000.0
9,50,1.85,1000.0
9,50,1.86,1000.0
9,50,1.87,1000.0
9,50,1.88,1000.0
9,50,1.89,1000.0
9,50,1.9,1000.0
9,50,1.91,1000.0
9,50,1.92,1000.0
9,50,1.93,1000.0
9,50,1.94,1000.0
9,50,1.95,1000.0
9,50,1.96,1000.0
9,50,1.97,1000.0
9,50,1.98,1000.0
9,50,1.99,1000.0
9,50,2.0,1000.0
9,100,-2.0,1000.0
9,100,-1.99,1000.0
9,100,-1.98,1000.0
9,100,-1.97,1000.0
9,100,-1.96,1000.0
9,100,-1.95,1000.0
9,100,-1.94,1000.0
9,100,-1.93,1000.0
9,100,-1.92,1000.0
9,100,-1.91,1000.0
9,100,-1.9,1000.0
9,100,-1.89,1000.0
9,100,-1.88,1000.0
9,100,-1.87,1000.0
9,100,-1.86,1000.0
9,100,-1.85,1000.0
9,100,-1.84,1000.0
9,100,-1.83,1000.0
9,100,-1.82,1000.0
9,100,-1.81,1000.0
9,100,-1.8,1000.0
9,100,-1.79,1000.0
9,100,-1.78,1000.0
9,100,-1.77,1000.0
9,100,-1.76,1000.0
9,100,-1.75,1000.0
9,100,-1.74,1000.0
9,100,-1.73,1000.0
9,100,-1.72,1000.0
9,100,-1.71,1000.0
9,100,-1.7,1000.0
9,100,-1.69,1000.0
9,100,-1.68,1000.0
9,100,-1.67,1000.0
9,100,-1.66,1000.0
9,100,-1.65,1000.0
9,100,-1.64,1000.0
9,100,-1.63,1000.0
9,100,-1.62,1000.0
9,100,-1.61,1000.0
9,100,-1.6,1000.0
9,100,-1.59,1000.0
9,100,-1.58,1000.0
9,100,-1.57,1000.0
9,100,-1.56,1000.0
9,100,-1.55,1000.0
9,100,-1.54,1000.0
9,100,-1.53,1000.0
9,100,-1.52,1000.0
9,100,-1.51,1000.0
9,100,-1.5,1000.0
9,100,-1.49,1000.0
9,100,-1.48,1000.0
9,100,-1.47,1000.0
9,100,-1.46,1000.0
9,100,-1.45,1000.0
9,100,-1.44,1000.0
9,100,-1.43,1000.0
9,100,-1.42,1000.0
9,100,-1.41,1000.0
9,100,-1.4,1000.0
9,100,-1.39,1000.0
9,100,-1.38,1000.0
9,100,-1.37,1000.0
9,100,-1.36,1000.0
9,100,-1.35,1000.0
9,100,-1.34,1000.0
9,100,-1.33,1000.0
9,100,-1.32,1000.0
9,100,-1.31,1000.0
9,100,-1.3,1000.0
9,100,-1.29,1000.0
9,100,-1.28,1000.0
9,100,-1.27,1000.0
9,100,-1.26,1000.0
9,100,-1.25,1000.0
9,100,-1.24,1000.0
9,100,-1.23,1000.0
9,100,-1.22,1000.0
9,100,-1.21,1000.0
9,100,-1.2,1000.0
9,100,-1.19,1000.0
9,100,-1.18,1000.0
9,100,-1.17,1000.0
9,100,-1.16,1000.0
9,100,-1.15,1000.0
9,100,-1.14,1000.0
9,100,-1.13,1000.0
9,100,-1.12,1000.0
9,100,-1.11,1000.0
9,100,-1.1,1000.0
9,100,-1.09,1000.0
9,100,-1.08,1000.0
9,100,-1.07,1000.0
9,100,-1.06,1000.0
9,100,-1.05,1000.0
9,100,-1.04,1000.0
9,100,-1.03,1000.0
9,100,-1.02,1000.0
9,100,-1.01,1000.0
9,100,-1.0,1000.0
9,100,-0.99,1000.0
9,100,-0.98,1000.0
9,100,-0.97,1000.0
9,100,-0.96,1000.0
9,100,-0.95,1000.0
9,100,-0.94,1000.0
9,100,-0.93,1000.0
9,100,-0.92,1000.0
9,100,-0.91,1000.0
9,100,-0.9,1000.0
9,100,-0.89,1000.0
9,100,-0.88,1000.0
9,100,-0.87,1000.0
9,100,-0.86,1000.0
9,100,-0.85,1000.0
9,100,-0.84,1000.0
9,100,-0.83,1000.0
9,100,-0.82,1000.0
9,100,-0.81,1000.0
9,100,-0.8,1000.0
9,100,-0.79,1000.0
9,100,-0.78,1000.0
9,100,-0.77,1000.0
9,100,-0.76,1000.0
9,100,-0.75,1000.0
9,100,-0.74,1000.0
9,100,-0.73,1000.0
9,100,-0.72,1000.0
9,100,-0.71,1000.0
9,100,-0.7,1000.0
9,100,-0.69,1000.0
9,100,-0.68,1000.0
9,100,-0.67,1000.0
9,100,-0.66,1000.0
9,100,-0.65,1000.0
9,100,-0.64,1000.0
9,100,-0.63,1000.0
9,100,-0.62,1000.0
9,100,-0.61,1000.0
9,100,-0.6,1000.0
9,100,-0.59,1000.0
9,100,-0.58,1000.0
9,100,-0.57,1000.0
9,100,-0.56,1000.0
9,100,-0.55,1000.0
9,100,-0.54,1000.0
9,100,-0.53,1000.0
9,100,-0.52,1000.0
9,100,-0.51,1000.0
9,100,-0.5,1000.0
9,100,-0.49,1000.0
9,100,-0.48,1000.0
9,100,-0.47,1000.0
9,100,-0.46,1000.0
9,100,-0.45,1000.0
9,100,-0.44,1000.0
9,100,-0.43,1000.0
9,100,-0.42,1000.0
9,100,-0.41,1000.0
9,100,-0.4,1000.0
9,100,-0.39,1000.0
9,100,-0.38,1000.0
9,100,-0.37,1000.0
9,100,-0.36,1000.0
9,100,-0.35,1000.0
9,100,-0.34,1000.0
9,100,-0.33,1000.0
9,100,-0.32,1000.0
9,100,-0.31,1000.0
9,100,-0.3,1000.0
9,100,-0.29,1000.0
9,100,-0.28,1000.0
9,100,-0.27,1000.0
9,100,-0.26,1000.0
9,100,-0.25,1000.0
9,100,-0.24,1000.0
9,100,-0.23,1000.0
9,100,-0.22,1000.0
9,100,-0.21,1000.0
9,100,-0.2,1000.0
9,100,-0.19,1000.0
9,100,-0.18,1000.0
9,100,-0.17,1000.0
9,100,-0.16,1000.0
9,100,-0.15,1000.0
9,100,-0.14,1000.0
9,100,-0.13,1000.0
9,100,-0.12,1000.0
9,100,-0.11,1000.0
9,100,-0.1,1000.0
9,100,-0.09,1000.0
9,100,-0.08,1000.0
9,100,-0.07,1000.0
9,100,-0.06,1000.0
9,100,-0.05,1000.0
9,100,-0.04,1000.0
9,100,-0.03,1000.0
9,100,-0.02,4.6492668195477505
9,100,-0.01,2.58582871396166
9,100,0.0,0.017576201469118733
9,100,0.01,1.97708835950631
9,100,0.02,3.8995846970906944
9,100,0.03,5.005495645017533
9,100,0.04,5.455196244763303
9,100,0.05,5.541071596217621
9,100,0.06,5.704618745454401
9,100,0.07,4.610546519037353
9,100,0.08,4.82352973419914
9,100,0.09,5.020600661734353
9,100,0.1,5.196092035564346
9,100,0.11,5.359799391938645
9,100,0.12,5.513474114653194
9,100,0.13,5.66281932730227
9,100,0.14,5.8071574178837295
9,100,0.15,5.947634504738351
9,100,0.16,6.087625182724869
9,100,0.17,6.227219796576868
9,100,0.18,6.366104788401656
9,100,0.19,6.5060459135096576
9,100,0.2,6.649095376885598
9,100,0.21,6.796065111878643
9,100,0.22,6.947035296760535
9,100,0.23,7.1024605698714645
9,100,0.24,7.2634989188477155
9,100,0.25,7.431617722521179
9,100,0.26,7.608148595853398
9,100,0.27,7.794137788005982
9,100,0.28,7.990469055320626
9,100,0.29,8.198097664236789
9,100,0.3,8.418239968182453
9,100,0.31,8.652446789854137
9,100,0.32,8.902581649873076
9,100,0.33,9.170765142661123
9,100,0.34,9.459334373738281
9,100,0.35,9.770837982777499
9,100,0.36,10.108067488102078
9,100,0.37,10.474117428574381
9,100,0.38,10.87246483350557
9,100,0.39,11.307059150710188
9,100,0.4,11.782415781421419
9,100,0.41,12.30370945059787
9,100,0.42,12.876867002182825
9,100,0.43,13.508661823251838
9,100,0.44,14.206813367578837
9,100,0.45,14.980095301401583
9,100,0.46,15.838455276024348
9,100,0.47,16.793148973778354
9,100,0.48,17.85689139214479
9,100,0.49,19.04402953743591
9,100,0.5,20.370742749720804
9,100,0.51,21.855279570750636
9,100,0.52,23.518243134516343
9,100,0.53,25.382940281954777
9,100,0.54,27.47581288261149
9,100,0.55,29.826973298015382
9,100,0.56,32.47086990420255
9,100,0.57,35.447113708739224
9,100,0.58,38.801504160891284
9,100,0.59,42.58730225641505
9,100,0.6,46.8668132301595
9,100,0.61,51.713361199001206
9,100,0.62,57.21376638026784
9,100,0.63,63.47147523749334
9,100,0.64,70.61054991446295
9,100,0.65,78.78080133520042
9,100,0.66,88.16445476828937
9,100,0.67,98.98487027386382
9,100,0.68,111.51801165889832
9,100,0.69,1000.0
9,100,0.7,1000.0
9,100,0.71,1000.0
9,100,0.72,1000.0
9,100,0.73,1000.0
9,100,0.74,1000.0
9,100,0.75,1000.0
9,100,0.76,1000.0
9,100,0.77,1000.0
9,100,0.78,1000.0
9,100,0.79,1000.0
9,100,0.8,1000.0
9,100,0.81,1000.0
9,100,0.82,1000.0
9,100,0.83,1000.0
9,100,0.84,1000.0
9,100,0.85,1000.0
9,100,0.86,1000.0
9,100,0.87,1000.0
9,100,0.88,1000.0
9,100,0.89,1000.0
9,100,0.9,1000.0
9,100,0.91,1000.0
9,100,0.92,1000.0
9,100,0.93,1000.0
9,100,0.94,1000.0
9,100,0.95,1000.0
9,100,0.96,1000.0
9,100,0.97,1000.0
9,100,0.98,1000.0
9,100,0.99,1000.0
9,100,1.0,1000.0
9,100,1.01,1000.0
9,100,1.02,1000.0
9,100,1.03,1000.0
9,100,1.04,1000.0
9,100,1.05,1000.0
9,100,1.06,1000.0
9,100,1.07,1000.0
9,100,1.08,1000.0
9,100,1.09,1000.0
9,100,1.1,1000.0
9,100,1.11,1000.0
9,100,1.12,1000.0
9,100,1.13,1000.0
9,100,1.14,1000.0
9,100,1.15,1000.0
9,100,1.16,1000.0
9,100,1.17,1000.0
9,100,1.18,1000.0
9,100,1.19,1000.0
9,100,1.2,1000.0
9,100,1.21,1000.0
9,100,1.22,1000.0
9,100,1.23,1000.0
9,100,1.24,1000.0
9,100,1.25,1000.0
9,100,1.26,1000.0
9,100,1.27,1000.0
9,100,1.28,1000.0
9,100,1.29,1000.0
9,100,1.3,1000.0
9,100,1.31,1000.0
9,100,1.32,1000.0
9,100,1.33,1000.0
9,100,1.34,1000.0
9,100,1.35,1000.0
9,100,1.36,1000.0
9,100,1.37,1000.0
9,100,1.38,1000.0
9,100,1.39,1000.0
9,100,1.4,1000.0
9,100,1.41,1000.0
9,100,1.42,1000.0
9,100,1.43,1000.0
9,100,1.44,1000.0
9,100,1.45,1000.0
9,100,1.46,1000.0
9,100,1.47,1000.0
9,100,1.48,1000.0
9,100,1.49,1000.0
9,100,1.5,1000.0
9,100,1.51,1000.0
9,100,1.52,1000.0
9,100,1.53,1000.0
9,100,1.54,1000.0
9,100,1.55,1000.0
9,100,1.56,1000.0
9,100,1.57,1000.0
9,100,1.58,1000.0
9,100,1.59,1000.0
9,100,1.6,1000.0
9,100,1.61,1000.0
9,100,1.62,1000.0
9,100,1.63,1000.0
9,100,1.64,1000.0
9,100,1.65,1000.0
9,100,1.66,1000.0
9,100,1.67,1000.0
9,100,1.68,1000.0
9,100,1.69,1000.0
9,100,1.7,1000.0
9,100,1.71,1000.0
9,100,1.72,1000.0
9,100,1.73,1000.0
9,100,1.74,1000.0
9,100,1.75,1000.0
9,100,1.76,1000.0
9,100,1.77,1000.0
9,100,1.78,1000.0
9,100,1.79,1000.0
9,100,1.8,1000.0
9,100,1.81,1000.0
9,100,1.82,1000.0
9,100,1.83,1000.0
9,100,1.84,1000.0
9,100,1.85,1000.0
9,100,1.86,1000.0
9,100,1.87,1000.0
9,100,1.88,1000.0
9,100,1.89,1000.0
9,100,1.9,1000.0
9,100,1.91,1000.0
9,100,1.92,1000.0
9,100,1.93,1000.0
9,100,1.94,1000.0
9,100,1.95,1000.0
9,100,1.96,1000.0
9,100,1.97,1000.0
9,100,1.98,1000.0
9,100,1.99,1000.0
9,100,2.0,1000.0
10,1,-2.0,1000.0
10,1,-1.99,1000.0
10,1,-1.98,1000.0
10,1,-1.97,1000.0
10,1,-1.96,1000.0
10,1,-1.95,1000.0
10,1,-1.94,1000.0
10,1,-1.93,1000.0
10,1,-1.92,1000.0
10,1,-1.91,1000.0
10,1,-1.9,1000.0
10,1,-1.89,1000.0
10,1,-1.88,1000.0
10,1,-1.87,1000.0
10,1,-1.86,1000.0
10,1,-1.85,1000.0
10,1,-1.84,1000.0
10,1,-1.83,1000.0
10,1,-1.82,1000.0
10,1,-1.81,1000.0
10,1,-1.8,1000.0
10,1,-1.79,1000.0
10,1,-1.78,1000.0
10,1,-1.77,1000.0
10,1,-1.76,1000.0
10,1,-1.75,1000.0
10,1,-1.74,1000.0
10,1,-1.73,1000.0
10,1,-1.72,1000.0
10,1,-1.71,1000.0
10,1,-1.7,1000.0
10,1,-1.69,1000.0
10,1,-1.68,1000.0
10,1,-1.67,1000.0
10,1,-1.66,1000.0
10,1,-1.65,1000.0
10,1,-1.64,1000.0
10,1,-1.63,1000.0
10,1,-1.62,1000.0
10,1,-1.61,1000.0
10,1,-1.6,1000.0
10,1,-1.59,1000.0
10,1,-1.58,1000.0
10,1,-1.57,1000.0
10,1,-1.56,1000.0
10,1,-1.55,1000.0
10,1,-1.54,1000.0
10,1,-1.53,1000.0
10,1,-1.52,1000.0
10,1,-1.51,1000.0
10,1,-1.5,1000.0
10,1,-1.49,1000.0
10,1,-1.48,1000.0
10,1,-1.47,1000.0
10,1,-1.46,1000.0
10,1,-1.45,1000.0
10,1,-1.44,1000.0
10,1,-1.43,1000.0
10,1,-1.42,1000.0
10,1,-1.41,1000.0
10,1,-1.4,1000.0
10,1,-1.39,1000.0
10,1,-1.38,1000.0
10,1,-1.37,1000.0
10,1,-1.36,1000.0
10,1,-1.35,1000.0
10,1,-1.34,1000.0
10,1,-1.33,1000.0
10,1,-1.32,1000.0
10,1,-1.31,1000.0
10,1,-1.3,1000.0
10,1,-1.29,1000.0
10,1,-1.28,1000.0
10,1,-1.27,1000.0
10,1,-1.26,1000.0
10,1,-1.25,1000.0
10,1,-1.24,1000.0
10,1,-1.23,1000.0
10,1,-1.22,1000.0
10,1,-1.21,1000.0
10,1,-1.2,1000.0
10,1,-1.19,1000.0
10,1,-1.18,1000.0
10,1,-1.17,1000.0
10,1,-1.16,1000.0
10,1,-1.15,1000.0
10,1,-1.14,1000.0
10,1,-1.13,1000.0
10,1,-1.12,1000.0
10,1,-1.11,1000.0
10,1,-1.1,1000.0
10,1,-1.09,1000.0
10,1,-1.08,1000.0
10,1,-1.07,1000.0
10,1,-1.06,1000.0
10,1,-1.05,1000.0
10,1,-1.04,1000.0
10,1,-1.03,1000.0
10,1,-1.02,1000.0
10,1,-1.01,1000.0
10,1,-1.0,2859.8330610363405
10,1,-0.99,294.36952672955647
10,1,-0.98,35.81798423167334
10,1,-0.97,9.528106969110313
10,1,-0.96,4.771196640936314
10,1,-0.95,3.2759337759038876
10,1,-0.94,2.5938235505142013
10,1,-0.93,2.20404320031851
10,1,-0.92,1.948556156794148
10,1,-0.91,1.7656399755924772
10,1,-0.9,1.6265065939028596
10,1,-0.89,1.5159220107076208
10,1,-0.88,1.4250482183569222
10,1,-0.87,1.3483914705423636
10,1,-0.86,1.2823494979066208
10,1,-0.85,1.2244577535994974
10,1,-0.84,1.1729706796953794
10,1,-0.83,1.1266158604142202
10,1,-0.82,1.0844429477119657
10,1,-0.81,1.0457272079820057
10,1,-0.8,1.0099059055499182
10,1,-0.79,0.9765351506580005
10,1,-0.78,0.9452599044397482
10,1,-0.77,0.9157926758608913
10,1,-0.76,0.8878981001794911
10,1,-0.75,0.8613815829214784
10,1,-0.74,0.8360808082221542
10,1,-0.73,0.8118593002599027
10,1,-0.72,0.7886014793913331
10,1,-0.71,0.7662088220136702
10,1,-0.7,0.7445968460937133
10,1,-0.69,0.7236927217587676
10,1,-0.68,0.7034333603100037
10,1,-0.67,0.6837638731584912
10,1,-0.66,0.664636319497628
10,1,-0.65,0.6460086813266939
10,1,-0.64,0.6278440189591049
10,1,-0.63,0.6101097709080356
10,1,-0.62,0.5927771700942599
10,1,-0.61,0.5758207544034188
10,1,-0.6,0.5592179542544149
10,1,-0.59,0.5429487434008463
10,1,-0.58,0.5269953419434945
10,1,-0.57,0.5113419626809307
10,1,-0.56,0.49597459361261204
10,1,-0.55,0.4808808107421668
10,1,-0.54,0.4660496163886658
10,1,-0.53,0.45147129906148686
10,1,-0.52,0.4371373116360996
10,1,-0.51,0.4230401651192395
10,1,-0.5,0.4091733357396274
10,1,-0.49,0.39553118346588495
10,1,-0.48,0.3821088803529493
10,1,-0.47,0.3689023473650763
10,1,-0.46,0.3559081985275661
10,1,-0.45,0.3431236914287493
10,1,-0.44,0.3305466832349062
10,1,-0.43,0.3181755914988296
10,1,-0.42,0.30600935914177374
10,1,-0.41,0.2940474230719289
10,1,-0.4,0.2822896859729802
10,1,-0.39,0.27073649085599666
10,1,-0.38,0.25938859801861597
10,1,-0.37,0.24824716409873046
10,1,-0.36,0.23731372294689487
10,1,-0.35,0.22659016807339089
10,1,-0.34,0.21607873645325132
10,1,-0.33,0.20578199349614426
10,1,-0.32,0.19570281900855696
10,1,-0.31,0.18584439399357125
10,1,-0.3,0.17621018814921102
10,1,-0.29,0.1668039479401538
10,1,-0.28,0.15762968512988867
10,1,-0.27,0.14869166567151296
10,1,-0.26,0.1399943988659767
10,1,-0.25,0.13154262670934316
10,1,-0.24,0.12334131337820733
10,1,-0.23,0.11539563490971975
10,1,-0.22,0.10771096965451259
10,1,-0.21,0.10029289274249543
10,1,-0.2,0.09314719136600903
10,1,-0.19,0.08627998331324849
10,1,-0.18,0.07969825754984229
10,1,-0.17,0.07341096204585464
10,1,-0.16,0.06742666061961493
10,1,-0.15,0.06174936463202546
10,1,-0.14,0.056383078324654876
10,1,-0.13,0.05133366808536129
10,1,-0.12,0.046607733173005025
10,1,-0.11,0.04221209258263298
10,1,-0.1,0.03815365893117997
10,1,-0.09,0.03443940596003759
10,1,-0.08,0.03107635780784199
10,1,-0.07,0.028071588552333035
10,1,-0.06,0.02543223626974592
10,1,-0.05,0.02316554662807367
10,1,-0.04,0.021278982205783892
10,1,-0.03,0.01978049410247886
10,1,-0.02,0.01867927701600518
10,1,-0.01,0.01798828949623302
10,1,0.0,0.01773109828394226
10,1,0.01,0.01793101686299332
10,1,0.02,0.018577802965033294
10,1,0.03,0.01966093139767668
10,1,0.04,0.02118042592464774
10,1,0.05,0.02313998555692123
10,1,0.06,0.025544435222696484
10,1,0.07,0.028398942000325937
10,1,0.08,0.031708715291544086
10,1,0.09,0.035478869839451505
10,1,0.1,0.039714355080524844
10,1,0.11,0.04441991459985746
10,1,0.12,0.049600060171368816
10,1,0.13,0.055259053275414124
10,1,0.14,0.061400890712165646
10,1,0.15,0.06802929265801141
10,1,0.16,0.07514769233791649
10,1,0.17,0.08275922688954195
10,1,0.18,0.09086672919502144
10,1,0.19,0.0994727205572842
10,1,0.2,0.10857940414954421
10,1,0.21,0.1181886591934513
10,1,0.22,0.12830203583559024
10,1,0.23,0.13892075069972393
10,1,0.24,0.15004568309662156
10,1,0.25,0.16167737187620368
10,1,0.26,0.17381601290900836
10,1,0.27,0.18646145718614707
10,1,0.28,0.19961320952927827
10,1,0.29,0.2132704279047937
10,1,0.3,0.22743192333951215
10,1,0.31,0.24209616043868032
10,1,0.32,0.2572612585109968
10,1,0.33,0.2729249933096747
10,1,0.34,0.289084799403151
10,1,0.35,0.3057377731939065
10,1,0.36,0.32288067660886116
10,1,0.37,0.3405099414899224
10,1,0.38,0.35862167471834083
10,1,0.39,0.37721166411153745
10,1,0.4,0.3962753851359064
10,1,0.41,0.41580800848365446
10,1,0.42,0.4358044085660149
10,1,0.43,0.4562591729789884
10,1,0.44,0.4771666130012019
10,1,0.45,0.49852077518633997
10,1,0.46,0.520315454114957
10,1,0.47,0.542544206372294
10,1,0.48,0.5652003658198983
10,1,0.49,0.5882770602295212
10,1,0.5,0.6117672293478553
10,1,0.51,0.6356636444603063
10,1,0.52,0.6599589295211548
10,1,0.53,0.6846455839163748
10,1,0.54,0.7097160069240915
10,1,0.55,0.7351625239364278
10,1,0.56,0.7609774145057132
10,1,0.57,0.78715294227804
10,1,0.58,0.8136813868788766
10,1,0.59,0.8405550778199407
10,1,0.6,0.8677664305057687
10,1,0.61,0.8953079844355061
10,1,0.62,0.9231724437251255
10,1,0.63,0.9513527201251614
10,1,0.64,0.9798419787890089
10,1,0.65,1.0086336871665498
10,1,0.66,1.0377216675532652
10,1,0.67,1.067100153954102
10,1,0.68,1.096763853795047
10,1,0.69,1.126708014035767
10,1,0.7,1.1569284883573188
10,1,0.71,1.1874217969099214
10,1,0.72,1.218185166795233
10,1,0.73,1.249216551822767
10,1,0.74,1.2805146580790625
10,1,0.75,1.3120790156080024
10,1,0.76,1.343910102930425
10,1,0.77,1.3760094889867223
10,1,0.78,1.4083799601413165
10,1,0.79,1.4410256288220331
10,1,0.8,1.4739520358798135
10,1,0.81,1.5071662576533873
10,1,0.82,1.5406770234318439
10,1,0.83,1.5744948456625043
10,1,0.84,1.6086321640967378
10,1,0.85,1.643103505030788
10,1,0.86,1.6779256571689596
10,1,0.87,1.7131178661202886
10,1,0.88,1.748702050057577
10,1,0.89,1.7847030396185344
10,1,0.9,1.8211488457362135
10,1,0.91,1.8580709597792193
10,1,0.92,1.8955046911930598
10,1,0.93,1.9334895487983041
10,1,0.94,1.9720696730596086
10,1,0.95,2.011294328043239
10,1,0.96,2.051218463491437
10,1,0.97,2.0919033595402055
10,1,0.98,2.1334173691941936
10,1,0.99,2.1758367768811744
10,1,1.0,2.2192467954113546
10,1,1.01,2.263742728691537
10,1,1.02,2.309431333895024
10,1,1.03,2.3564324248767194
10,1,1.04,2.4048807690120344
10,1,1.05,2.4549283431071056
10,1,1.06,2.506747031655612
10,1,1.07,2.5605318739975536
10,1,1.08,2.6165049979240753
10,1,1.09,2.6749204188226807
10,1,1.1,2.7360699396284462
10,1,1.11,2.8002904636336403
10,1,1.12,2.8679731387121703
10,1,1.13,2.939574901690774
10,1,1.14,3.0156332069104073
10,1,1.15,3.0967850368761005
10,1,1.16,3.183791758496634
10,1,1.17,3.2775720928941987
10,1,1.18,3.3792465568549694
10,1,1.19,3.4901984641349055
10,1,1.2,3.6121594006952926
10,1,1.21,3.747331856170188
10,1,1.22,3.8985700455156707
10,1,1.23,4.069655229735914
10,1,1.24,4.2657312378097725
10,1,1.25,4.494025978357427
10,1,1.26,4.765116879264001
10,1,1.27,5.095316207126418
10,1,1.28,5.511608941919668
10,1,1.29,6.06324196891619
10,1,1.3,6.854075992272235
10,1,1.31,8.15817618268527
10,1,1.32,11.014777337880243
10,1,1.33,22.74305777528867
10,1,1.34,199.28884952334553
10,1,1.35,1000.0
10,1,1.36,1000.0
10,1,1.37,1000.0
10,1,1.38,1000.0
10,1,1.39,1000.0
10,1,1.4,1000.0
10,1,1.41,1000.0
10,1,1.42,1000.0
10,1,1.43,1000.0
10,1,1.44,1000.0
10,1,1.45,1000.0
10,1,1.46,1000.0
10,1,1.47,1000.0
10,1,1.48,1000.0
10,1,1.49,1000.0
10,1,1.5,1000.0
10,1,1.51,1000.0
10,1,1.52,1000.0
10,1,1.53,1000.0
10,1,1.54,1000.0
10,1,1.55,1000.0
10,1,1.56,1000.0
10,1,1.57,1000.0
10,1,1.58,1000.0
10,1,1.59,1000.0
10,1,1.6,1000.0
10,1,1.61,1000.0
10,1,1.62,1000.0
10,1,1.63,1000.0
10,1,1.64,1000.0
10,1,1.65,1000.0
10,1,1.66,1000.0
10,1,1.67,1000.0
10,1,1.68,1000.0
10,1,1.69,1000.0
10,1,1.7,1000.0
10,1,1.71,1000.0
10,1,1.72,1000.0
10,1,1.73,1000.0
10,1,1.74,1000.0
10,1,1.75,1000.0
10,1,1.76,1000.0
10,1,1.77,1000.0
10,1,1.78,1000.0
10,1,1.79,1000.0
10,1,1.8,1000.0
10,1,1.81,1000.0
10,1,1.82,1000.0
10,1,1.83,1000.0
10,1,1.84,1000.0
10,1,1.85,1000.0
10,1,1.86,1000.0
10,1,1.87,1000.0
10,1,1.88,1000.0
10,1,1.89,1000.0
10,1,1.9,1000.0
10,1,1.91,1000.0
10,1,1.92,1000.0
10,1,1.93,1000.0
10,1,1.94,1000.0
10,1,1.95,1000.0
10,1,1.96,1000.0
10,1,1.97,1000.0
10,1,1.98,1000.0
10,1,1.99,1000.0
10,1,2.0,1000.0
10,2,-2.0,1000.0
10,2,-1.99,1000.0
10,2,-1.98,1000.0
10,2,-1.97,1000.0
10,2,-1.96,1000.0
10,2,-1.95,1000.0
10,2,-1.94,1000.0
10,2,-1.93,1000.0
10,2,-1.92,1000.0
10,2,-1.91,1000.0
10,2,-1.9,1000.0
10,2,-1.89,1000.0
10,2,-1.88,1000.0
10,2,-1.87,1000.0
10,2,-1.86,1000.0
10,2,-1.85,1000.0
10,2,-1.84,1000.0
10,2,-1.83,1000.0
10,2,-1.82,1000.0
10,2,-1.81,1000.0
10,2,-1.8,1000.0
10,2,-1.79,1000.0
10,2,-1.78,1000.0
10,2,-1.77,1000.0
10,2,-1.76,1000.0
10,2,-1.75,1000.0
10,2,-1.74,1000.0
10,2,-1.73,1000.0
10,2,-1.72,1000.0
10,2,-1.71,1000.0
10,2,-1.7,1000.0
10,2,-1.69,1000.0
10,2,-1.68,1000.0
10,2,-1.67,1000.0
10,2,-1.66,1000.0
10,2,-1.65,1000.0
10,2,-1.64,1000.0
10,2,-1.63,1000.0
10,2,-1.62,1000.0
10,2,-1.61,1000.0
10,2,-1.6,1000.0
10,2,-1.59,1000.0
10,2,-1.58,1000.0
10,2,-1.57,1000.0
10,2,-1.56,1000.0
10,2,-1.55,1000.0
10,2,-1.54,1000.0
10,2,-1.53,1000.0
10,2,-1.52,1000.0
10,2,-1.51,1000.0
10,2,-1.5,1000.0
10,2,-1.49,1000.0
10,2,-1.48,1000.0
10,2,-1.47,1000.0
10,2,-1.46,1000.0
10,2,-1.45,1000.0
10,2,-1.44,1000.0
10,2,-1.43,1000.0
10,2,-1.42,1000.0
10,2,-1.41,1000.0
10,2,-1.4,1000.0
10,2,-1.39,1000.0
10,2,-1.38,1000.0
10,2,-1.37,1000.0
10,2,-1.36,1000.0
10,2,-1.35,1000.0
10,2,-1.34,1000.0
10,2,-1.33,1000.0
10,2,-1.32,1000.0
10,2,-1.31,1000.0
10,2,-1.3,1000.0
10,2,-1.29,1000.0
10,2,-1.28,1000.0
10,2,-1.27,1000.0
10,2,-1.26,1000.0
10,2,-1.25,1000.0
10,2,-1.24,1000.0
10,2,-1.23,1000.0
10,2,-1.22,1000.0
10,2,-1.21,1000.0
10,2,-1.2,1000.0
10,2,-1.19,1000.0
10,2,-1.18,1000.0
10,2,-1.17,1000.0
10,2,-1.16,1000.0
10,2,-1.15,1000.0
10,2,-1.14,1000.0
10,2,-1.13,1000.0
10,2,-1.12,1000.0
10,2,-1.11,1000.0
10,2,-1.1,1000.0
10,2,-1.09,1000.0
10,2,-1.08,1000.0
10,2,-1.07,1000.0
10,2,-1.06,1000.0
10,2,-1.05,1000.0
10,2,-1.04,1000.0
10,2,-1.03,1000.0
10,2,-1.02,1000.0
10,2,-1.01,1000.0
10,2,-1.0,1000.0
10,2,-0.99,1000.0
10,2,-0.98,1000.0
10,2,-0.97,1000.0
10,2,-0.96,1000.0
10,2,-0.95,1000.0
10,2,-0.94,1000.0
10,2,-0.93,1000.0
10,2,-0.92,1000.0
10,2,-0.91,1000.0
10,2,-0.9,1000.0
10,2,-0.89,1000.0
10,2,-0.88,1000.0
10,2,-0.87,1000.0
10,2,-0.86,1000.0
10,2,-0.85,1000.0
10,2,-0.84,1000.0
10,2,-0.83,1000.0
10,2,-0.82,1000.0
10,2,-0.81,1000.0
10,2,-0.8,1000.0
10,2,-0.79,1000.0
10,2,-0.78,1000.0
10,2,-0.77,1000.0
10,2,-0.76,1000.0
10,2,-0.75,1000.0
10,2,-0.74,1000.0
10,2,-0.73,1000.0
10,2,-0.72,1000.0
10,2,-0.71,1000.0
10,2,-0.7,1000.0
10,2,-0.69,1000.0
10,2,-0.68,1000.0
10,2,-0.67,1000.0
10,2,-0.66,1000.0
10,2,-0.65,1000.0
10,2,-0.64,1000.0
10,2,-0.63,1000.0
10,2,-0.62,1000.0
10,2,-0.61,1000.0
10,2,-0.6,1000.0
10,2,-0.59,1000.0
10,2,-0.58,1000.0
10,2,-0.57,1000.0
10,2,-0.56,1000.0
10,2,-0.55,1000.0
10,2,-0.54,1000.0
10,2,-0.53,1000.0
10,2,-0.52,1000.0
10,2,-0.51,1000.0
10,2,-0.5,1144.1260796590886
10,2,-0.49,4.029693939630048
10,2,-0.48,1.9135177174603335
10,2,-0.47,1.4667417663448044
10,2,-0.46,1.2496004703725416
10,2,-0.45,1.1116601095309369
10,2,-0.44,1.0114083187124285
10,2,-0.43,0.9324421377543075
10,2,-0.42,0.8668795201538827
10,2,-0.41,0.8104247839160582
10,2,-0.4,0.7605199559686132
10,2,-0.39,0.7155380536407241
10,2,-0.38,0.6743901858184113
10,2,-0.37,0.6363175513832586
10,2,-0.36,0.6007738347585477
10,2,-0.35,0.5673550685921034
10,2,-0.34,0.5357559151028718
10,2,-0.33,0.5057413812769515
10,2,-0.32,0.4771279282123583
10,2,-0.31,0.449770503423139
10,2,-0.3,0.42355342353172803
10,2,-0.29,0.3983838280471728
10,2,-0.28,0.3741868911458362
10,2,-0.27,0.3509022610972793
10,2,-0.26,0.32848137326519933
10,2,-0.25,0.3068853953011648
10,2,-0.24,0.2860836368226109
10,2,-0.23,0.2660523050883624
10,2,-0.22,0.24677352206264622
10,2,-0.21,0.22823454395031323
10,2,-0.2,0.21042715399083
10,2,-0.19,0.1933472763932424
10,2,-0.18,0.17699510390592413
10,2,-0.17,0.16137584391245083
10,2,-0.16,0.14649708892736593
10,2,-0.15,0.13236440469995184
10,2,-0.14,0.11898566454686163
10,2,-0.13,0.106372731884136
10,2,-0.12,0.09454016160461264
10,2,-0.11,0.08350452921153423
10,2,-0.1,0.07328415370855926
10,2,-0.09,0.06389891669596702
10,2,-0.08,0.055370102306762765
10,2,-0.07,0.04772024352168906
10,2,-0.06,0.04097297667451345
10,2,-0.05,0.03515291723498998
10,2,-0.04,0.03028559164151192
10,2,-0.03,0.026397520850694727
10,2,-0.02,0.023516776414310506
10,2,-0.01,0.021675290978049953
10,2,0.0,0.020915482849303117
10,2,0.01,0.021279166049662776
10,2,0.02,0.02277401240592486
10,2,0.03,0.02540658435112062
10,2,0.04,0.029192924888957906
10,2,0.05,0.03415144314726702
10,2,0.06,0.04030012879495977
10,2,0.07,0.04765553993681479
10,2,0.08,0.05623228629121662
10,2,0.09,0.06604268985257816
10,2,0.1,0.07709652957226584
10,2,0.11,0.08940083651089394
10,2,0.12,0.10295972617986614
10,2,0.13,0.11777426269403064
10,2,0.14,0.13384235254844876
10,2,0.15,0.1511586670302245
10,2,0.16,0.16971459260484661
10,2,0.17,0.18949820858084926
10,2,0.18,0.21049429119467977
10,2,0.19,0.2326843430821806
10,2,0.2,0.2560466469638361
10,2,0.21,0.2805563422836731
10,2,0.22,0.30618552350293743
10,2,0.23,0.33290335874532817
10,2,0.24,0.360676227501693
10,2,0.25,0.3894678761092874
10,2,0.26,0.4192395897075005
10,2,0.27,0.44995037932717447
10,2,0.28,0.48155718268992703
10,2,0.29,0.5140150771800167
10,2,0.3,0.5472775033139056
10,2,0.31,0.5812964968866499
10,2,0.32,0.6160229278383147
10,2,0.33,0.6514067437774608
10,2,0.34,0.6873972160415532
10,2,0.35,0.7239431861816651
10,2,0.36,0.7609933108422237
10,2,0.37,0.7984963031709424
10,2,0.38,0.8364011691378284
10,2,0.39,0.8746574374572629
10,2,0.4,0.9132153821794389
10,2,0.41,0.9520262374281165
10,2,0.42,0.9910424041887406
10,2,0.43,1.0302176494711657
10,2,0.44,1.069507298562177
10,2,0.45,1.1088684214248776
10,2,0.46,1.1482600145796789
10,2,0.47,1.187643180005792
10,2,0.48,1.2269813027303185
10,2,0.49,1.2662402288292918
10,2,0.5,1.3053884455634372
10,2,0.51,1.3443972653302068
10,2,0.52,1.3832410150578227
10,2,0.53,1.4218972326268975
10,2,0.54,1.4603468719149113
10,2,0.55,1.4985745181560537
10,2,0.56,1.5365686155339318
10,2,0.57,1.5743217093205397
10,2,0.58,1.6118307054881342
10,2,0.59,1.6490971516032848
10,2,0.6,1.686127544023604
10,2,0.61,1.7229336680299978
10,2,0.62,1.759532979631546
10,2,0.63,1.795949040495879
10,2,0.64,1.8322120209452712
10,2,0.65,1.8683592904333206
10,2,0.66,1.9044361206622413
10,2,0.67,1.9404965338610098
10,2,0.68,1.976604338070157
10,2,0.69,2.012834402807415
10,2,0.7,2.0492742423883006
10,2,0.71,2.0860259918227575
10,2,0.72,2.123208888448568
10,2,0.73,2.16096242709869
10,2,0.74,2.1994504477291628
10,2,0.75,2.2388665197509328
10,2,0.76,2.2794410889276024
10,2,0.77,2.3214510140711693
10,2,0.78,2.365232436739191
10,2,0.79,2.411198448560365
10,2,0.8,2.4598638318782604
10,2,0.81,2.511880471589006
10,2,0.82,2.568089306231989
10,2,0.83,2.6295987476993568
10,2,0.84,2.697907085607083
10,2,0.85,2.7751013083708105
10,2,0.86,2.864195954759031
10,2,0.87,2.9697458383793527
10,2,0.88,3.0990399927994927
10,2,0.89,3.264666761995967
10,2,0.9,3.4908126881071238
10,2,0.91,3.832087668702479
10,2,0.92,4.451564049488732
10,2,0.93,6.299383103337377
10,2,0.94,2094.773307300066
10,2,0.95,1000.0
10,2,0.96,1000.0
10,2,0.97,1000.0
10,2,0.98,1000.0
10,2,0.99,1000.0
10,2,1.0,1000.0
10,2,1.01,1000.0
10,2,1.02,1000.0
10,2,1.03,1000.0
10,2,1.04,1000.0
10,2,1.05,1000.0
10,2,1.06,1000.0
10,2,1.07,1000.0
10,2,1.08,1000.0
10,2,1.09,1000.0
10,2,1.1,1000.0
10,2,1.11,1000.0
10,2,1.12,1000.0
10,2,1.13,1000.0
10,2,1.14,1000.0
10,2,1.15,1000.0
10,2,1.16,1000.0
10,2,1.17,1000.0
10,2,1.18,1000.0
10,2,1.19,1000.0
10,2,1.2,1000.0
10,2,1.21,1000.0
10,2,1.22,1000.0
10,2,1.23,1000.0
10,2,1.24,1000.0
10,2,1.25,1000.0
10,2,1.26,1000.0
10,2,1.27,1000.0
10,2,1.28,1000.0
10,2,1.29,1000.0
10,2,1.3,1000.0
10,2,1.31,1000.0
10,2,1.32,1000.0
10,2,1.33,1000.0
10,2,1.34,1000.0
10,2,1.35,1000.0
10,2,1.36,1000.0
10,2,1.37,1000.0
10,2,1.38,1000.0
10,2,1.39,1000.0
10,2,1.4,1000.0
10,2,1.41,1000.0
10,2,1.42,1000.0
10,2,1.43,1000.0
10,2,1.44,1000.0
10,2,1.45,1000.0
10,2,1.46,1000.0
10,2,1.47,1000.0
10,2,1.48,1000.0
10,2,1.49,1000.0
10,2,1.5,1000.0
10,2,1.51,1000.0
10,2,1.52,1000.0
10,2,1.53,1000.0
10,2,1.54,1000.0
10,2,1.55,1000.0
10,2,1.56,1000.0
10,2,1.57,1000.0
10,2,1.58,1000.0
10,2,1.59,1000.0
10,2,1.6,1000.0
10,2,1.61,1000.0
10,2,1.62,1000.0
10,2,1.63,1000.0
10,2,1.64,1000.0
10,2,1.65,1000.0
10,2,1.66,1000.0
10,2,1.67,1000.0
10,2,1.68,1000.0
10,2,1.69,1000.0
10,2,1.7,1000.0
10,2,1.71,1000.0
10,2,1.72,1000.0
10,2,1.73,1000.0
10,2,1.74,1000.0
10,2,1.75,1000.0
10,2,1.76,1000.0
10,2,1.77,1000.0
10,2,1.78,1000.0
10,2,1.79,1000.0
10,2,1.8,1000.0
10,2,1.81,1000.0
10,2,1.82,1000.0
10,2,1.83,1000.0
10,2,1.84,1000.0
10,2,1.85,1000.0
10,2,1.86,1000.0
10,2,1.87,1000.0
10,2,1.88,1000.0
10,2,1.89,1000.0
10,2,1.9,1000.0
10,2,1.91,1000.0
10,2,1.92,1000.0
10,2,1.93,1000.0
10,2,1.94,1000.0
10,2,1.95,1000.0
10,2,1.96,1000.0
10,2,1.97,1000.0
10,2,1.98,1000.0
10,2,1.99,1000.0
10,2,2.0,1000.0
10,5,-2.0,1000.0
10,5,-1.99,1000.0
10,5,-1.98,1000.0
10,5,-1.97,1000.0
10,5,-1.96,1000.0
10,5,-1.95,1000.0
10,5,-1.94,1000.0
10,5,-1.93,1000.0
10,5,-1.92,1000.0
10,5,-1.91,1000.0
10,5,-1.9,1000.0
10,5,-1.89,1000.0
10,5,-1.88,1000.0
10,5,-1.87,1000.0
10,5,-1.86,1000.0
10,5,-1.85,1000.0
10,5,-1.84,1000.0
10,5,-1.83,1000.0
10,5,-1.82,1000.0
10,5,-1.81,1000.0
10,5,-1.8,1000.0
10,5,-1.79,1000.0
10,5,-1.78,1000.0
10,5,-1.77,1000.0
10,5,-1.76,1000.0
10,5,-1.75,1000.0
10,5,-1.74,1000.0
10,5,-1.73,1000.0
10,5,-1.72,1000.0
10,5,-1.71,1000.0
10,5,-1.7,1000.0
10,5,-1.69,1000.0
10,5,-1.68,1000.0
10,5,-1.67,1000.0
10,5,-1.66,1000.0
10,5,-1.65,1000.0
10,5,-1.64,1000.0
10,5,-1.63,1000.0
10,5,-1.62,1000.0
10,5,-1.61,1000.0
10,5,-1.6,1000.0
10,5,-1.59,1000.0
10,5,-1.58,1000.0
10,5,-1.57,1000.0
10,5,-1.56,1000.0
10,5,-1.55,1000.0
10,5,-1.54,1000.0
10,5,-1.53,1000.0
10,5,-1.52,1000.0
10,5,-1.51,1000.0
10,5,-1.5,1000.0
10,5,-1.49,1000.0
10,5,-1.48,1000.0
10,5,-1.47,1000.0
10,5,-1.46,1000.0
10,5,-1.45,1000.0
10,5,-1.44,1000.0
10,5,-1.43,1000.0
10,5,-1.42,1000.0
10,5,-1.41,1000.0
10,5,-1.4,1000.0
10,5,-1.39,1000.0
10,5,-1.38,1000.0
10,5,-1.37,1000.0
10,5,-1.36,1000.0
10,5,-1.35,1000.0
10,5,-1.34,1000.0
10,5,-1.33,1000.0
10,5,-1.32,1000.0
10,5,-1.31,1000.0
10,5,-1.3,1000.0
10,5,-1.29,1000.0
10,5,-1.28,1000.0
10,5,-1.27,1000.0
10,5,-1.26,1000.0
10,5,-1.25,1000.0
10,5,-1.24,1000.0
10,5,-1.23,1000.0
10,5,-1.22,1000.0
10,5,-1.21,1000.0
10,5,-1.2,1000.0
10,5,-1.19,1000.0
10,5,-1.18,1000.0
10,5,-1.17,1000.0
10,5,-1.16,1000.0
10,5,-1.15,1000.0
10,5,-1.14,1000.0
10,5,-1.13,1000.0
10,5,-1.12,1000.0
10,5,-1.11,1000.0
10,5,-1.1,1000.0
10,5,-1.09,1000.0
10,5,-1.08,1000.0
10,5,-1.07,1000.0
10,5,-1.06,1000.0
10,5,-1.05,1000.0
10,5,-1.04,1000.0
10,5,-1.03,1000.0
10,5,-1.02,1000.0
10,5,-1.01,1000.0
10,5,-1.0,1000.0
10,5,-0.99,1000.0
10,5,-0.98,1000.0
10,5,-0.97,1000.0
10,5,-0.96,1000.0
10,5,-0.95,1000.0
10,5,-0.94,1000.0
10,5,-0.93,1000.0
10,5,-0.92,1000.0
10,5,-0.91,1000.0
10,5,-0.9,1000.0
10,5,-0.89,1000.0
10,5,-0.88,1000.0
10,5,-0.87,1000.0
10,5,-0.86,1000.0
10,5,-0.85,1000.0
10,5,-0.84,1000.0
10,5,-0.83,1000.0
10,5,-0.82,1000.0
10,5,-0.81,1000.0
10,5,-0.8,1000.0
10,5,-0.79,1000.0
10,5,-0.78,1000.0
10,5,-0.77,1000.0
10,5,-0.76,1000.0
10,5,-0.75,1000.0
10,5,-0.74,1000.0
10,5,-0.73,1000.0
10,5,-0.72,1000.0
10,5,-0.71,1000.0
10,5,-0.7,1000.0
10,5,-0.69,1000.0
10,5,-0.68,1000.0
10,5,-0.67,1000.0
10,5,-0.66,1000.0
10,5,-0.65,1000.0
10,5,-0.64,1000.0
10,5,-0.63,1000.0
10,5,-0.62,1000.0
10,5,-0.61,1000.0
10,5,-0.6,1000.0
10,5,-0.59,1000.0
10,5,-0.58,1000.0
10,5,-0.57,1000.0
10,5,-0.56,1000.0
10,5,-0.55,1000.0
10,5,-0.54,1000.0
10,5,-0.53,1000.0
10,5,-0.52,1000.0
10,5,-0.51,1000.0
10,5,-0.5,1000.0
10,5,-0.49,1000.0
10,5,-0.48,1000.0
10,5,-0.47,1000.0
10,5,-0.46,1000.0
10,5,-0.45,1000.0
10,5,-0.44,1000.0
10,5,-0.43,1000.0
10,5,-0.42,1000.0
10,5,-0.41,1000.0
10,5,-0.4,1000.0
10,5,-0.39,1000.0
10,5,-0.38,1000.0
10,5,-0.37,1000.0
10,5,-0.36,1000.0
10,5,-0.35,1000.0
10,5,-0.34,1000.0
10,5,-0.33,1000.0
10,5,-0.32,1000.0
10,5,-0.31,1000.0
10,5,-0.3,1000.0
10,5,-0.29,1000.0
10,5,-0.28,1000.0
10,5,-0.27,1000.0
10,5,-0.26,3.371162333112528
10,5,-0.25,2.5459465031728583
10,5,-0.24,2.1989764515452555
10,5,-0.23,1.9575634403316695
10,5,-0.22,1.7635132090711692
10,5,-0.21,1.5972374861025043
10,5,-0.2,1.449627774554898
10,5,-0.19,1.3154809123051743
10,5,-0.18,1.1913997206530431
10,5,-0.17,1.0750641668929026
10,5,-0.16,0.9650042674407429
10,5,-0.15,0.8605254007075712
10,5,-0.14,0.7616002198825064
10,5,-0.13,0.6686204214314888
10,5,-0.12,0.5820373059731156
10,5,-0.11,0.5020338684612801
10,5,-0.1,0.42838138838542006
10,5,-0.09,0.3605340455431414
10,5,-0.08,0.2978774694748966
10,5,-0.07,0.2399752723437721
10,5,-0.06,0.18674167253817084
10,5,-0.05,0.13864585163896945
10,5,-0.04,0.09693649572619692
10,5,-0.03,0.0634216034525371
10,5,-0.02,0.039556505322276725
10,5,-0.01,0.025631504285738443
10,5,0.0,0.020895430727674334
10,5,0.01,0.024270835665473382
10,5,0.02,0.034885750985986154
10,5,0.03,0.05225702218312758
10,5,0.04,0.07619471036346974
10,5,0.05,0.10661844514752418
10,5,0.06,0.14340709512528288
10,5,0.07,0.18632010025128093
10,5,0.08,0.23499645054627996
10,5,0.09,0.2890108905519026
10,5,0.1,0.34794942737673074
10,5,0.11,0.41146709801585407
10,5,0.12,0.479308132297321
10,5,0.13,0.5512894011800689
10,5,0.14,0.6272607838216229
10,5,0.15,0.707058780238283
10,5,0.16,0.790467511292763
10,5,0.17,0.8771991508721463
10,5,0.18,0.9669043766448574
10,5,0.19,1.0592201428950068
10,5,0.2,1.1538595422303606
10,5,0.21,1.2507852645211444
10,5,0.22,1.3507852875680388
10,5,0.23,1.457664440917292
10,5,0.24,1.5794768832610058
10,5,0.25,1.7105806861758939
10,5,0.26,1.8319467228748503
10,5,0.27,1.9394334139746305
10,5,0.28,2.0361644063614057
10,5,0.29,2.1245935920179138
10,5,0.3,2.2060704261595774
10,5,0.31,2.281379628949357
10,5,0.32,2.3510498098422676
10,5,0.33,2.4154994545620876
10,5,0.34,2.475120142811922
10,5,0.35,2.5303499759785786
10,5,0.36,2.5817781199941274
10,5,0.37,2.630354777656282
10,5,0.38,2.6779801637457474
10,5,0.39,2.7298160226306245
10,5,0.4,2.800306276356366
10,5,0.41,2.8923121874318514
10,5,0.42,2.971286664162094
10,5,0.43,3.030541934143485
10,5,0.44,3.0772204140290063
10,5,0.45,3.1151727815886807
10,5,0.46,3.146268544192915
10,5,0.47,3.171672759194152
10,5,0.48,3.192224311287393
10,5,0.49,3.2085534496496773
10,5,0.5,3.221142750658459
10,5,0.51,3.2303737076509704
10,5,0.52,3.2365657184200103
10,5,0.53,3.2400089943366415
10,5,0.54,3.240992279463504
10,5,0.55,3.2398254407264373
10,5,0.56,3.2368557610053066
10,5,0.57,3.2324758586630304
10,5,0.58,3.2271214926489207
10,5,0.59,3.221259719245526
10,5,0.6,3.2153716064694664
10,5,0.61,3.2099373860291993
10,5,0.62,3.2054334678007863
10,5,0.63,3.2023493331415254
10,5,0.64,3.201229623658198
10,5,0.65,3.2027466792365886
10,5,0.66,3.2078169642545062
10,5,0.67,3.2178010881680232
10,5,0.68,3.2348989012960194
10,5,0.69,3.2630686519218486
10,5,0.7,3.310612977381412
10,5,0.71,3.399724575660376
10,5,0.72,3.6245144265998737
10,5,0.73,6.910065041714993
10,5,0.74,1000.0
10,5,0.75,1000.0
10,5,0.76,1000.0
10,5,0.77,1000.0
10,5,0.78,1000.0
10,5,0.79,1000.0
10,5,0.8,1000.0
10,5,0.81,1000.0
10,5,0.82,1000.0
10,5,0.83,1000.0
10,5,0.84,1000.0
10,5,0.85,1000.0
10,5,0.86,1000.0
10,5,0.87,1000.0
10,5,0.88,1000.0
10,5,0.89,1000.0
10,5,0.9,1000.0
10,5,0.91,1000.0
10,5,0.92,1000.0
10,5,0.93,1000.0
10,5,0.94,1000.0
10,5,0.95,1000.0
10,5,0.96,1000.0
10,5,0.97,1000.0
10,5,0.98,1000.0
10,5,0.99,1000.0
10,5,1.0,1000.0
10,5,1.01,1000.0
10,5,1.02,1000.0
10,5,1.03,1000.0
10,5,1.04,1000.0
10,5,1.05,1000.0
10,5,1.06,1000.0
10,5,1.07,1000.0
10,5,1.08,1000.0
10,5,1.09,1000.0
10,5,1.1,1000.0
10,5,1.11,1000.0
10,5,1.12,1000.0
10,5,1.13,1000.0
10,5,1.14,1000.0
10,5,1.15,1000.0
10,5,1.16,1000.0
10,5,1.17,1000.0
10,5,1.18,1000.0
10,5,1.19,1000.0
10,5,1.2,1000.0
10,5,1.21,1000.0
10,5,1.22,1000.0
10,5,1.23,1000.0
10,5,1.24,1000.0
10,5,1.25,1000.0
10,5,1.26,1000.0
10,5,1.27,1000.0
10,5,1.28,1000.0
10,5,1.29,1000.0
10,5,1.3,1000.0
10,5,1.31,1000.0
10,5,1.32,1000.0
10,5,1.33,1000.0
10,5,1.34,1000.0
10,5,1.35,1000.0
10,5,1.36,1000.0
10,5,1.37,1000.0
10,5,1.38,1000.0
10,5,1.39,1000.0
10,5,1.4,1000.0
10,5,1.41,1000.0
10,5,1.42,1000.0
10,5,1.43,1000.0
10,5,1.44,1000.0
10,5,1.45,1000.0
10,5,1.46,1000.0
10,5,1.47,1000.0
10,5,1.48,1000.0
10,5,1.49,1000.0
10,5,1.5,1000.0
10,5,1.51,1000.0
10,5,1.52,1000.0
10,5,1.53,1000.0
10,5,1.54,1000.0
10,5,1.55,1000.0
10,5,1.56,1000.0
10,5,1.57,1000.0
10,5,1.58,1000.0
10,5,1.59,1000.0
10,5,1.6,1000.0
10,5,1.61,1000.0
10,5,1.62,1000.0
10,5,1.63,1000.0
10,5,1.64,1000.0
10,5,1.65,1000.0
10,5,1.66,1000.0
10,5,1.67,1000.0
10,5,1.68,1000.0
10,5,1.69,1000.0
10,5,1.7,1000.0
10,5,1.71,1000.0
10,5,1.72,1000.0
10,5,1.73,1000.0
10,5,1.74,1000.0
10,5,1.75,1000.0
10,5,1.76,1000.0
10,5,1.77,1000.0
10,5,1.78,1000.0
10,5,1.79,1000.0
10,5,1.8,1000.0
10,5,1.81,1000.0
10,5,1.82,1000.0
10,5,1.83,1000.0
10,5,1.84,1000.0
10,5,1.85,1000.0
10,5,1.86,1000.0
10,5,1.87,1000.0
10,5,1.88,1000.0
10,5,1.89,1000.0
10,5,1.9,1000.0
10,5,1.91,1000.0
10,5,1.92,1000.0
10,5,1.93,1000.0
10,5,1.94,1000.0
10,5,1.95,1000.0
10,5,1.96,1000.0
10,5,1.97,1000.0
10,5,1.98,1000.0
10,5,1.99,1000.0
10,5,2.0,1000.0
10,10,-2.0,1000.0
10,10,-1.99,1000.0
10,10,-1.98,1000.0
10,10,-1.97,1000.0
10,10,-1.96,1000.0
10,10,-1.95,1000.0
10,10,-1.94,1000.0
10,10,-1.93,1000.0
10,10,-1.92,1000.0
10,10,-1.91,1000.0
10,10,-1.9,1000.0
10,10,-1.89,1000.0
10,10,-1.88,1000.0
10,10,-1.87,1000.0
10,10,-1.86,1000.0
10,10,-1.85,1000.0
10,10,-1.84,1000.0
10,10,-1.83,1000.0
10,10,-1.82,1000.0
10,10,-1.81,1000.0
10,10,-1.8,1000.0
10,10,-1.79,1000.0
10,10,-1.78,1000.0
10,10,-1.77,1000.0
10,10,-1.76,1000.0
10,10,-1.75,1000.0
10,10,-1.74,1000.0
10,10,-1.73,1000.0
10,10,-1.72,1000.0
10,10,-1.71,1000.0
10,10,-1.7,1000.0
10,10,-1.69,1000.0
10,10,-1.68,1000.0
10,10,-1.67,1000.0
10,10,-1.66,1000.0
10,10,-1.65,1000.0
10,10,-1.64,1000.0
10,10,-1.63,1000.0
10,10,-1.62,1000.0
10,10,-1.61,1000.0
10,10,-1.6,1000.0
10,10,-1.59,1000.0
10,10,-1.58,1000.0
10,10,-1.57,1000.0
10,10,-1.56,1000.0
10,10,-1.55,1000.0
10,10,-1.54,1000.0
10,10,-1.53,1000.0
10,10,-1.52,1000.0
10,10,-1.51,1000.0
10,10,-1.5,1000.0
10,10,-1.49,1000.0
10,10,-1.48,1000.0
10,10,-1.47,1000.0
10,10,-1.46,1000.0
10,10,-1.45,1000.0
10,10,-1.44,1000.0
10,10,-1.43,1000.0
10,10,-1.42,1000.0
10,10,-1.41,1000.0
10,10,-1.4,1000.0
10,10,-1.39,1000.0
10,10,-1.38,1000.0
10,10,-1.37,1000.0
10,10,-1.36,1000.0
10,10,-1.35,1000.0
10,10,-1.34,1000.0
10,10,-1.33,1000.0
10,10,-1.32,1000.0
10,10,-1.31,1000.0
10,10,-1.3,1000.0
10,10,-1.29,1000.0
10,10,-1.28,1000.0
10,10,-1.27,1000.0
10,10,-1.26,1000.0
10,10,-1.25,1000.0
10,10,-1.24,1000.0
10,10,-1.23,1000.0
10,10,-1.22,1000.0
10,10,-1.21,1000.0
10,10,-1.2,1000.0
10,10,-1.19,1000.0
10,10,-1.18,1000.0
10,10,-1.17,1000.0
10,10,-1.16,1000.0
10,10,-1.15,1000.0
10,10,-1.14,1000.0
10,10,-1.13,1000.0
10,10,-1.12,1000.0
10,10,-1.11,1000.0
10,10,-1.1,1000.0
10,10,-1.09,1000.0
10,10,-1.08,1000.0
10,10,-1.07,1000.0
10,10,-1.06,1000.0
10,10,-1.05,1000.0
10,10,-1.04,1000.0
10,10,-1.03,1000.0
10,10,-1.02,1000.0
10,10,-1.01,1000.0
10,10,-1.0,1000.0
10,10,-0.99,1000.0
10,10,-0.98,1000.0
10,10,-0.97,1000.0
10,10,-0.96,1000.0
10,10,-0.95,1000.0
10,10,-0.94,1000.0
10,10,-0.93,1000.0
10,10,-0.92,1000.0
10,10,-0.91,1000.0
10,10,-0.9,1000.0
10,10,-0.89,1000.0
10,10,-0.88,1000.0
10,10,-0.87,1000.0
10,10,-0.86,1000.0
10,10,-0.85,1000.0
10,10,-0.84,1000.0
10,10,-0.83,1000.0
10,10,-0.82,1000.0
10,10,-0.81,1000.0
10,10,-0.8,1000.0
10,10,-0.79,1000.0
10,10,-0.78,1000.0
10,10,-0.77,1000.0
10,10,-0.76,1000.0
10,10,-0.75,1000.0
10,10,-0.74,1000.0
10,10,-0.73,1000.0
10,10,-0.72,1000.0
10,10,-0.71,1000.0
10,10,-0.7,1000.0
10,10,-0.69,1000.0
10,10,-0.68,1000.0
10,10,-0.67,1000.0
10,10,-0.66,1000.0
10,10,-0.65,1000.0
10,10,-0.64,1000.0
10,10,-0.63,1000.0
10,10,-0.62,1000.0
10,10,-0.61,1000.0
10,10,-0.6,1000.0
10,10,-0.59,1000.0
10,10,-0.58,1000.0
10,10,-0.57,1000.0
10,10,-0.56,1000.0
10,10,-0.55,1000.0
10,10,-0.54,1000.0
10,10,-0.53,1000.0
10,10,-0.52,1000.0
10,10,-0.51,1000.0
10,10,-0.5,1000.0
10,10,-0.49,1000.0
10,10,-0.48,1000.0
10,10,-0.47,1000.0
10,10,-0.46,1000.0
10,10,-0.45,1000.0
10,10,-0.44,1000.0
10,10,-0.43,1000.0
10,10,-0.42,1000.0
10,10,-0.41,1000.0
10,10,-0.4,1000.0
10,10,-0.39,1000.0
10,10,-0.38,1000.0
10,10,-0.37,1000.0
10,10,-0.36,1000.0
10,10,-0.35,1000.0
10,10,-0.34,1000.0
10,10,-0.33,1000.0
10,10,-0.32,1000.0
10,10,-0.31,1000.0
10,10,-0.3,1000.0
10,10,-0.29,1000.0
10,10,-0.28,1000.0
10,10,-0.27,1000.0
10,10,-0.26,1000.0
10,10,-0.25,1000.0
10,10,-0.24,1000.0
10,10,-0.23,1000.0
10,10,-0.22,1000.0
10,10,-0.21,1000.0
10,10,-0.2,1000.0
10,10,-0.19,1000.0
10,10,-0.18,1000.0
10,10,-0.17,1000.0
10,10,-0.16,1000.0
10,10,-0.15,5.472418077616372
10,10,-0.14,4.430760291748559
10,10,-0.13,3.92279080846731
10,10,-0.12,3.524504193383416
10,10,-0.11,3.166479573456792
10,10,-0.1,2.821813723554776
10,10,-0.09,2.479720395922749
10,10,-0.08,2.1386900624671408
10,10,-0.07,1.8218365626325144
10,10,-0.06,1.4910007569129138
10,10,-0.05,1.1395811212203057
10,10,-0.04,0.8219636628462017
10,10,-0.03,0.5580584299665856
10,10,-0.02,0.31383913862259616
10,10,-0.01,0.08708609491249614
10,10,0.0,0.01543365226590483
10,10,0.01,0.0327616573389563
10,10,0.02,0.06982682719777722
10,10,0.03,0.12111872971681514
10,10,0.04,0.18592013736511015
10,10,0.05,0.26423507427947823
10,10,0.06,0.3568040797018145
10,10,0.07,0.4646367726823538
10,10,0.08,0.5885563276447507
10,10,0.09,0.7289329767507677
10,10,0.1,0.8848480989000358
10,10,0.11,1.0525989964557305
10,10,0.12,1.2260803800161184
10,10,0.13,1.3997578736526906
10,10,0.14,1.569948350222747
10,10,0.15,1.7337365818629082
10,10,0.16,1.8882960747652966
10,10,0.17,2.0311437668599224
10,10,0.18,2.1605170229486896
10,10,0.19,2.2754284526880615
10,10,0.2,2.375441146327882
10,10,0.21,2.4604604212900183
10,10,0.22,2.5313481946222334
10,10,0.23,2.593860392307365
10,10,0.24,2.842641447911383
10,10,0.25,3.34501335120941
10,10,0.26,3.4663732738316506
10,10,0.27,3.550289218065258
10,10,0.28,3.6150544123341133
10,10,0.29,3.666775178506039
10,10,0.3,3.708349674338764
10,10,0.31,3.7414226137297346
10,10,0.32,3.767018942853459
10,10,0.33,3.7857649609253587
10,10,0.34,3.7979454343689927
10,10,0.35,3.803466572429022
10,10,0.36,3.801733649339429
10,10,0.37,3.7913689755086226
10,10,0.38,3.768813898273033
10,10,0.39,3.719596468576651
10,10,0.4,4.142619585275154
10,10,0.41,4.3044936730293895
10,10,0.42,4.363909040497019
10,10,0.43,4.3966508257670895
10,10,0.44,4.416729054834583
10,10,0.45,4.429210546966201
10,10,0.46,4.436298628425026
10,10,0.47,4.439261963139152
10,10,0.48,4.438963035302334
10,10,0.49,4.436021123498365
10,10,0.5,4.4308878108162775
10,10,0.51,4.42389595934155
10,10,0.52,4.415294707465268
10,10,0.53,4.405274292005795
10,10,0.54,4.393983191070387
10,10,0.55,4.381539722834315
10,10,0.56,4.368039874060698
10,10,0.57,4.353562758825195
10,10,0.58,4.338174772921006
10,10,0.59,4.321933216643653
10,10,0.6,4.304889873961218
10,10,0.61,4.287094702951092
10,10,0.62,4.26859935361507
10,10,0.63,4.249459675333993
10,10,0.64,4.229735847792456
10,10,0.65,4.209488735427855
10,10,0.66,4.188772567095307
10,10,0.67,4.167628825249353
10,10,0.68,4.146095962166784
10,10,0.69,4.124261679131589
10,10,0.7,4.102382063723712
10,10,0.71,4.081044197562977
10,10,0.72,4.061298078020277
10,10,0.73,4.044918950714708
10,10,0.74,4.035508432709187
10,10,0.75,4.040418998228617
10,10,0.76,4.078804044376568
10,10,0.77,4.227734219013737
10,10,0.78,1000.0
10,10,0.79,1000.0
10,10,0.8,1000.0
10,10,0.81,1000.0
10,10,0.82,1000.0
10,10,0.83,1000.0
10,10,0.84,1000.0
10,10,0.85,1000.0
10,10,0.86,1000.0
10,10,0.87,1000.0
10,10,0.88,1000.0
10,10,0.89,1000.0
10,10,0.9,1000.0
10,10,0.91,1000.0
10,10,0.92,1000.0
10,10,0.93,1000.0
10,10,0.94,1000.0
10,10,0.95,1000.0
10,10,0.96,1000.0
10,10,0.97,1000.0
10,10,0.98,1000.0
10,10,0.99,1000.0
10,10,1.0,1000.0
10,10,1.01,1000.0
10,10,1.02,1000.0
10,10,1.03,1000.0
10,10,1.04,1000.0
10,10,1.05,1000.0
10,10,1.06,1000.0
10,10,1.07,1000.0
10,10,1.08,1000.0
10,10,1.09,1000.0
10,10,1.1,1000.0
10,10,1.11,1000.0
10,10,1.12,1000.0
10,10,1.13,1000.0
10,10,1.14,1000.0
10,10,1.15,1000.0
10,10,1.16,1000.0
10,10,1.17,1000.0
10,10,1.18,1000.0
10,10,1.19,1000.0
10,10,1.2,1000.0
10,10,1.21,1000.0
10,10,1.22,1000.0
10,10,1.23,1000.0
10,10,1.24,1000.0
10,10,1.25,1000.0
10,10,1.26,1000.0
10,10,1.27,1000.0
10,10,1.28,1000.0
10,10,1.29,1000.0
10,10,1.3,1000.0
10,10,1.31,1000.0
10,10,1.32,1000.0
10,10,1.33,1000.0
10,10,1.34,1000.0
10,10,1.35,1000.0
10,10,1.36,1000.0
10,10,1.37,1000.0
10,10,1.38,1000.0
10,10,1.39,1000.0
10,10,1.4,1000.0
10,10,1.41,1000.0
10,10,1.42,1000.0
10,10,1.43,1000.0
10,10,1.44,1000.0
10,10,1.45,1000.0
10,10,1.46,1000.0
10,10,1.47,1000.0
10,10,1.48,1000.0
10,10,1.49,1000.0
10,10,1.5,1000.0
10,10,1.51,1000.0
10,10,1.52,1000.0
10,10,1.53,1000.0
10,10,1.54,1000.0
10,10,1.55,1000.0
10,10,1.56,1000.0
10,10,1.57,1000.0
10,10,1.58,1000.0
10,10,1.59,1000.0
10,10,1.6,1000.0
10,10,1.61,1000.0
10,10,1.62,1000.0
10,10,1.63,1000.0
10,10,1.64,1000.0
10,10,1.65,1000.0
10,10,1.66,1000.0
10,10,1.67,1000.0
10,10,1.68,1000.0
10,10,1.69,1000.0
10,10,1.7,1000.0
10,10,1.71,1000.0
10,10,1.72,1000.0
10,10,1.73,1000.0
10,10,1.74,1000.0
10,10,1.75,1000.0
10,10,1.76,1000.0
10,10,1.77,1000.0
10,10,1.78,1000.0
10,10,1.79,1000.0
10,10,1.8,1000.0
10,10,1.81,1000.0
10,10,1.82,1000.0
10,10,1.83,1000.0
10,10,1.84,1000.0
10,10,1.85,1000.0
10,10,1.86,1000.0
10,10,1.87,1000.0
10,10,1.88,1000.0
10,10,1.89,1000.0
10,10,1.9,1000.0
10,10,1.91,1000.0
10,10,1.92,1000.0
10,10,1.93,1000.0
10,10,1.94,1000.0
10,10,1.95,1000.0
10,10,1.96,1000.0
10,10,1.97,1000.0
10,10,1.98,1000.0
10,10,1.99,1000.0
10,10,2.0,1000.0
10,25,-2.0,1000.0
10,25,-1.99,1000.0
10,25,-1.98,1000.0
10,25,-1.97,1000.0
10,25,-1.96,1000.0
10,25,-1.95,1000.0
10,25,-1.94,1000.0
10,25,-1.93,1000.0
10,25,-1.92,1000.0
10,25,-1.91,1000.0
10,25,-1.9,1000.0
10,25,-1.89,1000.0
10,25,-1.88,1000.0
10,25,-1.87,1000.0
10,25,-1.86,1000.0
10,25,-1.85,1000.0
10,25,-1.84,1000.0
10,25,-1.83,1000.0
10,25,-1.82,1000.0
10,25,-1.81,1000.0
10,25,-1.8,1000.0
10,25,-1.79,1000.0
10,25,-1.78,1000.0
10,25,-1.77,1000.0
10,25,-1.76,1000.0
10,25,-1.75,1000.0
10,25,-1.74,1000.0
10,25,-1.73,1000.0
10,25,-1.72,1000.0
10,25,-1.71,1000.0
10,25,-1.7,1000.0
10,25,-1.69,1000.0
10,25,-1.68,1000.0
10,25,-1.67,1000.0
10,25,-1.66,1000.0
10,25,-1.65,1000.0
10,25,-1.64,1000.0
10,25,-1.63,1000.0
10,25,-1.62,1000.0
10,25,-1.61,1000.0
10,25,-1.6,1000.0
10,25,-1.59,1000.0
10,25,-1.58,1000.0
10,25,-1.57,1000.0
10,25,-1.56,1000.0
10,25,-1.55,1000.0
10,25,-1.54,1000.0
10,25,-1.53,1000.0
10,25,-1.52,1000.0
10,25,-1.51,1000.0
10,25,-1.5,1000.0
10,25,-1.49,1000.0
10,25,-1.48,1000.0
10,25,-1.47,1000.0
10,25,-1.46,1000.0
10,25,-1.45,1000.0
10,25,-1.44,1000.0
10,25,-1.43,1000.0
10,25,-1.42,1000.0
10,25,-1.41,1000.0
10,25,-1.4,1000.0
10,25,-1.39,1000.0
10,25,-1.38,1000.0
10,25,-1.37,1000.0
10,25,-1.36,1000.0
10,25,-1.35,1000.0
10,25,-1.34,1000.0
10,25,-1.33,1000.0
10,25,-1.32,1000.0
10,25,-1.31,1000.0
10,25,-1.3,1000.0
10,25,-1.29,1000.0
10,25,-1.28,1000.0
10,25,-1.27,1000.0
10,25,-1.26,1000.0
10,25,-1.25,1000.0
10,25,-1.24,1000.0
10,25,-1.23,1000.0
10,25,-1.22,1000.0
10,25,-1.21,1000.0
10,25,-1.2,1000.0
10,25,-1.19,1000.0
10,25,-1.18,1000.0
10,25,-1.17,1000.0
10,25,-1.16,1000.0
10,25,-1.15,1000.0
10,25,-1.14,1000.0
10,25,-1.13,1000.0
10,25,-1.12,1000.0
10,25,-1.11,1000.0
10,25,-1.1,1000.0
10,25,-1.09,1000.0
10,25,-1.08,1000.0
10,25,-1.07,1000.0
10,25,-1.06,1000.0
10,25,-1.05,1000.0
10,25,-1.04,1000.0
10,25,-1.03,1000.0
10,25,-1.02,1000.0
10,25,-1.01,1000.0
10,25,-1.0,1000.0
10,25,-0.99,1000.0
10,25,-0.98,1000.0
10,25,-0.97,1000.0
10,25,-0.96,1000.0
10,25,-0.95,1000.0
10,25,-0.94,1000.0
10,25,-0.93,1000.0
10,25,-0.92,1000.0
10,25,-0.91,1000.0
10,25,-0.9,1000.0
10,25,-0.89,1000.0
10,25,-0.88,1000.0
10,25,-0.87,1000.0
10,25,-0.86,1000.0
10,25,-0.85,1000.0
10,25,-0.84,1000.0
10,25,-0.83,1000.0
10,25,-0.82,1000.0
10,25,-0.81,1000.0
10,25,-0.8,1000.0
10,25,-0.79,1000.0
10,25,-0.78,1000.0
10,25,-0.77,1000.0
10,25,-0.76,1000.0
10,25,-0.75,1000.0
10,25,-0.74,1000.0
10,25,-0.73,1000.0
10,25,-0.72,1000.0
10,25,-0.71,1000.0
10,25,-0.7,1000.0
10,25,-0.69,1000.0
10,25,-0.68,1000.0
10,25,-0.67,1000.0
10,25,-0.66,1000.0
10,25,-0.65,1000.0
10,25,-0.64,1000.0
10,25,-0.63,1000.0
10,25,-0.62,1000.0
10,25,-0.61,1000.0
10,25,-0.6,1000.0
10,25,-0.59,1000.0
10,25,-0.58,1000.0
10,25,-0.57,1000.0
10,25,-0.56,1000.0
10,25,-0.55,1000.0
10,25,-0.54,1000.0
10,25,-0.53,1000.0
10,25,-0.52,1000.0
10,25,-0.51,1000.0
10,25,-0.5,1000.0
10,25,-0.49,1000.0
10,25,-0.48,1000.0
10,25,-0.47,1000.0
10,25,-0.46,1000.0
10,25,-0.45,1000.0
10,25,-0.44,1000.0
10,25,-0.43,1000.0
10,25,-0.42,1000.0
10,25,-0.41,1000.0
10,25,-0.4,1000.0
10,25,-0.39,1000.0
10,25,-0.38,1000.0
10,25,-0.37,1000.0
10,25,-0.36,1000.0
10,25,-0.35,1000.0
10,25,-0.34,1000.0
10,25,-0.33,1000.0
10,25,-0.32,1000.0
10,25,-0.31,1000.0
10,25,-0.3,1000.0
10,25,-0.29,1000.0
10,25,-0.28,1000.0
10,25,-0.27,1000.0
10,25,-0.26,1000.0
10,25,-0.25,1000.0
10,25,-0.24,1000.0
10,25,-0.23,1000.0
10,25,-0.22,1000.0
10,25,-0.21,1000.0
10,25,-0.2,1000.0
10,25,-0.19,1000.0
10,25,-0.18,1000.0
10,25,-0.17,1000.0
10,25,-0.16,1000.0
10,25,-0.15,1000.0
10,25,-0.14,1000.0
10,25,-0.13,1000.0
10,25,-0.12,1000.0
10,25,-0.11,1000.0
10,25,-0.1,6.391854039896852
10,25,-0.09,5.082730015570627
10,25,-0.08,4.486672286730357
10,25,-0.07,4.024727753234862
10,25,-0.06,3.5955858579997515
10,25,-0.05,3.055669084743895
10,25,-0.04,2.2642355537794865
10,25,-0.03,1.6046884850511893
10,25,-0.02,1.011813827500043
10,25,-0.01,0.4178992052056743
10,25,0.0,0.020700188701984125
10,25,0.01,0.5325975821139819
10,25,0.02,1.4052111406984538
10,25,0.03,1.6845910382270286
10,25,0.04,1.965706861908113
10,25,0.05,2.2748400088130762
10,25,0.06,2.616502752019776
10,25,0.07,2.9786729326923376
10,25,0.08,3.3398461332822684
10,25,0.09,3.6846792859943918
10,25,0.1,3.999245781453433
10,25,0.11,4.274246709772734
10,25,0.12,4.508539422089941
10,25,0.13,4.7059457547291075
10,25,0.14,4.871364001385798
10,25,0.15,5.009235278043082
10,25,0.16,5.12344638399851
10,25,0.17,5.217495268700785
10,25,0.18,5.294508757541138
10,25,0.19,5.3571791515587615
10,25,0.2,5.407737845404178
10,25,0.21,5.447992129905258
10,25,0.22,5.479398549391469
10,25,0.23,5.503142526047289
10,25,0.24,5.52020666183543
10,25,0.25,5.5314219029050395
10,25,0.26,5.537502726285826
10,25,0.27,5.539070336488756
10,25,0.28,5.536668086802679
10,25,0.29,5.530772381285889
10,25,0.3,5.521801124516947
10,25,0.31,5.510120830832694
10,25,0.32,5.496052896585637
10,25,0.33,5.479879219687331
10,25,0.34,5.461847217072843
10,25,0.35,5.442174254622665
10,25,0.36,5.421051508433278
10,25,0.37,5.398647290876651
10,25,0.38,5.375109886895959
10,25,0.39,5.350569952140289
10,25,0.4,5.325142525642741
10,25,0.41,5.298928707808523
10,25,0.42,5.27201705147902
10,25,0.43,5.244484711349234
10,25,0.44,5.21639839622023
10,25,0.45,5.187815170284275
10,25,0.46,5.15878315413749
10,25,0.47,5.129342182588816
10,25,0.48,5.099524481175187
10,25,0.49,5.069355418377395
10,25,0.5,5.038854359466542
10,25,0.51,5.008035562557937
10,25,0.52,4.976908877309793
10,25,0.53,4.9454796894307025
10,25,0.54,4.913747093788942
10,25,0.55,4.881698798828356
10,25,0.56,4.849301196332906
10,25,0.57,4.816484370301408
10,25,0.58,4.783126255837243
10,25,0.59,4.749049055218655
10,25,0.6,4.714050102378334
10,25,0.61,4.677974933328737
10,25,0.62,4.640752786799802
10,25,0.63,4.602174362630386
10,25,0.64,4.56139801525882
10,25,0.65,4.51730097728594
10,25,0.66,4.4694821816507675
10,25,0.67,4.414385126005909
10,25,0.68,4.344933172682718
10,25,0.69,4.2755001277282885
10,25,0.7,1000.0
10,25,0.71,1000.0
10,25,0.72,1000.0
10,25,0.73,1000.0
10,25,0.74,1000.0
10,25,0.75,1000.0
10,25,0.76,1000.0
10,25,0.77,1000.0
10,25,0.78,1000.0
10,25,0.79,1000.0
10,25,0.8,1000.0
10,25,0.81,1000.0
10,25,0.82,1000.0
10,25,0.83,1000.0
10,25,0.84,1000.0
10,25,0.85,1000.0
10,25,0.86,1000.0
10,25,0.87,1000.0
10,25,0.88,1000.0
10,25,0.89,1000.0
10,25,0.9,1000.0
10,25,0.91,1000.0
10,25,0.92,1000.0
10,25,0.93,1000.0
10,25,0.94,1000.0
10,25,0.95,1000.0
10,25,0.96,1000.0
10,25,0.97,1000.0
10,25,0.98,1000.0
10,25,0.99,1000.0
10,25,1.0,1000.0
10,25,1.01,1000.0
10,25,1.02,1000.0
10,25,1.03,1000.0
10,25,1.04,1000.0
10,25,1.05,1000.0
10,25,1.06,1000.0
10,25,1.07,1000.0
10,25,1.08,1000.0
10,25,1.09,1000.0
10,25,1.1,1000.0
10,25,1.11,1000.0
10,25,1.12,1000.0
10,25,1.13,1000.0
10,25,1.14,1000.0
10,25,1.15,1000.0
10,25,1.16,1000.0
10,25,1.17,1000.0
10,25,1.18,1000.0
10,25,1.19,1000.0
10,25,1.2,1000.0
10,25,1.21,1000.0
10,25,1.22,1000.0
10,25,1.23,1000.0
10,25,1.24,1000.0
10,25,1.25,1000.0
10,25,1.26,1000.0
10,25,1.27,1000.0
10,25,1.28,1000.0
10,25,1.29,1000.0
10,25,1.3,1000.0
10,25,1.31,1000.0
10,25,1.32,1000.0
10,25,1.33,1000.0
10,25,1.34,1000.0
10,25,1.35,1000.0
10,25,1.36,1000.0
10,25,1.37,1000.0
10,25,1.38,1000.0
10,25,1.39,1000.0
10,25,1.4,1000.0
10,25,1.41,1000.0
10,25,1.42,1000.0
10,25,1.43,1000.0
10,25,1.44,1000.0
10,25,1.45,1000.0
10,25,1.46,1000.0
10,25,1.47,1000.0
10,25,1.48,1000.0
10,25,1.49,1000.0
10,25,1.5,1000.0
10,25,1.51,1000.0
10,25,1.52,1000.0
10,25,1.53,1000.0
10,25,1.54,1000.0
10,25,1.55,1000.0
10,25,1.56,1000.0
10,25,1.57,1000.0
10,25,1.58,1000.0
10,25,1.59,1000.0
10,25,1.6,1000.0
10,25,1.61,1000.0
10,25,1.62,1000.0
10,25,1.63,1000.0
10,25,1.64,1000.0
10,25,1.65,1000.0
10,25,1.66,1000.0
10,25,1.67,1000.0
10,25,1.68,1000.0
10,25,1.69,1000.0
10,25,1.7,1000.0
10,25,1.71,1000.0
10,25,1.72,1000.0
10,25,1.73,1000.0
10,25,1.74,1000.0
10,25,1.75,1000.0
10,25,1.76,1000.0
10,25,1.77,1000.0
10,25,1.78,1000.0
10,25,1.79,1000.0
10,25,1.8,1000.0
10,25,1.81,1000.0
10,25,1.82,1000.0
10,25,1.83,1000.0
10,25,1.84,1000.0
10,25,1.85,1000.0
10,25,1.86,1000.0
10,25,1.87,1000.0
10,25,1.88,1000.0
10,25,1.89,1000.0
10,25,1.9,1000.0
10,25,1.91,1000.0
10,25,1.92,1000.0
10,25,1.93,1000.0
10,25,1.94,1000.0
10,25,1.95,1000.0
10,25,1.96,1000.0
10,25,1.97,1000.0
10,25,1.98,1000.0
10,25,1.99,1000.0
10,25,2.0,1000.0
10,50,-2.0,1000.0
10,50,-1.99,1000.0
10,50,-1.98,1000.0
10,50,-1.97,1000.0
10,50,-1.96,1000.0
10,50,-1.95,1000.0
10,50,-1.94,1000.0
10,50,-1.93,1000.0
10,50,-1.92,1000.0
10,50,-1.91,1000.0
10,50,-1.9,1000.0
10,50,-1.89,1000.0
10,50,-1.88,1000.0
10,50,-1.87,1000.0
10,50,-1.86,1000.0
10,50,-1.85,1000.0
10,50,-1.84,1000.0
10,50,-1.83,1000.0
10,50,-1.82,1000.0
10,50,-1.81,1000.0
10,50,-1.8,1000.0
10,50,-1.79,1000.0
10,50,-1.78,1000.0
10,50,-1.77,1000.0
10,50,-1.76,1000.0
10,50,-1.75,1000.0
10,50,-1.74,1000.0
10,50,-1.73,1000.0
10,50,-1.72,1000.0
10,50,-1.71,1000.0
10,50,-1.7,1000.0
10,50,-1.69,1000.0
10,50,-1.68,1000.0
10,50,-1.67,1000.0
10,50,-1.66,1000.0
10,50,-1.65,1000.0
10,50,-1.64,1000.0
10,50,-1.63,1000.0
10,50,-1.62,1000.0
10,50,-1.61,1000.0
10,50,-1.6,1000.0
10,50,-1.59,1000.0
10,50,-1.58,1000.0
10,50,-1.57,1000.0
10,50,-1.56,1000.0
10,50,-1.55,1000.0
10,50,-1.54,1000.0
10,50,-1.53,1000.0
10,50,-1.52,1000.0
10,50,-1.51,1000.0
10,50,-1.5,1000.0
10,50,-1.49,1000.0
10,50,-1.48,1000.0
10,50,-1.47,1000.0
10,50,-1.46,1000.0
10,50,-1.45,1000.0
10,50,-1.44,1000.0
10,50,-1.43,1000.0
10,50,-1.42,1000.0
10,50,-1.41,1000.0
10,50,-1.4,1000.0
10,50,-1.39,1000.0
10,50,-1.38,1000.0
10,50,-1.37,1000.0
10,50,-1.36,1000.0
10,50,-1.35,1000.0
10,50,-1.34,1000.0
10,50,-1.33,1000.0
10,50,-1.32,1000.0
10,50,-1.31,1000.0
10,50,-1.3,1000.0
10,50,-1.29,1000.0
10,50,-1.28,1000.0
10,50,-1.27,1000.0
10,50,-1.26,1000.0
10,50,-1.25,1000.0
10,50,-1.24,1000.0
10,50,-1.23,1000.0
10,50,-1.22,1000.0
10,50,-1.21,1000.0
10,50,-1.2,1000.0
10,50,-1.19,1000.0
10,50,-1.18,1000.0
10,50,-1.17,1000.0
10,50,-1.16,1000.0
10,50,-1.15,1000.0
10,50,-1.14,1000.0
10,50,-1.13,1000.0
10,50,-1.12,1000.0
10,50,-1.11,1000.0
10,50,-1.1,1000.0
10,50,-1.09,1000.0
10,50,-1.08,1000.0
10,50,-1.07,1000.0
10,50,-1.06,1000.0
10,50,-1.05,1000.0
10,50,-1.04,1000.0
10,50,-1.03,1000.0
10,50,-1.02,1000.0
10,50,-1.01,1000.0
10,50,-1.0,1000.0
10,50,-0.99,1000.0
10,50,-0.98,1000.0
10,50,-0.97,1000.0
10,50,-0.96,1000.0
10,50,-0.95,1000.0
10,50,-0.94,1000.0
10,50,-0.93,1000.0
10,50,-0.92,1000.0
10,50,-0.91,1000.0
10,50,-0.9,1000.0
10,50,-0.89,1000.0
10,50,-0.88,1000.0
10,50,-0.87,1000.0
10,50,-0.86,1000.0
10,50,-0.85,1000.0
10,50,-0.84,1000.0
10,50,-0.83,1000.0
10,50,-0.82,1000.0
10,50,-0.81,1000.0
10,50,-0.8,1000.0
10,50,-0.79,1000.0
10,50,-0.78,1000.0
10,50,-0.77,1000.0
10,50,-0.76,1000.0
10,50,-0.75,1000.0
10,50,-0.74,1000.0
10,50,-0.73,1000.0
10,50,-0.72,1000.0
10,50,-0.71,1000.0
10,50,-0.7,1000.0
10,50,-0.69,1000.0
10,50,-0.68,1000.0
10,50,-0.67,1000.0
10,50,-0.66,1000.0
10,50,-0.65,1000.0
10,50,-0.64,1000.0
10,50,-0.63,1000.0
10,50,-0.62,1000.0
10,50,-0.61,1000.0
10,50,-0.6,1000.0
10,50,-0.59,1000.0
10,50,-0.58,1000.0
10,50,-0.57,1000.0
10,50,-0.56,1000.0
10,50,-0.55,1000.0
10,50,-0.54,1000.0
10,50,-0.53,1000.0
10,50,-0.52,1000.0
10,50,-0.51,1000.0
10,50,-0.5,1000.0
10,50,-0.49,1000.0
10,50,-0.48,1000.0
10,50,-0.47,1000.0
10,50,-0.46,1000.0
10,50,-0.45,1000.0
10,50,-0.44,1000.0
10,50,-0.43,1000.0
10,50,-0.42,1000.0
10,50,-0.41,1000.0
10,50,-0.4,1000.0
10,50,-0.39,1000.0
10,50,-0.38,1000.0
10,50,-0.37,1000.0
10,50,-0.36,1000.0
10,50,-0.35,1000.0
10,50,-0.34,1000.0
10,50,-0.33,1000.0
10,50,-0.32,1000.0
10,50,-0.31,1000.0
10,50,-0.3,1000.0
10,50,-0.29,1000.0
10,50,-0.28,1000.0
10,50,-0.27,1000.0
10,50,-0.26,1000.0
10,50,-0.25,1000.0
10,50,-0.24,1000.0
10,50,-0.23,1000.0
10,50,-0.22,1000.0
10,50,-0.21,1000.0
10,50,-0.2,1000.0
10,50,-0.19,1000.0
10,50,-0.18,1000.0
10,50,-0.17,1000.0
10,50,-0.16,1000.0
10,50,-0.15,1000.0
10,50,-0.14,1000.0
10,50,-0.13,1000.0
10,50,-0.12,1000.0
10,50,-0.11,1000.0
10,50,-0.1,1000.0
10,50,-0.09,1000.0
10,50,-0.08,6.23898704185363
10,50,-0.07,5.415123719560229
10,50,-0.06,4.744603360040213
10,50,-0.05,3.185812620583014
10,50,-0.04,1.7231563579522076
10,50,-0.03,1.1777454101337
10,50,-0.02,0.8809442918727515
10,50,-0.01,0.43684845556479623
10,50,0.0,0.02728570980472099
10,50,0.01,1.2882162705223839
10,50,0.02,2.3329779758000377
10,50,0.03,2.591890068507687
10,50,0.04,2.777956436023011
10,50,0.05,2.963835971278803
10,50,0.06,3.2324323337141463
10,50,0.07,3.6323972137288716
10,50,0.08,4.081830682708972
10,50,0.09,4.4870444170789145
10,50,0.1,4.825763377598916
10,50,0.11,5.103657077326586
10,50,0.12,5.330046271150906
10,50,0.13,5.513626201882281
10,50,0.14,5.661904733370498
10,50,0.15,5.781148702113185
10,50,0.16,5.87647849742219
10,50,0.17,5.952031257665635
10,50,0.18,6.011139422527713
10,50,0.19,6.056493713758735
10,50,0.2,6.090278810165997
10,50,0.21,6.114281061667544
10,50,0.22,6.129972138512879
10,50,0.23,6.138573507598594
10,50,0.24,6.141106163623636
10,50,0.25,6.1384291799826185
10,50,0.26,6.1312698074113525
10,50,0.27,6.120247163083127
10,50,0.28,6.105891028853107
10,50,0.29,6.088656888535443
10,50,0.3,6.068938048828862
10,50,0.31,6.047075479624043
10,50,0.32,6.02336585623845
10,50,0.33,5.998068173410333
10,50,0.34,5.971409217349154
10,50,0.35,5.943588119380903
10,50,0.36,5.914780166702578
10,50,0.37,5.8851400084125665
10,50,0.38,5.854804365746878
10,50,0.39,5.823894332692428
10,50,0.4,5.792517335681861
10,50,0.41,5.760768807869552
10,50,0.42,5.7287336235675825
10,50,0.43,5.696487330881304
10,50,0.44,5.664097214667573
10,50,0.45,5.631623217072882
10,50,0.46,5.599118738720514
10,50,0.47,5.566631339901114
10,50,0.48,5.534203357796839
10,50,0.49,5.501872452822378
10,50,0.5,5.469672094611792
10,50,0.51,5.437631996030561
10,50,0.52,5.405778501845812
10,50,0.53,5.374134937319517
10,50,0.54,5.342721920958938
10,50,0.55,5.311557644912644
10,50,0.56,5.280658125981045
10,50,0.57,5.250037429861532
10,50,0.58,5.219707871019287
10,50,0.59,5.1896801904239815
10,50,0.6,5.159963713287657
10,50,0.61,5.130566488859082
10,50,0.62,5.10149541426308
10,50,0.63,5.072756344317085
10,50,0.64,5.044354189218651
10,50,0.65,5.0162930019839305
10,50,0.66,4.988576057528117
10,50,0.67,4.961205925254337
10,50,0.68,4.934184536732795
10,50,0.69,4.907513248912361
10,50,0.7,4.881192900269077
10,50,0.71,4.855223851952359
10,50,0.72,4.829606002529217
10,50,0.73,4.804338775147923
10,50,0.74,4.779421103802377
10,50,0.75,4.7548514590032305
10,50,0.76,4.730627919459465
10,50,0.77,4.706748254097513
10,50,0.78,4.683209981666743
10,50,0.79,4.660010403975244
10,50,0.8,4.637146624165576
10,50,0.81,4.614615560180758
10,50,0.82,4.592413958104531
10,50,0.83,4.570538406519656
10,50,0.84,4.548985351652588
10,50,0.85,4.527751112784909
10,50,0.86,4.506831897490435
10,50,0.87,4.486223816401671
10,50,0.88,4.465922897329032
10,50,0.89,4.445925098638976
10,50,0.9,4.426226321849095
10,50,0.91,4.406822423430396
10,50,0.92,4.387709225826284
10,50,0.93,4.368882527709829
10,50,0.94,4.350338113508175
10,50,0.95,4.332071762227931
10,50,0.96,4.314079255618043
10,50,0.97,4.296356385707565
10,50,0.98,4.2788989617541455
10,50,0.99,4.261702816633187
10,50,1.0,4.244763812685664
10,50,1.01,4.228077847021297
10,50,1.02,4.211640856240899
10,50,1.03,4.195448820497785
10,50,1.04,4.179497766771164
10,50,1.05,4.163783771195682
10,50,1.06,4.148302960317358
10,50,1.07,4.133051511267815
10,50,1.08,4.118025651078419
10,50,1.09,4.103221655634859
10,50,1.1,4.0886358489569155
10,50,1.11,4.074264603422765
10,50,1.12,4.0601043412059425
10,50,1.13,4.046151536712514
10,50,1.14,4.032402719449619
10,50,1.15,4.018854476684117
10,50,1.16,4.005503455430482
10,50,1.17,3.9923463635849283
10,50,1.18,3.9793799702547568
10,50,1.19,3.9666011054552794
10,50,1.2,3.9540066593742234
10,50,1.21,3.941593581374954
10,50,1.22,3.9293588788625304
10,50,1.23,3.9172996160918916
10,50,1.24,3.9054129129635227
10,50,1.25,3.893695943829842
10,50,1.26,3.882145936322251
10,50,1.27,3.870760170201926
10,50,1.28,3.859535976234197
10,50,1.29,3.848470735085247
10,50,1.3,3.837561876239805
10,50,1.31,3.8268068769388113
10,50,1.32,3.8162032611365664
10,50,1.33,3.8057485984773236
10,50,1.34,3.795440503291353
10,50,1.35,3.785276633611118
10,50,1.36,3.7752546902079303
10,50,1.37,3.765372415649723
10,50,1.38,3.7556275933803835
10,50,1.39,3.7460180468211726
10,50,1.4,3.7365416384944874
10,50,1.41,3.7271962691702116
10,50,1.42,3.717979877034788
10,50,1.43,3.708890436882912
10,50,1.44,3.6999259593318494
10,50,1.45,3.691084490057925
10,50,1.46,3.6823641090550985
10,50,1.47,3.673762929915009
10,50,1.48,3.665279099128153
10,50,1.49,3.656910795405526
10,50,1.5,3.6486562290202875
10,50,1.51,3.640513641168691
10,50,1.52,3.6324813033497243
10,50,1.53,3.6245575167627537
10,50,1.54,3.6167406117225194
10,50,1.55,3.6090289470907897
10,50,1.56,3.601420909724038
10,50,1.57,3.593914913936407
10,50,1.58,3.586509400977398
10,50,1.59,3.579202838523595
10,50,1.6,3.5719937201838086
10,50,1.61,3.564880565017073
10,50,1.62,3.557861917062917
10,50,1.63,3.550936344883338
10,50,1.64,3.5441024411159905
10,50,1.65,3.537358822038057
10,50,1.66,3.5307041271403787
10,50,1.67,3.524137018711346
10,50,1.68,3.5176561814301652
10,50,1.69,3.5112603219690746
10,50,1.7,3.504948168604187
10,50,1.71,3.498718470834547
10,50,1.72,3.4925699990091066
10,50,1.73,3.4865015439613223
10,50,1.74,3.4805119166510603
10,50,1.75,3.4745999478135636
10,50,1.76,3.4687644876152164
10,50,1.77,3.463004405315858
10,50,1.78,3.4573185889374902
10,50,1.79,3.451705944939084
10,50,1.8,3.446165397897377
10,50,1.81,3.4406958901934397
10,50,1.82,3.4352963817048447
10,50,1.83,3.4299658495033287
10,50,1.84,3.4247032875577355
10,50,1.85,3.419507706442176
10,50,1.86,3.414378133049226
10,50,1.87,3.4093136103080735
10,50,1.88,3.404313196907484
10,50,1.89,3.399375967023502
10,50,1.9,3.394501010051784
10,50,1.91,3.389687430344428
10,50,1.92,3.384934346951317
10,50,1.93,3.3802408933657504
10,50,1.94,3.3756062172744112
10,50,1.95,3.3710294803115013
10,50,1.96,3.366509857817063
10,50,1.97,3.3620465385992833
10,50,1.98,3.357638724700901
10,50,1.99,3.3532856311694497
10,50,2.0,3.3489864858314333
10,100,-2.0,1000.0
10,100,-1.99,1000.0
10,100,-1.98,1000.0
10,100,-1.97,1000.0
10,100,-1.96,1000.0
10,100,-1.95,1000.0
10,100,-1.94,1000.0
10,100,-1.93,1000.0
10,100,-1.92,1000.0
10,100,-1.91,1000.0
10,100,-1.9,1000.0
10,100,-1.89,1000.0
10,100,-1.88,1000.0
10,100,-1.87,1000.0
10,100,-1.86,1000.0
10,100,-1.85,1000.0
10,100,-1.84,1000.0
10,100,-1.83,1000.0
10,100,-1.82,1000.0
10,100,-1.81,1000.0
10,100,-1.8,1000.0
10,100,-1.79,1000.0
10,100,-1.78,1000.0
10,100,-1.77,1000.0
10,100,-1.76,1000.0
10,100,-1.75,1000.0
10,100,-1.74,1000.0
10,100,-1.73,1000.0
10,100,-1.72,1000.0
10,100,-1.71,1000.0
10,100,-1.7,1000.0
10,100,-1.69,1000.0
10,100,-1.68,1000.0
10,100,-1.67,1000.0
10,100,-1.66,1000.0
10,100,-1.65,1000.0
10,100,-1.64,1000.0
10,100,-1.63,1000.0
10,100,-1.62,1000.0
10,100,-1.61,1000.0
10,100,-1.6,1000.0
10,100,-1.59,1000.0
10,100,-1.58,1000.0
10,100,-1.57,1000.0
10,100,-1.56,1000.0
10,100,-1.55,1000.0
10,100,-1.54,1000.0
10,100,-1.53,1000.0
10,100,-1.52,1000.0
10,100,-1.51,1000.0
10,100,-1.5,1000.0
10,100,-1.49,1000.0
10,100,-1.48,1000.0
10,100,-1.47,1000.0
10,100,-1.46,1000.0
10,100,-1.45,1000.0
10,100,-1.44,1000.0
10,100,-1.43,1000.0
10,100,-1.42,1000.0
10,100,-1.41,1000.0
10,100,-1.4,1000.0
10,100,-1.39,1000.0
10,100,-1.38,1000.0
10,100,-1.37,1000.0
10,100,-1.36,1000.0
10,100,-1.35,1000.0
10,100,-1.34,1000.0
10,100,-1.33,1000.0
10,100,-1.32,1000.0
10,100,-1.31,1000.0
10,100,-1.3,1000.0
10,100,-1.29,1000.0
10,100,-1.28,1000.0
10,100,-1.27,1000.0
10,100,-1.26,1000.0
10,100,-1.25,1000.0
10,100,-1.24,1000.0
10,100,-1.23,1000.0
10,100,-1.22,1000.0
10,100,-1.21,1000.0
10,100,-1.2,1000.0
10,100,-1.19,1000.0
10,100,-1.18,1000.0
10,100,-1.17,1000.0
10,100,-1.16,1000.0
10,100,-1.15,1000.0
10,100,-1.14,1000.0
10,100,-1.13,1000.0
10,100,-1.12,1000.0
10,100,-1.11,1000.0
10,100,-1.1,1000.0
10,100,-1.09,1000.0
10,100,-1.08,1000.0
10,100,-1.07,1000.0
10,100,-1.06,1000.0
10,100,-1.05,1000.0
10,100,-1.04,1000.0
10,100,-1.03,1000.0
10,100,-1.02,1000.0
10,100,-1.01,1000.0
10,100,-1.0,1000.0
10,100,-0.99,1000.0
10,100,-0.98,1000.0
10,100,-0.97,1000.0
10,100,-0.96,1000.0
10,100,-0.95,1000.0
10,100,-0.94,1000.0
10,100,-0.93,1000.0
10,100,-0.92,1000.0
10,100,-0.91,1000.0
10,100,-0.9,1000.0
10,100,-0.89,1000.0
10,100,-0.88,1000.0
10,100,-0.87,1000.0
10,100,-0.86,1000.0
10,100,-0.85,1000.0
10,100,-0.84,1000.0
10,100,-0.83,1000.0
10,100,-0.82,1000.0
10,100,-0.81,1000.0
10,100,-0.8,1000.0
10,100,-0.79,1000.0
10,100,-0.78,1000.0
10,100,-0.77,1000.0
10,100,-0.76,1000.0
10,100,-0.75,1000.0
10,100,-0.74,1000.0
10,100,-0.73,1000.0
10,100,-0.72,1000.0
10,100,-0.71,1000.0
10,100,-0.7,1000.0
10,100,-0.69,1000.0
10,100,-0.68,1000.0
10,100,-0.67,1000.0
10,100,-0.66,1000.0
10,100,-0.65,1000.0
10,100,-0.64,1000.0
10,100,-0.63,1000.0
10,100,-0.62,1000.0
10,100,-0.61,1000.0
10,100,-0.6,1000.0
10,100,-0.59,1000.0
10,100,-0.58,1000.0
10,100,-0.57,1000.0
10,100,-0.56,1000.0
10,100,-0.55,1000.0
10,100,-0.54,1000.0
10,100,-0.53,1000.0
10,100,-0.52,1000.0
10,100,-0.51,1000.0
10,100,-0.5,1000.0
10,100,-0.49,1000.0
10,100,-0.48,1000.0
10,100,-0.47,1000.0
10,100,-0.46,1000.0
10,100,-0.45,1000.0
10,100,-0.44,1000.0
10,100,-0.43,1000.0
10,100,-0.42,1000.0
10,100,-0.41,1000.0
10,100,-0.4,1000.0
10,100,-0.39,1000.0
10,100,-0.38,1000.0
10,100,-0.37,1000.0
10,100,-0.36,1000.0
10,100,-0.35,1000.0
10,100,-0.34,1000.0
10,100,-0.33,1000.0
10,100,-0.32,1000.0
10,100,-0.31,1000.0
10,100,-0.3,1000.0
10,100,-0.29,1000.0
10,100,-0.28,1000.0
10,100,-0.27,1000.0
10,100,-0.26,1000.0
10,100,-0.25,1000.0
10,100,-0.24,1000.0
10,100,-0.23,1000.0
10,100,-0.22,1000.0
10,100,-0.21,1000.0
10,100,-0.2,1000.0
10,100,-0.19,1000.0
10,100,-0.18,1000.0
10,100,-0.17,1000.0
10,100,-0.16,1000.0
10,100,-0.15,1000.0
10,100,-0.14,1000.0
10,100,-0.13,1000.0
10,100,-0.12,1000.0
10,100,-0.11,1000.0
10,100,-0.1,1000.0
10,100,-0.09,1000.0
10,100,-0.08,6.406725654318454
10,100,-0.07,5.334667908910466
10,100,-0.06,6.470457295100169
10,100,-0.05,3.3199481329201643
10,100,-0.04,1.8629947734019983
10,100,-0.03,1.8802076041149156
10,100,-0.02,2.065019449558658
10,100,-0.01,1.3005947670760951
10,100,0.0,0.017576201469118733
10,100,0.01,2.794735335187444
10,100,0.02,2.3665299208750383
10,100,0.03,2.582151853391951
10,100,0.04,2.7751972361561372
10,100,0.05,3.0323607066330585
10,100,0.06,3.4833589715221813
10,100,0.07,4.077431156315578
10,100,0.08,4.597438026050069
10,100,0.09,5.007075370546137
10,100,0.1,5.3254868427843025
10,100,0.11,5.573329776638496
10,100,0.12,5.7668262540802475
10,100,0.13,5.918095017242163
10,100,0.14,6.036145989942018
10,100,0.15,6.127736523742131
10,100,0.16,6.198001784670475
10,100,0.17,6.2508998794146144
10,100,0.18,6.289524000166928
10,100,0.19,6.316322740226421
10,100,0.2,6.333257442646143
10,100,0.21,6.341916124747425
10,100,0.22,6.343597122879524
10,100,0.23,6.339371344572373
10,100,0.24,6.330129199696377
10,100,0.25,6.316616411005002
10,100,0.26,6.299461648477499
10,100,0.27,6.27919807872781
10,100,0.28,6.256280333783704
10,100,0.29,6.231097994517322
10,100,0.3,6.203986395401558
10,100,0.31,6.17523535116831
10,100,0.32,6.145096257076413
10,100,0.33,6.11378790579611
10,100,0.34,6.081501283728589
10,100,0.35,6.048403549850876
10,100,0.36,6.014641355278992
10,100,0.37,5.9803436277015125
10,100,0.38,5.945623918814218
10,100,0.39,5.9105823928416905
10,100,0.4,5.875307518676065
10,100,0.41,5.839877516008231
10,100,0.42,5.804361596265431
10,100,0.43,5.768821031601186
10,100,0.44,5.7333100791574845
10,100,0.45,5.697876782993696
10,100,0.46,5.6625636721923005
10,100,0.47,5.6274083705082685
10,100,0.48,5.592444130373684
10,100,0.49,5.557700301981997
10,100,0.5,5.5232027464644275
10,100,0.51,5.4889742007606035
10,100,0.52,5.455034600619549
10,100,0.53,5.421401367199019
10,100,0.54,5.38808966192463
10,100,0.55,5.355112613596486
10,100,0.56,5.3224815211657
10,100,0.57,5.290206035128632
10,100,0.58,5.258294320087261
10,100,0.59,5.226753200688611
10,100,0.6,5.195588292875822
10,100,0.61,5.164804122152734
10,100,0.62,5.134404230380666
10,100,0.63,5.104391272491328
10,100,0.64,5.07476710441904
10,100,0.65,5.045532863533594
10,100,0.66,5.016689042884831
10,100,0.67,4.98823556058578
10,100,0.68,4.960171825431707
10,100,0.69,4.932496798776958
10,100,0.7,4.905209049721558
10,100,0.71,4.8783067953837325
10,100,0.72,4.85178791463822
10,100,0.73,4.825649933980259
10,100,0.74,4.799890012086717
10,100,0.75,4.774504963315158
10,100,0.76,4.749491326715901
10,100,0.77,4.724845444885029
10,100,0.78,4.70056351993068
10,100,0.79,4.676641642636758
10,100,0.8,4.653075806285543
10,100,0.81,4.629861915348178
10,100,0.82,4.606995793789742
10,100,0.83,4.584473194195889
10,100,0.84,4.562289807551326
10,100,0.85,4.540441273209641
10,100,0.86,4.518923188668261
10,100,0.87,4.497731118902554
10,100,0.88,4.476860605127503
10,100,0.89,4.456307172932775
10,100,0.9,4.436066339783685
10,100,0.91,4.416133621907476
10,100,0.92,4.396504540598678
10,100,0.93,4.377174627984783
10,100,0.94,4.3581394322964355
10,100,0.95,4.3393945226873525
10,100,0.96,4.3209354936482915
10,100,0.97,4.302757969057081
10,100,0.98,4.284857605902176
10,100,0.99,4.267230097708862
10,100,1.0,4.249871177682983
10,100,1.01,4.232776621563723
10,100,1.02,4.21594225014259
10,100,1.03,4.199363931360167
10,100,1.04,4.183037581844144
10,100,1.05,4.166959167722382
10,100,1.06,4.1511247045700115
10,100,1.07,4.135530256470579
10,100,1.08,4.120171934400679
10,100,1.09,4.105045894425881
10,100,1.1,4.090148336380105
10,100,1.11,4.075475503635004
10,100,1.12,4.061023684214814
10,100,1.13,4.046789213031823
10,100,1.14,4.032768474661442
10,100,1.15,4.018957906003839
10,100,1.16,4.005353998359962
10,100,1.17,3.9919532987280415
10,100,1.18,3.978752410359323
10,100,1.19,3.965747992735624
10,100,1.2,3.9529367611595236
10,100,1.21,3.9403154861200327
10,100,1.22,3.9278809925499116
10,100,1.23,3.915630159046734
10,100,1.24,3.903559917096431
10,100,1.25,3.8916672503166887
10,100,1.26,3.8799491937246997
10,100,1.27,3.8684028330277127
10,100,1.28,3.8570253039319424
10,100,1.29,3.8458137914650274
10,100,1.3,3.8347655293075062
10,100,1.31,3.823877799129718
10,100,1.32,3.8131479299313935
10,100,1.33,3.8025732973820987
10,100,1.34,3.7921513231612543
10,100,1.35,3.7818794742971997
10,100,1.36,3.771755262505013
10,100,1.37,3.7617762435232684
10,100,1.38,3.7519400164499146
10,100,1.39,3.7422442230779107
10,100,1.4,3.7326865472310238
10,100,1.41,3.723264714100459
10,100,1.42,3.7139764895829694
10,100,1.43,3.704819679621003
10,100,1.44,3.695792129545638
10,100,1.45,3.6868917234226886
10,100,1.46,3.678116383402754
10,100,1.47,3.669464069075609
10,100,1.48,3.66093277682946
10,100,1.49,3.6525205392155
10,100,1.5,3.644225424318209
10,100,1.51,3.636045535131744
10,100,1.52,3.627979008942738
10,100,1.53,3.6200240167198663
10,100,1.54,3.6121787625103727
10,100,1.55,3.6044414828439195
10,100,1.56,3.596810446143804
10,100,1.57,3.589283952145849
10,100,1.58,3.581860331325091
10,100,1.59,3.574537944330395
10,100,1.6,3.56731518142707
10,100,1.61,3.560190461947659
10,100,1.62,3.5531622337509
10,100,1.63,3.546228972688939
10,100,1.64,3.5393891820828527
10,100,1.65,3.532641392206448
10,100,1.66,3.5259841597784405
10,100,1.67,3.5194160674628843
10,100,1.68,3.5129357233779777
10,100,1.69,3.5065417606130778
10,100,1.7,3.5002328367540336
10,100,1.71,3.4940076334166745
10,100,1.72,3.4878648557884433
10,100,1.73,3.481803232178164
10,100,1.74,3.4758215135737993
10,100,1.75,3.4699184732081885
10,100,1.76,3.464092906132663
10,100,1.77,3.458343628798426
10,100,1.78,3.452669478645715
10,100,1.79,3.4470693137005246
10,100,1.8,3.4415420121789033
10,100,1.81,3.4360864720986846
10,100,1.82,3.4307016108985207
10,100,1.83,3.425386365064233
10,100,1.84,3.4201396897622143
10,100,1.85,3.4149605584799505
10,100,1.86,3.4098479626734046
10,100,1.87,3.40480091142129
10,100,1.88,3.399818431086012
10,100,1.89,3.3948995649812566
10,100,1.9,3.3900433730460913
10,100,1.91,3.3852489315254197
10,100,1.92,3.380515332656808
10,100,1.93,3.3758416843634187
10,100,1.94,3.3712271099530793
10,100,1.95,3.3666707478232856
10,100,1.96,3.362171751172121
10,100,1.97,3.3577292877148652
10,100,1.98,3.353342539406355
10,100,1.99,3.34901070216881
10,100,2.0,3.3447329856251753
11,1,-2.0,1.8413118259782026
11,1,-1.99,1.8244515775474441
11,1,-1.98,1.8076671789056806
11,1,-1.97,1.7909602498687005
11,1,-1.96,1.7743323660230672
11,1,-1.95,1.7577850578463121
11,1,-1.94,1.7413198098882905
11,1,-1.93,1.724938060014117
11,1,-1.92,1.7086411987089023
11,1,-1.91,1.6924305684443806
11,1,-1.9,1.6763074631074075
11,1,-1.89,1.6602731274901086
11,1,-1.88,1.6443287568414067
11,1,-1.87,1.6284754964794226
11,1,-1.86,1.6127144414642036
11,1,-1.85,1.5970466363300342
11,1,-1.84,1.581473074876537
11,1,-1.83,1.5659947000175645
11,1,-1.82,1.550612403686851
11,1,-1.81,1.5353270267992356
11,1,-1.8,1.5201393592661767
11,1,-1.79,1.5050501400641911
11,1,-1.78,1.4900600573547569
11,1,-1.77,1.4751697486540933
11,1,-1.76,1.4603798010512434
11,1,-1.75,1.4456907514726993
11,1,-1.74,1.4311030869918238
11,1,-1.73,1.416617245181254
11,1,-1.72,1.4022336145063496
11,1,-1.71,1.3879525347578183
11,1,-1.7,1.37377429752149
11,1,-1.69,1.3596991466832598
11,1,-1.68,1.3457272789671755
11,1,-1.67,1.3318588445045898
11,1,-1.66,1.3180939474323288
11,1,-1.65,1.3044326465177976
11,1,-1.64,1.2908749558089498
11,1,-1.63,1.2774208453070395
11,1,-1.62,1.2640702416601157
11,1,-1.61,1.2508230288752007
11,1,-1.6,1.2376790490471425
11,1,-1.59,1.2246381031021558
11,1,-1.58,1.2116999515540814
11,1,-1.57,1.1988643152714695
11,1,-1.56,1.1861308762535956
11,1,-1.55,1.1734992784135982
11,1,-1.54,1.1609691283669685
11,1,-1.53,1.1485399962236797
11,1,-1.52,1.1362114163823172
11,1,-1.51,1.1239828883246017
11,1,-1.5,1.1118538774088438
11,1,-1.49,1.0998238156608318
11,1,-1.48,1.0878921025608441
11,1,-1.47,1.0760581058254763
11,1,-1.46,1.0643211621830972
11,1,-1.45,1.052680578141803
11,1,-1.44,1.0411356307488882
11,1,-1.43,1.0296855683408448
11,1,-1.42,1.018329611283095
11,1,-1.41,1.0070669526986782
11,1,-1.4,0.9958967591852782
11,1,-1.39,0.9848181715200054
11,1,-1.38,0.9738303053515143
11,1,-1.37,0.9629322518791021
11,1,-1.36,0.9521230785185437
11,1,-1.35,0.9414018295545383
11,1,-1.34,0.9307675267797525
11,1,-1.33,0.9202191701205349
11,1,-1.32,0.9097557382495264
11,1,-1.31,0.8993761891854799
11,1,-1.3,0.8890794608807422
11,1,-1.29,0.8788644717969681
11,1,-1.28,0.86873012146978
11,1,-1.27,0.8586752910631964
11,1,-1.26,0.848698843914826
11,1,-1.25,0.8387996260729547
11,1,-1.24,0.8289764668267872
11,1,-1.23,0.8192281792313274
11,1,-1.22,0.8095535606284773
11,1,-1.21,0.7999513931661765
11,1,-1.2,0.7904204443175694
11,1,-1.19,0.7809594674023838
11,1,-1.18,0.7715672021129357
11,1,-1.17,0.7622423750474075
11,1,-1.16,0.7529837002532613
11,1,-1.15,0.7437898797839321
11,1,-1.14,0.7346596042722097
11,1,-1.13,0.7255915535239996
11,1,-1.12,0.7165843971364518
11,1,-1.11,0.7076367951447673
11,1,-1.1,0.6987473987023226
11,1,-1.09,0.6899148507990744
11,1,-1.08,0.6811377870235834
11,1,-1.07,0.6724148363743193
11,1,-1.06,0.6637446221263169
11,1,-1.05,0.6551257627595601
11,1,-1.04,0.6465568729558828
11,1,-1.03,0.6380365646714887
11,1,-1.02,0.6295634482925446
11,1,-1.01,0.621136133881614
11,1,-1.0,0.6127532325229642
11,1,-0.99,0.6044133577750543
11,1,-0.98,0.596115127238672
11,1,-0.97,0.587857164249354
11,1,-0.96,0.5796380997027679
11,1,-0.95,0.571456574021742
11,1,-0.94,0.563311239273499
11,1,-0.93,0.5552007614454554
11,1,-0.92,0.5471238228876087
11,1,-0.91,0.5390791249290754
11,1,-0.9,0.5310653906757394
11,1,-0.89,0.5230813679952123
11,1,-0.88,0.5151258326944017
11,1,-0.87,0.5071975918938694
11,1,-0.86,0.4992954876019146
11,1,-0.85,0.49141840048985014
11,1,-0.84,0.4835652538682954
11,1,-0.83,0.4757350178625056
11,1,-0.82,0.46792671378270045
11,1,-0.81,0.46013941868321107
11,1,-0.8,0.452372270101864
11,1,-0.79,0.4446244709685354
11,1,-0.78,0.43689529466912713
11,1,-0.77,0.4291840902484619
11,1,-0.76,0.42149028773272385
11,1,-0.75,0.4138134035491461
11,1,-0.74,0.4061530460176858
11,1,-0.73,0.3985089208864882
11,1,-0.72,0.3908808368800337
11,1,-0.71,0.3832687112260586
11,1,-0.7,0.37567257512467583
11,1,-0.69,0.36809257912063115
11,1,-0.68,0.3605289983373905
11,1,-0.67,0.35298223752979857
11,1,-0.66,0.3454528359104178
11,1,-0.65,0.33794147170343297
11,1,-0.64,0.3304489663791858
11,1,-0.63,0.3229762885220885
11,1,-0.62,0.31552455728484025
11,1,-0.61,0.3080950453826109
11,1,-0.6,0.30068918158215
11,1,-0.59,0.29330855264270095
11,1,-0.58,0.2859549046680877
11,1,-0.57,0.2786301438324801
11,1,-0.56,0.27133633644605626
11,1,-0.55,0.2640757083311098
11,1,-0.54,0.25685064348405556
11,1,-0.53,0.24966368200427452
11,1,-0.52,0.24251751727685644
11,1,-0.51,0.2354149924031495
11,1,-0.5,0.22835909588096862
11,1,-0.49,0.2213529565461524
11,1,-0.48,0.2143998378007333
11,1,-0.47,0.20750313117439848
11,1,-0.46,0.20066634930416102
11,1,-0.45,0.19389311849163815
11,1,-0.44,0.18718717114935626
11,1,-0.43,0.18055233876216192
11,1,-0.42,0.17399254662957117
11,1,-0.41,0.16751181287025296
11,1,-0.4,0.1611142560634605
11,1,-0.39,0.154804117010373
11,1,-0.38,0.1485857925195299
11,1,-0.37,0.14246384308071788
11,1,-0.36,0.13644287747195855
11,1,-0.35,0.13052728629696958
11,1,-0.34,0.1247210799611054
11,1,-0.33,0.11902804553984805
11,1,-0.32,0.11345198582593413
11,1,-0.31,0.10799680179519015
11,1,-0.3,0.10266645929495646
11,1,-0.29,0.09746493453963885
11,1,-0.28,0.09239617315573097
11,1,-0.27,0.08746406391741064
11,1,-0.26,0.08267242176803487
11,1,-0.25,0.07802497601540513
11,1,-0.24,0.07352536152295551
11,1,-0.23,0.069177112349982
11,1,-0.22,0.06498366061988468
11,1,-0.21,0.06094835933168045
11,1,-0.2,0.05707463334804746
11,1,-0.19,0.05336670455936887
11,1,-0.18,0.04983095613565448
11,1,-0.17,0.046472126817445246
11,1,-0.16,0.04328943272557195
11,1,-0.15,0.04028296520275455
11,1,-0.14,0.03745455780483878
11,1,-0.13,0.03480644003124844
11,1,-0.12,0.03234082460735711
11,1,-0.11,0.03005983263763655
11,1,-0.1,0.02796548609852985
11,1,-0.09,0.026059713512595808
11,1,-0.08,0.024344359644469044
11,1,-0.07,0.022821198704125238
11,1,-0.06,0.021491954058173855
11,1,-0.05,0.02035833479378232
11,1,-0.04,0.01942212469492066
11,1,-0.03,0.01868545219507168
11,1,-0.02,0.018151703003099744
11,1,-0.01,0.017828359570976397
11,1,0.0,0.01773109828394226
11,1,0.01,0.01787237724907098
11,1,0.02,0.01824251044081909
11,1,0.03,0.018828632773937305
11,1,0.04,0.019626151936524484
11,1,0.05,0.020634691639931466
11,1,0.06,0.021855293849591777
11,1,0.07,0.02328954959459841
11,1,0.08,0.02493937471922514
11,1,0.09,0.026806969482307322
11,1,0.1,0.028894834133073602
11,1,0.11,0.031205805705409276
11,1,0.12,0.033743106594658644
11,1,0.13,0.03651040279266543
11,1,0.14,0.03951187222567803
11,1,0.15,0.04275228637982871
11,1,0.16,0.04623712418195668
11,1,0.17,0.04997286402585705
11,1,0.18,0.053968398268336534
11,1,0.19,0.05823786150143458
11,1,0.2,0.06279131318008972
11,1,0.21,0.06763352060967791
11,1,0.22,0.07277498340881412
11,1,0.23,0.0782299588917215
11,1,0.24,0.08401529502423825
11,1,0.25,0.09015063039329194
11,1,0.26,0.09665889104272161
11,1,0.27,0.10356693268960479
11,1,0.28,0.11090634113110293
11,1,0.29,0.11871443405805127
11,1,0.3,0.12703552572122762
11,1,0.31,0.1359225387931072
11,1,0.32,0.14543908023179342
11,1,0.33,0.15566214512945534
11,1,0.34,0.1666856822774844
11,1,0.35,0.17862536019216635
11,1,0.36,0.19162503361037017
11,1,0.37,0.20586566359466155
11,1,0.38,0.22157785146369044
11,1,0.39,0.23905981936278353
11,1,0.4,0.25870381588120456
11,1,0.41,0.2810359445779711
11,1,0.42,0.3067781157136571
11,1,0.43,0.3369479240160038
11,1,0.44,0.3730266209618893
11,1,0.45,0.41725628953164895
11,1,0.46,0.4731992231992245
11,1,0.47,0.5468760669394553
11,1,0.48,0.6493279759165577
11,1,0.49,0.8032370585016411
11,1,0.5,1.0638410890054801
11,1,0.51,1.6100077864852227
11,1,0.52,3.446380513523107
11,1,0.53,24.808539018941932
11,1,0.54,1809.8994210821745
11,1,0.55,1000.0
11,1,0.56,1000.0
11,1,0.57,1000.0
11,1,0.58,1000.0
11,1,0.59,1000.0
11,1,0.6,1000.0
11,1,0.61,1000.0
11,1,0.62,1000.0
11,1,0.63,1000.0
11,1,0.64,1000.0
11,1,0.65,1000.0
11,1,0.66,1000.0
11,1,0.67,1000.0
11,1,0.68,1000.0
11,1,0.69,1000.0
11,1,0.7,1000.0
11,1,0.71,1000.0
11,1,0.72,1000.0
11,1,0.73,1000.0
11,1,0.74,1000.0
11,1,0.75,1000.0
11,1,0.76,1000.0
11,1,0.77,1000.0
11,1,0.78,1000.0
11,1,0.79,1000.0
11,1,0.8,1000.0
11,1,0.81,1000.0
11,1,0.82,1000.0
11,1,0.83,1000.0
11,1,0.84,1000.0
11,1,0.85,1000.0
11,1,0.86,1000.0
11,1,0.87,1000.0
11,1,0.88,1000.0
11,1,0.89,1000.0
11,1,0.9,1000.0
11,1,0.91,1000.0
11,1,0.92,1000.0
11,1,0.93,1000.0
11,1,0.94,1000.0
11,1,0.95,1000.0
11,1,0.96,1000.0
11,1,0.97,1000.0
11,1,0.98,1000.0
11,1,0.99,1000.0
11,1,1.0,1000.0
11,1,1.01,1000.0
11,1,1.02,1000.0
11,1,1.03,1000.0
11,1,1.04,1000.0
11,1,1.05,1000.0
11,1,1.06,1000.0
11,1,1.07,1000.0
11,1,1.08,1000.0
11,1,1.09,1000.0
11,1,1.1,1000.0
11,1,1.11,1000.0
11,1,1.12,1000.0
11,1,1.13,1000.0
11,1,1.14,1000.0
11,1,1.15,1000.0
11,1,1.16,1000.0
11,1,1.17,1000.0
11,1,1.18,1000.0
11,1,1.19,1000.0
11,1,1.2,1000.0
11,1,1.21,1000.0
11,1,1.22,1000.0
11,1,1.23,1000.0
11,1,1.24,1000.0
11,1,1.25,1000.0
11,1,1.26,1000.0
11,1,1.27,1000.0
11,1,1.28,1000.0
11,1,1.29,1000.0
11,1,1.3,1000.0
11,1,1.31,1000.0
11,1,1.32,1000.0
11,1,1.33,1000.0
11,1,1.34,1000.0
11,1,1.35,1000.0
11,1,1.36,1000.0
11,1,1.37,1000.0
11,1,1.38,1000.0
11,1,1.39,1000.0
11,1,1.4,1000.0
11,1,1.41,1000.0
11,1,1.42,1000.0
11,1,1.43,1000.0
11,1,1.44,1000.0
11,1,1.45,1000.0
11,1,1.46,1000.0
11,1,1.47,1000.0
11,1,1.48,1000.0
11,1,1.49,1000.0
11,1,1.5,1000.0
11,1,1.51,1000.0
11,1,1.52,1000.0
11,1,1.53,1000.0
11,1,1.54,1000.0
11,1,1.55,1000.0
11,1,1.56,1000.0
11,1,1.57,1000.0
11,1,1.58,1000.0
11,1,1.59,1000.0
11,1,1.6,1000.0
11,1,1.61,1000.0
11,1,1.62,1000.0
11,1,1.63,1000.0
11,1,1.64,1000.0
11,1,1.65,1000.0
11,1,1.66,1000.0
11,1,1.67,1000.0
11,1,1.68,1000.0
11,1,1.69,1000.0
11,1,1.7,1000.0
11,1,1.71,1000.0
11,1,1.72,1000.0
11,1,1.73,1000.0
11,1,1.74,1000.0
11,1,1.75,1000.0
11,1,1.76,1000.0
11,1,1.77,1000.0
11,1,1.78,1000.0
11,1,1.79,1000.0
11,1,1.8,1000.0
11,1,1.81,1000.0
11,1,1.82,1000.0
11,1,1.83,1000.0
11,1,1.84,1000.0
11,1,1.85,1000.0
11,1,1.86,1000.0
11,1,1.87,1000.0
11,1,1.88,1000.0
11,1,1.89,1000.0
11,1,1.9,1000.0
11,1,1.91,1000.0
11,1,1.92,1000.0
11,1,1.93,1000.0
11,1,1.94,1000.0
11,1,1.95,1000.0
11,1,1.96,1000.0
11,1,1.97,1000.0
11,1,1.98,1000.0
11,1,1.99,1000.0
11,1,2.0,1000.0
11,2,-2.0,3.121727170629639
11,2,-1.99,3.1007995923105494
11,2,-1.98,3.0799267798045724
11,2,-1.97,3.0591142306385235
11,2,-1.96,3.0383673404241396
11,2,-1.95,3.0176913625427213
11,2,-1.94,2.9970913702210944
11,2,-1.93,2.9765722220012525
11,2,-1.92,2.956138531494657
11,2,-1.91,2.9357946421525516
11,2,-1.9,2.915544607583686
11,2,-1.89,2.8953921777214564
11,2,-1.88,2.875340790896974
11,2,-1.87,2.8553935716282077
11,2,-1.86,2.835553333702501
11,2,-1.85,2.815822587924726
11,2,-1.84,2.796203553737382
11,2,-1.83,2.776698173800065
11,2,-1.82,2.7573081305493137
11,2,-1.81,2.738034863745569
11,2,-1.8,2.718879588049945
11,2,-1.79,2.699843309753276
11,2,-1.78,2.6809268418955483
11,2,-1.77,2.6621308171556044
11,2,-1.76,2.6434556980492236
11,2,-1.75,2.624901784138044
11,2,-1.74,2.6064692161139256
11,2,-1.73,2.5881579767754275
11,2,-1.72,2.5699678890494186
11,2,-1.71,2.5518986113272892
11,2,-1.7,2.533949630479271
11,2,-1.69,2.516120252980974
11,2,-1.68,2.498409594633879
11,2,-1.67,2.480816569387005
11,2,-1.66,2.4633398777727584
11,2,-1.65,2.4459779954578478
11,2,-1.64,2.4287291623835454
11,2,-1.63,2.411591372930303
11,2,-1.62,2.394562367493624
11,2,-1.61,2.3776396258025443
11,2,-1.6,2.36082036225262
11,2,-1.59,2.3441015234634226
11,2,-1.58,2.32747978820832
11,2,-1.57,2.310951569803821
11,2,-1.56,2.2945130209878752
11,2,-1.55,2.278160041263045
11,2,-1.54,2.2618882866317875
11,2,-1.53,2.2456931816085453
11,2,-1.52,2.229569933356736
11,2,-1.51,2.2135135477690193
11,2,-1.5,2.1975188472858767
11,2,-1.49,2.181580490230847
11,2,-1.48,2.165692991430186
11,2,-1.47,2.1498507438799046
11,2,-1.46,2.134048041223616
11,2,-1.45,2.1182791008095134
11,2,-1.44,2.102538087103728
11,2,-1.43,2.0868191352493257
11,2,-1.42,2.0711163745746495
11,2,-1.41,2.055423951870932
11,2,-1.4,2.0397360542764185
11,2,-1.39,2.0240469316220775
11,2,-1.38,2.008350918111797
11,2,-1.37,1.9926424532273839
11,2,-1.36,1.9769161017652528
11,2,-1.35,1.9611665729273222
11,2,-1.34,1.945388738402908
11,2,-1.33,1.9295776493914032
11,2,-1.32,1.9137285525270653
11,2,-1.31,1.8978369046774302
11,2,-1.3,1.88189838659562
11,2,-1.29,1.8659089154143367
11,2,-1.28,1.8498646559757252
11,2,-1.27,1.8337620309965597
11,2,-1.26,1.8175977300726007
11,2,-1.25,1.8013687175296935
11,2,-1.24,1.7850722391320815
11,2,-1.23,1.7687058276610061
11,2,-1.22,1.7522673073788055
11,2,-1.21,1.7357547973954888
11,2,-1.2,1.71916671395665
11,2,-1.19,1.7025017716729658
11,2,-1.18,1.6857589837132976
11,2,-1.17,1.6689376609848825
11,2,-1.16,1.6520374103258542
11,2,-1.15,1.635058131737088
11,2,-1.14,1.618000014682219
11,2,-1.13,1.600863533486753
11,2,-1.12,1.5836494418692935
11,2,-1.11,1.566358766640172
11,2,-1.1,1.5489928006051723
11,2,-1.09,1.5315530947144214
11,2,-1.08,1.514041449499147
11,2,-1.07,1.4964599058414636
11,2,-1.06,1.478810735125021
11,2,-1.05,1.4610964288168424
11,2,-1.04,1.443319687533231
11,2,-1.03,1.4254834096450402
11,2,-1.02,1.407590679479933
11,2,-1.01,1.3896447551813658
11,2,-1.0,1.371649056286066
11,2,-0.99,1.3536071510834482
11,2,-0.98,1.335522743821975
11,2,-0.97,1.317399661828553
11,2,-0.96,1.2992418426080299
11,2,-0.95,1.2810533209902515
11,2,-0.94,1.2628382163923204
11,2,-0.93,1.2446007202633327
11,2,-0.92,1.226345083778127
11,2,-0.91,1.2080756058453312
11,2,-0.9,1.18979662149327
11,2,-0.89,1.171512490695015
11,2,-0.88,1.1532275876911335
11,2,-0.87,1.1349462908653127
11,2,-0.86,1.116672973224228
11,2,-0.85,1.0984119935285654
11,2,-0.84,1.0801676881172066
11,2,-0.83,1.0619443634610597
11,2,-0.82,1.0437462894770717
11,2,-0.81,1.025577693626493
11,2,-0.8,1.0074427558145638
11,2,-0.79,0.98934560410151
11,2,-0.78,0.9712903112271881
11,2,-0.77,0.9532808919438077
11,2,-0.76,0.9353213011432393
11,2,-0.75,0.9174154327573637
11,2,-0.74,0.8995671194019299
11,2,-0.73,0.8817801327267082
11,2,-0.72,0.8640581844272853
11,2,-0.71,0.8464049278670046
11,2,-0.7,0.8288239602513903
11,2,-0.69,0.8113188252920608
11,2,-0.68,0.7938930162928755
11,2,-0.67,0.7765499795880308
11,2,-0.66,0.7592931182601192
11,2,-0.65,0.7421257960660398
11,2,-0.64,0.7250513415001859
11,2,-0.63,0.7080730519275807
11,2,-0.62,0.6911941977247387
11,2,-0.61,0.6744180263729774
11,2,-0.6,0.6577477664576382
11,2,-0.59,0.6411866315372282
11,2,-0.58,0.6247378238586692
11,2,-0.57,0.6084045379085993
11,2,-0.56,0.5921899638058064
11,2,-0.55,0.5760972905562713
11,2,-0.54,0.5601297092098344
11,2,-0.53,0.544290415976068
11,2,-0.52,0.5285826153765562
11,2,-0.51,0.5130095235315977
11,2,-0.5,0.4975743717017332
11,2,-0.49,0.48228041022934937
11,2,-0.48,0.46713091305484294
11,2,-0.47,0.45212918301943955
11,2,-0.46,0.43727855822161205
11,2,-0.45,0.42258241978488986
11,2,-0.44,0.40804420156221133
11,2,-0.43,0.3936674026293399
11,2,-0.42,0.37945560406760187
11,2,-0.41,0.3654124927520336
11,2,-0.4,0.3515418967439908
11,2,-0.39,0.33784783796954504
11,2,-0.38,0.324334600240684
11,2,-0.37,0.31100677456683384
11,2,-0.36,0.2978691847868287
11,2,-0.35,0.28492666537579003
11,2,-0.34,0.27218394663208034
11,2,-0.33,0.2596458612058927
11,2,-0.32,0.24731763454861805
11,2,-0.31,0.23520501958546486
11,2,-0.3,0.22331431524301165
11,2,-0.29,0.21165236202097576
11,2,-0.28,0.20022654776188345
11,2,-0.27,0.1890448230266041
11,2,-0.26,0.17811571886128036
11,2,-0.25,0.1674483610414501
11,2,-0.24,0.15705247691782503
11,2,-0.23,0.1469383928264859
11,2,-0.22,0.1371170236613167
11,2,-0.21,0.12759987254490668
11,2,-0.2,0.11839914453040086
11,2,-0.19,0.10952842056385176
11,2,-0.18,0.10100395740399748
11,2,-0.17,0.0928408057835872
11,2,-0.16,0.08504884613507632
11,2,-0.15,0.07763909268036394
11,2,-0.14,0.07062446164365549
11,2,-0.13,0.0640183240681418
11,2,-0.12,0.05783399307818157
11,2,-0.11,0.05208455296264897
11,2,-0.1,0.04678276253369161
11,2,-0.09,0.04194098143573055
11,2,-0.08,0.037571112871709875
11,2,-0.07,0.0336845646281848
11,2,-0.06,0.030292233577722996
11,2,-0.05,0.02740452601367429
11,2,-0.04,0.02503145131347989
11,2,-0.03,0.02318291949687296
11,2,-0.02,0.021869706635883213
11,2,-0.01,0.02110637505870397
11,2,0.0,0.020915482849303117
11,2,0.01,0.021316320429533683
11,2,0.02,0.022306176773708962
11,2,0.03,0.02387954930556646
11,2,0.04,0.02603990660654114
11,2,0.05,0.028796027317516994
11,2,0.06,0.03215970930847417
11,2,0.07,0.036145556522032746
11,2,0.08,0.04077161430695607
11,2,0.09,0.046060471551828006
11,2,0.1,0.05204081928680934
11,2,0.11,0.058749608075737834
11,2,0.12,0.06623506701415774
11,2,0.13,0.07456101058773254
11,2,0.14,0.08381312587029759
11,2,0.15,0.09410839528903261
11,2,0.16,0.10560965890188115
11,2,0.17,0.11854902102508892
11,2,0.18,0.13326773043256923
11,2,0.19,0.15028609458085385
11,2,0.2,0.17041802333855963
11,2,0.21,0.19501532010411637
11,2,0.22,0.2265118625742301
11,2,0.23,0.26973051681755095
11,2,0.24,0.33571040730386487
11,2,0.25,0.4564629475391718
11,2,0.26,0.7812412369494458
11,2,0.27,6.4880360385986195
11,2,0.28,1000.0
11,2,0.29,1000.0
11,2,0.3,1000.0
11,2,0.31,1000.0
11,2,0.32,1000.0
11,2,0.33,1000.0
11,2,0.34,1000.0
11,2,0.35,1000.0
11,2,0.36,1000.0
11,2,0.37,1000.0
11,2,0.38,1000.0
11,2,0.39,1000.0
11,2,0.4,1000.0
11,2,0.41,1000.0
11,2,0.42,1000.0
11,2,0.43,1000.0
11,2,0.44,1000.0
11,2,0.45,1000.0
11,2,0.46,1000.0
11,2,0.47,1000.0
11,2,0.48,1000.0
11,2,0.49,1000.0
11,2,0.5,1000.0
11,2,0.51,1000.0
11,2,0.52,1000.0
11,2,0.53,1000.0
11,2,0.54,1000.0
11,2,0.55,1000.0
11,2,0.56,1000.0
11,2,0.57,1000.0
11,2,0.58,1000.0
11,2,0.59,1000.0
11,2,0.6,1000.0
11,2,0.61,1000.0
11,2,0.62,1000.0
11,2,0.63,1000.0
11,2,0.64,1000.0
11,2,0.65,1000.0
11,2,0.66,1000.0
11,2,0.67,1000.0
11,2,0.68,1000.0
11,2,0.69,1000.0
11,2,0.7,1000.0
11,2,0.71,1000.0
11,2,0.72,1000.0
11,2,0.73,1000.0
11,2,0.74,1000.0
11,2,0.75,1000.0
11,2,0.76,1000.0
11,2,0.77,1000.0
11,2,0.78,1000.0
11,2,0.79,1000.0
11,2,0.8,1000.0
11,2,0.81,1000.0
11,2,0.82,1000.0
11,2,0.83,1000.0
11,2,0.84,1000.0
11,2,0.85,1000.0
11,2,0.86,1000.0
11,2,0.87,1000.0
11,2,0.88,1000.0
11,2,0.89,1000.0
11,2,0.9,1000.0
11,2,0.91,1000.0
11,2,0.92,1000.0
11,2,0.93,1000.0
11,2,0.94,1000.0
11,2,0.95,1000.0
11,2,0.96,1000.0
11,2,0.97,1000.0
11,2,0.98,1000.0
11,2,0.99,1000.0
11,2,1.0,1000.0
11,2,1.01,1000.0
11,2,1.02,1000.0
11,2,1.03,1000.0
11,2,1.04,1000.0
11,2,1.05,1000.0
11,2,1.06,1000.0
11,2,1.07,1000.0
11,2,1.08,1000.0
11,2,1.09,1000.0
11,2,1.1,1000.0
11,2,1.11,1000.0
11,2,1.12,1000.0
11,2,1.13,1000.0
11,2,1.14,1000.0
11,2,1.15,1000.0
11,2,1.16,1000.0
11,2,1.17,1000.0
11,2,1.18,1000.0
11,2,1.19,1000.0
11,2,1.2,1000.0
11,2,1.21,1000.0
11,2,1.22,1000.0
11,2,1.23,1000.0
11,2,1.24,1000.0
11,2,1.25,1000.0
11,2,1.26,1000.0
11,2,1.27,1000.0
11,2,1.28,1000.0
11,2,1.29,1000.0
11,2,1.3,1000.0
11,2,1.31,1000.0
11,2,1.32,1000.0
11,2,1.33,1000.0
11,2,1.34,1000.0
11,2,1.35,1000.0
11,2,1.36,1000.0
11,2,1.37,1000.0
11,2,1.38,1000.0
11,2,1.39,1000.0
11,2,1.4,1000.0
11,2,1.41,1000.0
11,2,1.42,1000.0
11,2,1.43,1000.0
11,2,1.44,1000.0
11,2,1.45,1000.0
11,2,1.46,1000.0
11,2,1.47,1000.0
11,2,1.48,1000.0
11,2,1.49,1000.0
11,2,1.5,1000.0
11,2,1.51,1000.0
11,2,1.52,1000.0
11,2,1.53,1000.0
11,2,1.54,1000.0
11,2,1.55,1000.0
11,2,1.56,1000.0
11,2,1.57,1000.0
11,2,1.58,1000.0
11,2,1.59,1000.0
11,2,1.6,1000.0
11,2,1.61,1000.0
11,2,1.62,1000.0
11,2,1.63,1000.0
11,2,1.64,1000.0
11,2,1.65,1000.0
11,2,1.66,1000.0
11,2,1.67,1000.0
11,2,1.68,1000.0
11,2,1.69,1000.0
11,2,1.7,1000.0
11,2,1.71,1000.0
11,2,1.72,1000.0
11,2,1.73,1000.0
11,2,1.74,1000.0
11,2,1.75,1000.0
11,2,1.76,1000.0
11,2,1.77,1000.0
11,2,1.78,1000.0
11,2,1.79,1000.0
11,2,1.8,1000.0
11,2,1.81,1000.0
11,2,1.82,1000.0
11,2,1.83,1000.0
11,2,1.84,1000.0
11,2,1.85,1000.0
11,2,1.86,1000.0
11,2,1.87,1000.0
11,2,1.88,1000.0
11,2,1.89,1000.0
11,2,1.9,1000.0
11,2,1.91,1000.0
11,2,1.92,1000.0
11,2,1.93,1000.0
11,2,1.94,1000.0
11,2,1.95,1000.0
11,2,1.96,1000.0
11,2,1.97,1000.0
11,2,1.98,1000.0
11,2,1.99,1000.0
11,2,2.0,1000.0
11,5,-2.0,4.981866285978015
11,5,-1.99,4.964206354813466
11,5,-1.98,4.9472832358724625
11,5,-1.97,4.9306964767816694
11,5,-1.96,4.913594033434273
11,5,-1.95,4.894425807524889
11,5,-1.94,4.8709828160790005
11,5,-1.93,4.840718738092274
11,5,-1.92,4.802703886221608
11,5,-1.91,4.764670489110575
11,5,-1.9,4.7443589850408685
11,5,-1.89,4.746415343580551
11,5,-1.88,4.7433846129252455
11,5,-1.87,4.748483255353361
11,5,-1.86,4.775242244790217
11,5,-1.85,4.828082353321877
11,5,-1.84,4.897625639982326
11,5,-1.83,4.970158361254343
11,5,-1.82,5.030181210109166
11,5,-1.81,5.0604467579243515
11,5,-1.8,5.064897031422689
11,5,-1.79,5.057279221370488
11,5,-1.78,5.046034738619272
11,5,-1.77,5.037449099913557
11,5,-1.76,5.035249316417257
11,5,-1.75,5.039043926262791
11,5,-1.74,5.046064278057476
11,5,-1.73,5.05344601267664
11,5,-1.72,5.059274886296538
11,5,-1.71,5.062549857025998
11,5,-1.7,5.062751189039072
11,5,-1.69,5.059521695676966
11,5,-1.68,5.052615611353766
11,5,-1.67,5.042023919510415
11,5,-1.66,5.028096477554561
11,5,-1.65,5.011531606322986
11,5,-1.64,4.993230890756594
11,5,-1.63,4.97410598503613
11,5,-1.62,4.954924811060078
11,5,-1.61,4.936236761186128
11,5,-1.6,4.918370729133204
11,5,-1.59,4.901477057046539
11,5,-1.58,4.885583332320422
11,5,-1.57,4.870644132170658
11,5,-1.56,4.856576585508663
11,5,-1.55,4.843281819517755
11,5,-1.54,4.830656047950857
11,5,-1.53,4.818595536634778
11,5,-1.52,4.806998661577974
11,5,-1.51,4.795766966141732
11,5,-1.5,4.784806089626836
11,5,-1.49,4.774026807682098
11,5,-1.48,4.763346124100932
11,5,-1.47,4.752688263631597
11,5,-1.46,4.7419854330728635
11,5,-1.45,4.731178274551714
11,5,-1.44,4.720215993153064
11,5,-1.43,4.709056185205711
11,5,-1.42,4.697664420049805
11,5,-1.41,4.686013639322809
11,5,-1.4,4.67408343793785
11,5,-1.39,4.661859284215247
11,5,-1.38,4.6493317264922975
11,5,-1.37,4.636495622413925
11,5,-1.36,4.6233494165322675
11,5,-1.35,4.609894482638884
11,5,-1.34,4.596134539738915
11,5,-1.33,4.582075144748489
11,5,-1.32,4.56772326067346
11,5,-1.31,4.553086895950974
11,5,-1.3,4.538174808537053
11,5,-1.29,4.522996266964494
11,5,-1.28,4.5075608597841645
11,5,-1.27,4.491878344398713
11,5,-1.26,4.4759585262085535
11,5,-1.25,4.459811159162176
11,5,-1.24,4.443445859212203
11,5,-1.23,4.42687202282038
11,5,-1.22,4.41009874353419
11,5,-1.21,4.393134720783099
11,5,-1.2,4.375988156418173
11,5,-1.19,4.3586666361392625
11,5,-1.18,4.341176994800915
11,5,-1.17,4.32352516662222
11,5,-1.16,4.305716023487283
11,5,-1.15,4.287753206724808
11,5,-1.14,4.269638959883996
11,5,-1.13,4.251373971942389
11,5,-1.12,4.232957241932756
11,5,-1.11,4.214385976998511
11,5,-1.1,4.195655536228752
11,5,-1.09,4.1767594321646655
11,5,-1.08,4.157689400540814
11,5,-1.07,4.138435546629914
11,5,-1.06,4.118986573572468
11,5,-1.05,4.099330094431175
11,5,-1.04,4.079453025586988
11,5,-1.03,4.05934205465606
11,5,-1.02,4.038984171480613
11,5,-1.01,4.018367246001623
11,5,-1.0,3.997480631994744
11,5,-0.99,3.9763157708209964
11,5,-0.98,3.9548667647324565
11,5,-0.97,3.933130885344646
11,5,-0.96,3.9111089803873886
11,5,-0.95,3.8888057417285116
11,5,-0.94,3.8662298008904563
11,5,-0.93,3.8433936255108487
11,5,-0.92,3.820313201484005
11,5,-0.91,3.7970075000849706
11,5,-0.9,3.7734977456147543
11,5,-0.89,3.7498065148295994
11,5,-0.88,3.7259567123153094
11,5,-0.87,3.701970474135507
11,5,-0.86,3.6778680544729494
11,5,-0.85,3.6536667466310866
11,5,-0.84,3.6293798817352623
11,5,-0.83,3.605015937563443
11,5,-0.82,3.58057777823231
11,5,-0.81,3.5560620349055543
11,5,-0.8,3.531458629739548
11,5,-0.79,3.5067504407514885
11,5,-0.78,3.481913104341548
11,5,-0.77,3.456914954416759
11,5,-0.76,3.431717101632464
11,5,-0.75,3.4062736621113396
11,5,-0.74,3.3805321509175235
11,5,-0.73,3.3544340603340514
11,5,-0.72,3.3279156454776206
11,5,-0.71,3.3009089390375066
11,5,-0.7,3.2733430123049536
11,5,-0.69,3.2451454909353643
11,5,-0.68,3.2162443212824945
11,5,-0.67,3.186569767263502
11,5,-0.66,3.156056599307648
11,5,-0.65,3.1246464165725545
11,5,-0.64,3.0922900213646694
11,5,-0.63,3.058949740211263
11,5,-0.62,3.024601559112666
11,5,-0.61,2.989236912456394
11,5,-0.6,2.952863940346026
11,5,-0.59,2.915508016407356
11,5,-0.58,2.8772113598694284
11,5,-0.57,2.8380315946647303
11,5,-0.56,2.7980392118970956
11,5,-0.55,2.7573140260522355
11,5,-0.54,2.7159408701234677
11,5,-0.53,2.674004917308203
11,5,-0.52,2.6315871091961016
11,5,-0.51,2.5887601824170385
11,5,-0.5,2.545585706911385
11,5,-0.49,2.502112392828223
11,5,-0.48,2.458375722881043
11,5,-0.47,2.4143987647033307
11,5,-0.46,2.3701938509108764
11,5,-0.45,2.3257647071788687
11,5,-0.44,2.281108568276778
11,5,-0.43,2.2362178428791974
11,5,-0.42,2.1910809569622502
11,5,-0.41,2.145682108323076
11,5,-0.4,2.0999997895409788
11,5,-0.39,2.0540040749383683
11,5,-0.38,2.0076528083596816
11,5,-0.37,1.9608869540762797
11,5,-0.36,1.9136254915388937
11,5,-0.35,1.8657604995367059
11,5,-0.34,1.8171535721093006
11,5,-0.33,1.7676348837068296
11,5,-0.32,1.7170059446510229
11,5,-0.31,1.665047121757858
11,5,-0.3,1.6115310098274833
11,5,-0.29,1.5562420128992696
11,5,-0.28,1.4990010063399752
11,5,-0.27,1.4396919817881852
11,5,-0.26,1.3782857210206052
11,5,-0.25,1.3148547543947542
11,5,-0.24,1.2495750378886534
11,5,-0.23,1.18271324367694
11,5,-0.22,1.1146037810874592
11,5,-0.21,1.0456251524839761
11,5,-0.2,0.9761880106525691
11,5,-0.19,0.9067428622148171
11,5,-0.18,0.8377998989279895
11,5,-0.17,0.7699284883281574
11,5,-0.16,0.7037102266874831
11,5,-0.15,0.639650672080344
11,5,-0.14,0.5780724381142477
11,5,-0.13,0.519051530757082
11,5,-0.12,0.4624294306799469
11,5,-0.11,0.40787916260202156
11,5,-0.1,0.3549893590139441
11,5,-0.09,0.3033753654227098
11,5,-0.08,0.252878896271124
11,5,-0.07,0.2038772103166269
11,5,-0.06,0.15755392249477707
11,5,-0.05,0.11583569091403105
11,5,-0.04,0.08082755742768324
11,5,-0.03,0.05399705050465024
11,5,-0.02,0.03565267209071803
11,5,-0.01,0.02504523897384188
11,5,0.0,0.020895430727674334
11,5,0.01,0.021900984874467996
11,5,0.02,0.026998585555044648
11,5,0.03,0.035449945325321155
11,5,0.04,0.04681725637947493
11,5,0.05,0.06090316022893738
11,5,0.06,0.07771314368110553
11,5,0.07,0.09746253436104463
11,5,0.08,0.12065535050081866
11,5,0.09,0.14831055869481424
11,5,0.1,0.18258278493499097
11,5,0.11,0.22877793704211918
11,5,0.12,0.3047909610248521
11,5,0.13,0.55072922416917
11,5,0.14,1000.0
11,5,0.15,1000.0
11,5,0.16,1000.0
11,5,0.17,1000.0
11,5,0.18,1000.0
11,5,0.19,1000.0
11,5,0.2,1000.0
11,5,0.21,1000.0
11,5,0.22,1000.0
11,5,0.23,1000.0
11,5,0.24,1000.0
11,5,0.25,1000.0
11,5,0.26,1000.0
11,5,0.27,1000.0
11,5,0.28,1000.0
11,5,0.29,1000.0
11,5,0.3,1000.0
11,5,0.31,1000.0
11,5,0.32,1000.0
11,5,0.33,1000.0
11,5,0.34,1000.0
11,5,0.35,1000.0
11,5,0.36,1000.0
11,5,0.37,1000.0
11,5,0.38,1000.0
11,5,0.39,1000.0
11,5,0.4,1000.0
11,5,0.41,1000.0
11,5,0.42,1000.0
11,5,0.43,1000.0
11,5,0.44,1000.0
11,5,0.45,1000.0
11,5,0.46,1000.0
11,5,0.47,1000.0
11,5,0.48,1000.0
11,5,0.49,1000.0
11,5,0.5,1000.0
11,5,0.51,1000.0
11,5,0.52,1000.0
11,5,0.53,1000.0
11,5,0.54,1000.0
11,5,0.55,1000.0
11,5,0.56,1000.0
11,5,0.57,1000.0
11,5,0.58,1000.0
11,5,0.59,1000.0
11,5,0.6,1000.0
11,5,0.61,1000.0
11,5,0.62,1000.0
11,5,0.63,1000.0
11,5,0.64,1000.0
11,5,0.65,1000.0
11,5,0.66,1000.0
11,5,0.67,1000.0
11,5,0.68,1000.0
11,5,0.69,1000.0
11,5,0.7,1000.0
11,5,0.71,1000.0
11,5,0.72,1000.0
11,5,0.73,1000.0
11,5,0.74,1000.0
11,5,0.75,1000.0
11,5,0.76,1000.0
11,5,0.77,1000.0
11,5,0.78,1000.0
11,5,0.79,1000.0
11,5,0.8,1000.0
11,5,0.81,1000.0
11,5,0.82,1000.0
11,5,0.83,1000.0
11,5,0.84,1000.0
11,5,0.85,1000.0
11,5,0.86,1000.0
11,5,0.87,1000.0
11,5,0.88,1000.0
11,5,0.89,1000.0
11,5,0.9,1000.0
11,5,0.91,1000.0
11,5,0.92,1000.0
11,5,0.93,1000.0
11,5,0.94,1000.0
11,5,0.95,1000.0
11,5,0.96,1000.0
11,5,0.97,1000.0
11,5,0.98,1000.0
11,5,0.99,1000.0
11,5,1.0,1000.0
11,5,1.01,1000.0
11,5,1.02,1000.0
11,5,1.03,1000.0
11,5,1.04,1000.0
11,5,1.05,1000.0
11,5,1.06,1000.0
11,5,1.07,1000.0
11,5,1.08,1000.0
11,5,1.09,1000.0
11,5,1.1,1000.0
11,5,1.11,1000.0
11,5,1.12,1000.0
11,5,1.13,1000.0
11,5,1.14,1000.0
11,5,1.15,1000.0
11,5,1.16,1000.0
11,5,1.17,1000.0
11,5,1.18,1000.0
11,5,1.19,1000.0
11,5,1.2,1000.0
11,5,1.21,1000.0
11,5,1.22,1000.0
11,5,1.23,1000.0
11,5,1.24,1000.0
11,5,1.25,1000.0
11,5,1.26,1000.0
11,5,1.27,1000.0
11,5,1.28,1000.0
11,5,1.29,1000.0
11,5,1.3,1000.0
11,5,1.31,1000.0
11,5,1.32,1000.0
11,5,1.33,1000.0
11,5,1.34,1000.0
11,5,1.35,1000.0
11,5,1.36,1000.0
11,5,1.37,1000.0
11,5,1.38,1000.0
11,5,1.39,1000.0
11,5,1.4,1000.0
11,5,1.41,1000.0
11,5,1.42,1000.0
11,5,1.43,1000.0
11,5,1.44,1000.0
11,5,1.45,1000.0
11,5,1.46,1000.0
11,5,1.47,1000.0
11,5,1.48,1000.0
11,5,1.49,1000.0
11,5,1.5,1000.0
11,5,1.51,1000.0
11,5,1.52,1000.0
11,5,1.53,1000.0
11,5,1.54,1000.0
11,5,1.55,1000.0
11,5,1.56,1000.0
11,5,1.57,1000.0
11,5,1.58,1000.0
11,5,1.59,1000.0
11,5,1.6,1000.0
11,5,1.61,1000.0
11,5,1.62,1000.0
11,5,1.63,1000.0
11,5,1.64,1000.0
11,5,1.65,1000.0
11,5,1.66,1000.0
11,5,1.67,1000.0
11,5,1.68,1000.0
11,5,1.69,1000.0
11,5,1.7,1000.0
11,5,1.71,1000.0
11,5,1.72,1000.0
11,5,1.73,1000.0
11,5,1.74,1000.0
11,5,1.75,1000.0
11,5,1.76,1000.0
11,5,1.77,1000.0
11,5,1.78,1000.0
11,5,1.79,1000.0
11,5,1.8,1000.0
11,5,1.81,1000.0
11,5,1.82,1000.0
11,5,1.83,1000.0
11,5,1.84,1000.0
11,5,1.85,1000.0
11,5,1.86,1000.0
11,5,1.87,1000.0
11,5,1.88,1000.0
11,5,1.89,1000.0
11,5,1.9,1000.0
11,5,1.91,1000.0
11,5,1.92,1000.0
11,5,1.93,1000.0
11,5,1.94,1000.0
11,5,1.95,1000.0
11,5,1.96,1000.0
11,5,1.97,1000.0
11,5,1.98,1000.0
11,5,1.99,1000.0
11,5,2.0,1000.0
11,10,-2.0,5.525384973386595
11,10,-1.99,5.453182745543899
11,10,-1.98,5.261267286309441
11,10,-1.97,5.1153918127676015
11,10,-1.96,5.10298316308566
11,10,-1.95,5.194641974418496
11,10,-1.94,5.075912303742172
11,10,-1.93,4.9711513906113005
11,10,-1.92,4.8571255387267955
11,10,-1.91,4.816226305149556
11,10,-1.9,4.70219024103787
11,10,-1.89,4.62069239225243
11,10,-1.88,4.594535185707097
11,10,-1.87,4.577431057257426
11,10,-1.86,4.5322310249948
11,10,-1.85,4.480462565818912
11,10,-1.84,4.435318798845862
11,10,-1.83,4.403719071941242
11,10,-1.82,4.38759728300856
11,10,-1.81,4.378865525478114
11,10,-1.8,4.370113297384736
11,10,-1.79,4.356845920111602
11,10,-1.78,4.3363496358993014
11,10,-1.77,4.31077044365539
11,10,-1.76,4.2839917255937
11,10,-1.75,4.258277419860784
11,10,-1.74,4.234432365854823
11,10,-1.73,4.212782569102417
11,10,-1.72,4.193617678163031
11,10,-1.71,4.177158371355075
11,10,-1.7,4.163340255886745
11,10,-1.69,4.151714504579896
11,10,-1.68,4.1416050707427186
11,10,-1.67,4.13239279739324
11,10,-1.66,4.123708706064268
11,10,-1.65,4.115452155842153
11,10,-1.64,4.107693600087737
11,10,-1.63,4.100554720239625
11,10,-1.62,4.094122545421891
11,10,-1.61,4.088412820952763
11,10,-1.6,4.083373278801126
11,10,-1.59,4.078908374091742
11,10,-1.58,4.074908264844216
11,10,-1.57,4.071271251099026
11,10,-1.56,4.067916016620665
11,10,-1.55,4.064784925644825
11,10,-1.54,4.061841633961722
11,10,-1.53,4.059066198615867
11,10,-1.52,4.056449885609763
11,10,-1.51,4.053990811776589
11,10,-1.5,4.051690782827212
11,10,-1.49,4.0495532564980765
11,10,-1.48,4.047582182117682
11,10,-1.47,4.045781437294586
11,10,-1.46,4.044154616703072
11,10,-1.45,4.04270498024722
11,10,-1.44,4.041435418508481
11,10,-1.43,4.040348338289154
11,10,-1.42,4.039445412548035
11,10,-1.41,4.038727179710118
11,10,-1.4,4.038192517245175
11,10,-1.39,4.037838050492473
11,10,-1.38,4.037657585053336
11,10,-1.37,4.03764166499066
11,10,-1.36,4.037777357074216
11,10,-1.35,4.038048344221177
11,10,-1.34,4.038435383111081
11,10,-1.33,4.038917147537875
11,10,-1.32,4.039471445931448
11,10,-1.31,4.040076771758126
11,10,-1.3,4.040714118738649
11,10,-1.29,4.041368965502426
11,10,-1.28,4.042033302354998
11,10,-1.27,4.042707535600269
11,10,-1.26,4.043402069405147
11,10,-1.25,4.04413834890756
11,10,-1.24,4.044949176388017
11,10,-1.23,4.045878207374872
11,10,-1.22,4.046978697084939
11,10,-1.21,4.048311761656008
11,10,-1.2,4.049944561027055
11,10,-1.19,4.051948797851282
11,10,-1.18,4.054399689273476
11,10,-1.17,4.057375135897966
11,10,-1.16,4.0609543566338955
11,10,-1.15,4.065215059353295
11,10,-1.14,4.070228529004345
11,10,-1.13,4.0760528712123065
11,10,-1.12,4.082725744983859
11,10,-1.11,4.090258701549192
11,10,-1.1,4.098635227513523
11,10,-1.09,4.107813655443752
11,10,-1.08,4.117734595371525
11,10,-1.07,4.128331057346531
11,10,-1.06,4.139538547048844
11,10,-1.05,4.1513024523190305
11,10,-1.04,4.163580989115382
11,10,-1.03,4.176343476358838
11,10,-1.02,4.189565145061479
11,10,-1.01,4.203220462990066
11,10,-1.0,4.217276821122147
11,10,-0.99,4.231689612798496
11,10,-0.98,4.2463987788662
11,10,-0.97,4.261326293424517
11,10,-0.96,4.2763740352549835
11,10,-0.95,4.291421924149453
11,10,-0.94,4.3063268247600615
11,10,-0.93,4.32092326507989
11,10,-0.92,4.335027318733283
11,10,-0.91,4.348444994231186
11,10,-0.9,4.3609861097117095
11,10,-0.89,4.3724837876833
11,10,-0.88,4.382818210029035
11,10,-0.87,4.391941131099124
11,10,-0.86,4.399895408728759
11,10,-0.85,4.406822759868597
11,10,-0.84,4.412954528469055
11,10,-0.83,4.418584760112745
11,10,-0.82,4.4240304713166765
11,10,-0.81,4.429587566029798
11,10,-0.8,4.435490439725178
11,10,-0.79,4.441879815716512
11,10,-0.78,4.448779648137729
11,10,-0.77,4.45608248576901
11,10,-0.76,4.463544070677525
11,10,-0.75,4.470790837774841
11,10,-0.74,4.477346066965322
11,10,-0.73,4.482679239397856
11,10,-0.72,4.486277091001618
11,10,-0.71,4.487724852397991
11,10,-0.7,4.4867766651493675
11,10,-0.69,4.483391584031908
11,10,-0.68,4.477719790492566
11,10,-0.67,4.4700401250141235
11,10,-0.66,4.460666726941526
11,10,-0.65,4.449851053443092
11,10,-0.64,4.4377025695796135
11,10,-0.63,4.42414088325185
11,10,-0.62,4.408882385777565
11,10,-0.61,4.391462295123116
11,10,-0.6,4.371298301891823
11,10,-0.59,4.347806292946516
11,10,-0.58,4.320567813468143
11,10,-0.57,4.28951351565738
11,10,-0.56,4.2550408763089775
11,10,-0.55,4.217974942779162
11,10,-0.54,4.179349807394471
11,10,-0.53,4.140102812810862
11,10,-0.52,4.100831258433549
11,10,-0.51,4.061708926729877
11,10,-0.5,4.022556627812576
11,10,-0.49,3.9829953631118014
11,10,-0.48,3.942606387024728
11,10,-0.47,3.901050267589721
11,10,-0.46,3.8581268010108523
11,10,-0.45,3.8137768569425328
11,10,-0.44,3.768035551818978
11,10,-0.43,3.720949915161066
11,10,-0.42,3.6724823988409097
11,10,-0.41,3.6224375382180938
11,10,-0.4,3.570460569071154
11,10,-0.39,3.516137645560422
11,10,-0.38,3.459165652437401
11,10,-0.37,3.3994940071399706
11,10,-0.36,3.337340068286626
11,10,-0.35,3.2730535068539255
11,10,-0.34,3.2068829371018546
11,10,-0.33,3.138741256376784
11,10,-0.32,3.068108051156197
11,10,-0.31,2.9942306101591374
11,10,-0.3,2.916641125348316
11,10,-0.29,2.835697698062476
11,10,-0.28,2.7527819371291726
11,10,-0.27,2.6700653559530054
11,10,-0.26,2.5899428163178184
11,10,-0.25,2.5142553698857752
11,10,-0.24,2.4435964949127937
11,10,-0.23,2.3771611807667745
11,10,-0.22,2.313198356431354
11,10,-0.21,2.2495989822027527
11,10,-0.2,2.1842567652949945
11,10,-0.19,2.1152237463902144
11,10,-0.18,2.040837114448548
11,10,-0.17,1.959894407828261
11,10,-0.16,1.871753721245383
11,10,-0.15,1.7761584632315541
11,10,-0.14,1.672886839763939
11,10,-0.13,1.5616975363814847
11,10,-0.12,1.442788818897311
11,10,-0.11,1.3172837090153644
11,10,-0.1,1.1874833431458698
11,10,-0.09,1.0577363891814981
11,10,-0.08,0.9318037814832294
11,10,-0.07,0.8083447079372514
11,10,-0.06,0.6840336700540574
11,10,-0.05,0.5550378746113821
11,10,-0.04,0.4180323374627681
11,10,-0.03,0.27233318090567127
11,10,-0.02,0.13112795672928243
11,10,-0.01,0.041185167230805036
11,10,0.0,0.01543365226590483
11,10,0.01,0.02972998796158286
11,10,0.02,0.08592073740325432
11,10,0.03,0.20542297945990237
11,10,0.04,0.42167771957396444
11,10,0.05,0.6910020288925713
11,10,0.06,0.8675684926423421
11,10,0.07,0.9845894908728379
11,10,0.08,1.0835199802644229
11,10,0.09,1.1753762911780739
11,10,0.1,1.2644237850214435
11,10,0.11,1.3527459392003223
11,10,0.12,1.4415554277303453
11,10,0.13,1.5317104522132117
11,10,0.14,1.6239695080469077
11,10,0.15,1.7191491906934417
11,10,0.16,1.8182580335125582
11,10,0.17,1.9226608219191286
11,10,0.18,2.0343528352373315
11,10,0.19,2.1565363209934048
11,10,0.2,2.2951879613223882
11,10,0.21,2.466223482695812
11,10,0.22,3.6757105588505863
11,10,0.23,1000.0
11,10,0.24,1000.0
11,10,0.25,1000.0
11,10,0.26,1000.0
11,10,0.27,1000.0
11,10,0.28,1000.0
11,10,0.29,1000.0
11,10,0.3,1000.0
11,10,0.31,1000.0
11,10,0.32,1000.0
11,10,0.33,1000.0
11,10,0.34,1000.0
11,10,0.35,1000.0
11,10,0.36,1000.0
11,10,0.37,1000.0
11,10,0.38,1000.0
11,10,0.39,1000.0
11,10,0.4,1000.0
11,10,0.41,1000.0
11,10,0.42,1000.0
11,10,0.43,1000.0
11,10,0.44,1000.0
11,10,0.45,1000.0
11,10,0.46,1000.0
11,10,0.47,1000.0
11,10,0.48,1000.0
11,10,0.49,1000.0
11,10,0.5,1000.0
11,10,0.51,1000.0
11,10,0.52,1000.0
11,10,0.53,1000.0
11,10,0.54,1000.0
11,10,0.55,1000.0
11,10,0.56,1000.0
11,10,0.57,1000.0
11,10,0.58,1000.0
11,10,0.59,1000.0
11,10,0.6,1000.0
11,10,0.61,1000.0
11,10,0.62,1000.0
11,10,0.63,1000.0
11,10,0.64,1000.0
11,10,0.65,1000.0
11,10,0.66,1000.0
11,10,0.67,1000.0
11,10,0.68,1000.0
11,10,0.69,1000.0
11,10,0.7,1000.0
11,10,0.71,1000.0
11,10,0.72,1000.0
11,10,0.73,1000.0
11,10,0.74,1000.0
11,10,0.75,1000.0
11,10,0.76,1000.0
11,10,0.77,1000.0
11,10,0.78,1000.0
11,10,0.79,1000.0
11,10,0.8,1000.0
11,10,0.81,1000.0
11,10,0.82,1000.0
11,10,0.83,1000.0
11,10,0.84,1000.0
11,10,0.85,1000.0
11,10,0.86,1000.0
11,10,0.87,1000.0
11,10,0.88,1000.0
11,10,0.89,1000.0
11,10,0.9,1000.0
11,10,0.91,1000.0
11,10,0.92,1000.0
11,10,0.93,1000.0
11,10,0.94,1000.0
11,10,0.95,1000.0
11,10,0.96,1000.0
11,10,0.97,1000.0
11,10,0.98,1000.0
11,10,0.99,1000.0
11,10,1.0,1000.0
11,10,1.01,1000.0
11,10,1.02,1000.0
11,10,1.03,1000.0
11,10,1.04,1000.0
11,10,1.05,1000.0
11,10,1.06,1000.0
11,10,1.07,1000.0
11,10,1.08,1000.0
11,10,1.09,1000.0
11,10,1.1,1000.0
11,10,1.11,1000.0
11,10,1.12,1000.0
11,10,1.13,1000.0
11,10,1.14,1000.0
11,10,1.15,1000.0
11,10,1.16,1000.0
11,10,1.17,1000.0
11,10,1.18,1000.0
11,10,1.19,1000.0
11,10,1.2,1000.0
11,10,1.21,1000.0
11,10,1.22,1000.0
11,10,1.23,1000.0
11,10,1.24,1000.0
11,10,1.25,1000.0
11,10,1.26,1000.0
11,10,1.27,1000.0
11,10,1.28,1000.0
11,10,1.29,1000.0
11,10,1.3,1000.0
11,10,1.31,1000.0
11,10,1.32,1000.0
11,10,1.33,1000.0
11,10,1.34,1000.0
11,10,1.35,1000.0
11,10,1.36,1000.0
11,10,1.37,1000.0
11,10,1.38,1000.0
11,10,1.39,1000.0
11,10,1.4,1000.0
11,10,1.41,1000.0
11,10,1.42,1000.0
11,10,1.43,1000.0
11,10,1.44,1000.0
11,10,1.45,1000.0
11,10,1.46,1000.0
11,10,1.47,1000.0
11,10,1.48,1000.0
11,10,1.49,1000.0
11,10,1.5,1000.0
11,10,1.51,1000.0
11,10,1.52,1000.0
11,10,1.53,1000.0
11,10,1.54,1000.0
11,10,1.55,1000.0
11,10,1.56,1000.0
11,10,1.57,1000.0
11,10,1.58,1000.0
11,10,1.59,1000.0
11,10,1.6,1000.0
11,10,1.61,1000.0
11,10,1.62,1000.0
11,10,1.63,1000.0
11,10,1.64,1000.0
11,10,1.65,1000.0
11,10,1.66,1000.0
11,10,1.67,1000.0
11,10,1.68,1000.0
11,10,1.69,1000.0
11,10,1.7,1000.0
11,10,1.71,1000.0
11,10,1.72,1000.0
11,10,1.73,1000.0
11,10,1.74,1000.0
11,10,1.75,1000.0
11,10,1.76,1000.0
11,10,1.77,1000.0
11,10,1.78,1000.0
11,10,1.79,1000.0
11,10,1.8,1000.0
11,10,1.81,1000.0
11,10,1.82,1000.0
11,10,1.83,1000.0
11,10,1.84,1000.0
11,10,1.85,1000.0
11,10,1.86,1000.0
11,10,1.87,1000.0
11,10,1.88,1000.0
11,10,1.89,1000.0
11,10,1.9,1000.0
11,10,1.91,1000.0
11,10,1.92,1000.0
11,10,1.93,1000.0
11,10,1.94,1000.0
11,10,1.95,1000.0
11,10,1.96,1000.0
11,10,1.97,1000.0
11,10,1.98,1000.0
11,10,1.99,1000.0
11,10,2.0,1000.0
11,25,-2.0,5.991949958240636
11,25,-1.99,5.7647934575483015
11,25,-1.98,5.292226532033041
11,25,-1.97,5.52134779011728
11,25,-1.96,5.575136186006222
11,25,-1.95,5.500659824340239
11,25,-1.94,5.310671367900331
11,25,-1.93,5.127748425503449
11,25,-1.92,4.962486278572229
11,25,-1.91,4.925920946485504
11,25,-1.9,4.815133830292103
11,25,-1.89,4.852301984363189
11,25,-1.88,4.884364392939076
11,25,-1.87,4.884355124884551
11,25,-1.86,4.89088030493153
11,25,-1.85,4.926034595693087
11,25,-1.84,4.9870313310749195
11,25,-1.83,5.027963344997866
11,25,-1.82,5.0269376934753565
11,25,-1.81,4.990651770345257
11,25,-1.8,4.958037956951721
11,25,-1.79,4.947360790191432
11,25,-1.78,4.938434173766735
11,25,-1.77,4.9217575027140565
11,25,-1.76,4.899173643759399
11,25,-1.75,4.869495937022365
11,25,-1.74,4.832689056839839
11,25,-1.73,4.797521614411107
11,25,-1.72,4.76969129037931
11,25,-1.71,4.749355385076023
11,25,-1.7,4.734755929832699
11,25,-1.69,4.723182713059596
11,25,-1.68,4.712678878414593
11,25,-1.67,4.702062956827911
11,25,-1.66,4.690450154329267
11,25,-1.65,4.6772916044059665
11,25,-1.64,4.662539872125211
11,25,-1.63,4.646596557715981
11,25,-1.62,4.6300804349904725
11,25,-1.61,4.613586698709191
11,25,-1.6,4.597545968707806
11,25,-1.59,4.582195149133862
11,25,-1.58,4.567618239660377
11,25,-1.57,4.5538082948449174
11,25,-1.56,4.54071991622359
11,25,-1.55,4.528302709186894
11,25,-1.54,4.5165186258424965
11,25,-1.53,4.505349699718419
11,25,-1.52,4.494801533301161
11,25,-1.51,4.4849055359684975
11,25,-1.5,4.475720895657248
11,25,-1.49,4.467335909628932
11,25,-1.48,4.459867461673293
11,25,-1.47,4.453456962538442
11,25,-1.46,4.448260935934563
11,25,-1.45,4.444434738232606
11,25,-1.44,4.442108857625007
11,25,-1.43,4.441359097002828
11,25,-1.42,4.442174841494587
11,25,-1.41,4.4444332739124945
11,25,-1.4,4.447890649826619
11,25,-1.39,4.452202092014506
11,25,-1.38,4.4569755707154295
11,25,-1.37,4.46185234671511
11,25,-1.36,4.466588246585958
11,25,-1.35,4.471094844347272
11,25,-1.34,4.475400626461588
11,25,-1.33,4.479530871219709
11,25,-1.32,4.483372901694373
11,25,-1.31,4.486621281468559
11,25,-1.3,4.488843514762898
11,25,-1.29,4.4896360175621925
11,25,-1.28,4.48882368342385
11,25,-1.27,4.486664281378884
11,25,-1.26,4.4839661631764995
11,25,-1.25,4.481924690417909
11,25,-1.24,4.4815595898229175
11,25,-1.23,4.4830492774431425
11,25,-1.22,4.485576099449349
11,25,-1.21,4.487949716670632
11,25,-1.2,4.489454337123521
11,25,-1.19,4.490018855683958
11,25,-1.18,4.4896545100567575
11,25,-1.17,4.488011503920093
11,25,-1.16,4.4844854755385
11,25,-1.15,4.478555417322337
11,25,-1.14,4.470002018557958
11,25,-1.13,4.458888802413343
11,25,-1.12,4.4453352511894115
11,25,-1.11,4.429364177204444
11,25,-1.1,4.411314666882361
11,25,-1.09,4.392402500106015
11,25,-1.08,4.374002366652414
11,25,-1.07,4.3561416278642175
11,25,-1.06,4.337243966826482
11,25,-1.05,4.315258841898753
11,25,-1.04,4.288871555889484
11,25,-1.03,4.258062683588144
11,25,-1.02,4.224340819805499
11,25,-1.01,4.190862908593884
11,25,-1.0,4.1612114162530585
11,25,-0.99,4.136688062394649
11,25,-0.98,4.114912035129217
11,25,-0.97,4.091116678479075
11,25,-0.96,4.060610967683305
11,25,-0.95,4.021083008945753
11,25,-0.94,3.9743790562529995
11,25,-0.93,3.9259583531333013
11,25,-0.92,3.8807477781409
11,25,-0.91,3.839421024717323
11,25,-0.9,3.7990236525514676
11,25,-0.89,3.756648623150408
11,25,-0.88,3.712269555983602
11,25,-0.87,3.668829314930588
11,25,-0.86,3.630296836701312
11,25,-0.85,3.5982386537097955
11,25,-0.84,3.5700867966456173
11,25,-0.83,3.541990029496982
11,25,-0.82,3.513539376262883
11,25,-0.81,3.490253192171664
11,25,-0.8,3.479975300187195
11,25,-0.79,3.485380309264797
11,25,-0.78,3.501965209954955
11,25,-0.77,3.5228698684873683
11,25,-0.76,3.544377163379392
11,25,-0.75,3.5674504863272922
11,25,-0.74,3.594376424390226
11,25,-0.73,3.625647367387787
11,25,-0.72,3.6601680569667145
11,25,-0.71,3.6962860582728227
11,25,-0.7,3.7332250438093078
11,25,-0.69,3.772078746414005
11,25,-0.68,3.813494646232808
11,25,-0.67,3.8550043742251368
11,25,-0.66,3.892706057124734
11,25,-0.65,3.9251071731306624
11,25,-0.64,3.9549742071959946
11,25,-0.63,3.9867392356216897
11,25,-0.62,4.0209279721693605
11,25,-0.61,4.052010424075938
11,25,-0.6,4.073423967838665
11,25,-0.59,4.085563083048562
11,25,-0.58,4.095766269778663
11,25,-0.57,4.1099530645337765
11,25,-0.56,4.126231330376779
11,25,-0.55,4.136542783463448
11,25,-0.54,4.1354874057267
11,25,-0.53,4.126858622697394
11,25,-0.52,4.117027950495005
11,25,-0.51,4.102903130149656
11,25,-0.5,4.0750478375880945
11,25,-0.49,4.033211182051644
11,25,-0.48,3.988872332994579
11,25,-0.47,3.945966408953482
11,25,-0.46,3.8953275347603022
11,25,-0.45,3.835068140931502
11,25,-0.44,3.775361974925378
11,25,-0.43,3.71670254431699
11,25,-0.42,3.654031930146959
11,25,-0.41,3.5972754094640953
11,25,-0.4,3.5571733690378244
11,25,-0.39,3.530842167807568
11,25,-0.38,3.5123342708134144
11,25,-0.37,3.5048213597792217
11,25,-0.36,3.509615617161886
11,25,-0.35,3.5234689383298283
11,25,-0.34,3.552054654152665
11,25,-0.33,3.5997964565505693
11,25,-0.32,3.6571451605545375
11,25,-0.31,3.717116840301599
11,25,-0.3,3.7885648173680386
11,25,-0.29,3.869918904461069
11,25,-0.28,3.9496693776313463
11,25,-0.27,4.026328200301109
11,25,-0.26,4.104342770175266
11,25,-0.25,4.180399419000987
11,25,-0.24,4.250123693019232
11,25,-0.23,4.313282840387943
11,25,-0.22,4.376418330141849
11,25,-0.21,4.432847657540574
11,25,-0.2,4.473676912511713
11,25,-0.19,4.501382148541732
11,25,-0.18,4.510474751849225
11,25,-0.17,4.517511639589511
11,25,-0.16,4.507019846352088
11,25,-0.15,4.4670096196174445
11,25,-0.14,4.396190873171975
11,25,-0.13,4.281592496233297
11,25,-0.12,4.124570068501572
11,25,-0.11,3.9212183941240673
11,25,-0.1,3.6582505649063037
11,25,-0.09,3.342225719016016
11,25,-0.08,2.9577090893187252
11,25,-0.07,2.529044206842668
11,25,-0.06,2.1553043379414123
11,25,-0.05,1.80917288976632
11,25,-0.04,1.4421824519557704
11,25,-0.03,1.0458605739238507
11,25,-0.02,0.6211489522144261
11,25,-0.01,0.19375564058910752
11,25,0.0,0.020700188701984125
11,25,0.01,0.22730489969346407
11,25,0.02,0.7481892139391485
11,25,0.03,1.6892065966457896
11,25,0.04,2.2737717127696646
11,25,0.05,2.778838016879628
11,25,0.06,2.9961084502214983
11,25,0.07,3.182149229726335
11,25,0.08,3.400645231946302
11,25,0.09,1000.0
11,25,0.1,1000.0
11,25,0.11,1000.0
11,25,0.12,1000.0
11,25,0.13,1000.0
11,25,0.14,1000.0
11,25,0.15,1000.0
11,25,0.16,1000.0
11,25,0.17,1000.0
11,25,0.18,1000.0
11,25,0.19,1000.0
11,25,0.2,1000.0
11,25,0.21,1000.0
11,25,0.22,1000.0
11,25,0.23,1000.0
11,25,0.24,1000.0
11,25,0.25,1000.0
11,25,0.26,1000.0
11,25,0.27,1000.0
11,25,0.28,1000.0
11,25,0.29,1000.0
11,25,0.3,1000.0
11,25,0.31,1000.0
11,25,0.32,1000.0
11,25,0.33,1000.0
11,25,0.34,1000.0
11,25,0.35,1000.0
11,25,0.36,1000.0
11,25,0.37,1000.0
11,25,0.38,1000.0
11,25,0.39,1000.0
11,25,0.4,1000.0
11,25,0.41,1000.0
11,25,0.42,1000.0
11,25,0.43,1000.0
11,25,0.44,1000.0
11,25,0.45,1000.0
11,25,0.46,1000.0
11,25,0.47,1000.0
11,25,0.48,1000.0
11,25,0.49,1000.0
11,25,0.5,1000.0
11,25,0.51,1000.0
11,25,0.52,1000.0
11,25,0.53,1000.0
11,25,0.54,1000.0
11,25,0.55,1000.0
11,25,0.56,1000.0
11,25,0.57,1000.0
11,25,0.58,1000.0
11,25,0.59,1000.0
11,25,0.6,1000.0
11,25,0.61,1000.0
11,25,0.62,1000.0
11,25,0.63,1000.0
11,25,0.64,1000.0
11,25,0.65,1000.0
11,25,0.66,1000.0
11,25,0.67,1000.0
11,25,0.68,1000.0
11,25,0.69,1000.0
11,25,0.7,1000.0
11,25,0.71,1000.0
11,25,0.72,1000.0
11,25,0.73,1000.0
11,25,0.74,1000.0
11,25,0.75,1000.0
11,25,0.76,1000.0
11,25,0.77,1000.0
11,25,0.78,1000.0
11,25,0.79,1000.0
11,25,0.8,1000.0
11,25,0.81,1000.0
11,25,0.82,1000.0
11,25,0.83,1000.0
11,25,0.84,1000.0
11,25,0.85,1000.0
11,25,0.86,1000.0
11,25,0.87,1000.0
11,25,0.88,1000.0
11,25,0.89,1000.0
11,25,0.9,1000.0
11,25,0.91,1000.0
11,25,0.92,1000.0
11,25,0.93,1000.0
11,25,0.94,1000.0
11,25,0.95,1000.0
11,25,0.96,1000.0
11,25,0.97,1000.0
11,25,0.98,1000.0
11,25,0.99,1000.0
11,25,1.0,1000.0
11,25,1.01,1000.0
11,25,1.02,1000.0
11,25,1.03,1000.0
11,25,1.04,1000.0
11,25,1.05,1000.0
11,25,1.06,1000.0
11,25,1.07,1000.0
11,25,1.08,1000.0
11,25,1.09,1000.0
11,25,1.1,1000.0
11,25,1.11,1000.0
11,25,1.12,1000.0
11,25,1.13,1000.0
11,25,1.14,1000.0
11,25,1.15,1000.0
11,25,1.16,1000.0
11,25,1.17,1000.0
11,25,1.18,1000.0
11,25,1.19,1000.0
11,25,1.2,1000.0
11,25,1.21,1000.0
11,25,1.22,1000.0
11,25,1.23,1000.0
11,25,1.24,1000.0
11,25,1.25,1000.0
11,25,1.26,1000.0
11,25,1.27,1000.0
11,25,1.28,1000.0
11,25,1.29,1000.0
11,25,1.3,1000.0
11,25,1.31,1000.0
11,25,1.32,1000.0
11,25,1.33,1000.0
11,25,1.34,1000.0
11,25,1.35,1000.0
11,25,1.36,1000.0
11,25,1.37,1000.0
11,25,1.38,1000.0
11,25,1.39,1000.0
11,25,1.4,1000.0
11,25,1.41,1000.0
11,25,1.42,1000.0
11,25,1.43,1000.0
11,25,1.44,1000.0
11,25,1.45,1000.0
11,25,1.46,1000.0
11,25,1.47,1000.0
11,25,1.48,1000.0
11,25,1.49,1000.0
11,25,1.5,1000.0
11,25,1.51,1000.0
11,25,1.52,1000.0
11,25,1.53,1000.0
11,25,1.54,1000.0
11,25,1.55,1000.0
11,25,1.56,1000.0
11,25,1.57,1000.0
11,25,1.58,1000.0
11,25,1.59,1000.0
11,25,1.6,1000.0
11,25,1.61,1000.0
11,25,1.62,1000.0
11,25,1.63,1000.0
11,25,1.64,1000.0
11,25,1.65,1000.0
11,25,1.66,1000.0
11,25,1.67,1000.0
11,25,1.68,1000.0
11,25,1.69,1000.0
11,25,1.7,1000.0
11,25,1.71,1000.0
11,25,1.72,1000.0
11,25,1.73,1000.0
11,25,1.74,1000.0
11,25,1.75,1000.0
11,25,1.76,1000.0
11,25,1.77,1000.0
11,25,1.78,1000.0
11,25,1.79,1000.0
11,25,1.8,1000.0
11,25,1.81,1000.0
11,25,1.82,1000.0
11,25,1.83,1000.0
11,25,1.84,1000.0
11,25,1.85,1000.0
11,25,1.86,1000.0
11,25,1.87,1000.0
11,25,1.88,1000.0
11,25,1.89,1000.0
11,25,1.9,1000.0
11,25,1.91,1000.0
11,25,1.92,1000.0
11,25,1.93,1000.0
11,25,1.94,1000.0
11,25,1.95,1000.0
11,25,1.96,1000.0
11,25,1.97,1000.0
11,25,1.98,1000.0
11,25,1.99,1000.0
11,25,2.0,1000.0
11,50,-2.0,6.525550793667681
11,50,-1.99,6.1210143282106575
11,50,-1.98,5.750465704350791
11,50,-1.97,6.0065377590394995
11,50,-1.96,5.686275833802698
11,50,-1.95,5.365670413070539
11,50,-1.94,5.318313907012337
11,50,-1.93,5.363997753338384
11,50,-1.92,5.274413072477196
11,50,-1.91,5.297335099534237
11,50,-1.9,5.135219443744227
11,50,-1.89,5.164003315156215
11,50,-1.88,5.129769567570064
11,50,-1.87,5.159903670432443
11,50,-1.86,5.068471681260515
11,50,-1.85,5.111567223707553
11,50,-1.84,5.126609586980337
11,50,-1.83,5.054129279212212
11,50,-1.82,4.991168770137104
11,50,-1.81,4.954433655747901
11,50,-1.8,4.916716969098827
11,50,-1.79,4.874750184518395
11,50,-1.78,4.841529315041057
11,50,-1.77,4.837445495235739
11,50,-1.76,4.857935637004871
11,50,-1.75,4.851068349960086
11,50,-1.74,4.816275592383258
11,50,-1.73,4.773985905820104
11,50,-1.72,4.734739662475785
11,50,-1.71,4.709302050221886
11,50,-1.7,4.698673996992745
11,50,-1.69,4.696343124401691
11,50,-1.68,4.697879981588009
11,50,-1.67,4.698413029795498
11,50,-1.66,4.696351337235229
11,50,-1.65,4.691802582508381
11,50,-1.64,4.684250868463079
11,50,-1.63,4.67352520683693
11,50,-1.62,4.6605509612845575
11,50,-1.61,4.646713083553655
11,50,-1.6,4.633079679314636
11,50,-1.59,4.620169296879425
11,50,-1.58,4.608090788677246
11,50,-1.57,4.596755180646517
11,50,-1.56,4.586019607017322
11,50,-1.55,4.57575086441299
11,50,-1.54,4.565837496130436
11,50,-1.53,4.556175634305675
11,50,-1.52,4.546642081982546
11,50,-1.51,4.537062722653944
11,50,-1.5,4.527187956514429
11,50,-1.49,4.516696606172931
11,50,-1.48,4.505251787643642
11,50,-1.47,4.492602126256877
11,50,-1.46,4.478667808626991
11,50,-1.45,4.463562018232731
11,50,-1.44,4.44761676174902
11,50,-1.43,4.4315297017816135
11,50,-1.42,4.4165807420756735
11,50,-1.41,4.404666907407169
11,50,-1.4,4.397898694447868
11,50,-1.39,4.397704864146204
11,50,-1.38,4.40371453197398
11,50,-1.37,4.413124236184794
11,50,-1.36,4.421677771100405
11,50,-1.35,4.426165473325829
11,50,-1.34,4.424914084725983
11,50,-1.33,4.415984146808162
11,50,-1.32,4.399361195988724
11,50,-1.31,4.380862967711844
11,50,-1.3,4.369829900955806
11,50,-1.29,4.370459201780447
11,50,-1.28,4.376438781797315
11,50,-1.27,4.380946727692313
11,50,-1.26,4.38593504383593
11,50,-1.25,4.390091323279235
11,50,-1.24,4.388625069334192
11,50,-1.23,4.384284476686868
11,50,-1.22,4.382163753769277
11,50,-1.21,4.381077255163571
11,50,-1.2,4.380950073357076
11,50,-1.19,4.381549961984066
11,50,-1.18,4.3802895028477655
11,50,-1.17,4.377318389976507
11,50,-1.16,4.3716083970476065
11,50,-1.15,4.364007016192579
11,50,-1.14,4.355135426366922
11,50,-1.13,4.34171697340628
11,50,-1.12,4.326386578954156
11,50,-1.11,4.316196192742133
11,50,-1.1,4.311164753490871
11,50,-1.09,4.312335374260417
11,50,-1.08,4.318373295358641
11,50,-1.07,4.323300284763639
11,50,-1.06,4.325824207137015
11,50,-1.05,4.331291413101549
11,50,-1.04,4.339826169254635
11,50,-1.03,4.341353109100411
11,50,-1.02,4.335882296074996
11,50,-1.01,4.332630871131538
11,50,-1.0,4.335054455170165
11,50,-0.99,4.341827391387776
11,50,-0.98,4.343780347815161
11,50,-0.97,4.338142793852172
11,50,-0.96,4.332622833053445
11,50,-0.95,4.3300136854625935
11,50,-0.94,4.318964978612051
11,50,-0.93,4.294595747380756
11,50,-0.92,4.270287383076528
11,50,-0.91,4.250454427657715
11,50,-0.9,4.2229768169503625
11,50,-0.89,4.190287420189997
11,50,-0.88,4.1563750768931484
11,50,-0.87,4.107674648995823
11,50,-0.86,4.051112015154927
11,50,-0.85,3.9952398552810955
11,50,-0.84,3.9206594949972047
11,50,-0.83,3.8517686783729177
11,50,-0.82,3.801905018637981
11,50,-0.81,3.7346176712512698
11,50,-0.8,3.6897540692125808
11,50,-0.79,3.694652084222294
11,50,-0.78,3.6797807883037255
11,50,-0.77,3.642429941267402
11,50,-0.76,3.633602008019798
11,50,-0.75,3.6353454737407134
11,50,-0.74,3.6380443086254606
11,50,-0.73,3.6682355465860264
11,50,-0.72,3.710665039268168
11,50,-0.71,3.753750895637091
11,50,-0.7,3.822234475880149
11,50,-0.69,3.8860091397014456
11,50,-0.68,3.947715103253582
11,50,-0.67,4.0252183328306215
11,50,-0.66,4.075538643244654
11,50,-0.65,4.11716333782961
11,50,-0.64,4.15595751382843
11,50,-0.63,4.173228039485854
11,50,-0.62,4.176038850809982
11,50,-0.61,4.161159454490015
11,50,-0.6,4.131677103110451
11,50,-0.59,4.094813119620159
11,50,-0.58,4.069764496521801
11,50,-0.57,4.074921292031087
11,50,-0.56,4.079233655697381
11,50,-0.55,4.069081228030501
11,50,-0.54,4.05728466540641
11,50,-0.53,4.038932734306746
11,50,-0.52,4.0146671767649575
11,50,-0.51,3.9984435472492783
11,50,-0.5,3.9935652252376608
11,50,-0.49,3.9971986961004733
11,50,-0.48,3.9797616959811624
11,50,-0.47,3.9840688114274667
11,50,-0.46,3.9805459157959397
11,50,-0.45,3.9848408652281426
11,50,-0.44,3.986391352259244
11,50,-0.43,3.9940404021755245
11,50,-0.42,3.9892051772722157
11,50,-0.41,3.9779323275613874
11,50,-0.4,3.9538476315938524
11,50,-0.39,3.9158863277586904
11,50,-0.38,3.867310281029445
11,50,-0.37,3.8306561924694815
11,50,-0.36,3.826159774094353
11,50,-0.35,3.8131318111133337
11,50,-0.34,3.786498669360101
11,50,-0.33,3.749353998991796
11,50,-0.32,3.7119709077775673
11,50,-0.31,3.6694874255786445
11,50,-0.3,3.6734153246701227
11,50,-0.29,3.689538066262232
11,50,-0.28,3.715334111906426
11,50,-0.27,3.746842952654435
11,50,-0.26,3.784658173183037
11,50,-0.25,3.827966638367871
11,50,-0.24,3.8732595839676613
11,50,-0.23,3.9030379639141044
11,50,-0.22,3.912221293682344
11,50,-0.21,3.9140056427568646
11,50,-0.2,3.9193345459170077
11,50,-0.19,3.943938554988615
11,50,-0.18,4.063068591966048
11,50,-0.17,4.233054866696905
11,50,-0.16,4.40167753527056
11,50,-0.15,4.567440659136065
11,50,-0.14,4.730550695724968
11,50,-0.13,4.900080505385363
11,50,-0.12,5.0800635813128965
11,50,-0.11,5.180166509717016
11,50,-0.1,5.1786705984173125
11,50,-0.09,5.090361798405504
11,50,-0.08,4.918918020311395
11,50,-0.07,4.600152943729687
11,50,-0.06,4.1358537062999865
11,50,-0.05,3.531178936206359
11,50,-0.04,2.772818176378793
11,50,-0.03,1.9802455220044124
11,50,-0.02,1.2266620502728225
11,50,-0.01,0.4428582637085847
11,50,0.0,0.02728570980472099
11,50,0.01,0.7173130963142602
11,50,0.02,2.332677401800059
11,50,0.03,2.177591297989648
11,50,0.04,2.3262630983939685
11,50,0.05,2.4019765697782334
11,50,0.06,2.4600617674226846
11,50,0.07,2.5081922879370575
11,50,0.08,2.54970029187833
11,50,0.09,2.5865094641851742
11,50,0.1,2.619865179515047
11,50,0.11,2.650638194632827
11,50,0.12,2.679482532979441
11,50,0.13,2.706931700885705
11,50,0.14,2.7334703532724145
11,50,0.15,2.7596064527326996
11,50,0.16,2.7859759358728944
11,50,0.17,2.8135527648516008
11,50,0.18,2.8442031780647756
11,50,0.19,2.882688517605733
11,50,0.2,2.9497513534942548
11,50,0.21,1000.0
11,50,0.22,1000.0
11,50,0.23,1000.0
11,50,0.24,1000.0
11,50,0.25,1000.0
11,50,0.26,1000.0
11,50,0.27,1000.0
11,50,0.28,1000.0
11,50,0.29,1000.0
11,50,0.3,1000.0
11,50,0.31,1000.0
11,50,0.32,1000.0
11,50,0.33,1000.0
11,50,0.34,1000.0
11,50,0.35,1000.0
11,50,0.36,1000.0
11,50,0.37,1000.0
11,50,0.38,1000.0
11,50,0.39,1000.0
11,50,0.4,1000.0
11,50,0.41,1000.0
11,50,0.42,1000.0
11,50,0.43,1000.0
11,50,0.44,1000.0
11,50,0.45,1000.0
11,50,0.46,1000.0
11,50,0.47,1000.0
11,50,0.48,1000.0
11,50,0.49,1000.0
11,50,0.5,1000.0
11,50,0.51,1000.0
11,50,0.52,1000.0
11,50,0.53,1000.0
11,50,0.54,1000.0
11,50,0.55,1000.0
11,50,0.56,1000.0
11,50,0.57,1000.0
11,50,0.58,1000.0
11,50,0.59,1000.0
11,50,0.6,1000.0
11,50,0.61,1000.0
11,50,0.62,1000.0
11,50,0.63,1000.0
11,50,0.64,1000.0
11,50,0.65,1000.0
11,50,0.66,1000.0
11,50,0.67,1000.0
11,50,0.68,1000.0
11,50,0.69,1000.0
11,50,0.7,1000.0
11,50,0.71,1000.0
11,50,0.72,1000.0
11,50,0.73,1000.0
11,50,0.74,1000.0
11,50,0.75,1000.0
11,50,0.76,1000.0
11,50,0.77,1000.0
11,50,0.78,1000.0
11,50,0.79,1000.0
11,50,0.8,1000.0
11,50,0.81,1000.0
11,50,0.82,1000.0
11,50,0.83,1000.0
11,50,0.84,1000.0
11,50,0.85,1000.0
11,50,0.86,1000.0
11,50,0.87,1000.0
11,50,0.88,1000.0
11,50,0.89,1000.0
11,50,0.9,1000.0
11,50,0.91,1000.0
11,50,0.92,1000.0
11,50,0.93,1000.0
11,50,0.94,1000.0
11,50,0.95,1000.0
11,50,0.96,1000.0
11,50,0.97,1000.0
11,50,0.98,1000.0
11,50,0.99,1000.0
11,50,1.0,1000.0
11,50,1.01,1000.0
11,50,1.02,1000.0
11,50,1.03,1000.0
11,50,1.04,1000.0
11,50,1.05,1000.0
11,50,1.06,1000.0
11,50,1.07,1000.0
11,50,1.08,1000.0
11,50,1.09,1000.0
11,50,1.1,1000.0
11,50,1.11,1000.0
11,50,1.12,1000.0
11,50,1.13,1000.0
11,50,1.14,1000.0
11,50,1.15,1000.0
11,50,1.16,1000.0
11,50,1.17,1000.0
11,50,1.18,1000.0
11,50,1.19,1000.0
11,50,1.2,1000.0
11,50,1.21,1000.0
11,50,1.22,1000.0
11,50,1.23,1000.0
11,50,1.24,1000.0
11,50,1.25,1000.0
11,50,1.26,1000.0
11,50,1.27,1000.0
11,50,1.28,1000.0
11,50,1.29,1000.0
11,50,1.3,1000.0
11,50,1.31,1000.0
11,50,1.32,1000.0
11,50,1.33,1000.0
11,50,1.34,1000.0
11,50,1.35,1000.0
11,50,1.36,1000.0
11,50,1.37,1000.0
11,50,1.38,1000.0
11,50,1.39,1000.0
11,50,1.4,1000.0
11,50,1.41,1000.0
11,50,1.42,1000.0
11,50,1.43,1000.0
11,50,1.44,1000.0
11,50,1.45,1000.0
11,50,1.46,1000.0
11,50,1.47,1000.0
11,50,1.48,1000.0
11,50,1.49,1000.0
11,50,1.5,1000.0
11,50,1.51,1000.0
11,50,1.52,1000.0
11,50,1.53,1000.0
11,50,1.54,1000.0
11,50,1.55,1000.0
11,50,1.56,1000.0
11,50,1.57,1000.0
11,50,1.58,1000.0
11,50,1.59,1000.0
11,50,1.6,1000.0
11,50,1.61,1000.0
11,50,1.62,1000.0
11,50,1.63,1000.0
11,50,1.64,1000.0
11,50,1.65,1000.0
11,50,1.66,1000.0
11,50,1.67,1000.0
11,50,1.68,1000.0
11,50,1.69,1000.0
11,50,1.7,1000.0
11,50,1.71,1000.0
11,50,1.72,1000.0
11,50,1.73,1000.0
11,50,1.74,1000.0
11,50,1.75,1000.0
11,50,1.76,1000.0
11,50,1.77,1000.0
11,50,1.78,1000.0
11,50,1.79,1000.0
11,50,1.8,1000.0
11,50,1.81,1000.0
11,50,1.82,1000.0
11,50,1.83,1000.0
11,50,1.84,1000.0
11,50,1.85,1000.0
11,50,1.86,1000.0
11,50,1.87,1000.0
11,50,1.88,1000.0
11,50,1.89,1000.0
11,50,1.9,1000.0
11,50,1.91,1000.0
11,50,1.92,1000.0
11,50,1.93,1000.0
11,50,1.94,1000.0
11,50,1.95,1000.0
11,50,1.96,1000.0
11,50,1.97,1000.0
11,50,1.98,1000.0
11,50,1.99,1000.0
11,50,2.0,1000.0
11,100,-2.0,6.4262392017516685
11,100,-1.99,5.999097689116834
11,100,-1.98,5.63205263632672
11,100,-1.97,5.844134053221304
11,100,-1.96,5.532730311173953
11,100,-1.95,5.482003666229223
11,100,-1.94,5.2882002068978275
11,100,-1.93,5.257737241130357
11,100,-1.92,5.2391434259110845
11,100,-1.91,5.322320243350682
11,100,-1.9,5.263071686474276
11,100,-1.89,5.1672651532428375
11,100,-1.88,5.071913305429562
11,100,-1.87,5.051749836996569
11,100,-1.86,5.0020142784901225
11,100,-1.85,4.9708424611387905
11,100,-1.84,5.045612074746891
11,100,-1.83,5.009791774059744
11,100,-1.82,4.938429257608552
11,100,-1.81,4.954759020308382
11,100,-1.8,4.769997151869907
11,100,-1.79,4.857655886518487
11,100,-1.78,4.804461028826105
11,100,-1.77,4.816514997992579
11,100,-1.76,4.759922846489029
11,100,-1.75,4.879257199535421
11,100,-1.74,4.902679883648323
11,100,-1.73,4.792339277850885
11,100,-1.72,4.750412283949434
11,100,-1.71,4.773758157970054
11,100,-1.7,4.781051059920589
11,100,-1.69,4.767704802227833
11,100,-1.68,4.755139031301477
11,100,-1.67,4.750758934738033
11,100,-1.66,4.750684005661918
11,100,-1.65,4.754334081458513
11,100,-1.64,4.757778878142458
11,100,-1.63,4.759537538338144
11,100,-1.62,4.757197063535785
11,100,-1.61,4.750340140328287
11,100,-1.6,4.7406567491746
11,100,-1.59,4.729925597844405
11,100,-1.58,4.719219708304205
11,100,-1.57,4.70902950953784
11,100,-1.56,4.699494010165537
11,100,-1.55,4.690509041694596
11,100,-1.54,4.681723899151086
11,100,-1.53,4.672510220144286
11,100,-1.52,4.662101821082041
11,100,-1.51,4.650048138768038
11,100,-1.5,4.636494453348296
11,100,-1.49,4.62154686976837
11,100,-1.48,4.604989736742506
11,100,-1.47,4.587121131142283
11,100,-1.46,4.568265730676325
11,100,-1.45,4.551986472301566
11,100,-1.44,4.541234528018572
11,100,-1.43,4.5305910839885195
11,100,-1.42,4.509899703592966
11,100,-1.41,4.470288388666488
11,100,-1.4,4.418324891305347
11,100,-1.39,4.376150962503508
11,100,-1.38,4.36814614331325
11,100,-1.37,4.392966111049236
11,100,-1.36,4.412978531518143
11,100,-1.35,4.4058123095597495
11,100,-1.34,4.380078048349278
11,100,-1.33,4.372936002101083
11,100,-1.32,4.380978336319634
11,100,-1.31,4.374070852440528
11,100,-1.3,4.345849508773122
11,100,-1.29,4.3445395445721955
11,100,-1.28,4.349254918298988
11,100,-1.27,4.3549495764282415
11,100,-1.26,4.3515142193651055
11,100,-1.25,4.357100403331693
11,100,-1.24,4.365741707197298
11,100,-1.23,4.360567568560925
11,100,-1.22,4.346252235638356
11,100,-1.21,4.3461889159583444
11,100,-1.2,4.345229054376577
11,100,-1.19,4.314399646703112
11,100,-1.18,4.273153245808804
11,100,-1.17,4.244127333699754
11,100,-1.16,4.222806036763502
11,100,-1.15,4.202213647852804
11,100,-1.14,4.194557453523199
11,100,-1.13,4.196102401437482
11,100,-1.12,4.201572493239363
11,100,-1.11,4.203265038936255
11,100,-1.1,4.213263915250536
11,100,-1.09,4.217420175638624
11,100,-1.08,4.230595321667553
11,100,-1.07,4.2457159075629285
11,100,-1.06,4.28160172827568
11,100,-1.05,4.317537890040737
11,100,-1.04,4.36027247511407
11,100,-1.03,4.374199612718951
11,100,-1.02,4.36085281931856
11,100,-1.01,4.340684769403347
11,100,-1.0,4.31831817557733
11,100,-0.99,4.291993136674669
11,100,-0.98,4.315859708228755
11,100,-0.97,4.244553395990174
11,100,-0.96,4.214830277240062
11,100,-0.95,4.161037381750945
11,100,-0.94,4.130331674371006
11,100,-0.93,4.0701875157895016
11,100,-0.92,4.02973819825724
11,100,-0.91,3.9999099369711426
11,100,-0.9,3.974610447090622
11,100,-0.89,3.951878977824892
11,100,-0.88,3.9214765356105055
11,100,-0.87,3.9116039452078093
11,100,-0.86,3.9423138998000824
11,100,-0.85,3.995062072802137
11,100,-0.84,4.06490346893731
11,100,-0.83,4.100200323934942
11,100,-0.82,4.107887066640652
11,100,-0.81,4.097583786552237
11,100,-0.8,3.996929379851867
11,100,-0.79,3.968973682510338
11,100,-0.78,3.894840472135526
11,100,-0.77,3.806271808175272
11,100,-0.76,3.7265876102250175
11,100,-0.75,3.6505112004835856
11,100,-0.74,3.6241185449213575
11,100,-0.73,3.6608485035980736
11,100,-0.72,3.7395096824296727
11,100,-0.71,3.85037035076008
11,100,-0.7,3.9832541788623446
11,100,-0.69,4.124970082485389
11,100,-0.68,4.247036451354282
11,100,-0.67,4.364135047793132
11,100,-0.66,4.398334976570786
11,100,-0.65,4.410251327157674
11,100,-0.64,4.363035401550324
11,100,-0.63,4.289203005892159
11,100,-0.62,4.228588019077376
11,100,-0.61,4.170683801651324
11,100,-0.6,4.092942065965511
11,100,-0.59,4.01258391325262
11,100,-0.58,3.9536364738367165
11,100,-0.57,3.909001332274296
11,100,-0.56,3.919192476318271
11,100,-0.55,3.9528982369824046
11,100,-0.54,4.005003866615502
11,100,-0.53,4.0218261470961885
11,100,-0.52,4.012929852854605
11,100,-0.51,4.020060246147193
11,100,-0.5,4.02358396582509
11,100,-0.49,4.023381248809188
11,100,-0.48,3.988121148643532
11,100,-0.47,3.948514090293686
11,100,-0.46,3.8863983650302645
11,100,-0.45,3.7980809131194047
11,100,-0.44,3.7035907615793158
11,100,-0.43,3.614631719058853
11,100,-0.42,3.541530160050488
11,100,-0.41,3.537640404433097
11,100,-0.4,3.642275852319154
11,100,-0.39,3.7607328214095457
11,100,-0.38,3.8507316725086325
11,100,-0.37,3.9016541060607994
11,100,-0.36,3.9238054821797745
11,100,-0.35,3.911146343855614
11,100,-0.34,3.879244783497634
11,100,-0.33,3.810048819172588
11,100,-0.32,3.7121487666761195
11,100,-0.31,3.6622226161262095
11,100,-0.3,3.71842777097924
11,100,-0.29,3.8082144232400053
11,100,-0.28,3.904565892558733
11,100,-0.27,3.974721244452726
11,100,-0.26,3.931846408429245
11,100,-0.25,3.7559478909631165
11,100,-0.24,3.5429362401346878
11,100,-0.23,3.341677501366225
11,100,-0.22,3.2094623360179964
11,100,-0.21,3.2127817032494255
11,100,-0.2,3.248219867026062
11,100,-0.19,3.3232729006218684
11,100,-0.18,3.5493632439277785
11,100,-0.17,3.9168944732182833
11,100,-0.16,4.345116835025928
11,100,-0.15,4.657534825467972
11,100,-0.14,4.714113720784643
11,100,-0.13,4.678577082527623
11,100,-0.12,4.560647408620959
11,100,-0.11,4.337261484266103
11,100,-0.1,4.106587308685423
11,100,-0.09,3.8828355485937225
11,100,-0.08,3.7016960881268086
11,100,-0.07,3.7535280751445135
11,100,-0.06,4.045348785426028
11,100,-0.05,4.547515962530183
11,100,-0.04,4.5964834636101894
11,100,-0.03,4.152085496008038
11,100,-0.02,2.964045340660154
11,100,-0.01,1.3193859647842958
11,100,0.0,0.017576201469118733
11,100,0.01,1.4787161734886807
11,100,0.02,4.142753966803953
11,100,0.03,2.237351590461007
11,100,0.04,2.343126130351098
11,100,0.05,2.408345548520494
11,100,0.06,2.461615752247657
11,100,0.07,2.507459285468651
11,100,0.08,2.547980226146268
11,100,0.09,2.5845049742749664
11,100,0.1,2.6179631136012547
11,100,0.11,2.649051307755991
11,100,0.12,2.6783251675053528
11,100,0.13,2.7062617233127164
11,100,0.14,2.7333130239816628
11,100,0.15,2.759968299658208
11,100,0.16,2.7868529531214645
11,100,0.17,2.814935321837175
11,100,0.18,2.846078995323115
11,100,0.19,2.885044528637171
11,100,0.2,2.952575345531351
11,100,0.21,1000.0
11,100,0.22,1000.0
11,100,0.23,1000.0
11,100,0.24,1000.0
11,100,0.25,1000.0
11,100,0.26,1000.0
11,100,0.27,1000.0
11,100,0.28,1000.0
11,100,0.29,1000.0
11,100,0.3,1000.0
11,100,0.31,1000.0
11,100,0.32,1000.0
11,100,0.33,1000.0
11,100,0.34,1000.0
11,100,0.35,1000.0
11,100,0.36,1000.0
11,100,0.37,1000.0
11,100,0.38,1000.0
11,100,0.39,1000.0
11,100,0.4,1000.0
11,100,0.41,1000.0
11,100,0.42,1000.0
11,100,0.43,1000.0
11,100,0.44,1000.0
11,100,0.45,1000.0
11,100,0.46,1000.0
11,100,0.47,1000.0
11,100,0.48,1000.0
11,100,0.49,1000.0
11,100,0.5,1000.0
11,100,0.51,1000.0
11,100,0.52,1000.0
11,100,0.53,1000.0
11,100,0.54,1000.0
11,100,0.55,1000.0
11,100,0.56,1000.0
11,100,0.57,1000.0
11,100,0.58,1000.0
11,100,0.59,1000.0
11,100,0.6,1000.0
11,100,0.61,1000.0
11,100,0.62,1000.0
11,100,0.63,1000.0
11,100,0.64,1000.0
11,100,0.65,1000.0
11,100,0.66,1000.0
11,100,0.67,1000.0
11,100,0.68,1000.0
11,100,0.69,1000.0
11,100,0.7,1000.0
11,100,0.71,1000.0
11,100,0.72,1000.0
11,100,0.73,1000.0
11,100,0.74,1000.0
11,100,0.75,1000.0
11,100,0.76,1000.0
11,100,0.77,1000.0
11,100,0.78,1000.0
11,100,0.79,1000.0
11,100,0.8,1000.0
11,100,0.81,1000.0
11,100,0.82,1000.0
11,100,0.83,1000.0
11,100,0.84,1000.0
11,100,0.85,1000.0
11,100,0.86,1000.0
11,100,0.87,1000.0
11,100,0.88,1000.0
11,100,0.89,1000.0
11,100,0.9,1000.0
11,100,0.91,1000.0
11,100,0.92,1000.0
11,100,0.93,1000.0
11,100,0.94,1000.0
11,100,0.95,1000.0
11,100,0.96,1000.0
11,100,0.97,1000.0
11,100,0.98,1000.0
11,100,0.99,1000.0
11,100,1.0,1000.0
11,100,1.01,1000.0
11,100,1.02,1000.0
11,100,1.03,1000.0
11,100,1.04,1000.0
11,100,1.05,1000.0
11,100,1.06,1000.0
11,100,1.07,1000.0
11,100,1.08,1000.0
11,100,1.09,1000.0
11,100,1.1,1000.0
11,100,1.11,1000.0
11,100,1.12,1000.0
11,100,1.13,1000.0
11,100,1.14,1000.0
11,100,1.15,1000.0
11,100,1.16,1000.0
11,100,1.17,1000.0
11,100,1.18,1000.0
11,100,1.19,1000.0
11,100,1.2,1000.0
11,100,1.21,1000.0
11,100,1.22,1000.0
11,100,1.23,1000.0
11,100,1.24,1000.0
11,100,1.25,1000.0
11,100,1.26,1000.0
11,100,1.27,1000.0
11,100,1.28,1000.0
11,100,1.29,1000.0
11,100,1.3,1000.0
11,100,1.31,1000.0
11,100,1.32,1000.0
11,100,1.33,1000.0
11,100,1.34,1000.0
11,100,1.35,1000.0
11,100,1.36,1000.0
11,100,1.37,1000.0
11,100,1.38,1000.0
11,100,1.39,1000.0
11,100,1.4,1000.0
11,100,1.41,1000.0
11,100,1.42,1000.0
11,100,1.43,1000.0
11,100,1.44,1000.0
11,100,1.45,1000.0
11,100,1.46,1000.0
11,100,1.47,1000.0
11,100,1.48,1000.0
11,100,1.49,1000.0
11,100,1.5,1000.0
11,100,1.51,1000.0
11,100,1.52,1000.0
11,100,1.53,1000.0
11,100,1.54,1000.0
11,100,1.55,1000.0
11,100,1.56,1000.0
11,100,1.57,1000.0
11,100,1.58,1000.0
11,100,1.59,1000.0
11,100,1.6,1000.0
11,100,1.61,1000.0
11,100,1.62,1000.0
11,100,1.63,1000.0
11,100,1.64,1000.0
11,100,1.65,1000.0
11,100,1.66,1000.0
11,100,1.67,1000.0
11,100,1.68,1000.0
11,100,1.69,1000.0
11,100,1.7,1000.0
11,100,1.71,1000.0
11,100,1.72,1000.0
11,100,1.73,1000.0
11,100,1.74,1000.0
11,100,1.75,1000.0
11,100,1.76,1000.0
11,100,1.77,1000.0
11,100,1.78,1000.0
11,100,1.79,1000.0
11,100,1.8,1000.0
11,100,1.81,1000.0
11,100,1.82,1000.0
11,100,1.83,1000.0
11,100,1.84,1000.0
11,100,1.85,1000.0
11,100,1.86,1000.0
11,100,1.87,1000.0
11,100,1.88,1000.0
11,100,1.89,1000.0
11,100,1.9,1000.0
11,100,1.91,1000.0
11,100,1.92,1000.0
11,100,1.93,1000.0
11,100,1.94,1000.0
11,100,1.95,1000.0
11,100,1.96,1000.0
11,100,1.97,1000.0
11,100,1.98,1000.0
11,100,1.99,1000.0
11,100,2.0,1000.0
12,1,-2.0,1000.0
12,1,-1.99,1000.0
12,1,-1.98,1000.0
12,1,-1.97,1000.0
12,1,-1.96,1000.0
12,1,-1.95,1000.0
12,1,-1.94,1000.0
12,1,-1.93,1000.0
12,1,-1.92,1000.0
12,1,-1.91,1000.0
12,1,-1.9,1000.0
12,1,-1.89,1000.0
12,1,-1.88,1000.0
12,1,-1.87,1000.0
12,1,-1.86,1000.0
12,1,-1.85,1000.0
12,1,-1.84,1000.0
12,1,-1.83,1000.0
12,1,-1.82,1000.0
12,1,-1.81,1000.0
12,1,-1.8,1000.0
12,1,-1.79,1000.0
12,1,-1.78,1000.0
12,1,-1.77,1000.0
12,1,-1.76,1000.0
12,1,-1.75,1000.0
12,1,-1.74,1000.0
12,1,-1.73,1000.0
12,1,-1.72,1000.0
12,1,-1.71,1000.0
12,1,-1.7,1000.0
12,1,-1.69,1000.0
12,1,-1.68,1000.0
12,1,-1.67,1000.0
12,1,-1.66,1000.0
12,1,-1.65,1000.0
12,1,-1.64,1000.0
12,1,-1.63,1000.0
12,1,-1.62,1000.0
12,1,-1.61,1000.0
12,1,-1.6,1000.0
12,1,-1.59,1000.0
12,1,-1.58,1000.0
12,1,-1.57,1000.0
12,1,-1.56,1000.0
12,1,-1.55,1000.0
12,1,-1.54,1000.0
12,1,-1.53,1000.0
12,1,-1.52,1000.0
12,1,-1.51,1000.0
12,1,-1.5,1000.0
12,1,-1.49,1000.0
12,1,-1.48,1000.0
12,1,-1.47,1000.0
12,1,-1.46,1000.0
12,1,-1.45,1000.0
12,1,-1.44,1000.0
12,1,-1.43,1000.0
12,1,-1.42,1000.0
12,1,-1.41,1000.0
12,1,-1.4,1000.0
12,1,-1.39,1000.0
12,1,-1.38,1000.0
12,1,-1.37,1000.0
12,1,-1.36,1000.0
12,1,-1.35,1000.0
12,1,-1.34,1000.0
12,1,-1.33,1000.0
12,1,-1.32,1000.0
12,1,-1.31,1000.0
12,1,-1.3,1000.0
12,1,-1.29,1000.0
12,1,-1.28,1000.0
12,1,-1.27,1000.0
12,1,-1.26,1000.0
12,1,-1.25,1000.0
12,1,-1.24,1000.0
12,1,-1.23,1000.0
12,1,-1.22,1000.0
12,1,-1.21,1000.0
12,1,-1.2,1000.0
12,1,-1.19,1000.0
12,1,-1.18,1000.0
12,1,-1.17,1000.0
12,1,-1.16,1000.0
12,1,-1.15,1000.0
12,1,-1.14,1000.0
12,1,-1.13,1000.0
12,1,-1.12,1000.0
12,1,-1.11,1000.0
12,1,-1.1,1000.0
12,1,-1.09,1000.0
12,1,-1.08,1000.0
12,1,-1.07,1000.0
12,1,-1.06,1000.0
12,1,-1.05,1000.0
12,1,-1.04,1000.0
12,1,-1.03,1000.0
12,1,-1.02,1000.0
12,1,-1.01,1000.0
12,1,-1.0,1000.0
12,1,-0.99,1000.0
12,1,-0.98,1000.0
12,1,-0.97,1000.0
12,1,-0.96,1000.0
12,1,-0.95,1000.0
12,1,-0.94,1000.0
12,1,-0.93,1000.0
12,1,-0.92,1000.0
12,1,-0.91,1000.0
12,1,-0.9,1000.0
12,1,-0.89,1000.0
12,1,-0.88,1000.0
12,1,-0.87,1000.0
12,1,-0.86,1000.0
12,1,-0.85,1000.0
12,1,-0.84,1000.0
12,1,-0.83,1000.0
12,1,-0.82,1000.0
12,1,-0.81,1000.0
12,1,-0.8,1000.0
12,1,-0.79,1000.0
12,1,-0.78,1000.0
12,1,-0.77,1000.0
12,1,-0.76,1000.0
12,1,-0.75,1000.0
12,1,-0.74,1000.0
12,1,-0.73,1000.0
12,1,-0.72,1000.0
12,1,-0.71,1000.0
12,1,-0.7,1000.0
12,1,-0.69,4220.0156631219625
12,1,-0.68,94.95389911855733
12,1,-0.67,11.382559263814242
12,1,-0.66,5.732855905386681
12,1,-0.65,4.118765820251932
12,1,-0.64,3.2835581520999373
12,1,-0.63,2.7436578027083325
12,1,-0.62,2.3560434128593135
12,1,-0.61,2.060292425701437
12,1,-0.6,1.8253536684173273
12,1,-0.59,1.6332403938748241
12,1,-0.58,1.472659894099091
12,1,-0.57,1.3360974690836966
12,1,-0.56,1.2183261002736758
12,1,-0.55,1.1155804994302194
12,1,-0.54,1.0250699705049708
12,1,-0.53,0.9446765350539645
12,1,-0.52,0.8727601591092351
12,1,-0.51,0.8080287829820295
12,1,-0.5,0.7494490828894559
12,1,-0.49,0.6961836766954664
12,1,-0.48,0.6475459838397672
12,1,-0.47,0.6029671630880289
12,1,-0.46,0.5619714966101208
12,1,-0.45,0.5241578045451907
12,1,-0.44,0.4891852541440267
12,1,-0.43,0.45676240537997037
12,1,-0.42,0.42663850643821855
12,1,-0.41,0.3985961326754622
12,1,-0.4,0.3724451448031347
12,1,-0.39,0.3480185656993047
12,1,-0.38,0.32516957927721124
12,1,-0.37,0.30376872088423074
12,1,-0.36,0.28370133681605225
12,1,-0.35,0.26486546492681895
12,1,-0.34,0.24717009651449953
12,1,-0.33,0.23053373757218082
12,1,-0.32,0.21488320407430633
12,1,-0.31,0.20015260431656545
12,1,-0.3,0.1862824736223083
12,1,-0.29,0.17321903477907974
12,1,-0.28,0.1609135631614474
12,1,-0.27,0.14932183961221543
12,1,-0.26,0.1384036773059084
12,1,-0.25,0.12812251129199753
12,1,-0.24,0.11844504138671941
12,1,-0.23,0.1093409206696065
12,1,-0.22,0.10078248312850194
12,1,-0.21,0.09274450504781548
12,1,-0.2,0.08520399559716609
12,1,-0.19,0.07814001278868093
12,1,-0.18,0.07153350156042089
12,1,-0.17,0.06536715123400252
12,1,-0.16,0.059625270005288125
12,1,-0.15,0.054293674473590875
12,1,-0.14,0.04935959251076766
12,1,-0.13,0.044811578030089505
12,1,-0.12,0.040639436451485975
12,1,-0.11,0.036834159898128396
12,1,-0.1,0.033387871442977474
12,1,-0.09,0.030293778145508342
12,1,-0.08,0.02754613339096842
12,1,-0.07,0.025140210681503017
12,1,-0.06,0.02307229483589386
12,1,-0.05,0.02133970602879033
12,1,-0.04,0.01994089717549334
12,1,-0.03,0.018875735809797057
12,1,-0.02,0.01814629338474777
12,1,-0.01,0.017759130637749195
12,1,0.0,0.01773109828394226
12,1,0.01,0.01808030527186654
12,1,0.02,0.018794511133830977
12,1,0.03,0.019862739196086873
12,1,0.04,0.021284313410581138
12,1,0.05,0.023063061793645034
12,1,0.06,0.025205033737101645
12,1,0.07,0.027717711399627705
12,1,0.08,0.030609725971181806
12,1,0.09,0.03389075526709227
12,1,0.1,0.03757149083207008
12,1,0.11,0.04166363330553087
12,1,0.12,0.04617989979188635
12,1,0.13,0.05113403635701611
12,1,0.14,0.05654083246796075
12,1,0.15,0.06241613570170577
12,1,0.16,0.06877686567449448
12,1,0.17,0.07564102639745614
12,1,0.18,0.0830277163574227
12,1,0.19,0.09095713564300778
12,1,0.2,0.09945058942500325
12,1,0.21,0.10853048707547479
12,1,0.22,0.11822033618112207
12,1,0.23,0.12854473067910066
12,1,0.24,0.13952933232149867
12,1,0.25,0.1512008446612881
12,1,0.26,0.16358697875087824
12,1,0.27,0.1767164097574102
12,1,0.28,0.19061872372965935
12,1,0.29,0.20532435380289102
12,1,0.3,0.22086450520311138
12,1,0.31,0.23727106851357313
12,1,0.32,0.2545765207963742
12,1,0.33,0.27281381432223795
12,1,0.34,0.2920162528529649
12,1,0.35,0.31221735564347364
12,1,0.36,0.33345070958240614
12,1,0.37,0.35574981016912255
12,1,0.38,0.37914789232607343
12,1,0.39,0.4036777523627178
12,1,0.4,0.4293715627323503
12,1,0.41,0.4562606815465034
12,1,0.42,0.4843754591216718
12,1,0.43,0.5137450441172702
12,1,0.44,0.5443971920684687
12,1,0.45,0.5763580793092804
12,1,0.46,0.6096521254067178
12,1,0.47,0.6443018272742519
12,1,0.48,0.680327608092492
12,1,0.49,0.7177476840302874
12,1,0.5,0.7565779515274768
12,1,0.51,0.79683189757264
12,1,0.52,0.8385205349915311
12,1,0.53,0.8816523642652007
12,1,0.54,0.9262333628364109
12,1,0.55,0.9722670022577966
12,1,0.56,1.0197542929075416
12,1,0.57,1.0686938553715781
12,1,0.58,1.1190820169900144
12,1,0.59,1.170912931512434
12,1,0.6,1.2241787193229854
12,1,0.61,1.2788696252988685
12,1,0.62,1.3349741910676853
12,1,0.63,1.3924794382379493
12,1,0.64,1.4513710590949591
12,1,0.65,1.511633611278877
12,1,0.66,1.5732507130852231
12,1,0.67,1.6362052362394515
12,1,0.68,1.700479493281983
12,1,0.69,1.7660554170424292
12,1,0.7,1.8329147300642843
12,1,0.71,1.901039102247791
12,1,0.72,1.970410295392517
12,1,0.73,2.0410102937284096
12,1,0.74,2.1128214199122235
12,1,0.75,2.185826436325024
12,1,0.76,2.260008631828406
12,1,0.77,2.3353518944163256
12,1,0.78,2.411840770433237
12,1,0.79,2.489460511215569
12,1,0.8,2.5681971081535018
12,1,0.81,2.6480373172647593
12,1,0.82,2.7289686744252877
12,1,0.83,2.810979502416712
12,1,0.84,2.8940589109320736
12,1,0.85,2.978196790634875
12,1,0.86,3.0633838022967628
12,1,0.87,3.149611361951407
12,1,0.88,3.2368716229020715
12,1,0.89,3.3251574553113565
12,1,0.9,3.414462423989261
12,1,0.91,3.504780764881999
12,1,0.92,3.596107360652772
12,1,0.93,3.6884377156377917
12,1,0.94,3.781767930357315
12,1,0.95,3.8760946756619625
12,1,0.96,3.971415166496922
12,1,0.97,4.067727135168136
12,1,0.98,4.165028803889881
12,1,0.99,4.263318856275063
12,1,1.0,4.362596407287956
12,1,1.01,4.462860971000138
12,1,1.02,4.564112425253143
12,1,1.03,4.666350972009519
12,1,1.04,4.769577091725923
12,1,1.05,4.873791489450902
12,1,1.06,4.978995029450327
12,1,1.07,5.085188653869591
12,1,1.08,5.192373279060554
12,1,1.09,5.300549660442072
12,1,1.1,5.409718212666725
12,1,1.11,5.51987876571294
12,1,1.12,5.631030228146469
12,1,1.13,5.7431701142920595
12,1,1.14,5.856293869227039
12,1,1.15,5.970393888875665
12,1,1.16,6.085458072412123
12,1,1.17,6.201467643251662
12,1,1.18,6.318393800665307
12,1,1.19,6.436192453974281
12,1,1.2,6.554795720659559
12,1,1.21,6.6740977801853125
12,1,1.22,6.793930509533381
12,1,1.23,6.914019828688598
12,1,1.24,7.033903889973628
12,1,1.25,7.152771792570619
12,1,1.26,7.269127101991151
12,1,1.27,7.380040680405935
12,1,1.28,7.479376588919769
12,1,1.29,7.55328866701993
12,1,1.3,7.568229522984987
12,1,1.31,7.440943739400006
12,1,1.32,7.026250622659719
12,1,1.33,7.6283398421656265
12,1,1.34,59.625911835117535
12,1,1.35,2567.5994075450362
12,1,1.36,1000.0
12,1,1.37,1000.0
12,1,1.38,1000.0
12,1,1.39,1000.0
12,1,1.4,1000.0
12,1,1.41,1000.0
12,1,1.42,1000.0
12,1,1.43,1000.0
12,1,1.44,1000.0
12,1,1.45,1000.0
12,1,1.46,1000.0
12,1,1.47,1000.0
12,1,1.48,1000.0
12,1,1.49,1000.0
12,1,1.5,1000.0
12,1,1.51,1000.0
12,1,1.52,1000.0
12,1,1.53,1000.0
12,1,1.54,1000.0
12,1,1.55,1000.0
12,1,1.56,1000.0
12,1,1.57,1000.0
12,1,1.58,1000.0
12,1,1.59,1000.0
12,1,1.6,1000.0
12,1,1.61,1000.0
12,1,1.62,1000.0
12,1,1.63,1000.0
12,1,1.64,1000.0
12,1,1.65,1000.0
12,1,1.66,1000.0
12,1,1.67,1000.0
12,1,1.68,1000.0
12,1,1.69,1000.0
12,1,1.7,1000.0
12,1,1.71,1000.0
12,1,1.72,1000.0
12,1,1.73,1000.0
12,1,1.74,1000.0
12,1,1.75,1000.0
12,1,1.76,1000.0
12,1,1.77,1000.0
12,1,1.78,1000.0
12,1,1.79,1000.0
12,1,1.8,1000.0
12,1,1.81,1000.0
12,1,1.82,1000.0
12,1,1.83,1000.0
12,1,1.84,1000.0
12,1,1.85,1000.0
12,1,1.86,1000.0
12,1,1.87,1000.0
12,1,1.88,1000.0
12,1,1.89,1000.0
12,1,1.9,1000.0
12,1,1.91,1000.0
12,1,1.92,1000.0
12,1,1.93,1000.0
12,1,1.94,1000.0
12,1,1.95,1000.0
12,1,1.96,1000.0
12,1,1.97,1000.0
12,1,1.98,1000.0
12,1,1.99,1000.0
12,1,2.0,1000.0
12,2,-2.0,1000.0
12,2,-1.99,1000.0
12,2,-1.98,1000.0
12,2,-1.97,1000.0
12,2,-1.96,1000.0
12,2,-1.95,1000.0
12,2,-1.94,1000.0
12,2,-1.93,1000.0
12,2,-1.92,1000.0
12,2,-1.91,1000.0
12,2,-1.9,1000.0
12,2,-1.89,1000.0
12,2,-1.88,1000.0
12,2,-1.87,1000.0
12,2,-1.86,1000.0
12,2,-1.85,1000.0
12,2,-1.84,1000.0
12,2,-1.83,1000.0
12,2,-1.82,1000.0
12,2,-1.81,1000.0
12,2,-1.8,1000.0
12,2,-1.79,1000.0
12,2,-1.78,1000.0
12,2,-1.77,1000.0
12,2,-1.76,1000.0
12,2,-1.75,1000.0
12,2,-1.74,1000.0
12,2,-1.73,1000.0
12,2,-1.72,1000.0
12,2,-1.71,1000.0
12,2,-1.7,1000.0
12,2,-1.69,1000.0
12,2,-1.68,1000.0
12,2,-1.67,1000.0
12,2,-1.66,1000.0
12,2,-1.65,1000.0
12,2,-1.64,1000.0
12,2,-1.63,1000.0
12,2,-1.62,1000.0
12,2,-1.61,1000.0
12,2,-1.6,1000.0
12,2,-1.59,1000.0
12,2,-1.58,1000.0
12,2,-1.57,1000.0
12,2,-1.56,1000.0
12,2,-1.55,1000.0
12,2,-1.54,1000.0
12,2,-1.53,1000.0
12,2,-1.52,1000.0
12,2,-1.51,1000.0
12,2,-1.5,1000.0
12,2,-1.49,1000.0
12,2,-1.48,1000.0
12,2,-1.47,1000.0
12,2,-1.46,1000.0
12,2,-1.45,1000.0
12,2,-1.44,1000.0
12,2,-1.43,1000.0
12,2,-1.42,1000.0
12,2,-1.41,1000.0
12,2,-1.4,1000.0
12,2,-1.39,1000.0
12,2,-1.38,1000.0
12,2,-1.37,1000.0
12,2,-1.36,1000.0
12,2,-1.35,1000.0
12,2,-1.34,1000.0
12,2,-1.33,1000.0
12,2,-1.32,1000.0
12,2,-1.31,1000.0
12,2,-1.3,1000.0
12,2,-1.29,1000.0
12,2,-1.28,1000.0
12,2,-1.27,1000.0
12,2,-1.26,1000.0
12,2,-1.25,1000.0
12,2,-1.24,1000.0
12,2,-1.23,1000.0
12,2,-1.22,1000.0
12,2,-1.21,1000.0
12,2,-1.2,1000.0
12,2,-1.19,1000.0
12,2,-1.18,1000.0
12,2,-1.17,1000.0
12,2,-1.16,1000.0
12,2,-1.15,1000.0
12,2,-1.14,1000.0
12,2,-1.13,1000.0
12,2,-1.12,1000.0
12,2,-1.11,1000.0
12,2,-1.1,1000.0
12,2,-1.09,1000.0
12,2,-1.08,1000.0
12,2,-1.07,1000.0
12,2,-1.06,1000.0
12,2,-1.05,1000.0
12,2,-1.04,1000.0
12,2,-1.03,1000.0
12,2,-1.02,1000.0
12,2,-1.01,1000.0
12,2,-1.0,1000.0
12,2,-0.99,1000.0
12,2,-0.98,1000.0
12,2,-0.97,1000.0
12,2,-0.96,1000.0
12,2,-0.95,1000.0
12,2,-0.94,1000.0
12,2,-0.93,1000.0
12,2,-0.92,1000.0
12,2,-0.91,1000.0
12,2,-0.9,1000.0
12,2,-0.89,1000.0
12,2,-0.88,1000.0
12,2,-0.87,1000.0
12,2,-0.86,1000.0
12,2,-0.85,1000.0
12,2,-0.84,1000.0
12,2,-0.83,1000.0
12,2,-0.82,1000.0
12,2,-0.81,1000.0
12,2,-0.8,1000.0
12,2,-0.79,1000.0
12,2,-0.78,1000.0
12,2,-0.77,1000.0
12,2,-0.76,1000.0
12,2,-0.75,1000.0
12,2,-0.74,1000.0
12,2,-0.73,1000.0
12,2,-0.72,1000.0
12,2,-0.71,1000.0
12,2,-0.7,1000.0
12,2,-0.69,1000.0
12,2,-0.68,1000.0
12,2,-0.67,1000.0
12,2,-0.66,1000.0
12,2,-0.65,1000.0
12,2,-0.64,1000.0
12,2,-0.63,1000.0
12,2,-0.62,1000.0
12,2,-0.61,1000.0
12,2,-0.6,1000.0
12,2,-0.59,1000.0
12,2,-0.58,1000.0
12,2,-0.57,1000.0
12,2,-0.56,1000.0
12,2,-0.55,1000.0
12,2,-0.54,1000.0
12,2,-0.53,1000.0
12,2,-0.52,1000.0
12,2,-0.51,1000.0
12,2,-0.5,1000.0
12,2,-0.49,1000.0
12,2,-0.48,1000.0
12,2,-0.47,1000.0
12,2,-0.46,1000.0
12,2,-0.45,1000.0
12,2,-0.44,1000.0
12,2,-0.43,1000.0
12,2,-0.42,1000.0
12,2,-0.41,1000.0
12,2,-0.4,1000.0
12,2,-0.39,1000.0
12,2,-0.38,11.77151573662298
12,2,-0.37,2.512543228106023
12,2,-0.36,1.7400824180209247
12,2,-0.35,1.3647433001863492
12,2,-0.34,1.1269700660767095
12,2,-0.33,0.957432154423084
12,2,-0.32,0.8280119792062053
12,2,-0.31,0.7247303987937024
12,2,-0.3,0.6397102363690976
12,2,-0.29,0.5681122777191726
12,2,-0.28,0.5067674352187637
12,2,-0.27,0.45349500988660657
12,2,-0.26,0.40673394102911054
12,2,-0.25,0.36533028237390364
12,2,-0.24,0.3284083099601403
12,2,-0.23,0.29528897237985174
12,2,-0.22,0.2654363899846813
12,2,-0.21,0.23842161502325537
12,2,-0.2,0.2138973632980474
12,2,-0.19,0.19157992048723224
12,2,-0.18,0.17123586263166196
12,2,-0.17,0.15267208606912014
12,2,-0.16,0.13572816670521834
12,2,-0.15,0.12027039805964353
12,2,-0.14,0.10618706893909304
12,2,-0.13,0.09338467966958257
12,2,-0.12,0.08178488737516296
12,2,-0.11,0.07132203224924155
12,2,-0.1,0.061941138450943053
12,2,-0.09,0.05359631184829514
12,2,-0.08,0.04624947684822037
12,2,-0.07,0.03986940940479809
12,2,-0.06,0.034431036264396045
12,2,-0.05,0.029914986457646783
12,2,-0.04,0.02630741087500174
12,2,-0.03,0.023600160088784197
12,2,-0.02,0.021791625420952643
12,2,-0.01,0.020889216653911802
12,2,0.0,0.020915482849303117
12,2,0.01,0.021899517927204834
12,2,0.02,0.02384589886604783
12,2,0.03,0.02676694605539443
12,2,0.04,0.030692502061528862
12,2,0.05,0.03566496500128251
12,2,0.06,0.04173791530716878
12,2,0.07,0.0489763040532946
12,2,0.08,0.05745719565030452
12,2,0.09,0.06727071447185326
12,2,0.1,0.07852104425504682
12,2,0.11,0.09132738323458234
12,2,0.12,0.10582476227386751
12,2,0.13,0.1221646179755925
12,2,0.14,0.14051498891009798
12,2,0.15,0.1610601765126014
12,2,0.16,0.1839996881779913
12,2,0.17,0.20954626516248168
12,2,0.18,0.2379228003704725
12,2,0.19,0.2693579805879092
12,2,0.2,0.3040805537222239
12,2,0.21,0.3423122308477937
12,2,0.22,0.38425938562000006
12,2,0.23,0.430103899882391
12,2,0.24,0.4799937011442666
12,2,0.25,0.5340337099889226
12,2,0.26,0.5922780217722963
12,2,0.27,0.6547241495000619
12,2,0.28,0.721310032551152
12,2,0.29,0.7919142748926337
12,2,0.3,0.8663597518619746
12,2,0.31,0.9444203730152307
12,2,0.32,1.0258304715780897
12,2,0.33,1.1102960577006415
12,2,0.34,1.1975070477943752
12,2,0.35,1.287149564985537
12,2,0.36,1.3789174774635982
12,2,0.37,1.4725224764667315
12,2,0.38,1.567702169425554
12,2,0.39,1.6642258568478765
12,2,0.4,1.7618978588468888
12,2,0.41,1.8605584466097231
12,2,0.42,1.9600826049476896
12,2,0.43,2.060376994636137
12,2,0.44,2.1613755884254906
12,2,0.45,2.263034514175623
12,2,0.46,2.36532664658278
12,2,0.47,2.4682364440746998
12,2,0.48,2.5717554351330407
12,2,0.49,2.675878631573891
12,2,0.5,2.78060200396461
12,2,0.51,2.8859210171485903
12,2,0.52,2.9918301100962976
12,2,0.53,3.098322926314931
12,2,0.54,3.2053930634829104
12,2,0.55,3.3130351111166525
12,2,0.56,3.421245774554486
12,2,0.57,3.5300249307628055
12,2,0.58,3.6393765142088657
12,2,0.59,3.7493091787906208
12,2,0.6,3.8598367175325143
12,2,0.61,3.970978242762406
12,2,0.62,4.082758137253924
12,2,0.63,4.195205785807504
12,2,0.64,4.308355092615051
12,2,0.65,4.422243787562661
12,2,0.66,4.536912527504131
12,2,0.67,4.652403807173561
12,2,0.68,4.768760707321442
12,2,0.69,4.886025522036036
12,2,0.7,5.004238319898336
12,2,0.71,5.123435502007797
12,2,0.72,5.243648422493723
12,2,0.73,5.364902133644066
12,2,0.74,5.4872143091018675
12,2,0.75,5.610594386312617
12,2,0.76,5.73504295546972
12,2,0.77,5.860551408401571
12,2,0.78,5.987101848536971
12,2,0.79,6.114667253043157
12,2,0.8,6.243211870616446
12,2,0.81,6.372691832917585
12,2,0.82,6.50305595372511
12,2,0.83,6.634246686952931
12,2,0.84,6.766201212320293
12,2,0.85,6.89885261550163
12,2,0.86,7.0321311280988175
12,2,0.87,7.16596539201561
12,2,0.88,7.300283713079568
12,2,0.89,7.435015270290295
12,2,0.9,7.570091249967035
12,2,0.91,7.705445878213529
12,2,0.92,7.841017330196752
12,2,0.93,7.976748500227525
12,2,0.94,8.112587621801417
12,2,0.95,8.248488730551877
12,2,0.96,8.38441196374914
12,2,0.97,8.520323684133942
12,2,0.98,8.656196395765386
12,2,0.99,8.79200836610688
12,2,1.0,8.927742732069971
12,2,1.01,9.063385512445393
12,2,1.02,9.198920982546474
12,2,1.03,9.33432005484323
12,2,1.04,9.469508215716218
12,2,1.05,9.604264419856374
12,2,1.06,9.737818507705851
12,2,1.07,9.866295848350909
12,2,1.08,9.93154299491058
12,2,1.09,421.8541071186983
12,2,1.1,1000.0
12,2,1.11,1000.0
12,2,1.12,1000.0
12,2,1.13,1000.0
12,2,1.14,1000.0
12,2,1.15,1000.0
12,2,1.16,1000.0
12,2,1.17,1000.0
12,2,1.18,1000.0
12,2,1.19,1000.0
12,2,1.2,1000.0
12,2,1.21,1000.0
12,2,1.22,1000.0
12,2,1.23,1000.0
12,2,1.24,1000.0
12,2,1.25,1000.0
12,2,1.26,1000.0
12,2,1.27,1000.0
12,2,1.28,1000.0
12,2,1.29,1000.0
12,2,1.3,1000.0
12,2,1.31,1000.0
12,2,1.32,1000.0
12,2,1.33,1000.0
12,2,1.34,1000.0
12,2,1.35,1000.0
12,2,1.36,1000.0
12,2,1.37,1000.0
12,2,1.38,1000.0
12,2,1.39,1000.0
12,2,1.4,1000.0
12,2,1.41,1000.0
12,2,1.42,1000.0
12,2,1.43,1000.0
12,2,1.44,1000.0
12,2,1.45,1000.0
12,2,1.46,1000.0
12,2,1.47,1000.0
12,2,1.48,1000.0
12,2,1.49,1000.0
12,2,1.5,1000.0
12,2,1.51,1000.0
12,2,1.52,1000.0
12,2,1.53,1000.0
12,2,1.54,1000.0
12,2,1.55,1000.0
12,2,1.56,1000.0
12,2,1.57,1000.0
12,2,1.58,1000.0
12,2,1.59,1000.0
12,2,1.6,1000.0
12,2,1.61,1000.0
12,2,1.62,1000.0
12,2,1.63,1000.0
12,2,1.64,1000.0
12,2,1.65,1000.0
12,2,1.66,1000.0
12,2,1.67,1000.0
12,2,1.68,1000.0
12,2,1.69,1000.0
12,2,1.7,1000.0
12,2,1.71,1000.0
12,2,1.72,1000.0
12,2,1.73,1000.0
12,2,1.74,1000.0
12,2,1.75,1000.0
12,2,1.76,1000.0
12,2,1.77,1000.0
12,2,1.78,1000.0
12,2,1.79,1000.0
12,2,1.8,1000.0
12,2,1.81,1000.0
12,2,1.82,1000.0
12,2,1.83,1000.0
12,2,1.84,1000.0
12,2,1.85,1000.0
12,2,1.86,1000.0
12,2,1.87,1000.0
12,2,1.88,1000.0
12,2,1.89,1000.0
12,2,1.9,1000.0
12,2,1.91,1000.0
12,2,1.92,1000.0
12,2,1.93,1000.0
12,2,1.94,1000.0
12,2,1.95,1000.0
12,2,1.96,1000.0
12,2,1.97,1000.0
12,2,1.98,1000.0
12,2,1.99,1000.0
12,2,2.0,1000.0
12,5,-2.0,1000.0
12,5,-1.99,1000.0
12,5,-1.98,1000.0
12,5,-1.97,1000.0
12,5,-1.96,1000.0
12,5,-1.95,1000.0
12,5,-1.94,1000.0
12,5,-1.93,1000.0
12,5,-1.92,1000.0
12,5,-1.91,1000.0
12,5,-1.9,1000.0
12,5,-1.89,1000.0
12,5,-1.88,1000.0
12,5,-1.87,1000.0
12,5,-1.86,1000.0
12,5,-1.85,1000.0
12,5,-1.84,1000.0
12,5,-1.83,1000.0
12,5,-1.82,1000.0
12,5,-1.81,1000.0
12,5,-1.8,1000.0
12,5,-1.79,1000.0
12,5,-1.78,1000.0
12,5,-1.77,1000.0
12,5,-1.76,1000.0
12,5,-1.75,1000.0
12,5,-1.74,1000.0
12,5,-1.73,1000.0
12,5,-1.72,1000.0
12,5,-1.71,1000.0
12,5,-1.7,1000.0
12,5,-1.69,1000.0
12,5,-1.68,1000.0
12,5,-1.67,1000.0
12,5,-1.66,1000.0
12,5,-1.65,1000.0
12,5,-1.64,1000.0
12,5,-1.63,1000.0
12,5,-1.62,1000.0
12,5,-1.61,1000.0
12,5,-1.6,1000.0
12,5,-1.59,1000.0
12,5,-1.58,1000.0
12,5,-1.57,1000.0
12,5,-1.56,1000.0
12,5,-1.55,1000.0
12,5,-1.54,1000.0
12,5,-1.53,1000.0
12,5,-1.52,1000.0
12,5,-1.51,1000.0
12,5,-1.5,1000.0
12,5,-1.49,1000.0
12,5,-1.48,1000.0
12,5,-1.47,1000.0
12,5,-1.46,1000.0
12,5,-1.45,1000.0
12,5,-1.44,1000.0
12,5,-1.43,1000.0
12,5,-1.42,1000.0
12,5,-1.41,1000.0
12,5,-1.4,1000.0
12,5,-1.39,1000.0
12,5,-1.38,1000.0
12,5,-1.37,1000.0
12,5,-1.36,1000.0
12,5,-1.35,1000.0
12,5,-1.34,1000.0
12,5,-1.33,1000.0
12,5,-1.32,1000.0
12,5,-1.31,1000.0
12,5,-1.3,1000.0
12,5,-1.29,1000.0
12,5,-1.28,1000.0
12,5,-1.27,1000.0
12,5,-1.26,1000.0
12,5,-1.25,1000.0
12,5,-1.24,1000.0
12,5,-1.23,1000.0
12,5,-1.22,1000.0
12,5,-1.21,1000.0
12,5,-1.2,1000.0
12,5,-1.19,1000.0
12,5,-1.18,1000.0
12,5,-1.17,1000.0
12,5,-1.16,1000.0
12,5,-1.15,1000.0
12,5,-1.14,1000.0
12,5,-1.13,1000.0
12,5,-1.12,1000.0
12,5,-1.11,1000.0
12,5,-1.1,1000.0
12,5,-1.09,1000.0
12,5,-1.08,1000.0
12,5,-1.07,1000.0
12,5,-1.06,1000.0
12,5,-1.05,1000.0
12,5,-1.04,1000.0
12,5,-1.03,1000.0
12,5,-1.02,1000.0
12,5,-1.01,1000.0
12,5,-1.0,1000.0
12,5,-0.99,1000.0
12,5,-0.98,1000.0
12,5,-0.97,1000.0
12,5,-0.96,1000.0
12,5,-0.95,1000.0
12,5,-0.94,1000.0
12,5,-0.93,1000.0
12,5,-0.92,1000.0
12,5,-0.91,1000.0
12,5,-0.9,1000.0
12,5,-0.89,1000.0
12,5,-0.88,1000.0
12,5,-0.87,1000.0
12,5,-0.86,1000.0
12,5,-0.85,1000.0
12,5,-0.84,1000.0
12,5,-0.83,1000.0
12,5,-0.82,1000.0
12,5,-0.81,1000.0
12,5,-0.8,1000.0
12,5,-0.79,1000.0
12,5,-0.78,1000.0
12,5,-0.77,1000.0
12,5,-0.76,1000.0
12,5,-0.75,1000.0
12,5,-0.74,1000.0
12,5,-0.73,1000.0
12,5,-0.72,1000.0
12,5,-0.71,1000.0
12,5,-0.7,1000.0
12,5,-0.69,1000.0
12,5,-0.68,1000.0
12,5,-0.67,1000.0
12,5,-0.66,1000.0
12,5,-0.65,1000.0
12,5,-0.64,1000.0
12,5,-0.63,1000.0
12,5,-0.62,1000.0
12,5,-0.61,1000.0
12,5,-0.6,1000.0
12,5,-0.59,1000.0
12,5,-0.58,1000.0
12,5,-0.57,1000.0
12,5,-0.56,1000.0
12,5,-0.55,1000.0
12,5,-0.54,1000.0
12,5,-0.53,1000.0
12,5,-0.52,1000.0
12,5,-0.51,1000.0
12,5,-0.5,1000.0
12,5,-0.49,1000.0
12,5,-0.48,1000.0
12,5,-0.47,1000.0
12,5,-0.46,1000.0
12,5,-0.45,1000.0
12,5,-0.44,1000.0
12,5,-0.43,1000.0
12,5,-0.42,1000.0
12,5,-0.41,1000.0
12,5,-0.4,1000.0
12,5,-0.39,1000.0
12,5,-0.38,1000.0
12,5,-0.37,1000.0
12,5,-0.36,1000.0
12,5,-0.35,1000.0
12,5,-0.34,1000.0
12,5,-0.33,1000.0
12,5,-0.32,1000.0
12,5,-0.31,1000.0
12,5,-0.3,1000.0
12,5,-0.29,1000.0
12,5,-0.28,1000.0
12,5,-0.27,1000.0
12,5,-0.26,1000.0
12,5,-0.25,1.9043921921034839
12,5,-0.24,1.6784809512336096
12,5,-0.23,1.5266536435036853
12,5,-0.22,1.395260217161906
12,5,-0.21,1.2756218456805695
12,5,-0.2,1.1683198432045216
12,5,-0.19,1.0730987501838516
12,5,-0.18,0.9859068932796164
12,5,-0.17,0.9001580721744251
12,5,-0.16,0.81055949325092
12,5,-0.15,0.7177826848251345
12,5,-0.14,0.6285550005526317
12,5,-0.13,0.5491330201718562
12,5,-0.12,0.4805145045503868
12,5,-0.11,0.42022450784102355
12,5,-0.1,0.36573322525588053
12,5,-0.09,0.315664415588605
12,5,-0.08,0.26913367669445076
12,5,-0.07,0.22467969863980108
12,5,-0.06,0.1802303672181723
12,5,-0.05,0.13509064651537872
12,5,-0.04,0.09240268621298717
12,5,-0.03,0.057902497622430195
12,5,-0.02,0.03520555176011089
12,5,-0.01,0.023653078829548296
12,5,0.0,0.020895430727674334
12,5,0.01,0.02556806756431599
12,5,0.02,0.03770404323167215
12,5,0.03,0.05801541422251399
12,5,0.04,0.08690664964548538
12,5,0.05,0.12394389541200164
12,5,0.06,0.16833007291141688
12,5,0.07,0.2199338505013112
12,5,0.08,0.27985569037231023
12,5,0.09,0.350320319753992
12,5,0.1,0.43446266074009854
12,5,0.11,0.5362506480794706
12,5,0.12,0.6601663342859914
12,5,0.13,0.8102121215474705
12,5,0.14,0.9882943908367738
12,5,0.15,1.1927383090195474
12,5,0.16,1.4180285612491694
12,5,0.17,1.6562039617155202
12,5,0.18,1.89912618033274
12,5,0.19,2.140353517054251
12,5,0.2,2.375908728633797
12,5,0.21,2.6041427615520707
12,5,0.22,2.8253219987836493
12,5,0.23,3.0412615287222224
12,5,0.24,3.2554583510006316
12,5,0.25,3.477545975325471
12,5,0.26,3.7134867979053787
12,5,0.27,3.9361495228223933
12,5,0.28,4.140022811658126
12,5,0.29,4.33339373826557
12,5,0.3,4.522279682242554
12,5,0.31,4.7106878151125535
12,5,0.32,4.901359402437113
12,5,0.33,5.095795587769773
12,5,0.34,5.29419452037429
12,5,0.35,5.495833602922861
12,5,0.36,5.699972202208318
12,5,0.37,5.906728409099716
12,5,0.38,6.117272005033986
12,5,0.39,6.333205809229368
12,5,0.4,6.55556668203843
12,5,0.41,6.784077015876307
12,5,0.42,7.0171047650055804
12,5,0.43,7.252270139476495
12,5,0.44,7.487139931561652
12,5,0.45,7.71955573011707
12,5,0.46,7.947688137966283
12,5,0.47,8.170138516752674
12,5,0.48,8.386139299971118
12,5,0.49,8.59564577926764
12,5,0.5,8.799193519957486
12,5,0.51,8.99760753117914
12,5,0.52,9.191706158436958
12,5,0.53,9.382032046239221
12,5,0.54,9.568503856280817
12,5,0.55,9.749814898037549
12,5,0.56,9.922499692284564
12,5,0.57,10.080373964185771
12,5,0.58,10.218407281895214
12,5,0.59,10.348213985940264
12,5,0.6,10.503230009122209
12,5,0.61,10.698540126866465
12,5,0.62,10.938792745935245
12,5,0.63,11.200300826113322
12,5,0.64,11.425480078422726
12,5,0.65,11.63328796137267
12,5,0.66,11.83211985040584
12,5,0.67,12.025237385099047
12,5,0.68,12.21435613013372
12,5,0.69,12.40051104611443
12,5,0.7,12.584376965438436
12,5,0.71,12.766415561648339
12,5,0.72,12.946951882383413
12,5,0.73,13.126219573471353
12,5,0.74,13.304390686627789
12,5,0.75,13.481596451207695
12,5,0.76,13.657941620037235
12,5,0.77,13.833513717500255
12,5,0.78,14.008388239053218
12,5,0.79,14.18263087760204
12,5,0.8,14.356297875251071
12,5,0.81,14.52943551292426
12,5,0.82,14.702079552280406
12,5,0.83,14.874255176785793
12,5,0.84,15.045977696726004
12,5,0.85,15.217254035058936
12,5,0.86,15.388084830132424
12,5,0.87,15.558466890773119
12,5,0.88,15.728395714418886
12,5,0.89,15.897867812260396
12,5,0.9,16.066882653419896
12,5,0.91,16.235444120490033
12,5,0.92,16.40356144401489
12,5,0.93,16.5712496432842
12,5,0.94,16.738529540829227
12,5,0.95,16.905427438115037
12,5,0.96,17.071974541757896
12,5,0.97,17.238206213527118
12,5,0.98,17.40416107580888
12,5,0.99,17.56987989598004
12,5,1.0,17.735403786832137
12,5,1.01,17.900769222276402
12,5,1.02,18.06598037018996
12,5,1.03,18.23066759576222
12,5,1.04,1000.0
12,5,1.05,1000.0
12,5,1.06,1000.0
12,5,1.07,1000.0
12,5,1.08,1000.0
12,5,1.09,1000.0
12,5,1.1,1000.0
12,5,1.11,1000.0
12,5,1.12,1000.0
12,5,1.13,1000.0
12,5,1.14,1000.0
12,5,1.15,1000.0
12,5,1.16,1000.0
12,5,1.17,1000.0
12,5,1.18,1000.0
12,5,1.19,1000.0
12,5,1.2,1000.0
12,5,1.21,1000.0
12,5,1.22,1000.0
12,5,1.23,1000.0
12,5,1.24,1000.0
12,5,1.25,1000.0
12,5,1.26,1000.0
12,5,1.27,1000.0
12,5,1.28,1000.0
12,5,1.29,1000.0
12,5,1.3,1000.0
12,5,1.31,1000.0
12,5,1.32,1000.0
12,5,1.33,1000.0
12,5,1.34,1000.0
12,5,1.35,1000.0
12,5,1.36,1000.0
12,5,1.37,1000.0
12,5,1.38,1000.0
12,5,1.39,1000.0
12,5,1.4,1000.0
12,5,1.41,1000.0
12,5,1.42,1000.0
12,5,1.43,1000.0
12,5,1.44,1000.0
12,5,1.45,1000.0
12,5,1.46,1000.0
12,5,1.47,1000.0
12,5,1.48,1000.0
12,5,1.49,1000.0
12,5,1.5,1000.0
12,5,1.51,1000.0
12,5,1.52,1000.0
12,5,1.53,1000.0
12,5,1.54,1000.0
12,5,1.55,1000.0
12,5,1.56,1000.0
12,5,1.57,1000.0
12,5,1.58,1000.0
12,5,1.59,1000.0
12,5,1.6,1000.0
12,5,1.61,1000.0
12,5,1.62,1000.0
12,5,1.63,1000.0
12,5,1.64,1000.0
12,5,1.65,1000.0
12,5,1.66,1000.0
12,5,1.67,1000.0
12,5,1.68,1000.0
12,5,1.69,1000.0
12,5,1.7,1000.0
12,5,1.71,1000.0
12,5,1.72,1000.0
12,5,1.73,1000.0
12,5,1.74,1000.0
12,5,1.75,1000.0
12,5,1.76,1000.0
12,5,1.77,1000.0
12,5,1.78,1000.0
12,5,1.79,1000.0
12,5,1.8,1000.0
12,5,1.81,1000.0
12,5,1.82,1000.0
12,5,1.83,1000.0
12,5,1.84,1000.0
12,5,1.85,1000.0
12,5,1.86,1000.0
12,5,1.87,1000.0
12,5,1.88,1000.0
12,5,1.89,1000.0
12,5,1.9,1000.0
12,5,1.91,1000.0
12,5,1.92,1000.0
12,5,1.93,1000.0
12,5,1.94,1000.0
12,5,1.95,1000.0
12,5,1.96,1000.0
12,5,1.97,1000.0
12,5,1.98,1000.0
12,5,1.99,1000.0
12,5,2.0,1000.0
12,10,-2.0,1000.0
12,10,-1.99,1000.0
12,10,-1.98,1000.0
12,10,-1.97,1000.0
12,10,-1.96,1000.0
12,10,-1.95,1000.0
12,10,-1.94,1000.0
12,10,-1.93,1000.0
12,10,-1.92,1000.0
12,10,-1.91,1000.0
12,10,-1.9,1000.0
12,10,-1.89,1000.0
12,10,-1.88,1000.0
12,10,-1.87,1000.0
12,10,-1.86,1000.0
12,10,-1.85,1000.0
12,10,-1.84,1000.0
12,10,-1.83,1000.0
12,10,-1.82,1000.0
12,10,-1.81,1000.0
12,10,-1.8,1000.0
12,10,-1.79,1000.0
12,10,-1.78,1000.0
12,10,-1.77,1000.0
12,10,-1.76,1000.0
12,10,-1.75,1000.0
12,10,-1.74,1000.0
12,10,-1.73,1000.0
12,10,-1.72,1000.0
12,10,-1.71,1000.0
12,10,-1.7,1000.0
12,10,-1.69,1000.0
12,10,-1.68,1000.0
12,10,-1.67,1000.0
12,10,-1.66,1000.0
12,10,-1.65,1000.0
12,10,-1.64,1000.0
12,10,-1.63,1000.0
12,10,-1.62,1000.0
12,10,-1.61,1000.0
12,10,-1.6,1000.0
12,10,-1.59,1000.0
12,10,-1.58,1000.0
12,10,-1.57,1000.0
12,10,-1.56,1000.0
12,10,-1.55,1000.0
12,10,-1.54,1000.0
12,10,-1.53,1000.0
12,10,-1.52,1000.0
12,10,-1.51,1000.0
12,10,-1.5,1000.0
12,10,-1.49,1000.0
12,10,-1.48,1000.0
12,10,-1.47,1000.0
12,10,-1.46,1000.0
12,10,-1.45,1000.0
12,10,-1.44,1000.0
12,10,-1.43,1000.0
12,10,-1.42,1000.0
12,10,-1.41,1000.0
12,10,-1.4,1000.0
12,10,-1.39,1000.0
12,10,-1.38,1000.0
12,10,-1.37,1000.0
12,10,-1.36,1000.0
12,10,-1.35,1000.0
12,10,-1.34,1000.0
12,10,-1.33,1000.0
12,10,-1.32,1000.0
12,10,-1.31,1000.0
12,10,-1.3,1000.0
12,10,-1.29,1000.0
12,10,-1.28,1000.0
12,10,-1.27,1000.0
12,10,-1.26,1000.0
12,10,-1.25,1000.0
12,10,-1.24,1000.0
12,10,-1.23,1000.0
12,10,-1.22,1000.0
12,10,-1.21,1000.0
12,10,-1.2,1000.0
12,10,-1.19,1000.0
12,10,-1.18,1000.0
12,10,-1.17,1000.0
12,10,-1.16,1000.0
12,10,-1.15,1000.0
12,10,-1.14,1000.0
12,10,-1.13,1000.0
12,10,-1.12,1000.0
12,10,-1.11,1000.0
12,10,-1.1,1000.0
12,10,-1.09,1000.0
12,10,-1.08,1000.0
12,10,-1.07,1000.0
12,10,-1.06,1000.0
12,10,-1.05,1000.0
12,10,-1.04,1000.0
12,10,-1.03,1000.0
12,10,-1.02,1000.0
12,10,-1.01,1000.0
12,10,-1.0,1000.0
12,10,-0.99,1000.0
12,10,-0.98,1000.0
12,10,-0.97,1000.0
12,10,-0.96,1000.0
12,10,-0.95,1000.0
12,10,-0.94,1000.0
12,10,-0.93,1000.0
12,10,-0.92,1000.0
12,10,-0.91,1000.0
12,10,-0.9,1000.0
12,10,-0.89,1000.0
12,10,-0.88,1000.0
12,10,-0.87,1000.0
12,10,-0.86,1000.0
12,10,-0.85,1000.0
12,10,-0.84,1000.0
12,10,-0.83,1000.0
12,10,-0.82,1000.0
12,10,-0.81,1000.0
12,10,-0.8,1000.0
12,10,-0.79,1000.0
12,10,-0.78,1000.0
12,10,-0.77,1000.0
12,10,-0.76,1000.0
12,10,-0.75,1000.0
12,10,-0.74,1000.0
12,10,-0.73,1000.0
12,10,-0.72,1000.0
12,10,-0.71,1000.0
12,10,-0.7,1000.0
12,10,-0.69,1000.0
12,10,-0.68,1000.0
12,10,-0.67,1000.0
12,10,-0.66,1000.0
12,10,-0.65,1000.0
12,10,-0.64,1000.0
12,10,-0.63,1000.0
12,10,-0.62,1000.0
12,10,-0.61,1000.0
12,10,-0.6,1000.0
12,10,-0.59,1000.0
12,10,-0.58,1000.0
12,10,-0.57,1000.0
12,10,-0.56,1000.0
12,10,-0.55,1000.0
12,10,-0.54,1000.0
12,10,-0.53,1000.0
12,10,-0.52,1000.0
12,10,-0.51,1000.0
12,10,-0.5,1000.0
12,10,-0.49,1000.0
12,10,-0.48,1000.0
12,10,-0.47,1000.0
12,10,-0.46,1000.0
12,10,-0.45,1000.0
12,10,-0.44,1000.0
12,10,-0.43,1000.0
12,10,-0.42,1000.0
12,10,-0.41,1000.0
12,10,-0.4,1000.0
12,10,-0.39,1000.0
12,10,-0.38,1000.0
12,10,-0.37,1000.0
12,10,-0.36,1000.0
12,10,-0.35,1000.0
12,10,-0.34,1000.0
12,10,-0.33,1000.0
12,10,-0.32,1000.0
12,10,-0.31,1000.0
12,10,-0.3,1000.0
12,10,-0.29,1000.0
12,10,-0.28,1000.0
12,10,-0.27,1000.0
12,10,-0.26,1000.0
12,10,-0.25,1.8322732676602014
12,10,-0.24,1.8154875754286286
12,10,-0.23,1.7453916779829295
12,10,-0.22,1.6590196494057943
12,10,-0.21,1.5731344286425148
12,10,-0.2,1.4857409682906648
12,10,-0.19,1.3989212054924
12,10,-0.18,1.315125473807235
12,10,-0.17,1.2334355277565394
12,10,-0.16,1.149129799537498
12,10,-0.15,1.0570667826058775
12,10,-0.14,0.9580583903751876
12,10,-0.13,0.8594244636810784
12,10,-0.12,0.7644207487232548
12,10,-0.11,0.6683748049406233
12,10,-0.1,0.5722207026382958
12,10,-0.09,0.4870583773008439
12,10,-0.08,0.4162078025711243
12,10,-0.07,0.35440071475760704
12,10,-0.06,0.2958814911538332
12,10,-0.05,0.23761407214895136
12,10,-0.04,0.18047863829153105
12,10,-0.03,0.12667877411904158
12,10,-0.02,0.07654265790052495
12,10,-0.01,0.0349952078409122
12,10,0.0,0.01543365226590483
12,10,0.01,0.045349373923395324
12,10,0.02,0.1773374774767127
12,10,0.03,0.443991608758779
12,10,0.04,0.8266318434876376
12,10,0.05,1.1208432990833992
12,10,0.06,1.355214193447915
12,10,0.07,1.6152549708243815
12,10,0.08,1.9743912373521242
12,10,0.09,2.5107649691008573
12,10,0.1,3.23479955474428
12,10,0.11,4.041363903602407
12,10,0.12,4.805463368268347
12,10,0.13,5.47635251476101
12,10,0.14,6.057602811037424
12,10,0.15,6.566998844826243
12,10,0.16,7.0215227632597825
12,10,0.17,7.4346700976508036
12,10,0.18,7.816878430945856
12,10,0.19,8.176292112503146
12,10,0.2,8.519321895970354
12,10,0.21,8.850957726685529
12,10,0.22,9.174932496792483
12,10,0.23,9.493858924281994
12,10,0.24,9.809375992128563
12,10,0.25,10.122319885411635
12,10,0.26,10.432944583944694
12,10,0.27,10.741179409784662
12,10,0.28,11.04686475258987
12,10,0.29,11.349911296288957
12,10,0.3,11.650368345942614
12,10,0.31,11.948416374439802
12,10,0.32,12.244300854210271
12,10,0.33,12.538216594619515
12,10,0.34,12.830157269147886
12,10,0.35,13.119769964668333
12,10,0.36,13.406281075910297
12,10,0.37,13.688552230561353
12,10,0.38,13.965264832568444
12,10,0.39,14.235156268362413
12,10,0.4,14.497207963493457
12,10,0.41,14.750732976504066
12,10,0.42,14.995374607840253
12,10,0.43,15.231055636735265
12,10,0.44,15.457911605978747
12,10,0.45,15.676226995008863
12,10,0.46,15.886382919515976
12,10,0.47,16.088818463042447
12,10,0.48,16.284003495699686
12,10,0.49,16.472419424631727
12,10,0.5,16.654545271162856
12,10,0.51,16.83084793486844
12,10,0.52,17.001776123417237
12,10,0.53,17.16775720072261
12,10,0.54,17.32919585649621
12,10,0.55,17.48647354790864
12,10,0.56,17.63994810337503
12,10,0.57,17.78995339856607
12,10,0.58,17.936799333867796
12,10,0.59,18.080772375557814
12,10,0.6,18.222136757094404
12,10,0.61,18.361136221724106
12,10,0.62,18.497996040372577
12,10,0.63,18.63292500563479
12,10,0.64,18.76611716766185
12,10,0.65,18.89775319336385
12,10,0.66,19.028001347224688
12,10,0.67,19.15701817665173
12,10,0.68,19.284949024381262
12,10,0.69,19.41192848905753
12,10,0.7,19.538080926032737
12,10,0.71,19.663521039246337
12,10,0.72,19.788354574713438
12,10,0.73,19.912679094967046
12,10,0.74,20.03658479524676
12,10,0.75,20.160155316045348
12,10,0.76,20.28346851025176
12,10,0.77,20.406597133039337
12,10,0.78,20.52960943535152
12,10,0.79,20.652569654501523
12,10,0.8,20.77553840609971
12,10,0.81,20.898572989246503
12,10,0.82,21.02172762143398
12,10,0.83,21.145053621185824
12,10,0.84,21.268599555740742
12,10,0.85,21.392411368776266
12,10,0.86,21.516532499983224
12,10,0.87,21.641004004821696
12,10,0.88,21.76586467946639
12,10,0.89,21.89115119306144
12,10,0.9,22.016898227104754
12,10,0.91,22.14313862010517
12,10,0.92,22.26990351454213
12,10,0.93,22.397222502482137
12,10,0.94,22.525123765735245
12,10,0.95,22.653634205781003
12,10,0.96,22.782779557037895
12,10,0.97,22.912584472418164
12,10,0.98,23.043072556580782
12,10,0.99,23.17426627789709
12,10,1.0,23.306186507550024
12,10,1.01,23.43885035265088
12,10,1.02,23.572253133227765
12,10,1.03,23.704615482592846
12,10,1.04,1000.0
12,10,1.05,1000.0
12,10,1.06,1000.0
12,10,1.07,1000.0
12,10,1.08,1000.0
12,10,1.09,1000.0
12,10,1.1,1000.0
12,10,1.11,1000.0
12,10,1.12,1000.0
12,10,1.13,1000.0
12,10,1.14,1000.0
12,10,1.15,1000.0
12,10,1.16,1000.0
12,10,1.17,1000.0
12,10,1.18,1000.0
12,10,1.19,1000.0
12,10,1.2,1000.0
12,10,1.21,1000.0
12,10,1.22,1000.0
12,10,1.23,1000.0
12,10,1.24,1000.0
12,10,1.25,1000.0
12,10,1.26,1000.0
12,10,1.27,1000.0
12,10,1.28,1000.0
12,10,1.29,1000.0
12,10,1.3,1000.0
12,10,1.31,1000.0
12,10,1.32,1000.0
12,10,1.33,1000.0
12,10,1.34,1000.0
12,10,1.35,1000.0
12,10,1.36,1000.0
12,10,1.37,1000.0
12,10,1.38,1000.0
12,10,1.39,1000.0
12,10,1.4,1000.0
12,10,1.41,1000.0
12,10,1.42,1000.0
12,10,1.43,1000.0
12,10,1.44,1000.0
12,10,1.45,1000.0
12,10,1.46,1000.0
12,10,1.47,1000.0
12,10,1.48,1000.0
12,10,1.49,1000.0
12,10,1.5,1000.0
12,10,1.51,1000.0
12,10,1.52,1000.0
12,10,1.53,1000.0
12,10,1.54,1000.0
12,10,1.55,1000.0
12,10,1.56,1000.0
12,10,1.57,1000.0
12,10,1.58,1000.0
12,10,1.59,1000.0
12,10,1.6,1000.0
12,10,1.61,1000.0
12,10,1.62,1000.0
12,10,1.63,1000.0
12,10,1.64,1000.0
12,10,1.65,1000.0
12,10,1.66,1000.0
12,10,1.67,1000.0
12,10,1.68,1000.0
12,10,1.69,1000.0
12,10,1.7,1000.0
12,10,1.71,1000.0
12,10,1.72,1000.0
12,10,1.73,1000.0
12,10,1.74,1000.0
12,10,1.75,1000.0
12,10,1.76,1000.0
12,10,1.77,1000.0
12,10,1.78,1000.0
12,10,1.79,1000.0
12,10,1.8,1000.0
12,10,1.81,1000.0
12,10,1.82,1000.0
12,10,1.83,1000.0
12,10,1.84,1000.0
12,10,1.85,1000.0
12,10,1.86,1000.0
12,10,1.87,1000.0
12,10,1.88,1000.0
12,10,1.89,1000.0
12,10,1.9,1000.0
12,10,1.91,1000.0
12,10,1.92,1000.0
12,10,1.93,1000.0
12,10,1.94,1000.0
12,10,1.95,1000.0
12,10,1.96,1000.0
12,10,1.97,1000.0
12,10,1.98,1000.0
12,10,1.99,1000.0
12,10,2.0,1000.0
12,25,-2.0,1000.0
12,25,-1.99,1000.0
12,25,-1.98,1000.0
12,25,-1.97,1000.0
12,25,-1.96,1000.0
12,25,-1.95,1000.0
12,25,-1.94,1000.0
12,25,-1.93,1000.0
12,25,-1.92,1000.0
12,25,-1.91,1000.0
12,25,-1.9,1000.0
12,25,-1.89,1000.0
12,25,-1.88,1000.0
12,25,-1.87,1000.0
12,25,-1.86,1000.0
12,25,-1.85,1000.0
12,25,-1.84,1000.0
12,25,-1.83,1000.0
12,25,-1.82,1000.0
12,25,-1.81,1000.0
12,25,-1.8,1000.0
12,25,-1.79,1000.0
12,25,-1.78,1000.0
12,25,-1.77,1000.0
12,25,-1.76,1000.0
12,25,-1.75,1000.0
12,25,-1.74,1000.0
12,25,-1.73,1000.0
12,25,-1.72,1000.0
12,25,-1.71,1000.0
12,25,-1.7,1000.0
12,25,-1.69,1000.0
12,25,-1.68,1000.0
12,25,-1.67,1000.0
12,25,-1.66,1000.0
12,25,-1.65,1000.0
12,25,-1.64,1000.0
12,25,-1.63,1000.0
12,25,-1.62,1000.0
12,25,-1.61,1000.0
12,25,-1.6,1000.0
12,25,-1.59,1000.0
12,25,-1.58,1000.0
12,25,-1.57,1000.0
12,25,-1.56,1000.0
12,25,-1.55,1000.0
12,25,-1.54,1000.0
12,25,-1.53,1000.0
12,25,-1.52,1000.0
12,25,-1.51,1000.0
12,25,-1.5,1000.0
12,25,-1.49,1000.0
12,25,-1.48,1000.0
12,25,-1.47,1000.0
12,25,-1.46,1000.0
12,25,-1.45,1000.0
12,25,-1.44,1000.0
12,25,-1.43,1000.0
12,25,-1.42,1000.0
12,25,-1.41,1000.0
12,25,-1.4,1000.0
12,25,-1.39,1000.0
12,25,-1.38,1000.0
12,25,-1.37,1000.0
12,25,-1.36,1000.0
12,25,-1.35,1000.0
12,25,-1.34,1000.0
12,25,-1.33,1000.0
12,25,-1.32,1000.0
12,25,-1.31,1000.0
12,25,-1.3,1000.0
12,25,-1.29,1000.0
12,25,-1.28,1000.0
12,25,-1.27,1000.0
12,25,-1.26,1000.0
12,25,-1.25,1000.0
12,25,-1.24,1000.0
12,25,-1.23,1000.0
12,25,-1.22,1000.0
12,25,-1.21,1000.0
12,25,-1.2,1000.0
12,25,-1.19,1000.0
12,25,-1.18,1000.0
12,25,-1.17,1000.0
12,25,-1.16,1000.0
12,25,-1.15,1000.0
12,25,-1.14,1000.0
12,25,-1.13,1000.0
12,25,-1.12,1000.0
12,25,-1.11,1000.0
12,25,-1.1,1000.0
12,25,-1.09,1000.0
12,25,-1.08,1000.0
12,25,-1.07,1000.0
12,25,-1.06,1000.0
12,25,-1.05,1000.0
12,25,-1.04,1000.0
12,25,-1.03,1000.0
12,25,-1.02,1000.0
12,25,-1.01,1000.0
12,25,-1.0,1000.0
12,25,-0.99,1000.0
12,25,-0.98,1000.0
12,25,-0.97,1000.0
12,25,-0.96,1000.0
12,25,-0.95,1000.0
12,25,-0.94,1000.0
12,25,-0.93,1000.0
12,25,-0.92,1000.0
12,25,-0.91,1000.0
12,25,-0.9,1000.0
12,25,-0.89,1000.0
12,25,-0.88,1000.0
12,25,-0.87,1000.0
12,25,-0.86,1000.0
12,25,-0.85,1000.0
12,25,-0.84,1000.0
12,25,-0.83,1000.0
12,25,-0.82,1000.0
12,25,-0.81,1000.0
12,25,-0.8,1000.0
12,25,-0.79,1000.0
12,25,-0.78,1000.0
12,25,-0.77,1000.0
12,25,-0.76,1000.0
12,25,-0.75,1000.0
12,25,-0.74,1000.0
12,25,-0.73,1000.0
12,25,-0.72,1000.0
12,25,-0.71,1000.0
12,25,-0.7,1000.0
12,25,-0.69,1000.0
12,25,-0.68,1000.0
12,25,-0.67,1000.0
12,25,-0.66,1000.0
12,25,-0.65,1000.0
12,25,-0.64,1000.0
12,25,-0.63,1000.0
12,25,-0.62,1000.0
12,25,-0.61,1000.0
12,25,-0.6,1000.0
12,25,-0.59,1000.0
12,25,-0.58,1000.0
12,25,-0.57,1000.0
12,25,-0.56,1000.0
12,25,-0.55,1000.0
12,25,-0.54,1000.0
12,25,-0.53,1000.0
12,25,-0.52,1000.0
12,25,-0.51,1000.0
12,25,-0.5,1000.0
12,25,-0.49,1000.0
12,25,-0.48,1000.0
12,25,-0.47,1000.0
12,25,-0.46,1000.0
12,25,-0.45,1000.0
12,25,-0.44,1000.0
12,25,-0.43,1000.0
12,25,-0.42,1000.0
12,25,-0.41,1000.0
12,25,-0.4,1000.0
12,25,-0.39,1000.0
12,25,-0.38,1000.0
12,25,-0.37,1000.0
12,25,-0.36,1000.0
12,25,-0.35,1000.0
12,25,-0.34,1000.0
12,25,-0.33,1000.0
12,25,-0.32,1000.0
12,25,-0.31,1000.0
12,25,-0.3,1000.0
12,25,-0.29,1000.0
12,25,-0.28,1000.0
12,25,-0.27,1000.0
12,25,-0.26,1000.0
12,25,-0.25,3.1833433153520385
12,25,-0.24,3.0630059267625325
12,25,-0.23,2.976483250737233
12,25,-0.22,2.8990071630118157
12,25,-0.21,2.828346759222225
12,25,-0.2,2.764706267570981
12,25,-0.19,2.706639609644597
12,25,-0.18,2.6508192708377702
12,25,-0.17,2.5933428801579574
12,25,-0.16,2.5320731794826874
12,25,-0.15,2.4685803842208727
12,25,-0.14,2.4059192175895068
12,25,-0.13,2.343700145000937
12,25,-0.12,2.277381411688911
12,25,-0.11,2.203945867133261
12,25,-0.1,2.126717552836787
12,25,-0.09,2.0468180804993645
12,25,-0.08,1.9573260435083957
12,25,-0.07,1.8579490960289267
12,25,-0.06,1.7499835445740097
12,25,-0.05,1.6209159782574842
12,25,-0.04,1.45194938245319
12,25,-0.03,0.8226576790628609
12,25,-0.02,0.359953994891077
12,25,-0.01,0.12040529611261341
12,25,0.0,0.020700188701984125
12,25,0.01,0.05563460090284454
12,25,0.02,0.23719036767693927
12,25,0.03,0.57618146183202
12,25,0.04,1.1619479382608275
12,25,0.05,2.2518945924060203
12,25,0.06,4.360210092313847
12,25,0.07,7.493802537014706
12,25,0.08,9.50782624366618
12,25,0.09,10.809292939162711
12,25,0.1,11.772940239954158
12,25,0.11,12.546597061711552
12,25,0.12,13.205045511904745
12,25,0.13,13.795267532663189
12,25,0.14,14.357786285199092
12,25,0.15,14.94043201721024
12,25,0.16,15.595583041006089
12,25,0.17,16.331581494495122
12,25,0.18,17.137435828096457
12,25,0.19,17.99761005295748
12,25,0.2,18.793419374968547
12,25,0.21,19.48169869105721
12,25,0.22,20.07718976458425
12,25,0.23,20.59871408464983
12,25,0.24,21.061023411638246
12,25,0.25,21.475363043884492
12,25,0.26,21.850478461340238
12,25,0.27,22.19327665558602
12,25,0.28,22.50925565343531
12,25,0.29,22.802810711861326
12,25,0.3,23.07746929699649
12,25,0.31,23.336075192743742
12,25,0.32,23.580931368929555
12,25,0.33,23.813910042792735
12,25,0.34,24.036538240471423
12,25,0.35,24.250065743440103
12,25,0.36,24.45552004752487
12,25,0.37,24.653751203781272
12,25,0.38,24.845468300260965
12,25,0.39,25.031268550374598
12,25,0.4,25.211659678054367
12,25,0.41,25.387076506664226
12,25,0.42,25.557892936567036
12,25,0.43,25.724430599609796
12,25,0.44,25.886965523530126
12,25,0.45,26.045734287371104
12,25,0.46,26.200941383968242
12,25,0.47,26.35276961339524
12,25,0.48,26.50139489008575
12,25,0.49,26.64700508334076
12,25,0.5,26.789818070286916
12,25,0.51,26.930085029225086
12,25,0.52,27.068048825552886
12,25,0.53,27.20380259616752
12,25,0.54,27.336961043360468
12,25,0.55,27.466026940008593
12,25,0.56,27.5873948442702
12,25,0.57,27.694619371852525
12,25,0.58,27.781615705496463
12,25,0.59,27.854762748825486
12,25,0.6,27.915144497427903
12,25,0.61,27.847467583492023
12,25,0.62,26.233456075553917
12,25,0.63,22.731692447091675
12,25,0.64,22.931521765659404
12,25,0.65,23.0783759175795
12,25,0.66,23.203363069325036
12,25,0.67,23.31629632768198
12,25,0.68,23.42162514458476
12,25,0.69,23.521735068596623
12,25,0.7,23.618063115232406
12,25,0.71,23.711559007822466
12,25,0.72,23.802893029253703
12,25,0.73,23.89255805484398
12,25,0.74,23.98092644343686
12,25,0.75,24.068286393665417
12,25,0.76,24.154867175987917
12,25,0.77,24.240856825505197
12,25,0.78,24.326414064132308
12,25,0.79,24.411675847003895
12,25,0.8,24.49676186760516
12,25,0.81,24.581777217231828
12,25,0.82,24.666814128008586
12,25,0.83,24.75195340648617
12,25,0.84,24.837265867647254
12,25,0.85,24.92281385588266
12,25,0.86,25.00865280391499
12,25,0.87,25.094832722612853
12,25,0.88,25.181399512850525
12,25,0.89,25.268396021696503
12,25,0.9,25.355862809200232
12,25,0.91,25.443838634373613
12,25,0.92,25.53236070109512
12,25,0.93,25.621464723253254
12,25,0.94,25.711184873966083
12,25,0.95,25.80155367884916
12,25,0.96,25.89260190147745
12,25,0.97,25.984358453285292
12,25,0.98,26.076850340997098
12,25,0.99,26.170102636835704
12,25,1.0,26.264138385599015
12,25,1.01,26.35897799654007
12,25,1.02,26.454633404412657
12,25,1.03,1000.0
12,25,1.04,1000.0
12,25,1.05,1000.0
12,25,1.06,1000.0
12,25,1.07,1000.0
12,25,1.08,1000.0
12,25,1.09,1000.0
12,25,1.1,1000.0
12,25,1.11,1000.0
12,25,1.12,1000.0
12,25,1.13,1000.0
12,25,1.14,1000.0
12,25,1.15,1000.0
12,25,1.16,1000.0
12,25,1.17,1000.0
12,25,1.18,1000.0
12,25,1.19,1000.0
12,25,1.2,1000.0
12,25,1.21,1000.0
12,25,1.22,1000.0
12,25,1.23,1000.0
12,25,1.24,1000.0
12,25,1.25,1000.0
12,25,1.26,1000.0
12,25,1.27,1000.0
12,25,1.28,1000.0
12,25,1.29,1000.0
12,25,1.3,1000.0
12,25,1.31,1000.0
12,25,1.32,1000.0
12,25,1.33,1000.0
12,25,1.34,1000.0
12,25,1.35,1000.0
12,25,1.36,1000.0
12,25,1.37,1000.0
12,25,1.38,1000.0
12,25,1.39,1000.0
12,25,1.4,1000.0
12,25,1.41,1000.0
12,25,1.42,1000.0
12,25,1.43,1000.0
12,25,1.44,1000.0
12,25,1.45,1000.0
12,25,1.46,1000.0
12,25,1.47,1000.0
12,25,1.48,1000.0
12,25,1.49,1000.0
12,25,1.5,1000.0
12,25,1.51,1000.0
12,25,1.52,1000.0
12,25,1.53,1000.0
12,25,1.54,1000.0
12,25,1.55,1000.0
12,25,1.56,1000.0
12,25,1.57,1000.0
12,25,1.58,1000.0
12,25,1.59,1000.0
12,25,1.6,1000.0
12,25,1.61,1000.0
12,25,1.62,1000.0
12,25,1.63,1000.0
12,25,1.64,1000.0
12,25,1.65,1000.0
12,25,1.66,1000.0
12,25,1.67,1000.0
12,25,1.68,1000.0
12,25,1.69,1000.0
12,25,1.7,1000.0
12,25,1.71,1000.0
12,25,1.72,1000.0
12,25,1.73,1000.0
12,25,1.74,1000.0
12,25,1.75,1000.0
12,25,1.76,1000.0
12,25,1.77,1000.0
12,25,1.78,1000.0
12,25,1.79,1000.0
12,25,1.8,1000.0
12,25,1.81,1000.0
12,25,1.82,1000.0
12,25,1.83,1000.0
12,25,1.84,1000.0
12,25,1.85,1000.0
12,25,1.86,1000.0
12,25,1.87,1000.0
12,25,1.88,1000.0
12,25,1.89,1000.0
12,25,1.9,1000.0
12,25,1.91,1000.0
12,25,1.92,1000.0
12,25,1.93,1000.0
12,25,1.94,1000.0
12,25,1.95,1000.0
12,25,1.96,1000.0
12,25,1.97,1000.0
12,25,1.98,1000.0
12,25,1.99,1000.0
12,25,2.0,1000.0
12,50,-2.0,1000.0
12,50,-1.99,1000.0
12,50,-1.98,1000.0
12,50,-1.97,1000.0
12,50,-1.96,1000.0
12,50,-1.95,1000.0
12,50,-1.94,1000.0
12,50,-1.93,1000.0
12,50,-1.92,1000.0
12,50,-1.91,1000.0
12,50,-1.9,1000.0
12,50,-1.89,1000.0
12,50,-1.88,1000.0
12,50,-1.87,1000.0
12,50,-1.86,1000.0
12,50,-1.85,1000.0
12,50,-1.84,1000.0
12,50,-1.83,1000.0
12,50,-1.82,1000.0
12,50,-1.81,1000.0
12,50,-1.8,1000.0
12,50,-1.79,1000.0
12,50,-1.78,1000.0
12,50,-1.77,1000.0
12,50,-1.76,1000.0
12,50,-1.75,1000.0
12,50,-1.74,1000.0
12,50,-1.73,1000.0
12,50,-1.72,1000.0
12,50,-1.71,1000.0
12,50,-1.7,1000.0
12,50,-1.69,1000.0
12,50,-1.68,1000.0
12,50,-1.67,1000.0
12,50,-1.66,1000.0
12,50,-1.65,1000.0
12,50,-1.64,1000.0
12,50,-1.63,1000.0
12,50,-1.62,1000.0
12,50,-1.61,1000.0
12,50,-1.6,1000.0
12,50,-1.59,1000.0
12,50,-1.58,1000.0
12,50,-1.57,1000.0
12,50,-1.56,1000.0
12,50,-1.55,1000.0
12,50,-1.54,1000.0
12,50,-1.53,1000.0
12,50,-1.52,1000.0
12,50,-1.51,1000.0
12,50,-1.5,1000.0
12,50,-1.49,1000.0
12,50,-1.48,1000.0
12,50,-1.47,1000.0
12,50,-1.46,1000.0
12,50,-1.45,1000.0
12,50,-1.44,1000.0
12,50,-1.43,1000.0
12,50,-1.42,1000.0
12,50,-1.41,1000.0
12,50,-1.4,1000.0
12,50,-1.39,1000.0
12,50,-1.38,1000.0
12,50,-1.37,1000.0
12,50,-1.36,1000.0
12,50,-1.35,1000.0
12,50,-1.34,1000.0
12,50,-1.33,1000.0
12,50,-1.32,1000.0
12,50,-1.31,1000.0
12,50,-1.3,1000.0
12,50,-1.29,1000.0
12,50,-1.28,1000.0
12,50,-1.27,1000.0
12,50,-1.26,1000.0
12,50,-1.25,1000.0
12,50,-1.24,1000.0
12,50,-1.23,1000.0
12,50,-1.22,1000.0
12,50,-1.21,1000.0
12,50,-1.2,1000.0
12,50,-1.19,1000.0
12,50,-1.18,1000.0
12,50,-1.17,1000.0
12,50,-1.16,1000.0
12,50,-1.15,1000.0
12,50,-1.14,1000.0
12,50,-1.13,1000.0
12,50,-1.12,1000.0
12,50,-1.11,1000.0
12,50,-1.1,1000.0
12,50,-1.09,1000.0
12,50,-1.08,1000.0
12,50,-1.07,1000.0
12,50,-1.06,1000.0
12,50,-1.05,1000.0
12,50,-1.04,1000.0
12,50,-1.03,1000.0
12,50,-1.02,1000.0
12,50,-1.01,1000.0
12,50,-1.0,1000.0
12,50,-0.99,1000.0
12,50,-0.98,1000.0
12,50,-0.97,1000.0
12,50,-0.96,1000.0
12,50,-0.95,1000.0
12,50,-0.94,1000.0
12,50,-0.93,1000.0
12,50,-0.92,1000.0
12,50,-0.91,1000.0
12,50,-0.9,1000.0
12,50,-0.89,1000.0
12,50,-0.88,1000.0
12,50,-0.87,1000.0
12,50,-0.86,1000.0
12,50,-0.85,1000.0
12,50,-0.84,1000.0
12,50,-0.83,1000.0
12,50,-0.82,1000.0
12,50,-0.81,1000.0
12,50,-0.8,1000.0
12,50,-0.79,1000.0
12,50,-0.78,1000.0
12,50,-0.77,1000.0
12,50,-0.76,1000.0
12,50,-0.75,1000.0
12,50,-0.74,1000.0
12,50,-0.73,1000.0
12,50,-0.72,1000.0
12,50,-0.71,1000.0
12,50,-0.7,1000.0
12,50,-0.69,1000.0
12,50,-0.68,1000.0
12,50,-0.67,1000.0
12,50,-0.66,1000.0
12,50,-0.65,1000.0
12,50,-0.64,1000.0
12,50,-0.63,10.616704193382958
12,50,-0.62,9.12111914254114
12,50,-0.61,8.346029674597714
12,50,-0.6,7.782231732603476
12,50,-0.59,7.334617932002323
12,50,-0.58,6.963002564847292
12,50,-0.57,6.64573016582643
12,50,-0.56,6.369520939843893
12,50,-0.55,6.125539127628683
12,50,-0.54,5.907563571913615
12,50,-0.53,5.711027356062819
12,50,-0.52,5.532468385898316
12,50,-0.51,5.3691940562711835
12,50,-0.5,5.219065962475966
12,50,-0.49,5.080355940894998
12,50,-0.48,4.951646528364716
12,50,-0.47,4.831760178005565
12,50,-0.46,4.719707714090457
12,50,-0.45,4.614650032491823
12,50,-0.44,4.515869157804636
12,50,-0.43,4.4227460353367105
12,50,-0.42,4.334743093833364
12,50,-0.41,4.251390003364662
12,50,-0.4,4.172272135774342
12,50,-0.39,4.097021992610531
12,50,-0.38,4.025312560620326
12,50,-0.37,3.956851484158735
12,50,-0.36,3.8913759965602974
12,50,-0.35,3.8286486588116317
12,50,-0.34,3.768453785139048
12,50,-0.33,3.710594409868815
12,50,-0.32,3.6548896788105645
12,50,-0.31,3.601172575730811
12,50,-0.3,3.549287913187822
12,50,-0.29,3.4990905294303576
12,50,-0.28,3.450443641336892
12,50,-0.27,3.403217308650152
12,50,-0.26,3.3572869676032684
12,50,-0.25,3.3125319926433194
12,50,-0.24,3.2688342432892963
12,50,-0.23,3.226076548935223
12,50,-0.22,3.184141077076698
12,50,-0.21,3.142907519090658
12,50,-0.2,3.1022510108942303
12,50,-0.19,3.0620396812859663
12,50,-0.18,3.022131684927553
12,50,-0.17,2.9823715238757815
12,50,-0.16,2.942585381438269
12,50,-0.15,2.902575067698435
12,50,-0.14,2.862109976270629
12,50,-0.13,2.820916118340246
12,50,-0.12,2.7786607183100087
12,50,-0.11,2.7349297891187963
12,50,-0.1,2.6891940339427967
12,50,-0.09,2.640754079059204
12,50,-0.08,2.5886457783788237
12,50,-0.07,2.5314558276783226
12,50,-0.06,2.46685924590339
12,50,-0.05,2.3895496321282605
12,50,-0.04,2.2645539229701424
12,50,-0.03,1.0015225811178938
12,50,-0.02,0.30395337738648226
12,50,-0.01,0.0944607911503969
12,50,0.0,0.02728570980472099
12,50,0.01,0.13173715979096903
12,50,0.02,0.4866653508712445
12,50,0.03,1.1373421141670386
12,50,0.04,2.205948243001702
12,50,0.05,3.6491030537298714
12,50,0.06,5.480539332724833
12,50,0.07,10.278534335318788
12,50,0.08,11.968683684290056
12,50,0.09,13.06004907313816
12,50,0.1,13.883776234208728
12,50,0.11,14.564402665144033
12,50,0.12,15.17258958181216
12,50,0.13,15.779893122824939
12,50,0.14,16.67108032688832
12,50,0.15,18.704513887086556
12,50,0.16,19.96943482633368
12,50,0.17,20.824186603877607
12,50,0.18,21.468244178380562
12,50,0.19,21.988836852487378
12,50,0.2,22.429240880546143
12,50,0.21,22.813585975614348
12,50,0.22,23.156697427123582
12,50,0.23,23.468284616790154
12,50,0.24,23.754980200642457
12,50,0.25,24.02147903020402
12,50,0.26,24.271236099509636
12,50,0.27,24.506906748805264
12,50,0.28,24.73061777963547
12,50,0.29,24.94412624569467
12,50,0.3,25.14890852558209
12,50,0.31,25.346210879008275
12,50,0.32,25.537081782236886
12,50,0.33,25.72239735162331
12,50,0.34,25.902885005217637
12,50,0.35,26.079146895333704
12,50,0.36,26.25168286863728
12,50,0.37,26.420912084515425
12,50,0.38,26.58719236522667
12,50,0.39,26.750836541419556
12,50,0.4,26.912125395119553
12,50,0.41,27.07131720970473
12,50,0.42,27.22865428409276
12,50,0.43,27.384366963773175
12,50,0.44,27.53867578725726
12,50,0.45,27.69179230527661
12,50,0.46,27.843919058025303
12,50,0.47,27.99524911495315
12,50,0.48,28.14596549179803
12,50,0.49,28.296240660267355
12,50,0.5,28.446236266408043
12,50,0.51,28.59610308935007
12,50,0.52,28.745981214736457
12,50,0.53,28.89600036997543
12,50,0.54,29.04628036604471
12,50,0.55,29.196931602809745
12,50,0.56,29.34805561143836
12,50,0.57,29.499745621248795
12,50,0.58,29.6520871459592
12,50,0.59,29.805158585897875
12,50,0.6,29.95903184033373
12,50,0.61,30.11377292024948
12,50,0.62,30.269442548757006
12,50,0.63,30.4260967351592
12,50,0.64,30.58378730972584
12,50,0.65,30.74256240917666
12,50,0.66,30.902466906916807
12,50,0.67,31.063542786399136
12,50,0.68,31.22582945989102
12,50,0.69,31.389364037931223
12,50,0.7,31.55418155664782
12,50,0.71,31.72031517088272
12,50,0.72,31.88779632090175
12,50,0.73,32.05665487959589
12,50,0.74,32.22691928579158
12,50,0.75,32.39861666782189
12,50,0.76,32.57177296007783
12,50,0.77,32.74641301400024
12,50,0.78,32.922560703971314
12,50,0.79,33.10023902785224
12,50,0.8,33.27947020148535
12,50,0.81,33.46027574630217
12,50,0.82,33.64267656919843
12,50,0.83,33.82669303400579
12,50,0.84,34.01234502415035
12,50,0.85,34.19965199638265
12,50,0.86,34.38863302577375
12,50,0.87,34.5793068424402
12,50,0.88,34.77169186068998
12,50,0.89,34.96580620144542
12,50,0.9,35.161667708898946
12,50,0.91,35.359293962389636
12,50,0.92,35.5587022844548
12,50,0.93,35.75990974589796
12,50,0.94,35.96293316849878
12,50,0.95,36.16778912558504
12,50,0.96,36.37449393985984
12,50,0.97,36.58306367600659
12,50,0.98,36.793514120695974
12,50,0.99,37.00586072737217
12,50,1.0,37.220118441964594
12,50,1.01,37.43630096643759
12,50,1.02,37.654414757564744
12,50,1.03,1000.0
12,50,1.04,1000.0
12,50,1.05,1000.0
12,50,1.06,1000.0
12,50,1.07,1000.0
12,50,1.08,1000.0
12,50,1.09,1000.0
12,50,1.1,1000.0
12,50,1.11,1000.0
12,50,1.12,1000.0
12,50,1.13,1000.0
12,50,1.14,1000.0
12,50,1.15,1000.0
12,50,1.16,1000.0
12,50,1.17,1000.0
12,50,1.18,1000.0
12,50,1.19,1000.0
12,50,1.2,1000.0
12,50,1.21,1000.0
12,50,1.22,1000.0
12,50,1.23,1000.0
12,50,1.24,1000.0
12,50,1.25,1000.0
12,50,1.26,1000.0
12,50,1.27,1000.0
12,50,1.28,1000.0
12,50,1.29,1000.0
12,50,1.3,1000.0
12,50,1.31,1000.0
12,50,1.32,1000.0
12,50,1.33,1000.0
12,50,1.34,1000.0
12,50,1.35,1000.0
12,50,1.36,1000.0
12,50,1.37,1000.0
12,50,1.38,1000.0
12,50,1.39,1000.0
12,50,1.4,1000.0
12,50,1.41,1000.0
12,50,1.42,1000.0
12,50,1.43,1000.0
12,50,1.44,1000.0
12,50,1.45,1000.0
12,50,1.46,1000.0
12,50,1.47,1000.0
12,50,1.48,1000.0
12,50,1.49,1000.0
12,50,1.5,1000.0
12,50,1.51,1000.0
12,50,1.52,1000.0
12,50,1.53,1000.0
12,50,1.54,1000.0
12,50,1.55,1000.0
12,50,1.56,1000.0
12,50,1.57,1000.0
12,50,1.58,1000.0
12,50,1.59,1000.0
12,50,1.6,1000.0
12,50,1.61,1000.0
12,50,1.62,1000.0
12,50,1.63,1000.0
12,50,1.64,1000.0
12,50,1.65,1000.0
12,50,1.66,1000.0
12,50,1.67,1000.0
12,50,1.68,1000.0
12,50,1.69,1000.0
12,50,1.7,1000.0
12,50,1.71,1000.0
12,50,1.72,1000.0
12,50,1.73,1000.0
12,50,1.74,1000.0
12,50,1.75,1000.0
12,50,1.76,1000.0
12,50,1.77,1000.0
12,50,1.78,1000.0
12,50,1.79,1000.0
12,50,1.8,1000.0
12,50,1.81,1000.0
12,50,1.82,1000.0
12,50,1.83,1000.0
12,50,1.84,1000.0
12,50,1.85,1000.0
12,50,1.86,1000.0
12,50,1.87,1000.0
12,50,1.88,1000.0
12,50,1.89,1000.0
12,50,1.9,1000.0
12,50,1.91,1000.0
12,50,1.92,1000.0
12,50,1.93,1000.0
12,50,1.94,1000.0
12,50,1.95,1000.0
12,50,1.96,1000.0
12,50,1.97,1000.0
12,50,1.98,1000.0
12,50,1.99,1000.0
12,50,2.0,1000.0
12,100,-2.0,1000.0
12,100,-1.99,1000.0
12,100,-1.98,1000.0
12,100,-1.97,1000.0
12,100,-1.96,1000.0
12,100,-1.95,1000.0
12,100,-1.94,1000.0
12,100,-1.93,1000.0
12,100,-1.92,1000.0
12,100,-1.91,1000.0
12,100,-1.9,1000.0
12,100,-1.89,1000.0
12,100,-1.88,1000.0
12,100,-1.87,1000.0
12,100,-1.86,1000.0
12,100,-1.85,1000.0
12,100,-1.84,1000.0
12,100,-1.83,1000.0
12,100,-1.82,1000.0
12,100,-1.81,1000.0
12,100,-1.8,1000.0
12,100,-1.79,1000.0
12,100,-1.78,1000.0
12,100,-1.77,1000.0
12,100,-1.76,1000.0
12,100,-1.75,1000.0
12,100,-1.74,1000.0
12,100,-1.73,1000.0
12,100,-1.72,1000.0
12,100,-1.71,1000.0
12,100,-1.7,1000.0
12,100,-1.69,1000.0
12,100,-1.68,1000.0
12,100,-1.67,1000.0
12,100,-1.66,1000.0
12,100,-1.65,1000.0
12,100,-1.64,1000.0
12,100,-1.63,1000.0
12,100,-1.62,1000.0
12,100,-1.61,1000.0
12,100,-1.6,1000.0
12,100,-1.59,1000.0
12,100,-1.58,1000.0
12,100,-1.57,1000.0
12,100,-1.56,1000.0
12,100,-1.55,1000.0
12,100,-1.54,1000.0
12,100,-1.53,1000.0
12,100,-1.52,1000.0
12,100,-1.51,1000.0
12,100,-1.5,1000.0
12,100,-1.49,1000.0
12,100,-1.48,1000.0
12,100,-1.47,1000.0
12,100,-1.46,1000.0
12,100,-1.45,1000.0
12,100,-1.44,1000.0
12,100,-1.43,1000.0
12,100,-1.42,1000.0
12,100,-1.41,1000.0
12,100,-1.4,1000.0
12,100,-1.39,1000.0
12,100,-1.38,1000.0
12,100,-1.37,1000.0
12,100,-1.36,1000.0
12,100,-1.35,1000.0
12,100,-1.34,1000.0
12,100,-1.33,1000.0
12,100,-1.32,1000.0
12,100,-1.31,1000.0
12,100,-1.3,1000.0
12,100,-1.29,1000.0
12,100,-1.28,1000.0
12,100,-1.27,1000.0
12,100,-1.26,1000.0
12,100,-1.25,1000.0
12,100,-1.24,1000.0
12,100,-1.23,1000.0
12,100,-1.22,1000.0
12,100,-1.21,1000.0
12,100,-1.2,1000.0
12,100,-1.19,1000.0
12,100,-1.18,1000.0
12,100,-1.17,1000.0
12,100,-1.16,1000.0
12,100,-1.15,1000.0
12,100,-1.14,1000.0
12,100,-1.13,1000.0
12,100,-1.12,1000.0
12,100,-1.11,1000.0
12,100,-1.1,1000.0
12,100,-1.09,1000.0
12,100,-1.08,1000.0
12,100,-1.07,1000.0
12,100,-1.06,1000.0
12,100,-1.05,1000.0
12,100,-1.04,1000.0
12,100,-1.03,1000.0
12,100,-1.02,1000.0
12,100,-1.01,1000.0
12,100,-1.0,1000.0
12,100,-0.99,1000.0
12,100,-0.98,1000.0
12,100,-0.97,1000.0
12,100,-0.96,1000.0
12,100,-0.95,1000.0
12,100,-0.94,1000.0
12,100,-0.93,1000.0
12,100,-0.92,1000.0
12,100,-0.91,1000.0
12,100,-0.9,1000.0
12,100,-0.89,1000.0
12,100,-0.88,1000.0
12,100,-0.87,1000.0
12,100,-0.86,1000.0
12,100,-0.85,1000.0
12,100,-0.84,1000.0
12,100,-0.83,1000.0
12,100,-0.82,1000.0
12,100,-0.81,1000.0
12,100,-0.8,1000.0
12,100,-0.79,1000.0
12,100,-0.78,1000.0
12,100,-0.77,1000.0
12,100,-0.76,1000.0
12,100,-0.75,1000.0
12,100,-0.74,1000.0
12,100,-0.73,1000.0
12,100,-0.72,1000.0
12,100,-0.71,1000.0
12,100,-0.7,1000.0
12,100,-0.69,1000.0
12,100,-0.68,1000.0
12,100,-0.67,1000.0
12,100,-0.66,1000.0
12,100,-0.65,1000.0
12,100,-0.64,1000.0
12,100,-0.63,10.81792809498407
12,100,-0.62,9.195105990869688
12,100,-0.61,8.397948330608694
12,100,-0.6,7.822219840896892
12,100,-0.59,7.366771673300691
12,100,-0.58,6.989525705385266
12,100,-0.57,6.667984251879602
12,100,-0.56,6.388420114935948
12,100,-0.55,6.14173250419736
12,100,-0.54,5.921531122607469
12,100,-0.53,5.7231350756096955
12,100,-0.52,5.543002200018489
12,100,-0.51,5.378381759568842
12,100,-0.5,5.227092000827999
12,100,-0.49,5.087371708300309
12,100,-0.48,4.9577777400314975
12,100,-0.47,4.8371122744413615
12,100,-0.46,4.724369901892648
12,100,-0.45,4.618698358401221
12,100,-0.44,4.5193688828159
12,100,-0.43,4.425753492655422
12,100,-0.42,4.337307159948601
12,100,-0.41,4.253553274843186
12,100,-0.4,4.174071879207054
12,100,-0.39,4.09849091752551
12,100,-0.38,4.026479452637259
12,100,-0.37,3.957741726592055
12,100,-0.36,3.8920120020256794
12,100,-0.35,3.8290502274416927
12,100,-0.34,3.7686384022851973
12,100,-0.33,3.710577493321568
12,100,-0.32,3.654684783376312
12,100,-0.31,3.6007915612944656
12,100,-0.3,3.5487410810542555
12,100,-0.29,3.498386730697017
12,100,-0.28,3.449590360262685
12,100,-0.27,3.4022207234403985
12,100,-0.26,3.356151990754759
12,100,-0.25,3.3112622930689923
12,100,-0.24,3.267432253034664
12,100,-0.23,3.224543458715841
12,100,-0.22,3.1824768276586832
12,100,-0.21,3.141110800684917
12,100,-0.2,3.1003192919897513
12,100,-0.19,3.0599693048533045
12,100,-0.18,3.0199180993873114
12,100,-0.17,2.9800097691193197
12,100,-0.16,2.9400710459535553
12,100,-0.15,2.8999061080845596
12,100,-0.14,2.8592901149719787
12,100,-0.13,2.8179611447710613
12,100,-0.12,2.7756101802413022
12,100,-0.11,2.7318688158509543
12,100,-0.1,2.686294508592005
12,100,-0.09,2.6383535607898523
12,100,-0.08,2.5874025341990454
12,100,-0.07,2.532666842597642
12,100,-0.06,2.473173046359606
12,100,-0.05,2.4069114967530285
12,100,-0.04,2.314505962996222
12,100,-0.03,0.6420679011895317
12,100,-0.02,0.16491577082376221
12,100,-0.01,0.11959595782381818
12,100,0.0,0.017576201469118733
12,100,0.01,0.41298894336283565
12,100,0.02,1.5199084801350748
12,100,0.03,3.345126530998227
12,100,0.04,4.796864665558114
12,100,0.05,4.236645975072422
12,100,0.06,14.570642761934499
12,100,0.07,20.151826341607123
12,100,0.08,22.397626228509782
12,100,0.09,23.921459969475254
12,100,0.1,25.08973556653398
12,100,0.11,26.042777531002653
12,100,0.12,26.85199381357618
12,100,0.13,27.559071885135733
12,100,0.14,28.19053493019184
12,100,0.15,28.764331186306844
12,100,0.16,29.293154243045976
12,100,0.17,29.786279655263815
12,100,0.18,30.250667817006484
12,100,0.19,30.691646059295195
12,100,0.2,31.113363502596922
12,100,0.21,31.519122018559816
12,100,0.22,31.911597908932517
12,100,0.23,32.292973126612615
12,100,0.24,32.66502306630696
12,100,0.25,33.02919731586071
12,100,0.26,33.38670000392926
12,100,0.27,33.73855927090413
12,100,0.28,34.08567624271198
12,100,0.29,34.42885242306099
12,100,0.3,34.76880125359958
12,100,0.31,35.10615163972489
12,100,0.32,35.441449743269224
12,100,0.33,35.775162601450056
12,100,0.34,36.10768471286245
12,100,0.35,36.43934720073357
12,100,0.36,36.77042846844661
12,100,0.37,37.10116513849487
12,100,0.38,37.431762257350094
12,100,0.39,37.76240207220258
12,100,0.4,38.09325102690122
12,100,0.41,38.42446491847398
12,100,0.42,38.75619237083924
12,100,0.43,39.08857691118764
12,100,0.44,39.421757986067135
12,100,0.45,39.755871246995206
12,100,0.46,40.09104839105873
12,100,0.47,40.42741678014809
12,100,0.48,40.7650989981632
12,100,0.49,41.104212448177954
12,100,0.5,41.444869045712984
12,100,0.51,41.78717503091725
12,100,0.52,42.131230900408546
12,100,0.53,42.47713144656775
12,100,0.54,42.82496588579504
12,100,0.55,43.174818055438855
12,100,0.56,43.52676666004795
12,100,0.57,43.88088554998985
12,100,0.58,44.237244018455335
12,100,0.59,44.595907105884045
12,100,0.6,44.95693590360728
12,100,0.61,45.32038785084756
12,100,0.62,45.686317021127486
12,100,0.63,46.0547743956172
12,100,0.64,46.42580812205919
12,100,0.65,46.799463758696874
12,100,0.66,47.17578450317651
12,100,0.67,47.55481140673823
12,100,0.68,47.936583574208896
12,100,0.69,48.32113835041465
12,100,0.7,48.708511493659444
12,100,0.71,49.09873733689802
12,100,0.72,49.491848937203216
12,100,0.73,49.88787821407436
12,100,0.74,50.28685607709317
12,100,0.75,50.688812543390135
12,100,0.76,51.093776845359976
12,100,0.77,51.50177752904084
12,100,0.78,51.91284254357022
12,100,0.79,52.3269993221268
12,100,0.8,52.744274854778325
12,100,0.81,53.16469575367111
12,100,0.82,53.588288311004405
12,100,0.83,54.015078550254955
12,100,0.84,54.44509227112798
12,100,0.85,54.878355088712716
12,100,0.86,55.314892467335746
12,100,0.87,55.754729749589764
12,100,0.88,56.19789218101601
12,100,0.89,56.644404930894694
12,100,0.9,57.09429310957761
12,100,0.91,57.54758178275237
12,100,0.92,58.00429598298152
12,100,0.93,58.464460718759646
12,100,0.94,58.928100981172
12,100,0.95,59.39524174790798
12,100,0.96,59.86590798363791
12,100,0.97,60.34012463399035
12,100,0.98,60.8179166055589
12,100,0.99,61.299308709203935
12,100,1.0,61.78432548276871
12,100,1.01,62.27299045015685
12,100,1.02,62.76532011424942
12,100,1.03,1000.0
12,100,1.04,1000.0
12,100,1.05,1000.0
12,100,1.06,1000.0
12,100,1.07,1000.0
12,100,1.08,1000.0
12,100,1.09,1000.0
12,100,1.1,1000.0
12,100,1.11,1000.0
12,100,1.12,1000.0
12,100,1.13,1000.0
12,100,1.14,1000.0
12,100,1.15,1000.0
12,100,1.16,1000.0
12,100,1.17,1000.0
12,100,1.18,1000.0
12,100,1.19,1000.0
12,100,1.2,1000.0
12,100,1.21,1000.0
12,100,1.22,1000.0
12,100,1.23,1000.0
12,100,1.24,1000.0
12,100,1.25,1000.0
12,100,1.26,1000.0
12,100,1.27,1000.0
12,100,1.28,1000.0
12,100,1.29,1000.0
12,100,1.3,1000.0
12,100,1.31,1000.0
12,100,1.32,1000.0
12,100,1.33,1000.0
12,100,1.34,1000.0
12,100,1.35,1000.0
12,100,1.36,1000.0
12,100,1.37,1000.0
12,100,1.38,1000.0
12,100,1.39,1000.0
12,100,1.4,1000.0
12,100,1.41,1000.0
12,100,1.42,1000.0
12,100,1.43,1000.0
12,100,1.44,1000.0
12,100,1.45,1000.0
12,100,1.46,1000.0
12,100,1.47,1000.0
12,100,1.48,1000.0
12,100,1.49,1000.0
12,100,1.5,1000.0
12,100,1.51,1000.0
12,100,1.52,1000.0
12,100,1.53,1000.0
12,100,1.54,1000.0
12,100,1.55,1000.0
12,100,1.56,1000.0
12,100,1.57,1000.0
12,100,1.58,1000.0
12,100,1.59,1000.0
12,100,1.6,1000.0
12,100,1.61,1000.0
12,100,1.62,1000.0
12,100,1.63,1000.0
12,100,1.64,1000.0
12,100,1.65,1000.0
12,100,1.66,1000.0
12,100,1.67,1000.0
12,100,1.68,1000.0
12,100,1.69,1000.0
12,100,1.7,1000.0
12,100,1.71,1000.0
12,100,1.72,1000.0
12,100,1.73,1000.0
12,100,1.74,1000.0
12,100,1.75,1000.0
12,100,1.76,1000.0
12,100,1.77,1000.0
12,100,1.78,1000.0
12,100,1.79,1000.0
12,100,1.8,1000.0
12,100,1.81,1000.0
12,100,1.82,1000.0
12,100,1.83,1000.0
12,100,1.84,1000.0
12,100,1.85,1000.0
12,100,1.86,1000.0
12,100,1.87,1000.0
12,100,1.88,1000.0
12,100,1.89,1000.0
12,100,1.9,1000.0
12,100,1.91,1000.0
12,100,1.92,1000.0
12,100,1.93,1000.0
12,100,1.94,1000.0
12,100,1.95,1000.0
12,100,1.96,1000.0
12,100,1.97,1000.0
12,100,1.98,1000.0
12,100,1.99,1000.0
12,100,2.0,1000.0
