window_size,dp_v,dp_v3,J
1,-1.5,-1.5,1.4122645774053637
1,-1.5,-1.4625,1.4064363670672992
1,-1.5,-1.425,1.400422426852976
1,-1.5,-1.3875,1.394227010893315
1,-1.5,-1.35,1.3878496592709473
1,-1.5,-1.3125,1.3812876114283519
1,-1.5,-1.275,1.3745368584286275
1,-1.5,-1.2375,1.3675925839819174
1,-1.5,-1.2,1.3604493439606251
1,-1.5,-1.1625,1.3531011291697763
1,-1.5,-1.125,1.345541370806482
1,-1.5,-1.0875,1.3377629139840699
1,-1.5,-1.05,1.3297579709167173
1,-1.5,-1.0125,1.321518059546548
1,-1.5,-0.975,1.3130339307506622
1,-1.5,-0.9375,1.304295485888513
1,-1.5,-0.9,1.2952916855665855
1,-1.5,-0.8625,1.2860104497908191
1,-1.5,-0.825,1.2764385490229928
1,-1.5,-0.7875,1.2665614850126872
1,-1.5,-0.75,1.256363359629938
1,-1.5,-0.7125,1.245826729270589
1,-1.5,-0.675,1.234932441737
1,-1.5,-0.6375,1.2236594517913655
1,-1.5,-0.6,1.2119846108062984
1,-1.5,-0.5625,1.1998824250548352
1,-1.5,-0.525,1.1873247761354304
1,-1.5,-0.4875,1.1742805957501694
1,-1.5,-0.45,1.160715485464643
1,-1.5,-0.4125,1.1465912700750627
1,-1.5,-0.375,1.1318654706660671
1,-1.5,-0.3375,1.1164906802022292
1,-1.5,-0.3,1.1004138203551446
1,-1.5,-0.2625,1.0835752529703806
1,-1.5,-0.225,1.0659077128059535
1,-1.5,-0.1875,1.0473350195442237
1,-1.5,-0.15,1.0277705161682757
1,-1.5,-0.1125,1.0071151672182321
1,-1.5,-0.075,0.9852552340824025
1,-1.5,-0.0375,0.9620594260369999
1,-1.5,0.0,0.9373754081133938
1,-1.5,0.0375,0.9110255383903026
1,-1.5,0.075,0.8828017298057408
1,-1.5,0.1125,0.8524594405403517
1,-1.5,0.15,0.8197111344295066
1,-1.5,0.1875,0.7842204932664195
1,-1.5,0.225,0.745601245475434
1,-1.5,0.2625,0.7034317988251857
1,-1.5,0.3,0.6573191196670662
1,-1.5,0.3375,0.6071428547634465
1,-1.5,0.375,0.5539468894609639
1,-1.5,0.4125,0.5029023747218088
1,-1.5,0.45,0.4865398600870266
1,-1.5,0.4875,804.9316122497661
1,-1.5,0.525,1000.0
1,-1.5,0.5625,1000.0
1,-1.5,0.6,1000.0
1,-1.5,0.6375,1000.0
1,-1.5,0.675,1000.0
1,-1.5,0.7125,1000.0
1,-1.5,0.75,1000.0
1,-1.5,0.7875,1000.0
1,-1.5,0.825,1000.0
1,-1.5,0.8625,1000.0
1,-1.5,0.9,1000.0
1,-1.5,0.9375,1000.0
1,-1.5,0.975,1000.0
1,-1.5,1.0125,1000.0
1,-1.5,1.05,1000.0
1,-1.5,1.0875,1000.0
1,-1.5,1.125,1000.0
1,-1.5,1.1625,1000.0
1,-1.5,1.2,1000.0
1,-1.5,1.2375,1000.0
1,-1.5,1.275,1000.0
1,-1.5,1.3125,1000.0
1,-1.5,1.35,1000.0
1,-1.5,1.3875,1000.0
1,-1.5,1.425,1000.0
1,-1.5,1.4625,1000.0
1,-1.5,1.5,1000.0
1,-1.4625,-1.5,1.3951260957566123
1,-1.4625,-1.4625,1.389131075751094
1,-1.4625,-1.425,1.38294889321403
1,-1.4625,-1.3875,1.376582879446363
1,-1.4625,-1.35,1.3700320691928218
1,-1.4625,-1.3125,1.363293372557971
1,-1.4625,-1.275,1.356362519957854
1,-1.4625,-1.2375,1.3492344581862539
1,-1.4625,-1.2,1.3419035101786938
1,-1.4625,-1.1625,1.3343634280906658
1,-1.4625,-1.125,1.3266073932515374
1,-1.4625,-1.0875,1.3186279860578707
1,-1.4625,-1.05,1.3104171364417259
1,-1.4625,-1.0125,1.301966060256374
1,-1.4625,-0.975,1.2932651844818075
1,-1.4625,-0.9375,1.284304062856124
1,-1.4625,-0.9,1.27507128268774
1,-1.4625,-0.8625,1.2655543629102124
1,-1.4625,-0.825,1.2557396427941143
1,-1.4625,-0.7875,1.2456121600906525
1,-1.4625,-0.75,1.2351555167393293
1,-1.4625,-0.7125,1.2243517296219693
1,-1.4625,-0.675,1.2131810631772424
1,-1.4625,-0.6375,1.2016218399829197
1,-1.4625,-0.6,1.189650224635603
1,-1.4625,-0.5625,1.1772399753668448
1,-1.4625,-0.525,1.1643621567762865
1,-1.4625,-0.4875,1.1509848057711338
1,-1.4625,-0.45,1.1370725411966338
1,-1.4625,-0.4125,1.1225861056266837
1,-1.4625,-0.375,1.107481825236052
1,-1.4625,-0.3375,1.091710970445536
1,-1.4625,-0.3,1.0752189959317107
1,-1.4625,-0.2625,1.0579446333946863
1,-1.4625,-0.225,1.0398188039096392
1,-1.4625,-0.1875,1.0207633084537988
1,-1.4625,-0.15,1.000689245031304
1,-1.4625,-0.1125,0.9794950886160584
1,-1.4625,-0.075,0.9570643563162947
1,-1.4625,-0.0375,0.9332627664784536
1,-1.4625,0.0,0.9079347918437488
1,-1.4625,0.0375,0.8808995159313093
1,-1.4625,0.075,0.8519457594070003
1,-1.4625,0.1125,0.8208266249496423
1,-1.4625,0.15,0.7872541045153648
1,-1.4625,0.1875,0.7508956956895544
1,-1.4625,0.225,0.7113784467521307
1,-1.4625,0.2625,0.6683155583353069
1,-1.4625,0.3,0.6214000703802689
1,-1.4625,0.3375,0.570732610209363
1,-1.4625,0.375,0.5179940400211419
1,-1.4625,0.4125,0.4706901869661954
1,-1.4625,0.45,0.47686816008965593
1,-1.4625,0.4875,1000.0
1,-1.4625,0.525,1000.0
1,-1.4625,0.5625,1000.0
1,-1.4625,0.6,1000.0
1,-1.4625,0.6375,1000.0
1,-1.4625,0.675,1000.0
1,-1.4625,0.7125,1000.0
1,-1.4625,0.75,1000.0
1,-1.4625,0.7875,1000.0
1,-1.4625,0.825,1000.0
1,-1.4625,0.8625,1000.0
1,-1.4625,0.9,1000.0
1,-1.4625,0.9375,1000.0
1,-1.4625,0.975,1000.0
1,-1.4625,1.0125,1000.0
1,-1.4625,1.05,1000.0
1,-1.4625,1.0875,1000.0
1,-1.4625,1.125,1000.0
1,-1.4625,1.1625,1000.0
1,-1.4625,1.2,1000.0
1,-1.4625,1.2375,1000.0
1,-1.4625,1.275,1000.0
1,-1.4625,1.3125,1000.0
1,-1.4625,1.35,1000.0
1,-1.4625,1.3875,1000.0
1,-1.4625,1.425,1000.0
1,-1.4625,1.4625,1000.0
1,-1.4625,1.5,1000.0
1,-1.425,-1.5,1.3776931096292804
1,-1.425,-1.4625,1.3715304299155922
1,-1.425,-1.425,1.3651790337013048
1,-1.425,-1.3875,1.3586414007071153
1,-1.425,-1.35,1.3519160906597483
1,-1.425,-1.3125,1.3449996966611162
1,-1.425,-1.275,1.3378876935719302
1,-1.425,-1.2375,1.3305747933756837
1,-1.425,-1.2,1.3230550868548023
1,-1.425,-1.1625,1.3153220876725689
1,-1.425,-1.125,1.3073687271554213
1,-1.425,-1.0875,1.2991873207487008
1,-1.425,-1.05,1.2907695159031294
1,-1.425,-1.0125,1.2821062263263605
1,-1.425,-0.975,1.2731875552795984
1,-1.425,-0.9375,1.2640027093771944
1,-1.425,-0.9,1.254539903526047
1,-1.425,-0.8625,1.2447862569616437
1,-1.425,-0.825,1.2347276796975262
1,-1.425,-0.7875,1.2243487480709419
1,-1.425,-0.75,1.213632567430249
1,-1.425,-0.7125,1.202560619363915
1,-1.425,-0.675,1.19111259020551
1,-1.425,-0.6375,1.179266176842608
1,-1.425,-0.6,1.1669968650778466
1,-1.425,-0.5625,1.1542776748948946
1,-1.425,-0.525,1.1410788659174498
1,-1.425,-0.4875,1.1273675950514748
1,-1.425,-0.45,1.113107516692156
1,-1.425,-0.4125,1.0982583138641584
1,-1.425,-0.375,1.0827751461328918
1,-1.425,-0.3375,1.0666079969374245
1,-1.425,-0.3,1.049700898986216
1,-1.425,-0.2625,1.031991011331696
1,-1.425,-0.225,1.0134075154904256
1,-1.425,-0.1875,0.9938702903150999
1,-1.425,-0.15,0.9732883161818588
1,-1.425,-0.1125,0.9515577486946638
1,-1.425,-0.075,0.9285595916228784
1,-1.425,-0.0375,0.9041568912203285
1,-1.425,0.0,0.8781913769414926
1,-1.425,0.0375,0.8504795047092245
1,-1.425,0.075,0.8208079603550245
1,-1.425,0.1125,0.7889289533024647
1,-1.425,0.15,0.7545563225234867
1,-1.425,0.1875,0.7173652309963028
1,-1.425,0.225,0.6770028111879853
1,-1.425,0.2625,0.6331298364199144
1,-1.425,0.3,0.5855519994249169
1,-1.425,0.3375,0.5346541275351245
1,-1.425,0.375,0.48293841802238285
1,-1.425,0.4125,0.4410153353129557
1,-1.425,0.45,0.48046929146293615
1,-1.425,0.4875,1000.0
1,-1.425,0.525,1000.0
1,-1.425,0.5625,1000.0
1,-1.425,0.6,1000.0
1,-1.425,0.6375,1000.0
1,-1.425,0.675,1000.0
1,-1.425,0.7125,1000.0
1,-1.425,0.75,1000.0
1,-1.425,0.7875,1000.0
1,-1.425,0.825,1000.0
1,-1.425,0.8625,1000.0
1,-1.425,0.9,1000.0
1,-1.425,0.9375,1000.0
1,-1.425,0.975,1000.0
1,-1.425,1.0125,1000.0
1,-1.425,1.05,1000.0
1,-1.425,1.0875,1000.0
1,-1.425,1.125,1000.0
1,-1.425,1.1625,1000.0
1,-1.425,1.2,1000.0
1,-1.425,1.2375,1000.0
1,-1.425,1.275,1000.0
1,-1.425,1.3125,1000.0
1,-1.425,1.35,1000.0
1,-1.425,1.3875,1000.0
1,-1.425,1.425,1000.0
1,-1.425,1.4625,1000.0
1,-1.425,1.5,1000.0
1,-1.3875,-1.5,1.359970828563781
1,-1.3875,-1.4625,1.3536398073311708
1,-1.3875,-1.425,1.347118410675515
1,-1.3875,-1.3875,1.3404083316265731
1,-1.3875,-1.35,1.3335076826124115
1,-1.3875,-1.3125,1.3264127512763362
1,-1.3875,-1.275,1.3191187619458757
1,-1.3875,-1.2375,1.311620194125168
1,-1.3875,-1.2,1.3039109075965727
1,-1.3875,-1.1625,1.2959841781521713
1,-1.3875,-1.125,1.2878326875235517
1,-1.3875,-1.0875,1.2794484865909392
1,-1.3875,-1.05,1.2708229408249898
1,-1.3875,-1.0125,1.2619466625163311
1,-1.3875,-0.975,1.252809432262631
1,-1.3875,-0.9375,1.2434001110290167
1,-1.3875,-0.9,1.2337065433048238
1,-1.3875,-0.8625,1.2237154512126724
1,-1.3875,-0.825,1.213412318793747
1,-1.3875,-0.7875,1.2027812650658551
1,-1.3875,-0.75,1.1918049038198966
1,-1.3875,-0.7125,1.1804641874804493
1,-1.3875,-0.675,1.1687382316951629
1,-1.3875,-0.6375,1.1566041166139183
1,-1.3875,-0.6,1.144036660040035
1,-1.3875,-0.5625,1.1310081567400565
1,-1.3875,-0.525,1.117488077133871
1,-1.3875,-0.4875,1.1034427172912022
1,-1.3875,-0.45,1.0888347905601994
1,-1.3875,-0.4125,1.0736229491615454
1,-1.3875,-0.375,1.0577612215934704
1,-1.3875,-0.3375,1.0411983485871945
1,-1.3875,-0.3,1.023876996489892
1,-1.3875,-0.2625,1.0057328221861064
1,-1.3875,-0.225,0.9866933578696373
1,-1.3875,-0.1875,0.9666766770983377
1,-1.3875,-0.15,0.9455897957800332
1,-1.3875,-0.1125,0.923326753762028
1,-1.3875,-0.075,0.8997663164609486
1,-1.3875,-0.0375,0.874769236115891
1,-1.3875,0.0,0.8481750294513016
1,-1.3875,0.0375,0.8197982870914013
1,-1.3875,0.075,0.7894246858037341
1,-1.3875,0.1125,0.7568072590412662
1,-1.3875,0.15,0.7216644158456611
1,-1.3875,0.1875,0.6836835108520292
1,-1.3875,0.225,0.6425397385857161
1,-1.3875,0.2625,0.5979566026271912
1,-1.3875,0.3,0.5498842721196868
1,-1.3875,0.3375,0.4990686724673567
1,-1.3875,0.375,0.4490639610882509
1,-1.3875,0.4125,0.41460744555022117
1,-1.3875,0.45,0.50424018530974
1,-1.3875,0.4875,1000.0
1,-1.3875,0.525,1000.0
1,-1.3875,0.5625,1000.0
1,-1.3875,0.6,1000.0
1,-1.3875,0.6375,1000.0
1,-1.3875,0.675,1000.0
1,-1.3875,0.7125,1000.0
1,-1.3875,0.75,1000.0
1,-1.3875,0.7875,1000.0
1,-1.3875,0.825,1000.0
1,-1.3875,0.8625,1000.0
1,-1.3875,0.9,1000.0
1,-1.3875,0.9375,1000.0
1,-1.3875,0.975,1000.0
1,-1.3875,1.0125,1000.0
1,-1.3875,1.05,1000.0
1,-1.3875,1.0875,1000.0
1,-1.3875,1.125,1000.0
1,-1.3875,1.1625,1000.0
1,-1.3875,1.2,1000.0
1,-1.3875,1.2375,1000.0
1,-1.3875,1.275,1000.0
1,-1.3875,1.3125,1000.0
1,-1.3875,1.35,1000.0
1,-1.3875,1.3875,1000.0
1,-1.3875,1.425,1000.0
1,-1.3875,1.4625,1000.0
1,-1.3875,1.5,1000.0
1,-1.35,-1.5,1.3419651296761501
1,-1.35,-1.4625,1.335465265405273
1,-1.35,-1.425,1.3287732774174899
1,-1.35,-1.3875,1.321890131179844
1,-1.35,-1.35,1.3148135172479005
1,-1.35,-1.3125,1.3075394286919617
1,-1.35,-1.275,1.300062844324641
1,-1.35,-1.2375,1.2923780137712355
1,-1.35,-1.2,1.2844785673762222
1,-1.35,-1.1625,1.276357544185756
1,-1.35,-1.125,1.2680073773310927
1,-1.35,-1.0875,1.2594198541806048
1,-1.35,-1.05,1.2505860594771128
1,-1.35,-1.0125,1.2414963056630994
1,-1.35,-0.975,1.2321400526648703
1,-1.35,-0.9375,1.2225058183156121
1,-1.35,-0.9,1.2125810798311005
1,-1.35,-0.8625,1.202352166097818
1,-1.35,-0.825,1.1918041399098889
1,-1.35,-0.7875,1.1809206686715745
1,-1.35,-0.75,1.1696838814588952
1,-1.35,-0.7125,1.158074209701266
1,-1.35,-0.675,1.1460702080895915
1,-1.35,-0.6375,1.13364835161897
1,-1.35,-0.6,1.1207828039001932
1,-1.35,-0.5625,1.1074451509833292
1,-1.35,-0.525,1.0936040938790856
1,-1.35,-0.4875,1.07922509168025
1,-1.35,-0.45,1.0642699456081732
1,-1.35,-0.4125,1.0486963123583681
1,-1.35,-0.375,1.032457132704133
1,-1.35,-0.3375,1.015499958336736
1,-1.35,-0.3,0.9977661562708824
1,-1.35,-0.2625,0.979189965736332
1,-1.35,-0.225,0.9596973772808235
1,-1.35,-0.1875,0.939204797950643
1,-1.35,-0.15,0.9176174603743962
1,-1.35,-0.1125,0.8948275286183512
1,-1.35,-0.075,0.8707118527639688
1,-1.35,-0.0375,0.845129333876854
1,-1.35,0.0,0.8179178959196135
1,-1.35,0.0375,0.7888911533852893
1,-1.35,0.075,0.7578350856463397
1,-1.35,0.1125,0.7245055504496897
1,-1.35,0.15,0.6886287009731231
1,-1.35,0.1875,0.6499093702662104
1,-1.35,0.225,0.6080601690632752
1,-1.35,0.2625,0.5628852176862308
1,-1.35,0.3,0.5145171038137013
1,-1.35,0.3375,0.46415609832842564
1,-1.35,0.375,0.4166965081483432
1,-1.35,0.4125,0.3923662983483982
1,-1.35,0.45,0.5608907114446255
1,-1.35,0.4875,1000.0
1,-1.35,0.525,1000.0
1,-1.35,0.5625,1000.0
1,-1.35,0.6,1000.0
1,-1.35,0.6375,1000.0
1,-1.35,0.675,1000.0
1,-1.35,0.7125,1000.0
1,-1.35,0.75,1000.0
1,-1.35,0.7875,1000.0
1,-1.35,0.825,1000.0
1,-1.35,0.8625,1000.0
1,-1.35,0.9,1000.0
1,-1.35,0.9375,1000.0
1,-1.35,0.975,1000.0
1,-1.35,1.0125,1000.0
1,-1.35,1.05,1000.0
1,-1.35,1.0875,1000.0
1,-1.35,1.125,1000.0
1,-1.35,1.1625,1000.0
1,-1.35,1.2,1000.0
1,-1.35,1.2375,1000.0
1,-1.35,1.275,1000.0
1,-1.35,1.3125,1000.0
1,-1.35,1.35,1000.0
1,-1.35,1.3875,1000.0
1,-1.35,1.425,1000.0
1,-1.35,1.4625,1000.0
1,-1.35,1.5,1000.0
1,-1.3125,-1.5,1.3236825781145931
1,-1.3125,-1.4625,1.3170135613723275
1,-1.3125,-1.425,1.3101505981381132
1,-1.3125,-1.3875,1.303093980240731
1,-1.3125,-1.35,1.2958409997764264
1,-1.3125,-1.3125,1.288387365591919
1,-1.3125,-1.275,1.2807278160619735
1,-1.3125,-1.2375,1.2728563738472976
1,-1.3125,-1.2,1.2647664418659912
1,-1.3125,-1.1625,1.256450824088842
1,-1.3125,-1.125,1.2479017066713876
1,-1.3125,-1.0875,1.2391106152375866
1,-1.3125,-1.05,1.230068355856592
1,-1.3125,-1.0125,1.2207649435873442
1,-1.3125,-0.975,1.2111895206744343
1,-1.3125,-0.9375,1.2013302654456524
1,-1.3125,-0.9,1.1911742922206947
1,-1.3125,-0.8625,1.1807075418998005
1,-1.3125,-0.825,1.169914662287215
1,-1.3125,-0.7875,1.1587788765937075
1,-1.3125,-0.75,1.147281837948296
1,-1.3125,-0.7125,1.1354034671258924
1,-1.3125,-0.675,1.1231217700519658
1,-1.3125,-0.6375,1.1104126309556586
1,-1.3125,-0.6,1.0972495762778143
1,-1.3125,-0.5625,1.0836035035603933
1,-1.3125,-0.525,1.0694423685015308
1,-1.3125,-0.4875,1.0547308221014038
1,-1.3125,-0.45,1.0394297882862498
1,-1.3125,-0.4125,1.0234959705124111
1,-1.3125,-0.375,1.0068812735445911
1,-1.3125,-0.3375,0.9895321237982804
1,-1.3125,-0.3,0.971388668274683
1,-1.3125,-0.2625,0.9523838281809025
1,-1.3125,-0.225,0.9324421789114993
1,-1.3125,-0.1875,0.911478623505412
1,-1.3125,-0.15,0.8893968228384811
1,-1.3125,-0.1125,0.8660873446030839
1,-1.3125,-0.075,0.8414254987613471
1,-1.3125,-0.0375,0.8152688486023376
1,-1.3125,0.0,0.7874544429816815
1,-1.3125,0.0375,0.7577959485032476
1,-1.3125,0.075,0.7260811633997801
1,-1.3125,0.1125,0.6920710828808119
1,-1.3125,0.15,0.6555032799202063
1,-1.3125,0.1875,0.6161062046294342
1,-1.3125,0.225,0.5736407940283589
1,-1.3125,0.2625,0.5280127945239269
1,-1.3125,0.3,0.4795822752209748
1,-1.3125,0.3375,0.43011661081346625
1,-1.3125,0.375,0.3862101120273733
1,-1.3125,0.4125,0.37541215282203644
1,-1.3125,0.45,0.6782291017803113
1,-1.3125,0.4875,1000.0
1,-1.3125,0.525,1000.0
1,-1.3125,0.5625,1000.0
1,-1.3125,0.6,1000.0
1,-1.3125,0.6375,1000.0
1,-1.3125,0.675,1000.0
1,-1.3125,0.7125,1000.0
1,-1.3125,0.75,1000.0
1,-1.3125,0.7875,1000.0
1,-1.3125,0.825,1000.0
1,-1.3125,0.8625,1000.0
1,-1.3125,0.9,1000.0
1,-1.3125,0.9375,1000.0
1,-1.3125,0.975,1000.0
1,-1.3125,1.0125,1000.0
1,-1.3125,1.05,1000.0
1,-1.3125,1.0875,1000.0
1,-1.3125,1.125,1000.0
1,-1.3125,1.1625,1000.0
1,-1.3125,1.2,1000.0
1,-1.3125,1.2375,1000.0
1,-1.3125,1.275,1000.0
1,-1.3125,1.3125,1000.0
1,-1.3125,1.35,1000.0
1,-1.3125,1.3875,1000.0
1,-1.3125,1.425,1000.0
1,-1.3125,1.4625,1000.0
1,-1.3125,1.5,1000.0
1,-1.275,-1.5,1.3051304461090472
1,-1.275,-1.4625,1.2982921710372093
1,-1.275,-1.425,1.2912580664948856
1,-1.275,-1.3875,1.2840277999108667
1,-1.275,-1.35,1.2765982865776897
1,-1.275,-1.3125,1.2689649610446092
1,-1.275,-1.275,1.2611223264442968
1,-1.275,-1.2375,1.2530641817445338
1,-1.275,-1.2,1.2447837049381243
1,-1.275,-1.1625,1.23627346717765
1,-1.275,-1.125,1.2275254099415898
1,-1.275,-1.0875,1.218530799638437
1,-1.275,-1.05,1.209280166571027
1,-1.275,-1.0125,1.199763231830802
1,-1.275,-0.975,1.1899688240286739
1,-1.275,-0.9375,1.179884786789747
1,-1.275,-0.9,1.1694978772225937
1,-1.275,-0.8625,1.158793654946571
1,-1.275,-0.825,1.1477563606573187
1,-1.275,-0.7875,1.1363687826102176
1,-1.275,-0.75,1.1246121087983243
1,-1.275,-0.7125,1.1124657619891425
1,-1.275,-0.675,1.0999072141505548
1,-1.275,-0.6375,1.0869117761187979
1,-1.275,-0.6,1.0734523576103334
1,-1.275,-0.5625,1.0594991918172605
1,-1.275,-0.525,1.0450195178086834
1,-1.275,-0.4875,1.0299772127390538
1,-1.275,-0.45,1.0143323643854447
1,-1.275,-0.4125,0.9980407727427986
1,-1.275,-0.375,0.9810533672456575
1,-1.275,-0.3375,0.9633155236146034
1,-1.275,-0.3,0.9447662613384015
1,-1.275,-0.2625,0.9253372994700171
1,-1.275,-0.225,0.9049519449779161
1,-1.275,-0.1875,0.8835237849448275
1,-1.275,-0.15,0.8609551527476964
1,-1.275,-0.1125,0.8371353417304351
1,-1.275,-0.075,0.8119385534892495
1,-1.275,-0.0375,0.7852216035424008
1,-1.275,0.0,0.7568214896623396
1,-1.275,0.0375,0.7265531107454841
1,-1.275,0.075,0.6942078245356463
1,-1.275,0.1125,0.659554421708113
1,-1.275,0.15,0.6223461266960888
1,-1.275,0.1875,0.5823420965110191
1,-1.275,0.225,0.5393642581216274
1,-1.275,0.2625,0.4934445568654398
1,-1.275,0.3,0.4452238734302773
1,-1.275,0.3375,0.3971726936318289
1,-1.275,0.375,0.3580344809498382
1,-1.275,0.4125,0.3651560765459749
1,-1.275,0.45,0.939166568664658
1,-1.275,0.4875,1000.0
1,-1.275,0.525,1000.0
1,-1.275,0.5625,1000.0
1,-1.275,0.6,1000.0
1,-1.275,0.6375,1000.0
1,-1.275,0.675,1000.0
1,-1.275,0.7125,1000.0
1,-1.275,0.75,1000.0
1,-1.275,0.7875,1000.0
1,-1.275,0.825,1000.0
1,-1.275,0.8625,1000.0
1,-1.275,0.9,1000.0
1,-1.275,0.9375,1000.0
1,-1.275,0.975,1000.0
1,-1.275,1.0125,1000.0
1,-1.275,1.05,1000.0
1,-1.275,1.0875,1000.0
1,-1.275,1.125,1000.0
1,-1.275,1.1625,1000.0
1,-1.275,1.2,1000.0
1,-1.275,1.2375,1000.0
1,-1.275,1.275,1000.0
1,-1.275,1.3125,1000.0
1,-1.275,1.35,1000.0
1,-1.275,1.3875,1000.0
1,-1.275,1.425,1000.0
1,-1.275,1.4625,1000.0
1,-1.275,1.5,1000.0
1,-1.2375,-1.5,1.2863167303822245
1,-1.2375,-1.4625,1.2793093058364895
1,-1.2375,-1.425,1.2721041223758176
1,-1.2375,-1.3875,1.2647002680607944
1,-1.2375,-1.35,1.2570943015111067
1,-1.2375,-1.3125,1.2492813925857957
1,-1.2375,-1.275,1.2412558145472707
1,-1.2375,-1.2375,1.2330111463425213
1,-1.2375,-1.2,1.224540344070003
1,-1.2375,-1.1625,1.2158357489493026
1,-1.2375,-1.125,1.2068890607985914
1,-1.2375,-1.0875,1.1976912901487866
1,-1.2375,-1.05,1.188232695348242
1,-1.2375,-1.0125,1.1785027079442219
1,-1.2375,-0.975,1.168489848081383
1,-1.2375,-0.9375,1.158181630728139
1,-1.2375,-0.9,1.14756446284862
1,-1.2375,-0.8625,1.1366235310248574
1,-1.2375,-0.825,1.1253426784420133
1,-1.2375,-0.7875,1.1137042695609383
1,-1.2375,-0.75,1.101689040211832
1,-1.2375,-0.7125,1.08927593024419
1,-1.2375,-0.675,1.0764418952488668
1,-1.2375,-0.6375,1.0631616932070302
1,-1.2375,-0.6,1.049407641189314
1,-1.2375,-0.5625,1.035149336391867
1,-1.2375,-0.525,1.0203533348146865
1,-1.2375,-0.4875,1.0049827797192648
1,-1.2375,-0.45,0.9889969706038655
1,-1.2375,-0.4125,0.9723508617655835
1,-1.2375,-0.375,0.9549944775495606
1,-1.2375,-0.3375,0.9368722291154046
1,-1.2375,-0.3,0.9179221150357398
1,-1.2375,-0.2625,0.8980747854600551
1,-1.2375,-0.225,0.8772524473487505
1,-1.2375,-0.1875,0.8553675873060802
1,-1.2375,-0.15,0.8323214906573669
1,-1.2375,-0.1125,0.8080025443383374
1,-1.2375,-0.075,0.7822843343725407
1,-1.2375,-0.0375,0.7550236014238099
1,-1.2375,0.0,0.7260582316493477
1,-1.2375,0.0375,0.6952057018700849
1,-1.2375,0.075,0.6622629153054969
1,-1.2375,0.1125,0.6270094948789551
1,-1.2375,0.15,0.5892191624644926
1,-1.2375,0.1875,0.5486899305102437
1,-1.2375,0.225,0.5053193499412205
1,-1.2375,0.2625,0.4592941927602014
1,-1.2375,0.3,0.4115990569918564
1,-1.2375,0.3375,0.36557121007951154
1,-1.2375,0.375,0.33266379692689757
1,-1.2375,0.4125,0.3634008370664776
1,-1.2375,0.45,1.8582410394091515
1,-1.2375,0.4875,1000.0
1,-1.2375,0.525,1000.0
1,-1.2375,0.5625,1000.0
1,-1.2375,0.6,1000.0
1,-1.2375,0.6375,1000.0
1,-1.2375,0.675,1000.0
1,-1.2375,0.7125,1000.0
1,-1.2375,0.75,1000.0
1,-1.2375,0.7875,1000.0
1,-1.2375,0.825,1000.0
1,-1.2375,0.8625,1000.0
1,-1.2375,0.9,1000.0
1,-1.2375,0.9375,1000.0
1,-1.2375,0.975,1000.0
1,-1.2375,1.0125,1000.0
1,-1.2375,1.05,1000.0
1,-1.2375,1.0875,1000.0
1,-1.2375,1.125,1000.0
1,-1.2375,1.1625,1000.0
1,-1.2375,1.2,1000.0
1,-1.2375,1.2375,1000.0
1,-1.2375,1.275,1000.0
1,-1.2375,1.3125,1000.0
1,-1.2375,1.35,1000.0
1,-1.2375,1.3875,1000.0
1,-1.2375,1.425,1000.0
1,-1.2375,1.4625,1000.0
1,-1.2375,1.5,1000.0
1,-1.2,-1.5,1.2672501676776022
1,-1.2,-1.4625,1.2600739279692137
1,-1.2,-1.425,1.2526979666990263
1,-1.2,-1.3875,1.2451208338282662
1,-1.2,-1.35,1.2373387501221518
1,-1.2,-1.3125,1.2293466301347347
1,-1.2,-1.275,1.221138522861089
1,-1.2,-1.2375,1.2127077913424775
1,-1.2,-1.2,1.2040471733839515
1,-1.2,-1.1625,1.1951487838267199
1,-1.2,-1.125,1.186004084607514
1,-1.2,-1.0875,1.1766038345737875
1,-1.2,-1.05,1.1669380248869372
1,-1.2,-1.0125,1.1569958030362963
1,-1.2,-0.975,1.1467653870479857
1,-1.2,-0.9375,1.1362339705900097
1,-1.2,-0.9,1.1253876190047283
1,-1.2,-0.8625,1.114211155701428
1,-1.2,-0.825,1.1026880377627657
1,-1.2,-0.7875,1.0908002190437869
1,-1.2,-0.75,1.0785279984665366
1,-1.2,-0.7125,1.0658498506309433
1,-1.2,-0.675,1.0527422352614768
1,-1.2,-0.6375,1.0391793813690255
1,-1.2,-0.6,1.0251330413020512
1,-1.2,-0.5625,1.0105722090588165
1,-1.2,-0.525,0.9954627962995412
1,-1.2,-0.4875,0.979767258399261
1,-1.2,-0.45,0.9634441615883296
1,-1.2,-0.4125,0.9464476807170702
1,-1.2,-0.375,0.9287270154547669
1,-1.2,-0.3375,0.9102257108370151
1,-1.2,-0.3,0.8908808661431721
1,-1.2,-0.2625,0.8706222144225866
1,-1.2,-0.225,0.8493710542275442
1,-1.2,-0.1875,0.8270390165158706
1,-1.2,-0.15,0.8035266557367416
1,-1.2,-0.1125,0.7787218696701272
1,-1.2,-0.075,0.7524981872535962
1,-1.2,-0.0375,0.7247130366594186
1,-1.2,0.0,0.6952062567912365
1,-1.2,0.0375,0.6637994276105175
1,-1.2,0.075,0.6302972510964222
1,-1.2,0.1125,0.594493633931281
1,-1.2,0.15,0.5561883179973711
1,-1.2,0.1875,0.5152274943890909
1,-1.2,0.225,0.47160117922875866
1,-1.2,0.2625,0.4256842001047202
1,-1.2,0.3,0.3788788430508677
1,-1.2,0.3375,0.3355856971338378
1,-1.2,0.375,0.3106672252069696
1,-1.2,0.4125,0.37249017271750784
1,-1.2,0.45,64.20368512305245
1,-1.2,0.4875,1000.0
1,-1.2,0.525,1000.0
1,-1.2,0.5625,1000.0
1,-1.2,0.6,1000.0
1,-1.2,0.6375,1000.0
1,-1.2,0.675,1000.0
1,-1.2,0.7125,1000.0
1,-1.2,0.75,1000.0
1,-1.2,0.7875,1000.0
1,-1.2,0.825,1000.0
1,-1.2,0.8625,1000.0
1,-1.2,0.9,1000.0
1,-1.2,0.9375,1000.0
1,-1.2,0.975,1000.0
1,-1.2,1.0125,1000.0
1,-1.2,1.05,1000.0
1,-1.2,1.0875,1000.0
1,-1.2,1.125,1000.0
1,-1.2,1.1625,1000.0
1,-1.2,1.2,1000.0
1,-1.2,1.2375,1000.0
1,-1.2,1.275,1000.0
1,-1.2,1.3125,1000.0
1,-1.2,1.35,1000.0
1,-1.2,1.3875,1000.0
1,-1.2,1.425,1000.0
1,-1.2,1.4625,1000.0
1,-1.2,1.5,1000.0
1,-1.1625,-1.5,1.2479402481480633
1,-1.1625,-1.4625,1.2405957633375861
1,-1.1625,-1.425,1.2330495739653362
1,-1.1625,-1.3875,1.225299729808224
1,-1.1625,-1.35,1.217342131476516
1,-1.1625,-1.3125,1.209171447472413
1,-1.1625,-1.275,1.2007815084104956
1,-1.1625,-1.2375,1.192165466026027
1,-1.1625,-1.2,1.183315844041422
1,-1.1625,-1.1625,1.1742245351846876
1,-1.1625,-1.125,1.1648827680957847
1,-1.1625,-1.0875,1.1552810550360468
1,-1.1625,-1.05,1.145409125753928
1,-1.1625,-1.0125,1.135255850285287
1,-1.1625,-0.975,1.1248091521262245
1,-1.1625,-0.9375,1.1140559123775802
1,-1.1625,-0.9,1.1029818648125396
1,-1.1625,-0.8625,1.0915714812358446
1,-1.1625,-0.825,1.0798078459383367
1,-1.1625,-0.7875,1.067672517490941
1,-1.1625,-0.75,1.0551453755635298
1,-1.1625,-0.7125,1.0422044498910688
1,-1.1625,-0.675,1.0288257279303343
1,-1.1625,-0.6375,1.014982937136766
1,-1.1625,-0.6,1.0006472971188078
1,-1.1625,-0.5625,0.9857872361693573
1,-1.1625,-0.525,0.97036806580305
1,-1.1625,-0.4875,0.9543516059198883
1,-1.1625,-0.45,0.9376957520542808
1,-1.1625,-0.4125,0.920353974856106
1,-1.1625,-0.375,0.9022747405235914
1,-1.1625,-0.3375,0.8834008394691721
1,-1.1625,-0.3,0.863668609274689
1,-1.1625,-0.2625,0.8430070374366649
1,-1.1625,-0.225,0.821336730401261
1,-1.1625,-0.1875,0.7985687396356341
1,-1.1625,-0.15,0.7746032462119472
1,-1.1625,-0.1125,0.7493281288065509
1,-1.1625,-0.075,0.722617488242296
1,-1.1625,-0.0375,0.6943302987613136
1,-1.1625,0.0,0.6643095510700414
1,-1.1625,0.0375,0.6323826477984982
1,-1.1625,0.075,0.5983646333478138
1,-1.1625,0.1125,0.5620676023235416
1,-1.1625,0.15,0.5233235820048915
1,-1.1625,0.1875,0.4820375646608129
1,-1.1625,0.225,0.438311338075044
1,-1.1625,0.2625,0.3927462209612486
1,-1.1625,0.3,0.34724891402168073
1,-1.1625,0.3375,0.3075188703597694
1,-1.1625,0.375,0.29270151631006924
1,-1.1625,0.4125,0.3955379682457565
1,-1.1625,0.45,1000.0
1,-1.1625,0.4875,1000.0
1,-1.1625,0.525,1000.0
1,-1.1625,0.5625,1000.0
1,-1.1625,0.6,1000.0
1,-1.1625,0.6375,1000.0
1,-1.1625,0.675,1000.0
1,-1.1625,0.7125,1000.0
1,-1.1625,0.75,1000.0
1,-1.1625,0.7875,1000.0
1,-1.1625,0.825,1000.0
1,-1.1625,0.8625,1000.0
1,-1.1625,0.9,1000.0
1,-1.1625,0.9375,1000.0
1,-1.1625,0.975,1000.0
1,-1.1625,1.0125,1000.0
1,-1.1625,1.05,1000.0
1,-1.1625,1.0875,1000.0
1,-1.1625,1.125,1000.0
1,-1.1625,1.1625,1000.0
1,-1.1625,1.2,1000.0
1,-1.1625,1.2375,1000.0
1,-1.1625,1.275,1000.0
1,-1.1625,1.3125,1000.0
1,-1.1625,1.35,1000.0
1,-1.1625,1.3875,1000.0
1,-1.1625,1.425,1000.0
1,-1.1625,1.4625,1000.0
1,-1.1625,1.5,1000.0
1,-1.125,-1.5,1.2283972263385976
1,-1.125,-1.4625,1.2208853120280425
1,-1.125,-1.425,1.213169702291619
1,-1.125,-1.3875,1.2052479816596526
1,-1.125,-1.35,1.1971157473447667
1,-1.125,-1.3125,1.1887674310020588
1,-1.125,-1.275,1.1801966510870512
1,-1.125,-1.2375,1.1713963531543203
1,-1.125,-1.2,1.162358851703576
1,-1.125,-1.1625,1.1530758223660482
1,-1.125,-1.125,1.1435382659186475
1,-1.125,-1.0875,1.1337364540835666
1,-1.125,-1.05,1.1236598620270413
1,-1.125,-1.0125,1.11329709010877
1,-1.125,-0.975,1.1026357761839929
1,-1.125,-0.9375,1.0916624989625892
1,-1.125,-0.9,1.0803626723044317
1,-1.125,-0.8625,1.0687204297635209
1,-1.125,-0.825,1.0567184981446456
1,-1.125,-0.7875,1.04433805829392
1,-1.125,-0.75,1.0315585908056446
1,-1.125,-0.7125,1.018357703787477
1,-1.125,-0.675,1.004710939273191
1,-1.125,-0.6375,0.9905915542908676
1,-1.125,-0.6,0.975970271963467
1,-1.125,-0.5625,0.9608149973165896
1,-1.125,-0.525,0.9450904916750618
1,-1.125,-0.4875,0.9287579986332883
1,-1.125,-0.45,0.9117748135860707
1,-1.125,-0.4125,0.894093787736123
1,-1.125,-0.375,0.8756627564307888
1,-1.125,-0.3375,0.8564238807929674
1,-1.125,-0.3,0.8363128912332961
1,-1.125,-0.2625,0.8152582221943703
1,-1.125,-0.225,0.7931800305639771
1,-1.125,-0.1875,0.7699890978020542
1,-1.125,-0.15,0.7455856320735416
1,-1.125,-0.1125,0.719858019368877
1,-1.125,-0.075,0.6926816367652416
1,-1.125,-0.0375,0.6639179662819694
1,-1.125,0.0,0.6334144943037259
1,-1.125,0.0375,0.6010063752543401
1,-1.125,0.075,0.5665218540631097
1,-1.125,0.1125,0.5297956099264659
1,-1.125,0.15,0.4906990339114351
1,-1.125,0.1875,0.44920797476830626
1,-1.125,0.225,0.40555804359505865
1,-1.125,0.2625,0.36062136120128857
1,-1.125,0.3,0.31691044077672736
1,-1.125,0.3375,0.28170535981146183
1,-1.125,0.375,0.27952621857131954
1,-1.125,0.4125,0.4367963527427483
1,-1.125,0.45,1000.0
1,-1.125,0.4875,1000.0
1,-1.125,0.525,1000.0
1,-1.125,0.5625,1000.0
1,-1.125,0.6,1000.0
1,-1.125,0.6375,1000.0
1,-1.125,0.675,1000.0
1,-1.125,0.7125,1000.0
1,-1.125,0.75,1000.0
1,-1.125,0.7875,1000.0
1,-1.125,0.825,1000.0
1,-1.125,0.8625,1000.0
1,-1.125,0.9,1000.0
1,-1.125,0.9375,1000.0
1,-1.125,0.975,1000.0
1,-1.125,1.0125,1000.0
1,-1.125,1.05,1000.0
1,-1.125,1.0875,1000.0
1,-1.125,1.125,1000.0
1,-1.125,1.1625,1000.0
1,-1.125,1.2,1000.0
1,-1.125,1.2375,1000.0
1,-1.125,1.275,1000.0
1,-1.125,1.3125,1000.0
1,-1.125,1.35,1000.0
1,-1.125,1.3875,1000.0
1,-1.125,1.425,1000.0
1,-1.125,1.4625,1000.0
1,-1.125,1.5,1000.0
1,-1.0875,-1.5,1.2086321294880336
1,-1.0875,-1.4625,1.200953856055137
1,-1.0875,-1.425,1.1930699006448817
1,-1.0875,-1.3875,1.1849774148471488
1,-1.0875,-1.35,1.1766717084532514
1,-1.0875,-1.3125,1.1681469855054794
1,-1.0875,-1.275,1.159396658904934
1,-1.0875,-1.2375,1.1504134737163683
1,-1.0875,-1.2,1.1411895407645825
1,-1.0875,-1.1625,1.1317163243917572
1,-1.0875,-1.125,1.1219846038370267
1,-1.0875,-1.0875,1.111984417325719
1,-1.0875,-1.05,1.1017049933786296
1,-1.0875,-1.0125,1.091134671683206
1,-1.0875,-0.975,1.0802608147025399
1,-1.0875,-0.9375,1.0690697104397902
1,-1.0875,-0.9,1.0575464661729659
1,-1.0875,-0.8625,1.045674892425803
1,-1.0875,-0.825,1.0334373759092663
1,-1.0875,-0.7875,1.0208147396453326
1,-1.0875,-0.75,1.0077860879684437
1,-1.0875,-0.7125,0.994328633585743
1,-1.0875,-0.675,0.9804175033558762
1,-1.0875,-0.6375,0.9660255189035496
1,-1.0875,-0.6,0.9511229476065018
1,-1.0875,-0.5625,0.9356772188574775
1,-1.0875,-0.525,0.9196525998055897
1,-1.0875,-0.4875,0.9030098240205875
1,-1.0875,-0.45,0.8857056657226967
1,-1.0875,-0.4125,0.8676924514412253
1,-1.0875,-0.375,0.8489175003353836
1,-1.0875,-0.3375,0.8293224841786567
1,-1.0875,-0.3,0.8088426986325649
1,-1.0875,-0.2625,0.7874062397553204
1,-1.0875,-0.225,0.7649330852310652
1,-1.0875,-0.1875,0.7413340913544185
1,-1.0875,-0.15,0.7165099395119402
1,-1.0875,-0.1125,0.6903501094223817
1,-1.0875,-0.075,0.6627320392014768
1,-1.0875,-0.0375,0.6335207906178315
1,-1.0875,0.0,0.6025698448440884
1,-1.0875,0.0375,0.5697242626184977
1,-1.0875,0.075,0.5348286869616189
1,-1.0875,0.1125,0.49774531253394766
1,-1.0875,0.15,0.45839285964716187
1,-1.0875,0.1875,0.41683166396108307
1,-1.0875,0.225,0.3734562594295147
1,-1.0875,0.2625,0.329460491739355
1,-1.0875,0.3,0.2880809187581758
1,-1.0875,0.3375,0.2585146992289955
1,-1.0875,0.375,0.2720221760213847
1,-1.0875,0.4125,0.5022810956521788
1,-1.0875,0.45,1000.0
1,-1.0875,0.4875,1000.0
1,-1.0875,0.525,1000.0
1,-1.0875,0.5625,1000.0
1,-1.0875,0.6,1000.0
1,-1.0875,0.6375,1000.0
1,-1.0875,0.675,1000.0
1,-1.0875,0.7125,1000.0
1,-1.0875,0.75,1000.0
1,-1.0875,0.7875,1000.0
1,-1.0875,0.825,1000.0
1,-1.0875,0.8625,1000.0
1,-1.0875,0.9,1000.0
1,-1.0875,0.9375,1000.0
1,-1.0875,0.975,1000.0
1,-1.0875,1.0125,1000.0
1,-1.0875,1.05,1000.0
1,-1.0875,1.0875,1000.0
1,-1.0875,1.125,1000.0
1,-1.0875,1.1625,1000.0
1,-1.0875,1.2,1000.0
1,-1.0875,1.2375,1000.0
1,-1.0875,1.275,1000.0
1,-1.0875,1.3125,1000.0
1,-1.0875,1.35,1000.0
1,-1.0875,1.3875,1000.0
1,-1.0875,1.425,1000.0
1,-1.0875,1.4625,1000.0
1,-1.0875,1.5,1000.0
1,-1.05,-1.5,1.1886567628684546
1,-1.05,-1.4625,1.1808134640848116
1,-1.05,-1.425,1.1727625129917696
1,-1.05,-1.3875,1.1645006582300867
1,-1.05,-1.35,1.1560229375123534
1,-1.05,-1.3125,1.1473233366045514
1,-1.05,-1.275,1.1383950698877099
1,-1.05,-1.2375,1.1292306882320866
1,-1.05,-1.2,1.1198221050610684
1,-1.05,-1.1625,1.1101605800659962
1,-1.05,-1.125,1.100236678206645
1,-1.05,-1.0875,1.0900402122936461
1,-1.05,-1.05,1.0795601732934537
1,-1.05,-1.0125,1.068784650504311
1,-1.05,-0.975,1.0577007426631184
1,-1.05,-0.9375,1.046294460322338
1,-1.05,-0.9,1.0345506192561995
1,-1.05,-0.8625,1.0224527241250156
1,-1.05,-0.825,1.009982841114641
1,-1.05,-0.7875,0.9971214577673081
1,-1.05,-0.75,0.983847327729457
1,-1.05,-0.7125,0.9701372976582823
1,-1.05,-0.675,0.9559661130440964
1,-1.05,-0.6375,0.941306199209239
1,-1.05,-0.6,0.9261274132241294
1,-1.05,-0.5625,0.9103967619288401
1,-1.05,-0.525,0.8940780806645785
1,-1.05,-0.4875,0.8771316667212011
1,-1.05,-0.45,0.8595138609415013
1,-1.05,-0.4125,0.841176570488707
1,-1.05,-0.375,0.8220667256667105
1,-1.05,-0.3375,0.8021256642214123
1,-1.05,-0.3,0.781288438351612
1,-1.05,-0.2625,0.7594830437966489
1,-1.05,-0.225,0.7366295787708016
1,-1.05,-0.1875,0.712639356652755
1,-1.05,-0.15,0.6874140265573442
1,-1.05,-0.1125,0.6608448120236945
1,-1.05,-0.075,0.6328120825074391
1,-1.05,-0.0375,0.6031856690264491
1,-1.05,0.0,0.5718267125540752
1,-1.05,0.0375,0.5385925763174924
1,-1.05,0.075,0.5033478643358998
1,-1.05,0.1125,0.4659877952698078
1,-1.05,0.15,0.42648734903788077
1,-1.05,0.1875,0.38500670497121137
1,-1.05,0.225,0.3421277933572886
1,-1.05,0.2625,0.29942452736995917
1,-1.05,0.3,0.26099501281121995
1,-1.05,0.3375,0.23835459319857016
1,-1.05,0.375,0.27121420052088463
1,-1.05,0.4125,0.6009131228622439
1,-1.05,0.45,1000.0
1,-1.05,0.4875,1000.0
1,-1.05,0.525,1000.0
1,-1.05,0.5625,1000.0
1,-1.05,0.6,1000.0
1,-1.05,0.6375,1000.0
1,-1.05,0.675,1000.0
1,-1.05,0.7125,1000.0
1,-1.05,0.75,1000.0
1,-1.05,0.7875,1000.0
1,-1.05,0.825,1000.0
1,-1.05,0.8625,1000.0
1,-1.05,0.9,1000.0
1,-1.05,0.9375,1000.0
1,-1.05,0.975,1000.0
1,-1.05,1.0125,1000.0
1,-1.05,1.05,1000.0
1,-1.05,1.0875,1000.0
1,-1.05,1.125,1000.0
1,-1.05,1.1625,1000.0
1,-1.05,1.2,1000.0
1,-1.05,1.2375,1000.0
1,-1.05,1.275,1000.0
1,-1.05,1.3125,1000.0
1,-1.05,1.35,1000.0
1,-1.05,1.3875,1000.0
1,-1.05,1.425,1000.0
1,-1.05,1.4625,1000.0
1,-1.05,1.5,1000.0
1,-1.0125,-1.5,1.168483731163236
1,-1.0125,-1.4625,1.1604770121363013
1,-1.0125,-1.425,1.152260698361238
1,-1.0125,-1.3875,1.1438311634958729
1,-1.0125,-1.35,1.1351831880173762
1,-1.0125,-1.3125,1.1263105489218048
1,-1.0125,-1.275,1.1172062695786438
1,-1.0125,-1.2375,1.1078627136011108
1,-1.0125,-1.2,1.098271604047159
1,-1.0125,-1.1625,1.0884240034640962
1,-1.0125,-1.125,1.0783102707642798
1,-1.0125,-1.0875,1.0679200025090503
1,-1.0125,-1.05,1.057241962402795
1,-1.0125,-1.0125,1.0462640009678528
1,-1.0125,-0.975,1.0349729663542455
1,-1.0125,-0.9375,1.023354606553701
1,-1.0125,-0.9,1.0113934627307306
1,-1.0125,-0.8625,0.9990727528733536
1,-1.0125,-0.825,0.9863742444756983
1,-1.0125,-0.7875,0.9732781144887588
1,-1.0125,-0.75,0.9597627943140112
1,-1.0125,-0.7125,0.9458047971655376
1,-1.0125,-0.675,0.9313785246844967
1,-1.0125,-0.6375,0.9164560492476501
1,-1.0125,-0.6,0.9010068679630121
1,-1.0125,-0.5625,0.8849976238906472
1,-1.0125,-0.525,0.8683917895779653
1,-1.0125,-0.4875,0.8511493075929557
1,-1.0125,-0.45,0.8332261824506872
1,-1.0125,-0.4125,0.8145740182994291
1,-1.0125,-0.375,0.7951394972154711
1,-1.0125,-0.3375,0.7748637943937424
1,-1.0125,-0.3,0.7536819296883951
1,-1.0125,-0.2625,0.731522061207319
1,-1.0125,-0.225,0.7083047383836018
1,-1.0125,-0.1875,0.6839421533949976
1,-1.0125,-0.15,0.6583374687061848
1,-1.0125,-0.1125,0.6313843691622563
1,-1.0125,-0.075,0.6029671165419803
1,-1.0125,-0.0375,0.5729616255180585
1,-1.0125,0.0,0.5412385386601184
1,-1.0125,0.0375,0.5076701761712896
1,-1.0125,0.075,0.472145057996144
1,-1.0125,0.1125,0.4345975580841447
1,-1.0125,0.15,0.3950688926895268
1,-1.0125,0.1875,0.35383632788461694
1,-1.0125,0.225,0.31170138753853577
1,-1.0125,0.2625,0.27068469827073227
1,-1.0125,0.3,0.23590542517171958
1,-1.0125,0.3375,0.22167450888534776
1,-1.0125,0.375,0.2782991223907997
1,-1.0125,0.4125,0.7468085075528841
1,-1.0125,0.45,1000.0
1,-1.0125,0.4875,1000.0
1,-1.0125,0.525,1000.0
1,-1.0125,0.5625,1000.0
1,-1.0125,0.6,1000.0
1,-1.0125,0.6375,1000.0
1,-1.0125,0.675,1000.0
1,-1.0125,0.7125,1000.0
1,-1.0125,0.75,1000.0
1,-1.0125,0.7875,1000.0
1,-1.0125,0.825,1000.0
1,-1.0125,0.8625,1000.0
1,-1.0125,0.9,1000.0
1,-1.0125,0.9375,1000.0
1,-1.0125,0.975,1000.0
1,-1.0125,1.0125,1000.0
1,-1.0125,1.05,1000.0
1,-1.0125,1.0875,1000.0
1,-1.0125,1.125,1000.0
1,-1.0125,1.1625,1000.0
1,-1.0125,1.2,1000.0
1,-1.0125,1.2375,1000.0
1,-1.0125,1.275,1000.0
1,-1.0125,1.3125,1000.0
1,-1.0125,1.35,1000.0
1,-1.0125,1.3875,1000.0
1,-1.0125,1.425,1000.0
1,-1.0125,1.4625,1000.0
1,-1.0125,1.5,1000.0
1,-0.975,-1.5,1.1482513406336037
1,-0.975,-1.4625,1.140083085011561
1,-0.975,-1.425,1.131703331568366
1,-0.975,-1.3875,1.1231081051844993
1,-0.975,-1.35,1.1142919435684753
1,-0.975,-1.3125,1.1052484246857865
1,-0.975,-1.275,1.0959703889193666
1,-0.975,-1.2375,1.0864500202412555
1,-0.975,-1.2,1.0766788591779741
1,-0.975,-1.1625,1.0666477795449736
1,-0.975,-1.125,1.0563469434516444
1,-0.975,-1.0875,1.045765741500469
1,-0.975,-1.05,1.0348927216724462
1,-0.975,-1.0125,1.0237155087068743
1,-0.975,-0.975,1.0122207148338436
1,-0.975,-0.9375,1.0003938420684235
1,-0.975,-0.9,0.9882191757427043
1,-0.975,-0.8625,0.9756796684635444
1,-0.975,-0.825,0.9627568132172435
1,-0.975,-0.7875,0.949430503894122
1,-0.975,-0.75,0.9356788810772515
1,-0.975,-0.7125,0.9214781605303567
1,-0.975,-0.675,0.9068024414274098
1,-0.975,-0.6375,0.8916234909875663
1,-0.975,-0.6,0.8759105018141154
1,-0.975,-0.5625,0.8596298178950099
1,-0.975,-0.525,0.8427446249325752
1,-0.975,-0.4875,0.825214600488931
1,-0.975,-0.45,0.8069955194691018
1,-0.975,-0.4125,0.7880388109060417
1,-0.975,-0.375,0.7682910631901
1,-0.975,-0.3375,0.7476934773637022
1,-0.975,-0.3,0.7261812728475662
1,-0.975,-0.2625,0.7036830586480918
1,-0.975,-0.225,0.680120198632683
1,-0.975,-0.1875,0.6554062270162185
1,-0.975,-0.15,0.6294464190922033
1,-0.975,-0.1125,0.6021377096236725
1,-0.975,-0.075,0.573369309581632
1,-0.975,-0.0375,0.543024664063929
1,-0.975,0.0,0.5109859468590169
1,-0.975,0.0375,0.4771433649360461
1,-0.975,0.075,0.4414137284731663
1,-0.975,0.1125,0.4037773673260213
1,-0.975,0.15,0.36435284205619667
1,-0.975,0.1875,0.3235538033840295
1,-0.975,0.225,0.28243766363317346
1,-0.975,0.2625,0.24354767477052872
1,-0.975,0.3,0.21320864609914866
1,-0.975,0.3375,0.20909448767947703
1,-0.975,0.375,0.2948056849040145
1,-0.975,0.4125,0.9646344428505165
1,-0.975,0.45,1000.0
1,-0.975,0.4875,1000.0
1,-0.975,0.525,1000.0
1,-0.975,0.5625,1000.0
1,-0.975,0.6,1000.0
1,-0.975,0.6375,1000.0
1,-0.975,0.675,1000.0
1,-0.975,0.7125,1000.0
1,-0.975,0.75,1000.0
1,-0.975,0.7875,1000.0
1,-0.975,0.825,1000.0
1,-0.975,0.8625,1000.0
1,-0.975,0.9,1000.0
1,-0.975,0.9375,1000.0
1,-0.975,0.975,1000.0
1,-0.975,1.0125,1000.0
1,-0.975,1.05,1000.0
1,-0.975,1.0875,1000.0
1,-0.975,1.125,1000.0
1,-0.975,1.1625,1000.0
1,-0.975,1.2,1000.0
1,-0.975,1.2375,1000.0
1,-0.975,1.275,1000.0
1,-0.975,1.3125,1000.0
1,-0.975,1.35,1000.0
1,-0.975,1.3875,1000.0
1,-0.975,1.425,1000.0
1,-0.975,1.4625,1000.0
1,-0.975,1.5,1000.0
1,-0.9375,-1.5,1.127911286534297
1,-0.9375,-1.4625,1.1195836629122
1,-0.9375,-1.425,1.1110426890590388
1,-0.9375,-1.3875,1.1022840657639381
1,-0.9375,-1.35,1.0933021021691092
1,-0.9375,-1.3125,1.084090187240437
1,-0.9375,-1.275,1.0746409869558942
1,-0.9375,-1.2375,1.064946513975305
1,-0.9375,-1.2,1.0549981349598314
1,-0.9375,-1.1625,1.044786544345857
1,-0.9375,-1.125,1.0343017177340736
1,-0.9375,-1.0875,1.023532851223552
1,-0.9375,-1.05,1.012468289900257
1,-0.9375,-1.0125,1.0010954471401479
1,-0.9375,-0.975,0.9894007155000268
1,-0.9375,-0.9375,0.9773693693543265
1,-0.9375,-0.9,0.9649854589280072
1,-0.9375,-0.8625,0.9522316949109838
1,-0.9375,-0.825,0.9390893223991384
1,-0.9375,-0.7875,0.9255379824895863
1,-0.9375,-0.75,0.9115555594661349
1,-0.9375,-0.7125,0.8971180111468492
1,-0.9375,-0.675,0.8821991796297061
1,-0.9375,-0.6375,0.8667705793664753
1,-0.9375,-0.6,0.8508011592270996
1,-0.9375,-0.5625,0.834257035008001
1,-0.9375,-0.525,0.8171011887320739
1,-0.9375,-0.4875,0.7992931311676813
1,-0.9375,-0.45,0.7807885244034584
1,-0.9375,-0.4125,0.761538762301752
1,-0.9375,-0.375,0.7414905086325025
1,-0.9375,-0.3375,0.7205851963629711
1,-0.9375,-0.3,0.6987584981353009
1,-0.9375,-0.2625,0.6759397894357956
1,-0.9375,-0.225,0.6520516458685705
1,-0.9375,-0.1875,0.6270094504929713
1,-0.9375,-0.15,0.6007212475019068
1,-0.9375,-0.1125,0.5730880850461347
1,-0.9375,-0.075,0.5440052812616979
1,-0.9375,-0.0375,0.5133653983116222
1,-0.9375,0.0,0.48106436980971146
1,-0.9375,0.0375,0.4470135118306887
1,-0.9375,0.075,0.41116274641064243
1,-0.9375,0.1125,0.37354587714310195
1,-0.9375,0.15,0.33437113614756936
1,-0.9375,0.1875,0.29421008829922723
1,-0.9375,0.225,0.254416824750897
1,-0.9375,0.2625,0.21814344550355552
1,-0.9375,0.3,0.19313348562652138
1,-0.9375,0.3375,0.20109711515822626
1,-0.9375,0.375,0.32232637994595226
1,-0.9375,0.4125,1.3037501078141676
1,-0.9375,0.45,1000.0
1,-0.9375,0.4875,1000.0
1,-0.9375,0.525,1000.0
1,-0.9375,0.5625,1000.0
1,-0.9375,0.6,1000.0
1,-0.9375,0.6375,1000.0
1,-0.9375,0.675,1000.0
1,-0.9375,0.7125,1000.0
1,-0.9375,0.75,1000.0
1,-0.9375,0.7875,1000.0
1,-0.9375,0.825,1000.0
1,-0.9375,0.8625,1000.0
1,-0.9375,0.9,1000.0
1,-0.9375,0.9375,1000.0
1,-0.9375,0.975,1000.0
1,-0.9375,1.0125,1000.0
1,-0.9375,1.05,1000.0
1,-0.9375,1.0875,1000.0
1,-0.9375,1.125,1000.0
1,-0.9375,1.1625,1000.0
1,-0.9375,1.2,1000.0
1,-0.9375,1.2375,1000.0
1,-0.9375,1.275,1000.0
1,-0.9375,1.3125,1000.0
1,-0.9375,1.35,1000.0
1,-0.9375,1.3875,1000.0
1,-0.9375,1.425,1000.0
1,-0.9375,1.4625,1000.0
1,-0.9375,1.5,1000.0
1,-0.9,-1.5,1.10741595127649
1,-0.9,-1.4625,1.0989314187422985
1,-0.9,-1.425,1.0902317453741668
1,-0.9,-1.3875,1.0813123312556168
1,-0.9,-1.35,1.0721672710026957
1,-0.9,-1.3125,1.0627897749586992
1,-0.9,-1.275,1.0531723438726321
1,-0.9,-1.2375,1.043306828167128
1,-0.9,-1.2,1.0331844301684834
1,-0.9,-1.1625,1.0227956752608651
1,-0.9,-1.125,1.0121303639157235
1,-0.9,-1.0875,1.0011775103870906
1,-0.9,-1.05,0.9899252710249968
1,-0.9,-1.0125,0.9783608637334821
1,-0.9,-0.975,0.9664704792718998
1,-0.9,-0.9375,0.9542391845171424
1,-0.9,-0.9,0.9416508173221843
1,-0.9,-0.8625,0.9286878721672338
1,-0.9,-0.825,0.9153313753882868
1,-0.9,-0.7875,0.9015607483848148
1,-0.9,-0.75,0.8873536568581187
1,-0.9,-0.7125,0.8726858438188679
1,-0.9,-0.675,0.857530943831014
1,-0.9,-0.6375,0.8418602757370726
1,-0.9,-0.6,0.8256426109536098
1,-0.9,-0.5625,0.8088439143694329
1,-0.9,-0.525,0.7914270549853466
1,-0.9,-0.4875,0.7733514838136785
1,-0.9,-0.45,0.7545728773945756
1,-0.9,-0.4125,0.7350427468949858
1,-0.9,-0.375,0.7147080156511454
1,-0.9,-0.3375,0.6935105730540385
1,-0.9,-0.3,0.6713868212999449
1,-0.9,-0.2625,0.6482672461784803
1,-0.9,-0.225,0.6240760679593004
1,-0.9,-0.1875,0.598731070946886
1,-0.9,-0.15,0.5721437836069565
1,-0.9,-0.1125,0.5442203095159621
1,-0.9,-0.075,0.5148633382559705
1,-0.9,-0.0375,0.4839762830773684
1,-0.9,0.0,0.45147127622386496
1,-0.9,0.0375,0.4172842751837961
1,-0.9,0.075,0.38140361117089405
1,-0.9,0.1125,0.34392484555935066
1,-0.9,0.15,0.30515951943832753
1,-0.9,0.1875,0.2658610575054187
1,-0.9,0.225,0.22772593725493046
1,-0.9,0.2625,0.19461276995061647
1,-0.9,0.3,0.17592920517292646
1,-0.9,0.3375,0.19821951257958945
1,-0.9,0.375,0.3627611026808808
1,-0.9,0.4125,1.8927996311793005
1,-0.9,0.45,1000.0
1,-0.9,0.4875,1000.0
1,-0.9,0.525,1000.0
1,-0.9,0.5625,1000.0
1,-0.9,0.6,1000.0
1,-0.9,0.6375,1000.0
1,-0.9,0.675,1000.0
1,-0.9,0.7125,1000.0
1,-0.9,0.75,1000.0
1,-0.9,0.7875,1000.0
1,-0.9,0.825,1000.0
1,-0.9,0.8625,1000.0
1,-0.9,0.9,1000.0
1,-0.9,0.9375,1000.0
1,-0.9,0.975,1000.0
1,-0.9,1.0125,1000.0
1,-0.9,1.05,1000.0
1,-0.9,1.0875,1000.0
1,-0.9,1.125,1000.0
1,-0.9,1.1625,1000.0
1,-0.9,1.2,1000.0
1,-0.9,1.2375,1000.0
1,-0.9,1.275,1000.0
1,-0.9,1.3125,1000.0
1,-0.9,1.35,1000.0
1,-0.9,1.3875,1000.0
1,-0.9,1.425,1000.0
1,-0.9,1.4625,1000.0
1,-0.9,1.5,1000.0
1,-0.8625,-1.5,1.0867809867750937
1,-0.8625,-1.4625,1.0781422995350556
1,-0.8625,-1.425,1.0692867536725357
1,-0.8625,-1.3875,1.06020947085018
1,-0.8625,-1.35,1.0509043451289877
1,-0.8625,-1.3125,1.0413644190030515
1,-0.8625,-1.275,1.031582037798252
1,-0.8625,-1.2375,1.0215488995521091
1,-0.8625,-1.2,1.0112560526814154
1,-0.8625,-1.1625,1.0006938648504538
1,-0.8625,-1.125,0.9898519738992617
1,-0.8625,-1.0875,0.9787192261337094
1,-0.8625,-1.05,0.967283604696254
1,-0.8625,-1.0125,0.9555321494243245
1,-0.8625,-0.975,0.9434508688315071
1,-0.8625,-0.9375,0.9310246442993118
1,-0.8625,-0.9,0.91823712611223
1,-0.8625,-0.8625,0.90507062055733
1,-0.8625,-0.825,0.8915059669300487
1,-0.8625,-0.7875,0.8775224029427615
1,-0.8625,-0.75,0.8630974167289122
1,-0.8625,-0.7125,0.8482065833799943
1,-0.8625,-0.675,0.8328233837544269
1,-0.8625,-0.6375,0.8169190031706135
1,-0.8625,-0.6,0.8004621075678876
1,-0.8625,-0.5625,0.7834185948370659
1,-0.8625,-0.525,0.7657513193712062
1,-0.8625,-0.4875,0.7474197886087345
1,-0.8625,-0.45,0.7283798316694066
1,-0.8625,-0.4125,0.7085832425018325
1,-0.8625,-0.375,0.6879774038974447
1,-0.8625,-0.3375,0.6665049053152101
1,-0.8625,-0.3,0.6441031784284633
1,-0.8625,-0.2625,0.6207041925607141
1,-0.8625,-0.225,0.5962342827126149
1,-0.8625,-0.1875,0.5706142344179507
1,-0.8625,-0.15,0.5437598377644345
1,-0.8625,-0.1125,0.5155832760289337
1,-0.8625,-0.075,0.48599598599119403
1,-0.8625,-0.0375,0.45491412087227534
1,-0.8625,0.0,0.42226867175966426
1,-0.8625,0.0375,0.3880240973329186
1,-0.8625,0.075,0.3522129396809637
1,-0.8625,0.1125,0.3150016180929979
1,-0.8625,0.15,0.27682002356314295
1,-0.8625,0.1875,0.23862999423625042
1,-0.8625,0.225,0.20252146343848365
1,-0.8625,0.2625,0.17316987418661667
1,-0.8625,0.3,0.16192891491217928
1,-0.8625,0.3375,0.2011210653215979
1,-0.8625,0.375,0.41845262314771337
1,-0.8625,0.4125,3.3165833418835198
1,-0.8625,0.45,1000.0
1,-0.8625,0.4875,1000.0
1,-0.8625,0.525,1000.0
1,-0.8625,0.5625,1000.0
1,-0.8625,0.6,1000.0
1,-0.8625,0.6375,1000.0
1,-0.8625,0.675,1000.0
1,-0.8625,0.7125,1000.0
1,-0.8625,0.75,1000.0
1,-0.8625,0.7875,1000.0
1,-0.8625,0.825,1000.0
1,-0.8625,0.8625,1000.0
1,-0.8625,0.9,1000.0
1,-0.8625,0.9375,1000.0
1,-0.8625,0.975,1000.0
1,-0.8625,1.0125,1000.0
1,-0.8625,1.05,1000.0
1,-0.8625,1.0875,1000.0
1,-0.8625,1.125,1000.0
1,-0.8625,1.1625,1000.0
1,-0.8625,1.2,1000.0
1,-0.8625,1.2375,1000.0
1,-0.8625,1.275,1000.0
1,-0.8625,1.3125,1000.0
1,-0.8625,1.35,1000.0
1,-0.8625,1.3875,1000.0
1,-0.8625,1.425,1000.0
1,-0.8625,1.4625,1000.0
1,-0.8625,1.5,1000.0
1,-0.825,-1.5,1.0660227770291197
1,-0.825,-1.4625,1.0572329880535714
1,-0.825,-1.425,1.0482247063643881
1,-0.825,-1.3875,1.0389927965677044
1,-0.825,-1.35,1.0295309661562668
1,-0.825,-1.3125,1.0198321009910707
1,-0.825,-1.275,1.009888401443477
1,-0.825,-1.2375,0.9996914238239021
1,-0.825,-1.2,0.9892320739881436
1,-0.825,-1.1625,0.9785005742475446
1,-0.825,-1.125,0.9674864134576968
1,-0.825,-1.0875,0.956178285144609
1,-0.825,-1.05,0.9445640161764993
1,-0.825,-1.0125,0.9326304872825347
1,-0.825,-0.975,0.9203635460013962
1,-0.825,-0.9375,0.9077479121289384
1,-0.825,-0.9,0.894767075307718
1,-0.825,-0.8625,0.8814031840197464
1,-0.825,-0.825,0.8676369248991871
1,-0.825,-0.7875,0.8534473909787506
1,-0.825,-0.75,0.8388119372313851
1,-0.825,-0.7125,0.8237060215778375
1,-0.825,-0.675,0.8081030294149114
1,-0.825,-0.6375,0.7919740797005139
1,-0.825,-0.6,0.7752878107479185
1,-0.825,-0.5625,0.7580101441977968
1,-0.825,-0.525,0.7401040262608707
1,-0.825,-0.4875,0.7215291464340485
1,-0.825,-0.45,0.7022416357760901
1,-0.825,-0.4125,0.6821937499502064
1,-0.825,-0.375,0.6613335473550549
1,-0.825,-0.3375,0.6396045810074839
1,-0.825,-0.3,0.6169456364556754
1,-0.825,-0.2625,0.5932905703272543
1,-0.825,-0.225,0.5685683410273517
1,-0.825,-0.1875,0.5427033848309534
1,-0.825,-0.15,0.515616595391289
1,-0.825,-0.1125,0.48722734580211086
1,-0.825,-0.075,0.45745731235336723
1,-0.825,-0.0375,0.4262374393836572
1,-0.825,0.0,0.3935204695923052
1,-0.825,0.0375,0.3593035675833328
1,-0.825,0.075,0.3236698212283986
1,-0.825,0.1125,0.28686647447027475
1,-0.825,0.15,0.24945830808732244
1,-0.825,0.1875,0.2126449335957465
1,-0.825,0.225,0.1789666387936563
1,-0.825,0.2625,0.15403998118728754
1,-0.825,0.3,0.15148782459282725
1,-0.825,0.3375,0.21052653111115638
1,-0.825,0.375,0.49221972010293696
1,-0.825,0.4125,19.742853640473587
1,-0.825,0.45,1000.0
1,-0.825,0.4875,1000.0
1,-0.825,0.525,1000.0
1,-0.825,0.5625,1000.0
1,-0.825,0.6,1000.0
1,-0.825,0.6375,1000.0
1,-0.825,0.675,1000.0
1,-0.825,0.7125,1000.0
1,-0.825,0.75,1000.0
1,-0.825,0.7875,1000.0
1,-0.825,0.825,1000.0
1,-0.825,0.8625,1000.0
1,-0.825,0.9,1000.0
1,-0.825,0.9375,1000.0
1,-0.825,0.975,1000.0
1,-0.825,1.0125,1000.0
1,-0.825,1.05,1000.0
1,-0.825,1.0875,1000.0
1,-0.825,1.125,1000.0
1,-0.825,1.1625,1000.0
1,-0.825,1.2,1000.0
1,-0.825,1.2375,1000.0
1,-0.825,1.275,1000.0
1,-0.825,1.3125,1000.0
1,-0.825,1.35,1000.0
1,-0.825,1.3875,1000.0
1,-0.825,1.425,1000.0
1,-0.825,1.4625,1000.0
1,-0.825,1.5,1000.0
1,-0.7875,-1.5,1.0451584149229545
1,-0.7875,-1.4625,1.036220878556046
1,-0.7875,-1.425,1.0270633098487205
1,-0.7875,-1.3875,1.017680336958089
1,-0.7875,-1.35,1.0080654948879373
1,-0.7875,-1.3125,0.9982115245674176
1,-0.7875,-1.275,0.9881104925750208
1,-0.7875,-1.2375,0.9777538249845145
1,-0.7875,-1.2,0.9671322973882729
1,-0.7875,-1.1625,0.9562360001728917
1,-0.7875,-1.125,0.9450542880336468
1,-0.7875,-1.0875,0.9335757181864371
1,-0.7875,-1.05,0.9217879795961283
1,-0.7875,-1.0125,0.9096778144307852
1,-0.7875,-0.975,0.8972309322839562
1,-0.7875,-0.9375,0.8844319172276877
1,-0.7875,-0.9,0.871264127362645
1,-0.7875,-0.8625,0.8577095861828974
1,-0.7875,-0.825,0.8437488647666097
1,-0.7875,-0.7875,0.8293609535474209
1,-0.7875,-0.75,0.8145231222263716
1,-0.7875,-0.7125,0.7992107662653796
1,-0.7875,-0.675,0.783397238379994
1,-0.7875,-0.6375,0.76705366355226
1,-0.7875,-0.6,0.7501487363643978
1,-0.7875,-0.5625,0.7326484999939833
1,-0.7875,-0.525,0.714516107146734
1,-0.7875,-0.4875,0.6957115647513273
1,-0.7875,-0.45,0.6761914667496326
1,-0.7875,-0.4125,0.6559087233417942
1,-0.7875,-0.375,0.6348123014856306
1,-0.7875,-0.3375,0.6128470017632598
1,-0.7875,-0.3,0.5899533133212629
1,-0.7875,-0.2625,0.5660674154933689
1,-0.7875,-0.225,0.5411214387935961
1,-0.7875,-0.1875,0.5150441711633442
1,-0.7875,-0.15,0.4877625189066746
1,-0.7875,-0.1125,0.45920424441114654
1,-0.7875,-0.075,0.4293028773366867
1,-0.7875,-0.0375,0.3980063738304406
1,-0.7875,0.0,0.3652923645372376
1,-0.7875,0.0375,0.3311952870423086
1,-0.7875,0.075,0.29585567193405843
1,-0.7875,0.1125,0.25961247202056364
1,-0.7875,0.15,0.22318349369003027
1,-0.7875,0.1875,0.18803849211848125
1,-0.7875,0.225,0.1572313256536317
1,-0.7875,0.2625,0.13745930495866557
1,-0.7875,0.3,0.14498397262541413
1,-0.7875,0.3375,0.22723221428667117
1,-0.7875,0.375,0.5874848454709151
1,-0.7875,0.4125,7839.872506902221
1,-0.7875,0.45,1000.0
1,-0.7875,0.4875,1000.0
1,-0.7875,0.525,1000.0
1,-0.7875,0.5625,1000.0
1,-0.7875,0.6,1000.0
1,-0.7875,0.6375,1000.0
1,-0.7875,0.675,1000.0
1,-0.7875,0.7125,1000.0
1,-0.7875,0.75,1000.0
1,-0.7875,0.7875,1000.0
1,-0.7875,0.825,1000.0
1,-0.7875,0.8625,1000.0
1,-0.7875,0.9,1000.0
1,-0.7875,0.9375,1000.0
1,-0.7875,0.975,1000.0
1,-0.7875,1.0125,1000.0
1,-0.7875,1.05,1000.0
1,-0.7875,1.0875,1000.0
1,-0.7875,1.125,1000.0
1,-0.7875,1.1625,1000.0
1,-0.7875,1.2,1000.0
1,-0.7875,1.2375,1000.0
1,-0.7875,1.275,1000.0
1,-0.7875,1.3125,1000.0
1,-0.7875,1.35,1000.0
1,-0.7875,1.3875,1000.0
1,-0.7875,1.425,1000.0
1,-0.7875,1.4625,1000.0
1,-0.7875,1.5,1000.0
1,-0.75,-1.5,1.024205674017654
1,-0.75,-1.4625,1.0151240474977836
1,-0.75,-1.425,1.00582095413016
1,-0.75,-1.3875,0.996290805621109
1,-0.75,-1.35,0.9865269787266913
1,-0.75,-1.3125,0.976522081669118
1,-0.75,-1.275,0.9662680591162119
1,-0.75,-1.2375,0.9557562192519814
1,-0.75,-1.2,0.9449772206753386
1,-0.75,-1.1625,0.9339210363614066
1,-0.75,-1.125,0.9225769028715255
1,-0.75,-1.0875,0.9109332589095162
1,-0.75,-1.05,0.8989776753744644
1,-0.75,-1.0125,0.8866967780413668
1,-0.75,-0.975,0.8740761633830476
1,-0.75,-0.9375,0.8611003076019313
1,-0.75,-0.9,0.8477524685760113
1,-0.75,-0.8625,0.8340145801098822
1,-0.75,-0.825,0.8198671376173058
1,-0.75,-0.7875,0.8052890741565014
1,-0.75,-0.75,0.790257625607877
1,-0.75,-0.7125,0.7747481837452422
1,-0.75,-0.675,0.7587341360317931
1,-0.75,-0.6375,0.7421866912117799
1,-0.75,-0.6,0.7250746902324414
1,-0.75,-0.5625,0.7073644028223063
1,-0.75,-0.525,0.6890193113369821
1,-0.75,-0.4875,0.669999885524139
1,-0.75,-0.45,0.6502633550705235
1,-0.75,-0.4125,0.6297634918344531
1,-0.75,-0.375,0.6084504215933023
1,-0.75,-0.3375,0.5862704976576382
1,-0.75,-0.3,0.5631662886325767
1,-0.75,-0.2625,0.539076764635568
1,-0.75,-0.225,0.5139378183891572
1,-0.75,-0.1875,0.4876833436535337
1,-0.75,-0.15,0.4602472380696552
1,-0.75,-0.1125,0.431566945565145
1,-0.75,-0.075,0.40158958942669276
1,-0.75,-0.0375,0.37028253495678703
1,-0.75,0.0,0.33765169145287643
1,-0.75,0.0375,0.30377371600267
1,-0.75,0.075,0.26885406949669743
1,-0.75,0.1125,0.23333526621998657
1,-0.75,0.15,0.19810796799824695
1,-0.75,0.1875,0.16494766315358467
1,-0.75,0.225,0.13749182192574144
1,-0.75,0.2625,0.12367498456053602
1,-0.75,0.3,0.14281890421915366
1,-0.75,0.3375,0.2521127453246282
1,-0.75,0.375,0.7084477954831858
1,-0.75,0.4125,1000.0
1,-0.75,0.45,1000.0
1,-0.75,0.4875,1000.0
1,-0.75,0.525,1000.0
1,-0.75,0.5625,1000.0
1,-0.75,0.6,1000.0
1,-0.75,0.6375,1000.0
1,-0.75,0.675,1000.0
1,-0.75,0.7125,1000.0
1,-0.75,0.75,1000.0
1,-0.75,0.7875,1000.0
1,-0.75,0.825,1000.0
1,-0.75,0.8625,1000.0
1,-0.75,0.9,1000.0
1,-0.75,0.9375,1000.0
1,-0.75,0.975,1000.0
1,-0.75,1.0125,1000.0
1,-0.75,1.05,1000.0
1,-0.75,1.0875,1000.0
1,-0.75,1.125,1000.0
1,-0.75,1.1625,1000.0
1,-0.75,1.2,1000.0
1,-0.75,1.2375,1000.0
1,-0.75,1.275,1000.0
1,-0.75,1.3125,1000.0
1,-0.75,1.35,1000.0
1,-0.75,1.3875,1000.0
1,-0.75,1.425,1000.0
1,-0.75,1.4625,1000.0
1,-0.75,1.5,1000.0
1,-0.7125,-1.5,1.0031829751197594
1,-0.7125,-1.4625,0.9939612189616157
1,-0.7125,-1.425,0.984516677111431
1,-0.7125,-1.3875,0.9748435643466796
1,-0.7125,-1.35,0.9649351136413143
1,-0.7125,-1.3125,0.9547838132938015
1,-0.7125,-1.275,0.9443814986886223
1,-0.7125,-1.2375,0.9337193733446111
1,-0.7125,-1.2,0.9227879931300501
1,-0.7125,-1.1625,0.9115772292278149
1,-0.7125,-1.125,0.9000762173157738
1,-0.7125,-1.0875,0.8882732967353383
1,-0.7125,-1.05,0.8761559416494691
1,-0.7125,-1.0125,0.8637106852570304
1,-0.7125,-0.975,0.8509230375604935
1,-0.7125,-0.9375,0.8377773967746173
1,-0.7125,-0.9,0.8242569541335966
1,-0.7125,-0.8625,0.8103435915789537
1,-0.7125,-0.825,0.7960177715919087
1,-0.7125,-0.7875,0.7812584182848327
1,-0.7125,-0.75,0.7660427888049965
1,-0.7125,-0.7125,0.7503463341540734
1,-0.7125,-0.675,0.7341425487223726
1,-0.7125,-0.6375,0.7174028082288556
1,-0.7125,-0.6,0.7000961964271242
1,-0.7125,-0.5625,0.6821893220105057
1,-0.7125,-0.525,0.6636461288253231
1,-0.7125,-0.4875,0.6444277050923829
1,-0.7125,-0.45,0.6244921013322746
1,-0.7125,-0.4125,0.6037941728636349
1,-0.7125,-0.375,0.5822854723282469
1,-0.7125,-0.3375,0.5599142326836297
1,-0.7125,-0.3,0.5366255047543909
1,-0.7125,-0.2625,0.512361551182342
1,-0.7125,-0.225,0.4870626596886821
1,-0.7125,-0.1875,0.46066863896048593
1,-0.7125,-0.15,0.43312142861493247
1,-0.7125,-0.1125,0.40436954241004
1,-0.7125,-0.075,0.37437556859229165
1,-0.7125,-0.0375,0.3431288625160592
1,-0.7125,0.0,0.31066726774339626
1,-0.7125,0.0375,0.2771150036510261
1,-0.7125,0.075,0.24275056791623137
1,-0.7125,0.1125,0.20813290797799233
1,-0.7125,0.15,0.17434716346009219
1,-0.7125,0.1875,0.143513577030498
1,-0.7125,0.225,0.11993062284108111
1,-0.7125,0.2625,0.11294495320056279
1,-0.7125,0.3,0.145418287571359
1,-0.7125,0.3375,0.2861285309446691
1,-0.7125,0.375,0.8603272233868839
1,-0.7125,0.4125,1000.0
1,-0.7125,0.45,1000.0
1,-0.7125,0.4875,1000.0
1,-0.7125,0.525,1000.0
1,-0.7125,0.5625,1000.0
1,-0.7125,0.6,1000.0
1,-0.7125,0.6375,1000.0
1,-0.7125,0.675,1000.0
1,-0.7125,0.7125,1000.0
1,-0.7125,0.75,1000.0
1,-0.7125,0.7875,1000.0
1,-0.7125,0.825,1000.0
1,-0.7125,0.8625,1000.0
1,-0.7125,0.9,1000.0
1,-0.7125,0.9375,1000.0
1,-0.7125,0.975,1000.0
1,-0.7125,1.0125,1000.0
1,-0.7125,1.05,1000.0
1,-0.7125,1.0875,1000.0
1,-0.7125,1.125,1000.0
1,-0.7125,1.1625,1000.0
1,-0.7125,1.2,1000.0
1,-0.7125,1.2375,1000.0
1,-0.7125,1.275,1000.0
1,-0.7125,1.3125,1000.0
1,-0.7125,1.35,1000.0
1,-0.7125,1.3875,1000.0
1,-0.7125,1.425,1000.0
1,-0.7125,1.4625,1000.0
1,-0.7125,1.5,1000.0
1,-0.675,-1.5,0.9821093474886177
1,-0.675,-1.4625,0.9727517246827897
1,-0.675,-1.425,0.9631701234326988
1,-0.675,-1.3875,0.9533585807519745
1,-0.675,-1.35,0.9433102005782761
1,-0.675,-1.3125,0.9330173646585377
1,-0.675,-1.275,0.9224718124878867
1,-0.675,-1.2375,0.9116646570405793
1,-0.675,-1.2,0.900586366727429
1,-0.675,-1.1625,0.8892267276818447
1,-0.675,-1.125,0.8775747931911352
1,-0.675,-1.0875,0.8656188237552219
1,-0.675,-1.05,0.8533462196440152
1,-0.675,-1.0125,0.8407434469697177
1,-0.675,-0.975,0.8277959577673509
1,-0.675,-0.9375,0.8144881042039768
1,-0.675,-0.9,0.8008030467432675
1,-0.675,-0.8625,0.786722655858293
1,-0.675,-0.825,0.7722274067168317
1,-0.675,-0.7875,0.7572962661759456
1,-0.675,-0.75,0.7419065714382856
1,-0.675,-0.7125,0.7260338998711843
1,-0.675,-0.675,0.70965192981296
1,-0.675,-0.6375,0.6927322927524926
1,-0.675,-0.6,0.6752444181659971
1,-0.675,-0.5625,0.6571553736812711
1,-0.675,-0.525,0.6384297053510721
1,-0.675,-0.4875,0.6190292860208063
1,-0.675,-0.45,0.5989131846441651
1,-0.675,-0.4125,0.5780375768340174
1,-0.675,-0.375,0.5563557283649019
1,-0.675,-0.3375,0.533818101070432
1,-0.675,-0.3,0.5103726583674121
1,-0.675,-0.2625,0.4859654917481841
1,-0.675,-0.225,0.46054196062865094
1,-0.675,-0.1875,0.4340486543158945
1,-0.675,-0.15,0.4064366792235132
1,-0.675,-0.1125,0.37766710638988144
1,-0.675,-0.075,0.3477199959044133
1,-0.675,-0.0375,0.3166094642456933
1,-0.675,0.0,0.28440921993717283
1,-0.675,0.0375,0.2512968000393012
1,-0.675,0.075,0.2176324920772529
1,-0.675,0.1125,0.18410561745286963
1,-0.675,0.15,0.15201930686317386
1,-0.675,0.1875,0.12388122521991084
1,-0.675,0.225,0.1047361339435292
1,-0.675,0.2625,0.10553773780193716
1,-0.675,0.3,0.15323245642321792
1,-0.675,0.3375,0.3303339482475708
1,-0.675,0.375,1.0497052225532313
1,-0.675,0.4125,1000.0
1,-0.675,0.45,1000.0
1,-0.675,0.4875,1000.0
1,-0.675,0.525,1000.0
1,-0.675,0.5625,1000.0
1,-0.675,0.6,1000.0
1,-0.675,0.6375,1000.0
1,-0.675,0.675,1000.0
1,-0.675,0.7125,1000.0
1,-0.675,0.75,1000.0
1,-0.675,0.7875,1000.0
1,-0.675,0.825,1000.0
1,-0.675,0.8625,1000.0
1,-0.675,0.9,1000.0
1,-0.675,0.9375,1000.0
1,-0.675,0.975,1000.0
1,-0.675,1.0125,1000.0
1,-0.675,1.05,1000.0
1,-0.675,1.0875,1000.0
1,-0.675,1.125,1000.0
1,-0.675,1.1625,1000.0
1,-0.675,1.2,1000.0
1,-0.675,1.2375,1000.0
1,-0.675,1.275,1000.0
1,-0.675,1.3125,1000.0
1,-0.675,1.35,1000.0
1,-0.675,1.3875,1000.0
1,-0.675,1.425,1000.0
1,-0.675,1.4625,1000.0
1,-0.675,1.5,1000.0
1,-0.6375,-1.5,0.9610043845851522
1,-0.6375,-1.4625,0.951515458577111
1,-0.6375,-1.425,0.9418014977727281
1,-0.6375,-1.3875,0.9318563803366123
1,-0.6375,-1.35,0.9216730962456366
1,-0.6375,-1.3125,0.91124393468325
1,-0.6375,-1.275,0.9005605534341848
1,-0.6375,-1.2375,0.8896139899599306
1,-0.6375,-1.2,0.8783946415115317
1,-0.6375,-1.1625,0.8668922270534006
1,-0.6375,-1.125,0.8550957372322925
1,-0.6375,-1.0875,0.8429933756143726
1,-0.6375,-1.05,0.8305724929500032
1,-0.6375,-1.0125,0.8178195154456507
1,-0.6375,-0.975,0.8047198675457388
1,-0.6375,-0.9375,0.7912578893922176
1,-0.6375,-0.9,0.7774167488744833
1,-0.6375,-0.8625,0.7631783479934078
1,-0.6375,-0.825,0.7485232231490166
1,-0.6375,-0.7875,0.7334304389410807
1,-0.6375,-0.75,0.7178774751723802
1,-0.6375,-0.7125,0.7018401070012545
1,-0.6375,-0.675,0.6852922786548976
1,-0.6375,-0.6375,0.6682059718642287
1,-0.6375,-0.6,0.6505510713327122
1,-0.6375,-0.5625,0.6322952312855453
1,-0.6375,-0.525,0.6134037497399113
1,-0.6375,-0.4875,0.5938394610198295
1,-0.6375,-0.45,0.5735626628752228
1,-0.6375,-0.4125,0.552531103394843
1,-0.6375,-0.375,0.5307000663753634
1,-0.6375,-0.3375,0.5080226145718442
1,-0.6375,-0.3,0.4844500826284289
1,-0.6375,-0.2625,0.4599329626486266
1,-0.6375,-0.225,0.43442240746958793
1,-0.6375,-0.1875,0.4078727108122676
1,-0.6375,-0.15,0.3802453469715123
1,-0.6375,-0.1125,0.3515155338063794
1,-0.6375,-0.075,0.3216829499152239
1,-0.6375,-0.0375,0.2907894404557141
1,-0.6375,0.0,0.2589487944457005
1,-0.6375,0.0375,0.22639805039640581
1,-0.6375,0.075,0.19358871222471857
1,-0.6375,0.1125,0.1613555343503817
1,-0.6375,0.15,0.13124514030004267
1,-0.6375,0.1875,0.10619914794434071
1,-0.6375,0.225,0.0921023338400226
1,-0.6375,0.2625,0.10173218471165602
1,-0.6375,0.3,0.16673686662630555
1,-0.6375,0.3375,0.38588636561389356
1,-0.6375,0.375,1.2850340942582879
1,-0.6375,0.4125,1000.0
1,-0.6375,0.45,1000.0
1,-0.6375,0.4875,1000.0
1,-0.6375,0.525,1000.0
1,-0.6375,0.5625,1000.0
1,-0.6375,0.6,1000.0
1,-0.6375,0.6375,1000.0
1,-0.6375,0.675,1000.0
1,-0.6375,0.7125,1000.0
1,-0.6375,0.75,1000.0
1,-0.6375,0.7875,1000.0
1,-0.6375,0.825,1000.0
1,-0.6375,0.8625,1000.0
1,-0.6375,0.9,1000.0
1,-0.6375,0.9375,1000.0
1,-0.6375,0.975,1000.0
1,-0.6375,1.0125,1000.0
1,-0.6375,1.05,1000.0
1,-0.6375,1.0875,1000.0
1,-0.6375,1.125,1000.0
1,-0.6375,1.1625,1000.0
1,-0.6375,1.2,1000.0
1,-0.6375,1.2375,1000.0
1,-0.6375,1.275,1000.0
1,-0.6375,1.3125,1000.0
1,-0.6375,1.35,1000.0
1,-0.6375,1.3875,1000.0
1,-0.6375,1.425,1000.0
1,-0.6375,1.4625,1000.0
1,-0.6375,1.5,1000.0
1,-0.6,-1.5,0.9398881943125733
1,-0.6,-1.4625,0.9302728257296176
1,-0.6,-1.425,0.9204315125761017
1,-0.6,-1.3875,0.9103579929273133
1,-0.6,-1.35,0.9000451582479284
1,-0.6,-1.3125,0.8894852197846664
1,-0.6,-1.275,0.8786697685907625
1,-0.6,-1.2375,0.8675897825698846
1,-0.6,-1.2,0.8562356051462836
1,-0.6,-1.1625,0.8445969071439907
1,-0.6,-1.125,0.8326626375869659
1,-0.6,-1.0875,0.8204209664134866
1,-0.6,-1.05,0.8078592207706294
1,-0.6,-1.0125,0.794963815845367
1,-0.6,-0.975,0.7817201807582539
1,-0.6,-0.9375,0.7681126797498722
1,-0.6,-0.9,0.754124528676443
1,-0.6,-0.8625,0.7397377066905536
1,-0.6,-0.825,0.7249328629278154
1,-0.6,-0.7875,0.7096892180734743
1,-0.6,-0.75,0.6939844608761662
1,-0.6,-0.7125,0.6777946400520463
1,-0.6,-0.675,0.6610940526430906
1,-0.6,-0.6375,0.6438551308500815
1,-0.6,-0.6,0.6260483307925446
1,-0.6,-0.5625,0.6076420287662136
1,-0.6,-0.525,0.5886024336965535
1,-0.6,-0.4875,0.5688935291202195
1,-0.6,-0.45,0.5484770649312483
1,-0.6,-0.4125,0.5273126295009708
1,-0.6,-0.375,0.5053578485100276
1,-0.6,-0.3375,0.482568780946569
1,-0.6,-0.3,0.4589006201631017
1,-0.6,-0.2625,0.4343088668358731
1,-0.6,-0.225,0.4087512350027009
1,-0.6,-0.1875,0.3821907060805005
1,-0.6,-0.15,0.3546004015153465
1,-0.6,-0.1125,0.32597138033738365
1,-0.6,-0.075,0.2963252300580225
1,-0.6,-0.0375,0.2657346944864371
1,-0.6,0.0,0.23435815274840735
1,-0.6,0.0375,0.20249877200713737
1,-0.6,0.075,0.17070939852691597
1,-0.6,0.1125,0.13998644484186615
1,-0.6,0.15,0.11214761359526883
1,-0.6,0.1875,0.09061908495555691
1,-0.6,0.225,0.08222838557080361
1,-0.6,0.2625,0.1018171075594334
1,-0.6,0.3,0.1864324537729357
1,-0.6,0.3375,0.45405608373047207
1,-0.6,0.375,1.577409218808033
1,-0.6,0.4125,1000.0
1,-0.6,0.45,1000.0
1,-0.6,0.4875,1000.0
1,-0.6,0.525,1000.0
1,-0.6,0.5625,1000.0
1,-0.6,0.6,1000.0
1,-0.6,0.6375,1000.0
1,-0.6,0.675,1000.0
1,-0.6,0.7125,1000.0
1,-0.6,0.75,1000.0
1,-0.6,0.7875,1000.0
1,-0.6,0.825,1000.0
1,-0.6,0.8625,1000.0
1,-0.6,0.9,1000.0
1,-0.6,0.9375,1000.0
1,-0.6,0.975,1000.0
1,-0.6,1.0125,1000.0
1,-0.6,1.05,1000.0
1,-0.6,1.0875,1000.0
1,-0.6,1.125,1000.0
1,-0.6,1.1625,1000.0
1,-0.6,1.2,1000.0
1,-0.6,1.2375,1000.0
1,-0.6,1.275,1000.0
1,-0.6,1.3125,1000.0
1,-0.6,1.35,1000.0
1,-0.6,1.3875,1000.0
1,-0.6,1.425,1000.0
1,-0.6,1.4625,1000.0
1,-0.6,1.5,1000.0
1,-0.5625,-1.5,0.9187813437527529
1,-0.5625,-1.4625,0.9090446858550812
1,-0.5625,-1.425,0.8990813302256367
1,-0.5625,-1.3875,0.8888848935390785
1,-0.5625,-1.35,0.8784481846071339
1,-0.5625,-1.3125,0.867763352024118
1,-0.5625,-1.275,0.8568219359021094
1,-0.5625,-1.2375,0.8456148714734698
1,-0.5625,-1.2,0.8341324667110094
1,-0.5625,-1.1625,0.8223643644817035
1,-0.5625,-1.125,0.8102994944786849
1,-0.5625,-1.0875,0.7979260177230976
1,-0.5625,-1.05,0.7852312652251996
1,-0.5625,-1.0125,0.772201671752533
1,-0.5625,-0.975,0.7588227052684077
1,-0.5625,-0.9375,0.7450787923490414
1,-0.5625,-0.9,0.730953239718169
1,-0.5625,-0.8625,0.7164281519497141
1,-0.5625,-0.825,0.701484345398069
1,-0.5625,-0.7875,0.6861012585487059
1,-0.5625,-0.75,0.6702568592763012
1,-0.5625,-0.7125,0.6539275500041756
1,-0.5625,-0.675,0.6370880725504964
1,-0.5625,-0.6375,0.6197114156314847
1,-0.5625,-0.6,0.6017687297321942
1,-0.5625,-0.5625,0.5832292565968615
1,-0.5625,-0.525,0.5640602843065579
1,-0.5625,-0.4875,0.5442271443716127
1,-0.5625,-0.45,0.5236932753478594
1,-0.5625,-0.4125,0.5024203895557212
1,-0.5625,-0.375,0.48036879769467467
1,-0.5625,-0.3375,0.45749797395276587
1,-0.5625,-0.3,0.4337674872267088
1,-0.5625,-0.2625,0.4091384916029783
1,-0.5625,-0.225,0.383576077061001
1,-0.5625,-0.1875,0.3570529567282298
1,-0.5625,-0.15,0.3295552583946386
1,-0.5625,-0.1125,0.30109168390392854
1,-0.5625,-0.075,0.2717081674634121
1,-0.5625,-0.0375,0.24151172943375643
1,-0.5625,0.0,0.21071015140022079
1,-0.5625,0.0375,0.1796798140473004
1,-0.5625,0.075,0.14908575609646316
1,-0.5625,0.1125,0.12010348543374365
1,-0.5625,0.15,0.09485154843634534
1,-0.5625,0.1875,0.07729558947903688
1,-0.5625,0.225,0.07531819583122008
1,-0.5625,0.2625,0.10609085370077072
1,-0.5625,0.3,0.21284587845161146
1,-0.5625,0.3375,0.5362373023498328
1,-0.5625,0.375,1.941801236909292
1,-0.5625,0.4125,1000.0
1,-0.5625,0.45,1000.0
1,-0.5625,0.4875,1000.0
1,-0.5625,0.525,1000.0
1,-0.5625,0.5625,1000.0
1,-0.5625,0.6,1000.0
1,-0.5625,0.6375,1000.0
1,-0.5625,0.675,1000.0
1,-0.5625,0.7125,1000.0
1,-0.5625,0.75,1000.0
1,-0.5625,0.7875,1000.0
1,-0.5625,0.825,1000.0
1,-0.5625,0.8625,1000.0
1,-0.5625,0.9,1000.0
1,-0.5625,0.9375,1000.0
1,-0.5625,0.975,1000.0
1,-0.5625,1.0125,1000.0
1,-0.5625,1.05,1000.0
1,-0.5625,1.0875,1000.0
1,-0.5625,1.125,1000.0
1,-0.5625,1.1625,1000.0
1,-0.5625,1.2,1000.0
1,-0.5625,1.2375,1000.0
1,-0.5625,1.275,1000.0
1,-0.5625,1.3125,1000.0
1,-0.5625,1.35,1000.0
1,-0.5625,1.3875,1000.0
1,-0.5625,1.425,1000.0
1,-0.5625,1.4625,1000.0
1,-0.5625,1.5,1000.0
1,-0.525,-1.5,0.8977047984606221
1,-0.525,-1.4625,0.8878522913010156
1,-0.525,-1.425,0.8777724997392199
1,-0.525,-1.3875,0.8674589377408991
1,-0.525,-1.35,0.8569043477666134
1,-0.525,-1.3125,0.8461008317150412
1,-0.525,-1.275,0.8350398953667675
1,-0.525,-1.2375,0.82371244910574
1,-0.525,-1.2,0.8121087848743549
1,-0.525,-1.1625,0.8002185389230037
1,-0.525,-1.125,0.7880306451822545
1,-0.525,-1.0875,0.7755332818737327
1,-0.525,-1.05,0.7627138128897771
1,-0.525,-1.0125,0.7495587248952229
1,-0.525,-0.975,0.7360535607664757
1,-0.525,-0.9375,0.722182849770872
1,-0.525,-0.9,0.7079300347670612
1,-0.525,-0.8625,0.6932773966752185
1,-0.525,-0.825,0.678205976544243
1,-0.525,-0.7875,0.6626954957631258
1,-0.525,-0.75,0.6467242753685812
1,-0.525,-0.7125,0.630269156050298
1,-0.525,-0.675,0.6133054214342494
1,-0.525,-0.6375,0.5958067286594003
1,-0.525,-0.6,0.57774505234208
1,-0.525,-0.5625,0.5590906510282541
1,-0.525,-0.525,0.5398120695947967
1,-0.525,-0.4875,0.5198761974276844
1,-0.525,-0.45,0.49924841157803995
1,-0.525,-0.4125,0.47789284803007387
1,-0.525,-0.375,0.45577286515504434
1,-0.525,-0.3375,0.4328517952846321
1,-0.525,-0.3,0.40909412947761653
1,-0.525,-0.2625,0.3844673575183922
1,-0.525,-0.225,0.35894480781365884
1,-0.525,-0.1875,0.33251003103433296
1,-0.525,-0.15,0.30516360196412656
1,-0.525,-0.1125,0.2769337764120106
1,-0.525,-0.075,0.24789342373120277
1,-0.525,-0.0375,0.21818743169251792
1,-0.525,0.0,0.18807810742030864
1,-0.525,0.0375,0.1580226009369529
1,-0.525,0.075,0.12880974102764328
1,-0.525,0.1125,0.10181282432880619
1,-0.525,0.15,0.07948327469265903
1,-0.525,0.1875,0.06638560562723993
1,-0.525,0.225,0.07157992168299185
1,-0.525,0.2625,0.11486078618240925
1,-0.525,0.3,0.24652964531926444
1,-0.525,0.3375,0.6339602325011077
1,-0.525,0.375,2.399132311016844
1,-0.525,0.4125,1000.0
1,-0.525,0.45,1000.0
1,-0.525,0.4875,1000.0
1,-0.525,0.525,1000.0
1,-0.525,0.5625,1000.0
1,-0.525,0.6,1000.0
1,-0.525,0.6375,1000.0
1,-0.525,0.675,1000.0
1,-0.525,0.7125,1000.0
1,-0.525,0.75,1000.0
1,-0.525,0.7875,1000.0
1,-0.525,0.825,1000.0
1,-0.525,0.8625,1000.0
1,-0.525,0.9,1000.0
1,-0.525,0.9375,1000.0
1,-0.525,0.975,1000.0
1,-0.525,1.0125,1000.0
1,-0.525,1.05,1000.0
1,-0.525,1.0875,1000.0
1,-0.525,1.125,1000.0
1,-0.525,1.1625,1000.0
1,-0.525,1.2,1000.0
1,-0.525,1.2375,1000.0
1,-0.525,1.275,1000.0
1,-0.525,1.3125,1000.0
1,-0.525,1.35,1000.0
1,-0.525,1.3875,1000.0
1,-0.525,1.425,1000.0
1,-0.525,1.4625,1000.0
1,-0.525,1.5,1000.0
1,-0.4875,-1.5,0.8766798564426481
1,-0.4875,-1.4625,0.8667172197282931
1,-0.4875,-1.425,0.8565268881354658
1,-0.4875,-1.3875,0.8461022916797928
1,-0.4875,-1.35,0.835436123241391
1,-0.4875,-1.3125,0.8245204546632824
1,-0.4875,-1.275,0.8133467748277292
1,-0.4875,-1.2375,0.8019059880305734
1,-0.4875,-1.2,0.7901883906497913
1,-0.4875,-1.1625,0.7781836348150164
1,-0.4875,-1.125,0.7658806835362301
1,-0.4875,-1.0875,0.7532677597570231
1,-0.4875,-1.05,0.740332290819934
1,-0.4875,-1.0125,0.7270608493173543
1,-0.4875,-0.975,0.7134390910101083
1,-0.4875,-0.9375,0.6994516903286038
1,-0.4875,-0.9,0.6850822738995981
1,-0.4875,-0.8625,0.6703133525703214
1,-0.4875,-0.825,0.6551262525550231
1,-0.4875,-0.7875,0.639501046643218
1,-0.4875,-0.75,0.6234164869339028
1,-0.4875,-0.7125,0.6068499413647841
1,-0.4875,-0.675,0.5897773374893391
1,-0.4875,-0.6375,0.5721731186629007
1,-0.4875,-0.6,0.5540102202483485
1,-0.4875,-0.5625,0.5352600769662862
1,-0.4875,-0.525,0.5158926775814667
1,-0.4875,-0.4875,0.49587669047666927
1,-0.4875,-0.45,0.4751796944513828
1,-0.4875,-0.4125,0.4537685650546087
1,-0.4875,-0.375,0.43161009068514655
1,-0.4875,-0.3375,0.4086719289878158
1,-0.4875,-0.3,0.38492406992144057
1,-0.4875,-0.2625,0.36034105917058
1,-0.4875,-0.225,0.3349053744454959
1,-0.4875,-0.1875,0.3086125725239124
1,-0.4875,-0.15,0.2814791986013873
1,-0.4875,-0.1125,0.2535550850380482
1,-0.4875,-0.075,0.2249427783484101
1,-0.4875,-0.0375,0.19582884202853412
1,-0.4875,0.0,0.16653554979096635
1,-0.4875,0.0375,0.13760885995665406
1,-0.4875,0.075,0.10997375820698686
1,-0.4875,0.1125,0.08522132104010535
1,-0.4875,0.15,0.06617023966206309
1,-0.4875,0.1875,0.05804800990180957
1,-0.4875,0.225,0.07122542482954103
1,-0.4875,0.2625,0.1284426787532687
1,-0.4875,0.3,0.2880620819583159
1,-0.4875,0.3375,0.7489044901919518
1,-0.4875,0.375,2.9800318567968587
1,-0.4875,0.4125,1000.0
1,-0.4875,0.45,1000.0
1,-0.4875,0.4875,1000.0
1,-0.4875,0.525,1000.0
1,-0.4875,0.5625,1000.0
1,-0.4875,0.6,1000.0
1,-0.4875,0.6375,1000.0
1,-0.4875,0.675,1000.0
1,-0.4875,0.7125,1000.0
1,-0.4875,0.75,1000.0
1,-0.4875,0.7875,1000.0
1,-0.4875,0.825,1000.0
1,-0.4875,0.8625,1000.0
1,-0.4875,0.9,1000.0
1,-0.4875,0.9375,1000.0
1,-0.4875,0.975,1000.0
1,-0.4875,1.0125,1000.0
1,-0.4875,1.05,1000.0
1,-0.4875,1.0875,1000.0
1,-0.4875,1.125,1000.0
1,-0.4875,1.1625,1000.0
1,-0.4875,1.2,1000.0
1,-0.4875,1.2375,1000.0
1,-0.4875,1.275,1000.0
1,-0.4875,1.3125,1000.0
1,-0.4875,1.35,1000.0
1,-0.4875,1.3875,1000.0
1,-0.4875,1.425,1000.0
1,-0.4875,1.4625,1000.0
1,-0.4875,1.5,1000.0
1,-0.45,-1.5,0.8557280770138147
1,-0.45,-1.4625,0.8456613016734528
1,-0.45,-1.425,0.8353666066821326
1,-0.45,-1.3875,0.824837356987177
1,-0.45,-1.35,0.8140662131489659
1,-0.45,-1.3125,0.8030452342847526
1,-0.45,-1.275,0.7917659106355113
1,-0.45,-1.2375,0.7802191601038484
1,-0.45,-1.2,0.7683953050094431
1,-0.45,-1.1625,0.7562840370061129
1,-0.45,-1.125,0.7438743742916168
1,-0.45,-1.0875,0.7311546134486377
1,-0.45,-1.05,0.7181122773783899
1,-0.45,-1.0125,0.7047340603352805
1,-0.45,-0.975,0.6910057708272731
1,-0.45,-0.9375,0.6769122730266742
1,-0.45,-0.9,0.6624374273179644
1,-0.45,-0.8625,0.6475640307032486
1,-0.45,-0.825,0.6322737580200342
1,-0.45,-0.7875,0.6165471053422045
1,-0.45,-0.75,0.6003633375903015
1,-0.45,-0.7125,0.5837004433511345
1,-0.45,-0.675,0.5665351013134421
1,-0.45,-0.6375,0.5488426647328637
1,-0.45,-0.6,0.5305971731930025
1,-0.45,-0.5625,0.5117714049983382
1,-0.45,-0.525,0.4923369893719775
1,-0.45,-0.4875,0.4722646060738177
1,-0.45,-0.45,0.4515243123828622
1,-0.45,-0.4125,0.43008605558427293
1,-0.45,-0.375,0.4079204562827318
1,-0.45,-0.3375,0.3849999890015268
1,-0.45,-0.3,0.3613007496993461
1,-0.45,-0.2625,0.3368050984228579
1,-0.45,-0.225,0.3115056219494986
1,-0.45,-0.1875,0.28541111518038104
1,-0.45,-0.15,0.2585557009765274
1,-0.45,-0.1125,0.2310129238743099
1,-0.45,-0.075,0.20291790560005893
1,-0.45,-0.0375,0.17450291505634283
1,-0.45,0.0,0.14615595797378306
1,-0.45,0.0375,0.11852033406335864
1,-0.45,0.075,0.0926703418625836
1,-0.45,0.1125,0.07043616524968828
1,-0.45,0.15,0.05504059125189822
1,-0.45,0.1875,0.05244311773780581
1,-0.45,0.225,0.07446967399332344
1,-0.45,0.2625,0.14716002210638346
1,-0.45,0.3,0.3380471634327736
1,-0.45,0.3375,0.8829139265675104
1,-0.45,0.375,3.7323004795246817
1,-0.45,0.4125,1000.0
1,-0.45,0.45,1000.0
1,-0.45,0.4875,1000.0
1,-0.45,0.525,1000.0
1,-0.45,0.5625,1000.0
1,-0.45,0.6,1000.0
1,-0.45,0.6375,1000.0
1,-0.45,0.675,1000.0
1,-0.45,0.7125,1000.0
1,-0.45,0.75,1000.0
1,-0.45,0.7875,1000.0
1,-0.45,0.825,1000.0
1,-0.45,0.8625,1000.0
1,-0.45,0.9,1000.0
1,-0.45,0.9375,1000.0
1,-0.45,0.975,1000.0
1,-0.45,1.0125,1000.0
1,-0.45,1.05,1000.0
1,-0.45,1.0875,1000.0
1,-0.45,1.125,1000.0
1,-0.45,1.1625,1000.0
1,-0.45,1.2,1000.0
1,-0.45,1.2375,1000.0
1,-0.45,1.275,1000.0
1,-0.45,1.3125,1000.0
1,-0.45,1.35,1000.0
1,-0.45,1.3875,1000.0
1,-0.45,1.425,1000.0
1,-0.45,1.4625,1000.0
1,-0.45,1.5,1000.0
1,-0.4125,-1.5,0.8348712048001182
1,-0.4125,-1.4625,0.8247065432698135
1,-0.4125,-1.425,0.8143139323148003
1,-0.4125,-1.3875,0.8036866908656076
1,-0.4125,-1.35,0.7928174649294151
1,-0.4125,-1.3125,0.7816983189200611
1,-0.4125,-1.275,0.770320763514587
1,-0.4125,-1.2375,0.7586757508449271
1,-0.4125,-1.2,0.746753651709645
1,-0.4125,-1.1625,0.7345442220699744
1,-0.4125,-1.125,0.7220365626739239
1,-0.4125,-1.0875,0.7092190740424604
1,-0.4125,-1.05,0.6960794082695495
1,-0.4125,-1.0125,0.6826044186944769
1,-0.4125,-0.975,0.6687801083097714
1,-0.4125,-0.9375,0.6545915776978193
1,-0.4125,-0.9,0.6400229733286744
1,-0.4125,-0.8625,0.625057437215387
1,-0.4125,-0.825,0.6096770592444862
1,-0.4125,-0.7875,0.5938628340253981
1,-0.4125,-0.75,0.5775946248988806
1,-0.4125,-0.7125,0.5608511389019267
1,-0.4125,-0.675,0.5436099181354552
1,-0.4125,-0.6375,0.5258473553118552
1,-0.4125,-0.6,0.5075387445526464
1,-0.4125,-0.5625,0.4886583831789499
1,-0.4125,-0.525,0.46917974691309455
1,-0.4125,-0.4875,0.44907577053084996
1,-0.4125,-0.45,0.4283192800101044
1,-0.4125,-0.4125,0.4068836428402392
1,-0.4125,-0.375,0.38474373388295696
1,-0.4125,-0.3375,0.3618773605867427
1,-0.4125,-0.3,0.33826736250992295
1,-0.4125,-0.2625,0.3139047109996585
1,-0.4125,-0.225,0.28879311088717463
1,-0.4125,-0.1875,0.2629558911848712
1,-0.4125,-0.15,0.23644644431121356
1,-0.4125,-0.1125,0.2093642769004857
1,-0.4125,-0.075,0.1818801419792645
1,-0.4125,-0.0375,0.15427626817079773
1,-0.4125,0.0,0.12701248853410402
1,-0.4125,0.0375,0.1008384810414659
1,-0.4125,0.075,0.0769918200346295
1,-0.4125,0.1125,0.05756449614547654
1,-0.4125,0.15,0.04622273637919399
1,-0.4125,0.1875,0.04973215638849908
1,-0.4125,0.225,0.0815300964189387
1,-0.4125,0.2625,0.17134324027286757
1,-0.4125,0.3,0.39711416859730053
1,-0.4125,0.3375,1.0380130715045286
1,-0.4125,0.375,4.737816289593313
1,-0.4125,0.4125,1000.0
1,-0.4125,0.45,1000.0
1,-0.4125,0.4875,1000.0
1,-0.4125,0.525,1000.0
1,-0.4125,0.5625,1000.0
1,-0.4125,0.6,1000.0
1,-0.4125,0.6375,1000.0
1,-0.4125,0.675,1000.0
1,-0.4125,0.7125,1000.0
1,-0.4125,0.75,1000.0
1,-0.4125,0.7875,1000.0
1,-0.4125,0.825,1000.0
1,-0.4125,0.8625,1000.0
1,-0.4125,0.9,1000.0
1,-0.4125,0.9375,1000.0
1,-0.4125,0.975,1000.0
1,-0.4125,1.0125,1000.0
1,-0.4125,1.05,1000.0
1,-0.4125,1.0875,1000.0
1,-0.4125,1.125,1000.0
1,-0.4125,1.1625,1000.0
1,-0.4125,1.2,1000.0
1,-0.4125,1.2375,1000.0
1,-0.4125,1.275,1000.0
1,-0.4125,1.3125,1000.0
1,-0.4125,1.35,1000.0
1,-0.4125,1.3875,1000.0
1,-0.4125,1.425,1000.0
1,-0.4125,1.4625,1000.0
1,-0.4125,1.5,1000.0
1,-0.375,-1.5,0.8141310892294482
1,-0.375,-1.4625,0.803875044480836
1,-0.375,-1.425,0.7933912245899787
1,-0.375,-1.3875,0.7826729217309965
1,-0.375,-1.35,0.7717127856409759
1,-0.375,-1.3125,0.7605029047435903
1,-0.375,-1.275,0.7490348300421104
1,-0.375,-1.2375,0.7372995694370891
1,-0.375,-1.2,0.7252875657607672
1,-0.375,-1.1625,0.7129886651878355
1,-0.375,-1.125,0.7003920796157719
1,-0.375,-1.0875,0.6874863451659624
1,-0.375,-1.05,0.6742592782639987
1,-0.375,-1.0125,0.6606979304228836
1,-0.375,-0.975,0.6467885427077505
1,-0.375,-0.9375,0.632516500842924
1,-0.375,-0.9,0.6178662920227527
1,-0.375,-0.8625,0.6028214647265113
1,-0.375,-0.825,0.5873645932525471
1,-0.375,-0.7875,0.5714772493316488
1,-0.375,-0.75,0.5551399841282455
1,-0.375,-0.7125,0.5383323252939479
1,-0.375,-0.675,0.521032795649252
1,-0.375,-0.6375,0.5032189627515998
1,-0.375,-0.6,0.4848675323781763
1,-0.375,-0.5625,0.4659545042792314
1,-0.375,-0.525,0.4464554161431539
1,-0.375,-0.4875,0.4263457126150194
1,-0.375,-0.45,0.4056012920381988
1,-0.375,-0.4125,0.38419930683608416
1,-0.375,-0.375,0.3621193280275869
1,-0.375,-0.3375,0.3393450365100627
1,-0.375,-0.3,0.3158666835686827
1,-0.375,-0.2625,0.29168468734525566
1,-0.375,-0.225,0.26681492909736704
1,-0.375,-0.1875,0.24129663220592507
1,-0.375,-0.15,0.21520423569521943
1,-0.375,-0.1125,0.18866557339768808
1,-0.375,-0.075,0.16189024526390286
1,-0.375,-0.0375,0.13521492115379224
1,-0.375,0.0,0.10917769115219192
1,-0.375,0.0375,0.0846441603284101
1,-0.375,0.075,0.06302996437332448
1,-0.375,0.1125,0.046713003718599544
1,-0.375,0.15,0.03984487616155385
1,-0.375,0.1875,0.05007670580474767
1,-0.375,0.225,0.09262588002958846
1,-0.375,0.2625,0.20132881689142362
1,-0.375,0.3,0.4659171545690618
1,-0.375,0.3375,1.216425393296282
1,-0.375,0.375,6.159058473975908
1,-0.375,0.4125,1000.0
1,-0.375,0.45,1000.0
1,-0.375,0.4875,1000.0
1,-0.375,0.525,1000.0
1,-0.375,0.5625,1000.0
1,-0.375,0.6,1000.0
1,-0.375,0.6375,1000.0
1,-0.375,0.675,1000.0
1,-0.375,0.7125,1000.0
1,-0.375,0.75,1000.0
1,-0.375,0.7875,1000.0
1,-0.375,0.825,1000.0
1,-0.375,0.8625,1000.0
1,-0.375,0.9,1000.0
1,-0.375,0.9375,1000.0
1,-0.375,0.975,1000.0
1,-0.375,1.0125,1000.0
1,-0.375,1.05,1000.0
1,-0.375,1.0875,1000.0
1,-0.375,1.125,1000.0
1,-0.375,1.1625,1000.0
1,-0.375,1.2,1000.0
1,-0.375,1.2375,1000.0
1,-0.375,1.275,1000.0
1,-0.375,1.3125,1000.0
1,-0.375,1.35,1000.0
1,-0.375,1.3875,1000.0
1,-0.375,1.425,1000.0
1,-0.375,1.4625,1000.0
1,-0.375,1.5,1000.0
1,-0.3375,-1.5,0.7935295999323235
1,-0.3375,-1.4625,0.7831889132779345
1,-0.3375,-1.425,0.7726208386158796
1,-0.3375,-1.3875,0.7618186608646965
1,-0.3375,-1.35,0.7507750522968595
1,-0.3375,-1.3125,0.7394821447442947
1,-0.3375,-1.275,0.7279315502279475
1,-0.3375,-1.2375,0.7161143548578719
1,-0.3375,-1.2,0.7040210980545134
1,-0.3375,-1.1625,0.691641743214592
1,-0.3375,-1.125,0.6789656431984784
1,-0.3375,-1.0875,0.6659815027283049
1,-0.3375,-1.05,0.6526773391779748
1,-0.3375,-1.0125,0.6390404429597313
1,-0.3375,-0.975,0.6250573386183521
1,-0.3375,-0.9375,0.6107137477814952
1,-0.3375,-0.9,0.5959945552806308
1,-0.3375,-0.8625,0.5808837800760654
1,-0.3375,-0.825,0.565364553134958
1,-0.3375,-0.7875,0.5494191051836053
1,-0.3375,-0.75,0.5330287683681415
1,-0.3375,-0.7125,0.5161739974280766
1,-0.3375,-0.675,0.49883441818210467
1,-0.3375,-0.6375,0.4809889141883836
1,-0.3375,-0.6,0.4626157667279168
1,-0.3375,-0.5625,0.4436928692960351
1,-0.3375,-0.525,0.4241980463574206
1,-0.3375,-0.4875,0.4041095184056576
1,-0.3375,-0.45,0.3834065731686124
1,-0.3375,-0.4125,0.36207052889567176
1,-0.3375,-0.375,0.34008611441034015
1,-0.3375,-0.3375,0.3174434489597125
1,-0.3375,-0.3,0.29414089412052796
1,-0.3375,-0.2625,0.27018918881237725
1,-0.3375,-0.225,0.24561749845658135
1,-0.3375,-0.1875,0.22048236539199986
1,-0.3375,-0.15,0.1948811376665952
1,-0.3375,-0.1125,0.16897245706893224
1,-0.3375,-0.075,0.14300814658644864
1,-0.3375,-0.0375,0.11738402785004606
1,-0.3375,0.0,0.0927232154877169
1,-0.3375,0.0375,0.07001730906053893
1,-0.3375,0.075,0.05087562689810877
1,-0.3375,0.1125,0.03798751375840053
1,-0.3375,0.15,0.0360345197639486
1,-0.3375,0.1875,0.053638109526003404
1,-0.3375,0.225,0.10797722828135194
1,-0.3375,0.2625,0.23745833193849653
1,-0.3375,0.3,0.5451342363651326
1,-0.3375,0.3375,1.4205936071307679
1,-0.3375,0.375,8.415504714725655
1,-0.3375,0.4125,1000.0
1,-0.3375,0.45,1000.0
1,-0.3375,0.4875,1000.0
1,-0.3375,0.525,1000.0
1,-0.3375,0.5625,1000.0
1,-0.3375,0.6,1000.0
1,-0.3375,0.6375,1000.0
1,-0.3375,0.675,1000.0
1,-0.3375,0.7125,1000.0
1,-0.3375,0.75,1000.0
1,-0.3375,0.7875,1000.0
1,-0.3375,0.825,1000.0
1,-0.3375,0.8625,1000.0
1,-0.3375,0.9,1000.0
1,-0.3375,0.9375,1000.0
1,-0.3375,0.975,1000.0
1,-0.3375,1.0125,1000.0
1,-0.3375,1.05,1000.0
1,-0.3375,1.0875,1000.0
1,-0.3375,1.125,1000.0
1,-0.3375,1.1625,1000.0
1,-0.3375,1.2,1000.0
1,-0.3375,1.2375,1000.0
1,-0.3375,1.275,1000.0
1,-0.3375,1.3125,1000.0
1,-0.3375,1.35,1000.0
1,-0.3375,1.3875,1000.0
1,-0.3375,1.425,1000.0
1,-0.3375,1.4625,1000.0
1,-0.3375,1.5,1000.0
1,-0.3,-1.5,0.7730885385540655
1,-0.3,-1.4625,0.7626701762752462
1,-0.3,-1.425,0.7520250344844168
1,-0.3,-1.3875,0.7411464106103169
1,-0.3,-1.35,0.730027018789602
1,-0.3,-1.3125,0.7186590543361914
1,-0.3,-1.275,0.707034211765838
1,-0.3,-1.2375,0.6951436787212212
1,-0.3,-1.2,0.6829781167428987
1,-0.3,-1.1625,0.6705276345355969
1,-0.3,-1.125,0.6577817569224156
1,-0.3,-1.0875,0.6447293915342421
1,-0.3,-1.05,0.6313587947544814
1,-0.3,-1.0125,0.6176575382206133
1,-0.3,-0.975,0.6036124771437289
1,-0.3,-0.9375,0.5892097218030251
1,-0.3,-0.9,0.5744346138075661
1,-0.3,-0.8625,0.5592717091224715
1,-0.3,-0.825,0.5437047704797331
1,-0.3,-0.7875,0.5277167727032558
1,-0.3,-0.75,0.5112899257672447
1,-0.3,-0.7125,0.4944057222083069
1,-0.3,-0.675,0.47704501801265636
1,-0.3,-0.6375,0.45918815957305403
1,-0.3,-0.6,0.4408151741539648
1,-0.3,-0.5625,0.4219060481053136
1,-0.3,-0.525,0.40244112669944043
1,-0.3,-0.4875,0.38240168324743373
1,-0.3,-0.45,0.36177072508207186
1,-0.3,-0.4125,0.3405341331657937
1,-0.3,-0.375,0.3186822753374852
1,-0.3,-0.3375,0.2962122982720792
1,-0.3,-0.3,0.2731314026264921
1,-0.3,-0.2625,0.24946156034899125
1,-0.3,-0.225,0.2252463779106507
1,-0.3,-0.1875,0.20056120534318128
1,-0.3,-0.15,0.17552824739395598
1,-0.3,-0.1125,0.1503395502727205
1,-0.3,-0.075,0.1252926969782502
1,-0.3,-0.0375,0.10084760147497293
1,-0.3,0.0,0.07771951055018085
1,-0.3,0.0375,0.057036609090860724
1,-0.3,0.075,0.04061836558155931
1,-0.3,0.1125,0.03149255854063978
1,-0.3,0.15,0.03491797906503182
1,-0.3,0.1875,0.06057685796788478
1,-0.3,0.225,0.1278045702847128
1,-0.3,0.2625,0.2800774104154009
1,-0.3,0.3,0.6354666595564593
1,-0.3,0.3375,1.653202300337778
1,-0.3,0.375,13.404614321043448
1,-0.3,0.4125,1000.0
1,-0.3,0.45,1000.0
1,-0.3,0.4875,1000.0
1,-0.3,0.525,1000.0
1,-0.3,0.5625,1000.0
1,-0.3,0.6,1000.0
1,-0.3,0.6375,1000.0
1,-0.3,0.675,1000.0
1,-0.3,0.7125,1000.0
1,-0.3,0.75,1000.0
1,-0.3,0.7875,1000.0
1,-0.3,0.825,1000.0
1,-0.3,0.8625,1000.0
1,-0.3,0.9,1000.0
1,-0.3,0.9375,1000.0
1,-0.3,0.975,1000.0
1,-0.3,1.0125,1000.0
1,-0.3,1.05,1000.0
1,-0.3,1.0875,1000.0
1,-0.3,1.125,1000.0
1,-0.3,1.1625,1000.0
1,-0.3,1.2,1000.0
1,-0.3,1.2375,1000.0
1,-0.3,1.275,1000.0
1,-0.3,1.3125,1000.0
1,-0.3,1.35,1000.0
1,-0.3,1.3875,1000.0
1,-0.3,1.425,1000.0
1,-0.3,1.4625,1000.0
1,-0.3,1.5,1000.0
1,-0.2625,-1.5,0.7528295475605824
1,-0.2625,-1.4625,0.7423406864143635
1,-0.2625,-1.425,0.7316258838085523
1,-0.2625,-1.3875,0.720678469730616
1,-0.2625,-1.35,0.7094912200297322
1,-0.2625,-1.3125,0.6980564142368959
1,-0.2625,-1.275,0.6863658516058595
1,-0.2625,-1.2375,0.6744108454937082
1,-0.2625,-1.2,0.6621822060434936
1,-0.2625,-1.1625,0.6496702164013355
1,-0.2625,-1.125,0.6368646055062018
1,-0.2625,-1.0875,0.623754519477122
1,-0.2625,-1.05,0.6103284931730328
1,-0.2625,-1.0125,0.5965744233398208
1,-0.2625,-0.975,0.5824795447740092
1,-0.2625,-0.9375,0.5680304110898509
1,-0.2625,-0.9,0.5532128819858441
1,-0.2625,-0.8625,0.5380121194030106
1,-0.2625,-0.825,0.5224125957054713
1,-0.2625,-0.7875,0.5063981180700907
1,-0.2625,-0.75,0.48995187475117447
1,-0.2625,-0.7125,0.47305651093574325
1,-0.2625,-0.675,0.45569424473521564
1,-0.2625,-0.6375,0.43784703777460043
1,-0.2625,-0.6,0.41949684028449974
1,-0.2625,-0.5625,0.4006259382278831
1,-0.2625,-0.525,0.3812174407740142
1,-0.2625,-0.4875,0.3612559618256068
1,-0.2625,-0.45,0.34072857153290376
1,-0.2625,-0.4125,0.31962612621617426
1,-0.2625,-0.375,0.29794513323473487
1,-0.2625,-0.3375,0.27569037964208826
1,-0.2625,-0.3,0.2528786638446467
1,-0.2625,-0.2625,0.229544140954718
1,-0.2625,-0.225,0.2057460641063443
1,-0.2625,-0.1875,0.18158014345417622
1,-0.2625,-0.15,0.15719547292352787
1,-0.2625,-0.1125,0.1328202149108262
1,-0.2625,-0.075,0.10880141001655501
1,-0.2625,-0.0375,0.08566823527980398
1,-0.2625,0.0,0.06423551840819136
1,-0.2625,0.0375,0.045779146932115676
1,-0.2625,0.075,0.03234606084878322
1,-0.2625,0.1125,0.027330935463140863
1,-0.2625,0.15,0.03661984660699733
1,-0.2625,0.1875,0.07105194686115975
1,-0.2625,0.225,0.15232772929068883
1,-0.2625,0.2625,0.32953458543873637
1,-0.2625,0.3,0.7376376549075928
1,-0.2625,0.3375,1.9172031839278463
1,-0.2625,0.375,54.3080484685829
1,-0.2625,0.4125,1000.0
1,-0.2625,0.45,1000.0
1,-0.2625,0.4875,1000.0
1,-0.2625,0.525,1000.0
1,-0.2625,0.5625,1000.0
1,-0.2625,0.6,1000.0
1,-0.2625,0.6375,1000.0
1,-0.2625,0.675,1000.0
1,-0.2625,0.7125,1000.0
1,-0.2625,0.75,1000.0
1,-0.2625,0.7875,1000.0
1,-0.2625,0.825,1000.0
1,-0.2625,0.8625,1000.0
1,-0.2625,0.9,1000.0
1,-0.2625,0.9375,1000.0
1,-0.2625,0.975,1000.0
1,-0.2625,1.0125,1000.0
1,-0.2625,1.05,1000.0
1,-0.2625,1.0875,1000.0
1,-0.2625,1.125,1000.0
1,-0.2625,1.1625,1000.0
1,-0.2625,1.2,1000.0
1,-0.2625,1.2375,1000.0
1,-0.2625,1.275,1000.0
1,-0.2625,1.3125,1000.0
1,-0.2625,1.35,1000.0
1,-0.2625,1.3875,1000.0
1,-0.2625,1.425,1000.0
1,-0.2625,1.4625,1000.0
1,-0.2625,1.5,1000.0
1,-0.225,-1.5,0.7327740166996307
1,-0.225,-1.4625,0.7222220283715992
1,-0.225,-1.425,0.7114451740484008
1,-0.225,-1.3875,0.7004368366189448
1,-0.225,-1.35,0.6891898740044461
1,-0.225,-1.3125,0.6776966713313669
1,-0.225,-1.275,0.6659491555770064
1,-0.225,-1.2375,0.6539387908254646
1,-0.225,-1.2,0.6416565632237169
1,-0.225,-1.1625,0.6290929605051796
1,-0.225,-1.125,0.6162379489927001
1,-0.225,-1.0875,0.6030809501020784
1,-0.225,-1.05,0.5896108179925535
1,-0.225,-1.0125,0.5758158199084008
1,-0.225,-0.975,0.5616836208280385
1,-0.225,-0.9375,0.5472012742592651
1,-0.225,-0.9,0.5323552214070052
1,-0.225,-0.8625,0.5171313015336896
1,-0.225,-0.825,0.5015147771936267
1,-0.225,-0.7875,0.4854903792359938
1,-0.225,-0.75,0.4690423781535647
1,-0.225,-0.7125,0.4521546906702012
1,-0.225,-0.675,0.43481103364404183
1,-0.225,-0.6375,0.41699514175345825
1,-0.225,-0.6,0.3986910715222402
1,-0.225,-0.5625,0.3798836227536913
1,-0.225,-0.525,0.3605589204559414
1,-0.225,-0.4875,0.340705217467909
1,-0.225,-0.45,0.32031400269277827
1,-0.225,-0.4125,0.29938153590135214
1,-0.225,-0.375,0.2779109834153023
1,-0.225,-0.3375,0.25591540907698906
1,-0.225,-0.3,0.2334219971145113
1,-0.225,-0.2625,0.21047807327175283
1,-0.225,-0.225,0.1871597910500549
1,-0.225,-0.1875,0.16358483612566402
1,-0.225,-0.15,0.1399313080667294
1,-0.225,-0.1125,0.11646631163472063
1,-0.225,-0.075,0.09359020233861458
1,-0.225,-0.0375,0.07190682045086379
1,-0.225,0.0,0.0523383642413865
1,-0.225,0.0375,0.03632006877270631
1,-0.225,0.075,0.026144525305053117
1,-0.225,0.1125,0.025603256138756143
1,-0.225,0.15,0.04126245959233337
1,-0.225,0.1875,0.08522021396585375
1,-0.225,0.225,0.18176505316461142
1,-0.225,0.2625,0.38618007915706265
1,-0.225,0.3,0.8523910653697211
1,-0.225,0.3375,2.215843329054102
1,-0.225,0.375,5186.221560651625
1,-0.225,0.4125,1000.0
1,-0.225,0.45,1000.0
1,-0.225,0.4875,1000.0
1,-0.225,0.525,1000.0
1,-0.225,0.5625,1000.0
1,-0.225,0.6,1000.0
1,-0.225,0.6375,1000.0
1,-0.225,0.675,1000.0
1,-0.225,0.7125,1000.0
1,-0.225,0.75,1000.0
1,-0.225,0.7875,1000.0
1,-0.225,0.825,1000.0
1,-0.225,0.8625,1000.0
1,-0.225,0.9,1000.0
1,-0.225,0.9375,1000.0
1,-0.225,0.975,1000.0
1,-0.225,1.0125,1000.0
1,-0.225,1.05,1000.0
1,-0.225,1.0875,1000.0
1,-0.225,1.125,1000.0
1,-0.225,1.1625,1000.0
1,-0.225,1.2,1000.0
1,-0.225,1.2375,1000.0
1,-0.225,1.275,1000.0
1,-0.225,1.3125,1000.0
1,-0.225,1.35,1000.0
1,-0.225,1.3875,1000.0
1,-0.225,1.425,1000.0
1,-0.225,1.4625,1000.0
1,-0.225,1.5,1000.0
1,-0.1875,-1.5,0.7129429878567113
1,-0.1875,-1.4625,0.7023354224372985
1,-0.1875,-1.425,0.6915043113861994
1,-0.1875,-1.3875,0.6804431111360785
1,-0.1875,-1.35,0.6691447825380499
1,-0.1875,-1.3125,0.6576018383136879
1,-0.1875,-1.275,0.6458063568640177
1,-0.1875,-1.2375,0.6337499788115416
1,-0.1875,-1.2,0.6214238945917024
1,-0.1875,-1.1625,0.6088188276438505
1,-0.1875,-1.125,0.5959250160138471
1,-0.1875,-1.0875,0.5827321944041806
1,-0.1875,-1.05,0.5692295784054022
1,-0.1875,-1.0125,0.5554058525994693
1,-0.1875,-0.975,0.5412491643574906
1,-0.1875,-0.9375,0.5267471254450847
1,-0.1875,-0.9,0.5118868240195272
1,-0.1875,-0.8625,0.49665485030040185
1,-0.1875,-0.825,0.4810373401876862
1,-0.1875,-0.7875,0.4650200424823253
1,-0.1875,-0.75,0.4485884172641197
1,-0.1875,-0.7125,0.43172777558294595
1,-0.1875,-0.675,0.41442347418203523
1,-0.1875,-0.6375,0.39666118387128574
1,-0.1875,-0.6,0.3784272569498629
1,-0.1875,-0.5625,0.35970922854139487
1,-0.1875,-0.525,0.34049650003958215
1,-0.1875,-0.4875,0.32078127184899535
1,-0.1875,-0.45,0.30055981995372666
1,-0.1875,-0.4125,0.27983425073182433
1,-0.1875,-0.375,0.2586149273981729
1,-0.1875,-0.3375,0.23692384992914195
1,-0.1875,-0.3,0.2147994052327712
1,-0.1875,-0.2625,0.19230311375699938
1,-0.1875,-0.225,0.1695293303069269
1,-0.1875,-0.1875,0.14661939343308564
1,-0.1875,-0.15,0.12378260760361809
1,-0.1875,-0.1125,0.10132795914437753
1,-0.1875,-0.075,0.07971313390900782
1,-0.1875,-0.0375,0.059622263257531616
1,-0.1875,0.0,0.04209304489631621
1,-0.1875,0.0375,0.028732232895098405
1,-0.1875,0.075,0.02209710921649465
1,-0.1875,0.1125,0.026407488704035337
1,-0.1875,0.15,0.04896535298550325
1,-0.1875,0.1875,0.10323565754870574
1,-0.1875,0.225,0.21633251098902753
1,-0.1875,0.2625,0.45036450590712807
1,-0.1875,0.3,0.9804897374778179
1,-0.1875,0.3375,2.552696805283098
1,-0.1875,0.375,1000.0
1,-0.1875,0.4125,1000.0
1,-0.1875,0.45,1000.0
1,-0.1875,0.4875,1000.0
1,-0.1875,0.525,1000.0
1,-0.1875,0.5625,1000.0
1,-0.1875,0.6,1000.0
1,-0.1875,0.6375,1000.0
1,-0.1875,0.675,1000.0
1,-0.1875,0.7125,1000.0
1,-0.1875,0.75,1000.0
1,-0.1875,0.7875,1000.0
1,-0.1875,0.825,1000.0
1,-0.1875,0.8625,1000.0
1,-0.1875,0.9,1000.0
1,-0.1875,0.9375,1000.0
1,-0.1875,0.975,1000.0
1,-0.1875,1.0125,1000.0
1,-0.1875,1.05,1000.0
1,-0.1875,1.0875,1000.0
1,-0.1875,1.125,1000.0
1,-0.1875,1.1625,1000.0
1,-0.1875,1.2,1000.0
1,-0.1875,1.2375,1000.0
1,-0.1875,1.275,1000.0
1,-0.1875,1.3125,1000.0
1,-0.1875,1.35,1000.0
1,-0.1875,1.3875,1000.0
1,-0.1875,1.425,1000.0
1,-0.1875,1.4625,1000.0
1,-0.1875,1.5,1000.0
1,-0.15,-1.5,0.6933570591179306
1,-0.15,-1.4625,0.6827016276894454
1,-0.15,-1.425,0.6718242229824598
1,-0.15,-1.3875,0.6607183959150343
1,-0.15,-1.35,0.6493772316072266
1,-0.15,-1.3125,0.6377933929706037
1,-0.15,-1.275,0.6259591342130366
1,-0.15,-1.2375,0.613866299069378
1,-0.15,-1.2,0.601506311390777
1,-0.15,-1.1625,0.5888701623692678
1,-0.15,-1.125,0.575948397134975
1,-0.15,-1.0875,0.5627311027945379
1,-0.15,-1.05,0.549207899748182
1,-0.15,-1.0125,0.5353679381395929
1,-0.15,-0.975,0.5211999014868058
1,-0.15,-0.9375,0.506692019905251
1,-0.15,-0.9,0.4918320958932727
1,-0.15,-0.8625,0.47660754645811676
1,-0.15,-0.825,0.46100546649217616
1,-0.15,-0.7875,0.4450127198691577
1,-0.15,-0.75,0.4286160668616842
1,-0.15,-0.7125,0.4118023393877839
1,-0.15,-0.675,0.39455867956151885
1,-0.15,-0.6375,0.37687286246688434
1,-0.15,-0.6,0.3587337315957437
1,-0.15,-0.5625,0.3401317858723334
1,-0.15,-0.525,0.32105997193642166
1,-0.15,-0.4875,0.3015147563354688
1,-0.15,-0.45,0.28149758246251805
1,-0.15,-0.4125,0.261016861064396
1,-0.15,-0.375,0.24009070812888753
1,-0.15,-0.3375,0.2187507414077532
1,-0.15,-0.3,0.19704739537418506
1,-0.15,-0.2625,0.17505744495065687
1,-0.15,-0.225,0.15289479332584135
1,-0.15,-0.1875,0.13072616991888075
1,-0.15,-0.15,0.10879436456109394
1,-0.15,-0.1125,0.08745329544569223
1,-0.15,-0.075,0.0672221500306739
1,-0.15,-0.0375,0.048871203583354526
1,-0.15,0.0,0.03356211824765413
1,-0.15,0.0375,0.023085861991961262
1,-0.15,0.075,0.020284304466212214
1,-0.15,0.1125,0.02983849633879716
1,-0.15,0.15,0.05984470506347501
1,-0.15,0.1875,0.12524874046870582
1,-0.15,0.225,0.2562427604433235
1,-0.15,0.2625,0.5224375030133581
1,-0.15,0.3,1.1227136711694443
1,-0.15,0.3375,2.9317002069268314
1,-0.15,0.375,1000.0
1,-0.15,0.4125,1000.0
1,-0.15,0.45,1000.0
1,-0.15,0.4875,1000.0
1,-0.15,0.525,1000.0
1,-0.15,0.5625,1000.0
1,-0.15,0.6,1000.0
1,-0.15,0.6375,1000.0
1,-0.15,0.675,1000.0
1,-0.15,0.7125,1000.0
1,-0.15,0.75,1000.0
1,-0.15,0.7875,1000.0
1,-0.15,0.825,1000.0
1,-0.15,0.8625,1000.0
1,-0.15,0.9,1000.0
1,-0.15,0.9375,1000.0
1,-0.15,0.975,1000.0
1,-0.15,1.0125,1000.0
1,-0.15,1.05,1000.0
1,-0.15,1.0875,1000.0
1,-0.15,1.125,1000.0
1,-0.15,1.1625,1000.0
1,-0.15,1.2,1000.0
1,-0.15,1.2375,1000.0
1,-0.15,1.275,1000.0
1,-0.15,1.3125,1000.0
1,-0.15,1.35,1000.0
1,-0.15,1.3875,1000.0
1,-0.15,1.425,1000.0
1,-0.15,1.4625,1000.0
1,-0.15,1.5,1000.0
1,-0.1125,-1.5,0.6740362889193684
1,-0.1125,-1.4625,0.6633408453504166
1,-0.1125,-1.425,0.6524252595117049
1,-0.1125,-1.3875,0.6412831980419625
1,-0.1125,-1.35,0.6299078921290672
1,-0.1125,-1.3125,0.6182921780348275
1,-0.1125,-1.275,0.6064285108044202
1,-0.1125,-1.2375,0.5943089645812124
1,-0.1125,-1.2,0.5819252265571797
1,-0.1125,-1.1625,0.569268588602519
1,-0.1125,-1.125,0.556329939260749
1,-0.1125,-1.0875,0.5430997582282193
1,-0.1125,-1.05,0.5295681152753634
1,-0.1125,-1.0125,0.5157246756448334
1,-0.1125,-0.975,0.5015587142205502
1,-0.1125,-0.9375,0.487059141200681
1,-0.1125,-0.9,0.47221454266008916
1,-0.1125,-0.8625,0.45701324031233154
1,-0.1125,-0.825,0.44144337606132716
1,-0.1125,-0.7875,0.42549302868297306
1,-0.1125,-0.75,0.4091503723560592
1,-0.1125,-0.7125,0.3924038899927835
1,-0.1125,-0.675,0.37524265871926565
1,-0.1125,-0.6375,0.35765673088177935
1,-0.1125,-0.6,0.33963764226666765
1,-0.1125,-0.5625,0.3211790907907128
1,-0.1125,-0.525,0.302277845179987
1,-0.1125,-0.4875,0.2829349662612128
1,-0.1125,-0.45,0.2631574567098287
1,-0.1125,-0.4125,0.24296050347284254
1,-0.1125,-0.375,0.2223705485063275
1,-0.1125,-0.3375,0.20142953052107632
1,-0.1125,-0.3,0.18020080356398158
1,-0.1125,-0.2625,0.15877749141044087
1,-0.1125,-0.225,0.13729443753205
1,-0.1125,-0.1875,0.1159455592342578
1,-0.1125,-0.15,0.09500949139026162
1,-0.1125,-0.1125,0.0748882430059938
1,-0.1125,-0.075,0.05616682717419275
1,-0.1125,-0.0375,0.03970773707358653
1,-0.1125,0.0,0.02680539578473566
1,-0.1125,0.0375,0.019448198019995495
1,-0.1125,0.075,0.02078334988637228
1,-0.1125,0.1125,0.035987575211878786
1,-0.1125,0.15,0.07401277903143749
1,-0.1125,0.1875,0.15140568405990026
1,-0.1125,0.225,0.30170419109664154
1,-0.1125,0.2625,0.6027462956109826
1,-0.1125,0.3,1.279857924284594
1,-0.1125,0.3375,3.3571926366098763
1,-0.1125,0.375,1000.0
1,-0.1125,0.4125,1000.0
1,-0.1125,0.45,1000.0
1,-0.1125,0.4875,1000.0
1,-0.1125,0.525,1000.0
1,-0.1125,0.5625,1000.0
1,-0.1125,0.6,1000.0
1,-0.1125,0.6375,1000.0
1,-0.1125,0.675,1000.0
1,-0.1125,0.7125,1000.0
1,-0.1125,0.75,1000.0
1,-0.1125,0.7875,1000.0
1,-0.1125,0.825,1000.0
1,-0.1125,0.8625,1000.0
1,-0.1125,0.9,1000.0
1,-0.1125,0.9375,1000.0
1,-0.1125,0.975,1000.0
1,-0.1125,1.0125,1000.0
1,-0.1125,1.05,1000.0
1,-0.1125,1.0875,1000.0
1,-0.1125,1.125,1000.0
1,-0.1125,1.1625,1000.0
1,-0.1125,1.2,1000.0
1,-0.1125,1.2375,1000.0
1,-0.1125,1.275,1000.0
1,-0.1125,1.3125,1000.0
1,-0.1125,1.35,1000.0
1,-0.1125,1.3875,1000.0
1,-0.1125,1.425,1000.0
1,-0.1125,1.4625,1000.0
1,-0.1125,1.5,1000.0
1,-0.075,-1.5,0.6550001012216625
1,-0.075,-1.4625,0.6442726232742393
1,-0.075,-1.425,0.6333270989339255
1,-0.075,-1.3875,0.6221573320782422
1,-0.075,-1.35,0.6107567221962036
1,-0.075,-1.3125,0.5991183025918475
1,-0.075,-1.275,0.5872347547860323
1,-0.075,-1.2375,0.5750984113046604
1,-0.075,-1.2,0.5627012533543921
1,-0.075,-1.1625,0.5500349072337255
1,-0.075,-1.125,0.5370906421372587
1,-0.075,-1.0875,0.5238593715396553
1,-0.075,-1.05,0.5103316602528734
1,-0.075,-1.0125,0.4964977393905257
1,-0.075,-0.975,0.48234753179971374
1,-0.075,-0.9375,0.4678706910397657
1,-0.075,-0.9,0.4530566577384961
1,-0.075,-0.8625,0.4378947382048888
1,-0.075,-0.825,0.42237421161442873
1,-0.075,-0.7875,0.4064844740356076
1,-0.075,-0.75,0.39021523020809723
1,-0.075,-0.7125,0.37355674756002555
1,-0.075,-0.675,0.35650019181227555
1,-0.075,-0.6375,0.33903807016256526
1,-0.075,-0.6,0.32116481719692574
1,-0.075,-0.5625,0.30287757140375193
1,-0.075,-0.525,0.28417720803860574
1,-0.075,-0.4875,0.26506971946306657
1,-0.075,-0.45,0.24556807053715268
1,-0.075,-0.4125,0.22569470969878597
1,-0.075,-0.375,0.2054849946572064
1,-0.075,-0.3375,0.18499190893843223
1,-0.075,-0.3,0.16429262424583663
1,-0.075,-0.2625,0.14349774091889284
1,-0.075,-0.225,0.12276447786876972
1,-0.075,-0.1875,0.10231579439846875
1,-0.075,-0.15,0.08246860691317749
1,-0.075,-0.1125,0.06367627979912255
1,-0.075,-0.075,0.04659412476105853
1,-0.075,-0.0375,0.032183143206997764
1,-0.075,0.0,0.021879640936815825
1,-0.075,0.0375,0.01788316235060243
1,-0.075,0.075,0.023667841020336915
1,-0.075,0.1125,0.04494199526621458
1,-0.075,0.15,0.09157736457371767
1,-0.075,0.1875,0.1818477563285361
1,-0.075,0.225,0.35291994921768305
1,-0.075,0.2625,0.6916342028224275
1,-0.075,0.3,1.4527302705068705
1,-0.075,0.3375,3.8339608147787048
1,-0.075,0.375,1000.0
1,-0.075,0.4125,1000.0
1,-0.075,0.45,1000.0
1,-0.075,0.4875,1000.0
1,-0.075,0.525,1000.0
1,-0.075,0.5625,1000.0
1,-0.075,0.6,1000.0
1,-0.075,0.6375,1000.0
1,-0.075,0.675,1000.0
1,-0.075,0.7125,1000.0
1,-0.075,0.75,1000.0
1,-0.075,0.7875,1000.0
1,-0.075,0.825,1000.0
1,-0.075,0.8625,1000.0
1,-0.075,0.9,1000.0
1,-0.075,0.9375,1000.0
1,-0.075,0.975,1000.0
1,-0.075,1.0125,1000.0
1,-0.075,1.05,1000.0
1,-0.075,1.0875,1000.0
1,-0.075,1.125,1000.0
1,-0.075,1.1625,1000.0
1,-0.075,1.2,1000.0
1,-0.075,1.2375,1000.0
1,-0.075,1.275,1000.0
1,-0.075,1.3125,1000.0
1,-0.075,1.35,1000.0
1,-0.075,1.3875,1000.0
1,-0.075,1.425,1000.0
1,-0.075,1.4625,1000.0
1,-0.075,1.5,1000.0
1,-0.0375,-1.5,0.6362671926975841
1,-0.0375,-1.4625,0.625515762559889
1,-0.0375,-1.425,0.6145486525053159
1,-0.0375,-1.3875,0.6033598254355392
1,-0.0375,-1.35,0.5919428717792068
1,-0.0375,-1.3125,0.5802910460690189
1,-0.0375,-1.275,0.5683972825046796
1,-0.0375,-1.2375,0.5562542005982234
1,-0.0375,-1.2,0.5438541069402428
1,-0.0375,-1.1625,0.531188996773703
1,-0.0375,-1.125,0.5182505580262168
1,-0.0375,-1.0875,0.505030180071866
1,-0.0375,-1.05,0.4915189694688063
1,-0.0375,-1.0125,0.47770777512319396
1,-0.0375,-0.975,0.4635872257270342
1,-0.0375,-0.9375,0.4491477829208824
1,-0.0375,-0.9,0.43437981448763296
1,-0.0375,-0.8625,0.4192736930628273
1,-0.0375,-0.825,0.4038199274507638
1,-0.0375,-0.7875,0.3880093358023848
1,-0.0375,-0.75,0.37183327283199663
1,-0.0375,-0.7125,0.3552839271943508
1,-0.0375,-0.675,0.33835471049357707
1,-0.0375,-0.6375,0.32104076669901943
1,-0.0375,-0.6,0.30333964079421455
1,-0.0375,-0.5625,0.2852521594455736
1,-0.0375,-0.525,0.26678359606548174
1,-0.0375,-0.4875,0.24794522043478578
1,-0.0375,-0.45,0.22875637295119422
1,-0.0375,-0.4125,0.20924726160830506
1,-0.0375,-0.375,0.18946276542442997
1,-0.0375,-0.3375,0.16946765628478788
1,-0.0375,-0.3,0.14935384651201314
1,-0.0375,-0.2625,0.12925057259314818
1,-0.0375,-0.225,0.10933890549095132
1,-0.0375,-0.1875,0.08987275546632283
1,-0.0375,-0.15,0.07120983093419328
1,-0.0375,-0.1125,0.05385821826076629
1,-0.0375,-0.075,0.03854814507309137
1,-0.0375,-0.0375,0.02634562164752361
1,-0.0375,0.0,0.018838275715220322
1,-0.0375,0.0375,0.018451024066024613
1,-0.0375,0.075,0.02900734749282885
1,-0.0375,0.1125,0.056784547426326236
1,-0.0375,0.15,0.11264122343905479
1,-0.0375,0.1875,0.2167105592878748
1,-0.0375,0.225,0.41008695014528257
1,-0.0375,0.2625,0.7894390935252252
1,-0.0375,0.3,1.6421486122425135
1,-0.0375,0.3375,4.367290103845804
1,-0.0375,0.375,1000.0
1,-0.0375,0.4125,1000.0
1,-0.0375,0.45,1000.0
1,-0.0375,0.4875,1000.0
1,-0.0375,0.525,1000.0
1,-0.0375,0.5625,1000.0
1,-0.0375,0.6,1000.0
1,-0.0375,0.6375,1000.0
1,-0.0375,0.675,1000.0
1,-0.0375,0.7125,1000.0
1,-0.0375,0.75,1000.0
1,-0.0375,0.7875,1000.0
1,-0.0375,0.825,1000.0
1,-0.0375,0.8625,1000.0
1,-0.0375,0.9,1000.0
1,-0.0375,0.9375,1000.0
1,-0.0375,0.975,1000.0
1,-0.0375,1.0125,1000.0
1,-0.0375,1.05,1000.0
1,-0.0375,1.0875,1000.0
1,-0.0375,1.125,1000.0
1,-0.0375,1.1625,1000.0
1,-0.0375,1.2,1000.0
1,-0.0375,1.2375,1000.0
1,-0.0375,1.275,1000.0
1,-0.0375,1.3125,1000.0
1,-0.0375,1.35,1000.0
1,-0.0375,1.3875,1000.0
1,-0.0375,1.425,1000.0
1,-0.0375,1.4625,1000.0
1,-0.0375,1.5,1000.0
1,0.0,-1.5,0.6178554429570239
1,0.0,-1.4625,0.6070882273219417
1,0.0,-1.425,0.596107974066691
1,0.0,-1.3875,0.5849088271495375
1,0.0,-1.35,0.573484590949467
1,0.0,-1.3125,0.5618287658679417
1,0.0,-1.275,0.5499345655047287
1,0.0,-1.2375,0.5377949255390918
1,0.0,-1.2,0.5254025099527727
1,0.0,-1.1625,0.5127497181523443
1,0.0,-1.125,0.49982869565546667
1,0.0,-1.0875,0.4866313507134062
1,0.0,-1.05,0.4731493792852327
1,0.0,-1.0125,0.45937430104911775
1,0.0,-0.975,0.4452975096069118
1,0.0,-0.9375,0.43091034073003054
1,0.0,-0.9,0.4162041634597396
1,0.0,-0.8625,0.4011705001923352
1,0.0,-0.825,0.3858011836597031
1,0.0,-0.7875,0.3700885611093615
1,0.0,-0.75,0.35402575920497464
1,0.0,-0.7125,0.33760702750257987
1,0.0,-0.675,0.32082818422701187
1,0.0,-0.6375,0.3036871960758122
1,0.0,-0.6,0.2861849347806208
1,0.0,-0.5625,0.26832616842548035
1,0.0,-0.525,0.2501208669312925
1,0.0,-0.4875,0.231585931471715
1,0.0,-0.45,0.21274750114858387
1,0.0,-0.4125,0.19364405359143638
1,0.0,-0.375,0.17433060954554136
1,0.0,-0.3375,0.15488449138901825
1,0.0,-0.3,0.13541329856896098
1,0.0,-0.2625,0.11606609353168575
1,0.0,-0.225,0.0970493153183105
1,0.0,-0.1875,0.07864978639786425
1,0.0,-0.15,0.06126858841464973
1,0.0,-0.1125,0.04547199418032756
1,0.0,-0.075,0.032069903470392805
1,0.0,-0.0375,0.022240039250248533
1,0.0,0.0,0.01773109828394226
1,0.0,0.0375,0.021208079305523837
1,0.0,0.075,0.03686704125541576
1,0.0,0.1125,0.07159310094744288
1,0.0,0.15,0.13730154335774275
1,0.0,0.1875,0.2561233205329953
1,0.0,0.225,0.4733948846724111
1,0.0,0.2625,0.896491800805327
1,0.0,0.3,1.8489381528733384
1,0.0,0.3375,4.963022380952106
1,0.0,0.375,1000.0
1,0.0,0.4125,1000.0
1,0.0,0.45,1000.0
1,0.0,0.4875,1000.0
1,0.0,0.525,1000.0
1,0.0,0.5625,1000.0
1,0.0,0.6,1000.0
1,0.0,0.6375,1000.0
1,0.0,0.675,1000.0
1,0.0,0.7125,1000.0
1,0.0,0.75,1000.0
1,0.0,0.7875,1000.0
1,0.0,0.825,1000.0
1,0.0,0.8625,1000.0
1,0.0,0.9,1000.0
1,0.0,0.9375,1000.0
1,0.0,0.975,1000.0
1,0.0,1.0125,1000.0
1,0.0,1.05,1000.0
1,0.0,1.0875,1000.0
1,0.0,1.125,1000.0
1,0.0,1.1625,1000.0
1,0.0,1.2,1000.0
1,0.0,1.2375,1000.0
1,0.0,1.275,1000.0
1,0.0,1.3125,1000.0
1,0.0,1.35,1000.0
1,0.0,1.3875,1000.0
1,0.0,1.425,1000.0
1,0.0,1.4625,1000.0
1,0.0,1.5,1000.0
1,0.0375,-1.5,0.5997818288559498
1,0.0375,-1.4625,0.5890070586709832
1,0.0375,-1.425,0.5780221736680633
1,0.0375,-1.3875,0.5668215211171541
1,0.0375,-1.35,0.5553991426939902
1,0.0375,-1.3125,0.5437488097183948
1,0.0375,-1.275,0.5318640423793104
1,0.0375,-1.2375,0.519738122226102
1,0.0375,-1.2,0.5073641032155003
1,0.0375,-1.1625,0.49473482477249286
1,0.0375,-1.125,0.4818429295631138
1,0.0375,-1.0875,0.4686808884692697
1,0.0375,-1.05,0.4552410353667187
1,0.0375,-1.0125,0.4415156146449954
1,0.0375,-0.975,0.4274968449556849
1,0.0375,-0.9375,0.41317700346027303
1,0.0375,-0.9,0.3985485359293558
1,0.0375,-0.8625,0.38360419950815955
1,0.0375,-0.825,0.3683372469292304
1,0.0375,-0.7875,0.35274166358664727
1,0.0375,-0.75,0.33681247241589446
1,0.0375,-0.7125,0.3205461262704016
1,0.0375,-0.675,0.30394101390496586
1,0.0375,-0.6375,0.2869981144198441
1,0.0375,-0.6,0.26972184703032803
1,0.0375,-0.5625,0.25212117968361064
1,0.0375,-0.525,0.23421108338577357
1,0.0375,-0.4875,0.2160144521786104
1,0.0375,-0.45,0.1975646561523332
1,0.0375,-0.4125,0.17890896383863758
1,0.0375,-0.375,0.16011317199251052
1,0.0375,-0.3375,0.1412679329999296
1,0.0375,-0.3,0.1224975020023298
1,0.0375,-0.2625,0.10397198562080338
1,0.0375,-0.225,0.08592474414050247
1,0.0375,-0.1875,0.06867752290772948
1,0.0375,-0.15,0.052677425091672364
1,0.0375,-0.1125,0.03855246753725805
1,0.0375,-0.075,0.02719711108375242
1,0.0375,-0.0375,0.019907690085149986
1,0.0375,0.0,0.018604014070185464
1,0.0375,0.0375,0.02620634458543067
1,0.0375,0.075,0.0473073390248724
1,0.0375,0.1125,0.08944017472205296
1,0.0375,0.15,0.1656494047491506
1,0.0375,0.1875,0.3002081944034098
1,0.0375,0.225,0.5430252262685099
1,0.0375,0.2625,1.0131145049810604
1,0.0375,0.3,2.073928335922904
1,0.0375,0.3375,5.627621870094361
1,0.0375,0.375,1000.0
1,0.0375,0.4125,1000.0
1,0.0375,0.45,1000.0
1,0.0375,0.4875,1000.0
1,0.0375,0.525,1000.0
1,0.0375,0.5625,1000.0
1,0.0375,0.6,1000.0
1,0.0375,0.6375,1000.0
1,0.0375,0.675,1000.0
1,0.0375,0.7125,1000.0
1,0.0375,0.75,1000.0
1,0.0375,0.7875,1000.0
1,0.0375,0.825,1000.0
1,0.0375,0.8625,1000.0
1,0.0375,0.9,1000.0
1,0.0375,0.9375,1000.0
1,0.0375,0.975,1000.0
1,0.0375,1.0125,1000.0
1,0.0375,1.05,1000.0
1,0.0375,1.0875,1000.0
1,0.0375,1.125,1000.0
1,0.0375,1.1625,1000.0
1,0.0375,1.2,1000.0
1,0.0375,1.2375,1000.0
1,0.0375,1.275,1000.0
1,0.0375,1.3125,1000.0
1,0.0375,1.35,1000.0
1,0.0375,1.3875,1000.0
1,0.0375,1.425,1000.0
1,0.0375,1.4625,1000.0
1,0.0375,1.5,1000.0
1,0.075,-1.5,0.5820623439413768
1,0.075,-1.4625,0.5712882939605397
1,0.075,-1.425,0.5603073365911657
1,0.075,-1.3875,0.5491140448642926
1,0.075,-1.35,0.5377027213946889
1,0.075,-1.3125,0.5260674338322963
1,0.075,-1.275,0.5142020365587774
1,0.075,-1.2375,0.5021001871590504
1,0.075,-1.2,0.48975536266020303
1,0.075,-1.1625,0.4771608789247295
1,0.075,-1.125,0.4643099159484064
1,0.075,-1.0875,0.45119555168703834
1,0.075,-1.05,0.4378108072154844
1,0.075,-1.0125,0.4241487064297945
1,0.075,-0.975,0.4102023541310887
1,0.075,-0.9375,0.3959650372120935
1,0.075,-0.9,0.3814303548692843
1,0.075,-0.8625,0.36659238538013694
1,0.075,-0.825,0.3514458991469129
1,0.075,-0.7875,0.33598663059501394
1,0.075,-0.75,0.32021162537412506
1,0.075,-0.7125,0.30411968449328425
1,0.075,-0.675,0.28771193402159356
1,0.075,-0.6375,0.2709925585132232
1,0.075,-0.6,0.25396974939294925
1,0.075,-0.5625,0.23665693766344287
1,0.075,-0.525,0.21907440568026776
1,0.075,-0.4875,0.2012514086974062
1,0.075,-0.45,0.18322898844445035
1,0.075,-0.4125,0.16506373590965312
1,0.075,-0.375,0.14683287092353586
1,0.075,-0.3375,0.12864117146120907
1,0.075,-0.3,0.11063053737972753
1,0.075,-0.2625,0.09299336409486227
1,0.075,-0.225,0.07599152093521229
1,0.075,-0.1875,0.059983733036016736
1,0.075,-0.15,0.04546583638271202
1,0.075,-0.1125,0.033131237247902026
1,0.075,-0.075,0.0239639721042985
1,0.075,-0.0375,0.019386070800636555
1,0.075,0.0,0.02149878299176316
1,0.075,0.0375,0.03349326699724329
1,0.075,0.075,0.06038356223948397
1,0.075,0.1125,0.11039252641135351
1,0.075,0.15,0.19776926479508938
1,0.075,0.1875,0.34907957828653213
1,0.075,0.225,0.6191502462955356
1,0.075,0.2625,1.1396190958000434
1,0.075,0.3,2.317949561895114
1,0.075,0.3375,6.368250260482623
1,0.075,0.375,1000.0
1,0.075,0.4125,1000.0
1,0.075,0.45,1000.0
1,0.075,0.4875,1000.0
1,0.075,0.525,1000.0
1,0.075,0.5625,1000.0
1,0.075,0.6,1000.0
1,0.075,0.6375,1000.0
1,0.075,0.675,1000.0
1,0.075,0.7125,1000.0
1,0.075,0.75,1000.0
1,0.075,0.7875,1000.0
1,0.075,0.825,1000.0
1,0.075,0.8625,1000.0
1,0.075,0.9,1000.0
1,0.075,0.9375,1000.0
1,0.075,0.975,1000.0
1,0.075,1.0125,1000.0
1,0.075,1.05,1000.0
1,0.075,1.0875,1000.0
1,0.075,1.125,1000.0
1,0.075,1.1625,1000.0
1,0.075,1.2,1000.0
1,0.075,1.2375,1000.0
1,0.075,1.275,1000.0
1,0.075,1.3125,1000.0
1,0.075,1.35,1000.0
1,0.075,1.3875,1000.0
1,0.075,1.425,1000.0
1,0.075,1.4625,1000.0
1,0.075,1.5,1000.0
1,0.1125,-1.5,0.5647119240713973
1,0.1125,-1.4625,0.5539468923431038
1,0.1125,-1.425,0.542978448816304
1,0.1125,-1.3875,0.5318014148946603
1,0.1125,-1.35,0.5204103780271871
1,0.1125,-1.3125,0.5087997279174891
1,0.1125,-1.275,0.49696368110139144
1,0.1125,-1.2375,0.4848963017649008
1,0.1125,-1.2,0.4725915235437357
1,0.1125,-1.1625,0.4600431756460311
1,0.1125,-1.125,0.4472450161192278
1,0.1125,-1.0875,0.43419077503554415
1,0.1125,-1.05,0.42087421061839647
1,0.1125,-1.0125,0.40728918181148244
1,0.1125,-0.975,0.3934297415036595
1,0.1125,-0.9375,0.379290255607169
1,0.1125,-0.9,0.36486555451622893
1,0.1125,-0.8625,0.3501511252509023
1,0.1125,-0.825,0.33514335495931674
1,0.1125,-0.7875,0.3198398396045592
1,0.1125,-0.75,0.30423977587112455
1,0.1125,-0.7125,0.28834445996861874
1,0.1125,-0.675,0.27215792462456223
1,0.1125,-0.6375,0.2556877559119522
1,0.1125,-0.6,0.23894614576098233
1,0.1125,-0.5625,0.22195125567964896
1,0.1125,-0.525,0.20472899475155523
1,0.1125,-0.4875,0.18731535397919713
1,0.1125,-0.45,0.16975949494546538
1,0.1125,-0.4125,0.1521278719751075
1,0.1125,-0.375,0.13450978666057198
1,0.1125,-0.3375,0.11702495279720355
1,0.1125,-0.3,0.09983392268744692
1,0.1125,-0.2625,0.08315264939876556
1,0.1125,-0.225,0.06727313101026129
1,0.1125,-0.1875,0.05259317212815261
1,0.1125,-0.15,0.03966011135802806
1,0.1125,-0.1125,0.029236471724358587
1,0.1125,-0.075,0.022400997724306256
1,0.1125,-0.0375,0.02070867357776062
1,0.1125,0.0,0.02645278530904448
1,0.1125,0.0375,0.04311145412819834
1,0.1125,0.075,0.07614561782033068
1,0.1125,0.1125,0.1345107632710781
1,0.1125,0.15,0.233738463520834
1,0.1125,0.1875,0.40284344977274367
1,0.1125,0.225,0.7019320446560724
1,0.1125,0.2625,1.2763055250456092
1,0.1125,0.3,2.5818296968276537
1,0.1125,0.3375,7.192852703607388
1,0.1125,0.375,1000.0
1,0.1125,0.4125,1000.0
1,0.1125,0.45,1000.0
1,0.1125,0.4875,1000.0
1,0.1125,0.525,1000.0
1,0.1125,0.5625,1000.0
1,0.1125,0.6,1000.0
1,0.1125,0.6375,1000.0
1,0.1125,0.675,1000.0
1,0.1125,0.7125,1000.0
1,0.1125,0.75,1000.0
1,0.1125,0.7875,1000.0
1,0.1125,0.825,1000.0
1,0.1125,0.8625,1000.0
1,0.1125,0.9,1000.0
1,0.1125,0.9375,1000.0
1,0.1125,0.975,1000.0
1,0.1125,1.0125,1000.0
1,0.1125,1.05,1000.0
1,0.1125,1.0875,1000.0
1,0.1125,1.125,1000.0
1,0.1125,1.1625,1000.0
1,0.1125,1.2,1000.0
1,0.1125,1.2375,1000.0
1,0.1125,1.275,1000.0
1,0.1125,1.3125,1000.0
1,0.1125,1.35,1000.0
1,0.1125,1.3875,1000.0
1,0.1125,1.425,1000.0
1,0.1125,1.4625,1000.0
1,0.1125,1.5,1000.0
1,0.15,-1.5,0.5477443802163312
1,0.15,-1.4625,0.5369966676435273
1,0.15,-1.425,0.5260493299443785
1,0.15,-1.3875,0.5148974596333986
1,0.15,-1.35,0.5035359530961443
1,0.15,-1.3125,0.49195954807206044
1,0.15,-1.275,0.4801628515110339
1,0.15,-1.2375,0.4681403651002302
1,0.15,-1.2,0.4558865129932289
1,0.15,-1.1625,0.44339567506213146
1,0.15,-1.125,0.4306622285820628
1,0.15,-1.0875,0.417680601288498
1,0.15,-1.05,0.40444533906544544
1,0.15,-1.0125,0.39095119207608353
1,0.15,-0.975,0.37719322394603655
1,0.15,-0.9375,0.36316694970070396
1,0.15,-0.9,0.348868509621201
1,0.15,-0.8625,0.33429488813062724
1,0.15,-0.825,0.3194441894073192
1,0.15,-0.7875,0.3043159848554065
1,0.15,-0.75,0.2889117521381982
1,0.15,-0.7125,0.27323543160706487
1,0.15,-0.675,0.25729413421895597
1,0.15,-0.6375,0.24109904626085704
1,0.15,-0.6,0.2246665915901759
1,0.15,-0.5625,0.2080199334098372
1,0.15,-0.525,0.19119092741696914
1,0.15,-0.4875,0.17422268037386077
1,0.15,-0.45,0.15717292864002463
1,0.15,-0.4125,0.14011853905847754
1,0.15,-0.375,0.12316156405212803
1,0.15,-0.3375,0.10643747660521626
1,0.15,-0.3,0.09012650603844552
1,0.15,-0.2625,0.0744694538386895
1,0.15,-0.225,0.059790095513946435
1,0.15,-0.1875,0.0465274538389266
1,0.15,-0.15,0.03528319348461691
1,0.15,-0.1125,0.02689275706104927
1,0.15,-0.075,0.02253483868994708
1,0.15,-0.0375,0.023904798826490978
1,0.15,0.0,0.03349880850627543
1,0.15,0.0375,0.055098426448905904
1,0.15,0.075,0.09463770293948727
1,0.15,0.1125,0.16184897848982735
1,0.15,0.15,0.27362675653522267
1,0.15,0.1875,0.46159673047544986
1,0.15,0.225,0.7915216035411954
1,0.15,0.2625,1.4234601613334887
1,0.15,0.3,2.8663903898900296
1,0.15,0.3375,8.110256609735606
1,0.15,0.375,1000.0
1,0.15,0.4125,1000.0
1,0.15,0.45,1000.0
1,0.15,0.4875,1000.0
1,0.15,0.525,1000.0
1,0.15,0.5625,1000.0
1,0.15,0.6,1000.0
1,0.15,0.6375,1000.0
1,0.15,0.675,1000.0
1,0.15,0.7125,1000.0
1,0.15,0.75,1000.0
1,0.15,0.7875,1000.0
1,0.15,0.825,1000.0
1,0.15,0.8625,1000.0
1,0.15,0.9,1000.0
1,0.15,0.9375,1000.0
1,0.15,0.975,1000.0
1,0.15,1.0125,1000.0
1,0.15,1.05,1000.0
1,0.15,1.0875,1000.0
1,0.15,1.125,1000.0
1,0.15,1.1625,1000.0
1,0.15,1.2,1000.0
1,0.15,1.2375,1000.0
1,0.15,1.275,1000.0
1,0.15,1.3125,1000.0
1,0.15,1.35,1000.0
1,0.15,1.3875,1000.0
1,0.15,1.425,1000.0
1,0.15,1.4625,1000.0
1,0.15,1.5,1000.0
1,0.1875,-1.5,0.5311723393930415
1,0.1875,-1.4625,0.5204502295026554
1,0.1875,-1.425,0.509532574528148
1,0.1875,-1.3875,0.4984147609212009
1,0.1875,-1.35,0.487092018264794
1,0.1875,-1.3125,0.47555945851931786
1,0.1875,-1.275,0.46381210754499064
1,0.1875,-1.2375,0.45184493569637035
1,0.1875,-1.2,0.4396528918500752
1,0.1875,-1.1625,0.4272309441885099
1,0.1875,-1.125,0.4145741307544641
1,0.1875,-1.0875,0.40167762289883613
1,0.1875,-1.05,0.3885368051318396
1,0.1875,-1.0125,0.37514737551833655
1,0.1875,-0.975,0.36150547164727753
1,0.1875,-0.9375,0.3476078284080948
1,0.1875,-0.9,0.3334519754099588
1,0.1875,-0.8625,0.319036484004417
1,0.1875,-0.825,0.30436127668426927
1,0.1875,-0.7875,0.2894280153596947
1,0.1875,-0.75,0.2742405899730722
1,0.1875,-0.7125,0.2588057355502483
1,0.1875,-0.675,0.2431338147261689
1,0.1875,-0.6375,0.22723981492456288
1,0.1875,-0.6,0.2111446260109504
1,0.1875,-0.5625,0.19487668726817836
1,0.1875,-0.525,0.17847412476027988
1,0.1875,-0.4875,0.16198754574014507
1,0.1875,-0.45,0.1454837220768231
1,0.1875,-0.4125,0.12905048953463918
1,0.1875,-0.375,0.11280332950842394
1,0.1875,-0.3375,0.09689430907600372
1,0.1875,-0.3,0.08152437401257931
1,0.1875,-0.2625,0.06696048442757109
1,0.1875,-0.225,0.053559867773950914
1,0.1875,-0.1875,0.04180493868627663
1,0.1875,-0.15,0.03235455974829299
1,0.1875,-0.1125,0.02612096455917862
1,0.1875,-0.075,0.02438813831135928
1,0.1875,-0.0375,0.02899938964976885
1,0.1875,0.0,0.04266485747260158
1,0.1875,0.0375,0.06948639477405319
1,0.1875,0.075,0.11589803686475877
1,0.1875,0.1125,0.19245441675085964
1,0.1875,0.15,0.31749587902882587
1,0.1875,0.1875,0.5254266823695442
1,0.1875,0.225,0.8880578721146695
1,0.1875,0.2625,1.5813541593279208
1,0.1875,0.3,3.172443220585843
1,0.1875,0.3375,9.130285572543013
1,0.1875,0.375,1000.0
1,0.1875,0.4125,1000.0
1,0.1875,0.45,1000.0
1,0.1875,0.4875,1000.0
1,0.1875,0.525,1000.0
1,0.1875,0.5625,1000.0
1,0.1875,0.6,1000.0
1,0.1875,0.6375,1000.0
1,0.1875,0.675,1000.0
1,0.1875,0.7125,1000.0
1,0.1875,0.75,1000.0
1,0.1875,0.7875,1000.0
1,0.1875,0.825,1000.0
1,0.1875,0.8625,1000.0
1,0.1875,0.9,1000.0
1,0.1875,0.9375,1000.0
1,0.1875,0.975,1000.0
1,0.1875,1.0125,1000.0
1,0.1875,1.05,1000.0
1,0.1875,1.0875,1000.0
1,0.1875,1.125,1000.0
1,0.1875,1.1625,1000.0
1,0.1875,1.2,1000.0
1,0.1875,1.2375,1000.0
1,0.1875,1.275,1000.0
1,0.1875,1.3125,1000.0
1,0.1875,1.35,1000.0
1,0.1875,1.3875,1000.0
1,0.1875,1.425,1000.0
1,0.1875,1.4625,1000.0
1,0.1875,1.5,1000.0
1,0.225,-1.5,0.515007194608982
1,0.225,-1.4625,0.5043189336671119
1,0.225,-1.425,0.4934395026884058
1,0.225,-1.3875,0.4823646049347566
1,0.225,-1.35,0.4710898275551958
1,0.225,-1.3125,0.4596106830610571
1,0.225,-1.275,0.44792264489108813
1,0.225,-1.2375,0.4360211834287065
1,0.225,-1.2,0.4239018066969493
1,0.225,-1.1625,0.4115601090776416
1,0.225,-1.125,0.3989918311917129
1,0.225,-1.0875,0.38619293426025225
1,0.225,-1.05,0.3731596927257155
1,0.225,-1.0125,0.35988880962221986
1,0.225,-0.975,0.3463775601676048
1,0.225,-0.9375,0.3326239703693686
1,0.225,-0.9,0.3186270391859005
1,0.225,-0.8625,0.30438701509477584
1,0.225,-0.825,0.2899057409704313
1,0.225,-0.7875,0.27518708521043966
1,0.225,-0.75,0.2602374824141637
1,0.225,-0.7125,0.24506661408823313
1,0.225,-0.675,0.2296882695070698
1,0.225,-0.6375,0.21412143996101726
1,0.225,-0.6,0.19839171757605872
1,0.225,-0.5625,0.18253309472632104
1,0.225,-0.525,0.16659029479564846
1,0.225,-0.4875,0.1506218141872054
1,0.225,-0.45,0.13470392587954347
1,0.225,-0.4125,0.11893599704957775
1,0.225,-0.375,0.10344762390405482
1,0.225,-0.3375,0.08840831237135204
1,0.225,-0.3,0.07404077689568085
1,0.225,-0.2625,0.06063946323486795
1,0.225,-0.225,0.048596747824293546
1,0.225,-0.1875,0.038440641574029495
1,0.225,-0.15,0.030890119646794424
1,0.225,-0.1125,0.02693813917578431
1,0.225,-0.075,0.02797940764003789
1,0.225,-0.0375,0.03601288995199417
1,0.225,0.0,0.053973990089916025
1,0.225,0.0375,0.08630206522740386
1,0.225,0.075,0.13995862277243043
1,0.225,0.1125,0.22636717256444022
1,0.225,0.15,0.36539914551056557
1,0.225,0.1875,0.5944103424717979
1,0.225,0.225,0.9916668900710752
1,0.225,0.2625,1.7502418559541617
1,0.225,0.3,3.5007856992257502
1,0.225,0.3375,10.26389126081574
1,0.225,0.375,1000.0
1,0.225,0.4125,1000.0
1,0.225,0.45,1000.0
1,0.225,0.4875,1000.0
1,0.225,0.525,1000.0
1,0.225,0.5625,1000.0
1,0.225,0.6,1000.0
1,0.225,0.6375,1000.0
1,0.225,0.675,1000.0
1,0.225,0.7125,1000.0
1,0.225,0.75,1000.0
1,0.225,0.7875,1000.0
1,0.225,0.825,1000.0
1,0.225,0.8625,1000.0
1,0.225,0.9,1000.0
1,0.225,0.9375,1000.0
1,0.225,0.975,1000.0
1,0.225,1.0125,1000.0
1,0.225,1.05,1000.0
1,0.225,1.0875,1000.0
1,0.225,1.125,1000.0
1,0.225,1.1625,1000.0
1,0.225,1.2,1000.0
1,0.225,1.2375,1000.0
1,0.225,1.275,1000.0
1,0.225,1.3125,1000.0
1,0.225,1.35,1000.0
1,0.225,1.3875,1000.0
1,0.225,1.425,1000.0
1,0.225,1.4625,1000.0
1,0.225,1.5,1000.0
1,0.2625,-1.5,0.49925906459584257
1,0.2625,-1.4625,0.48861284220285844
1,0.2625,-1.425,0.47778012079090554
1,0.2625,-1.3875,0.4667569433080681
1,0.2625,-1.35,0.45553927889287793
1,0.2625,-1.3125,0.4441230670225032
1,0.2625,-1.275,0.43250425748779986
1,0.2625,-1.2375,0.42067885218461964
1,0.2625,-1.2,0.4086429528438106
1,0.2625,-1.1625,0.39639281809063753
1,0.2625,-1.125,0.38392493310868864
1,0.2625,-1.0875,0.3712360954405735
1,0.2625,-1.05,0.3583235209905844
1,0.2625,-1.0125,0.3451849750858404
1,0.2625,-0.975,0.3318189345343643
1,0.2625,-0.9375,0.31822478805946225
1,0.2625,-0.9,0.3044030843917953
1,0.2625,-0.8625,0.29035583980495744
1,0.2625,-0.825,0.2760869201801497
1,0.2625,-0.7875,0.26160251704557674
1,0.2625,-0.75,0.2469117428240495
1,0.2625,-0.7125,0.23202737825283354
1,0.2625,-0.675,0.21696681534152104
1,0.2625,-0.6375,0.20175325334719477
1,0.2625,-0.6,0.18641722457326268
1,0.2625,-0.5625,0.17099855353119162
1,0.2625,-0.525,0.15554889038180042
1,0.2625,-0.4875,0.14013501244416177
1,0.2625,-0.45,0.12484316329175224
1,0.2625,-0.4125,0.1097848089127433
1,0.2625,-0.375,0.09510435243054786
1,0.2625,-0.3375,0.08098959147477593
1,0.2625,-0.3,0.06768607197052602
1,0.2625,-0.2625,0.05551706643487796
1,0.2625,-0.225,0.044911816361557166
1,0.2625,-0.1875,0.03644615957979872
1,0.2625,-0.15,0.030902135416714327
1,0.2625,-0.1125,0.02935741034412189
1,0.2625,-0.075,0.033322924370491946
1,0.2625,-0.0375,0.04496112789918398
1,0.2625,0.0,0.06744418014639798
1,0.2625,0.0375,0.10556647393510411
1,0.2625,0.075,0.16684504219853363
1,0.2625,0.1125,0.26361992469826184
1,0.2625,0.15,0.417381089575841
1,0.2625,0.1875,0.6686140015803105
1,0.2625,0.225,1.1024609580310016
1,0.2625,0.2625,1.9303592064278934
1,0.2625,0.3,3.85219714725826
1,0.2625,0.3375,11.523306758397181
1,0.2625,0.375,1000.0
1,0.2625,0.4125,1000.0
1,0.2625,0.45,1000.0
1,0.2625,0.4875,1000.0
1,0.2625,0.525,1000.0
1,0.2625,0.5625,1000.0
1,0.2625,0.6,1000.0
1,0.2625,0.6375,1000.0
1,0.2625,0.675,1000.0
1,0.2625,0.7125,1000.0
1,0.2625,0.75,1000.0
1,0.2625,0.7875,1000.0
1,0.2625,0.825,1000.0
1,0.2625,0.8625,1000.0
1,0.2625,0.9,1000.0
1,0.2625,0.9375,1000.0
1,0.2625,0.975,1000.0
1,0.2625,1.0125,1000.0
1,0.2625,1.05,1000.0
1,0.2625,1.0875,1000.0
1,0.2625,1.125,1000.0
1,0.2625,1.1625,1000.0
1,0.2625,1.2,1000.0
1,0.2625,1.2375,1000.0
1,0.2625,1.275,1000.0
1,0.2625,1.3125,1000.0
1,0.2625,1.35,1000.0
1,0.2625,1.3875,1000.0
1,0.2625,1.425,1000.0
1,0.2625,1.4625,1000.0
1,0.2625,1.5,1000.0
1,0.3,-1.5,0.4839367639957102
1,0.3,-1.4625,0.4733406942916026
1,0.3,-1.425,0.4625630928397013
1,0.3,-1.3875,0.45160036510734675
1,0.3,-1.35,0.4404488866462006
1,0.3,-1.3125,0.42910505033736346
1,0.3,-1.275,0.41756531113450585
1,0.3,-1.2375,0.4058262339765901
1,0.3,-1.2,0.3938845489194535
1,0.3,-1.1625,0.38173721694056584
1,0.3,-1.125,0.3693815098457553
1,0.3,-1.0875,0.3568151080381542
1,0.3,-1.05,0.34403622051693666
1,0.3,-1.0125,0.33104373234928974
1,0.3,-0.975,0.31783738604300094
1,0.3,-0.9375,0.3044180048144345
1,0.3,-0.9,0.2907877678079055
1,0.3,-0.8625,0.2769505500294427
1,0.3,-0.825,0.2629123433179789
1,0.3,-0.7875,0.24868177937481017
1,0.3,-0.75,0.23427078210262509
1,0.3,-0.7125,0.21969538482169737
1,0.3,-0.675,0.20497675911524735
1,0.3,-0.6375,0.1901425172257574
1,0.3,-0.6,0.17522837069137076
1,0.3,-0.5625,0.1602802566294606
1,0.3,-0.525,0.14535708321958235
1,0.3,-0.4875,0.13053430271621072
1,0.3,-0.45,0.11590860164174037
1,0.3,-0.4125,0.10160411587764985
1,0.3,-0.375,0.0877807523463166
1,0.3,-0.3375,0.074645459497247
1,0.3,-0.3,0.06246768587882922
1,0.3,-0.2625,0.051600883113436316
1,0.3,-0.225,0.04251288923535345
1,0.3,-0.1875,0.035829621164352364
1,0.3,-0.15,0.03239916471110481
1,0.3,-0.1125,0.033387926456870734
1,0.3,-0.075,0.04042865685451587
1,0.3,-0.0375,0.05585522625144383
1,0.3,0.0,0.08308820928537318
1,0.3,0.0375,0.12729485343631375
1,0.3,0.075,0.19657628453977244
1,0.3,0.1125,0.30423770976099357
1,0.3,0.15,0.47347714774259037
1,0.3,0.1875,0.748092732601834
1,0.3,0.225,1.2205378626780632
1,0.3,0.2625,2.1219222730578444
1,0.3,0.3,4.227434486716805
1,0.3,0.3375,12.92222564757061
1,0.3,0.375,1000.0
1,0.3,0.4125,1000.0
1,0.3,0.45,1000.0
1,0.3,0.4875,1000.0
1,0.3,0.525,1000.0
1,0.3,0.5625,1000.0
1,0.3,0.6,1000.0
1,0.3,0.6375,1000.0
1,0.3,0.675,1000.0
1,0.3,0.7125,1000.0
1,0.3,0.75,1000.0
1,0.3,0.7875,1000.0
1,0.3,0.825,1000.0
1,0.3,0.8625,1000.0
1,0.3,0.9,1000.0
1,0.3,0.9375,1000.0
1,0.3,0.975,1000.0
1,0.3,1.0125,1000.0
1,0.3,1.05,1000.0
1,0.3,1.0875,1000.0
1,0.3,1.125,1000.0
1,0.3,1.1625,1000.0
1,0.3,1.2,1000.0
1,0.3,1.2375,1000.0
1,0.3,1.275,1000.0
1,0.3,1.3125,1000.0
1,0.3,1.35,1000.0
1,0.3,1.3875,1000.0
1,0.3,1.425,1000.0
1,0.3,1.4625,1000.0
1,0.3,1.5,1000.0
1,0.3375,-1.5,0.4690477845272308
1,0.3375,-1.4625,0.45850988813196464
1,0.3375,-1.425,0.4477957231037088
1,0.3375,-1.3875,0.43690208017170434
1,0.3375,-1.35,0.4258257656685402
1,0.3375,-1.3125,0.41456365227758235
1,0.3375,-1.275,0.403112728893541
1,0.3375,-1.2375,0.391470154999809
1,0.3375,-1.2,0.3796333235663454
1,0.3375,-1.1625,0.3675999360043613
1,0.3375,-1.125,0.35536809277553605
1,0.3375,-1.0875,0.34293640365897093
1,0.3375,-1.05,0.3303041223624391
1,0.3375,-1.0125,0.31747131112766175
1,0.3375,-0.975,0.30443904226909463
1,0.3375,-0.9375,0.29120964528465576
1,0.3375,-0.9,0.2777870104038007
1,0.3375,-0.8625,0.2641769623564447
1,0.3375,-0.825,0.250387721977717
1,0.3375,-0.7875,0.2364304783137998
1,0.3375,-0.75,0.22232010058669927
1,0.3375,-0.7125,0.20807602830384408
1,0.3375,-0.675,0.19372338980053816
1,0.3375,-0.6375,0.17929441577689287
1,0.3375,-0.6,0.1648302366636388
1,0.3375,-0.5625,0.1503831834445691
1,0.3375,-0.525,0.13601975460288337
1,0.3375,-0.4875,0.12182447272362365
1,0.3375,-0.45,0.10790494145229368
1,0.3375,-0.4125,0.09439854006670322
1,0.3375,-0.375,0.08148137941337988
1,0.3375,-0.3375,0.06938042226314553
1,0.3375,-0.3,0.058390096917868374
1,0.3375,-0.2625,0.048895394737845724
1,0.3375,-0.225,0.04140449342257474
1,0.3375,-0.1875,0.03659565780128494
1,0.3375,-0.15,0.035386026782613544
1,0.3375,-0.1125,0.03903481413370631
1,0.3375,-0.075,0.049302214433898116
1,0.3375,-0.0375,0.06870154088745244
1,0.3375,0.0,0.10091358947308439
1,0.3375,0.0375,0.15149653254270642
1,0.3375,0.075,0.22916461372328004
1,0.3375,0.1125,0.34823773767350596
1,0.3375,0.15,0.533713391067447
1,0.3375,0.1875,0.8328899737217917
1,0.3375,0.225,1.345980164392449
1,0.3375,0.2625,2.325125779802898
1,0.3375,0.3,4.627227970406319
1,0.3375,0.3375,14.476012170403225
1,0.3375,0.375,1000.0
1,0.3375,0.4125,1000.0
1,0.3375,0.45,1000.0
1,0.3375,0.4875,1000.0
1,0.3375,0.525,1000.0
1,0.3375,0.5625,1000.0
1,0.3375,0.6,1000.0
1,0.3375,0.6375,1000.0
1,0.3375,0.675,1000.0
1,0.3375,0.7125,1000.0
1,0.3375,0.75,1000.0
1,0.3375,0.7875,1000.0
1,0.3375,0.825,1000.0
1,0.3375,0.8625,1000.0
1,0.3375,0.9,1000.0
1,0.3375,0.9375,1000.0
1,0.3375,0.975,1000.0
1,0.3375,1.0125,1000.0
1,0.3375,1.05,1000.0
1,0.3375,1.0875,1000.0
1,0.3375,1.125,1000.0
1,0.3375,1.1625,1000.0
1,0.3375,1.2,1000.0
1,0.3375,1.2375,1000.0
1,0.3375,1.275,1000.0
1,0.3375,1.3125,1000.0
1,0.3375,1.35,1000.0
1,0.3375,1.3875,1000.0
1,0.3375,1.425,1000.0
1,0.3375,1.4625,1000.0
1,0.3375,1.5,1000.0
1,0.375,-1.5,0.4545982875077439
1,0.375,-1.4625,0.44412647431409846
1,0.375,-1.425,0.4334839503383749
1,0.375,-1.3875,0.42266791417515753
1,0.375,-1.35,0.41167562719297546
1,0.375,-1.3125,0.4005044681721612
1,0.375,-1.275,0.3891519886236885
1,0.375,-1.2375,0.3776159739698875
1,0.375,-1.2,0.3658945145709444
1,0.375,-1.1625,0.3539860902328582
1,0.375,-1.125,0.34188967197826386
1,0.375,-1.0875,0.3296048453411389
1,0.375,-1.05,0.3171319602074359
1,0.375,-1.0125,0.304472313276965
1,0.375,-0.975,0.2916283706213258
1,0.375,-0.9375,0.2786040396482077
1,0.375,-0.9,0.26540500218175483
1,0.375,-0.8625,0.2520391235064241
1,0.375,-0.825,0.23851695633594944
1,0.375,-0.7875,0.22485236408656278
1,0.375,-0.75,0.21106329500796994
1,0.375,-0.7125,0.19717274829160386
1,0.375,-0.675,0.1832099861307571
1,0.375,-0.6375,0.1692120631325152
1,0.375,-0.6,0.15522576832521803
1,0.375,-0.5625,0.1413101079649317
1,0.375,-0.525,0.12753950340598283
1,0.375,-0.4875,0.1140079434337442
1,0.375,-0.45,0.10083442373521735
1,0.375,-0.4125,0.08817014161247302
1,0.375,-0.375,0.07620811362812495
1,0.375,-0.3375,0.06519618282140839
1,0.375,-0.3,0.0554548379569898
1,0.375,-0.2625,0.04740197601816559
1,0.375,-0.225,0.04158786525918557
1,0.375,-0.1875,0.03874539884965036
1,0.375,-0.15,0.03986379304827373
1,0.375,-0.1125,0.04629916321011832
1,0.375,-0.075,0.05994482510190652
1,0.375,-0.0375,0.0835016286276713
1,0.375,0.0,0.12092251722999701
1,0.375,0.0375,0.17817487110397756
1,0.375,0.075,0.2646154738465206
1,0.375,0.1125,0.3956292514004334
1,0.375,0.15,0.5981063078663582
1,0.375,0.1875,0.9230371713106055
1,0.375,0.225,1.4788545548861702
1,0.375,0.2625,2.5401417454758386
1,0.375,0.3,5.052276886459448
1,0.375,0.3375,16.201949140047898
1,0.375,0.375,1000.0
1,0.375,0.4125,1000.0
1,0.375,0.45,1000.0
1,0.375,0.4875,1000.0
1,0.375,0.525,1000.0
1,0.375,0.5625,1000.0
1,0.375,0.6,1000.0
1,0.375,0.6375,1000.0
1,0.375,0.675,1000.0
1,0.375,0.7125,1000.0
1,0.375,0.75,1000.0
1,0.375,0.7875,1000.0
1,0.375,0.825,1000.0
1,0.375,0.8625,1000.0
1,0.375,0.9,1000.0
1,0.375,0.9375,1000.0
1,0.375,0.975,1000.0
1,0.375,1.0125,1000.0
1,0.375,1.05,1000.0
1,0.375,1.0875,1000.0
1,0.375,1.125,1000.0
1,0.375,1.1625,1000.0
1,0.375,1.2,1000.0
1,0.375,1.2375,1000.0
1,0.375,1.275,1000.0
1,0.375,1.3125,1000.0
1,0.375,1.35,1000.0
1,0.375,1.3875,1000.0
1,0.375,1.425,1000.0
1,0.375,1.4625,1000.0
1,0.375,1.5,1000.0
1,0.4125,-1.5,0.4405931079428433
1,0.4125,-1.4625,0.4301951608702898
1,0.4125,-1.425,0.41963235379640346
1,0.4125,-1.3875,0.4089023155957998
1,0.4125,-1.35,0.3980027867576784
1,0.4125,-1.3125,0.386931678286115
1,0.4125,-1.275,0.37568713280960203
1,0.4125,-1.2375,0.3642675928991362
1,0.4125,-1.2,0.3526718805826463
1,0.4125,-1.1625,0.3408992918074773
1,0.4125,-1.125,0.32894970983039384
1,0.4125,-1.0875,0.31682374206855385
1,0.4125,-1.05,0.30452288578538145
1,0.4125,-1.0125,0.29204972913150673
1,0.4125,-0.975,0.27940819557400237
1,0.4125,-0.9375,0.2666038417243943
1,0.4125,-0.9,0.25364422115425495
1,0.4125,-0.8625,0.24053933015321585
1,0.4125,-0.825,0.22730215579237953
1,0.4125,-0.7875,0.21394935245578256
1,0.4125,-0.75,0.20050208067838016
1,0.4125,-0.7125,0.1869870523592985
1,0.4125,-0.675,0.17343784016257768
1,0.4125,-0.6375,0.15989652754270886
1,0.4125,-0.6,0.14641580131307186
1,0.4125,-0.5625,0.13306162389299356
1,0.4125,-0.525,0.11991667158114618
1,0.4125,-0.4875,0.10708479478694996
1,0.4125,-0.45,0.09469685580182786
1,0.4125,-0.4125,0.08291844438002757
1,0.4125,-0.375,0.07196018464727752
1,0.4125,-0.3375,0.06209166632264828
1,0.4125,-0.3,0.05366052045729437
1,0.4125,-0.2625,0.047118917688386296
1,0.4125,-0.225,0.04306097150580461
1,0.4125,-0.1875,0.042276490295981066
1,0.4125,-0.15,0.0458298027153988
1,0.4125,-0.1125,0.055178038184251745
1,0.4125,-0.075,0.0723533412955859
1,0.4125,-0.0375,0.10025224523939974
1,0.4125,0.0,0.14311186062158074
1,0.4125,0.0375,0.2073272308503863
1,0.4125,0.075,0.30292743525213683
1,0.4125,0.1125,0.44641343291961977
1,0.4125,0.15,0.6666626404193213
1,0.4125,0.1875,1.0185534870126292
1,0.4125,0.225,1.619211291989662
1,0.4125,0.2625,2.7671182082784385
1,0.4125,0.3,5.5032452724978524
1,0.4125,0.3375,18.119532009620837
1,0.4125,0.375,1000.0
1,0.4125,0.4125,1000.0
1,0.4125,0.45,1000.0
1,0.4125,0.4875,1000.0
1,0.4125,0.525,1000.0
1,0.4125,0.5625,1000.0
1,0.4125,0.6,1000.0
1,0.4125,0.6375,1000.0
1,0.4125,0.675,1000.0
1,0.4125,0.7125,1000.0
1,0.4125,0.75,1000.0
1,0.4125,0.7875,1000.0
1,0.4125,0.825,1000.0
1,0.4125,0.8625,1000.0
1,0.4125,0.9,1000.0
1,0.4125,0.9375,1000.0
1,0.4125,0.975,1000.0
1,0.4125,1.0125,1000.0
1,0.4125,1.05,1000.0
1,0.4125,1.0875,1000.0
1,0.4125,1.125,1000.0
1,0.4125,1.1625,1000.0
1,0.4125,1.2,1000.0
1,0.4125,1.2375,1000.0
1,0.4125,1.275,1000.0
1,0.4125,1.3125,1000.0
1,0.4125,1.35,1000.0
1,0.4125,1.3875,1000.0
1,0.4125,1.425,1000.0
1,0.4125,1.4625,1000.0
1,0.4125,1.5,1000.0
1,0.45,-1.5,0.4270357702207682
1,0.45,-1.4625,0.4167193300283486
1,0.45,-1.425,0.40624417104417876
1,0.45,-1.3875,0.39560837459893017
1,0.45,-1.35,0.3848101841593853
1,0.45,-1.3125,0.3738480688479576
1,0.45,-1.275,0.3627207906670537
1,0.45,-1.2375,0.3514274802833686
1,0.45,-1.2,0.3399677253859176
1,0.45,-1.1625,0.32834167550137944
1,0.45,-1.125,0.31655016745825465
1,0.45,-1.0875,0.30459487632016213
1,0.45,-1.05,0.29247849753032906
1,0.45,-1.0125,0.2802049672514279
1,0.45,-0.975,0.26777972951546153
1,0.45,-0.9375,0.25521006092248183
1,0.45,-0.9,0.24250546639082432
1,0.45,-0.8625,0.22967816306450348
1,0.45,-0.825,0.2167436741967967
1,0.45,-0.7875,0.2037215610257585
1,0.45,-0.75,0.19063632885439763
1,0.45,-0.7125,0.17751855446916667
1,0.45,-0.675,0.1644062966977363
1,0.45,-0.6375,0.15134687178005743
1,0.45,-0.6,0.13839910241062287
1,0.45,-0.5625,0.125636186877034
1,0.45,-0.525,0.11314938721121164
1,0.45,-0.4875,0.10105280948761189
1,0.45,-0.45,0.08948965569032853
1,0.45,-0.4125,0.07864048090484607
1,0.45,-0.375,0.06873421708096578
1,0.45,-0.3375,0.060063065475213305
1,0.45,-0.3,0.053002879852085544
1,0.45,-0.2625,0.04804147151289356
1,0.45,-0.225,0.04581855360305635
1,0.45,-0.1875,0.047183137774462355
1,0.45,-0.15,0.053277703931947126
1,0.45,-0.1125,0.06566451664171694
1,0.45,-0.075,0.08652027439909575
1,0.45,-0.0375,0.11894537427306286
1,0.45,0.0,0.1674731797483454
1,0.45,0.0375,0.23894498319021315
1,0.45,0.075,0.3440921821546266
1,0.45,0.1125,0.5005833569878883
1,0.45,0.15,0.7393792780462697
1,0.45,0.1875,1.119445572934685
1,0.45,0.225,1.767083718273046
1,0.45,0.2625,3.006178054022707
1,0.45,0.3,5.980757675805403
1,0.45,0.3375,20.250819778928843
1,0.45,0.375,1000.0
1,0.45,0.4125,1000.0
1,0.45,0.45,1000.0
1,0.45,0.4875,1000.0
1,0.45,0.525,1000.0
1,0.45,0.5625,1000.0
1,0.45,0.6,1000.0
1,0.45,0.6375,1000.0
1,0.45,0.675,1000.0
1,0.45,0.7125,1000.0
1,0.45,0.75,1000.0
1,0.45,0.7875,1000.0
1,0.45,0.825,1000.0
1,0.45,0.8625,1000.0
1,0.45,0.9,1000.0
1,0.45,0.9375,1000.0
1,0.45,0.975,1000.0
1,0.45,1.0125,1000.0
1,0.45,1.05,1000.0
1,0.45,1.0875,1000.0
1,0.45,1.125,1000.0
1,0.45,1.1625,1000.0
1,0.45,1.2,1000.0
1,0.45,1.2375,1000.0
1,0.45,1.275,1000.0
1,0.45,1.3125,1000.0
1,0.45,1.35,1000.0
1,0.45,1.3875,1000.0
1,0.45,1.425,1000.0
1,0.45,1.4625,1000.0
1,0.45,1.5,1000.0
1,0.4875,-1.5,0.4139285152691442
1,0.4875,-1.4625,0.4037010665133202
1,0.4875,-1.425,0.3933213274176514
1,0.4875,-1.3875,0.3827878536564842
1,0.4875,-1.35,0.37209941524616447
1,0.4875,-1.3125,0.36125506502617405
1,0.4875,-1.275,0.35025421231408366
1,0.4875,-1.2375,0.3390967064793461
1,0.4875,-1.2,0.3277829344962806
1,0.4875,-1.1625,0.3163139365068152
1,0.4875,-1.125,0.30469154381013097
1,0.4875,-1.0875,0.29291854440059734
1,0.4875,-1.05,0.2809988821802788
1,0.4875,-1.0125,0.2689378973131254
1,0.4875,-0.975,0.25674261693994016
1,0.4875,-0.9375,0.244422107749183
1,0.4875,-0.9,0.23198790485480075
1,0.4875,-0.8625,0.21945453528074327
1,0.4875,-0.825,0.20684015938176908
1,0.4875,-0.7875,0.19416736013874267
1,0.4875,-0.75,0.1814641190045372
1,0.4875,-0.7125,0.16876502861453715
1,0.4875,-0.675,0.1561128083023646
1,0.4875,-0.6375,0.14356020953061083
1,0.4875,-0.6,0.13117242729949377
1,0.4875,-0.5625,0.11903017360490312
1,0.4875,-0.525,0.10723362491669017
1,0.4875,-0.4875,0.0959075346837048
1,0.4875,-0.45,0.08520791506194496
1,0.4875,-0.4125,0.07533085643072467
1,0.4875,-0.375,0.06652429557429895
1,0.4875,-0.3375,0.05910390654313466
1,0.4875,-0.3,0.0534748422969691
1,0.4875,-0.2625,0.0501619175771368
1,0.4875,-0.225,0.049852195229130536
1,0.4875,-0.1875,0.05345617403386746
1,0.4875,-0.15,0.06219752068771778
1,0.4875,-0.1125,0.07774775494308439
1,0.4875,-0.075,0.10243385830157024
1,0.4875,-0.0375,0.13956828713464062
1,0.4875,0.0,0.1939927812122456
1,0.4875,0.0375,0.2730135545431948
1,0.4875,0.075,0.3880945425829717
1,0.4875,0.1125,0.5581239938283182
1,0.4875,0.15,0.8162432084115696
1,0.4875,0.1875,1.225707418247365
1,0.4875,0.225,1.9224878696057754
1,0.4875,0.2625,3.257417959935121
1,0.4875,0.3,6.485394996634369
1,0.4875,0.3375,22.620856424116283
1,0.4875,0.375,1000.0
1,0.4875,0.4125,1000.0
1,0.4875,0.45,1000.0
1,0.4875,0.4875,1000.0
1,0.4875,0.525,1000.0
1,0.4875,0.5625,1000.0
1,0.4875,0.6,1000.0
1,0.4875,0.6375,1000.0
1,0.4875,0.675,1000.0
1,0.4875,0.7125,1000.0
1,0.4875,0.75,1000.0
1,0.4875,0.7875,1000.0
1,0.4875,0.825,1000.0
1,0.4875,0.8625,1000.0
1,0.4875,0.9,1000.0
1,0.4875,0.9375,1000.0
1,0.4875,0.975,1000.0
1,0.4875,1.0125,1000.0
1,0.4875,1.05,1000.0
1,0.4875,1.0875,1000.0
1,0.4875,1.125,1000.0
1,0.4875,1.1625,1000.0
1,0.4875,1.2,1000.0
1,0.4875,1.2375,1000.0
1,0.4875,1.275,1000.0
1,0.4875,1.3125,1000.0
1,0.4875,1.35,1000.0
1,0.4875,1.3875,1000.0
1,0.4875,1.425,1000.0
1,0.4875,1.4625,1000.0
1,0.4875,1.5,1000.0
1,0.525,-1.5,0.40127233884956814
1,0.525,-1.4625,0.39114119705975864
1,0.525,-1.425,0.3808644767668849
1,0.525,-1.3875,0.37044122953908726
1,0.525,-1.35,0.359870775173168
1,0.525,-1.3125,0.3491527754659481
1,0.525,-1.275,0.3382873146071948
1,0.525,-1.2375,0.32727499086017664
1,0.525,-1.2,0.316117023655955
1,0.525,-1.1625,0.30481538029338356
1,0.525,-1.125,0.29337292690083844
1,0.525,-1.0875,0.28179360909609585
1,0.525,-1.05,0.2700826688707453
1,0.525,-1.0125,0.2582469056680287
1,0.525,-0.975,0.24629499150026682
1,0.525,-0.9375,0.23423785238501243
1,0.525,-0.9,0.22208913153398357
1,0.525,-0.8625,0.20986575383141592
1,0.525,-0.825,0.1975886164962218
1,0.525,-0.7875,0.18528343785766008
1,0.525,-0.75,0.1729818054727062
1,0.525,-0.7125,0.1607224771944259
1,0.525,-0.675,0.1485530054219509
1,0.525,-0.6375,0.13653177727600257
1,0.525,-0.6,0.12473059423224532
1,0.525,-0.5625,0.11323795728627097
1,0.525,-0.525,0.10216328316031527
1,0.525,-0.4875,0.09164236109845103
1,0.525,-0.45,0.08184448015412023
1,0.525,-0.4125,0.07298183166575063
1,0.525,-0.375,0.06532204933049642
1,0.525,-0.3375,0.05920513557935695
1,0.525,-0.3,0.05506661252880235
1,0.525,-0.2625,0.053469653652759665
1,0.525,-0.225,0.055150413005583356
1,0.525,-0.1875,0.06108315075679416
1,0.525,-0.15,0.07257574543366403
1,0.525,-0.1125,0.09141308120343497
1,0.525,-0.075,0.1200781420993832
1,0.525,-0.0375,0.1621036345423735
1,0.525,0.0,0.22265180676708268
1,0.525,0.0375,0.309512509492579
1,0.525,0.075,0.43491256105127885
1,0.525,0.1125,0.6190122614261843
1,0.525,0.15,0.8972315283606438
1,0.525,0.1875,1.337320269844577
1,0.525,0.225,2.0854221790660894
1,0.525,0.2625,3.5209074653487655
1,0.525,0.3,7.017690452012325
1,0.525,0.3375,25.258180549799864
1,0.525,0.375,1000.0
1,0.525,0.4125,1000.0
1,0.525,0.45,1000.0
1,0.525,0.4875,1000.0
1,0.525,0.525,1000.0
1,0.525,0.5625,1000.0
1,0.525,0.6,1000.0
1,0.525,0.6375,1000.0
1,0.525,0.675,1000.0
1,0.525,0.7125,1000.0
1,0.525,0.75,1000.0
1,0.525,0.7875,1000.0
1,0.525,0.825,1000.0
1,0.525,0.8625,1000.0
1,0.525,0.9,1000.0
1,0.525,0.9375,1000.0
1,0.525,0.975,1000.0
1,0.525,1.0125,1000.0
1,0.525,1.05,1000.0
1,0.525,1.0875,1000.0
1,0.525,1.125,1000.0
1,0.525,1.1625,1000.0
1,0.525,1.2,1000.0
1,0.525,1.2375,1000.0
1,0.525,1.275,1000.0
1,0.525,1.3125,1000.0
1,0.525,1.35,1000.0
1,0.525,1.3875,1000.0
1,0.525,1.425,1000.0
1,0.525,1.4625,1000.0
1,0.525,1.5,1000.0
1,0.5625,-1.5,0.38906704048485813
1,0.5625,-1.4625,0.37903934061518485
1,0.5625,-1.425,0.3688730529557644
1,0.5625,-1.3875,0.3585677461332205
1,0.5625,-1.35,0.34812331255991585
1,0.5625,-1.3125,0.3375400478108967
1,0.5625,-1.275,0.3268187380536471
1,0.5625,-1.2375,0.31596076014619573
1,0.5625,-1.2,0.3049681986133561
1,0.5625,-1.1625,0.29384398386826466
1,0.5625,-1.125,0.2825920565869892
1,0.5625,-1.0875,0.271217564001333
1,0.5625,-1.05,0.2597270950520195
1,0.5625,-1.0125,0.24812896289147718
1,0.5625,-0.975,0.23643354523193366
1,0.5625,-0.9375,0.22465369562952253
1,0.5625,-0.9,0.2128052421553824
1,0.5625,-0.8625,0.20090759426996133
1,0.5625,-0.825,0.18898448441348037
1,0.5625,-0.7875,0.17706487830228296
1,0.5625,-0.75,0.16518409779942964
1,0.5625,-0.7125,0.15338521337835143
1,0.5625,-0.675,0.1417207808495268
1,0.5625,-0.6375,0.13025502092550972
1,0.5625,-0.6,0.11906657288887293
1,0.5625,-0.5625,0.10825199879333092
1,0.5625,-0.525,0.09793027772983408
1,0.5625,-0.4875,0.08824861890981539
1,0.5625,-0.45,0.07939005010633596
1,0.5625,-0.4125,0.07158342359691688
1,0.5625,-0.375,0.06511675544691976
1,0.5625,-0.3375,0.06035522430261181
1,0.5625,-0.3,0.057765782285395154
1,0.5625,-0.2625,0.05795130613922368
1,0.5625,-0.225,0.06169876990980161
1,0.5625,-0.1875,0.0700484543513981
1,0.5625,-0.15,0.08439545710506835
1,0.5625,-0.1125,0.10664211531652938
1,0.5625,-0.075,0.13943311176019896
1,0.5625,-0.0375,0.18652956924458217
1,0.5625,0.0,0.25342635608265857
1,0.5625,0.0375,0.34841567173867094
1,0.5625,0.075,0.48451761402179955
1,0.5625,0.1125,0.6832171276867094
1,0.5625,0.15,0.9823115150271332
1,0.5625,0.1875,1.4542526289891091
1,0.5625,0.225,2.255867280811505
1,0.5625,0.2625,3.796688179856743
1,0.5625,0.3,7.578125697196809
1,0.5625,0.3375,28.195446387725763
1,0.5625,0.375,1000.0
1,0.5625,0.4125,1000.0
1,0.5625,0.45,1000.0
1,0.5625,0.4875,1000.0
1,0.5625,0.525,1000.0
1,0.5625,0.5625,1000.0
1,0.5625,0.6,1000.0
1,0.5625,0.6375,1000.0
1,0.5625,0.675,1000.0
1,0.5625,0.7125,1000.0
1,0.5625,0.75,1000.0
1,0.5625,0.7875,1000.0
1,0.5625,0.825,1000.0
1,0.5625,0.8625,1000.0
1,0.5625,0.9,1000.0
1,0.5625,0.9375,1000.0
1,0.5625,0.975,1000.0
1,0.5625,1.0125,1000.0
1,0.5625,1.05,1000.0
1,0.5625,1.0875,1000.0
1,0.5625,1.125,1000.0
1,0.5625,1.1625,1000.0
1,0.5625,1.2,1000.0
1,0.5625,1.2375,1000.0
1,0.5625,1.275,1000.0
1,0.5625,1.3125,1000.0
1,0.5625,1.35,1000.0
1,0.5625,1.3875,1000.0
1,0.5625,1.425,1000.0
1,0.5625,1.4625,1000.0
1,0.5625,1.5,1000.0
1,0.6,-1.5,0.3773112823373367
1,0.6,-1.4625,0.3673939685383261
1,0.6,-1.425,0.35734533140566527
1,0.6,-1.3875,0.3471654773574544
1,0.6,-1.35,0.3368548938082218
1,0.6,-1.3125,0.32641453445401825
1,0.6,-1.275,0.31584591402916273
1,0.6,-1.2375,0.3051512171257188
1,0.6,-1.2,0.29433342538590845
1,0.6,-1.1625,0.283396467623
1,0.6,-1.125,0.272345398042679
1,0.6,-1.0875,0.2611866086721694
1,0.6,-1.05,0.24992808337047578
1,0.6,-1.0125,0.2385797024476262
1,0.6,-0.975,0.22715360906031146
1,0.6,-0.9375,0.21566465131336557
1,0.6,-0.9,0.20413091756863597
1,0.6,-0.8625,0.19257438709917213
1,0.6,-0.825,0.1810217242734674
1,0.6,-0.7875,0.16950525238736672
1,0.6,-0.75,0.15806415373941704
1,0.6,-0.7125,0.14674595649117436
1,0.6,-0.675,0.13560838756989468
1,0.6,-0.6375,0.12472169621591875
1,0.6,-0.6,0.11417158743241473
1,0.6,-0.5625,0.10406295247570492
1,0.6,-0.525,0.09452465041863162
1,0.6,-0.4875,0.0857156894053352
1,0.6,-0.45,0.07783329169864027
1,0.6,-0.4125,0.07112352342147604
1,0.6,-0.375,0.06589546014628415
1,0.6,-0.3375,0.06254029473125539
1,0.6,-0.3,0.06155745843782098
1,0.6,-0.2625,0.06359086178023819
1,0.6,-0.225,0.06948001064687565
1,0.6,-0.1875,0.08033344503024699
1,0.6,-0.15,0.09763646393109522
1,0.6,-0.1125,0.12341291547738116
1,0.6,-0.075,0.1604748402730837
1,0.6,-0.0375,0.21281989958708405
1,0.6,0.0,0.28628764326355477
1,0.6,0.0375,0.3896912825343281
1,0.6,0.075,0.5368745678831974
1,0.6,0.1125,0.7506997622845067
1,0.6,0.15,1.0714407573858722
1,0.6,0.1875,1.5764603251204548
1,0.6,0.225,2.433785917621933
1,0.6,0.2625,4.084773138623071
1,0.6,0.3,8.167127141247926
1,0.6,0.3375,31.47018668618458
1,0.6,0.375,1000.0
1,0.6,0.4125,1000.0
1,0.6,0.45,1000.0
1,0.6,0.4875,1000.0
1,0.6,0.525,1000.0
1,0.6,0.5625,1000.0
1,0.6,0.6,1000.0
1,0.6,0.6375,1000.0
1,0.6,0.675,1000.0
1,0.6,0.7125,1000.0
1,0.6,0.75,1000.0
1,0.6,0.7875,1000.0
1,0.6,0.825,1000.0
1,0.6,0.8625,1000.0
1,0.6,0.9,1000.0
1,0.6,0.9375,1000.0
1,0.6,0.975,1000.0
1,0.6,1.0125,1000.0
1,0.6,1.05,1000.0
1,0.6,1.0875,1000.0
1,0.6,1.125,1000.0
1,0.6,1.1625,1000.0
1,0.6,1.2,1000.0
1,0.6,1.2375,1000.0
1,0.6,1.275,1000.0
1,0.6,1.3125,1000.0
1,0.6,1.35,1000.0
1,0.6,1.3875,1000.0
1,0.6,1.425,1000.0
1,0.6,1.4625,1000.0
1,0.6,1.5,1000.0
1,0.6375,-1.5,0.36600265718667324
1,0.6375,-1.4625,0.3562024739256898
1,0.6375,-1.425,0.3462784998015496
1,0.6375,-1.3875,0.33623139928099116
1,0.6375,-1.35,0.32606227666860355
1,0.6375,-1.3125,0.3157727675901528
1,0.6375,-1.275,0.3053651413576059
1,0.6375,-1.2375,0.2948424188063272
1,0.6375,-1.2,0.28420851003076714
1,0.6375,-1.1625,0.27346837677514774
1,0.6375,-1.125,0.2626282249275049
1,0.6375,-1.0875,0.25169573357962366
1,0.6375,-1.05,0.2406803284725446
1,0.6375,-1.0125,0.22959350941217785
1,0.6375,-0.975,0.21844924351592215
1,0.6375,-0.9375,0.20726443908521508
1,0.6375,-0.9,0.196059518689338
1,0.6375,-0.8625,0.18485911496165297
1,0.6375,-0.825,0.17369291901734554
1,0.6375,-0.7875,0.16259671980517668
1,0.6375,-0.75,0.15161368380266488
1,0.6375,-0.7125,0.1407959392307797
1,0.6375,-0.675,0.1302065487795128
1,0.6375,-0.6375,0.11992198166709425
1,0.6375,-0.6,0.11003523254175841
1,0.6375,-0.5625,0.10065978542022067
1,0.6375,-0.525,0.09193469167040075
1,0.6375,-0.4875,0.08403113117767046
1,0.6375,-0.45,0.07716096927183766
1,0.6375,-0.4125,0.07158803037281439
1,0.6375,-0.375,0.0676431166958458
1,0.6375,-0.3375,0.0657442613890744
1,0.6375,-0.3,0.06642440968072043
1,0.6375,-0.2625,0.0703698190397938
1,0.6375,-0.225,0.07847421791471079
1,0.6375,-0.1875,0.09191661816880811
1,0.6375,-0.15,0.1122754700906845
1,0.6375,-0.1125,0.14170015033706948
1,0.6375,-0.075,0.18317566549443856
1,0.6375,-0.0375,0.2409442732110328
1,0.6375,0.0,0.3212021864604609
1,0.6375,0.0375,0.43330219597498393
1,0.6375,0.075,0.5919419788311033
1,0.6375,0.1125,0.8214137376268341
1,0.6375,0.15,1.1645673478778718
1,0.6375,0.1875,1.7038866672340607
1,0.6375,0.225,2.6191229548415973
1,0.6375,0.2625,4.385146313520933
1,0.6375,0.3,8.785062492076776
1,0.6375,0.3375,35.1257583214857
1,0.6375,0.375,1000.0
1,0.6375,0.4125,1000.0
1,0.6375,0.45,1000.0
1,0.6375,0.4875,1000.0
1,0.6375,0.525,1000.0
1,0.6375,0.5625,1000.0
1,0.6375,0.6,1000.0
1,0.6375,0.6375,1000.0
1,0.6375,0.675,1000.0
1,0.6375,0.7125,1000.0
1,0.6375,0.75,1000.0
1,0.6375,0.7875,1000.0
1,0.6375,0.825,1000.0
1,0.6375,0.8625,1000.0
1,0.6375,0.9,1000.0
1,0.6375,0.9375,1000.0
1,0.6375,0.975,1000.0
1,0.6375,1.0125,1000.0
1,0.6375,1.05,1000.0
1,0.6375,1.0875,1000.0
1,0.6375,1.125,1000.0
1,0.6375,1.1625,1000.0
1,0.6375,1.2,1000.0
1,0.6375,1.2375,1000.0
1,0.6375,1.275,1000.0
1,0.6375,1.3125,1000.0
1,0.6375,1.35,1000.0
1,0.6375,1.3875,1000.0
1,0.6375,1.425,1000.0
1,0.6375,1.4625,1000.0
1,0.6375,1.5,1000.0
1,0.675,-1.5,0.35513776449413703
1,0.675,-1.4625,0.34546124903860537
1,0.675,-1.425,0.33566873691766513
1,0.675,-1.3875,0.3257614703865111
1,0.675,-1.35,0.31574119198173217
1,0.675,-1.3125,0.3056102424807683
1,0.675,-1.275,0.29537167114740187
1,0.675,-1.2375,0.2850293628750623
1,0.675,-1.2,0.2745881867850702
1,0.675,-1.1625,0.26405417124932606
1,0.675,-1.125,0.25343471107390847
1,0.675,-1.0875,0.24273881367416836
1,0.675,-1.05,0.23197739252212704
1,0.675,-1.0125,0.22116361802501455
1,0.675,-0.975,0.2103133384107508
1,0.675,-0.9375,0.19944558630707132
1,0.675,-0.9,0.18858319071600402
1,0.675,-0.8625,0.17775351928902752
1,0.675,-0.825,0.16698938258803248
1,0.675,-0.7875,0.15633014090550149
1,0.675,-0.75,0.14582306595192787
1,0.675,-0.7125,0.1355250253314359
1,0.675,-0.675,0.12550457867534667
1,0.675,-0.6375,0.11584460266784563
1,0.675,-0.6,0.1066456009786912
1,0.675,-0.5625,0.098029908696697
1,0.675,-0.525,0.09014707571530259
1,0.675,-0.4875,0.08318081937753002
1,0.675,-0.45,0.07735808833892992
1,0.675,-0.4125,0.0729609999480594
1,0.675,-0.375,0.07034273852521293
1,0.675,-0.3375,0.06994898960419038
1,0.675,-0.3,0.07234723032059691
1,0.675,-0.2625,0.07826735770639963
1,0.675,-0.225,0.08865898817050444
1,0.675,-0.1875,0.10477378660293424
1,0.675,-0.15,0.12828626493703385
1,0.675,-0.1125,0.16147529558503673
1,0.675,-0.075,0.20750439456419342
1,0.675,-0.0375,0.2708683898336578
1,0.675,0.0,0.3581320295917964
1,0.675,0.0375,0.4792061101986229
1,0.675,0.075,0.6496723337053905
1,0.675,0.1125,0.8953052779622782
1,0.675,0.15,1.2616301332083146
1,0.675,0.1875,1.8364626724772048
1,0.675,0.225,2.811805502392692
1,0.675,0.2625,4.6977622875907095
1,0.675,0.3,9.432237564808585
1,0.675,0.3375,39.2125259351245
1,0.675,0.375,1000.0
1,0.675,0.4125,1000.0
1,0.675,0.45,1000.0
1,0.675,0.4875,1000.0
1,0.675,0.525,1000.0
1,0.675,0.5625,1000.0
1,0.675,0.6,1000.0
1,0.675,0.6375,1000.0
1,0.675,0.675,1000.0
1,0.675,0.7125,1000.0
1,0.675,0.75,1000.0
1,0.675,0.7875,1000.0
1,0.675,0.825,1000.0
1,0.675,0.8625,1000.0
1,0.675,0.9,1000.0
1,0.675,0.9375,1000.0
1,0.675,0.975,1000.0
1,0.675,1.0125,1000.0
1,0.675,1.05,1000.0
1,0.675,1.0875,1000.0
1,0.675,1.125,1000.0
1,0.675,1.1625,1000.0
1,0.675,1.2,1000.0
1,0.675,1.2375,1000.0
1,0.675,1.275,1000.0
1,0.675,1.3125,1000.0
1,0.675,1.35,1000.0
1,0.675,1.3875,1000.0
1,0.675,1.425,1000.0
1,0.675,1.4625,1000.0
1,0.675,1.5,1000.0
1,0.7125,-1.5,0.34471229338734527
1,0.7125,-1.4625,0.3351657696507829
1,0.7125,-1.425,0.325511298368601
1,0.7125,-1.3875,0.3157507187684204
1,0.7125,-1.35,0.305886432370998
1,0.7125,-1.3125,0.29592150769173686
1,0.7125,-1.275,0.2858597986295139
1,0.7125,-1.2375,0.27570608119603035
1,0.7125,-1.2,0.26546621328739134
1,0.7125,-1.1625,0.25514732269192714
1,0.7125,-1.125,0.24475802937016614
1,0.7125,-1.0875,0.23430870921807068
1,0.7125,-1.05,0.22381180806992085
1,0.7125,-1.0125,0.21328221669124484
1,0.7125,-0.975,0.2027377200734535
1,0.7125,-0.9375,0.19219953763441294
1,0.7125,-0.9,0.1816929751750184
1,0.7125,-0.8625,0.17124821494137293
1,0.7125,-0.825,0.16090127730451714
1,0.7125,-0.7875,0.1506951969568699
1,0.7125,-0.75,0.14068146891550576
1,0.7125,-0.7125,0.1309218361065527
1,0.7125,-0.675,0.12149051242092411
1,0.7125,-0.6375,0.11247696507479446
1,0.7125,-0.6,0.10398942104664324
1,0.7125,-0.5625,0.09615931892261359
1,0.7125,-0.525,0.08914700650711832
1,0.7125,-0.4875,0.08314909631196366
1,0.7125,-0.45,0.07840805115697877
1,0.7125,-0.4125,0.07522480479146912
1,0.7125,-0.375,0.07397556578662057
1,0.7125,-0.3375,0.07513446814104635
1,0.7125,-0.3,0.0793045194062241
1,0.7125,-0.2625,0.0872605249835727
1,0.7125,-0.225,0.1000096251821946
1,0.7125,-0.1875,0.11887828218777009
1,0.7125,-0.15,0.14563993316618648
1,0.7125,-0.1125,0.18270685340144088
1,0.7125,-0.075,0.2334265334130879
1,0.7125,-0.0375,0.30255424171543416
1,0.7125,0.0,0.3970349948537133
1,0.7125,0.0375,0.5273558332205803
1,0.7125,0.075,0.7100123305048154
1,0.7125,0.1125,0.9723135552923323
1,0.7125,0.15,1.3625590229243418
1,0.7125,0.1875,1.9741073708641628
1,0.7125,0.225,3.0117431454346195
1,0.7125,0.2625,5.022546098983742
1,0.7125,0.3,10.108893385406594
1,0.7125,0.3375,43.78935959204894
1,0.7125,0.375,1000.0
1,0.7125,0.4125,1000.0
1,0.7125,0.45,1000.0
1,0.7125,0.4875,1000.0
1,0.7125,0.525,1000.0
1,0.7125,0.5625,1000.0
1,0.7125,0.6,1000.0
1,0.7125,0.6375,1000.0
1,0.7125,0.675,1000.0
1,0.7125,0.7125,1000.0
1,0.7125,0.75,1000.0
1,0.7125,0.7875,1000.0
1,0.7125,0.825,1000.0
1,0.7125,0.8625,1000.0
1,0.7125,0.9,1000.0
1,0.7125,0.9375,1000.0
1,0.7125,0.975,1000.0
1,0.7125,1.0125,1000.0
1,0.7125,1.05,1000.0
1,0.7125,1.0875,1000.0
1,0.7125,1.125,1000.0
1,0.7125,1.1625,1000.0
1,0.7125,1.2,1000.0
1,0.7125,1.2375,1000.0
1,0.7125,1.275,1000.0
1,0.7125,1.3125,1000.0
1,0.7125,1.35,1000.0
1,0.7125,1.3875,1000.0
1,0.7125,1.425,1000.0
1,0.7125,1.4625,1000.0
1,0.7125,1.5,1000.0
1,0.75,-1.5,0.3347211112561284
1,0.75,-1.4625,0.32531068499406485
1,0.75,-1.425,0.3158006079500634
1,0.75,-1.3875,0.3061933349171963
1,0.75,-1.35,0.29649194652279787
1,0.75,-1.3125,0.28670026092613904
1,0.75,-1.275,0.27682296060391687
1,0.75,-1.2375,0.26686573893667187
1,0.75,-1.2,0.2568354714553391
1,0.75,-1.1625,0.2467404171774341
1,0.75,-1.125,0.23659045637918671
1,0.75,-1.0875,0.22639737240735636
1,0.75,-1.05,0.21617518677677192
1,0.75,-1.0125,0.20594055891237556
1,0.75,-0.975,0.1957132646037447
1,0.75,-0.9375,0.18551677071899067
1,0.75,-0.9,0.17537892820773615
1,0.75,-0.8625,0.1653328112262721
1,0.75,-0.825,0.15541773777337006
1,0.75,-0.7875,0.14568051712515664
1,0.75,-0.75,0.1361769824230909
1,0.75,-0.7125,0.12697388414897126
1,0.75,-0.675,0.1181512435370096
1,0.75,-0.6375,0.10980529653998593
1,0.75,-0.6,0.10205220212444373
1,0.75,-0.5625,0.09503274829711597
1,0.75,-0.525,0.08891837257895603
1,0.75,-0.4875,0.08391893147323964
1,0.75,-0.45,0.08029282231355915
1,0.75,-0.4125,0.07836030625899293
1,0.75,-0.375,0.07852124335777848
1,0.75,-0.3375,0.08127899414533318
1,0.75,-0.3,0.0872730731676548
1,0.75,-0.2625,0.09732443602875065
1,0.75,-0.225,0.11249934933420427
1,0.75,-0.1875,0.13420117460853695
1,0.75,-0.15,0.16430508395749563
1,0.75,-0.1125,0.20536059286205305
1,0.75,-0.075,0.2609045395147025
1,0.75,-0.0375,0.3359603800498818
1,0.75,0.0,0.4378649643365331
1,0.75,0.0375,0.5776995817803132
1,0.75,0.075,0.7729031969595145
1,0.75,0.1125,1.052371030381681
1,0.75,0.15,1.4672753539195078
1,0.75,0.1875,2.116728184308636
1,0.75,0.225,3.2188282831235635
1,0.75,0.2625,5.359393259089438
1,0.75,0.3,10.815203619275374
1,0.75,0.3375,48.92555257262844
1,0.75,0.375,1000.0
1,0.75,0.4125,1000.0
1,0.75,0.45,1000.0
1,0.75,0.4875,1000.0
1,0.75,0.525,1000.0
1,0.75,0.5625,1000.0
1,0.75,0.6,1000.0
1,0.75,0.6375,1000.0
1,0.75,0.675,1000.0
1,0.75,0.7125,1000.0
1,0.75,0.75,1000.0
1,0.75,0.7875,1000.0
1,0.75,0.825,1000.0
1,0.75,0.8625,1000.0
1,0.75,0.9,1000.0
1,0.75,0.9375,1000.0
1,0.75,0.975,1000.0
1,0.75,1.0125,1000.0
1,0.75,1.05,1000.0
1,0.75,1.0875,1000.0
1,0.75,1.125,1000.0
1,0.75,1.1625,1000.0
1,0.75,1.2,1000.0
1,0.75,1.2375,1000.0
1,0.75,1.275,1000.0
1,0.75,1.3125,1000.0
1,0.75,1.35,1000.0
1,0.75,1.3875,1000.0
1,0.75,1.425,1000.0
1,0.75,1.4625,1000.0
1,0.75,1.5,1000.0
1,0.7875,-1.5,0.3251583565157368
1,0.7875,-1.4625,0.3158899118470844
1,0.7875,-1.425,0.30653035310223176
1,0.7875,-1.3875,0.297082768610425
1,0.7875,-1.35,0.287550937562396
1,0.7875,-1.3125,0.27793944894667755
1,0.7875,-1.275,0.2682538369753004
1,0.7875,-1.2375,0.2585007377889399
1,0.7875,-1.2,0.24868807247032587
1,0.7875,-1.1625,0.23882526204136362
1,0.7875,-1.125,0.22892348111125466
1,0.7875,-1.0875,0.2189959581836837
1,0.7875,-1.05,0.2090583323724284
1,0.7875,-1.0125,0.19912907850892816
1,0.7875,-0.975,0.18923001548597765
1,0.7875,-0.9375,0.17938691635160947
1,0.7875,-0.9,0.1696302433929655
1,0.7875,-0.8625,0.1599960375650136
1,0.7875,-0.825,0.15052699957762194
1,0.7875,-0.7875,0.1412738103806228
1,0.7875,-0.75,0.13229675254476328
1,0.7875,-0.7125,0.12366771233600958
1,0.7875,-0.675,0.11547266682933849
1,0.7875,-0.6375,0.10781479364298671
1,0.7875,-0.6,0.10081838631230135
1,0.7875,-0.5625,0.09463382110136401
1,0.7875,-0.525,0.08944390877290731
1,0.7875,-0.4875,0.08547208891110669
1,0.7875,-0.45,0.08299310219762084
1,0.7875,-0.4125,0.08234703449128897
1,0.7875,-0.375,0.08395800807363313
1,0.7875,-0.3375,0.08835936815033542
1,0.7875,-0.3,0.09622808847944889
1,0.7875,-0.2625,0.10843248663078019
1,0.7875,-0.225,0.1260995203624378
1,0.7875,-0.1875,0.15071150511648523
1,0.7875,-0.15,0.18424809677453385
1,0.7875,-0.1125,0.22939980901942436
1,0.7875,-0.075,0.28989809566228175
1,0.7875,-0.0375,0.37104220513103703
1,0.7875,0.0,0.4805721886866262
1,0.7875,0.0375,0.6301813112099942
1,0.7875,0.075,0.8382810451895909
1,0.7875,0.1125,1.1354038368077621
1,0.7875,0.15,1.5756923085855485
1,0.7875,0.1875,2.264221377517589
1,0.7875,0.225,3.432936573815212
1,0.7875,0.2625,5.708169947945845
1,0.7875,0.3,11.551272352035648
1,0.7875,0.3375,54.703310127111095
1,0.7875,0.375,1000.0
1,0.7875,0.4125,1000.0
1,0.7875,0.45,1000.0
1,0.7875,0.4875,1000.0
1,0.7875,0.525,1000.0
1,0.7875,0.5625,1000.0
1,0.7875,0.6,1000.0
1,0.7875,0.6375,1000.0
1,0.7875,0.675,1000.0
1,0.7875,0.7125,1000.0
1,0.7875,0.75,1000.0
1,0.7875,0.7875,1000.0
1,0.7875,0.825,1000.0
1,0.7875,0.8625,1000.0
1,0.7875,0.9,1000.0
1,0.7875,0.9375,1000.0
1,0.7875,0.975,1000.0
1,0.7875,1.0125,1000.0
1,0.7875,1.05,1000.0
1,0.7875,1.0875,1000.0
1,0.7875,1.125,1000.0
1,0.7875,1.1625,1000.0
1,0.7875,1.2,1000.0
1,0.7875,1.2375,1000.0
1,0.7875,1.275,1000.0
1,0.7875,1.3125,1000.0
1,0.7875,1.35,1000.0
1,0.7875,1.3875,1000.0
1,0.7875,1.425,1000.0
1,0.7875,1.4625,1000.0
1,0.7875,1.5,1000.0
1,0.825,-1.5,0.31601753396836135
1,0.825,-1.4625,0.3068967311880209
1,0.825,-1.425,0.29769358290674425
1,0.825,-1.3875,0.2884118283109992
1,0.825,-1.35,0.2790559639147993
1,0.825,-1.3125,0.26963136996558623
1,0.825,-1.275,0.2601444547437256
1,0.825,-1.2375,0.25060282163826736
1,0.825,-1.2,0.24101546420878742
1,0.825,-1.1625,0.2313929951646552
1,0.825,-1.125,0.22174791626014684
1,0.825,-1.0875,0.2120949375291058
1,0.825,-1.05,0.2024513561250655
1,0.825,-1.0125,0.19283750739095357
1,0.825,-0.975,0.18327730379803878
1,0.825,-0.9375,0.17379888125911855
1,0.825,-0.9,0.1644353772954185
1,0.825,-0.8625,0.1552258719710238
1,0.825,-0.825,0.14621653088053174
1,0.825,-0.7875,0.13746200044113827
1,0.825,-0.75,0.12902712020871676
1,0.825,-0.7125,0.12098903618013399
1,0.825,-0.675,0.1134398248568581
1,0.825,-0.6375,0.10648977279068034
1,0.825,-0.6,0.10027150411007849
1,0.825,-0.5625,0.0949452145392328
1,0.825,-0.525,0.09070536266876653
1,0.825,-0.4875,0.08778929972200553
1,0.825,-0.45,0.0864885060745069
1,0.825,-0.4125,0.087163374659471
1,0.825,-0.375,0.0902628827950964
1,0.825,-0.3375,0.09635109669709768
1,0.825,-0.3,0.10614337484725102
1,0.825,-0.2625,0.12055657547663466
1,0.825,-0.225,0.140779870928609
1,0.825,-0.1875,0.16837653257126114
1,0.825,-0.15,0.20543338119501958
1,0.825,-0.1125,0.2547855980369975
1,0.825,-0.075,0.32036440217968487
1,0.825,-0.0375,0.40775227776602263
1,0.825,0.0,0.5251036203587166
1,0.825,0.0375,0.6847410739477238
1,0.825,0.075,0.9060772601090418
1,0.825,0.1125,1.2213322056341482
1,0.825,0.15,1.687715383935261
1,0.825,0.1875,2.416472577696561
1,0.825,0.225,3.6539274839771254
1,0.825,0.2625,6.068713388326876
1,0.825,0.3,12.317132246875584
1,0.825,0.3375,61.22102790831327
1,0.825,0.375,1000.0
1,0.825,0.4125,1000.0
1,0.825,0.45,1000.0
1,0.825,0.4875,1000.0
1,0.825,0.525,1000.0
1,0.825,0.5625,1000.0
1,0.825,0.6,1000.0
1,0.825,0.6375,1000.0
1,0.825,0.675,1000.0
1,0.825,0.7125,1000.0
1,0.825,0.75,1000.0
1,0.825,0.7875,1000.0
1,0.825,0.825,1000.0
1,0.825,0.8625,1000.0
1,0.825,0.9,1000.0
1,0.825,0.9375,1000.0
1,0.825,0.975,1000.0
1,0.825,1.0125,1000.0
1,0.825,1.05,1000.0
1,0.825,1.0875,1000.0
1,0.825,1.125,1000.0
1,0.825,1.1625,1000.0
1,0.825,1.2,1000.0
1,0.825,1.2375,1000.0
1,0.825,1.275,1000.0
1,0.825,1.3125,1000.0
1,0.825,1.35,1000.0
1,0.825,1.3875,1000.0
1,0.825,1.425,1000.0
1,0.825,1.4625,1000.0
1,0.825,1.5,1000.0
1,0.8625,-1.5,0.30729161107841996
1,0.8625,-1.4625,0.29832388571899443
1,0.8625,-1.425,0.28928280691659497
1,0.8625,-1.3875,0.2801727813631519
1,0.8625,-1.35,0.2709990409322301
1,0.8625,-1.3125,0.2617677767740159
1,0.8625,-1.275,0.25248629271202827
1,0.8625,-1.2375,0.2431631829312564
1,0.8625,-1.2,0.2338085393591758
1,0.8625,-1.1625,0.22443419493637462
1,0.8625,-1.125,0.21505401011605332
1,0.8625,-1.0875,0.20568421144264637
1,0.8625,-1.05,0.1963437930047772
1,0.8625,-1.0125,0.18705499404256276
1,0.8625,-0.975,0.17784386916306752
1,0.8625,-0.9375,0.16874097168281552
1,0.8625,-0.9,0.1597821758451558
1,0.8625,-0.8625,0.15100967042126234
1,0.8625,-0.825,0.14247316499837004
1,0.8625,-0.7875,0.13423136177653566
1,0.8625,-0.75,0.1263537608906655
1,0.8625,-0.7125,0.11892288748311905
1,0.8625,-0.675,0.11203705585990804
1,0.8625,-0.6375,0.10581382276212711
1,0.8625,-0.6,0.10039433195929631
1,0.8625,-0.5625,0.09594882169978193
1,0.8625,-0.525,0.0926836634389576
1,0.8625,-0.4875,0.09085043732380557
1,0.8625,-0.45,0.09075774637091025
1,0.8625,-0.4125,0.09278675692263695
1,0.8625,-0.375,0.0974118747837052
1,0.8625,-0.3375,0.10522859996490612
1,0.8625,-0.3,0.11699157224087041
1,0.8625,-0.2625,0.13366733325849545
1,0.8625,-0.225,0.15650874821739968
1,0.8625,-0.1875,0.18716198891400143
1,0.8625,-0.15,0.2278236478484959
1,0.8625,-0.1125,0.2814771454289691
1,0.8625,-0.075,0.3522584846192138
1,0.8625,-0.0375,0.44604064901583673
1,0.8625,0.0,0.5714032686016202
1,0.8625,0.0375,0.7413154039138768
1,0.8625,0.075,0.9762189188456301
1,0.8625,0.1125,1.3100709279273342
1,0.8625,0.15,1.8032429086448987
1,0.8625,0.1875,2.5733573594855677
1,0.8625,0.225,3.881644937063004
1,0.8625,0.2625,6.440832398109918
1,0.8625,0.3,13.112743099867144
1,0.8625,0.3375,68.59768448581819
1,0.8625,0.375,1000.0
1,0.8625,0.4125,1000.0
1,0.8625,0.45,1000.0
1,0.8625,0.4875,1000.0
1,0.8625,0.525,1000.0
1,0.8625,0.5625,1000.0
1,0.8625,0.6,1000.0
1,0.8625,0.6375,1000.0
1,0.8625,0.675,1000.0
1,0.8625,0.7125,1000.0
1,0.8625,0.75,1000.0
1,0.8625,0.7875,1000.0
1,0.8625,0.825,1000.0
1,0.8625,0.8625,1000.0
1,0.8625,0.9,1000.0
1,0.8625,0.9375,1000.0
1,0.8625,0.975,1000.0
1,0.8625,1.0125,1000.0
1,0.8625,1.05,1000.0
1,0.8625,1.0875,1000.0
1,0.8625,1.125,1000.0
1,0.8625,1.1625,1000.0
1,0.8625,1.2,1000.0
1,0.8625,1.2375,1000.0
1,0.8625,1.275,1000.0
1,0.8625,1.3125,1000.0
1,0.8625,1.35,1000.0
1,0.8625,1.3875,1000.0
1,0.8625,1.425,1000.0
1,0.8625,1.4625,1000.0
1,0.8625,1.5,1000.0
1,0.9,-1.5,0.2989731133731384
1,0.9,-1.4625,0.2901636764676462
1,0.9,-1.425,0.2812900930182286
1,0.9,-1.3875,0.2723574531789469
1,0.9,-1.35,0.2633717414737795
1,0.9,-1.3125,0.2543399787889423
1,0.9,-1.275,0.24527038507993235
1,0.9,-1.2375,0.2361725679033471
1,0.9,-1.2,0.2270577423765518
1,0.9,-1.1625,0.21793898903629494
1,0.9,-1.125,0.2088315572856954
1,0.9,-1.0875,0.19975322371683668
1,0.9,-1.05,0.19072471664574525
1,0.9,-1.0125,0.18177022081038852
1,0.9,-0.975,0.1729179795175827
1,0.9,-0.9375,0.1642010157937889
1,0.9,-0.9,0.1556579995835168
1,0.9,-0.8625,0.14733429513385957
1,0.9,-0.825,0.13928323193080192
1,0.9,-0.7875,0.13156765463521586
1,0.9,-0.75,0.12426182340548537
1,0.9,-0.7125,0.11745375719022633
1,0.9,-0.675,0.11124814100699043
1,0.9,-0.6375,0.10576995671502012
1,0.9,-0.6,0.1011690494186049
1,0.9,-0.5625,0.09762591435934828
1,0.9,-0.525,0.09535909079015031
1,0.9,-0.4875,0.09463469311332708
1,0.9,-0.45,0.09577881569770749
1,0.9,-0.4125,0.09919384754958832
1,0.9,-0.375,0.10538017575302025
1,0.9,-0.3375,0.11496542169571758
1,0.9,-0.3,0.12874437196574423
1,0.9,-0.2625,0.14773435571848015
1,0.9,-0.225,0.17325336055896565
1,0.9,-0.1875,0.20703234098265483
1,0.9,-0.15,0.25138018729139916
1,0.9,-0.1125,0.309432024169844
1,0.9,-0.075,0.38553351366900623
1,0.9,-0.0375,0.48585520497851736
1,0.9,0.0,0.6194125729204896
1,0.9,0.0375,0.7998377235537519
1,0.9,0.075,1.0486292380390074
1,0.9,0.1125,1.4015298519563022
1,0.9,0.15,1.9221666046003996
1,0.9,0.1875,2.7347418910745955
1,0.9,0.225,4.115918057671952
1,0.9,0.2625,6.824308118689284
1,0.9,0.3,13.937990811419226
1,0.9,0.3375,76.97884165674444
1,0.9,0.375,1000.0
1,0.9,0.4125,1000.0
1,0.9,0.45,1000.0
1,0.9,0.4875,1000.0
1,0.9,0.525,1000.0
1,0.9,0.5625,1000.0
1,0.9,0.6,1000.0
1,0.9,0.6375,1000.0
1,0.9,0.675,1000.0
1,0.9,0.7125,1000.0
1,0.9,0.75,1000.0
1,0.9,0.7875,1000.0
1,0.9,0.825,1000.0
1,0.9,0.8625,1000.0
1,0.9,0.9,1000.0
1,0.9,0.9375,1000.0
1,0.9,0.975,1000.0
1,0.9,1.0125,1000.0
1,0.9,1.05,1000.0
1,0.9,1.0875,1000.0
1,0.9,1.125,1000.0
1,0.9,1.1625,1000.0
1,0.9,1.2,1000.0
1,0.9,1.2375,1000.0
1,0.9,1.275,1000.0
1,0.9,1.3125,1000.0
1,0.9,1.35,1000.0
1,0.9,1.3875,1000.0
1,0.9,1.425,1000.0
1,0.9,1.4625,1000.0
1,0.9,1.5,1000.0
1,0.9375,-1.5,0.2910542170914496
1,0.9375,-1.4625,0.2824080565847971
1,0.9375,-1.425,0.27370716244029203
1,0.9375,-1.3875,0.26495732352497126
1,0.9375,-1.35,0.25616529354185835
1,0.9375,-1.3125,0.24733894111667343
1,0.9375,-1.275,0.23848742201789927
1,0.9375,-1.2375,0.22962137875286365
1,0.9375,-1.2,0.22075317335387895
1,0.9375,-1.1625,0.21189716010841633
1,0.9375,-1.125,0.20307000628177066
1,0.9375,-1.0875,0.19429107056643152
1,0.9375,-1.05,0.1855828511482539
1,0.9375,-1.0125,0.17697151802479255
1,0.9375,-0.975,0.16848754771101151
1,0.9375,-0.9375,0.16016648294467217
1,0.9375,-0.9,0.1520498457575889
1,0.9375,-0.8625,0.14418623971442251
1,0.9375,-0.825,0.13663268678917495
1,0.9375,-0.7875,0.1294562570083515
1,0.9375,-0.75,0.12273606568826426
1,0.9375,-0.7125,0.11656573529974827
1,0.9375,-0.675,0.1110564487795252
1,0.9375,-0.6375,0.106340761432523
1,0.9375,-0.6,0.10257739370567202
1,0.9375,-0.5625,0.09995730330452837
1,0.9375,-0.525,0.0987114416146708
1,0.9375,-0.4875,0.09912075006446351
1,0.9375,-0.45,0.10152916809543605
1,0.9375,-0.4125,0.10636073860816023
1,0.9375,-0.375,0.11414236091016311
1,0.9375,-0.3375,0.12553443862711888
1,0.9375,-0.3,0.14137273768010547
1,0.9375,-0.2625,0.16272643762361344
1,0.9375,-0.225,0.190980025949168
1,0.9375,-0.1875,0.2279510554195162
1,0.9375,-0.15,0.2760631534500407
1,0.9375,-0.1125,0.3386064991949729
1,0.9375,-0.075,0.42014113370199024
1,0.9375,-0.0375,0.5271420229886989
1,0.9375,0.0,0.6690707913734464
1,0.9375,0.0375,0.8602387699327066
1,0.9375,0.075,1.1232280454551908
1,0.9375,0.1125,1.495614411514037
1,0.9375,0.15,2.044372189167777
1,0.9375,0.1875,2.900483637031096
1,0.9375,0.225,4.356562005489997
1,0.9375,0.2625,7.218894915353944
1,0.9375,0.3,14.792686788644865
1,0.9375,0.3375,86.54502657611641
1,0.9375,0.375,1000.0
1,0.9375,0.4125,1000.0
1,0.9375,0.45,1000.0
1,0.9375,0.4875,1000.0
1,0.9375,0.525,1000.0
1,0.9375,0.5625,1000.0
1,0.9375,0.6,1000.0
1,0.9375,0.6375,1000.0
1,0.9375,0.675,1000.0
1,0.9375,0.7125,1000.0
1,0.9375,0.75,1000.0
1,0.9375,0.7875,1000.0
1,0.9375,0.825,1000.0
1,0.9375,0.8625,1000.0
1,0.9375,0.9,1000.0
1,0.9375,0.9375,1000.0
1,0.9375,0.975,1000.0
1,0.9375,1.0125,1000.0
1,0.9375,1.05,1000.0
1,0.9375,1.0875,1000.0
1,0.9375,1.125,1000.0
1,0.9375,1.1625,1000.0
1,0.9375,1.2,1000.0
1,0.9375,1.2375,1000.0
1,0.9375,1.275,1000.0
1,0.9375,1.3125,1000.0
1,0.9375,1.35,1000.0
1,0.9375,1.3875,1000.0
1,0.9375,1.425,1000.0
1,0.9375,1.4625,1000.0
1,0.9375,1.5,1000.0
1,0.975,-1.5,0.28352683713772997
1,0.975,-1.4625,0.2750487203921502
1,0.975,-1.425,0.2665254799602156
1,0.975,-1.3875,0.2579636179572735
1,0.975,-1.35,0.24937067302003238
1,0.975,-1.3125,0.2407553786736682
1,0.975,-1.275,0.23212784525709135
1,0.975,-1.2375,0.22349977079294367
1,0.975,-1.2,0.21488468683605721
1,0.975,-1.1625,0.20629824634528834
1,0.975,-1.125,0.19775856199462857
1,0.975,-1.0875,0.1892866051143308
1,0.975,-1.05,0.18090667771665497
1,0.975,-1.0125,0.17264697293981712
1,0.975,-0.975,0.164540242911123
1,0.975,-0.9375,0.1566245977192593
1,0.975,-0.9,0.1489444652097788
1,0.975,-0.8625,0.14155174910060997
1,0.975,-0.825,0.13450723303296128
1,0.975,-0.7875,0.12788229141983107
1,0.975,-0.75,0.12176098542760759
1,0.975,-0.7125,0.11624264566182407
1,0.975,-0.675,0.11144507429536789
1,0.975,-0.6375,0.10750854157332121
1,0.975,-0.6,0.1046008093248683
1,0.975,-0.5625,0.10292349384570836
1,0.975,-0.525,0.10272019196449447
1,0.975,-0.4875,0.10428695181475506
1,0.975,-0.45,0.10798589597629374
1,0.975,-0.4125,0.11426313361204816
1,0.975,-0.375,0.1236725842824154
1,0.975,-0.3375,0.13690806662204863
1,0.975,-0.3,0.15484712362716244
1,0.975,-0.2625,0.178611804609275
1,0.975,-0.225,0.20965441926346381
1,0.975,-0.1875,0.24988086331563594
1,0.975,-0.15,0.3018318481201069
1,0.975,-0.1125,0.36895583462667647
1,0.975,-0.075,0.45603179615914086
1,0.975,-0.0375,0.5698457353101842
1,0.975,0.0,0.7203153997044704
1,0.975,0.0375,0.9224470358642736
1,0.975,0.075,1.1999322719230971
1,0.975,0.1125,1.592226181379317
1,0.975,0.15,2.1697400140335197
1,0.975,0.1875,3.0704321129958387
1,0.975,0.225,4.603378892798667
1,0.975,0.2625,7.624321443736083
1,0.975,0.3,15.676567789864706
1,0.975,0.3375,97.52375189212266
1,0.975,0.375,1000.0
1,0.975,0.4125,1000.0
1,0.975,0.45,1000.0
1,0.975,0.4875,1000.0
1,0.975,0.525,1000.0
1,0.975,0.5625,1000.0
1,0.975,0.6,1000.0
1,0.975,0.6375,1000.0
1,0.975,0.675,1000.0
1,0.975,0.7125,1000.0
1,0.975,0.75,1000.0
1,0.975,0.7875,1000.0
1,0.975,0.825,1000.0
1,0.975,0.8625,1000.0
1,0.975,0.9,1000.0
1,0.975,0.9375,1000.0
1,0.975,0.975,1000.0
1,0.975,1.0125,1000.0
1,0.975,1.05,1000.0
1,0.975,1.0875,1000.0
1,0.975,1.125,1000.0
1,0.975,1.1625,1000.0
1,0.975,1.2,1000.0
1,0.975,1.2375,1000.0
1,0.975,1.275,1000.0
1,0.975,1.3125,1000.0
1,0.975,1.35,1000.0
1,0.975,1.3875,1000.0
1,0.975,1.425,1000.0
1,0.975,1.4625,1000.0
1,0.975,1.5,1000.0
1,1.0125,-1.5,0.27638270836221546
1,1.0125,-1.4625,0.2680771857005249
1,1.0125,-1.425,0.2597363373274509
1,1.0125,-1.3875,0.25136739242141226
1,1.0125,-1.35,0.24297868952677149
1,1.0125,-1.3125,0.2345798433764528
1,1.0125,-1.275,0.226181936704038
1,1.0125,-1.2375,0.21779774258623427
1,1.0125,-1.2,0.20944198357729146
1,1.0125,-1.1625,0.20113163497879538
1,1.0125,-1.125,0.1928862810361701
1,1.0125,-1.0875,0.18472853471819892
1,1.0125,-1.05,0.17668453410932777
1,1.0125,-1.0125,0.16878453145937916
1,1.0125,-0.975,0.16106359477308987
1,1.0125,-0.9375,0.15356244672647756
1,1.0125,-0.9,0.1463284719961185
1,1.0125,-0.8625,0.1394169322238365
1,1.0125,-0.825,0.13289243841621928
1,1.0125,-0.7875,0.12683074442424053
1,1.0125,-0.75,0.12132094341096142
1,1.0125,-0.7125,0.11646817350027383
1,1.0125,-0.675,0.11239697137476257
1,1.0125,-0.6375,0.10925545669378038
1,1.0125,-0.6,0.10722059050937591
1,1.0125,-0.5625,0.10650483420310146
1,1.0125,-0.525,0.10736465197572231
1,1.0125,-0.4875,0.11011146480570172
1,1.0125,-0.45,0.11512590025549052
1,1.0125,-0.4125,0.12287652653425651
1,1.0125,-0.375,0.1339447676415886
1,1.0125,-0.3375,0.1490584606973631
1,1.0125,-0.3,0.1691376871582119
1,1.0125,-0.2625,0.19535833982431158
1,1.0125,-0.225,0.2292418149379971
1,1.0125,-0.1875,0.27278402118988854
1,1.0125,-0.15,0.3286450029312465
1,1.0125,-0.1125,0.40043459993730207
1,1.0125,-0.075,0.49315509378257333
1,1.0125,-0.0375,0.613909896157043
1,1.0125,0.0,0.7730824970031276
1,1.0125,0.0375,0.9863892216726744
1,1.0125,0.075,1.278656459170357
1,1.0125,0.1125,1.6912634554994102
1,1.0125,0.15,2.2981457360674704
1,1.0125,0.1875,3.244429687052987
1,1.0125,0.225,4.8561587787391876
1,1.0125,0.2625,8.040291874707643
1,1.0125,0.3,16.58929621876864
1,1.0125,0.3375,110.20729767220833
1,1.0125,0.375,1000.0
1,1.0125,0.4125,1000.0
1,1.0125,0.45,1000.0
1,1.0125,0.4875,1000.0
1,1.0125,0.525,1000.0
1,1.0125,0.5625,1000.0
1,1.0125,0.6,1000.0
1,1.0125,0.6375,1000.0
1,1.0125,0.675,1000.0
1,1.0125,0.7125,1000.0
1,1.0125,0.75,1000.0
1,1.0125,0.7875,1000.0
1,1.0125,0.825,1000.0
1,1.0125,0.8625,1000.0
1,1.0125,0.9,1000.0
1,1.0125,0.9375,1000.0
1,1.0125,0.975,1000.0
1,1.0125,1.0125,1000.0
1,1.0125,1.05,1000.0
1,1.0125,1.0875,1000.0
1,1.0125,1.125,1000.0
1,1.0125,1.1625,1000.0
1,1.0125,1.2,1000.0
1,1.0125,1.2375,1000.0
1,1.0125,1.275,1000.0
1,1.0125,1.3125,1000.0
1,1.0125,1.35,1000.0
1,1.0125,1.3875,1000.0
1,1.0125,1.425,1000.0
1,1.0125,1.4625,1000.0
1,1.0125,1.5,1000.0
1,1.05,-1.5,0.2696134582008354
1,1.05,-1.4625,0.2614848674305751
1,1.05,-1.425,0.2533309279341802
1,1.05,-1.3875,0.24515960904687878
1,1.05,-1.35,0.23698006341240346
1,1.05,-1.3125,0.22880280242550466
1,1.05,-1.275,0.22063989810195278
1,1.05,-1.2375,0.21250521708084424
1,1.05,-1.2,0.2044146932562348
1,1.05,-1.1625,0.19638664668715047
1,1.05,-1.125,0.18844215796029928
1,1.05,-1.0875,0.1806055091358994
1,1.05,-1.05,0.17290470489164622
1,1.05,-1.0125,0.16537209063262406
1,1.05,-0.975,0.15804508834585546
1,1.05,-0.9375,0.15096707610188326
1,1.05,-0.9,0.14418844368447112
1,1.05,-0.8625,0.1377678653255614
1,1.05,-0.825,0.13177384156584826
1,1.05,-0.7875,0.1262865767166763
1,1.05,-0.75,0.12140027746505293
1,1.05,-0.7125,0.11722598351669378
1,1.05,-0.675,0.11389507518039481
1,1.05,-0.6375,0.11156364884188932
1,1.05,-0.6,0.11041801424020226
1,1.05,-0.5625,0.11068165448444489
1,1.05,-0.525,0.11262411141208083
1,1.05,-0.4875,0.11657243108615875
1,1.05,-0.45,0.12292605121199632
1,1.05,-0.4125,0.13217637164606952
1,1.05,-0.375,0.14493278039012697
1,1.05,-0.3375,0.16195770620435962
1,1.05,-0.3,0.18421449267079795
1,1.05,-0.2625,0.2129338023526489
1,1.05,-0.225,0.24970732192136108
1,1.05,-0.1875,0.2966225649117502
1,1.05,-0.15,0.356461055168933
1,1.05,-0.1125,0.43299697120535297
1,1.05,-0.075,0.5314600916068631
1,1.05,-0.0375,0.6592773477056342
1,1.05,0.0,0.8273072133302907
1,1.05,0.0375,1.0519906928559999
1,1.05,0.075,1.3593132787266173
1,1.05,0.1125,1.792621843028269
1,1.05,0.15,2.4294610152443616
1,1.05,0.1875,3.4223124222375714
1,1.05,0.225,5.1146807330340796
1,1.05,0.2625,8.466487268499723
1,1.05,0.3,17.530460871922134
1,1.05,0.3375,124.98002652372064
1,1.05,0.375,1000.0
1,1.05,0.4125,1000.0
1,1.05,0.45,1000.0
1,1.05,0.4875,1000.0
1,1.05,0.525,1000.0
1,1.05,0.5625,1000.0
1,1.05,0.6,1000.0
1,1.05,0.6375,1000.0
1,1.05,0.675,1000.0
1,1.05,0.7125,1000.0
1,1.05,0.75,1000.0
1,1.05,0.7875,1000.0
1,1.05,0.825,1000.0
1,1.05,0.8625,1000.0
1,1.05,0.9,1000.0
1,1.05,0.9375,1000.0
1,1.05,0.975,1000.0
1,1.05,1.0125,1000.0
1,1.05,1.05,1000.0
1,1.05,1.0875,1000.0
1,1.05,1.125,1000.0
1,1.05,1.1625,1000.0
1,1.05,1.2,1000.0
1,1.05,1.2375,1000.0
1,1.05,1.275,1000.0
1,1.05,1.3125,1000.0
1,1.05,1.35,1000.0
1,1.05,1.3875,1000.0
1,1.05,1.425,1000.0
1,1.05,1.4625,1000.0
1,1.05,1.5,1000.0
1,1.0875,-1.5,0.2632106687810799
1,1.0875,-1.4625,0.2552631406415952
1,1.0875,-1.425,0.2473004108375744
1,1.0875,-1.3875,0.23933120123792803
1,1.0875,-1.35,0.2313654919987103
1,1.0875,-1.3125,0.223414705779353
1,1.0875,-1.275,0.2154919198311575
1,1.0875,-1.2375,0.20761211183557415
1,1.0875,-1.2,0.19979244623181883
1,1.0875,-1.1625,0.19205260899518406
1,1.0875,-1.125,0.18441520043042728
1,1.0875,-1.0875,0.17690619759283918
1,1.0875,-1.05,0.1695555005467586
1,1.0875,-1.0125,0.16239757996397972
1,1.0875,-0.975,0.1554722477510187
1,1.0875,-0.9375,0.1488255777403593
1,1.0875,-0.9,0.1425110103434451
1,1.0875,-0.8625,0.13659068392458001
1,1.0875,-0.825,0.13113704717191527
1,1.0875,-0.7875,0.1262348218164975
1,1.0875,-0.75,0.12198340493303028
1,1.0875,-0.7125,0.11849982649508281
1,1.0875,-0.675,0.11592241332320169
1,1.0875,-0.6375,0.11441535858410812
1,1.0875,-0.6,0.11417446166799491
1,1.0875,-0.5625,0.11543439403937573
1,1.0875,-0.525,0.11847797356481848
1,1.0875,-0.4875,0.12364810946037941
1,1.0875,-0.45,0.13136333769462466
1,1.0875,-0.4125,0.14213824172007883
1,1.0875,-0.375,0.15661060785596975
1,1.0875,-0.3375,0.17557799850000624
1,1.0875,-0.3,0.20004770417264028
1,1.0875,-0.2625,0.23130603447110132
1,1.0875,-0.225,0.2710161077794602
1,1.0875,-0.1875,0.32135855324380475
1,1.0875,-0.15,0.38523841389220864
1,1.0875,-0.1125,0.46659702363526895
1,1.0875,-0.075,0.570895650584811
1,1.0875,-0.0375,0.7058905806639146
1,1.0875,0.0,0.8829241145710848
1,1.0875,0.0375,1.1191759386421578
1,1.0875,0.075,1.4418140566914621
1,1.0875,0.1125,1.8961948769148231
1,1.0875,0.15,2.5635542342220803
1,1.0875,0.1875,3.60391095429299
1,1.0875,0.225,5.378713961476481
1,1.0875,0.2625,8.902567087387304
1,1.0875,0.3,18.499578139350046
1,1.0875,0.3375,142.36234440335758
1,1.0875,0.375,1000.0
1,1.0875,0.4125,1000.0
1,1.0875,0.45,1000.0
1,1.0875,0.4875,1000.0
1,1.0875,0.525,1000.0
1,1.0875,0.5625,1000.0
1,1.0875,0.6,1000.0
1,1.0875,0.6375,1000.0
1,1.0875,0.675,1000.0
1,1.0875,0.7125,1000.0
1,1.0875,0.75,1000.0
1,1.0875,0.7875,1000.0
1,1.0875,0.825,1000.0
1,1.0875,0.8625,1000.0
1,1.0875,0.9,1000.0
1,1.0875,0.9375,1000.0
1,1.0875,0.975,1000.0
1,1.0875,1.0125,1000.0
1,1.0875,1.05,1000.0
1,1.0875,1.0875,1000.0
1,1.0875,1.125,1000.0
1,1.0875,1.1625,1000.0
1,1.0875,1.2,1000.0
1,1.0875,1.2375,1000.0
1,1.0875,1.275,1000.0
1,1.0875,1.3125,1000.0
1,1.0875,1.35,1000.0
1,1.0875,1.3875,1000.0
1,1.0875,1.425,1000.0
1,1.0875,1.4625,1000.0
1,1.0875,1.5,1000.0
1,1.125,-1.5,0.2571659267581131
1,1.125,-1.4625,0.24940339123035013
1,1.125,-1.425,0.24163596239253604
1,1.125,-1.3875,0.23387312631601379
1,1.125,-1.35,0.22612570331185097
1,1.125,-1.3125,0.21840604106430098
1,1.125,-1.275,0.21072823708793748
1,1.125,-1.2375,0.20310839656683802
1,1.125,-1.2,0.19556493256444005
1,1.125,-1.1625,0.1881189168839729
1,1.125,-1.125,0.1807944915405541
1,1.125,-1.0875,0.1736193529472876
1,1.125,-1.05,0.1666253236288047
1,1.125,-1.0125,0.15984902971006643
1,1.125,-0.975,0.15333270679282404
1,1.125,-0.9375,0.1471251624038627
1,1.125,-0.9,0.14128293034984685
1,1.125,-0.8625,0.13587166154571229
1,1.125,-0.825,0.13096780788143214
1,1.125,-0.7875,0.12666067139559456
1,1.125,-0.75,0.1230549117360192
1,1.125,-0.7125,0.12027363242946285
1,1.125,-0.675,0.11846220342831945
1,1.125,-0.6375,0.11779302742804434
1,1.125,-0.6,0.11847152586505573
1,1.125,-0.5625,0.12074371507744276
1,1.125,-0.525,0.12490587534949753
1,1.125,-0.4875,0.13131700276739142
1,1.125,-0.45,0.14041500239728788
1,1.125,-0.4125,0.15273797224714303
1,1.125,-0.375,0.16895250555847063
1,1.125,-0.3375,0.18989180856694157
1,1.125,-0.3,0.21660776380489458
1,1.125,-0.2625,0.25044315492803154
1,1.125,-0.225,0.2931336089601703
1,1.125,-0.1875,0.3469542977988613
1,1.125,-0.15,0.4149357128920798
1,1.125,-0.1125,0.5011890115941553
1,1.125,-0.075,0.6114107397683485
1,1.125,-0.0375,0.7536920849513173
1,1.125,0.0,0.93986759968274
1,1.125,0.0375,1.187869026233158
1,1.125,0.075,1.5260692988509827
1,1.125,0.1125,2.0018746293199117
1,1.125,0.15,2.7002912337223184
1,1.125,0.1875,3.7890513984195944
1,1.125,0.225,5.648018985178824
1,1.125,0.2625,9.348170835051507
1,1.125,0.3,19.4960936538733
1,1.125,0.3375,163.0857693490234
1,1.125,0.375,1000.0
1,1.125,0.4125,1000.0
1,1.125,0.45,1000.0
1,1.125,0.4875,1000.0
1,1.125,0.525,1000.0
1,1.125,0.5625,1000.0
1,1.125,0.6,1000.0
1,1.125,0.6375,1000.0
1,1.125,0.675,1000.0
1,1.125,0.7125,1000.0
1,1.125,0.75,1000.0
1,1.125,0.7875,1000.0
1,1.125,0.825,1000.0
1,1.125,0.8625,1000.0
1,1.125,0.9,1000.0
1,1.125,0.9375,1000.0
1,1.125,0.975,1000.0
1,1.125,1.0125,1000.0
1,1.125,1.05,1000.0
1,1.125,1.0875,1000.0
1,1.125,1.125,1000.0
1,1.125,1.1625,1000.0
1,1.125,1.2,1000.0
1,1.125,1.2375,1000.0
1,1.125,1.275,1000.0
1,1.125,1.3125,1000.0
1,1.125,1.35,1000.0
1,1.125,1.3875,1000.0
1,1.125,1.425,1000.0
1,1.125,1.4625,1000.0
1,1.125,1.5,1000.0
1,1.1625,-1.5,0.25147085940888037
1,1.1625,-1.4625,0.24389705282292518
1,1.1625,-1.425,0.2363288140121639
1,1.1625,-1.3875,0.22877640422425355
1,1.1625,-1.35,0.2212514958111975
1,1.1625,-1.3125,0.21376737441343413
1,1.1625,-1.275,0.2063391719254885
1,1.1625,-1.2375,0.19898413648985172
1,1.1625,-1.2,0.19172194676286253
1,1.1625,-1.1625,0.18457507905684448
1,1.1625,-1.125,0.17756923772248678
1,1.1625,-1.0875,0.1707338613706007
1,1.1625,-1.05,0.164102720358688
1,1.1625,-1.0125,0.15771462454555796
1,1.1625,-0.975,0.15161426486209373
1,1.1625,-0.9375,0.1458532180465145
1,1.1625,-0.9,0.140491151335071
1,1.1625,-0.8625,0.13559727350698444
1,1.1625,-0.825,0.1312520911678535
1,1.1625,-0.7875,0.12754954549695807
1,1.1625,-0.75,0.12459962623654365
1,1.1625,-0.7125,0.12253158836150625
1,1.1625,-0.675,0.12149793531533408
1,1.1625,-0.6375,0.12167938475943348
1,1.1625,-0.6,0.12329110398693537
1,1.1625,-0.5625,0.12659060058590021
1,1.1625,-0.525,0.13188779158751
1,1.1625,-0.4875,0.13955796922489777
1,1.1625,-0.45,0.15005866107408586
1,1.1625,-0.4125,0.16395178946551325
1,1.1625,-0.375,0.18193313715871962
1,1.1625,-0.3375,0.20487203219503702
1,1.1625,-0.3,0.23386555381736343
1,1.1625,-0.2625,0.27031373559085115
1,1.1625,-0.225,0.3160257243909878
1,1.1625,-0.1875,0.3733725763733531
1,1.1625,-0.15,0.44551204719698456
1,1.1625,-0.1125,0.5367276325662663
1,1.1625,-0.075,0.6529547330848263
1,1.1625,-0.0375,0.8026246861143325
1,1.1625,0.0,0.9980722855033355
1,1.1625,0.0375,1.2579940454278051
1,1.1625,0.075,1.6119892103913498
1,1.1625,0.1125,2.109552327770503
1,1.1625,0.15,2.83953605740687
1,1.1625,0.1875,3.977556278355737
1,1.1625,0.225,5.9223488653013545
1,1.1625,0.2625,9.802919809728557
1,1.1625,0.3,20.51938438074206
1,1.1625,0.3375,188.2314918914461
1,1.1625,0.375,1000.0
1,1.1625,0.4125,1000.0
1,1.1625,0.45,1000.0
1,1.1625,0.4875,1000.0
1,1.1625,0.525,1000.0
1,1.1625,0.5625,1000.0
1,1.1625,0.6,1000.0
1,1.1625,0.6375,1000.0
1,1.1625,0.675,1000.0
1,1.1625,0.7125,1000.0
1,1.1625,0.75,1000.0
1,1.1625,0.7875,1000.0
1,1.1625,0.825,1000.0
1,1.1625,0.8625,1000.0
1,1.1625,0.9,1000.0
1,1.1625,0.9375,1000.0
1,1.1625,0.975,1000.0
1,1.1625,1.0125,1000.0
1,1.1625,1.05,1000.0
1,1.1625,1.0875,1000.0
1,1.1625,1.125,1000.0
1,1.1625,1.1625,1000.0
1,1.1625,1.2,1000.0
1,1.1625,1.2375,1000.0
1,1.1625,1.275,1000.0
1,1.1625,1.3125,1000.0
1,1.1625,1.35,1000.0
1,1.1625,1.3875,1000.0
1,1.1625,1.425,1000.0
1,1.1625,1.4625,1000.0
1,1.1625,1.5,1000.0
1,1.2,-1.5,0.24611715590268093
1,1.2,-1.4625,0.23873562876949486
1,1.2,-1.425,0.23137027495588913
1,1.2,-1.3875,0.22403214118256118
1,1.2,-1.35,0.21673376298997404
1,1.2,-1.3125,0.20948937609664472
1,1.2,-1.275,0.20231516000307992
1,1.2,-1.2375,0.19522952028313564
1,1.2,-1.2,0.18825341706735355
1,1.2,-1.1625,0.18141074865224482
1,1.2,-1.125,0.17472880100817173
1,1.2,-1.0875,0.16823877628830772
1,1.2,-1.05,0.16197641638384203
1,1.2,-1.0125,0.1559827412934082
1,1.2,-0.975,0.15030492680195864
1,1.2,-0.9375,0.14499735199579727
1,1.2,-0.9,0.14012285487855133
1,1.2,-0.8625,0.13575424434118782
1,1.2,-0.825,0.13197612971830736
1,1.2,-0.7875,0.12888714614998262
1,1.2,-0.75,0.1266026763728641
1,1.2,-0.7125,0.12525819935790355
1,1.2,-0.675,0.12501343618107888
1,1.2,-0.6375,0.12605751763772277
1,1.2,-0.6,0.12861547214111166
1,1.2,-0.5625,0.13295643479457597
1,1.2,-0.525,0.1394041216652297
1,1.2,-0.4875,0.14835031597104198
1,1.2,-0.45,0.16027240376143662
1,1.2,-0.4125,0.1757564201948133
1,1.2,-0.375,0.1955276940016573
1,1.2,-0.3375,0.22049212053270098
1,1.2,-0.3,0.25179253968665444
1,1.2,-0.2625,0.2908869590130401
1,1.2,-0.225,0.3396589897904074
1,1.2,-0.1875,0.4005768268303384
1,1.2,-0.15,0.4769271900445094
1,1.2,-0.1125,0.5731682716334993
1,1.2,-0.075,0.6954776869395026
1,1.2,-0.0375,0.852631863258314
1,1.2,0.0,1.057473374380595
1,1.2,0.0375,1.329475538308695
1,1.2,0.075,1.6994842043176177
1,1.2,0.1125,2.2191189656591455
1,1.2,0.15,2.9811516995103804
1,1.2,0.1875,4.169245470704885
1,1.2,0.225,6.201450464728034
1,1.2,0.2625,10.266418957485888
1,1.2,0.3,21.568761134936825
1,1.2,0.3375,219.5147038629558
1,1.2,0.375,1000.0
1,1.2,0.4125,1000.0
1,1.2,0.45,1000.0
1,1.2,0.4875,1000.0
1,1.2,0.525,1000.0
1,1.2,0.5625,1000.0
1,1.2,0.6,1000.0
1,1.2,0.6375,1000.0
1,1.2,0.675,1000.0
1,1.2,0.7125,1000.0
1,1.2,0.75,1000.0
1,1.2,0.7875,1000.0
1,1.2,0.825,1000.0
1,1.2,0.8625,1000.0
1,1.2,0.9,1000.0
1,1.2,0.9375,1000.0
1,1.2,0.975,1000.0
1,1.2,1.0125,1000.0
1,1.2,1.05,1000.0
1,1.2,1.0875,1000.0
1,1.2,1.125,1000.0
1,1.2,1.1625,1000.0
1,1.2,1.2,1000.0
1,1.2,1.2375,1000.0
1,1.2,1.275,1000.0
1,1.2,1.3125,1000.0
1,1.2,1.35,1000.0
1,1.2,1.3875,1000.0
1,1.2,1.425,1000.0
1,1.2,1.4625,1000.0
1,1.2,1.5,1000.0
1,1.2375,-1.5,0.2410965732005614
1,1.2375,-1.4625,0.23391069868069453
1,1.2375,-1.425,0.2267517395685454
1,1.2375,-1.3875,0.21963153769946941
1,1.2375,-1.35,0.21256350223467657
1,1.2375,-1.3125,0.20556283030775085
1,1.2375,-1.275,0.19864676138673965
1,1.2375,-1.2375,0.1918348719949771
1,1.2375,-1.2,0.18514941856111375
1,1.2375,-1.1625,0.1786157376670293
1,1.2375,-1.125,0.17226271488025569
1,1.2375,-1.0875,0.1661233357827947
1,1.2375,-1.05,0.1602353358683813
1,1.2375,-1.0125,0.15464196984952444
1,1.2375,-0.975,0.1493929258272193
1,1.2375,-0.9375,0.14454541604148477
1,1.2375,-0.9,0.14016548395774198
1,1.2375,-0.8625,0.1363295778171855
1,1.2375,-0.825,0.1331264542578822
1,1.2375,-0.7875,0.13065949325381757
1,1.2375,-0.75,0.12904952888554502
1,1.2375,-0.7125,0.12843833139671754
1,1.2375,-0.675,0.12899291750002345
1,1.2375,-0.6375,0.13091092210880256
1,1.2375,-0.6,0.13442734156224123
1,1.2375,-0.5625,0.13982306472534942
1,1.2375,-0.525,0.14743575704294004
1,1.2375,-0.4875,0.15767387320659068
1,1.2375,-0.45,0.17103487633493583
1,1.2375,-0.4125,0.1881291817209258
1,1.2375,-0.375,0.20971199440553076
1,1.2375,-0.3375,0.23672619006126017
1,1.2375,-0.3,0.2703608923128571
1,1.2375,-0.2625,0.31213275471778756
1,1.2375,-0.225,0.3640007303242392
1,1.2375,-0.1875,0.42853131896125224
1,1.2375,-0.15,0.5091417874994223
1,1.2375,-0.1125,0.6104672233527665
1,1.2375,-0.075,0.7389305951314338
1,1.2375,-0.0375,0.9036580445106596
1,1.2375,0.0,1.1180070000674571
1,1.2375,0.0375,1.4022389087820435
1,1.2375,0.075,1.7884653926556897
1,1.2375,0.1125,2.330465900488696
1,1.2375,0.15,3.1250008481033538
1,1.2375,0.1875,4.363937156975562
1,1.2375,0.225,6.485065737897029
1,1.2375,0.2625,10.73825881142805
1,1.2375,0.3,22.643471509349236
1,1.2375,0.3375,259.9620642404479
1,1.2375,0.375,1000.0
1,1.2375,0.4125,1000.0
1,1.2375,0.45,1000.0
1,1.2375,0.4875,1000.0
1,1.2375,0.525,1000.0
1,1.2375,0.5625,1000.0
1,1.2375,0.6,1000.0
1,1.2375,0.6375,1000.0
1,1.2375,0.675,1000.0
1,1.2375,0.7125,1000.0
1,1.2375,0.75,1000.0
1,1.2375,0.7875,1000.0
1,1.2375,0.825,1000.0
1,1.2375,0.8625,1000.0
1,1.2375,0.9,1000.0
1,1.2375,0.9375,1000.0
1,1.2375,0.975,1000.0
1,1.2375,1.0125,1000.0
1,1.2375,1.05,1000.0
1,1.2375,1.0875,1000.0
1,1.2375,1.125,1000.0
1,1.2375,1.1625,1000.0
1,1.2375,1.2,1000.0
1,1.2375,1.2375,1000.0
1,1.2375,1.275,1000.0
1,1.2375,1.3125,1000.0
1,1.2375,1.35,1000.0
1,1.2375,1.3875,1000.0
1,1.2375,1.425,1000.0
1,1.2375,1.4625,1000.0
1,1.2375,1.5,1000.0
1,1.275,-1.5,0.2364009267186138
1,1.275,-1.4625,0.2294139096209382
1,1.275,-1.425,0.2224646790637939
1,1.275,-1.3875,0.21556588100994972
1,1.275,-1.35,0.20873180798620966
1,1.275,-1.3125,0.20197862912297088
1,1.275,-1.275,0.19532465538472407
1,1.275,-1.2375,0.18879064684174388
1,1.275,-1.2,0.18240017002412126
1,1.275,-1.1625,0.17618001496608682
1,1.275,-1.125,0.17016068354610972
1,1.275,-1.0875,0.1643769632496466
1,1.275,-1.05,0.15886860366003053
1,1.275,-1.0125,0.1536811170001036
1,1.275,-0.975,0.1488667291448395
1,1.275,-0.9375,0.1444855140265718
1,1.275,-0.9,0.14060675269313705
1,1.275,-0.8625,0.1373105690412123
1,1.275,-0.825,0.13468990823045546
1,1.275,-0.7875,0.13285294208501783
1,1.275,-0.75,0.13192600992680853
1,1.275,-0.7125,0.13205723538514172
1,1.275,-0.675,0.1334210027940665
1,1.275,-0.6375,0.13622353511358304
1,1.275,-0.6,0.14070989509698478
1,1.275,-0.5625,0.14717284175076267
1,1.275,-0.525,0.15596412845652985
1,1.275,-0.4875,0.16750904769544714
1,1.275,-0.45,0.18232534106951115
1,1.275,-0.4125,0.2010480503056042
1,1.275,-0.375,0.22446256117074972
1,1.275,-0.3375,0.2535491103533308
1,1.275,-0.3,0.28954358753172726
1,1.275,-0.2625,0.3340219122938414
1,1.275,-0.225,0.3890191895369616
1,1.275,-0.1875,0.4572013020580976
1,1.275,-0.15,0.5421175282065201
1,1.275,-0.1125,0.6485818882156617
1,1.275,-0.075,0.7832656178865753
1,1.275,-0.0375,0.9556488763385069
1,1.275,0.0,1.17961054760861
1,1.275,0.0375,1.4762108069692133
1,1.275,0.075,1.8788450546047293
1,1.275,0.1125,2.443485433167713
1,1.275,0.15,3.2709466165454284
1,1.275,0.1875,4.561448775352343
1,1.275,0.225,6.772933039703905
1,1.275,0.2625,11.218017502305491
1,1.275,0.3,23.7427031929703
1,1.275,0.3375,315.9150437560784
1,1.275,0.375,1000.0
1,1.275,0.4125,1000.0
1,1.275,0.45,1000.0
1,1.275,0.4875,1000.0
1,1.275,0.525,1000.0
1,1.275,0.5625,1000.0
1,1.275,0.6,1000.0
1,1.275,0.6375,1000.0
1,1.275,0.675,1000.0
1,1.275,0.7125,1000.0
1,1.275,0.75,1000.0
1,1.275,0.7875,1000.0
1,1.275,0.825,1000.0
1,1.275,0.8625,1000.0
1,1.275,0.9,1000.0
1,1.275,0.9375,1000.0
1,1.275,0.975,1000.0
1,1.275,1.0125,1000.0
1,1.275,1.05,1000.0
1,1.275,1.0875,1000.0
1,1.275,1.125,1000.0
1,1.275,1.1625,1000.0
1,1.275,1.2,1000.0
1,1.275,1.2375,1000.0
1,1.275,1.275,1000.0
1,1.275,1.3125,1000.0
1,1.275,1.35,1000.0
1,1.275,1.3875,1000.0
1,1.275,1.425,1000.0
1,1.275,1.4625,1000.0
1,1.275,1.5,1000.0
1,1.3125,-1.5,0.23202206671110576
1,1.3125,-1.4625,0.2252369528884817
1,1.3125,-1.425,0.21850061875306181
1,1.3125,-1.3875,0.21182652280914924
1,1.3125,-1.35,0.2052298500387645
1,1.3125,-1.3125,0.19872775143018911
1,1.3125,-1.275,0.19233962017781836
1,1.3125,-1.2375,0.18608741161586134
1,1.3125,-1.2,0.17999601520206795
1,1.3125,-1.1625,0.17409368850286722
1,1.3125,-1.125,0.16841256520875922
1,1.3125,-1.0875,0.16298925182688834
1,1.3125,-1.05,0.15786553099573566
1,1.3125,-1.0125,0.15308919353301959
1,1.3125,-0.975,0.1487150266132423
1,1.3125,-0.9375,0.14480599221091578
1,1.3125,-0.9,0.1414346385888304
1,1.3125,-0.8625,0.13868479876518486
1,1.3125,-0.825,0.13665364438633448
1,1.3125,-0.7875,0.1354541823997683
1,1.3125,-0.75,0.1352183069397226
1,1.3125,-0.7125,0.13610055210929337
1,1.3125,-0.675,0.13828273598278826
1,1.3125,-0.6375,0.14197974661078105
1,1.3125,-0.6,0.14744680352096073
1,1.3125,-0.5625,0.15498864258539166
1,1.3125,-0.525,0.1649712321334196
1,1.3125,-0.4875,0.17783685483937042
1,1.3125,-0.45,0.19412371530932115
1,1.3125,-0.4125,0.21449170731332903
1,1.3125,-0.375,0.23975667618109556
1,1.3125,-0.3375,0.27093656836116925
1,1.3125,-0.3,0.3093144815513448
1,1.3125,-0.2625,0.3565261697613917
1,1.3125,-0.225,0.4146836328448652
1,1.3125,-0.1875,0.48655312628331604
1,1.3125,-0.15,0.5758172861257468
1,1.3125,-0.1125,0.6874709412415229
1,1.3125,-0.075,0.8284362821849179
1,1.3125,-0.0375,1.0085514634188928
1,1.3125,0.0,1.2422229433032144
1,1.3125,0.0375,1.5513194837634654
1,1.3125,0.075,1.970537076020657
1,1.3125,0.1125,2.558071361697707
1,1.3125,0.15,3.4188532554771665
1,1.3125,0.1875,4.761597963792097
1,1.3125,0.225,7.064788444064976
1,1.3125,0.2625,11.705262825844676
1,1.3125,0.3,24.8655876542816
1,1.3125,0.3375,405.1363915414795
1,1.3125,0.375,1000.0
1,1.3125,0.4125,1000.0
1,1.3125,0.45,1000.0
1,1.3125,0.4875,1000.0
1,1.3125,0.525,1000.0
1,1.3125,0.5625,1000.0
1,1.3125,0.6,1000.0
1,1.3125,0.6375,1000.0
1,1.3125,0.675,1000.0
1,1.3125,0.7125,1000.0
1,1.3125,0.75,1000.0
1,1.3125,0.7875,1000.0
1,1.3125,0.825,1000.0
1,1.3125,0.8625,1000.0
1,1.3125,0.9,1000.0
1,1.3125,0.9375,1000.0
1,1.3125,0.975,1000.0
1,1.3125,1.0125,1000.0
1,1.3125,1.05,1000.0
1,1.3125,1.0875,1000.0
1,1.3125,1.125,1000.0
1,1.3125,1.1625,1000.0
1,1.3125,1.2,1000.0
1,1.3125,1.2375,1000.0
1,1.3125,1.275,1000.0
1,1.3125,1.3125,1000.0
1,1.3125,1.35,1000.0
1,1.3125,1.3875,1000.0
1,1.3125,1.425,1000.0
1,1.3125,1.4625,1000.0
1,1.3125,1.5,1000.0
1,1.35,-1.5,0.22795184225560472
1,1.35,-1.4625,0.22137152823269104
1,1.35,-1.425,0.21485110253596804
1,1.35,-1.3875,0.20840484406066614
1,1.35,-1.35,0.20204883871475177
1,1.35,-1.3125,0.1958012285239371
1,1.35,-1.275,0.18968249889286717
1,1.35,-1.2375,0.18371581130207854
1,1.35,-1.2,0.1779273900358625
1,1.35,-1.1625,0.1723469732396883
1,1.35,-1.125,0.1670083407634274
1,1.35,-1.0875,0.1619499339619957
1,1.35,-1.05,0.15721558604322275
1,1.35,-1.0125,0.1528553858690622
1,1.35,-0.975,0.14892670359077834
1,1.35,-0.9375,0.1454954134784843
1,1.35,-0.9,0.14263735825590793
1,1.35,-0.8625,0.14044011080153104
1,1.35,-0.825,0.13900510408419786
1,1.35,-0.7875,0.13845021984187467
1,1.35,-0.75,0.13891295241784143
1,1.35,-0.7125,0.14055429862179974
1,1.35,-0.675,0.14356357071080444
1,1.35,-0.6375,0.1481643921972287
1,1.35,-0.6,0.15462222185366162
1,1.35,-0.5625,0.16325386975423353
1,1.35,-0.525,0.17443963494136738
1,1.35,-0.4875,0.18863892911587707
1,1.35,-0.45,0.2064105879025563
1,1.35,-0.4125,0.22843956247229638
1,1.35,-0.375,0.2555724114708456
1,1.35,-0.3375,0.28886510845909924
1,1.35,-0.3,0.32964836137984804
1,1.35,-0.2625,0.37961827610602944
1,1.35,-0.225,0.4409644243045345
1,1.35,-0.1875,0.5165543363430981
1,1.35,-0.15,0.6102052345131738
1,1.35,-0.1125,0.7270944706748047
1,1.35,-0.075,0.8743976509865655
1,1.35,-0.0375,1.0623145761962558
1,1.35,0.0,1.30578491126601
1,1.35,0.0375,1.6274951112777778
1,1.35,0.075,2.0634573549478707
1,1.35,0.1125,2.6741195027702505
1,1.35,0.15,3.5685868376158596
1,1.35,0.1875,4.964203485672017
1,1.35,0.225,7.360367062355302
1,1.35,0.2625,12.199554352090848
1,1.35,0.3,26.011204161359228
1,1.35,0.3375,608.2164679297596
1,1.35,0.375,1000.0
1,1.35,0.4125,1000.0
1,1.35,0.45,1000.0
1,1.35,0.4875,1000.0
1,1.35,0.525,1000.0
1,1.35,0.5625,1000.0
1,1.35,0.6,1000.0
1,1.35,0.6375,1000.0
1,1.35,0.675,1000.0
1,1.35,0.7125,1000.0
1,1.35,0.75,1000.0
1,1.35,0.7875,1000.0
1,1.35,0.825,1000.0
1,1.35,0.8625,1000.0
1,1.35,0.9,1000.0
1,1.35,0.9375,1000.0
1,1.35,0.975,1000.0
1,1.35,1.0125,1000.0
1,1.35,1.05,1000.0
1,1.35,1.0875,1000.0
1,1.35,1.125,1000.0
1,1.35,1.1625,1000.0
1,1.35,1.2,1000.0
1,1.35,1.2375,1000.0
1,1.35,1.275,1000.0
1,1.35,1.3125,1000.0
1,1.35,1.35,1000.0
1,1.35,1.3875,1000.0
1,1.35,1.425,1000.0
1,1.35,1.4625,1000.0
1,1.35,1.5,1000.0
1,1.3875,-1.5,0.22418205569521527
1,1.3875,-1.4625,0.21780929832863774
1,1.3875,-1.425,0.2115076474345001
1,1.3875,-1.3875,0.20529220962078193
1,1.3875,-1.35,0.19917997961325165
1,1.3875,-1.3125,0.19319009901636452
1,1.3875,-1.275,0.18734415471923202
1,1.3875,-1.2375,0.18166652444759493
1,1.3875,-1.2,0.1761847783394903
1,1.3875,-1.1625,0.17093014719396954
1,1.3875,-1.125,0.16593807028019197
1,1.3875,-1.0875,0.1612488384073506
1,1.3875,-1.05,0.15690835149500235
1,1.3875,-1.0125,0.15296901435081625
1,1.3875,-0.975,0.14949080002775303
1,1.3875,-0.9375,0.14654251735432047
1,1.3875,-0.9,0.14420332849147313
1,1.3875,-0.8625,0.14256457431882735
1,1.3875,-0.825,0.14173198097776674
1,1.3875,-0.7875,0.14182834121761273
1,1.3875,-0.75,0.14299679099145665
1,1.3875,-0.7125,0.14540483739272358
1,1.3875,-0.675,0.1492493418514289
1,1.3875,-0.6375,0.15476272729281518
1,1.3875,-0.6,0.16222076660061294
1,1.3875,-0.5625,0.17195243232387633
1,1.3875,-0.525,0.18435245910678283
1,1.3875,-0.4875,0.19989751336132638
1,1.3875,-0.45,0.21916721372306538
1,1.3875,-0.4125,0.24287175442595765
1,1.3875,-0.375,0.2718886367431453
1,1.3875,-0.3375,0.307312148048172
1,1.3875,-0.3,0.35052096986808096
1,1.3875,-0.2625,0.403272027411168
1,1.3875,-0.225,0.4678330758809625
1,1.3875,-0.1875,0.5471737364638052
1,1.3875,-0.15,0.6452469298948125
1,1.3875,-0.1125,0.7674140852381013
1,1.3875,-0.075,0.9211064594470111
1,1.3875,-0.0375,1.1168888237582437
1,1.3875,0.0,1.370239193615422
1,1.3875,0.0375,1.7046700654107152
1,1.3875,0.075,2.1575241683700783
1,1.3875,0.1125,2.7915281751149568
1,1.3875,0.15,3.720015907689194
1,1.3875,0.1875,5.16908612894136
1,1.3875,0.225,7.659404351531763
1,1.3875,0.2625,12.700445562104706
1,1.3875,0.3,27.17858410684795
1,1.3875,0.3375,1666.877116790367
1,1.3875,0.375,1000.0
1,1.3875,0.4125,1000.0
1,1.3875,0.45,1000.0
1,1.3875,0.4875,1000.0
1,1.3875,0.525,1000.0
1,1.3875,0.5625,1000.0
1,1.3875,0.6,1000.0
1,1.3875,0.6375,1000.0
1,1.3875,0.675,1000.0
1,1.3875,0.7125,1000.0
1,1.3875,0.75,1000.0
1,1.3875,0.7875,1000.0
1,1.3875,0.825,1000.0
1,1.3875,0.8625,1000.0
1,1.3875,0.9,1000.0
1,1.3875,0.9375,1000.0
1,1.3875,0.975,1000.0
1,1.3875,1.0125,1000.0
1,1.3875,1.05,1000.0
1,1.3875,1.0875,1000.0
1,1.3875,1.125,1000.0
1,1.3875,1.1625,1000.0
1,1.3875,1.2,1000.0
1,1.3875,1.2375,1000.0
1,1.3875,1.275,1000.0
1,1.3875,1.3125,1000.0
1,1.3875,1.35,1000.0
1,1.3875,1.3875,1000.0
1,1.3875,1.425,1000.0
1,1.3875,1.4625,1000.0
1,1.3875,1.5,1000.0
1,1.425,-1.5,0.2207044113276846
1,1.425,-1.4625,0.2145418372645342
1,1.425,-1.425,0.20846169188949767
1,1.425,-1.3875,0.20247991635740153
1,1.425,-1.35,0.19661442156789483
1,1.425,-1.3125,0.19088535665408166
1,1.425,-1.275,0.18531541860862633
1,1.425,-1.2375,0.1799302107735016
1,1.425,-1.2,0.1747586593568577
1,1.425,-1.1625,0.169833498980182
1,1.425,-1.125,0.16519184057743724
1,1.425,-1.0875,0.16087583787919985
1,1.425,-1.05,0.15693347237548608
1,1.425,-1.0125,0.1534194812704131
1,1.425,-0.975,0.15039645879847952
1,1.425,-0.9375,0.14793616873731466
1,1.425,-0.9,0.14612111552311008
1,1.425,-0.8625,0.1450464337255674
1,1.425,-0.825,0.14482217168556383
1,1.425,-0.7875,0.14557606612006382
1,1.425,-0.75,0.14745693220032471
1,1.425,-0.7125,0.1506388304536551
1,1.425,-0.675,0.15532622127893297
1,1.425,-0.6375,0.16176038483714025
1,1.425,-0.6,0.17022747571682934
1,1.425,-0.5625,0.1810687085295996
1,1.425,-0.525,0.1946933479669155
1,1.425,-0.4875,0.21159542818691068
1,1.425,-0.45,0.2323754873821742
1,1.425,-0.4125,0.2577691294865107
1,1.425,-0.375,0.28868500405156367
1,1.425,-0.3375,0.3262559692280187
1,1.425,-0.3,0.37190900565727714
1,1.425,-0.2625,0.42746227665533776
1,1.425,-0.225,0.4952622690469975
1,1.425,-0.1875,0.5783814262533266
1,1.425,-0.15,0.6809093653427208
1,1.425,-0.1125,0.8083929889427771
1,1.425,-0.075,0.9685212167603822
1,1.425,-0.0375,1.1722267902173513
1,1.425,0.0,1.4355307318883987
1,1.425,0.0375,1.782779167338832
1,1.425,0.075,2.252658495913122
1,1.425,0.1125,2.9101986389062864
1,1.425,0.15,3.8730120900762395
1,1.425,0.1875,5.376069569583555
1,1.425,0.225,7.961637401341223
1,1.425,0.2625,13.207485997425735
1,1.425,0.3,28.366715603047506
1,1.425,0.3375,1000.0
1,1.425,0.375,1000.0
1,1.425,0.4125,1000.0
1,1.425,0.45,1000.0
1,1.425,0.4875,1000.0
1,1.425,0.525,1000.0
1,1.425,0.5625,1000.0
1,1.425,0.6,1000.0
1,1.425,0.6375,1000.0
1,1.425,0.675,1000.0
1,1.425,0.7125,1000.0
1,1.425,0.75,1000.0
1,1.425,0.7875,1000.0
1,1.425,0.825,1000.0
1,1.425,0.8625,1000.0
1,1.425,0.9,1000.0
1,1.425,0.9375,1000.0
1,1.425,0.975,1000.0
1,1.425,1.0125,1000.0
1,1.425,1.05,1000.0
1,1.425,1.0875,1000.0
1,1.425,1.125,1000.0
1,1.425,1.1625,1000.0
1,1.425,1.2,1000.0
1,1.425,1.2375,1000.0
1,1.425,1.275,1000.0
1,1.425,1.3125,1000.0
1,1.425,1.35,1000.0
1,1.425,1.3875,1000.0
1,1.425,1.425,1000.0
1,1.425,1.4625,1000.0
1,1.425,1.5,1000.0
1,1.4625,-1.5,0.21751046292094148
1,1.4625,-1.4625,0.21156057759381172
1,1.4625,-1.425,0.20570454234124552
1,1.4625,-1.3875,0.1999591392530501
1,1.4625,-1.35,0.1943432022684483
1,1.4625,-1.3125,0.18887789545720546
1,1.4625,-1.275,0.1835870339336478
1,1.4625,-1.2375,0.17849745535847938
1,1.4625,-1.2,0.17363945148059143
1,1.4625,-1.1625,0.1690472710785943
1,1.4625,-1.125,0.16475970806106996
1,1.4625,-1.0875,0.16082079149441214
1,1.4625,-1.05,0.15728059810990658
1,1.4625,-1.0125,0.1541962126139409
1,1.4625,-0.975,0.15163286717453783
1,1.4625,-0.9375,0.14966529916723315
1,1.4625,-0.9,0.14837937614794316
1,1.4625,-0.8625,0.1478740497749095
1,1.4625,-0.825,0.14826371697280205
1,1.4625,-0.7875,0.14968108832020832
1,1.4625,-0.75,0.15228069224992544
1,1.4625,-0.7125,0.1562431817028933
1,1.4625,-0.675,0.16178066093881638
1,1.4625,-0.6375,0.16914331937898044
1,1.4625,-0.6,0.17862775401417366
1,1.4625,-0.5625,0.1905874928519979
1,1.4625,-0.525,0.20544641512970604
1,1.4625,-0.4875,0.2237160237106117
1,1.4625,-0.45,0.24601789811200328
1,1.4625,-0.4125,0.27311320035896675
1,1.4625,-0.375,0.3059419111899501
1,1.4625,-0.3375,0.3456756878468605
1,1.4625,-0.3,0.3937900990980533
1,1.4625,-0.2625,0.4521649179852125
1,1.4625,-0.225,0.5232258492578945
1,1.4625,-0.1875,0.6101488077100625
1,1.4625,-0.15,0.7171609930159376
1,1.4625,-0.1125,0.8499960230909658
1,1.4625,-0.075,1.0166022728896247
1,1.4625,-0.0375,1.228283133406939
1,1.4625,0.0,1.5016068079163314
1,1.4625,0.0375,1.8617598813981566
1,1.4625,0.075,2.34878429689165
1,1.4625,0.1125,3.0300354861407337
1,1.4625,0.15,4.02745064713643
1,1.4625,0.1875,5.584981190213897
1,1.4625,0.225,8.266806189633249
1,1.4625,0.2625,13.720223407761319
1,1.4625,0.3,29.574548309956686
1,1.4625,0.3375,1000.0
1,1.4625,0.375,1000.0
1,1.4625,0.4125,1000.0
1,1.4625,0.45,1000.0
1,1.4625,0.4875,1000.0
1,1.4625,0.525,1000.0
1,1.4625,0.5625,1000.0
1,1.4625,0.6,1000.0
1,1.4625,0.6375,1000.0
1,1.4625,0.675,1000.0
1,1.4625,0.7125,1000.0
1,1.4625,0.75,1000.0
1,1.4625,0.7875,1000.0
1,1.4625,0.825,1000.0
1,1.4625,0.8625,1000.0
1,1.4625,0.9,1000.0
1,1.4625,0.9375,1000.0
1,1.4625,0.975,1000.0
1,1.4625,1.0125,1000.0
1,1.4625,1.05,1000.0
1,1.4625,1.0875,1000.0
1,1.4625,1.125,1000.0
1,1.4625,1.1625,1000.0
1,1.4625,1.2,1000.0
1,1.4625,1.2375,1000.0
1,1.4625,1.275,1000.0
1,1.4625,1.3125,1000.0
1,1.4625,1.35,1000.0
1,1.4625,1.3875,1000.0
1,1.4625,1.425,1000.0
1,1.4625,1.4625,1000.0
1,1.4625,1.5,1000.0
1,1.5,-1.5,0.21459156516280503
1,1.5,-1.4625,0.20885676104525536
1,1.5,-1.425,0.2032273231717937
1,1.5,-1.3875,0.1977208805520971
1,1.5,-1.35,0.19235719658692113
1,1.5,-1.3125,0.18715845719993973
1,1.5,-1.275,0.18214960310042128
1,1.5,-1.2375,0.17735871436355638
1,1.5,-1.2,0.17281745707192617
1,1.5,-1.1625,0.1685616037368838
1,1.5,-1.125,0.16463164169871686
1,1.5,-1.0875,0.16107348681319855
1,1.5,-1.05,0.15793932363750218
1,1.5,-1.0125,0.1552885982541259
1,1.5,-0.975,0.15318919611432613
1,1.5,-0.9375,0.15171884523833323
1,1.5,-0.9,0.15096679530902277
1,1.5,-0.8625,0.15103583635606493
1,1.5,-0.825,0.152044737825862
1,1.5,-0.7875,0.15413121121117676
1,1.5,-0.75,0.15745552893401915
1,1.5,-0.7125,0.1622049714405118
1,1.5,-0.675,0.1685993271598214
1,1.5,-0.6375,0.17689774136537506
1,1.5,-0.6,0.1874073076698822
1,1.5,-0.5625,0.20049393103751478
1,1.5,-0.525,0.2165961803588396
1,1.5,-0.4875,0.23624311673125195
1,1.5,-0.45,0.26007746874002124
1,1.5,-0.4125,0.2888860875338057
1,1.5,-0.375,0.32364044625146915
1,1.5,-0.3375,0.3655512021380391
1,1.5,-0.3,0.41614276608135375
1,1.5,-0.2625,0.4773568471222656
1,1.5,-0.225,0.5516987946610328
1,1.5,-0.1875,0.6424485644257797
1,1.5,-0.15,0.7539717166800134
1,1.5,-0.1125,0.8921896758251032
1,1.5,-0.075,1.0653118501440015
1,1.5,-0.0375,1.285014645393029
1,1.5,0.0,1.5684171430965708
1,1.5,0.0375,1.9415524675397902
1,1.5,0.075,2.4458287378371066
1,1.5,0.1125,3.15094697762439
1,1.5,0.15,4.183210981793643
1,1.5,0.1875,5.795652844849037
1,1.5,0.225,8.57465479449141
1,1.5,0.2625,14.238205882345024
1,1.5,0.3,30.800998457316894
1,1.5,0.3375,1000.0
1,1.5,0.375,1000.0
1,1.5,0.4125,1000.0
1,1.5,0.45,1000.0
1,1.5,0.4875,1000.0
1,1.5,0.525,1000.0
1,1.5,0.5625,1000.0
1,1.5,0.6,1000.0
1,1.5,0.6375,1000.0
1,1.5,0.675,1000.0
1,1.5,0.7125,1000.0
1,1.5,0.75,1000.0
1,1.5,0.7875,1000.0
1,1.5,0.825,1000.0
1,1.5,0.8625,1000.0
1,1.5,0.9,1000.0
1,1.5,0.9375,1000.0
1,1.5,0.975,1000.0
1,1.5,1.0125,1000.0
1,1.5,1.05,1000.0
1,1.5,1.0875,1000.0
1,1.5,1.125,1000.0
1,1.5,1.1625,1000.0
1,1.5,1.2,1000.0
1,1.5,1.2375,1000.0
1,1.5,1.275,1000.0
1,1.5,1.3125,1000.0
1,1.5,1.35,1000.0
1,1.5,1.3875,1000.0
1,1.5,1.425,1000.0
1,1.5,1.4625,1000.0
1,1.5,1.5,1000.0
3,-1.5,-1.5,1.8577037314386489
3,-1.5,-1.4625,1.8551109219029371
3,-1.5,-1.425,1.8524102206954915
3,-1.5,-1.3875,1.8496061290390144
3,-1.5,-1.35,1.8466989029441225
3,-1.5,-1.3125,1.8436867360514944
3,-1.5,-1.275,1.8405667161934367
3,-1.5,-1.2375,1.8373352274355415
3,-1.5,-1.2,1.8339881180277842
3,-1.5,-1.1625,1.8305207668427808
3,-1.5,-1.125,1.8269281016883583
3,-1.5,-1.0875,1.8232045912646562
3,-1.5,-1.05,1.8193442199142942
3,-1.5,-1.0125,1.8153404491915368
3,-1.5,-0.975,1.8111861681357266
3,-1.5,-0.9375,1.8068736331647015
3,-1.5,-0.9,1.8023943979586392
3,-1.5,-0.8625,1.797739233269914
3,-1.5,-0.825,1.7928980361451645
3,-1.5,-0.7875,1.7878597275387422
3,-1.5,-0.75,1.7826121367221932
3,-1.5,-0.7125,1.7771418702506223
3,-1.5,-0.675,1.77143416252577
3,-1.5,-0.6375,1.7654727041766285
3,-1.5,-0.6,1.7592394435241059
3,-1.5,-0.5625,1.7527143552500402
3,-1.5,-0.525,1.7458751689740126
3,-1.5,-0.4875,1.7386970486467865
3,-1.5,-0.45,1.731152211352596
3,-1.5,-0.4125,1.7232094710760755
3,-1.5,-0.375,1.7148336889594276
3,-1.5,-0.3375,1.7059851061631879
3,-1.5,-0.3,1.6966185280909565
3,-1.5,-0.2625,1.686682318626398
3,-1.5,-0.225,1.6761171489384776
3,-1.5,-0.1875,1.664854425484088
3,-1.5,-0.15,1.6528142932030374
3,-1.5,-0.1125,1.6399030680113282
3,-1.5,-0.075,1.626009890185647
3,-1.5,-0.0375,1.6110022948352187
3,-1.5,0.0,1.594720246373833
3,-1.5,0.0375,1.5769679435449246
3,-1.5,0.075,1.5575023017458862
3,-1.5,0.1125,1.5360163289462112
3,-1.5,0.15,1.5121143659161425
3,-1.5,0.1875,1.485273796461708
3,-1.5,0.225,1.4547830642930317
3,-1.5,0.2625,1.4196355237966836
3,-1.5,0.3,1.37833470096171
3,-1.5,0.3375,1.3285318851869965
3,-1.5,0.375,1.2664114623133995
3,-1.5,0.4125,1.1971178794418533
3,-1.5,0.45,1000.0
3,-1.5,0.4875,1000.0
3,-1.5,0.525,1000.0
3,-1.5,0.5625,1000.0
3,-1.5,0.6,1000.0
3,-1.5,0.6375,1000.0
3,-1.5,0.675,1000.0
3,-1.5,0.7125,1000.0
3,-1.5,0.75,1000.0
3,-1.5,0.7875,1000.0
3,-1.5,0.825,1000.0
3,-1.5,0.8625,1000.0
3,-1.5,0.9,1000.0
3,-1.5,0.9375,1000.0
3,-1.5,0.975,1000.0
3,-1.5,1.0125,1000.0
3,-1.5,1.05,1000.0
3,-1.5,1.0875,1000.0
3,-1.5,1.125,1000.0
3,-1.5,1.1625,1000.0
3,-1.5,1.2,1000.0
3,-1.5,1.2375,1000.0
3,-1.5,1.275,1000.0
3,-1.5,1.3125,1000.0
3,-1.5,1.35,1000.0
3,-1.5,1.3875,1000.0
3,-1.5,1.425,1000.0
3,-1.5,1.4625,1000.0
3,-1.5,1.5,1000.0
3,-1.4625,-1.5,1.850624271325314
3,-1.4625,-1.4625,1.8479084347005705
3,-1.4625,-1.425,1.845082196779568
3,-1.4625,-1.3875,1.842149159638822
3,-1.4625,-1.35,1.839109059326763
3,-1.4625,-1.3125,1.835959725909947
3,-1.4625,-1.275,1.8326979397302385
3,-1.4625,-1.2375,1.829319791359274
3,-1.4625,-1.2,1.8258208309645936
3,-1.4625,-1.1625,1.8221961253133399
3,-1.4625,-1.125,1.8184402702238682
3,-1.4625,-1.0875,1.8145473780572263
3,-1.4625,-1.05,1.810511048511792
3,-1.4625,-1.0125,1.806324326355669
3,-1.4625,-0.975,1.8019796477765322
3,-1.4625,-0.9375,1.7974687761229267
3,-1.4625,-0.9,1.7927827272793166
3,-1.4625,-0.8625,1.7879116844756417
3,-1.4625,-0.825,1.7828449018674888
3,-1.4625,-0.7875,1.7775705956963372
3,-1.4625,-0.75,1.7720758212417664
3,-1.4625,-0.7125,1.7663463331052858
3,-1.4625,-0.675,1.760366425608204
3,-1.4625,-0.6375,1.7541187492194281
3,-1.4625,-0.6,1.7475840979115382
3,-1.4625,-0.5625,1.740741161113518
3,-1.4625,-0.525,1.7335662324003527
3,-1.4625,-0.4875,1.7260328651178258
3,-1.4625,-0.45,1.718111462628403
3,-1.4625,-0.4125,1.7097687875664704
3,-1.4625,-0.375,1.700967370109559
3,-1.4625,-0.3375,1.6916647893826453
3,-1.4625,-0.3,1.6818127941043495
3,-1.4625,-0.2625,1.6713562175596426
3,-1.4625,-0.225,1.660231626604854
3,-1.4625,-0.1875,1.6483656226401924
3,-1.4625,-0.15,1.6356726811637228
3,-1.4625,-0.1125,1.6220523706426586
3,-1.4625,-0.075,1.6073857228817605
3,-1.4625,-0.0375,1.5915304223115667
3,-1.4625,0.0,1.5743143174794978
3,-1.4625,0.0375,1.555526493449336
3,-1.4625,0.075,1.5349047033690513
3,-1.4625,0.1125,1.5121171966970823
3,-1.4625,0.15,1.4867356105849636
3,-1.4625,0.1875,1.4581929969146787
3,-1.4625,0.225,1.4257158726927066
3,-1.4625,0.2625,1.3882082147303267
3,-1.4625,0.3,1.3440413589488311
3,-1.4625,0.3375,1.2906827225841042
3,-1.4625,0.375,1.2243583550768207
3,-1.4625,0.4125,1.237794173794685
3,-1.4625,0.45,1000.0
3,-1.4625,0.4875,1000.0
3,-1.4625,0.525,1000.0
3,-1.4625,0.5625,1000.0
3,-1.4625,0.6,1000.0
3,-1.4625,0.6375,1000.0
3,-1.4625,0.675,1000.0
3,-1.4625,0.7125,1000.0
3,-1.4625,0.75,1000.0
3,-1.4625,0.7875,1000.0
3,-1.4625,0.825,1000.0
3,-1.4625,0.8625,1000.0
3,-1.4625,0.9,1000.0
3,-1.4625,0.9375,1000.0
3,-1.4625,0.975,1000.0
3,-1.4625,1.0125,1000.0
3,-1.4625,1.05,1000.0
3,-1.4625,1.0875,1000.0
3,-1.4625,1.125,1000.0
3,-1.4625,1.1625,1000.0
3,-1.4625,1.2,1000.0
3,-1.4625,1.2375,1000.0
3,-1.4625,1.275,1000.0
3,-1.4625,1.3125,1000.0
3,-1.4625,1.35,1000.0
3,-1.4625,1.3875,1000.0
3,-1.4625,1.425,1000.0
3,-1.4625,1.4625,1000.0
3,-1.4625,1.5,1000.0
3,-1.425,-1.5,1.8431798930835217
3,-1.425,-1.4625,1.8403352657206045
3,-1.425,-1.425,1.8373774112828178
3,-1.425,-1.3875,1.8343090892983642
3,-1.425,-1.35,1.8311295333432203
3,-1.425,-1.3125,1.8278362095326586
3,-1.425,-1.275,1.824425582610617
3,-1.425,-1.2375,1.8208934377782648
3,-1.425,-1.2,1.8172350129228103
3,-1.425,-1.1625,1.813445046685469
3,-1.425,-1.125,1.8095177851896944
3,-1.425,-1.0875,1.8054469650575884
3,-1.425,-1.05,1.8012257801700298
3,-1.425,-1.0125,1.796846835440621
3,-1.425,-0.975,1.792302089085043
3,-1.425,-0.9375,1.7875827840177108
3,-1.425,-0.9,1.7826793684863165
3,-1.425,-0.8625,1.7775814056049133
3,-1.425,-0.825,1.7722774709652498
3,-1.425,-0.7875,1.7667550369589453
3,-1.425,-0.75,1.761000341820982
3,-1.425,-0.7125,1.7549982407027207
3,-1.425,-0.675,1.7487320352868307
3,-1.425,-0.6375,1.7421832775392294
3,-1.425,-0.6,1.7353315421085282
3,-1.425,-0.5625,1.7281541605644826
3,-1.425,-0.525,1.720625909021167
3,-1.425,-0.4875,1.7127186385929476
3,-1.425,-0.45,1.7044008354125653
3,-1.425,-0.4125,1.6956370933677387
3,-1.425,-0.375,1.686387477961497
3,-1.425,-0.3375,1.6766067533104223
3,-1.425,-0.3,1.666243435598869
3,-1.425,-0.2625,1.6552386243275286
3,-1.425,-0.225,1.6435245459699976
3,-1.425,-0.1875,1.6310227209559
3,-1.425,-0.15,1.617641630780659
3,-1.425,-0.1125,1.6032737120255067
3,-1.425,-0.075,1.5877914292738597
3,-1.425,-0.0375,1.5710420645433936
3,-1.425,0.0,1.5528406815854598
3,-1.425,0.0375,1.532960434449497
3,-1.425,0.075,1.5111189090526471
3,-1.425,0.1125,1.4869583579793517
3,-1.425,0.15,1.4600162022793013
3,-1.425,0.1875,1.4296793870498559
3,-1.425,0.225,1.395110713064646
3,-1.425,0.2625,1.3551242209789303
3,-1.425,0.3,1.3079657582260313
3,-1.425,0.3375,1.2509699901055669
3,-1.425,0.375,1.1809494235551161
3,-1.425,0.4125,1000.0
3,-1.425,0.45,1000.0
3,-1.425,0.4875,1000.0
3,-1.425,0.525,1000.0
3,-1.425,0.5625,1000.0
3,-1.425,0.6,1000.0
3,-1.425,0.6375,1000.0
3,-1.425,0.675,1000.0
3,-1.425,0.7125,1000.0
3,-1.425,0.75,1000.0
3,-1.425,0.7875,1000.0
3,-1.425,0.825,1000.0
3,-1.425,0.8625,1000.0
3,-1.425,0.9,1000.0
3,-1.425,0.9375,1000.0
3,-1.425,0.975,1000.0
3,-1.425,1.0125,1000.0
3,-1.425,1.05,1000.0
3,-1.425,1.0875,1000.0
3,-1.425,1.125,1000.0
3,-1.425,1.1625,1000.0
3,-1.425,1.2,1000.0
3,-1.425,1.2375,1000.0
3,-1.425,1.275,1000.0
3,-1.425,1.3125,1000.0
3,-1.425,1.35,1000.0
3,-1.425,1.3875,1000.0
3,-1.425,1.425,1000.0
3,-1.425,1.4625,1000.0
3,-1.425,1.5,1000.0
3,-1.3875,-1.5,1.8353516794023415
3,-1.3875,-1.4625,1.8323721385849332
3,-1.3875,-1.425,1.8292762293043945
3,-1.3875,-1.3875,1.8260659183587378
3,-1.3875,-1.35,1.8227399510091817
3,-1.3875,-1.3125,1.8192954273762252
3,-1.3875,-1.275,1.815728487451319
3,-1.3875,-1.2375,1.8120345983401203
3,-1.3875,-1.2,1.8082086706489835
3,-1.3875,-1.1625,1.804245098060747
3,-1.3875,-1.125,1.8001377584554994
3,-1.3875,-1.0875,1.795879992432001
3,-1.3875,-1.05,1.7914645659472102
3,-1.3875,-1.0125,1.7868836200034612
3,-1.3875,-0.975,1.7821286086733075
3,-1.3875,-0.9375,1.777190225951115
3,-1.3875,-0.9,1.7720583214065317
3,-1.3875,-0.8625,1.7667218041553054
3,-1.3875,-0.825,1.7611685341645802
3,-1.3875,-0.7875,1.7553851993412029
3,-1.3875,-0.75,1.749357176203862
3,-1.3875,-0.7125,1.7430683712057178
3,-1.3875,-0.675,1.7365010389374704
3,-1.3875,-0.6375,1.729635572469916
3,-1.3875,-0.6,1.7224502599395104
3,-1.3875,-0.5625,1.7149210000676591
3,-1.3875,-0.525,1.707020967535089
3,-1.3875,-0.4875,1.6987202168716955
3,-1.3875,-0.45,1.68998521058753
3,-1.3875,-0.4125,1.680778253410199
3,-1.3875,-0.375,1.671056809357283
3,-1.3875,-0.3375,1.6607726714594946
3,-1.3875,-0.3,1.6498709445397515
3,-1.3875,-0.2625,1.6382887884836463
3,-1.3875,-0.225,1.625953851321648
3,-1.3875,-0.1875,1.612782295767239
3,-1.3875,-0.15,1.5986762858699284
3,-1.3875,-0.1125,1.5835207462084206
3,-1.3875,-0.075,1.5671791249385638
3,-1.3875,-0.0375,1.549487768019565
3,-1.3875,0.0,1.5302483177311454
3,-1.3875,0.0375,1.5092172360364564
3,-1.3875,0.075,1.4860910349207839
3,-1.3875,0.1125,1.4604849068377865
3,-1.3875,0.15,1.4319008683098253
3,-1.3875,0.1875,1.3996786193137314
3,-1.3875,0.225,1.3629168217617496
3,-1.3875,0.2625,1.3203423815214044
3,-1.3875,0.3,1.2700926177674021
3,-1.3875,0.3375,1.2094669960011597
3,-1.3875,0.375,1.1369607873158432
3,-1.3875,0.4125,1000.0
3,-1.3875,0.45,1000.0
3,-1.3875,0.4875,1000.0
3,-1.3875,0.525,1000.0
3,-1.3875,0.5625,1000.0
3,-1.3875,0.6,1000.0
3,-1.3875,0.6375,1000.0
3,-1.3875,0.675,1000.0
3,-1.3875,0.7125,1000.0
3,-1.3875,0.75,1000.0
3,-1.3875,0.7875,1000.0
3,-1.3875,0.825,1000.0
3,-1.3875,0.8625,1000.0
3,-1.3875,0.9,1000.0
3,-1.3875,0.9375,1000.0
3,-1.3875,0.975,1000.0
3,-1.3875,1.0125,1000.0
3,-1.3875,1.05,1000.0
3,-1.3875,1.0875,1000.0
3,-1.3875,1.125,1000.0
3,-1.3875,1.1625,1000.0
3,-1.3875,1.2,1000.0
3,-1.3875,1.2375,1000.0
3,-1.3875,1.275,1000.0
3,-1.3875,1.3125,1000.0
3,-1.3875,1.35,1000.0
3,-1.3875,1.3875,1000.0
3,-1.3875,1.425,1000.0
3,-1.3875,1.4625,1000.0
3,-1.3875,1.5,1000.0
3,-1.35,-1.5,1.827119882163393
3,-1.35,-1.4625,1.8239989320394359
3,-1.35,-1.425,1.8207581557331922
3,-1.35,-1.3875,1.8173987708637847
3,-1.35,-1.35,1.8139190454556433
3,-1.35,-1.3125,1.8103157100100322
3,-1.35,-1.275,1.8065845695833151
3,-1.35,-1.2375,1.8027207596089367
3,-1.35,-1.2,1.798718847599577
3,-1.35,-1.1625,1.7945728646241943
3,-1.35,-1.125,1.7902763009171951
3,-1.35,-1.0875,1.7858220798750408
3,-1.35,-1.05,1.7812025164821252
3,-1.35,-1.0125,1.776409262776436
3,-1.35,-0.975,1.7714332414590044
3,-1.35,-0.9375,1.7662645679924784
3,-1.35,-0.9,1.7608924610248669
3,-1.35,-0.8625,1.7553051405036166
3,-1.35,-0.825,1.7494897123286386
3,-1.35,-0.7875,1.743432037802003
3,-1.35,-0.75,1.7371165854573316
3,-1.35,-0.7125,1.730526262084383
3,-1.35,-0.675,1.7236422188845741
3,-1.35,-0.6375,1.716443627665897
3,-1.35,-0.6,1.7089074207557355
3,-1.35,-0.5625,1.7010079867993546
3,-1.35,-0.525,1.6927168127134324
3,-1.35,-0.4875,1.6840020596334084
3,-1.35,-0.45,1.67482805753451
3,-1.35,-0.4125,1.6651546990486514
3,-1.35,-0.375,1.6549367074647456
3,-1.35,-0.3375,1.6441227464501849
3,-1.35,-0.3,1.6326543288876738
3,-1.35,-0.2625,1.6204644682401435
3,-1.35,-0.225,1.607475996326721
3,-1.35,-0.1875,1.5935994437120362
3,-1.35,-0.15,1.5787303390456133
3,-1.35,-0.1125,1.562745725254869
3,-1.35,-0.075,1.5454996031722474
3,-1.35,-0.0375,1.5268168798682156
3,-1.35,0.0,1.5064851906157755
3,-1.35,0.0375,1.4842436292984464
3,-1.35,0.075,1.459766871095888
3,-1.35,0.1125,1.4326422355351618
3,-1.35,0.15,1.4023356026429867
3,-1.35,0.1875,1.3681391778123921
3,-1.35,0.225,1.3290889675070428
3,-1.35,0.2625,1.283832268246382
3,-1.35,0.3,1.2304296237686136
3,-1.35,0.3375,1.1663144257289288
3,-1.35,0.375,1.093869246569132
3,-1.35,0.4125,1000.0
3,-1.35,0.45,1000.0
3,-1.35,0.4875,1000.0
3,-1.35,0.525,1000.0
3,-1.35,0.5625,1000.0
3,-1.35,0.6,1000.0
3,-1.35,0.6375,1000.0
3,-1.35,0.675,1000.0
3,-1.35,0.7125,1000.0
3,-1.35,0.75,1000.0
3,-1.35,0.7875,1000.0
3,-1.35,0.825,1000.0
3,-1.35,0.8625,1000.0
3,-1.35,0.9,1000.0
3,-1.35,0.9375,1000.0
3,-1.35,0.975,1000.0
3,-1.35,1.0125,1000.0
3,-1.35,1.05,1000.0
3,-1.35,1.0875,1000.0
3,-1.35,1.125,1000.0
3,-1.35,1.1625,1000.0
3,-1.35,1.2,1000.0
3,-1.35,1.2375,1000.0
3,-1.35,1.275,1000.0
3,-1.35,1.3125,1000.0
3,-1.35,1.35,1000.0
3,-1.35,1.3875,1000.0
3,-1.35,1.425,1000.0
3,-1.35,1.4625,1000.0
3,-1.35,1.5,1000.0
3,-1.3125,-1.5,1.818463908523773
3,-1.3125,-1.4625,1.8151946667982688
3,-1.3125,-1.425,1.8118018229890853
3,-1.3125,-1.3875,1.8082858833002378
3,-1.3125,-1.35,1.804644646746334
3,-1.3125,-1.3125,1.8008744690808447
3,-1.3125,-1.275,1.7969708092320376
3,-1.3125,-1.2375,1.792928456530712
3,-1.3125,-1.2,1.7887416187629004
3,-1.3125,-1.1625,1.7844039458960343
3,-1.3125,-1.125,1.779908520253917
3,-1.3125,-1.0875,1.7752478259491942
3,-1.3125,-1.05,1.770413702995822
3,-1.3125,-1.0125,1.7653972884122375
3,-1.3125,-0.975,1.7601889452379922
3,-1.3125,-0.9375,1.7547781796644162
3,-1.3125,-0.9,1.7491535459726024
3,-1.3125,-0.8625,1.743302538488751
3,-1.3125,-0.825,1.73721146923138
3,-1.3125,-0.7875,1.7308653293107696
3,-1.3125,-0.75,1.724247631438392
3,-1.3125,-0.7125,1.7173402301016198
3,-1.3125,-0.675,1.710123115034351
3,-1.3125,-0.6375,1.7025741725280295
3,-1.3125,-0.6,1.694668907820281
3,-1.3125,-0.5625,1.686380120186046
3,-1.3125,-0.525,1.6776775203245056
3,-1.3125,-0.4875,1.6685272770296782
3,-1.3125,-0.45,1.6588914767437066
3,-1.3125,-0.4125,1.6487274751298981
3,-1.3125,-0.375,1.6379871138624784
3,-1.3125,-0.3375,1.6266157678348545
3,-1.3125,-0.3,1.614551177104123
3,-1.3125,-0.2625,1.601722002891322
3,-1.3125,-0.225,1.588046026015111
3,-1.3125,-0.1875,1.5734278764720615
3,-1.3125,-0.15,1.557756140190769
3,-1.3125,-0.1125,1.5408996264995185
3,-1.3125,-0.075,1.5227024866407395
3,-1.3125,-0.0375,1.5029777317694335
3,-1.3125,0.0,1.4814984780250018
3,-1.3125,0.0375,1.4579858943363846
3,-1.3125,0.075,1.432092253997657
3,-1.3125,0.1125,1.4033765309741133
3,-1.3125,0.15,1.371268351999905
3,-1.3125,0.1875,1.3350133730282308
3,-1.3125,0.225,1.2935889985112188
3,-1.3125,0.2625,1.2455768901408093
3,-1.3125,0.3,1.1890133724271232
3,-1.3125,0.3375,1.1217434783596727
3,-1.3125,0.375,1.054621150526319
3,-1.3125,0.4125,1000.0
3,-1.3125,0.45,1000.0
3,-1.3125,0.4875,1000.0
3,-1.3125,0.525,1000.0
3,-1.3125,0.5625,1000.0
3,-1.3125,0.6,1000.0
3,-1.3125,0.6375,1000.0
3,-1.3125,0.675,1000.0
3,-1.3125,0.7125,1000.0
3,-1.3125,0.75,1000.0
3,-1.3125,0.7875,1000.0
3,-1.3125,0.825,1000.0
3,-1.3125,0.8625,1000.0
3,-1.3125,0.9,1000.0
3,-1.3125,0.9375,1000.0
3,-1.3125,0.975,1000.0
3,-1.3125,1.0125,1000.0
3,-1.3125,1.05,1000.0
3,-1.3125,1.0875,1000.0
3,-1.3125,1.125,1000.0
3,-1.3125,1.1625,1000.0
3,-1.3125,1.2,1000.0
3,-1.3125,1.2375,1000.0
3,-1.3125,1.275,1000.0
3,-1.3125,1.3125,1000.0
3,-1.3125,1.35,1000.0
3,-1.3125,1.3875,1000.0
3,-1.3125,1.425,1000.0
3,-1.3125,1.4625,1000.0
3,-1.3125,1.5,1000.0
3,-1.275,-1.5,1.809362311552654
3,-1.275,-1.4625,1.8059374974107512
3,-1.275,-1.425,1.8023849842658461
3,-1.275,-1.3875,1.7987045993302606
3,-1.275,-1.35,1.7948936781918665
3,-1.275,-1.3125,1.7909481952930917
3,-1.275,-1.275,1.7868632512470919
3,-1.275,-1.2375,1.7826332739966597
3,-1.275,-1.2,1.7782520941416433
3,-1.275,-1.1625,1.773712961220726
3,-1.275,-1.125,1.7690085285123247
3,-1.275,-1.0875,1.7641308178546578
3,-1.275,-1.05,1.7590711693385406
3,-1.275,-1.0125,1.7538201779010827
3,-1.275,-0.975,1.7483676175660297
3,-1.275,-0.9375,1.7427023533852681
3,-1.275,-0.9,1.736812240628654
3,-1.275,-0.8625,1.7306840102725118
3,-1.275,-0.825,1.7243031392819708
3,-1.275,-0.7875,1.717653703544257
3,-1.275,-0.75,1.71071821057852
3,-1.275,-0.7125,1.7034774083091975
3,-1.275,-0.675,1.6959100652187047
3,-1.275,-0.6375,1.6879927160482673
3,-1.275,-0.6,1.6796993658288264
3,-1.275,-0.5625,1.6710011433073586
3,-1.275,-0.525,1.6618658926661947
3,-1.275,-0.4875,1.6522576896496564
3,-1.275,-0.45,1.6421362645902768
3,-1.275,-0.4125,1.6314563100579265
3,-1.275,-0.375,1.6201666445078295
3,-1.275,-0.3375,1.6082091947639576
3,-1.275,-0.3,1.5955177485558145
3,-1.275,-0.2625,1.5820164123283345
3,-1.275,-0.225,1.567617687228039
3,-1.275,-0.1875,1.5522200445971355
3,-1.275,-0.15,1.5357048369555257
3,-1.275,-0.1125,1.5179323142177539
3,-1.275,-0.075,1.4987364164234214
3,-1.275,-0.0375,1.4779178650528078
3,-1.275,0.0,1.4552348443477563
3,-1.275,0.0375,1.430390200244286
3,-1.275,0.075,1.4030134999690649
3,-1.275,0.1125,1.3726353447339426
3,-1.275,0.15,1.338649793793422
3,-1.275,0.1875,1.3002584580427115
3,-1.275,0.225,1.2563875677966216
3,-1.275,0.2625,1.2055757186041653
3,-1.275,0.3,1.1459162189258212
3,-1.275,0.3375,1.07610616348155
3,-1.275,0.375,1.0257936053333725
3,-1.275,0.4125,1000.0
3,-1.275,0.45,1000.0
3,-1.275,0.4875,1000.0
3,-1.275,0.525,1000.0
3,-1.275,0.5625,1000.0
3,-1.275,0.6,1000.0
3,-1.275,0.6375,1000.0
3,-1.275,0.675,1000.0
3,-1.275,0.7125,1000.0
3,-1.275,0.75,1000.0
3,-1.275,0.7875,1000.0
3,-1.275,0.825,1000.0
3,-1.275,0.8625,1000.0
3,-1.275,0.9,1000.0
3,-1.275,0.9375,1000.0
3,-1.275,0.975,1000.0
3,-1.275,1.0125,1000.0
3,-1.275,1.05,1000.0
3,-1.275,1.0875,1000.0
3,-1.275,1.125,1000.0
3,-1.275,1.1625,1000.0
3,-1.275,1.2,1000.0
3,-1.275,1.2375,1000.0
3,-1.275,1.275,1000.0
3,-1.275,1.3125,1000.0
3,-1.275,1.35,1000.0
3,-1.275,1.3875,1000.0
3,-1.275,1.425,1000.0
3,-1.275,1.4625,1000.0
3,-1.275,1.5,1000.0
3,-1.2375,-1.5,1.7997927880580928
3,-1.2375,-1.4625,1.796204711870283
3,-1.2375,-1.425,1.7924845150775635
3,-1.2375,-1.3875,1.7886313733992039
3,-1.2375,-1.35,1.784642162122708
3,-1.2375,-1.3125,1.780512466443856
3,-1.2375,-1.275,1.7762370154945555
3,-1.2375,-1.2375,1.7718098596883491
3,-1.2375,-1.2,1.7672244341471157
3,-1.2375,-1.1625,1.7624735678071544
3,-1.2375,-1.125,1.7575494628901742
3,-1.2375,-1.0875,1.7524436550540798
3,-1.2375,-1.05,1.7471469585536035
3,-1.2375,-1.0125,1.741649398171938
3,-1.2375,-0.975,1.7359401284956801
3,-1.2375,-0.9375,1.7300073404404337
3,-1.2375,-0.9,1.7238381544248538
3,-1.2375,-0.8625,1.7174184990796812
3,-1.2375,-0.825,1.7107329738029367
3,-1.2375,-0.7875,1.7037646928098578
3,-1.2375,-0.75,1.6964951075651071
3,-1.2375,-0.7125,1.6889038036089785
3,-1.2375,-0.675,1.68096826677046
3,-1.2375,-0.6375,1.6726636125508578
3,-1.2375,-0.6,1.6639622709935933
3,-1.2375,-0.5625,1.6548336175335887
3,-1.2375,-0.525,1.645243538014511
3,-1.2375,-0.4875,1.6351539131002137
3,-1.2375,-0.45,1.6245220034519976
3,-1.2375,-0.4125,1.6132997119695873
3,-1.2375,-0.375,1.6014326926452211
3,-1.2375,-0.3375,1.5888592665086623
3,-1.2375,-0.3,1.5755090928116589
3,-1.2375,-0.2625,1.5613015266461345
3,-1.2375,-0.225,1.5461435705794522
3,-1.2375,-0.1875,1.529927294559392
3,-1.2375,-0.15,1.5125265505972783
3,-1.2375,-0.1125,1.493792739273165
3,-1.2375,-0.075,1.473549282366218
3,-1.2375,-0.0375,1.4515843013588752
3,-1.2375,0.0,1.4276407651500025
3,-1.2375,0.0375,1.4014030033235385
3,-1.2375,0.075,1.3724779066700687
3,-1.2375,0.1125,1.3403682438806224
3,-1.2375,0.15,1.3044342134373668
3,-1.2375,0.1875,1.2638378732076803
3,-1.2375,0.225,1.2174660409037157
3,-1.2375,0.2625,1.1638480327237912
3,-1.2375,0.3,1.1012540659831327
3,-1.2375,0.3375,1.0299150547087534
3,-1.2375,0.375,1.0258070130563535
3,-1.2375,0.4125,1000.0
3,-1.2375,0.45,1000.0
3,-1.2375,0.4875,1000.0
3,-1.2375,0.525,1000.0
3,-1.2375,0.5625,1000.0
3,-1.2375,0.6,1000.0
3,-1.2375,0.6375,1000.0
3,-1.2375,0.675,1000.0
3,-1.2375,0.7125,1000.0
3,-1.2375,0.75,1000.0
3,-1.2375,0.7875,1000.0
3,-1.2375,0.825,1000.0
3,-1.2375,0.8625,1000.0
3,-1.2375,0.9,1000.0
3,-1.2375,0.9375,1000.0
3,-1.2375,0.975,1000.0
3,-1.2375,1.0125,1000.0
3,-1.2375,1.05,1000.0
3,-1.2375,1.0875,1000.0
3,-1.2375,1.125,1000.0
3,-1.2375,1.1625,1000.0
3,-1.2375,1.2,1000.0
3,-1.2375,1.2375,1000.0
3,-1.2375,1.275,1000.0
3,-1.2375,1.3125,1000.0
3,-1.2375,1.35,1000.0
3,-1.2375,1.3875,1000.0
3,-1.2375,1.425,1000.0
3,-1.2375,1.4625,1000.0
3,-1.2375,1.5,1000.0
3,-1.2,-1.5,1.7897321871978116
3,-1.2,-1.4625,1.785972742639276
3,-1.2,-1.425,1.782076426859366
3,-1.2,-1.3875,1.7780417870424041
3,-1.2,-1.35,1.7738652390131493
3,-1.2,-1.3125,1.7695419694678414
3,-1.2,-1.275,1.7650663219242722
3,-1.2,-1.2375,1.7604319522676242
3,-1.2,-1.2,1.7556318810112679
3,-1.2,-1.1625,1.7506584954613609
3,-1.2,-1.125,1.7455035238871635
3,-1.2,-1.0875,1.7401579909375087
3,-1.2,-1.05,1.7346121581508867
3,-1.2,-1.0125,1.7288554510671739
3,-1.2,-0.975,1.7228763733431467
3,-1.2,-0.9375,1.7166624076308958
3,-1.2,-0.9,1.710199902464658
3,-1.2,-0.8625,1.7034739438752442
3,-1.2,-0.825,1.6964682098552089
3,-1.2,-0.7875,1.6891648051105952
3,-1.2,-0.75,1.681544072743796
3,-1.2,-0.7125,1.6735843785987656
3,-1.2,-0.675,1.665261862932387
3,-1.2,-0.6375,1.6565501528039879
3,-1.2,-0.6,1.647420027025233
3,-1.2,-0.5625,1.6378390235849194
3,-1.2,-0.525,1.6277709770214117
3,-1.2,-0.4875,1.617175470077482
3,-1.2,-0.45,1.6060071798893356
3,-1.2,-0.4125,1.5942150935921402
3,-1.2,-0.375,1.5817415610898249
3,-1.2,-0.3375,1.5685211431596913
3,-1.2,-0.3,1.5544792000676775
3,-1.2,-0.2625,1.5395301480369845
3,-1.2,-0.225,1.5235752861415721
3,-1.2,-0.1875,1.5065000613405903
3,-1.2,-0.15,1.4881705896521127
3,-1.2,-0.1125,1.4684291795348983
3,-1.2,-0.075,1.4470884979769014
3,-1.2,-0.0375,1.4239238626984505
3,-1.2,0.0,1.3986629074102819
3,-1.2,0.0375,1.3709715090670727
3,-1.2,0.075,1.3404343288076035
3,-1.2,0.1125,1.3065275500893374
3,-1.2,0.15,1.268580489083127
3,-1.2,0.1875,1.2257226264664092
3,-1.2,0.225,1.1768185888591434
3,-1.2,0.2625,1.1204365759050738
3,-1.2,0.3,1.0551950958487484
3,-1.2,0.3375,0.9838956169885719
3,-1.2,0.375,1.1415658668614752
3,-1.2,0.4125,1000.0
3,-1.2,0.45,1000.0
3,-1.2,0.4875,1000.0
3,-1.2,0.525,1000.0
3,-1.2,0.5625,1000.0
3,-1.2,0.6,1000.0
3,-1.2,0.6375,1000.0
3,-1.2,0.675,1000.0
3,-1.2,0.7125,1000.0
3,-1.2,0.75,1000.0
3,-1.2,0.7875,1000.0
3,-1.2,0.825,1000.0
3,-1.2,0.8625,1000.0
3,-1.2,0.9,1000.0
3,-1.2,0.9375,1000.0
3,-1.2,0.975,1000.0
3,-1.2,1.0125,1000.0
3,-1.2,1.05,1000.0
3,-1.2,1.0875,1000.0
3,-1.2,1.125,1000.0
3,-1.2,1.1625,1000.0
3,-1.2,1.2,1000.0
3,-1.2,1.2375,1000.0
3,-1.2,1.275,1000.0
3,-1.2,1.3125,1000.0
3,-1.2,1.35,1000.0
3,-1.2,1.3875,1000.0
3,-1.2,1.425,1000.0
3,-1.2,1.4625,1000.0
3,-1.2,1.5,1000.0
3,-1.1625,-1.5,1.7791565345170886
3,-1.1625,-1.4625,1.7752171937972765
3,-1.1625,-1.425,1.7711358973867113
3,-1.1625,-1.3875,1.7669105827045712
3,-1.1625,-1.35,1.7625372048106052
3,-1.1625,-1.3125,1.7580105413779
3,-1.1625,-1.275,1.7533245352186055
3,-1.1625,-1.2375,1.7484724298274346
3,-1.1625,-1.2,1.743446811130358
3,-1.1625,-1.1625,1.738239602910427
3,-1.1625,-1.125,1.732842035692723
3,-1.1625,-1.0875,1.727244597353811
3,-1.1625,-1.05,1.721436968857339
3,-1.1625,-1.0125,1.7154079463833467
3,-1.1625,-0.975,1.709145350086263
3,-1.1625,-0.9375,1.7026359190915146
3,-1.1625,-0.9,1.695865191821638
3,-1.1625,-0.8625,1.6888173702008114
3,-1.1625,-0.825,1.6814751656698044
3,-1.1625,-0.7875,1.6738196242312273
3,-1.1625,-0.75,1.665829926923378
3,-1.1625,-0.7125,1.6574831611699525
3,-1.1625,-0.675,1.648754057337101
3,-1.1625,-0.6375,1.6396146834949101
3,-1.1625,-0.6,1.6300340897501429
3,-1.1625,-0.5625,1.6199778914854808
3,-1.1625,-0.525,1.6094077782659442
3,-1.1625,-0.4875,1.598280931864745
3,-1.1625,-0.45,1.5865493325601718
3,-1.1625,-0.4125,1.5741589272059264
3,-1.1625,-0.375,1.5610486250837818
3,-1.1625,-0.3375,1.5471490775080248
3,-1.1625,-0.3,1.5323811835620595
3,-1.1625,-0.2625,1.516654245753779
3,-1.1625,-0.225,1.4998636736427986
3,-1.1625,-0.1875,1.4818880974521376
3,-1.1625,-0.15,1.462585702581007
3,-1.1625,-0.1125,1.4417895226126154
3,-1.1625,-0.075,1.4193013220038462
3,-1.1625,-0.0375,1.3948835438589249
3,-1.1625,0.0,1.3682485694027922
3,-1.1625,0.0375,1.3390442031506655
3,-1.1625,0.075,1.3068338348309152
3,-1.1625,0.1125,1.2710691750329377
3,-1.1625,0.15,1.2310531924890535
3,-1.1625,0.1875,1.1858928169974492
3,-1.1625,0.225,1.1344544682255322
3,-1.1625,0.2625,1.075411507505449
3,-1.1625,0.3,1.0079694119023188
3,-1.1625,0.3375,0.9390553910723236
3,-1.1625,0.375,1000.0
3,-1.1625,0.4125,1000.0
3,-1.1625,0.45,1000.0
3,-1.1625,0.4875,1000.0
3,-1.1625,0.525,1000.0
3,-1.1625,0.5625,1000.0
3,-1.1625,0.6,1000.0
3,-1.1625,0.6375,1000.0
3,-1.1625,0.675,1000.0
3,-1.1625,0.7125,1000.0
3,-1.1625,0.75,1000.0
3,-1.1625,0.7875,1000.0
3,-1.1625,0.825,1000.0
3,-1.1625,0.8625,1000.0
3,-1.1625,0.9,1000.0
3,-1.1625,0.9375,1000.0
3,-1.1625,0.975,1000.0
3,-1.1625,1.0125,1000.0
3,-1.1625,1.05,1000.0
3,-1.1625,1.0875,1000.0
3,-1.1625,1.125,1000.0
3,-1.1625,1.1625,1000.0
3,-1.1625,1.2,1000.0
3,-1.1625,1.2375,1000.0
3,-1.1625,1.275,1000.0
3,-1.1625,1.3125,1000.0
3,-1.1625,1.35,1000.0
3,-1.1625,1.3875,1000.0
3,-1.1625,1.425,1000.0
3,-1.1625,1.4625,1000.0
3,-1.1625,1.5,1000.0
3,-1.125,-1.5,1.7680410770866852
3,-1.125,-1.4625,1.7639128900122982
3,-1.125,-1.425,1.7596373237282463
3,-1.125,-1.3875,1.7552117207890388
3,-1.125,-1.35,1.7506315721756731
3,-1.125,-1.3125,1.7458912347796387
3,-1.125,-1.275,1.7409842346582087
3,-1.125,-1.2375,1.7359033841790237
3,-1.125,-1.2,1.730640813837449
3,-1.125,-1.1625,1.7251879611174383
3,-1.125,-1.125,1.7195355340935334
3,-1.125,-1.0875,1.7136734571533727
3,-1.125,-1.05,1.7075908018299188
3,-1.125,-1.0125,1.7012757037819264
3,-1.125,-0.975,1.6947152659933142
3,-1.125,-0.9375,1.687895447651606
3,-1.125,-0.9,1.6808009376399828
3,-1.125,-0.8625,1.6734150110193842
3,-1.125,-0.825,1.6657193662396728
3,-1.125,-0.7875,1.6576939400818382
3,-1.125,-0.75,1.6493166964819896
3,-1.125,-0.7125,1.6405633843993985
3,-1.125,-0.675,1.6314072587276442
3,-1.125,-0.6375,1.6218187568524713
3,-1.125,-0.6,1.6117651217516025
3,-1.125,-0.5625,1.6012099604006567
3,-1.125,-0.525,1.590112723548359
3,-1.125,-0.4875,1.5784280894562552
3,-1.125,-0.45,1.5661052296959814
3,-1.125,-0.4125,1.5530869291942693
3,-1.125,-0.375,1.539308524903616
3,-1.125,-0.3375,1.5246966170389107
3,-1.125,-0.3,1.5091674927392802
3,-1.125,-0.2625,1.492625182825942
3,-1.125,-0.225,1.4749590459061028
3,-1.125,-0.1875,1.4560407373117912
3,-1.125,-0.15,1.435720368693459
3,-1.125,-0.1125,1.413821590808237
3,-1.125,-0.075,1.3901352274467293
3,-1.125,-0.0375,1.3644109390380146
3,-1.125,0.0,1.3363461835375572
3,-1.125,0.0375,1.3055714564461505
3,-1.125,0.075,1.2716304514904058
3,-1.125,0.1125,1.2339535607342693
3,-1.125,0.15,1.1918238158075622
3,-1.125,0.1875,1.144339310816589
3,-1.125,0.225,1.0904004894923256
3,-1.125,0.2625,1.0288746255283918
3,-1.125,0.3,0.9598795106181754
3,-1.125,0.3375,0.896776004666906
3,-1.125,0.375,1000.0
3,-1.125,0.4125,1000.0
3,-1.125,0.45,1000.0
3,-1.125,0.4875,1000.0
3,-1.125,0.525,1000.0
3,-1.125,0.5625,1000.0
3,-1.125,0.6,1000.0
3,-1.125,0.6375,1000.0
3,-1.125,0.675,1000.0
3,-1.125,0.7125,1000.0
3,-1.125,0.75,1000.0
3,-1.125,0.7875,1000.0
3,-1.125,0.825,1000.0
3,-1.125,0.8625,1000.0
3,-1.125,0.9,1000.0
3,-1.125,0.9375,1000.0
3,-1.125,0.975,1000.0
3,-1.125,1.0125,1000.0
3,-1.125,1.05,1000.0
3,-1.125,1.0875,1000.0
3,-1.125,1.125,1000.0
3,-1.125,1.1625,1000.0
3,-1.125,1.2,1000.0
3,-1.125,1.2375,1000.0
3,-1.125,1.275,1000.0
3,-1.125,1.3125,1000.0
3,-1.125,1.35,1000.0
3,-1.125,1.3875,1000.0
3,-1.125,1.425,1000.0
3,-1.125,1.4625,1000.0
3,-1.125,1.5,1000.0
3,-1.0875,-1.5,1.7563603562439503
3,-1.0875,-1.4625,1.7520339537984204
3,-1.0875,-1.425,1.7475544041368065
3,-1.0875,-1.3875,1.7429184662631914
3,-1.0875,-1.35,1.7381211618602899
3,-1.0875,-1.3125,1.7331564140664288
3,-1.0875,-1.275,1.7280173151668259
3,-1.0875,-1.2375,1.7226962267690271
3,-1.0875,-1.2,1.7171848022036353
3,-1.0875,-1.1625,1.7114739689677174
3,-1.0875,-1.125,1.7055538870342974
3,-1.0875,-1.0875,1.6994138896015516
3,-1.0875,-1.05,1.693042408888519
3,-1.0875,-1.0125,1.6864268877974404
3,-1.0875,-0.975,1.6795536773518867
3,-1.0875,-0.9375,1.672407919221041
3,-1.0875,-0.9,1.6649734121071853
3,-1.0875,-0.8625,1.6572324601994561
3,-1.0875,-0.825,1.64916570123904
3,-1.0875,-0.7875,1.6407519109800273
3,-1.0875,-0.75,1.6319677799498062
3,-1.0875,-0.7125,1.6227876573883668
3,-1.0875,-0.675,1.6131832560370667
3,-1.0875,-0.6375,1.603123309993758
3,-1.0875,-0.6,1.5925731760692745
3,-1.0875,-0.5625,1.581494366856415
3,-1.0875,-0.525,1.5698440009058214
3,-1.0875,-0.4875,1.557574151791374
3,-1.0875,-0.45,1.5446310731682642
3,-1.0875,-0.4125,1.5309542708071404
3,-1.0875,-0.375,1.5164753845133976
3,-1.0875,-0.3375,1.501116832092831
3,-1.0875,-0.3,1.4847901530907548
3,-1.0875,-0.2625,1.467393970471464
3,-1.0875,-0.225,1.4488114616616772
3,-1.0875,-0.1875,1.428907193511124
3,-1.0875,-0.15,1.407523124532523
3,-1.0875,-0.1125,1.3844735064097164
3,-1.0875,-0.075,1.3595383173972972
3,-1.0875,-0.0375,1.3324547237397166
3,-1.0875,0.0,1.3029058852037438
3,-1.0875,0.0375,1.2705062094528727
3,-1.0875,0.075,1.2347820042136912
3,-1.0875,0.1125,1.195146735266972
3,-1.0875,0.15,1.1508721362012024
3,-1.0875,0.1875,1.1010655790090165
3,-1.0875,0.225,1.0447036755191763
3,-1.0875,0.2625,0.9809638296181197
3,-1.0875,0.3,0.9113114530982463
3,-1.0875,0.3375,0.8589364675081669
3,-1.0875,0.375,1000.0
3,-1.0875,0.4125,1000.0
3,-1.0875,0.45,1000.0
3,-1.0875,0.4875,1000.0
3,-1.0875,0.525,1000.0
3,-1.0875,0.5625,1000.0
3,-1.0875,0.6,1000.0
3,-1.0875,0.6375,1000.0
3,-1.0875,0.675,1000.0
3,-1.0875,0.7125,1000.0
3,-1.0875,0.75,1000.0
3,-1.0875,0.7875,1000.0
3,-1.0875,0.825,1000.0
3,-1.0875,0.8625,1000.0
3,-1.0875,0.9,1000.0
3,-1.0875,0.9375,1000.0
3,-1.0875,0.975,1000.0
3,-1.0875,1.0125,1000.0
3,-1.0875,1.05,1000.0
3,-1.0875,1.0875,1000.0
3,-1.0875,1.125,1000.0
3,-1.0875,1.1625,1000.0
3,-1.0875,1.2,1000.0
3,-1.0875,1.2375,1000.0
3,-1.0875,1.275,1000.0
3,-1.0875,1.3125,1000.0
3,-1.0875,1.35,1000.0
3,-1.0875,1.3875,1000.0
3,-1.0875,1.425,1000.0
3,-1.0875,1.4625,1000.0
3,-1.0875,1.5,1000.0
3,-1.05,-1.5,1.7440883148100443
3,-1.05,-1.4625,1.7395539177847565
3,-1.05,-1.425,1.734860255429115
3,-1.05,-1.3875,1.730003511168641
3,-1.05,-1.35,1.7249782303415435
3,-1.05,-1.3125,1.7197778881512433
3,-1.05,-1.275,1.7143951250994933
3,-1.05,-1.2375,1.7088218314667933
3,-1.05,-1.2,1.7030491607516882
3,-1.05,-1.1625,1.6970675058202385
3,-1.05,-1.125,1.690866451902708
3,-1.05,-1.0875,1.684434712277507
3,-1.05,-1.05,1.6777600488941153
3,-1.05,-1.0125,1.6708291785466465
3,-1.05,-0.975,1.6636276643486798
3,-1.05,-0.9375,1.6561397916704175
3,-1.05,-0.9,1.6483484271577138
3,-1.05,-0.8625,1.6402348588627482
3,-1.05,-0.825,1.6317786148387736
3,-1.05,-0.7875,1.6229572567673773
3,-1.05,-0.75,1.6137461442788759
3,-1.05,-0.7125,1.6041181645680855
3,-1.05,-0.675,1.5940434206562573
3,-1.05,-0.6375,1.5834888701428413
3,-1.05,-0.6,1.57241790444198
3,-1.05,-0.5625,1.5607898561921574
3,-1.05,-0.525,1.5485594196098473
3,-1.05,-0.4875,1.535675964824679
3,-1.05,-0.45,1.5220827224099494
3,-1.05,-0.4125,1.5077158080354498
3,-1.05,-0.375,1.4925030489085969
3,-1.05,-0.3375,1.4763625627280283
3,-1.05,-0.3,1.4592010252679748
3,-1.05,-0.2625,1.440911543068404
3,-1.05,-0.225,1.4213710211094057
3,-1.05,-0.1875,1.400436879149627
3,-1.05,-0.15,1.377942921032389
3,-1.05,-0.1125,1.3536940941557492
3,-1.05,-0.075,1.3274597864835067
3,-1.05,-0.0375,1.2989651931079869
3,-1.05,0.0,1.2678801516530889
3,-1.05,0.0375,1.23380474344529
3,-1.05,0.075,1.1962510640756832
3,-1.05,0.1125,1.1546214978500569
3,-1.05,0.15,1.108187734430271
3,-1.05,0.1875,1.0560897134130927
3,-1.05,0.225,0.9974341141560692
3,-1.05,0.2625,0.9318577884937501
3,-1.05,0.3,0.8627465502033725
3,-1.05,0.3375,0.8280799624300463
3,-1.05,0.375,1000.0
3,-1.05,0.4125,1000.0
3,-1.05,0.45,1000.0
3,-1.05,0.4875,1000.0
3,-1.05,0.525,1000.0
3,-1.05,0.5625,1000.0
3,-1.05,0.6,1000.0
3,-1.05,0.6375,1000.0
3,-1.05,0.675,1000.0
3,-1.05,0.7125,1000.0
3,-1.05,0.75,1000.0
3,-1.05,0.7875,1000.0
3,-1.05,0.825,1000.0
3,-1.05,0.8625,1000.0
3,-1.05,0.9,1000.0
3,-1.05,0.9375,1000.0
3,-1.05,0.975,1000.0
3,-1.05,1.0125,1000.0
3,-1.05,1.05,1000.0
3,-1.05,1.0875,1000.0
3,-1.05,1.125,1000.0
3,-1.05,1.1625,1000.0
3,-1.05,1.2,1000.0
3,-1.05,1.2375,1000.0
3,-1.05,1.275,1000.0
3,-1.05,1.3125,1000.0
3,-1.05,1.35,1000.0
3,-1.05,1.3875,1000.0
3,-1.05,1.425,1000.0
3,-1.05,1.4625,1000.0
3,-1.05,1.5,1000.0
3,-1.0125,-1.5,1.7311984645081668
3,-1.0125,-1.4625,1.726445897413381
3,-1.0125,-1.425,1.7215275909292138
3,-1.0125,-1.3875,1.7164391577321236
3,-1.0125,-1.35,1.7111746579907254
3,-1.0125,-1.3125,1.7057271035604789
3,-1.0125,-1.275,1.7000886641061663
3,-1.0125,-1.2375,1.694250737022133
3,-1.0125,-1.2,1.688203952311856
3,-1.0125,-1.1625,1.6819381425454352
3,-1.0125,-1.125,1.6754422905139774
3,-1.0125,-1.0875,1.6687044597520544
3,-1.0125,-1.05,1.6617117098501628
3,-1.0125,-1.0125,1.6544499969696367
3,-1.0125,-0.975,1.6469040591555133
3,-1.0125,-0.9375,1.6390572854604069
3,-1.0125,-0.9,1.6308915673424258
3,-1.0125,-0.8625,1.622387130195476
3,-1.0125,-0.825,1.6135223421744396
3,-1.0125,-0.7875,1.6042734966726073
3,-1.0125,-0.75,1.5946145638756357
3,-1.0125,-0.7125,1.584516905727316
3,-1.0125,-0.675,1.5739489473528747
3,-1.0125,-0.6375,1.5628757964315705
3,-1.0125,-0.6,1.5512588001042746
3,-1.0125,-0.5625,1.5390550266265262
3,-1.0125,-0.525,1.5262166559794001
3,-1.0125,-0.4875,1.5126902598252252
3,-1.0125,-0.45,1.4984159462708886
3,-1.0125,-0.4125,1.4833263385123034
3,-1.0125,-0.375,1.4673453480832663
3,-1.0125,-0.3375,1.4503866924447602
3,-1.0125,-0.3,1.432352092103274
3,-1.0125,-0.2625,1.413129063084598
3,-1.0125,-0.225,1.3925881947282357
3,-1.0125,-0.1875,1.3705797682161411
3,-1.0125,-0.15,1.3469295253513105
3,-1.0125,-0.1125,1.3214333371877875
3,-1.0125,-0.075,1.293850447183822
3,-1.0125,-0.0375,1.2638948794781646
3,-1.0125,0.0,1.2312245377644564
3,-1.0125,0.0375,1.1954275696918875
3,-1.0125,0.075,1.156006037437888
3,-1.0125,0.1125,1.1123587737899838
3,-1.0125,0.15,1.0637717107208533
3,-1.0125,0.1875,1.009446661704101
3,-1.0125,0.225,0.9486880343721387
3,-1.0125,0.2625,0.8817807933310423
3,-1.0125,0.3,0.8147733394493784
3,-1.0125,0.3375,0.8076421781017918
3,-1.0125,0.375,1000.0
3,-1.0125,0.4125,1000.0
3,-1.0125,0.45,1000.0
3,-1.0125,0.4875,1000.0
3,-1.0125,0.525,1000.0
3,-1.0125,0.5625,1000.0
3,-1.0125,0.6,1000.0
3,-1.0125,0.6375,1000.0
3,-1.0125,0.675,1000.0
3,-1.0125,0.7125,1000.0
3,-1.0125,0.75,1000.0
3,-1.0125,0.7875,1000.0
3,-1.0125,0.825,1000.0
3,-1.0125,0.8625,1000.0
3,-1.0125,0.9,1000.0
3,-1.0125,0.9375,1000.0
3,-1.0125,0.975,1000.0
3,-1.0125,1.0125,1000.0
3,-1.0125,1.05,1000.0
3,-1.0125,1.0875,1000.0
3,-1.0125,1.125,1000.0
3,-1.0125,1.1625,1000.0
3,-1.0125,1.2,1000.0
3,-1.0125,1.2375,1000.0
3,-1.0125,1.275,1000.0
3,-1.0125,1.3125,1000.0
3,-1.0125,1.35,1000.0
3,-1.0125,1.3875,1000.0
3,-1.0125,1.425,1000.0
3,-1.0125,1.4625,1000.0
3,-1.0125,1.5,1000.0
3,-0.975,-1.5,1.717788983402629
3,-0.975,-1.4625,1.7128076933600997
3,-0.975,-1.425,1.7076538276994757
3,-0.975,-1.3875,1.7023224301866744
3,-0.975,-1.35,1.69680706522853
3,-0.975,-1.3125,1.6911002646378817
3,-0.975,-1.275,1.6851937070728842
3,-0.975,-1.2375,1.6790782744075547
3,-0.975,-1.2,1.6727440484055256
3,-0.975,-1.1625,1.6661802745689018
3,-0.975,-1.125,1.6593753044133768
3,-0.975,-1.0875,1.6523165207308905
3,-0.975,-1.05,1.6449902474548737
3,-0.975,-1.0125,1.637381644350535
3,-0.975,-0.975,1.629474585974415
3,-0.975,-0.9375,1.6212515237705085
3,-0.975,-0.9,1.6126933296120423
3,-0.975,-0.8625,1.6037791184792465
3,-0.975,-0.825,1.594486047251128
3,-0.975,-0.7875,1.584789085765143
3,-0.975,-0.75,1.5746607553438052
3,-0.975,-0.7125,1.564070828871919
3,-0.975,-0.675,1.5529859851869856
3,-0.975,-0.6375,1.5413694089534618
3,-0.975,-0.6,1.529180325240902
3,-0.975,-0.5625,1.5163734556006347
3,-0.975,-0.525,1.5028983793832131
3,-0.975,-0.4875,1.4886987801598344
3,-0.975,-0.45,1.4737115521417858
3,-0.975,-0.4125,1.4578657350824014
3,-0.975,-0.375,1.4410812378289406
3,-0.975,-0.3375,1.4232672998443285
3,-0.975,-0.3,1.4043206258156598
3,-0.975,-0.2625,1.3841231098347806
3,-0.975,-0.225,1.362539041233749
3,-0.975,-0.1875,1.3394116524488522
3,-0.975,-0.15,1.3145588288983896
3,-0.975,-0.1125,1.287767751708612
3,-0.975,-0.075,1.258788190589171
3,-0.975,-0.0375,1.2273241237554868
3,-0.975,0.0,1.1930233889659794
3,-0.975,0.0375,1.1554653231847094
3,-0.975,0.075,1.1141472910296224
3,-0.975,0.1125,1.0684740378653932
3,-0.975,0.15,1.01776350039727
3,-0.975,0.1875,0.9613155831381303
3,-0.975,0.225,0.898715992596733
3,-0.975,0.2625,0.831132627880434
3,-0.975,0.3,0.7682244271507563
3,-0.975,0.3375,0.8023933415621815
3,-0.975,0.375,1000.0
3,-0.975,0.4125,1000.0
3,-0.975,0.45,1000.0
3,-0.975,0.4875,1000.0
3,-0.975,0.525,1000.0
3,-0.975,0.5625,1000.0
3,-0.975,0.6,1000.0
3,-0.975,0.6375,1000.0
3,-0.975,0.675,1000.0
3,-0.975,0.7125,1000.0
3,-0.975,0.75,1000.0
3,-0.975,0.7875,1000.0
3,-0.975,0.825,1000.0
3,-0.975,0.8625,1000.0
3,-0.975,0.9,1000.0
3,-0.975,0.9375,1000.0
3,-0.975,0.975,1000.0
3,-0.975,1.0125,1000.0
3,-0.975,1.05,1000.0
3,-0.975,1.0875,1000.0
3,-0.975,1.125,1000.0
3,-0.975,1.1625,1000.0
3,-0.975,1.2,1000.0
3,-0.975,1.2375,1000.0
3,-0.975,1.275,1000.0
3,-0.975,1.3125,1000.0
3,-0.975,1.35,1000.0
3,-0.975,1.3875,1000.0
3,-0.975,1.425,1000.0
3,-0.975,1.4625,1000.0
3,-0.975,1.5,1000.0
3,-0.9375,-1.5,1.70377064955057
3,-0.9375,-1.4625,1.6985497290641902
3,-0.9375,-1.425,1.6931490275900571
3,-0.9375,-1.3875,1.6875630189303974
3,-0.9375,-1.35,1.6817847593434503
3,-0.9375,-1.3125,1.6758062825411426
3,-0.9375,-1.275,1.6696187547873587
3,-0.9375,-1.2375,1.6632125186187796
3,-0.9375,-1.2,1.6565770816249594
3,-0.9375,-1.1625,1.649701074256411
3,-0.9375,-1.125,1.6425721866789813
3,-0.9375,-1.0875,1.6351770886791015
3,-0.9375,-1.05,1.62750133394961
3,-0.9375,-1.0125,1.6195292487976685
3,-0.9375,-0.975,1.6112438045722728
3,-0.9375,-0.9375,1.6026264725364872
3,-0.9375,-0.9,1.593657059343635
3,-0.9375,-0.8625,1.5843135206455452
3,-0.9375,-0.825,1.5745717496345273
3,-0.9375,-0.7875,1.5644053364809571
3,-0.9375,-0.75,1.553785293655984
3,-0.9375,-0.7125,1.5426797409934594
3,-0.9375,-0.675,1.5310535430007222
3,-0.9375,-0.6375,1.5188678893099203
3,-0.9375,-0.6,1.5060798071831782
3,-0.9375,-0.5625,1.492641592532745
3,-0.9375,-0.525,1.4785001428443683
3,-0.9375,-0.4875,1.46359617150742
3,-0.9375,-0.45,1.4478632781109373
3,-0.9375,-0.4125,1.4312268429365032
3,-0.9375,-0.375,1.4136027057456988
3,-0.9375,-0.3375,1.3948955784790902
3,-0.9375,-0.3,1.374997127973031
3,-0.9375,-0.2625,1.3537836474444045
3,-0.9375,-0.225,1.331113213423901
3,-0.9375,-0.1875,1.3068221973912642
3,-0.9375,-0.15,1.280720968930499
3,-0.9375,-0.1125,1.252588593122218
3,-0.9375,-0.075,1.2221663005646102
3,-0.9375,-0.0375,1.189149526529677
3,-0.9375,0.0,1.1531784648911203
3,-0.9375,0.0375,1.1138276026429947
3,-0.9375,0.075,1.070596262536495
3,-0.9375,0.1125,1.0229067638309342
3,-0.9375,0.15,0.970130752240834
3,-0.9375,0.1875,0.9117102872558464
3,-0.9375,0.225,0.8476141155532685
3,-0.9375,0.2625,0.7801813379678245
3,-0.9375,0.3,0.7238757690540529
3,-0.9375,0.3375,0.8185744061383963
3,-0.9375,0.375,1000.0
3,-0.9375,0.4125,1000.0
3,-0.9375,0.45,1000.0
3,-0.9375,0.4875,1000.0
3,-0.9375,0.525,1000.0
3,-0.9375,0.5625,1000.0
3,-0.9375,0.6,1000.0
3,-0.9375,0.6375,1000.0
3,-0.9375,0.675,1000.0
3,-0.9375,0.7125,1000.0
3,-0.9375,0.75,1000.0
3,-0.9375,0.7875,1000.0
3,-0.9375,0.825,1000.0
3,-0.9375,0.8625,1000.0
3,-0.9375,0.9,1000.0
3,-0.9375,0.9375,1000.0
3,-0.9375,0.975,1000.0
3,-0.9375,1.0125,1000.0
3,-0.9375,1.05,1000.0
3,-0.9375,1.0875,1000.0
3,-0.9375,1.125,1000.0
3,-0.9375,1.1625,1000.0
3,-0.9375,1.2,1000.0
3,-0.9375,1.2375,1000.0
3,-0.9375,1.275,1000.0
3,-0.9375,1.3125,1000.0
3,-0.9375,1.35,1000.0
3,-0.9375,1.3875,1000.0
3,-0.9375,1.425,1000.0
3,-0.9375,1.4625,1000.0
3,-0.9375,1.5,1000.0
3,-0.9,-1.5,1.6890544326223302
3,-0.9,-1.4625,1.6835826439890775
3,-0.9,-1.425,1.6779234915470795
3,-0.9,-1.3875,1.6720708752377276
3,-0.9,-1.35,1.6660173289242717
3,-0.9,-1.3125,1.6597543686852125
3,-0.9,-1.275,1.6532726256602648
3,-0.9,-1.2375,1.646561877924362
3,-0.9,-1.2,1.6396110316506476
3,-0.9,-1.1625,1.632408072934477
3,-0.9,-1.125,1.6249399991847915
3,-0.9,-1.0875,1.6171927335793692
3,-0.9,-1.05,1.6091510236484459
3,-0.9,-1.0125,1.6007983238565648
3,-0.9,-0.975,1.5921166613389894
3,-0.9,-0.9375,1.5830864833805824
3,-0.9,-0.9,1.57368648465267
3,-0.9,-0.8625,1.563893411582159
3,-0.9,-0.825,1.55368184048973
3,-0.9,-0.7875,1.5430239252827842
3,-0.9,-0.75,1.5318891095048741
3,-0.9,-0.7125,1.5202437963955506
3,-0.9,-0.675,1.5080509692579498
3,-0.9,-0.6375,1.4952697528024597
3,-0.9,-0.6,1.481854904149923
3,-0.9,-0.5625,1.4677562197286953
3,-0.9,-0.525,1.4529178412482866
3,-0.9,-0.4875,1.4372774401016406
3,-0.9,-0.45,1.4207652547136962
3,-0.9,-0.4125,1.403302949230959
3,-0.9,-0.375,1.3848022541798102
3,-0.9,-0.3375,1.3651633398801521
3,-0.9,-0.3,1.344272860999217
3,-0.9,-0.2625,1.3220015951998507
3,-0.9,-0.225,1.298201580140482
3,-0.9,-0.1875,1.2727026316477397
3,-0.9,-0.15,1.245308104296499
3,-0.9,-0.1125,1.2157897416600332
3,-0.9,-0.075,1.1838814776263638
3,-0.9,-0.0375,1.1492721444115281
3,-0.9,0.0,1.1115973491760809
3,-0.9,0.0375,1.0704316426258658
3,-0.9,0.075,1.0252844529937295
3,-0.9,0.1125,0.9756098059575354
3,-0.9,0.15,0.9208591825408823
3,-0.9,0.1875,0.8606696691425981
3,-0.9,0.225,0.7955152970859367
3,-0.9,0.2625,0.7292557285873846
3,-0.9,0.3,0.6826448612274498
3,-0.9,0.3375,0.8647328396774113
3,-0.9,0.375,1000.0
3,-0.9,0.4125,1000.0
3,-0.9,0.45,1000.0
3,-0.9,0.4875,1000.0
3,-0.9,0.525,1000.0
3,-0.9,0.5625,1000.0
3,-0.9,0.6,1000.0
3,-0.9,0.6375,1000.0
3,-0.9,0.675,1000.0
3,-0.9,0.7125,1000.0
3,-0.9,0.75,1000.0
3,-0.9,0.7875,1000.0
3,-0.9,0.825,1000.0
3,-0.9,0.8625,1000.0
3,-0.9,0.9,1000.0
3,-0.9,0.9375,1000.0
3,-0.9,0.975,1000.0
3,-0.9,1.0125,1000.0
3,-0.9,1.05,1000.0
3,-0.9,1.0875,1000.0
3,-0.9,1.125,1000.0
3,-0.9,1.1625,1000.0
3,-0.9,1.2,1000.0
3,-0.9,1.2375,1000.0
3,-0.9,1.275,1000.0
3,-0.9,1.3125,1000.0
3,-0.9,1.35,1000.0
3,-0.9,1.3875,1000.0
3,-0.9,1.425,1000.0
3,-0.9,1.4625,1000.0
3,-0.9,1.5,1000.0
3,-0.8625,-1.5,1.673614405222832
3,-0.8625,-1.4625,1.6678802028712543
3,-0.8625,-1.425,1.6619506659305843
3,-0.8625,-1.3875,1.6558191137456486
3,-0.8625,-1.35,1.6494775415878673
3,-0.8625,-1.3125,1.6429169267709902
3,-0.8625,-1.275,1.6361273411098218
3,-0.8625,-1.2375,1.6290979716662473
3,-0.8625,-1.2,1.62181709454346
3,-0.8625,-1.1625,1.6142720207766403
3,-0.8625,-1.125,1.606449022223537
3,-0.8625,-1.0875,1.5983332404877546
3,-0.8625,-1.05,1.5899085796932857
3,-0.8625,-1.0125,1.5811575828181545
3,-0.8625,-0.975,1.57206129060897
3,-0.8625,-0.9375,1.5625990815338868
3,-0.8625,-0.9,1.55274849065418
3,-0.8625,-0.8625,1.5424850046463947
3,-0.8625,-0.825,1.5317818294625258
3,-0.8625,-0.7875,1.5206096262589845
3,-0.8625,-0.75,1.5089362102368
3,-0.8625,-0.7125,1.4967262058857784
3,-0.8625,-0.675,1.483940650770338
3,-0.8625,-0.6375,1.4705365383740643
3,-0.8625,-0.6,1.4564662885550883
3,-0.8625,-0.5625,1.4416771317552228
3,-0.8625,-0.525,1.4261103901269614
3,-0.8625,-0.4875,1.4097006350382535
3,-0.8625,-0.45,1.392374695793651
3,-0.8625,-0.4125,1.374050488641183
3,-0.8625,-0.375,1.3546356279505738
3,-0.8625,-0.3375,1.3340257725701472
3,-0.8625,-0.3,1.3121026495679673
3,-0.8625,-0.2625,1.2887316848216086
3,-0.8625,-0.225,1.2637591558151267
3,-0.8625,-0.1875,1.237008768557114
3,-0.8625,-0.15,1.2082775531857437
3,-0.8625,-0.1125,1.1773309849253988
3,-0.8625,-0.075,1.1438973004813515
3,-0.8625,-0.0375,1.107661170928814
3,-0.8625,0.0,1.0682573968369917
3,-0.8625,0.0375,1.0252665817022404
3,-0.8625,0.075,0.9782180773477943
3,-0.8625,0.1125,0.9266145004482239
3,-0.8625,0.15,0.8700182016321523
3,-0.8625,0.1875,0.8083239408841959
3,-0.8625,0.225,0.7426561350074473
3,-0.8625,0.2625,0.6788133048432587
3,-0.8625,0.3,0.6456631641401036
3,-0.8625,0.3375,0.9527487712161462
3,-0.8625,0.375,1000.0
3,-0.8625,0.4125,1000.0
3,-0.8625,0.45,1000.0
3,-0.8625,0.4875,1000.0
3,-0.8625,0.525,1000.0
3,-0.8625,0.5625,1000.0
3,-0.8625,0.6,1000.0
3,-0.8625,0.6375,1000.0
3,-0.8625,0.675,1000.0
3,-0.8625,0.7125,1000.0
3,-0.8625,0.75,1000.0
3,-0.8625,0.7875,1000.0
3,-0.8625,0.825,1000.0
3,-0.8625,0.8625,1000.0
3,-0.8625,0.9,1000.0
3,-0.8625,0.9375,1000.0
3,-0.8625,0.975,1000.0
3,-0.8625,1.0125,1000.0
3,-0.8625,1.05,1000.0
3,-0.8625,1.0875,1000.0
3,-0.8625,1.125,1000.0
3,-0.8625,1.1625,1000.0
3,-0.8625,1.2,1000.0
3,-0.8625,1.2375,1000.0
3,-0.8625,1.275,1000.0
3,-0.8625,1.3125,1000.0
3,-0.8625,1.35,1000.0
3,-0.8625,1.3875,1000.0
3,-0.8625,1.425,1000.0
3,-0.8625,1.4625,1000.0
3,-0.8625,1.5,1000.0
3,-0.825,-1.5,1.6574255476794497
3,-0.825,-1.4625,1.6514170929686032
3,-0.825,-1.425,1.6452049311090418
3,-0.825,-1.3875,1.638781791262462
3,-0.825,-1.35,1.6321391118731576
3,-0.825,-1.3125,1.6252673086545626
3,-0.825,-1.275,1.6181558683302137
3,-0.825,-1.2375,1.6107933589002064
3,-0.825,-1.2,1.6031673962947364
3,-0.825,-1.1625,1.5952645843830138
3,-0.825,-1.125,1.5870704353362315
3,-0.825,-1.0875,1.5785692729546072
3,-0.825,-1.05,1.5697441195495982
3,-0.825,-1.0125,1.5605765659374229
3,-0.825,-0.975,1.551046623439273
3,-0.825,-0.9375,1.5411325562240132
3,-0.825,-0.9,1.5308106917496223
3,-0.825,-0.8625,1.5200552064080808
3,-0.825,-0.825,1.5088378827323583
3,-0.825,-0.7875,1.4971278336688756
3,-0.825,-0.75,1.4848911884358833
3,-0.825,-0.7125,1.4720907333494935
3,-0.825,-0.675,1.458685499663227
3,-0.825,-0.6375,1.4446302888786704
3,-0.825,-0.6,1.4298751240726646
3,-0.825,-0.5625,1.4143646134623358
3,-0.825,-0.525,1.3980372095856004
3,-0.825,-0.4875,1.3808243439839805
3,-0.825,-0.45,1.362649412988897
3,-0.825,-0.4125,1.3434265849720421
3,-0.825,-0.375,1.3230593930742767
3,-0.825,-0.3375,1.3014390698885452
3,-0.825,-0.3,1.2784425719406847
3,-0.825,-0.2625,1.2539302326445296
3,-0.825,-0.225,1.2277429743025632
3,-0.825,-0.1875,1.1996990065832438
3,-0.825,-0.15,1.1695899497147477
3,-0.825,-0.1125,1.1371763656792153
3,-0.825,-0.075,1.1021828059404826
3,-0.825,-0.0375,1.0642927958352082
3,-0.825,0.0,1.023144926725477
3,-0.825,0.0375,0.9783330479610501
3,-0.825,0.075,0.9294181079127032
3,-0.825,0.1125,0.8759712339108068
3,-0.825,0.15,0.8177020704984385
3,-0.825,0.1875,0.7548364225781802
3,-0.825,0.225,0.6893193637421962
3,-0.825,0.2625,0.6293833516974872
3,-0.825,0.3,0.6142220439246365
3,-0.825,0.3375,1.0992531642437875
3,-0.825,0.375,1000.0
3,-0.825,0.4125,1000.0
3,-0.825,0.45,1000.0
3,-0.825,0.4875,1000.0
3,-0.825,0.525,1000.0
3,-0.825,0.5625,1000.0
3,-0.825,0.6,1000.0
3,-0.825,0.6375,1000.0
3,-0.825,0.675,1000.0
3,-0.825,0.7125,1000.0
3,-0.825,0.75,1000.0
3,-0.825,0.7875,1000.0
3,-0.825,0.825,1000.0
3,-0.825,0.8625,1000.0
3,-0.825,0.9,1000.0
3,-0.825,0.9375,1000.0
3,-0.825,0.975,1000.0
3,-0.825,1.0125,1000.0
3,-0.825,1.05,1000.0
3,-0.825,1.0875,1000.0
3,-0.825,1.125,1000.0
3,-0.825,1.1625,1000.0
3,-0.825,1.2,1000.0
3,-0.825,1.2375,1000.0
3,-0.825,1.275,1000.0
3,-0.825,1.3125,1000.0
3,-0.825,1.35,1000.0
3,-0.825,1.3875,1000.0
3,-0.825,1.425,1000.0
3,-0.825,1.4625,1000.0
3,-0.825,1.5,1000.0
3,-0.7875,-1.5,1.640464045104431
3,-0.7875,-1.4625,1.6341692062743354
3,-0.7875,-1.425,1.6276618675424745
3,-0.7875,-1.3875,1.620934155469039
3,-0.7875,-1.35,1.6139769313666417
3,-0.7875,-1.3125,1.606780024782663
3,-0.7875,-1.275,1.5993323100232573
3,-0.7875,-1.2375,1.5916217065319116
3,-0.7875,-1.2,1.5836351386192336
3,-0.7875,-1.1625,1.5753584696499339
3,-0.7875,-1.125,1.5667764168697735
3,-0.7875,-1.0875,1.5578724490973368
3,-0.7875,-1.05,1.5486286676624763
3,-0.7875,-1.0125,1.5390256700068743
3,-0.7875,-0.975,1.5290423947254046
3,-0.7875,-0.9375,1.5186559462736025
3,-0.7875,-0.9,1.5078413969882232
3,-0.7875,-0.8625,1.4965715634179682
3,-0.7875,-0.825,1.4848167532208292
3,-0.7875,-0.7875,1.4725444780397823
3,-0.7875,-0.75,1.4597191268032923
3,-0.7875,-0.7125,1.4463015927858043
3,-0.7875,-0.675,1.4322488464688246
3,-0.7875,-0.6375,1.4175134447169666
3,-0.7875,-0.6,1.4020429649642616
3,-0.7875,-0.5625,1.385779350921347
3,-0.7875,-0.525,1.3686581536803162
3,-0.7875,-0.4875,1.3506076489190155
3,-0.7875,-0.45,1.3315478070998759
3,-0.7875,-0.4125,1.3113890890492383
3,-0.7875,-0.375,1.290031034087254
3,-0.7875,-0.3375,1.2673606021102959
3,-0.7875,-0.3,1.2432502252177076
3,-0.7875,-0.2625,1.2175555198906836
3,-0.7875,-0.225,1.1901126102357253
3,-0.7875,-0.1875,1.1607350226129822
3,-0.7875,-0.15,1.1292101454185515
3,-0.7875,-0.1125,1.0952953336553148
3,-0.7875,-0.075,1.0587139393805527
3,-0.7875,-0.0375,1.0191520087635473
3,-0.7875,0.0,0.976257438737244
3,-0.7875,0.0375,0.9296458548479744
3,-0.7875,0.075,0.8789235162200544
3,-0.7875,0.1125,0.8237532958709933
3,-0.7875,0.15,0.7640344147644779
3,-0.7875,0.1875,0.7004087287995358
3,-0.7875,0.225,0.6358396206414435
3,-0.7875,0.2625,0.5815729519487688
3,-0.7875,0.3,0.5897796357512963
3,-0.7875,0.3375,1.3280002436871765
3,-0.7875,0.375,1000.0
3,-0.7875,0.4125,1000.0
3,-0.7875,0.45,1000.0
3,-0.7875,0.4875,1000.0
3,-0.7875,0.525,1000.0
3,-0.7875,0.5625,1000.0
3,-0.7875,0.6,1000.0
3,-0.7875,0.6375,1000.0
3,-0.7875,0.675,1000.0
3,-0.7875,0.7125,1000.0
3,-0.7875,0.75,1000.0
3,-0.7875,0.7875,1000.0
3,-0.7875,0.825,1000.0
3,-0.7875,0.8625,1000.0
3,-0.7875,0.9,1000.0
3,-0.7875,0.9375,1000.0
3,-0.7875,0.975,1000.0
3,-0.7875,1.0125,1000.0
3,-0.7875,1.05,1000.0
3,-0.7875,1.0875,1000.0
3,-0.7875,1.125,1000.0
3,-0.7875,1.1625,1000.0
3,-0.7875,1.2,1000.0
3,-0.7875,1.2375,1000.0
3,-0.7875,1.275,1000.0
3,-0.7875,1.3125,1000.0
3,-0.7875,1.35,1000.0
3,-0.7875,1.3875,1000.0
3,-0.7875,1.425,1000.0
3,-0.7875,1.4625,1000.0
3,-0.7875,1.5,1000.0
3,-0.75,-1.5,1.622707508119964
3,-0.75,-1.4625,1.616113836549053
3,-0.75,-1.425,1.6092984278853169
3,-0.75,-1.3875,1.6022527909696176
3,-0.75,-1.35,1.5949671877240956
3,-0.75,-1.3125,1.5874308353828719
3,-0.75,-1.275,1.579631967156623
3,-0.75,-1.2375,1.571557823271711
3,-0.75,-1.2,1.563194603990822
3,-0.75,-1.1625,1.554527398053522
3,-0.75,-1.125,1.5455400919836195
3,-0.75,-1.0875,1.536215262138358
3,-0.75,-1.05,1.5265340496897002
3,-0.75,-1.0125,1.5164760178246668
3,-0.75,-0.975,1.506018989838421
3,-0.75,-0.9375,1.495138866249259
3,-0.75,-0.9,1.4838094184920052
3,-0.75,-0.8625,1.4720020561049998
3,-0.75,-0.825,1.4596855635992863
3,-0.75,-0.7875,1.4468258023765517
3,-0.75,-0.75,1.4333853721303986
3,-0.75,-0.7125,1.419323225102335
3,-0.75,-0.675,1.4045942253383024
3,-0.75,-0.6375,1.3891486436638174
3,-0.75,-0.6,1.372931577418374
3,-0.75,-0.5625,1.3558822820094483
3,-0.75,-0.525,1.3379333990096438
3,-0.75,-0.4875,1.3190100627801618
3,-0.75,-0.45,1.2990288644396626
3,-0.75,-0.4125,1.2778966484500551
3,-0.75,-0.375,1.25550911333519
3,-0.75,-0.3375,1.2317491845365474
3,-0.75,-0.3,1.2064851251540718
3,-0.75,-0.2625,1.1795683514569515
3,-0.75,-0.225,1.1508309289809509
3,-0.75,-0.1875,1.120082750777136
3,-0.75,-0.15,1.0871084605528563
3,-0.75,-0.1125,1.0516643190804251
3,-0.75,-0.075,1.0134755062573635
3,-0.75,-0.0375,0.9722349900900006
3,-0.75,0.0,0.9276065100038311
3,-0.75,0.0375,0.8792374715164649
3,-0.75,0.075,0.8267953859151268
3,-0.75,0.1125,0.7700616953951256
3,-0.75,0.15,0.7091737837050098
3,-0.75,0.1875,0.6452870478763483
3,-0.75,0.225,0.5826102565838928
3,-0.75,0.2625,0.5360736513015171
3,-0.75,0.3,0.5739660141215083
3,-0.75,0.3375,1.6738728780453052
3,-0.75,0.375,1000.0
3,-0.75,0.4125,1000.0
3,-0.75,0.45,1000.0
3,-0.75,0.4875,1000.0
3,-0.75,0.525,1000.0
3,-0.75,0.5625,1000.0
3,-0.75,0.6,1000.0
3,-0.75,0.6375,1000.0
3,-0.75,0.675,1000.0
3,-0.75,0.7125,1000.0
3,-0.75,0.75,1000.0
3,-0.75,0.7875,1000.0
3,-0.75,0.825,1000.0
3,-0.75,0.8625,1000.0
3,-0.75,0.9,1000.0
3,-0.75,0.9375,1000.0
3,-0.75,0.975,1000.0
3,-0.75,1.0125,1000.0
3,-0.75,1.05,1000.0
3,-0.75,1.0875,1000.0
3,-0.75,1.125,1000.0
3,-0.75,1.1625,1000.0
3,-0.75,1.2,1000.0
3,-0.75,1.2375,1000.0
3,-0.75,1.275,1000.0
3,-0.75,1.3125,1000.0
3,-0.75,1.35,1000.0
3,-0.75,1.3875,1000.0
3,-0.75,1.425,1000.0
3,-0.75,1.4625,1000.0
3,-0.75,1.5,1000.0
3,-0.7125,-1.5,1.6041350542788464
3,-0.7125,-1.4625,1.5972297276444332
3,-0.7125,-1.425,1.5900929514164772
3,-0.7125,-1.3875,1.5827155992665756
3,-0.7125,-1.35,1.5750873099010576
3,-0.7125,-1.3125,1.5671966609666923
3,-0.7125,-1.275,1.5590312150927408
3,-0.7125,-1.2375,1.5505775021071644
3,-0.7125,-1.2,1.541820965567015
3,-0.7125,-1.1625,1.5327458855477338
3,-0.7125,-1.125,1.5233352824751099
3,-0.7125,-1.0875,1.5135708035578
3,-0.7125,-1.05,1.503432591837006
3,-0.7125,-1.0125,1.4928991370254603
3,-0.7125,-0.975,1.4819471067188579
3,-0.7125,-0.9375,1.4705511560312423
3,-0.7125,-0.9,1.4586837131452937
3,-0.7125,-0.8625,1.4463147376443737
3,-0.7125,-0.825,1.433411447792843
3,-0.7125,-0.7875,1.4199380121468166
3,-0.7125,-0.75,1.4058551999991806
3,-0.7125,-0.7125,1.391119984173709
3,-0.7125,-0.675,1.375685088560446
3,-0.7125,-0.6375,1.3594984714994964
3,-0.7125,-0.6,1.3425027346419645
3,-0.7125,-0.5625,1.324634445216302
3,-0.7125,-0.525,1.3058233576878446
3,-0.7125,-0.4875,1.2859915186271276
3,-0.7125,-0.45,1.2650522362628278
3,-0.7125,-0.4125,1.2429088938633674
3,-0.7125,-0.375,1.2194535841596164
3,-0.7125,-0.3375,1.1945655413013807
3,-0.7125,-0.3,1.1681093489509706
3,-0.7125,-0.2625,1.1399329112423555
3,-0.7125,-0.225,1.1098651937300594
3,-0.7125,-0.1875,1.077713786508376
3,-0.7125,-0.15,1.0432624363235496
3,-0.7125,-0.1125,1.0062688900104966
3,-0.7125,-0.075,0.9664637966094859
3,-0.7125,-0.0375,0.923552268851369
3,-0.7125,0.0,0.8772215553224185
3,-0.7125,0.0375,0.8271624557219955
3,-0.7125,0.075,0.7731220853559522
3,-0.7125,0.1125,0.7150311302971489
3,-0.7125,0.15,0.6533204442214939
3,-0.7125,0.1875,0.5897697114981791
3,-0.7125,0.225,0.5300914105387169
3,-0.7125,0.2625,0.49366903380274585
3,-0.7125,0.3,0.5685867521998287
3,-0.7125,0.3375,2.1901100109467966
3,-0.7125,0.375,1000.0
3,-0.7125,0.4125,1000.0
3,-0.7125,0.45,1000.0
3,-0.7125,0.4875,1000.0
3,-0.7125,0.525,1000.0
3,-0.7125,0.5625,1000.0
3,-0.7125,0.6,1000.0
3,-0.7125,0.6375,1000.0
3,-0.7125,0.675,1000.0
3,-0.7125,0.7125,1000.0
3,-0.7125,0.75,1000.0
3,-0.7125,0.7875,1000.0
3,-0.7125,0.825,1000.0
3,-0.7125,0.8625,1000.0
3,-0.7125,0.9,1000.0
3,-0.7125,0.9375,1000.0
3,-0.7125,0.975,1000.0
3,-0.7125,1.0125,1000.0
3,-0.7125,1.05,1000.0
3,-0.7125,1.0875,1000.0
3,-0.7125,1.125,1000.0
3,-0.7125,1.1625,1000.0
3,-0.7125,1.2,1000.0
3,-0.7125,1.2375,1000.0
3,-0.7125,1.275,1000.0
3,-0.7125,1.3125,1000.0
3,-0.7125,1.35,1000.0
3,-0.7125,1.3875,1000.0
3,-0.7125,1.425,1000.0
3,-0.7125,1.4625,1000.0
3,-0.7125,1.5,1000.0
3,-0.675,-1.5,1.584727178456976
3,-0.675,-1.4625,1.5774969027982828
3,-0.675,-1.425,1.5700249524923469
3,-0.675,-1.3875,1.562301547018966
3,-0.675,-1.35,1.5543156772942945
3,-0.675,-1.3125,1.5460552538918961
3,-0.675,-1.275,1.5375071395952165
3,-0.675,-1.2375,1.528657123280946
3,-0.675,-1.2,1.5194898601821123
3,-0.675,-1.1625,1.5099887891374486
3,-0.675,-1.125,1.5001360310136773
3,-0.675,-1.0875,1.4899122695724352
3,-0.675,-1.05,1.4792966146435065
3,-0.675,-1.0125,1.46826644667779
3,-0.675,-0.975,1.4567972411915158
3,-0.675,-0.9375,1.4448623711003983
3,-0.675,-0.9,1.4324328844029208
3,-0.675,-0.8625,1.4194772540773122
3,-0.675,-0.825,1.4059610963980191
3,-0.675,-0.7875,1.391846853151214
3,-0.675,-0.75,1.3770934324294901
3,-0.675,-0.7125,1.361655801803562
3,-0.675,-0.675,1.3454845266899038
3,-0.675,-0.6375,1.328525245642576
3,-0.675,-0.6,1.3107180730837775
3,-0.675,-0.5625,1.2919969186506113
3,-0.675,-0.525,1.2722887109001098
3,-0.675,-0.4875,1.2515125116537922
3,-0.675,-0.45,1.2295785059423487
3,-0.675,-0.4125,1.2063868516661895
3,-0.675,-0.375,1.1818263733717198
3,-0.675,-0.3375,1.1557730871979235
3,-0.675,-0.3,1.1280885514185999
3,-0.675,-0.2625,1.0986180535282875
3,-0.675,-0.225,1.0671886789598604
3,-0.675,-0.1875,1.0336073746730323
3,-0.675,-0.15,0.9976592554218119
3,-0.675,-0.1125,0.9591066672544628
3,-0.675,-0.075,0.917690059549681
3,-0.675,-0.0375,0.8731328240719485
3,-0.675,0.0,0.825154623558134
3,-0.675,0.0375,0.7735030130536998
3,-0.675,0.075,0.7180256539160295
3,-0.675,0.1125,0.6588372533936434
3,-0.675,0.15,0.5967245477040667
3,-0.675,0.1875,0.5342161937827352
3,-0.675,0.225,0.4788195096087393
3,-0.675,0.2625,0.45524345159193147
3,-0.675,0.3,0.5756251516810698
3,-0.675,0.3375,2.9625264103218396
3,-0.675,0.375,1000.0
3,-0.675,0.4125,1000.0
3,-0.675,0.45,1000.0
3,-0.675,0.4875,1000.0
3,-0.675,0.525,1000.0
3,-0.675,0.5625,1000.0
3,-0.675,0.6,1000.0
3,-0.675,0.6375,1000.0
3,-0.675,0.675,1000.0
3,-0.675,0.7125,1000.0
3,-0.675,0.75,1000.0
3,-0.675,0.7875,1000.0
3,-0.675,0.825,1000.0
3,-0.675,0.8625,1000.0
3,-0.675,0.9,1000.0
3,-0.675,0.9375,1000.0
3,-0.675,0.975,1000.0
3,-0.675,1.0125,1000.0
3,-0.675,1.05,1000.0
3,-0.675,1.0875,1000.0
3,-0.675,1.125,1000.0
3,-0.675,1.1625,1000.0
3,-0.675,1.2,1000.0
3,-0.675,1.2375,1000.0
3,-0.675,1.275,1000.0
3,-0.675,1.3125,1000.0
3,-0.675,1.35,1000.0
3,-0.675,1.3875,1000.0
3,-0.675,1.425,1000.0
3,-0.675,1.4625,1000.0
3,-0.675,1.5,1000.0
3,-0.6375,-1.5,1.5644653419008623
3,-0.6375,-1.4625,1.556896209198837
3,-0.6375,-1.425,1.5490746227579366
3,-0.6375,-1.3875,1.540990128591886
3,-0.6375,-1.35,1.532631045907117
3,-0.6375,-1.3125,1.5239845920209243
3,-0.6375,-1.275,1.5150369024588286
3,-0.6375,-1.2375,1.5057729969622227
3,-0.6375,-1.2,1.4961767136979507
3,-0.6375,-1.1625,1.4862306210775602
3,-0.6375,-1.125,1.4759159108361437
3,-0.6375,-1.0875,1.4652122733869386
3,-0.6375,-1.05,1.4540977551794187
3,-0.6375,-1.0125,1.4425485970566758
3,-0.6375,-0.975,1.4305390520784014
3,-0.6375,-0.9375,1.4180411807907956
3,-0.6375,-0.9,1.4050246214191446
3,-0.6375,-0.8625,1.3914563319097866
3,-0.6375,-0.825,1.3773003001518827
3,-0.6375,-0.7875,1.3625172180666836
3,-0.6375,-0.75,1.3470641145630047
3,-0.6375,-0.7125,1.3308939416204661
3,-0.6375,-0.675,1.313955106973578
3,-0.6375,-0.6375,1.296190946030475
3,-0.6375,-0.6,1.2775391247807688
3,-0.6375,-0.5625,1.257930964560339
3,-0.6375,-0.525,1.2372906787209124
3,-0.6375,-0.4875,1.2155345106483455
3,-0.6375,-0.45,1.1925697624701794
3,-0.6375,-0.4125,1.1682937047171462
3,-0.6375,-0.375,1.1425923601185095
3,-0.6375,-0.3375,1.1153391613733985
3,-0.6375,-0.3,1.0863934963604787
3,-0.6375,-0.2625,1.055599180748953
3,-0.6375,-0.225,1.0227829484325321
3,-0.6375,-0.1875,0.9877531457317628
3,-0.6375,-0.15,0.9502989970786457
3,-0.6375,-0.1125,0.9101911606012395
3,-0.6375,-0.075,0.8671849835596055
3,-0.6375,-0.0375,0.8210292722841875
3,-0.6375,0.0,0.7714863559882609
3,-0.6375,0.0375,0.7183757901190279
3,-0.6375,0.075,0.6616694921987655
3,-0.6375,0.1125,0.6017053112194652
3,-0.6375,0.15,0.5396957330689341
3,-0.6375,0.1875,0.4790575938801066
3,-0.6375,0.225,0.4294182543359484
3,-0.6375,0.2625,0.42179205827501104
3,-0.6375,0.3,0.5972435946203233
3,-0.6375,0.3375,4.140944906298534
3,-0.6375,0.375,1000.0
3,-0.6375,0.4125,1000.0
3,-0.6375,0.45,1000.0
3,-0.6375,0.4875,1000.0
3,-0.6375,0.525,1000.0
3,-0.6375,0.5625,1000.0
3,-0.6375,0.6,1000.0
3,-0.6375,0.6375,1000.0
3,-0.6375,0.675,1000.0
3,-0.6375,0.7125,1000.0
3,-0.6375,0.75,1000.0
3,-0.6375,0.7875,1000.0
3,-0.6375,0.825,1000.0
3,-0.6375,0.8625,1000.0
3,-0.6375,0.9,1000.0
3,-0.6375,0.9375,1000.0
3,-0.6375,0.975,1000.0
3,-0.6375,1.0125,1000.0
3,-0.6375,1.05,1000.0
3,-0.6375,1.0875,1000.0
3,-0.6375,1.125,1000.0
3,-0.6375,1.1625,1000.0
3,-0.6375,1.2,1000.0
3,-0.6375,1.2375,1000.0
3,-0.6375,1.275,1000.0
3,-0.6375,1.3125,1000.0
3,-0.6375,1.35,1000.0
3,-0.6375,1.3875,1000.0
3,-0.6375,1.425,1000.0
3,-0.6375,1.4625,1000.0
3,-0.6375,1.5,1000.0
3,-0.6,-1.5,1.5433312286679677
3,-0.6,-1.4625,1.5354085356491058
3,-0.6,-1.425,1.5272220149648545
3,-0.6,-1.3875,1.5187605216427678
3,-0.6,-1.35,1.5100116819929432
3,-0.6,-1.3125,1.5009619973553376
3,-0.6,-1.275,1.491596852664284
3,-0.6,-1.2375,1.4819004749784754
3,-0.6,-1.2,1.471855861808279
3,-0.6,-1.1625,1.4614446875751417
3,-0.6,-1.125,1.450647191373783
3,-0.6,-1.0875,1.4394420468305211
3,-0.6,-1.05,1.4278062136786858
3,-0.6,-1.0125,1.4157147700000359
3,-0.6,-0.975,1.4031407235931594
3,-0.6,-0.9375,1.3900548004863815
3,-0.6,-0.9,1.3764252081583728
3,-0.6,-0.8625,1.3622173705481533
3,-0.6,-0.825,1.3473936314283073
3,-0.6,-0.7875,1.3319129221868993
3,-0.6,-0.75,1.3157303895212489
3,-0.6,-0.7125,1.298796977996333
3,-0.6,-0.675,1.2810589618708497
3,-0.6,-0.6375,1.2624574200619345
3,-0.6,-0.6,1.242927647640395
3,-0.6,-0.5625,1.22239849689214
3,-0.6,-0.525,1.2007916408789459
3,-0.6,-0.4875,1.1780207528221276
3,-0.6,-0.45,1.1539905959422714
3,-0.6,-0.4125,1.1285960213732562
3,-0.6,-0.375,1.101720877765171
3,-0.6,-0.3375,1.0732368475688512
3,-0.6,-0.3,1.0430022459934847
3,-0.6,-0.2625,1.0108608569240844
3,-0.6,-0.225,0.9766409498144336
3,-0.6,-0.1875,0.94015474932843
3,-0.6,-0.15,0.9011988666389363
3,-0.6,-0.1125,0.8595566500752271
3,-0.6,-0.075,0.8150042844820719
3,-0.6,-0.0375,0.767324218639898
3,-0.6,0.0,0.7163331608410595
3,-0.6,0.0375,0.6619399381065116
3,-0.6,0.075,0.6042673820055888
3,-0.6,0.1125,0.5439201752235098
3,-0.6,0.15,0.4826141765337642
3,-0.6,0.1875,0.4248085878798342
3,-0.6,0.225,0.38261103618787046
3,-0.6,0.2625,0.39443212628290597
3,-0.6,0.3,0.6357845341247319
3,-0.6,0.3375,6.02118105026436
3,-0.6,0.375,1000.0
3,-0.6,0.4125,1000.0
3,-0.6,0.45,1000.0
3,-0.6,0.4875,1000.0
3,-0.6,0.525,1000.0
3,-0.6,0.5625,1000.0
3,-0.6,0.6,1000.0
3,-0.6,0.6375,1000.0
3,-0.6,0.675,1000.0
3,-0.6,0.7125,1000.0
3,-0.6,0.75,1000.0
3,-0.6,0.7875,1000.0
3,-0.6,0.825,1000.0
3,-0.6,0.8625,1000.0
3,-0.6,0.9,1000.0
3,-0.6,0.9375,1000.0
3,-0.6,0.975,1000.0
3,-0.6,1.0125,1000.0
3,-0.6,1.05,1000.0
3,-0.6,1.0875,1000.0
3,-0.6,1.125,1000.0
3,-0.6,1.1625,1000.0
3,-0.6,1.2,1000.0
3,-0.6,1.2375,1000.0
3,-0.6,1.275,1000.0
3,-0.6,1.3125,1000.0
3,-0.6,1.35,1000.0
3,-0.6,1.3875,1000.0
3,-0.6,1.425,1000.0
3,-0.6,1.4625,1000.0
3,-0.6,1.5,1000.0
3,-0.5625,-1.5,1.5213056629588917
3,-0.5625,-1.4625,1.51301371117011
3,-0.5625,-1.425,1.5044459313314
3,-0.5625,-1.3875,1.4955904743831538
3,-0.5625,-1.35,1.4864342579421113
3,-0.5625,-1.3125,1.4769630507408782
3,-0.5625,-1.275,1.4671614704290277
3,-0.5625,-1.2375,1.4570129349122078
3,-0.5625,-1.2,1.446499584868328
3,-0.5625,-1.1625,1.4356021848196918
3,-0.5625,-1.125,1.4243000055116182
3,-0.5625,-1.0875,1.4125706882088618
3,-0.5625,-1.05,1.4003900904641668
3,-0.5625,-1.0125,1.3877321123097694
3,-0.5625,-0.975,1.3745685013905826
3,-0.5625,-0.9375,1.3608686351748827
3,-0.5625,-0.9,1.3465992779981177
3,-0.5625,-0.8625,1.3317243103080574
3,-0.5625,-0.825,1.3162044270899176
3,-0.5625,-0.7875,1.2999968020692179
3,-0.5625,-0.75,1.2830547139297512
3,-0.5625,-0.7125,1.2653271304583253
3,-0.5625,-0.675,1.2467582462568252
3,-0.5625,-0.6375,1.2272869694807114
3,-0.5625,-0.6,1.2068463530335425
3,-0.5625,-0.5625,1.1853629658826865
3,-0.5625,-0.525,1.1627562008612053
3,-0.5625,-0.4875,1.13893751683256
3,-0.5625,-0.45,1.1138096160189734
3,-0.5625,-0.4125,1.0872655626656016
3,-0.5625,-0.375,1.0591878588174022
3,-0.5625,-0.3375,1.0294475099274858
3,-0.5625,-0.3,0.9979031427462599
3,-0.5625,-0.2625,0.9644002901804832
3,-0.5625,-0.225,0.9287710502314708
3,-0.5625,-0.1875,0.8908344916154739
3,-0.5625,-0.15,0.8503984802151436
3,-0.5625,-0.1125,0.8072641627302675
3,-0.5625,-0.075,0.7612354229955693
3,-0.5625,-0.0375,0.7121377729564934
3,-0.5625,0.0,0.6598555996441262
3,-0.5625,0.0375,0.6044064543033489
3,-0.5625,0.075,0.5460938692707423
3,-0.5625,0.1125,0.48583782386537
3,-0.5625,0.15,0.4259431465734412
3,-0.5625,0.1875,0.3720808532562439
3,-0.5625,0.225,0.33923466459930784
3,-0.5625,0.2625,0.3744154134321061
3,-0.5625,0.3,0.693771517968489
3,-0.5625,0.3375,9.321693463137844
3,-0.5625,0.375,1000.0
3,-0.5625,0.4125,1000.0
3,-0.5625,0.45,1000.0
3,-0.5625,0.4875,1000.0
3,-0.5625,0.525,1000.0
3,-0.5625,0.5625,1000.0
3,-0.5625,0.6,1000.0
3,-0.5625,0.6375,1000.0
3,-0.5625,0.675,1000.0
3,-0.5625,0.7125,1000.0
3,-0.5625,0.75,1000.0
3,-0.5625,0.7875,1000.0
3,-0.5625,0.825,1000.0
3,-0.5625,0.8625,1000.0
3,-0.5625,0.9,1000.0
3,-0.5625,0.9375,1000.0
3,-0.5625,0.975,1000.0
3,-0.5625,1.0125,1000.0
3,-0.5625,1.05,1000.0
3,-0.5625,1.0875,1000.0
3,-0.5625,1.125,1000.0
3,-0.5625,1.1625,1000.0
3,-0.5625,1.2,1000.0
3,-0.5625,1.2375,1000.0
3,-0.5625,1.275,1000.0
3,-0.5625,1.3125,1000.0
3,-0.5625,1.35,1000.0
3,-0.5625,1.3875,1000.0
3,-0.5625,1.425,1000.0
3,-0.5625,1.4625,1000.0
3,-0.5625,1.5,1000.0
3,-0.525,-1.5,1.4983672572012212
3,-0.525,-1.4625,1.4896891734237345
3,-0.525,-1.425,1.4807226244446707
3,-0.525,-1.3875,1.4714550514283469
3,-0.525,-1.35,1.46187265568315
3,-0.525,-1.3125,1.4519604653345666
3,-0.525,-1.275,1.4417023229092485
3,-0.525,-1.2375,1.4310808295831632
3,-0.525,-1.2,1.420077261785245
3,-0.525,-1.1625,1.4086714666957325
3,-0.525,-1.125,1.396841739039069
3,-0.525,-1.0875,1.3845646796592783
3,-0.525,-1.05,1.3718150354300067
3,-0.525,-1.0125,1.3585655195308244
3,-0.525,-0.975,1.3447866107651931
3,-0.525,-0.9375,1.3304463302965635
3,-0.525,-0.9,1.315509993899209
3,-0.525,-0.8625,1.299939937554423
3,-0.525,-0.825,1.283695213978938
3,-0.525,-0.7875,1.2667312574650973
3,-0.525,-0.75,1.2489995142575923
3,-0.525,-0.7125,1.2304470356107389
3,-0.525,-0.675,1.2110160306953652
3,-0.525,-0.6375,1.1906433767103564
3,-0.525,-0.6,1.1692600839966705
3,-0.525,-0.5625,1.1467907148183836
3,-0.525,-0.525,1.1231527560527743
3,-0.525,-0.4875,1.098255948805678
3,-0.525,-0.45,1.0720015827585747
3,-0.525,-0.4125,1.0442817712380097
3,-0.525,-0.375,1.014978736904573
3,-0.525,-0.3375,0.9839641615561874
3,-0.525,-0.3,0.951098693684414
3,-0.525,-0.2625,0.9162317761674589
3,-0.525,-0.225,0.8792020754984133
3,-0.525,-0.1875,0.839839003215767
3,-0.525,-0.15,0.7979661957845147
3,-0.525,-0.1125,0.7534085108883283
3,-0.525,-0.075,0.7060054130074896
3,-0.525,-0.0375,0.6556362178607009
3,-0.525,0.0,0.6022680319699791
3,-0.525,0.0375,0.5460489345129472
3,-0.525,0.075,0.487496235404833
3,-0.525,0.1125,0.42789856413137367
3,-0.525,0.15,0.37024334070619236
3,-0.525,0.1875,0.3215981120657829
3,-0.525,0.225,0.30025427919182573
3,-0.525,0.2625,0.36314111172978664
3,-0.525,0.3,0.7739102621453007
3,-0.525,0.3375,16.69409837794584
3,-0.525,0.375,1000.0
3,-0.525,0.4125,1000.0
3,-0.525,0.45,1000.0
3,-0.525,0.4875,1000.0
3,-0.525,0.525,1000.0
3,-0.525,0.5625,1000.0
3,-0.525,0.6,1000.0
3,-0.525,0.6375,1000.0
3,-0.525,0.675,1000.0
3,-0.525,0.7125,1000.0
3,-0.525,0.75,1000.0
3,-0.525,0.7875,1000.0
3,-0.525,0.825,1000.0
3,-0.525,0.8625,1000.0
3,-0.525,0.9,1000.0
3,-0.525,0.9375,1000.0
3,-0.525,0.975,1000.0
3,-0.525,1.0125,1000.0
3,-0.525,1.05,1000.0
3,-0.525,1.0875,1000.0
3,-0.525,1.125,1000.0
3,-0.525,1.1625,1000.0
3,-0.525,1.2,1000.0
3,-0.525,1.2375,1000.0
3,-0.525,1.275,1000.0
3,-0.525,1.3125,1000.0
3,-0.525,1.35,1000.0
3,-0.525,1.3875,1000.0
3,-0.525,1.425,1000.0
3,-0.525,1.4625,1000.0
3,-0.525,1.5,1000.0
3,-0.4875,-1.5,1.474490967858814
3,-0.4875,-1.4625,1.465408604640016
3,-0.4875,-1.425,1.456024527816427
3,-0.4875,-1.3875,1.4463254729963642
3,-0.4875,-1.35,1.4362969277091797
3,-0.4875,-1.3125,1.4259231814522966
3,-0.4875,-1.275,1.4151873032981623
3,-0.4875,-1.2375,1.4040710788916557
3,-0.4875,-1.2,1.3925549208181598
3,-0.4875,-1.1625,1.3806177581699435
3,-0.4875,-1.125,1.3682369074532288
3,-0.4875,-1.0875,1.3553879252911178
3,-0.4875,-1.05,1.342044442575036
3,-0.4875,-1.0125,1.328177979298978
3,-0.4875,-0.975,1.3137577390528667
3,-0.4875,-0.9375,1.298750381959508
3,-0.4875,-0.9,1.283119774681715
3,-0.4875,-0.8625,1.2668267159992312
3,-0.4875,-0.825,1.2498286363690172
3,-0.4875,-0.7875,1.232079269852494
3,-0.4875,-0.75,1.2135282968396555
3,-0.4875,-0.7125,1.1941209561514503
3,-0.4875,-0.675,1.173797625406445
3,-0.4875,-0.6375,1.1524933690786316
3,-0.4875,-0.6,1.130137454593267
3,-0.4875,-0.5625,1.106652838350493
3,-0.4875,-0.525,1.0819556261370182
3,-0.4875,-0.4875,1.0559545166525321
3,-0.4875,-0.45,1.0285502439329641
3,-0.4875,-0.4125,0.9996350460910722
3,-0.4875,-0.375,0.969092206977983
3,-0.4875,-0.3375,0.9367957490497502
3,-0.4875,-0.3,0.9026104083227281
3,-0.4875,-0.2625,0.8663921104513453
3,-0.4875,-0.225,0.8279893167239468
3,-0.4875,-0.1875,0.7872458679345024
3,-0.4875,-0.15,0.7440064131811156
3,-0.4875,-0.1125,0.6981263475645718
3,-0.4875,-0.075,0.6494897617025239
3,-0.4875,-0.0375,0.598042007653601
3,-0.4875,0.0,0.5438498741478115
3,-0.4875,0.0375,0.4872162752908108
3,-0.4875,0.075,0.42890873489143655
3,-0.4875,0.1125,0.3706427040114721
3,-0.4875,0.15,0.31618959052482937
3,-0.4875,0.1875,0.2742130708904571
3,-0.4875,0.225,0.2667792505173689
3,-0.4875,0.2625,0.36216860348606883
3,-0.4875,0.3,0.8790891297667593
3,-0.4875,0.3375,94.42720654137658
3,-0.4875,0.375,1000.0
3,-0.4875,0.4125,1000.0
3,-0.4875,0.45,1000.0
3,-0.4875,0.4875,1000.0
3,-0.4875,0.525,1000.0
3,-0.4875,0.5625,1000.0
3,-0.4875,0.6,1000.0
3,-0.4875,0.6375,1000.0
3,-0.4875,0.675,1000.0
3,-0.4875,0.7125,1000.0
3,-0.4875,0.75,1000.0
3,-0.4875,0.7875,1000.0
3,-0.4875,0.825,1000.0
3,-0.4875,0.8625,1000.0
3,-0.4875,0.9,1000.0
3,-0.4875,0.9375,1000.0
3,-0.4875,0.975,1000.0
3,-0.4875,1.0125,1000.0
3,-0.4875,1.05,1000.0
3,-0.4875,1.0875,1000.0
3,-0.4875,1.125,1000.0
3,-0.4875,1.1625,1000.0
3,-0.4875,1.2,1000.0
3,-0.4875,1.2375,1000.0
3,-0.4875,1.275,1000.0
3,-0.4875,1.3125,1000.0
3,-0.4875,1.35,1000.0
3,-0.4875,1.3875,1000.0
3,-0.4875,1.425,1000.0
3,-0.4875,1.4625,1000.0
3,-0.4875,1.5,1000.0
3,-0.45,-1.5,1.4496468603394437
3,-0.45,-1.4625,1.44014085229075
3,-0.45,-1.425,1.4303193456699932
3,-0.45,-1.3875,1.4201683851974818
3,-0.45,-1.35,1.4096727568470244
3,-0.45,-1.3125,1.3988160219411694
3,-0.45,-1.275,1.3875804846720539
3,-0.45,-1.2375,1.3759471214293981
3,-0.45,-1.2,1.3638954844501994
3,-0.45,-1.1625,1.351403585062991
3,-0.45,-1.125,1.338447758544146
3,-0.45,-1.0875,1.3250025111445272
3,-0.45,-1.05,1.311040349189728
3,-0.45,-1.0125,1.2965315898581067
3,-0.45,-0.975,1.2814441530964948
3,-0.45,-0.9375,1.2657433340586484
3,-0.45,-0.9,1.2493915554169497
3,-0.45,-0.8625,1.2323480989001865
3,-0.45,-0.825,1.2145688154591905
3,-0.45,-0.7875,1.196005813574538
3,-0.45,-0.75,1.1766071254228063
3,-0.45,-0.7125,1.1563163509543155
3,-0.45,-0.675,1.1350722804816074
3,-0.45,-0.6375,1.1128084972641419
3,-0.45,-0.6,1.0894529630178216
3,-0.45,-0.5625,1.064927591631285
3,-0.45,-0.525,1.0391478201998543
3,-0.45,-0.4875,1.0120221926890347
3,-0.45,-0.45,0.9834519815321563
3,-0.45,-0.4125,0.953330888514252
3,-0.45,-0.375,0.9215448920491542
3,-0.45,-0.3375,0.887972349420927
3,-0.45,-0.3,0.8524845298109538
3,-0.45,-0.2625,0.8149468643213572
3,-0.45,-0.225,0.7752213834735566
3,-0.45,-0.1875,0.7331711270017007
3,-0.45,-0.15,0.6886678615140189
3,-0.45,-0.1125,0.6416054377672368
3,-0.45,-0.075,0.5919229891205515
3,-0.45,-0.0375,0.5396458349857731
3,-0.45,0.0,0.4849594845909913
3,-0.45,0.0375,0.42834852544390667
3,-0.45,0.075,0.37087031345187815
3,-0.45,0.1125,0.314729667709842
3,-0.45,0.15,0.2645904536089416
3,-0.45,0.1875,0.23092612041175567
3,-0.45,0.225,0.24007923388175006
3,-0.45,0.2625,0.3732285608962119
3,-0.45,0.3,1.0123774022529808
3,-0.45,0.3375,1000.0
3,-0.45,0.375,1000.0
3,-0.45,0.4125,1000.0
3,-0.45,0.45,1000.0
3,-0.45,0.4875,1000.0
3,-0.45,0.525,1000.0
3,-0.45,0.5625,1000.0
3,-0.45,0.6,1000.0
3,-0.45,0.6375,1000.0
3,-0.45,0.675,1000.0
3,-0.45,0.7125,1000.0
3,-0.45,0.75,1000.0
3,-0.45,0.7875,1000.0
3,-0.45,0.825,1000.0
3,-0.45,0.8625,1000.0
3,-0.45,0.9,1000.0
3,-0.45,0.9375,1000.0
3,-0.45,0.975,1000.0
3,-0.45,1.0125,1000.0
3,-0.45,1.05,1000.0
3,-0.45,1.0875,1000.0
3,-0.45,1.125,1000.0
3,-0.45,1.1625,1000.0
3,-0.45,1.2,1000.0
3,-0.45,1.2375,1000.0
3,-0.45,1.275,1000.0
3,-0.45,1.3125,1000.0
3,-0.45,1.35,1000.0
3,-0.45,1.3875,1000.0
3,-0.45,1.425,1000.0
3,-0.45,1.4625,1000.0
3,-0.45,1.5,1000.0
3,-0.4125,-1.5,1.4237994941600285
3,-0.4125,-1.4625,1.4138495459738272
3,-0.4125,-1.425,1.4035699072588836
3,-0.4125,-1.3875,1.3929459535153101
3,-0.4125,-1.35,1.3819617862159268
3,-0.4125,-1.3125,1.3706002512011424
3,-0.4125,-1.275,1.3588428957690866
3,-0.4125,-1.2375,1.3466698898626133
3,-0.4125,-1.2,1.3340599226754621
3,-0.4125,-1.1625,1.3209900795948213
3,-0.4125,-1.125,1.3074357015525184
3,-0.4125,-1.0875,1.2933702276261225
3,-0.4125,-1.05,1.278765021228033
3,-0.4125,-1.0125,1.2635891800406844
3,-0.4125,-0.975,1.247809329815231
3,-0.4125,-0.9375,1.2313894021697693
3,-0.4125,-0.9,1.2142903965723806
3,-0.4125,-0.8625,1.1964701267708693
3,-0.4125,-0.825,1.177882952047153
3,-0.4125,-0.7875,1.1584794938555203
3,-0.4125,-0.75,1.1382063386960866
3,-0.4125,-0.7125,1.117005728555555
3,-0.4125,-0.675,1.0948152410459646
3,-0.4125,-0.6375,1.0715674626966376
3,-0.4125,-0.6,1.0471896610305678
3,-0.4125,-0.5625,1.021603464583448
3,-0.4125,-0.525,0.9947245656588698
3,-0.4125,-0.4875,0.9664624695061899
3,-0.4125,-0.45,0.9367203275154162
3,-0.4125,-0.4125,0.9053949136759959
3,-0.4125,-0.375,0.8723768372717112
3,-0.4125,-0.3375,0.8375511376111566
3,-0.4125,-0.3,0.8007984902426303
3,-0.4125,-0.2625,0.7619973886830935
3,-0.4125,-0.225,0.7210278867907589
3,-0.4125,-0.1875,0.6777778596597167
3,-0.4125,-0.15,0.6321533888834975
3,-0.4125,-0.1125,0.5840960448740679
3,-0.4125,-0.075,0.5336120252617614
3,-0.4125,-0.0375,0.48082239021334205
3,-0.4125,0.0,0.4260524459595801
3,-0.4125,0.0375,0.36999750804856374
3,-0.4125,0.075,0.31404690381416916
3,-0.4125,0.1125,0.2609607483067498
3,-0.4125,0.15,0.21640972478134501
3,-0.4125,0.1875,0.19290365803105217
3,-0.4125,0.225,0.22159740566509475
3,-0.4125,0.2625,0.39822917455866674
3,-0.4125,0.3,1.1770183380722052
3,-0.4125,0.3375,1000.0
3,-0.4125,0.375,1000.0
3,-0.4125,0.4125,1000.0
3,-0.4125,0.45,1000.0
3,-0.4125,0.4875,1000.0
3,-0.4125,0.525,1000.0
3,-0.4125,0.5625,1000.0
3,-0.4125,0.6,1000.0
3,-0.4125,0.6375,1000.0
3,-0.4125,0.675,1000.0
3,-0.4125,0.7125,1000.0
3,-0.4125,0.75,1000.0
3,-0.4125,0.7875,1000.0
3,-0.4125,0.825,1000.0
3,-0.4125,0.8625,1000.0
3,-0.4125,0.9,1000.0
3,-0.4125,0.9375,1000.0
3,-0.4125,0.975,1000.0
3,-0.4125,1.0125,1000.0
3,-0.4125,1.05,1000.0
3,-0.4125,1.0875,1000.0
3,-0.4125,1.125,1000.0
3,-0.4125,1.1625,1000.0
3,-0.4125,1.2,1000.0
3,-0.4125,1.2375,1000.0
3,-0.4125,1.275,1000.0
3,-0.4125,1.3125,1000.0
3,-0.4125,1.35,1000.0
3,-0.4125,1.3875,1000.0
3,-0.4125,1.425,1000.0
3,-0.4125,1.4625,1000.0
3,-0.4125,1.5,1000.0
3,-0.375,-1.5,1.3969083810936356
3,-0.375,-1.4625,1.386493833871613
3,-0.375,-1.425,1.3757351705520806
3,-0.375,-1.3875,1.3646171166447618
3,-0.375,-1.35,1.3531231001250412
3,-0.375,-1.3125,1.3412352542741448
3,-0.375,-1.275,1.328934364201535
3,-0.375,-1.2375,1.3161997799525589
3,-0.375,-1.2,1.3030093066377288
3,-0.375,-1.1625,1.2893390763801857
3,-0.375,-1.125,1.2751634044122813
3,-0.375,-1.0875,1.2604546306284745
3,-0.375,-1.05,1.245182947523173
3,-0.375,-1.0125,1.2293162153408348
3,-0.375,-0.975,1.2128197652707717
3,-0.375,-0.9375,1.1956561915563
3,-0.375,-0.9,1.1777851334322684
3,-0.375,-0.8625,1.1591630478616863
3,-0.375,-0.825,1.1397429741396456
3,-0.375,-0.7875,1.119474291625982
3,-0.375,-0.75,1.0983024722478338
3,-0.375,-0.7125,1.0761688301216805
3,-0.375,-0.675,1.0530102718962808
3,-0.375,-0.6375,1.0287590535285647
3,-0.375,-0.6,1.0033425526287398
3,-0.375,-0.5625,0.9766830708992634
3,-0.375,-0.525,0.9486976894804392
3,-0.375,-0.4875,0.9192982125674033
3,-0.375,-0.45,0.8883912535149995
3,-0.375,-0.4125,0.8558785459168724
3,-0.375,-0.375,0.8216576047450487
3,-0.375,-0.3375,0.7856229275228191
3,-0.375,-0.3,0.7476680259421726
3,-0.375,-0.2625,0.7076887371355227
3,-0.375,-0.225,0.6655885215157088
3,-0.375,-0.1875,0.6212868853938207
3,-0.375,-0.15,0.5747328142034855
3,-0.375,-0.1125,0.5259264493322169
3,-0.375,-0.075,0.47495477261980307
3,-0.375,-0.0375,0.42205203501959315
3,-0.375,0.0,0.3677059203612403
3,-0.375,0.0375,0.3128527760691944
3,-0.375,0.075,0.25925720200830304
3,-0.375,0.1125,0.21030237097845306
3,-0.375,0.15,0.17278468276323308
3,-0.375,0.1875,0.1614892211520557
3,-0.375,0.225,0.21295335415381042
3,-0.375,0.2625,0.43925061763031553
3,-0.375,0.3,1.3764118464501183
3,-0.375,0.3375,1000.0
3,-0.375,0.375,1000.0
3,-0.375,0.4125,1000.0
3,-0.375,0.45,1000.0
3,-0.375,0.4875,1000.0
3,-0.375,0.525,1000.0
3,-0.375,0.5625,1000.0
3,-0.375,0.6,1000.0
3,-0.375,0.6375,1000.0
3,-0.375,0.675,1000.0
3,-0.375,0.7125,1000.0
3,-0.375,0.75,1000.0
3,-0.375,0.7875,1000.0
3,-0.375,0.825,1000.0
3,-0.375,0.8625,1000.0
3,-0.375,0.9,1000.0
3,-0.375,0.9375,1000.0
3,-0.375,0.975,1000.0
3,-0.375,1.0125,1000.0
3,-0.375,1.05,1000.0
3,-0.375,1.0875,1000.0
3,-0.375,1.125,1000.0
3,-0.375,1.1625,1000.0
3,-0.375,1.2,1000.0
3,-0.375,1.2375,1000.0
3,-0.375,1.275,1000.0
3,-0.375,1.3125,1000.0
3,-0.375,1.35,1000.0
3,-0.375,1.3875,1000.0
3,-0.375,1.425,1000.0
3,-0.375,1.4625,1000.0
3,-0.375,1.5,1000.0
3,-0.3375,-1.5,1.368929870668524
3,-0.3375,-1.4625,1.3580305207247285
3,-0.3375,-1.425,1.3467725754022548
3,-0.3375,-1.3875,1.3351401111000558
3,-0.3375,-1.35,1.3231158708875657
3,-0.3375,-1.3125,1.3106812526133615
3,-0.3375,-1.275,1.2978162458686826
3,-0.3375,-1.2375,1.284499338690276
3,-0.3375,-1.2,1.270707403858446
3,-0.3375,-1.1625,1.25641556967899
3,-0.3375,-1.125,1.2415970779850107
3,-0.3375,-1.0875,1.226223131209734
3,-0.3375,-1.05,1.2102627300465272
3,-0.3375,-1.0125,1.1936825030925666
3,-0.3375,-0.975,1.1764465298148672
3,-0.3375,-0.9375,1.158516158121793
3,-0.3375,-0.9,1.139849817765311
3,-0.3375,-0.8625,1.120402830774686
3,-0.3375,-0.825,1.1001272202042403
3,-0.3375,-0.7875,1.0789715187812527
3,-0.3375,-0.75,1.056880579731837
3,-0.3375,-0.7125,1.0337953933729775
3,-0.3375,-0.675,1.0096529152989049
3,-0.3375,-0.6375,0.9843859155723237
3,-0.3375,-0.6,0.9579228638043871
3,-0.3375,-0.5625,0.9301878731119252
3,-0.3375,-0.525,0.9011007377037917
3,-0.3375,-0.4875,0.8705771157489671
3,-0.3375,-0.45,0.8385289334217944
3,-0.3375,-0.4125,0.8048651209968828
3,-0.3375,-0.375,0.769492842946027
3,-0.3375,-0.3375,0.7323194599018277
3,-0.3375,-0.3,0.6932555757330674
3,-0.3375,-0.2625,0.6522197032215211
3,-0.3375,-0.225,0.6091453726723275
3,-0.3375,-0.1875,0.5639919946933171
3,-0.3375,-0.15,0.516761636737568
3,-0.3375,-0.1125,0.46752541368853734
3,-0.3375,-0.075,0.4164661101972069
3,-0.3375,-0.0375,0.3639494164504718
3,-0.3375,0.0,0.3106480741717558
3,-0.3375,0.0375,0.25776917422818296
3,-0.3375,0.075,0.2074950619977216
3,-0.3375,0.1125,0.1638999233157132
3,-0.3375,0.15,0.13502863509595356
3,-0.3375,0.1875,0.13819351701238233
3,-0.3375,0.225,0.21592149984393982
3,-0.3375,0.2625,0.4985150925043718
3,-0.3375,0.3,1.614078070596093
3,-0.3375,0.3375,1000.0
3,-0.3375,0.375,1000.0
3,-0.3375,0.4125,1000.0
3,-0.3375,0.45,1000.0
3,-0.3375,0.4875,1000.0
3,-0.3375,0.525,1000.0
3,-0.3375,0.5625,1000.0
3,-0.3375,0.6,1000.0
3,-0.3375,0.6375,1000.0
3,-0.3375,0.675,1000.0
3,-0.3375,0.7125,1000.0
3,-0.3375,0.75,1000.0
3,-0.3375,0.7875,1000.0
3,-0.3375,0.825,1000.0
3,-0.3375,0.8625,1000.0
3,-0.3375,0.9,1000.0
3,-0.3375,0.9375,1000.0
3,-0.3375,0.975,1000.0
3,-0.3375,1.0125,1000.0
3,-0.3375,1.05,1000.0
3,-0.3375,1.0875,1000.0
3,-0.3375,1.125,1000.0
3,-0.3375,1.1625,1000.0
3,-0.3375,1.2,1000.0
3,-0.3375,1.2375,1000.0
3,-0.3375,1.275,1000.0
3,-0.3375,1.3125,1000.0
3,-0.3375,1.35,1000.0
3,-0.3375,1.3875,1000.0
3,-0.3375,1.425,1000.0
3,-0.3375,1.4625,1000.0
3,-0.3375,1.5,1000.0
3,-0.3,-1.5,1.3398205079077328
3,-0.3,-1.4625,1.32841753389326
3,-0.3,-1.425,1.316641551119191
3,-0.3,-1.3875,1.3044759505674077
3,-0.3,-1.35,1.2919027400222833
3,-0.3,-1.3125,1.2789025202664832
3,-0.3,-1.275,1.2654544160311652
3,-0.3,-1.2375,1.2515359809688544
3,-0.3,-1.2,1.2371230861230664
3,-0.3,-1.1625,1.2221897969332864
3,-0.3,-1.125,1.2067082418496802
3,-0.3,-1.0875,1.190648474759177
3,-0.3,-1.05,1.1739783330025082
3,-0.3,-1.0125,1.1566632924986926
3,-0.3,-0.975,1.1386663212711334
3,-0.3,-0.9375,1.119947732468227
3,-0.3,-0.9,1.1004650378367251
3,-0.3,-0.8625,1.0801728026363866
3,-0.3,-0.825,1.0590225033257188
3,-0.3,-0.7875,1.0369623901944356
3,-0.3,-0.75,1.0139373587106428
3,-0.3,-0.7125,0.9898888359829606
3,-0.3,-0.675,0.9647546927608508
3,-0.3,-0.6375,0.9384691972363929
3,-0.3,-0.6,0.9109630351045196
3,-0.3,-0.5625,0.882163431602698
3,-0.3,-0.525,0.8519944265987713
3,-0.3,-0.4875,0.8203773747270892
3,-0.3,-0.45,0.7872317713730792
3,-0.3,-0.4125,0.7524765455267094
3,-0.3,-0.375,0.7160320178091882
3,-0.3,-0.3375,0.6778228055713161
3,-0.3,-0.3,0.6377820826303139
3,-0.3,-0.2625,0.5958577970146703
3,-0.3,-0.225,0.552021767990284
3,-0.3,-0.1875,0.5062831230550473
3,-0.3,-0.15,0.4587084916414502
3,-0.3,-0.1125,0.40945313678809875
3,-0.3,-0.075,0.3588105856220953
3,-0.3,-0.0375,0.3072950294291887
3,-0.3,0.0,0.25578462203940205
3,-0.3,0.0375,0.20578385119156833
3,-0.3,0.075,0.1599325665129125
3,-0.3,0.1125,0.12306350964456586
3,-0.3,0.15,0.10459786639966745
3,-0.3,0.1875,0.12464345510124546
3,-0.3,0.225,0.23236572495628197
3,-0.3,0.2625,0.578314096925664
3,-0.3,0.3,1.893587949781567
3,-0.3,0.3375,1000.0
3,-0.3,0.375,1000.0
3,-0.3,0.4125,1000.0
3,-0.3,0.45,1000.0
3,-0.3,0.4875,1000.0
3,-0.3,0.525,1000.0
3,-0.3,0.5625,1000.0
3,-0.3,0.6,1000.0
3,-0.3,0.6375,1000.0
3,-0.3,0.675,1000.0
3,-0.3,0.7125,1000.0
3,-0.3,0.75,1000.0
3,-0.3,0.7875,1000.0
3,-0.3,0.825,1000.0
3,-0.3,0.8625,1000.0
3,-0.3,0.9,1000.0
3,-0.3,0.9375,1000.0
3,-0.3,0.975,1000.0
3,-0.3,1.0125,1000.0
3,-0.3,1.05,1000.0
3,-0.3,1.0875,1000.0
3,-0.3,1.125,1000.0
3,-0.3,1.1625,1000.0
3,-0.3,1.2,1000.0
3,-0.3,1.2375,1000.0
3,-0.3,1.275,1000.0
3,-0.3,1.3125,1000.0
3,-0.3,1.35,1000.0
3,-0.3,1.3875,1000.0
3,-0.3,1.425,1000.0
3,-0.3,1.4625,1000.0
3,-0.3,1.5,1000.0
3,-0.2625,-1.5,1.3095413621337482
3,-0.2625,-1.4625,1.2976180768101562
3,-0.2625,-1.425,1.2853074115052951
3,-0.2625,-1.3875,1.272591986835964
3,-0.2625,-1.35,1.2594529813837425
3,-0.2625,-1.3125,1.2458701022830065
3,-0.2625,-1.275,1.2318215175037606
3,-0.2625,-1.2375,1.2172837676476607
3,-0.2625,-1.2,1.2022316662627757
3,-0.2625,-1.1625,1.1866381935855639
3,-0.2625,-1.125,1.170474386677897
3,-0.2625,-1.0875,1.1537092279276586
3,-0.2625,-1.05,1.1363095332748228
3,-0.2625,-1.0125,1.1182398410877878
3,-0.2625,-0.975,1.0994623022955394
3,-0.2625,-0.9375,1.079936572231145
3,-0.2625,-0.9,1.0596197047820062
3,-0.2625,-0.8625,1.0384660500426734
3,-0.2625,-0.825,1.016427157932025
3,-0.2625,-0.7875,0.9934516923957142
3,-0.2625,-0.75,0.9694853641064932
3,-0.2625,-0.7125,0.9444708942482325
3,-0.2625,-0.675,0.9183480282930563
3,-0.2625,-0.6375,0.8910536269757894
3,-0.2625,-0.6,0.862521872368804
3,-0.2625,-0.5625,0.8326846407014227
3,-0.2625,-0.525,0.8014721113247171
3,-0.2625,-0.4875,0.7688137044781853
3,-0.2625,-0.45,0.7346394715225224
3,-0.2625,-0.4125,0.6988821035302035
3,-0.2625,-0.375,0.6614797831308269
3,-0.2625,-0.3375,0.6223801897390625
3,-0.2625,-0.3,0.5815460967780842
3,-0.2625,-0.2625,0.5389632032865773
3,-0.2625,-0.225,0.494651183150267
3,-0.2625,-0.1875,0.4486795337829651
3,-0.2625,-0.15,0.40119089968446725
3,-0.2625,-0.1125,0.35243660561974166
3,-0.2625,-0.075,0.3028331089212127
3,-0.2625,-0.0375,0.25305594992166386
3,-0.2625,0.0,0.20420388958279515
3,-0.2625,0.0375,0.15810051931438684
3,-0.2625,0.075,0.11788003059540553
3,-0.2625,0.1125,0.08920271636470627
3,-0.2625,0.15,0.08300269689904144
3,-0.2625,0.1875,0.12247277028395243
3,-0.2625,0.225,0.26411386260989694
3,-0.2625,0.2625,0.6808742909315603
3,-0.2625,0.3,2.2184410989920265
3,-0.2625,0.3375,1000.0
3,-0.2625,0.375,1000.0
3,-0.2625,0.4125,1000.0
3,-0.2625,0.45,1000.0
3,-0.2625,0.4875,1000.0
3,-0.2625,0.525,1000.0
3,-0.2625,0.5625,1000.0
3,-0.2625,0.6,1000.0
3,-0.2625,0.6375,1000.0
3,-0.2625,0.675,1000.0
3,-0.2625,0.7125,1000.0
3,-0.2625,0.75,1000.0
3,-0.2625,0.7875,1000.0
3,-0.2625,0.825,1000.0
3,-0.2625,0.8625,1000.0
3,-0.2625,0.9,1000.0
3,-0.2625,0.9375,1000.0
3,-0.2625,0.975,1000.0
3,-0.2625,1.0125,1000.0
3,-0.2625,1.05,1000.0
3,-0.2625,1.0875,1000.0
3,-0.2625,1.125,1000.0
3,-0.2625,1.1625,1000.0
3,-0.2625,1.2,1000.0
3,-0.2625,1.2375,1000.0
3,-0.2625,1.275,1000.0
3,-0.2625,1.3125,1000.0
3,-0.2625,1.35,1000.0
3,-0.2625,1.3875,1000.0
3,-0.2625,1.425,1000.0
3,-0.2625,1.4625,1000.0
3,-0.2625,1.5,1000.0
3,-0.225,-1.5,1.2780621414567523
3,-0.225,-1.4625,1.2656041944863814
3,-0.225,-1.425,1.252744312938928
3,-0.225,-1.3875,1.2394642267194969
3,-0.225,-1.35,1.2257441728167455
3,-0.225,-1.3125,1.2115628705975505
3,-0.225,-1.275,1.1968974663154492
3,-0.225,-1.2375,1.1817234629438897
3,-0.225,-1.2,1.1660146433475373
3,-0.225,-1.1625,1.1497429908713928
3,-0.225,-1.125,1.1328786094184908
3,-0.225,-1.0875,1.1153896439667994
3,-0.225,-1.05,1.0972422018152819
3,-0.225,-1.0125,1.0784002745204508
3,-0.225,-0.975,1.0588256605203032
3,-0.225,-0.9375,1.0384778889624793
3,-0.225,-0.9,1.017314146421552
3,-0.225,-0.8625,0.9952892101822223
3,-0.225,-0.825,0.9723553947423749
3,-0.225,-0.7875,0.9484625222850132
3,-0.225,-0.75,0.9235579331822777
3,-0.225,-0.7125,0.8975865592182808
3,-0.225,-0.675,0.870491090270625
3,-0.225,-0.6375,0.8422122748863055
3,-0.225,-0.6,0.8126894069039404
3,-0.225,-0.5625,0.7818610646207111
3,-0.225,-0.525,0.7496661868797253
3,-0.225,-0.4875,0.7160455931293895
3,-0.225,-0.45,0.6809440838085424
3,-0.225,-0.4125,0.6443132962465943
3,-0.225,-0.375,0.6061155448626503
3,-0.225,-0.3375,0.5663289529813483
3,-0.225,-0.3,0.5249543074235998
3,-0.225,-0.2625,0.48202427676411486
3,-0.225,-0.225,0.4376160094762298
3,-0.225,-0.1875,0.39186882317237276
3,-0.225,-0.15,0.3450100050946097
3,-0.225,-0.1125,0.2973942283232052
3,-0.225,-0.075,0.24956683867304674
3,-0.225,-0.0375,0.20237050193158093
3,-0.225,0.0,0.15713325907697057
3,-0.225,0.0375,0.11601540206331942
3,-0.225,0.075,0.0826825281605819
3,-0.225,0.1125,0.06369759964636831
3,-0.225,0.15,0.07165775317008923
3,-0.225,0.1875,0.1331547933154417
3,-0.225,0.225,0.31277296318004333
3,-0.225,0.2625,0.8081552117445061
3,-0.225,0.3,2.5918692881083043
3,-0.225,0.3375,1000.0
3,-0.225,0.375,1000.0
3,-0.225,0.4125,1000.0
3,-0.225,0.45,1000.0
3,-0.225,0.4875,1000.0
3,-0.225,0.525,1000.0
3,-0.225,0.5625,1000.0
3,-0.225,0.6,1000.0
3,-0.225,0.6375,1000.0
3,-0.225,0.675,1000.0
3,-0.225,0.7125,1000.0
3,-0.225,0.75,1000.0
3,-0.225,0.7875,1000.0
3,-0.225,0.825,1000.0
3,-0.225,0.8625,1000.0
3,-0.225,0.9,1000.0
3,-0.225,0.9375,1000.0
3,-0.225,0.975,1000.0
3,-0.225,1.0125,1000.0
3,-0.225,1.05,1000.0
3,-0.225,1.0875,1000.0
3,-0.225,1.125,1000.0
3,-0.225,1.1625,1000.0
3,-0.225,1.2,1000.0
3,-0.225,1.2375,1000.0
3,-0.225,1.275,1000.0
3,-0.225,1.3125,1000.0
3,-0.225,1.35,1000.0
3,-0.225,1.3875,1000.0
3,-0.225,1.425,1000.0
3,-0.225,1.4625,1000.0
3,-0.225,1.5,1000.0
3,-0.1875,-1.5,1.2453633936971562
3,-0.1875,-1.4625,1.232358129421211
3,-0.1875,-1.425,1.2189357999992079
3,-0.1875,-1.3875,1.205077144424332
3,-0.1875,-1.35,1.190761395441032
3,-0.1875,-1.3125,1.1759662715282166
3,-0.1875,-1.275,1.1606679444144634
3,-0.1875,-1.2375,1.1448409958400148
3,-0.1875,-1.2,1.1284583697662363
3,-0.1875,-1.1625,1.1114913225017995
3,-0.1875,-1.125,1.0939093713459855
3,-0.1875,-1.0875,1.0756802414982398
3,-0.1875,-1.05,1.0567698108405195
3,-0.1875,-1.0125,1.037142052712136
3,-0.1875,-0.975,1.0167589780257826
3,-0.1875,-0.9375,0.995580580112873
3,-0.1875,-0.9,0.9735647886139056
3,-0.1875,-0.8625,0.9506674425778785
3,-0.1875,-0.825,0.9268422976813575
3,-0.1875,-0.7875,0.9020410880621123
3,-0.1875,-0.75,0.8762136696238979
3,-0.1875,-0.7125,0.8493082788044779
3,-0.1875,-0.675,0.8212719488143491
3,-0.1875,-0.6375,0.7920511344917025
3,-0.1875,-0.6,0.7615926075378274
3,-0.1875,-0.5625,0.7298446964023723
3,-0.1875,-0.525,0.6967589598741235
3,-0.1875,-0.4875,0.6622924009612171
3,-0.1875,-0.45,0.6264103488725964
3,-0.1875,-0.4125,0.5890901643882765
3,-0.1875,-0.375,0.5503259639785023
3,-0.1875,-0.3375,0.5101346249355453
3,-0.1875,-0.3,0.46856345699589047
3,-0.1875,-0.2625,0.4257001632761232
3,-0.1875,-0.225,0.3816861737328769
3,-0.1875,-0.1875,0.3367353162181004
3,-0.1875,-0.15,0.2911614471551543
3,-0.1875,-0.1125,0.24542172784290966
3,-0.1875,-0.075,0.20018788206888283
3,-0.1875,-0.0375,0.15646839093232742
3,-0.1875,0.0,0.1158254802278089
3,-0.1875,0.0375,0.08077481526016102
3,-0.1875,0.075,0.055556821196427346
3,-0.1875,0.1125,0.04772309190656125
3,-0.1875,0.15,0.07169837480639285
3,-0.1875,0.1875,0.1578087202763755
3,-0.1875,0.225,0.3795151416374991
3,-0.1875,0.2625,0.9615977939154505
3,-0.1875,0.3,3.0165524155864927
3,-0.1875,0.3375,1000.0
3,-0.1875,0.375,1000.0
3,-0.1875,0.4125,1000.0
3,-0.1875,0.45,1000.0
3,-0.1875,0.4875,1000.0
3,-0.1875,0.525,1000.0
3,-0.1875,0.5625,1000.0
3,-0.1875,0.6,1000.0
3,-0.1875,0.6375,1000.0
3,-0.1875,0.675,1000.0
3,-0.1875,0.7125,1000.0
3,-0.1875,0.75,1000.0
3,-0.1875,0.7875,1000.0
3,-0.1875,0.825,1000.0
3,-0.1875,0.8625,1000.0
3,-0.1875,0.9,1000.0
3,-0.1875,0.9375,1000.0
3,-0.1875,0.975,1000.0
3,-0.1875,1.0125,1000.0
3,-0.1875,1.05,1000.0
3,-0.1875,1.0875,1000.0
3,-0.1875,1.125,1000.0
3,-0.1875,1.1625,1000.0
3,-0.1875,1.2,1000.0
3,-0.1875,1.2375,1000.0
3,-0.1875,1.275,1000.0
3,-0.1875,1.3125,1000.0
3,-0.1875,1.35,1000.0
3,-0.1875,1.3875,1000.0
3,-0.1875,1.425,1000.0
3,-0.1875,1.4625,1000.0
3,-0.1875,1.5,1000.0
3,-0.15,-1.5,1.211435275425456
3,-0.15,-1.4625,1.1978703107230912
3,-0.15,-1.425,1.1838722095453726
3,-0.15,-1.3875,1.1694207381719215
3,-0.15,-1.35,1.1544942131768303
3,-0.15,-1.3125,1.1390695170492258
3,-0.15,-1.275,1.1231220916138107
3,-0.15,-1.2375,1.1066259199826087
3,-0.15,-1.2,1.089553501098341
3,-0.15,-1.1625,1.0718758178970094
3,-0.15,-1.125,1.0535622990855988
3,-0.15,-1.0875,1.0345807747897713
3,-0.15,-1.05,1.014897427599078
3,-0.15,-1.0125,0.9944767427185396
3,-0.15,-0.975,0.9732814639588073
3,-0.15,-0.9375,0.9512725660707969
3,-0.15,-0.9,0.9284092583151852
3,-0.15,-0.8625,0.9046490389794934
3,-0.15,-0.825,0.879947825649887
3,-0.15,-0.7875,0.8542601913079423
3,-0.15,-0.75,0.8275397417600496
3,-0.15,-0.7125,0.7997396756373163
3,-0.15,-0.675,0.7708135743934117
3,-0.15,-0.6375,0.7407164764520787
3,-0.15,-0.6,0.7094062967318914
3,-0.15,-0.5625,0.6768456596780866
3,-0.15,-0.525,0.6430042199644554
3,-0.15,-0.4875,0.6078615499396114
3,-0.15,-0.45,0.5714106780952585
3,-0.15,-0.4125,0.5336623734443565
3,-0.15,-0.375,0.494650298815899
3,-0.15,-0.3375,0.45443722632520883
3,-0.15,-0.3,0.41312266727594166
3,-0.15,-0.2625,0.3708526003622353
3,-0.15,-0.225,0.327832629724001
3,-0.15,-0.1875,0.2843471022941417
3,-0.15,-0.15,0.2407888371342943
3,-0.15,-0.1125,0.19770779694643434
3,-0.15,-0.075,0.1558934456181278
3,-0.15,-0.0375,0.11651721456068054
3,-0.15,0.0,0.08138436919038156
3,-0.15,0.0375,0.05339331936549496
3,-0.15,0.075,0.037413622539313345
3,-0.15,0.1125,0.04208122668610598
3,-0.15,0.15,0.0838201954912963
3,-0.15,0.1875,0.19703498889312193
3,-0.15,0.225,0.46488765823073636
3,-0.15,0.2625,1.1418726030001147
3,-0.15,0.3,3.494258943383127
3,-0.15,0.3375,1000.0
3,-0.15,0.375,1000.0
3,-0.15,0.4125,1000.0
3,-0.15,0.45,1000.0
3,-0.15,0.4875,1000.0
3,-0.15,0.525,1000.0
3,-0.15,0.5625,1000.0
3,-0.15,0.6,1000.0
3,-0.15,0.6375,1000.0
3,-0.15,0.675,1000.0
3,-0.15,0.7125,1000.0
3,-0.15,0.75,1000.0
3,-0.15,0.7875,1000.0
3,-0.15,0.825,1000.0
3,-0.15,0.8625,1000.0
3,-0.15,0.9,1000.0
3,-0.15,0.9375,1000.0
3,-0.15,0.975,1000.0
3,-0.15,1.0125,1000.0
3,-0.15,1.05,1000.0
3,-0.15,1.0875,1000.0
3,-0.15,1.125,1000.0
3,-0.15,1.1625,1000.0
3,-0.15,1.2,1000.0
3,-0.15,1.2375,1000.0
3,-0.15,1.275,1000.0
3,-0.15,1.3125,1000.0
3,-0.15,1.35,1000.0
3,-0.15,1.3875,1000.0
3,-0.15,1.425,1000.0
3,-0.15,1.4625,1000.0
3,-0.15,1.5,1000.0
3,-0.1125,-1.5,1.1762727652958382
3,-0.1125,-1.4625,1.1621344859168417
3,-0.1125,-1.425,1.1475460706401714
3,-0.1125,-1.3875,1.1324865496953567
3,-0.1125,-1.35,1.1169336404767478
3,-0.1125,-1.3125,1.100863779465259
3,-0.1125,-1.275,1.0842521284143691
3,-0.1125,-1.2375,1.0670725633439127
3,-0.1125,-1.2,1.0492976498287216
3,-0.1125,-1.1625,1.0308986066366141
3,-0.1125,-1.125,1.0118452604658383
3,-0.1125,-1.0875,0.9921059966136102
3,-0.1125,-1.05,0.9716477134527143
3,-0.1125,-1.0125,0.9504357922851628
3,-0.1125,-0.975,0.9284340981863749
3,-0.1125,-0.9375,0.9056050315714215
3,-0.1125,-0.9,0.8819096541788254
3,-0.1125,-0.8625,0.8573079168509212
3,-0.1125,-0.825,0.8317590199031921
3,-0.1125,-0.7875,0.8052219401444821
3,-0.1125,-0.75,0.7776561618736424
3,-0.1125,-0.7125,0.7490226523924767
3,-0.1125,-0.675,0.7192851252884388
3,-0.1125,-0.6375,0.6884116359544847
3,-0.1125,-0.6,0.6563765521029383
3,-0.1125,-0.5625,0.6231629360694879
3,-0.1125,-0.525,0.5887653652356336
3,-0.1125,-0.4875,0.5531932040550431
3,-0.1125,-0.45,0.5164743321042542
3,-0.1125,-0.4125,0.4786593397680154
3,-0.1125,-0.375,0.4398262494483144
3,-0.1125,-0.3375,0.4000859459176731
3,-0.1125,-0.3,0.3595887732121562
3,-0.1125,-0.2625,0.3185332859623735
3,-0.1125,-0.225,0.2771790880626771
3,-0.1125,-0.1875,0.23586726686355416
3,-0.1125,-0.15,0.19505444743582745
3,-0.1125,-0.1125,0.1553704983124907
3,-0.1125,-0.075,0.1177166179259177
3,-0.1125,-0.0375,0.08343278363055047
3,-0.1125,0.0,0.054588287183211924
3,-0.1125,0.0375,0.03450336070713638
3,-0.1125,0.075,0.02873765808555552
3,-0.1125,0.1125,0.04710605167506416
3,-0.1125,0.15,0.10819605651483107
3,-0.1125,0.1875,0.2508276860216697
3,-0.1125,0.225,0.5686989093395013
3,-0.1125,0.2625,1.3486925801569816
3,-0.1125,0.3,4.025461784559547
3,-0.1125,0.3375,1000.0
3,-0.1125,0.375,1000.0
3,-0.1125,0.4125,1000.0
3,-0.1125,0.45,1000.0
3,-0.1125,0.4875,1000.0
3,-0.1125,0.525,1000.0
3,-0.1125,0.5625,1000.0
3,-0.1125,0.6,1000.0
3,-0.1125,0.6375,1000.0
3,-0.1125,0.675,1000.0
3,-0.1125,0.7125,1000.0
3,-0.1125,0.75,1000.0
3,-0.1125,0.7875,1000.0
3,-0.1125,0.825,1000.0
3,-0.1125,0.8625,1000.0
3,-0.1125,0.9,1000.0
3,-0.1125,0.9375,1000.0
3,-0.1125,0.975,1000.0
3,-0.1125,1.0125,1000.0
3,-0.1125,1.05,1000.0
3,-0.1125,1.0875,1000.0
3,-0.1125,1.125,1000.0
3,-0.1125,1.1625,1000.0
3,-0.1125,1.2,1000.0
3,-0.1125,1.2375,1000.0
3,-0.1125,1.275,1000.0
3,-0.1125,1.3125,1000.0
3,-0.1125,1.35,1000.0
3,-0.1125,1.3875,1000.0
3,-0.1125,1.425,1000.0
3,-0.1125,1.4625,1000.0
3,-0.1125,1.5,1000.0
3,-0.075,-1.5,1.1398697697887816
3,-0.075,-1.4625,1.125143043920914
3,-0.075,-1.425,1.1099489821166313
3,-0.075,-1.3875,1.0942663443394194
3,-0.075,-1.35,1.0780727538676396
3,-0.075,-1.3125,1.0613447206355664
3,-0.075,-1.275,1.0440576330687463
3,-0.075,-1.2375,1.0261857282060745
3,-0.075,-1.2,1.0077020471977725
3,-0.075,-1.1625,0.9885783838843998
3,-0.075,-1.125,0.968785236543391
3,-0.075,-1.0875,0.9482917761216092
3,-0.075,-1.05,0.9270658477437657
3,-0.075,-1.0125,0.9050740255594413
3,-0.075,-0.975,0.8822817437837388
3,-0.075,-0.9375,0.8586535289938492
3,-0.075,-0.9,0.8341533604456662
3,-0.075,-0.8625,0.8087451865762543
3,-0.075,-0.825,0.7823936271355968
3,-0.075,-0.7875,0.7550648914451362
3,-0.075,-0.75,0.7267279434672648
3,-0.075,-0.7125,0.6973559423585242
3,-0.075,-0.675,0.6669279811223736
3,-0.075,-0.6375,0.6354311341260883
3,-0.075,-0.6,0.6028628059570578
3,-0.075,-0.5625,0.5692333509388819
3,-0.075,-0.525,0.5345689092452754
3,-0.075,-0.4875,0.4989143902165793
3,-0.075,-0.45,0.46233653921571305
3,-0.075,-0.4125,0.4249270721294546
3,-0.075,-0.375,0.38680598683121475
3,-0.075,-0.3375,0.34812542145639946
3,-0.075,-0.3,0.3090749090956679
3,-0.075,-0.2625,0.2698896793272897
3,-0.075,-0.225,0.23086488231427835
3,-0.075,-0.1875,0.19238037000053568
3,-0.075,-0.15,0.1549431614248433
3,-0.075,-0.1125,0.11925849537121577
3,-0.075,-0.075,0.0863469077204929
3,-0.075,-0.0375,0.05773765744206828
3,-0.075,0.0,0.035796411731191725
3,-0.075,0.0375,0.024306971981443343
3,-0.075,0.075,0.0295720562336422
3,-0.075,0.1125,0.0626638173729439
3,-0.075,0.15,0.14447851994561872
3,-0.075,0.1875,0.3185724515317582
3,-0.075,0.225,0.6900038384697244
3,-0.075,0.2625,1.5807454837436743
3,-0.075,0.3,4.609018768555916
3,-0.075,0.3375,1000.0
3,-0.075,0.375,1000.0
3,-0.075,0.4125,1000.0
3,-0.075,0.45,1000.0
3,-0.075,0.4875,1000.0
3,-0.075,0.525,1000.0
3,-0.075,0.5625,1000.0
3,-0.075,0.6,1000.0
3,-0.075,0.6375,1000.0
3,-0.075,0.675,1000.0
3,-0.075,0.7125,1000.0
3,-0.075,0.75,1000.0
3,-0.075,0.7875,1000.0
3,-0.075,0.825,1000.0
3,-0.075,0.8625,1000.0
3,-0.075,0.9,1000.0
3,-0.075,0.9375,1000.0
3,-0.075,0.975,1000.0
3,-0.075,1.0125,1000.0
3,-0.075,1.05,1000.0
3,-0.075,1.0875,1000.0
3,-0.075,1.125,1000.0
3,-0.075,1.1625,1000.0
3,-0.075,1.2,1000.0
3,-0.075,1.2375,1000.0
3,-0.075,1.275,1000.0
3,-0.075,1.3125,1000.0
3,-0.075,1.35,1000.0
3,-0.075,1.3875,1000.0
3,-0.075,1.425,1000.0
3,-0.075,1.4625,1000.0
3,-0.075,1.5,1000.0
3,-0.0375,-1.5,1.1022170363372343
3,-0.0375,-1.4625,1.086887364786458
3,-0.0375,-1.425,1.0710743803888567
3,-0.0375,-1.3875,1.0547570936589752
3,-0.0375,-1.35,1.0379134997405282
3,-0.0375,-1.3125,1.020520567104795
3,-0.0375,-1.275,1.0025541982853776
3,-0.0375,-1.2375,0.9839891786496783
3,-0.0375,-1.2,0.9647991282083225
3,-0.0375,-1.1625,0.9449564727937299
3,-0.0375,-1.125,0.924432453025369
3,-0.0375,-1.0875,0.9031971914409661
3,-0.0375,-1.05,0.8812198395726332
3,-0.0375,-1.0125,0.8584688274839547
3,-0.0375,-0.975,0.83491223852017
3,-0.0375,-0.9375,0.8105183320549573
3,-0.0375,-0.9,0.7852562370511188
3,-0.0375,-0.8625,0.7590968390995371
3,-0.0375,-0.825,0.7320138823798852
3,-0.0375,-0.7875,0.7039853040192429
3,-0.0375,-0.75,0.6749948094297074
3,-0.0375,-0.7125,0.6450336815045593
3,-0.0375,-0.675,0.6141027936411381
3,-0.0375,-0.6375,0.5822147685784412
3,-0.0375,-0.6,0.5493961970293776
3,-0.0375,-0.5625,0.5156898093725047
3,-0.0375,-0.525,0.4811564889705025
3,-0.0375,-0.4875,0.44587703787148397
3,-0.0375,-0.45,0.40995367210693495
3,-0.0375,-0.4125,0.3735113660324315
3,-0.0375,-0.375,0.3366994341717322
3,-0.0375,-0.3375,0.2996941988228131
3,-0.0375,-0.3,0.262704295307986
3,-0.0375,-0.2625,0.22598112675619592
3,-0.0375,-0.225,0.18983816935969675
3,-0.0375,-0.1875,0.15468425884986325
3,-0.0375,-0.15,0.12107791103517362
3,-0.0375,-0.1125,0.08981300660327901
3,-0.0375,-0.075,0.062052927496424
3,-0.0375,-0.0375,0.03954505853009636
3,-0.0375,0.0,0.02498007943187098
3,-0.0375,0.0375,0.02263196684989066
3,-0.0375,0.075,0.03957820250368176
3,-0.0375,0.1125,0.0882063608268423
3,-0.0375,0.15,0.19185101572662702
3,-0.0375,0.1875,0.3991086393626716
3,-0.0375,0.225,0.8271868791444552
3,-0.0375,0.2625,1.8357747940492388
3,-0.0375,0.3,5.242022784349702
3,-0.0375,0.3375,1000.0
3,-0.0375,0.375,1000.0
3,-0.0375,0.4125,1000.0
3,-0.0375,0.45,1000.0
3,-0.0375,0.4875,1000.0
3,-0.0375,0.525,1000.0
3,-0.0375,0.5625,1000.0
3,-0.0375,0.6,1000.0
3,-0.0375,0.6375,1000.0
3,-0.0375,0.675,1000.0
3,-0.0375,0.7125,1000.0
3,-0.0375,0.75,1000.0
3,-0.0375,0.7875,1000.0
3,-0.0375,0.825,1000.0
3,-0.0375,0.8625,1000.0
3,-0.0375,0.9,1000.0
3,-0.0375,0.9375,1000.0
3,-0.0375,0.975,1000.0
3,-0.0375,1.0125,1000.0
3,-0.0375,1.05,1000.0
3,-0.0375,1.0875,1000.0
3,-0.0375,1.125,1000.0
3,-0.0375,1.1625,1000.0
3,-0.0375,1.2,1000.0
3,-0.0375,1.2375,1000.0
3,-0.0375,1.275,1000.0
3,-0.0375,1.3125,1000.0
3,-0.0375,1.35,1000.0
3,-0.0375,1.3875,1000.0
3,-0.0375,1.425,1000.0
3,-0.0375,1.4625,1000.0
3,-0.0375,1.5,1000.0
3,0.0,-1.5,1.0633085099445925
3,0.0,-1.4625,1.0473664359924082
3,0.0,-1.425,1.0309277307373077
3,0.0,-1.3875,1.0139718995322666
3,0.0,-1.35,0.9964774208303889
3,0.0,-1.3125,0.9784217121660942
3,0.0,-1.275,0.9597810938355299
3,0.0,-1.2375,0.9405307738179272
3,0.0,-1.2,0.9206448755852644
3,0.0,-1.1625,0.9000965297558035
3,0.0,-1.125,0.8788580499330537
3,0.0,-1.0875,0.8569012121984196
3,0.0,-1.05,0.8341976567224967
3,0.0,-1.0125,0.810719429130961
3,0.0,-0.975,0.7864396787477065
3,0.0,-0.9375,0.7613335302393294
3,0.0,-0.9,0.7353791432548908
3,0.0,-0.8625,0.7085589692862628
3,0.0,-0.825,0.6808612036946452
3,0.0,-0.7875,0.6522814118894694
3,0.0,-0.75,0.6228242823177855
3,0.0,-0.7125,0.5925054286357885
3,0.0,-0.675,0.5613531355538589
3,0.0,-0.6375,0.5294099250113389
3,0.0,-0.6,0.49673381803999356
3,0.0,-0.5625,0.4633991873348687
3,0.0,-0.525,0.4294971417913726
3,0.0,-0.4875,0.395135472002825
3,0.0,-0.45,0.36043834737772584
3,0.0,-0.4125,0.32554623920506326
3,0.0,-0.375,0.29061699212304437
3,0.0,-0.3375,0.25582957944891027
3,0.0,-0.3,0.22139278811309043
3,0.0,-0.2625,0.18756177246094163
3,0.0,-0.225,0.15466602705362303
3,0.0,-0.1875,0.12315301283636176
3,0.0,-0.15,0.09365306743396393
3,0.0,-0.1125,0.06707483190681116
3,0.0,-0.075,0.044749092674116815
3,0.0,-0.0375,0.028657746097207445
3,0.0,0.0,0.021823148670987533
3,0.0,0.0375,0.029013136725195003
3,0.0,0.075,0.05809609394170585
3,0.0,0.1125,0.12282704797635484
3,0.0,0.15,0.24910432533773863
3,0.0,0.1875,0.490848817928302
3,0.0,0.225,0.978138616415479
3,0.0,0.2625,2.110810697454976
3,0.0,0.3,5.919906167770033
3,0.0,0.3375,1000.0
3,0.0,0.375,1000.0
3,0.0,0.4125,1000.0
3,0.0,0.45,1000.0
3,0.0,0.4875,1000.0
3,0.0,0.525,1000.0
3,0.0,0.5625,1000.0
3,0.0,0.6,1000.0
3,0.0,0.6375,1000.0
3,0.0,0.675,1000.0
3,0.0,0.7125,1000.0
3,0.0,0.75,1000.0
3,0.0,0.7875,1000.0
3,0.0,0.825,1000.0
3,0.0,0.8625,1000.0
3,0.0,0.9,1000.0
3,0.0,0.9375,1000.0
3,0.0,0.975,1000.0
3,0.0,1.0125,1000.0
3,0.0,1.05,1000.0
3,0.0,1.0875,1000.0
3,0.0,1.125,1000.0
3,0.0,1.1625,1000.0
3,0.0,1.2,1000.0
3,0.0,1.2375,1000.0
3,0.0,1.275,1000.0
3,0.0,1.3125,1000.0
3,0.0,1.35,1000.0
3,0.0,1.3875,1000.0
3,0.0,1.425,1000.0
3,0.0,1.4625,1000.0
3,0.0,1.5,1000.0
3,0.0375,-1.5,1.0231553641345166
3,0.0375,-1.4625,1.006600542394847
3,0.0375,-1.425,0.9895387312425632
3,0.0375,-1.3875,0.971949687570679
3,0.0375,-1.35,0.9538120646795577
3,0.0375,-1.3125,0.9351034362256402
3,0.0375,-1.275,0.9158003623547416
3,0.0375,-1.2375,0.8958785223251532
3,0.0375,-1.2,0.8753129332804451
3,0.0375,-1.1625,0.8540782716159362
3,0.0375,-1.125,0.8321493111585101
3,0.0375,-1.0875,0.8095014911336951
3,0.0375,-1.05,0.786111626448736
3,0.0375,-1.0125,0.7619587723294644
3,0.0375,-0.975,0.7370252530056467
3,0.0375,-0.9375,0.7112978573215202
3,0.0375,-0.9,0.6847691901950105
3,0.0375,-0.8625,0.6574391464426959
3,0.0375,-0.825,0.6293164441850537
3,0.0375,-0.7875,0.6004201240967441
3,0.0375,-0.75,0.5707808962759936
3,0.0375,-0.7125,0.5404422066446206
3,0.0375,-0.675,0.5094609041101286
3,0.0375,-0.6375,0.47790741727843356
3,0.0375,-0.6,0.44586539195914815
3,0.0375,-0.5625,0.4134308014296852
3,0.0375,-0.525,0.3807106412356803
3,0.0375,-0.4875,0.3478214993871609
3,0.0375,-0.45,0.31488859318147777
3,0.0375,-0.4125,0.2820462931619973
3,0.0375,-0.375,0.24944165158917664
3,0.0375,-0.3375,0.21724288628627325
3,0.0375,-0.3,0.18565499423400783
3,0.0375,-0.2625,0.15494462653700256
3,0.0375,-0.225,0.1254762300837892
3,0.0375,-0.1875,0.09776186447372082
3,0.0375,-0.15,0.0725292755759154
3,0.0375,-0.1125,0.050818696929167684
3,0.0375,-0.075,0.03413109284983193
3,0.0375,-0.0375,0.024673133887701572
3,0.0375,0.0,0.02578588409293006
3,0.0375,0.0375,0.042728763946496676
3,0.0375,0.075,0.08418356751790883
3,0.0375,0.1125,0.16533373741554158
3,0.0375,0.15,0.31476371720919444
3,0.0375,0.1875,0.5919691092520151
3,0.0375,0.225,1.1405167463952754
3,0.0375,0.2625,2.402522125370001
3,0.0375,0.3,6.63682723435004
3,0.0375,0.3375,1000.0
3,0.0375,0.375,1000.0
3,0.0375,0.4125,1000.0
3,0.0375,0.45,1000.0
3,0.0375,0.4875,1000.0
3,0.0375,0.525,1000.0
3,0.0375,0.5625,1000.0
3,0.0375,0.6,1000.0
3,0.0375,0.6375,1000.0
3,0.0375,0.675,1000.0
3,0.0375,0.7125,1000.0
3,0.0375,0.75,1000.0
3,0.0375,0.7875,1000.0
3,0.0375,0.825,1000.0
3,0.0375,0.8625,1000.0
3,0.0375,0.9,1000.0
3,0.0375,0.9375,1000.0
3,0.0375,0.975,1000.0
3,0.0375,1.0125,1000.0
3,0.0375,1.05,1000.0
3,0.0375,1.0875,1000.0
3,0.0375,1.125,1000.0
3,0.0375,1.1625,1000.0
3,0.0375,1.2,1000.0
3,0.0375,1.2375,1000.0
3,0.0375,1.275,1000.0
3,0.0375,1.3125,1000.0
3,0.0375,1.35,1000.0
3,0.0375,1.3875,1000.0
3,0.0375,1.425,1000.0
3,0.0375,1.4625,1000.0
3,0.0375,1.5,1000.0
3,0.075,-1.5,0.9817980449794262
3,0.075,-1.4625,0.9646390403166815
3,0.075,-1.425,0.9469642933661101
3,0.075,-1.3875,0.9287534087006524
3,0.075,-1.35,0.909985019886888
3,0.075,-1.3125,0.890636989149366
3,0.075,-1.275,0.8706866860389586
3,0.075,-1.2375,0.8501113613804487
3,0.075,-1.2,0.8288886282073352
3,0.075,-1.1625,0.806997059600884
3,0.075,-1.125,0.7844169131776451
3,0.075,-1.0875,0.7611309916733668
3,0.075,-1.05,0.737125646014567
3,0.075,-1.0125,0.7123919182749132
3,0.075,-0.975,0.6869268043904596
3,0.075,-0.9375,0.6607345901231019
3,0.075,-0.9,0.6338281819663001
3,0.075,-0.8625,0.6062303250281013
3,0.075,-0.825,0.5779745822162685
3,0.075,-0.7875,0.5491059513738749
3,0.075,-0.75,0.5196810211586705
3,0.075,-0.7125,0.4897676059294404
3,0.075,-0.675,0.45944384386657156
3,0.075,-0.6375,0.4287967864755608
3,0.075,-0.6,0.39792056574287143
3,0.075,-0.5625,0.3669143343651689
3,0.075,-0.525,0.33588037868196985
3,0.075,-0.4875,0.3049231198355366
3,0.075,-0.45,0.2741500994097184
3,0.075,-0.4125,0.24367637171810955
3,0.075,-0.375,0.21363383891109966
3,0.075,-0.3375,0.18418684681013137
3,0.075,-0.3,0.1555548252487947
3,0.075,-0.2625,0.12804218831057304
3,0.075,-0.225,0.10207579452916825
3,0.075,-0.1875,0.07825212170363081
3,0.075,-0.15,0.05740119460227566
3,0.075,-0.1125,0.04068316750727294
3,0.075,-0.075,0.02974726176061545
3,0.075,-0.0375,0.027004826614670737
3,0.075,0.0,0.036109647314715526
3,0.075,0.0375,0.06282831906304555
3,0.075,0.075,0.11669540711050297
3,0.075,0.1125,0.2143881949364108
3,0.075,0.15,0.38728293400477487
3,0.075,0.1875,0.7006502672671557
3,0.075,0.225,1.3120416983349965
3,0.075,0.2625,2.7076166972373468
3,0.075,0.3,7.386286285702318
3,0.075,0.3375,1000.0
3,0.075,0.375,1000.0
3,0.075,0.4125,1000.0
3,0.075,0.45,1000.0
3,0.075,0.4875,1000.0
3,0.075,0.525,1000.0
3,0.075,0.5625,1000.0
3,0.075,0.6,1000.0
3,0.075,0.6375,1000.0
3,0.075,0.675,1000.0
3,0.075,0.7125,1000.0
3,0.075,0.75,1000.0
3,0.075,0.7875,1000.0
3,0.075,0.825,1000.0
3,0.075,0.8625,1000.0
3,0.075,0.9,1000.0
3,0.075,0.9375,1000.0
3,0.075,0.975,1000.0
3,0.075,1.0125,1000.0
3,0.075,1.05,1000.0
3,0.075,1.0875,1000.0
3,0.075,1.125,1000.0
3,0.075,1.1625,1000.0
3,0.075,1.2,1000.0
3,0.075,1.2375,1000.0
3,0.075,1.275,1000.0
3,0.075,1.3125,1000.0
3,0.075,1.35,1000.0
3,0.075,1.3875,1000.0
3,0.075,1.425,1000.0
3,0.075,1.4625,1000.0
3,0.075,1.5,1000.0
3,0.1125,-1.5,0.9393028809489035
3,0.1125,-1.4625,0.9215515573270951
3,0.1125,-1.425,0.9032757396067478
3,0.1125,-1.3875,0.8844552427997753
3,0.1125,-1.35,0.8650695728352036
3,0.1125,-1.3125,0.8450983667276334
3,0.1125,-1.275,0.8245219205647262
3,0.1125,-1.2375,0.8033218169279087
3,0.1125,-1.2,0.7814816621842745
3,0.1125,-1.1625,0.7589879429186044
3,0.1125,-1.125,0.7358310056694067
3,0.1125,-1.0875,0.7120061513850559
3,0.1125,-1.05,0.6875148135769688
3,0.1125,-1.0125,0.6623657584195073
3,0.1125,-0.975,0.6365762120547369
3,0.1125,-0.9375,0.610172795113122
3,0.1125,-0.9,0.5831921377994395
3,0.1125,-0.8625,0.5556810673674897
3,0.1125,-0.825,0.5276963008583175
3,0.1125,-0.7875,0.4993036269436969
3,0.1125,-0.75,0.4705766046790889
3,0.1125,-0.7125,0.44159483511773173
3,0.1125,-0.675,0.41244188644266827
3,0.1125,-0.6375,0.38320301147544733
3,0.1125,-0.6,0.35396293428332276
3,0.1125,-0.5625,0.32480422269199133
3,0.1125,-0.525,0.2958070707680687
3,0.1125,-0.4875,0.26705158607582397
3,0.1125,-0.45,0.238623764446608
3,0.1125,-0.4125,0.21062610702852042
3,0.1125,-0.375,0.18319324205675616
3,0.1125,-0.3375,0.15651208641892583
3,0.1125,-0.3,0.13084544780106724
3,0.1125,-0.2625,0.10655831346444757
3,0.1125,-0.225,0.08414831681748348
3,0.1125,-0.1875,0.0642864818565006
3,0.1125,-0.15,0.04788090757979628
3,0.1125,-0.1125,0.03618404066600816
3,0.1125,-0.075,0.030975155626547058
3,0.1125,-0.0375,0.03486999492414278
3,0.1125,0.0,0.05185376846026907
3,0.1125,0.0375,0.08823352592290344
3,0.1125,0.075,0.1544396803128038
3,0.1125,0.1125,0.26869687445581264
3,0.1125,0.15,0.4652505766032866
3,0.1125,0.1875,0.8152934537046604
3,0.1125,0.225,1.4907389016474009
3,0.1125,0.2625,3.0231820635785045
3,0.1125,0.3,8.16183754220371
3,0.1125,0.3375,1000.0
3,0.1125,0.375,1000.0
3,0.1125,0.4125,1000.0
3,0.1125,0.45,1000.0
3,0.1125,0.4875,1000.0
3,0.1125,0.525,1000.0
3,0.1125,0.5625,1000.0
3,0.1125,0.6,1000.0
3,0.1125,0.6375,1000.0
3,0.1125,0.675,1000.0
3,0.1125,0.7125,1000.0
3,0.1125,0.75,1000.0
3,0.1125,0.7875,1000.0
3,0.1125,0.825,1000.0
3,0.1125,0.8625,1000.0
3,0.1125,0.9,1000.0
3,0.1125,0.9375,1000.0
3,0.1125,0.975,1000.0
3,0.1125,1.0125,1000.0
3,0.1125,1.05,1000.0
3,0.1125,1.0875,1000.0
3,0.1125,1.125,1000.0
3,0.1125,1.1625,1000.0
3,0.1125,1.2,1000.0
3,0.1125,1.2375,1000.0
3,0.1125,1.275,1000.0
3,0.1125,1.3125,1000.0
3,0.1125,1.35,1000.0
3,0.1125,1.3875,1000.0
3,0.1125,1.425,1000.0
3,0.1125,1.4625,1000.0
3,0.1125,1.5,1000.0
3,0.15,-1.5,0.8957414317412292
3,0.15,-1.4625,0.8774075735434632
3,0.15,-1.425,0.8585416944803554
3,0.15,-1.3875,0.8391257998805919
3,0.15,-1.35,0.8191428646957726
3,0.15,-1.3125,0.7985774935230974
3,0.15,-1.275,0.7774166707057232
3,0.15,-1.2375,0.7556506134525641
3,0.15,-1.2,0.7332737304547617
3,0.15,-1.1625,0.7102856692841348
3,0.15,-1.125,0.686692407019184
3,0.15,-1.0875,0.6625073039949252
3,0.15,-1.05,0.6377520093220544
3,0.15,-1.0125,0.6124570908249954
3,0.15,-0.975,0.5866622715659441
3,0.15,-0.9375,0.5604161929086826
3,0.15,-0.9,0.5337756813754282
3,0.15,-0.8625,0.506804554377184
3,0.15,-0.825,0.4795720375381279
3,0.15,-0.7875,0.4521508749984487
3,0.15,-0.75,0.4246152087683884
3,0.15,-0.7125,0.3970383233132271
3,0.15,-0.675,0.3694904440792956
3,0.15,-0.6375,0.3420369676565429
3,0.15,-0.6,0.3147377583813182
3,0.15,-0.5625,0.2876483817487652
3,0.15,-0.525,0.2608242291406847
3,0.15,-0.4875,0.23432829412605455
3,0.15,-0.45,0.20824281601583014
3,0.15,-0.4125,0.1826841631764105
3,0.15,-0.375,0.15781946720923604
3,0.15,-0.3375,0.13388323733066332
3,0.15,-0.3,0.11119326870360227
3,0.15,-0.2625,0.09016805794347674
3,0.15,-0.225,0.07135214397441625
3,0.15,-0.1875,0.05546000475794676
3,0.15,-0.15,0.04345270118750519
3,0.15,-0.1125,0.03666604007946428
3,0.15,-0.075,0.03701922449049853
3,0.15,-0.0375,0.047356504990944355
3,0.15,0.0,0.07202527789833667
3,0.15,0.0375,0.11790443968527481
3,0.15,0.075,0.19635064907110575
3,0.15,0.1125,0.3271695602960403
3,0.15,0.15,0.5475261558446056
3,0.15,0.1875,0.9346384669662049
3,0.15,0.225,1.675060967435188
3,0.15,0.2625,3.3468829175544137
3,0.15,0.3,8.957721287395819
3,0.15,0.3375,1000.0
3,0.15,0.375,1000.0
3,0.15,0.4125,1000.0
3,0.15,0.45,1000.0
3,0.15,0.4875,1000.0
3,0.15,0.525,1000.0
3,0.15,0.5625,1000.0
3,0.15,0.6,1000.0
3,0.15,0.6375,1000.0
3,0.15,0.675,1000.0
3,0.15,0.7125,1000.0
3,0.15,0.75,1000.0
3,0.15,0.7875,1000.0
3,0.15,0.825,1000.0
3,0.15,0.8625,1000.0
3,0.15,0.9,1000.0
3,0.15,0.9375,1000.0
3,0.15,0.975,1000.0
3,0.15,1.0125,1000.0
3,0.15,1.05,1000.0
3,0.15,1.0875,1000.0
3,0.15,1.125,1000.0
3,0.15,1.1625,1000.0
3,0.15,1.2,1000.0
3,0.15,1.2375,1000.0
3,0.15,1.275,1000.0
3,0.15,1.3125,1000.0
3,0.15,1.35,1000.0
3,0.15,1.3875,1000.0
3,0.15,1.425,1000.0
3,0.15,1.4625,1000.0
3,0.15,1.5,1000.0
3,0.1875,-1.5,0.8511741592342923
3,0.1875,-1.4625,0.8322703681775009
3,0.1875,-1.425,0.8128344848372943
3,0.1875,-1.3875,0.7928542921942547
3,0.1875,-1.35,0.7723203001183168
3,0.1875,-1.3125,0.7512266050849749
3,0.1875,-1.275,0.7295718334230857
3,0.1875,-1.2375,0.7073601403276919
3,0.1875,-1.2,0.684602200340345
3,0.1875,-1.1625,0.6613160888241265
3,0.1875,-1.125,0.6375279296239336
3,0.1875,-1.0875,0.6132721837736347
3,0.1875,-1.05,0.58859148473043
3,0.1875,-1.0125,0.5635359834150835
3,0.1875,-0.975,0.5381622350865255
3,0.1875,-0.9375,0.5125317157775205
3,0.1875,-0.9,0.4867090780013307
3,0.1875,-0.8625,0.46076023979889036
3,0.1875,-0.825,0.43475036907496983
3,0.1875,-0.7875,0.40874181881583593
3,0.1875,-0.75,0.38279213323237293
3,0.1875,-0.7125,0.35695240110629994
3,0.1875,-0.675,0.33126645464955623
3,0.1875,-0.6375,0.305771621641344
3,0.1875,-0.6,0.2805018223802759
3,0.1875,-0.5625,0.25549364664154367
3,0.1875,-0.525,0.23079557189432987
3,0.1875,-0.4875,0.2064797033907994
3,0.1875,-0.45,0.18265451868709992
3,0.1875,-0.4125,0.1594765534060137
3,0.1875,-0.375,0.13715946620495945
3,0.1875,-0.3375,0.11598095976935593
3,0.1875,-0.3,0.09629124401077785
3,0.1875,-0.2625,0.07852976214842537
3,0.1875,-0.225,0.06325847953842952
3,0.1875,-0.1875,0.051220445428608874
3,0.1875,-0.15,0.04343382386977858
3,0.1875,-0.1125,0.041337401066636546
3,0.1875,-0.075,0.047017437125343634
3,0.1875,-0.0375,0.0635736646488059
3,0.1875,0.0,0.09573808674487624
3,0.1875,0.0375,0.15097874664852698
3,0.1875,0.075,0.24159333993183577
3,0.1875,0.1125,0.38898642360358804
3,0.1875,0.15,0.6332745359486655
3,0.1875,0.1875,1.0577747406171196
3,0.1875,0.225,1.8638901169170392
3,0.1875,0.2625,3.676999269940152
3,0.1875,0.3,9.769272779485625
3,0.1875,0.3375,1000.0
3,0.1875,0.375,1000.0
3,0.1875,0.4125,1000.0
3,0.1875,0.45,1000.0
3,0.1875,0.4875,1000.0
3,0.1875,0.525,1000.0
3,0.1875,0.5625,1000.0
3,0.1875,0.6,1000.0
3,0.1875,0.6375,1000.0
3,0.1875,0.675,1000.0
3,0.1875,0.7125,1000.0
3,0.1875,0.75,1000.0
3,0.1875,0.7875,1000.0
3,0.1875,0.825,1000.0
3,0.1875,0.8625,1000.0
3,0.1875,0.9,1000.0
3,0.1875,0.9375,1000.0
3,0.1875,0.975,1000.0
3,0.1875,1.0125,1000.0
3,0.1875,1.05,1000.0
3,0.1875,1.0875,1000.0
3,0.1875,1.125,1000.0
3,0.1875,1.1625,1000.0
3,0.1875,1.2,1000.0
3,0.1875,1.2375,1000.0
3,0.1875,1.275,1000.0
3,0.1875,1.3125,1000.0
3,0.1875,1.35,1000.0
3,0.1875,1.3875,1000.0
3,0.1875,1.425,1000.0
3,0.1875,1.4625,1000.0
3,0.1875,1.5,1000.0
3,0.225,-1.5,0.8056708063408938
3,0.225,-1.4625,0.7862330299395208
3,0.225,-1.425,0.766281096093163
3,0.225,-1.3875,0.7458132363216989
3,0.225,-1.35,0.7248325382184893
3,0.225,-1.3125,0.7033478912229097
3,0.225,-1.275,0.681374850252964
3,0.225,-1.2375,0.6589362997800025
3,0.225,-1.2,0.6360627903960394
3,0.225,-1.1625,0.6127924416573282
3,0.225,-1.125,0.5891703589215674
3,0.225,-1.0875,0.5652475854458585
3,0.225,-1.05,0.5410796810076296
3,0.225,-1.0125,0.5167250593660317
3,0.225,-0.975,0.49224321369351676
3,0.225,-0.9375,0.4676929169845019
3,0.225,-0.9,0.44313043180675826
3,0.225,-0.8625,0.41860774339590423
3,0.225,-0.825,0.3941708811820445
3,0.225,-0.7875,0.3698585309277052
3,0.225,-0.75,0.3457013368862313
3,0.225,-0.7125,0.32172248185859215
3,0.225,-0.675,0.29794021488783373
3,0.225,-0.6375,0.27437287048717707
3,0.225,-0.6,0.2510465143616796
3,0.225,-0.5625,0.22800464858122513
3,0.225,-0.525,0.20531854686700984
3,0.225,-0.4875,0.18309614758194534
3,0.225,-0.45,0.16148762480809045
3,0.225,-0.4125,0.140687297172997
3,0.225,-0.375,0.12093419932255194
3,0.225,-0.3375,0.10251621210315777
3,0.225,-0.3,0.08578369007417483
3,0.225,-0.2625,0.07117778969166248
3,0.225,-0.225,0.05927763412279019
3,0.225,-0.1875,0.05087119929131379
3,0.225,-0.15,0.0470590182350375
3,0.225,-0.1125,0.049408738072952776
3,0.225,-0.075,0.06019469532672324
3,0.225,-0.0375,0.08278644065713904
3,0.225,0.0,0.12230918169004518
3,0.225,0.0375,0.18682542042781594
3,0.225,0.075,0.2895791800766387
3,0.225,0.1125,0.4535836712976128
3,0.225,0.15,0.7219294184186962
3,0.225,0.1875,1.184088511179988
3,0.225,0.225,2.056472994383569
3,0.225,0.2625,4.0123598867169745
3,0.225,0.3,10.593063220555452
3,0.225,0.3375,1000.0
3,0.225,0.375,1000.0
3,0.225,0.4125,1000.0
3,0.225,0.45,1000.0
3,0.225,0.4875,1000.0
3,0.225,0.525,1000.0
3,0.225,0.5625,1000.0
3,0.225,0.6,1000.0
3,0.225,0.6375,1000.0
3,0.225,0.675,1000.0
3,0.225,0.7125,1000.0
3,0.225,0.75,1000.0
3,0.225,0.7875,1000.0
3,0.225,0.825,1000.0
3,0.225,0.8625,1000.0
3,0.225,0.9,1000.0
3,0.225,0.9375,1000.0
3,0.225,0.975,1000.0
3,0.225,1.0125,1000.0
3,0.225,1.05,1000.0
3,0.225,1.0875,1000.0
3,0.225,1.125,1000.0
3,0.225,1.1625,1000.0
3,0.225,1.2,1000.0
3,0.225,1.2375,1000.0
3,0.225,1.275,1000.0
3,0.225,1.3125,1000.0
3,0.225,1.35,1000.0
3,0.225,1.3875,1000.0
3,0.225,1.425,1000.0
3,0.225,1.4625,1000.0
3,0.225,1.5,1000.0
3,0.2625,-1.5,0.759380309321643
3,0.2625,-1.4625,0.7395005651801217
3,0.2625,-1.425,0.7191557942237387
3,0.2625,-1.3875,0.6983599090526025
3,0.2625,-1.35,0.6771335249906719
3,0.2625,-1.3125,0.6555043441668646
3,0.2625,-1.275,0.6335071190421434
3,0.2625,-1.2375,0.6111831327301386
3,0.2625,-1.2,0.5885792062602819
3,0.2625,-1.1625,0.5657463206180842
3,0.2625,-1.125,0.5427379973131979
3,0.2625,-1.0875,0.5196085945465114
3,0.2625,-1.05,0.49641164217837497
3,0.2625,-1.0125,0.4731982739251262
3,0.2625,-0.975,0.4500157526399649
3,0.2625,-0.9375,0.4269060628188654
3,0.2625,-0.9,0.40390459346073737
3,0.2625,-0.8625,0.3810390613906286
3,0.2625,-0.825,0.3583290045763143
3,0.2625,-0.7875,0.33578634620693804
3,0.2625,-0.75,0.3134176079733097
3,0.2625,-0.7125,0.2912282455413669
3,0.2625,-0.675,0.2692292204089774
3,0.2625,-0.6375,0.24744529130179932
3,0.2625,-0.6,0.22592370437561982
3,0.2625,-0.5625,0.20474130240880026
3,0.2625,-0.525,0.1840081096481505
3,0.2625,-0.4875,0.16386668394139473
3,0.2625,-0.45,0.14448883934645304
3,0.2625,-0.4125,0.12607365247701482
3,0.2625,-0.375,0.10885155167812931
3,0.2625,-0.3375,0.09309827534709433
3,0.2625,-0.3,0.07916064983576303
3,0.2625,-0.2625,0.06749524315497298
3,0.2625,-0.225,0.058722148102276786
3,0.2625,-0.1875,0.0536996638395634
3,0.2625,-0.15,0.05363159300513465
3,0.2625,-0.1125,0.0602283955890701
3,0.2625,-0.075,0.07595989055392828
3,0.2625,-0.0375,0.1044681727609765
3,0.2625,0.0,0.15127195127151735
3,0.2625,0.0375,0.22502822992387772
3,0.2625,0.075,0.33992939584706
3,0.2625,0.1125,0.5206045053360769
3,0.2625,0.15,0.8131368266448425
3,0.2625,0.1875,1.3132007930232519
3,0.2625,0.225,2.2523505437330362
3,0.2625,0.2625,4.352251493222859
3,0.2625,0.3,11.426836365384004
3,0.2625,0.3375,1000.0
3,0.2625,0.375,1000.0
3,0.2625,0.4125,1000.0
3,0.2625,0.45,1000.0
3,0.2625,0.4875,1000.0
3,0.2625,0.525,1000.0
3,0.2625,0.5625,1000.0
3,0.2625,0.6,1000.0
3,0.2625,0.6375,1000.0
3,0.2625,0.675,1000.0
3,0.2625,0.7125,1000.0
3,0.2625,0.75,1000.0
3,0.2625,0.7875,1000.0
3,0.2625,0.825,1000.0
3,0.2625,0.8625,1000.0
3,0.2625,0.9,1000.0
3,0.2625,0.9375,1000.0
3,0.2625,0.975,1000.0
3,0.2625,1.0125,1000.0
3,0.2625,1.05,1000.0
3,0.2625,1.0875,1000.0
3,0.2625,1.125,1000.0
3,0.2625,1.1625,1000.0
3,0.2625,1.2,1000.0
3,0.2625,1.2375,1000.0
3,0.2625,1.275,1000.0
3,0.2625,1.3125,1000.0
3,0.2625,1.35,1000.0
3,0.2625,1.3875,1000.0
3,0.2625,1.425,1000.0
3,0.2625,1.4625,1000.0
3,0.2625,1.5,1000.0
3,0.3,-1.5,0.7126378816863007
3,0.3,-1.4625,0.6925039341423023
3,0.3,-1.425,0.6719984139773014
3,0.3,-1.3875,0.6511536759732602
3,0.3,-1.35,0.6300081694111851
3,0.3,-1.3125,0.6086054960682967
3,0.3,-1.275,0.5869930682941737
3,0.3,-1.2375,0.5652205173729931
3,0.3,-1.2,0.5433380270295209
3,0.3,-1.1625,0.5213947440875107
3,0.3,-1.125,0.49943735650494175
3,0.3,-1.0875,0.47750885255612646
3,0.3,-1.05,0.4556474153917424
3,0.3,-1.0125,0.43388539417138217
3,0.3,-0.975,0.41224834628872736
3,0.3,-0.9375,0.3907542672672341
3,0.3,-0.9,0.36941329182739424
3,0.3,-0.8625,0.34822830704549174
3,0.3,-0.825,0.3271969895399079
3,0.3,-0.7875,0.30631568277035554
3,0.3,-0.75,0.28558520455984254
3,0.3,-0.7125,0.26501809913173785
3,0.3,-0.675,0.2446461044568211
3,0.3,-0.6375,0.22452597216607778
3,0.3,-0.6,0.2047417512092868
3,0.3,-0.5625,0.18540270322445468
3,0.3,-0.525,0.1666380817254694
3,0.3,-0.4875,0.14859211200368544
3,0.3,-0.45,0.13142330556867893
3,0.3,-0.4125,0.11531118827882789
3,0.3,-0.375,0.10047149641678839
3,0.3,-0.3375,0.08717946152547613
3,0.3,-0.3,0.07580094476388446
3,0.3,-0.2625,0.0668328734444072
3,0.3,-0.225,0.060957233583890935
3,0.3,-0.1875,0.05911670635468394
3,0.3,-0.15,0.06262566096907168
3,0.3,-0.1125,0.07333956379574304
3,0.3,-0.075,0.09392284994500552
3,0.3,-0.0375,0.12828804490086998
3,0.3,0.0,0.1823454449038054
3,0.3,0.0375,0.26534610371452716
3,0.3,0.075,0.3924332958077882
3,0.3,0.1125,0.5898600397201881
3,0.3,0.15,0.9067218164518904
3,0.3,0.1875,1.4449412812725213
3,0.3,0.225,2.4513356753980395
3,0.3,0.2625,4.696377455826126
3,0.3,0.3,12.269365877277954
3,0.3,0.3375,1000.0
3,0.3,0.375,1000.0
3,0.3,0.4125,1000.0
3,0.3,0.45,1000.0
3,0.3,0.4875,1000.0
3,0.3,0.525,1000.0
3,0.3,0.5625,1000.0
3,0.3,0.6,1000.0
3,0.3,0.6375,1000.0
3,0.3,0.675,1000.0
3,0.3,0.7125,1000.0
3,0.3,0.75,1000.0
3,0.3,0.7875,1000.0
3,0.3,0.825,1000.0
3,0.3,0.8625,1000.0
3,0.3,0.9,1000.0
3,0.3,0.9375,1000.0
3,0.3,0.975,1000.0
3,0.3,1.0125,1000.0
3,0.3,1.05,1000.0
3,0.3,1.0875,1000.0
3,0.3,1.125,1000.0
3,0.3,1.1625,1000.0
3,0.3,1.2,1000.0
3,0.3,1.2375,1000.0
3,0.3,1.275,1000.0
3,0.3,1.3125,1000.0
3,0.3,1.35,1000.0
3,0.3,1.3875,1000.0
3,0.3,1.425,1000.0
3,0.3,1.4625,1000.0
3,0.3,1.5,1000.0
3,0.3375,-1.5,0.6660913467799091
3,0.3375,-1.4625,0.6460195610136891
3,0.3375,-1.425,0.6257146389715392
3,0.3375,-1.3875,0.6052212446532642
3,0.3375,-1.35,0.5845858905564765
3,0.3375,-1.3125,0.5638553063592094
3,0.3375,-1.275,0.5430749034401561
3,0.3375,-1.2375,0.5222874512093607
3,0.3375,-1.2,0.5015320037285237
3,0.3375,-1.1625,0.48084304175841697
3,0.3375,-1.125,0.46024974913884714
3,0.3375,-1.0875,0.43977534229469645
3,0.3375,-1.05,0.41943643124746016
3,0.3375,-1.0125,0.399242511281991
3,0.3375,-0.975,0.37919584406990714
3,0.3375,-0.9375,0.3592921333905016
3,0.3375,-0.9,0.3395224610188341
3,0.3375,-0.8625,0.31987685036152325
3,0.3375,-0.825,0.3003495151152568
3,0.3375,-0.7875,0.28094531299298664
3,0.3375,-0.75,0.26168623664165297
3,0.3375,-0.7125,0.2426161894282641
3,0.3375,-0.675,0.22380226867641184
3,0.3375,-0.6375,0.20533174766318993
3,0.3375,-0.6,0.1873058359324152
3,0.3375,-0.5625,0.16983320888077225
3,0.3375,-0.525,0.15302698068047
3,0.3375,-0.4875,0.13700773240219286
3,0.3375,-0.45,0.1219131903214068
3,0.3375,-0.4125,0.10791359307521842
3,0.3375,-0.375,0.09523155888087095
3,0.3375,-0.3375,0.08416626691576296
3,0.3375,-0.3,0.07512342932640508
3,0.3375,-0.2625,0.068654470671986
3,0.3375,-0.225,0.06551065611645777
3,0.3375,-0.1875,0.06672122427802035
3,0.3375,-0.15,0.07371004286610297
3,0.3375,-0.1125,0.08847500237317786
3,0.3375,-0.075,0.11387235037082631
3,0.3375,-0.0375,0.1540829500430181
3,0.3375,0.0,0.21540807982275617
3,0.3375,0.0375,0.3076946304703998
3,0.3375,0.075,0.447042380514235
3,0.3375,0.1125,0.6613404629955069
3,0.3375,0.15,1.0027209329231093
3,0.3375,0.1875,1.5794049005709874
3,0.3375,0.225,2.653590295628609
3,0.3375,0.2625,5.044926811127297
3,0.3375,0.3,13.120360026396263
3,0.3375,0.3375,1000.0
3,0.3375,0.375,1000.0
3,0.3375,0.4125,1000.0
3,0.3375,0.45,1000.0
3,0.3375,0.4875,1000.0
3,0.3375,0.525,1000.0
3,0.3375,0.5625,1000.0
3,0.3375,0.6,1000.0
3,0.3375,0.6375,1000.0
3,0.3375,0.675,1000.0
3,0.3375,0.7125,1000.0
3,0.3375,0.75,1000.0
3,0.3375,0.7875,1000.0
3,0.3375,0.825,1000.0
3,0.3375,0.8625,1000.0
3,0.3375,0.9,1000.0
3,0.3375,0.9375,1000.0
3,0.3375,0.975,1000.0
3,0.3375,1.0125,1000.0
3,0.3375,1.05,1000.0
3,0.3375,1.0875,1000.0
3,0.3375,1.125,1000.0
3,0.3375,1.1625,1000.0
3,0.3375,1.2,1000.0
3,0.3375,1.2375,1000.0
3,0.3375,1.275,1000.0
3,0.3375,1.3125,1000.0
3,0.3375,1.35,1000.0
3,0.3375,1.3875,1000.0
3,0.3375,1.425,1000.0
3,0.3375,1.4625,1000.0
3,0.3375,1.5,1000.0
3,0.375,-1.5,0.620780767208056
3,0.375,-1.4625,0.6011961467965579
3,0.375,-1.425,0.5815335275721693
3,0.375,-1.3875,0.5618350829427388
3,0.375,-1.35,0.5421400699398009
3,0.375,-1.3125,0.5224838898403552
3,0.375,-1.275,0.5028974225064112
3,0.375,-1.2375,0.4834065608895
3,0.375,-1.2,0.4640318412870548
3,0.375,-1.1625,0.444788075983902
3,0.375,-1.125,0.42568396152406973
3,0.375,-1.0875,0.40672176035696744
3,0.375,-1.05,0.3878973111610489
3,0.375,-1.0125,0.36920075835304544
3,0.375,-0.975,0.3506184338241409
3,0.375,-0.9375,0.33213621102108754
3,0.375,-0.9,0.31374434171206067
3,0.375,-0.8625,0.2954432735851642
3,0.375,-0.825,0.2772493100282456
3,0.375,-0.7875,0.25919845504088523
3,0.375,-0.75,0.24134680965678684
3,0.375,-0.7125,0.22376683421527066
3,0.375,-0.675,0.20654055257444087
3,0.375,-0.6375,0.18975248673096645
3,0.375,-0.6,0.17348562968944817
3,0.375,-0.5625,0.1578226682279472
3,0.375,-0.525,0.14285272597834106
3,0.375,-0.4875,0.1286824010087309
3,0.375,-0.45,0.1154495649307303
3,0.375,-0.4125,0.10333912092744132
3,0.375,-0.375,0.09260110169837807
3,0.375,-0.3375,0.08357268809525767
3,0.375,-0.3,0.07670688002917476
3,0.375,-0.2625,0.07261189413257228
3,0.375,-0.225,0.07210734468379558
3,0.375,-0.1875,0.0763065646901421
3,0.375,-0.15,0.0867401752000627
3,0.375,-0.1125,0.10554632110555323
3,0.375,-0.075,0.1357720866559412
3,0.375,-0.0375,0.181867448975559
3,0.375,0.0,0.25052787427547873
3,0.375,0.0375,0.3522027180201914
3,0.375,0.075,0.5039598863534783
3,0.375,0.1125,0.7353438756888513
3,0.375,0.15,1.1015550136096786
3,0.375,0.1875,1.7171676694728928
3,0.375,0.225,2.859870411899282
3,0.375,0.2625,5.3988055386046705
3,0.375,0.3,13.98050013696592
3,0.375,0.3375,1000.0
3,0.375,0.375,1000.0
3,0.375,0.4125,1000.0
3,0.375,0.45,1000.0
3,0.375,0.4875,1000.0
3,0.375,0.525,1000.0
3,0.375,0.5625,1000.0
3,0.375,0.6,1000.0
3,0.375,0.6375,1000.0
3,0.375,0.675,1000.0
3,0.375,0.7125,1000.0
3,0.375,0.75,1000.0
3,0.375,0.7875,1000.0
3,0.375,0.825,1000.0
3,0.375,0.8625,1000.0
3,0.375,0.9,1000.0
3,0.375,0.9375,1000.0
3,0.375,0.975,1000.0
3,0.375,1.0125,1000.0
3,0.375,1.05,1000.0
3,0.375,1.0875,1000.0
3,0.375,1.125,1000.0
3,0.375,1.1625,1000.0
3,0.375,1.2,1000.0
3,0.375,1.2375,1000.0
3,0.375,1.275,1000.0
3,0.375,1.3125,1000.0
3,0.375,1.35,1000.0
3,0.375,1.3875,1000.0
3,0.375,1.425,1000.0
3,0.375,1.4625,1000.0
3,0.375,1.5,1000.0
3,0.4125,-1.5,0.5780150935720604
3,0.4125,-1.4625,0.5593442853445798
3,0.4125,-1.425,0.5407216734119298
3,0.4125,-1.3875,0.5221746688354174
3,0.4125,-1.35,0.5037258345045259
3,0.4125,-1.3125,0.48539278072669434
3,0.4125,-1.275,0.46718808696825564
3,0.4125,-1.2375,0.449119152712132
3,0.4125,-1.2,0.4311879583280413
3,0.4125,-1.1625,0.413390851937135
3,0.4125,-1.125,0.3957186356756957
3,0.4125,-1.0875,0.3781573427355958
3,0.4125,-1.05,0.3606901097524346
3,0.4125,-1.0125,0.3433004089087278
3,0.4125,-0.975,0.3259765839674534
3,0.4125,-0.9375,0.3087171392152977
3,0.4125,-0.9,0.2915356441914867
3,0.4125,-0.8625,0.27446368130548465
3,0.4125,-0.825,0.2575503746146055
3,0.4125,-0.7875,0.24085801507424984
3,0.4125,-0.75,0.22445496145460467
3,0.4125,-0.7125,0.20840849029320016
3,0.4125,-0.675,0.19278057039299965
3,0.4125,-0.6375,0.17762837185536673
3,0.4125,-0.6,0.1630094829508425
3,0.4125,-0.5625,0.1489904679633388
3,0.4125,-0.525,0.1356571507953688
3,0.4125,-0.4875,0.12312563981370205
3,0.4125,-0.45,0.11155405589165027
3,0.4125,-0.4125,0.1011557773926866
3,0.4125,-0.375,0.09221567895844547
3,0.4125,-0.3375,0.08511144636499533
3,0.4125,-0.3,0.08034282698369283
3,0.4125,-0.2625,0.07857290725241436
3,0.4125,-0.225,0.08068757932580282
3,0.4125,-0.1875,0.087882893135859
3,0.4125,-0.15,0.10179612346665558
3,0.4125,-0.1125,0.12470731066694982
3,0.4125,-0.075,0.15985820556222602
3,0.4125,-0.0375,0.21197441690877533
3,0.4125,0.0,0.28815537760186744
3,0.4125,0.0375,0.399466586408754
3,0.4125,0.075,0.5639623538451132
3,0.4125,0.1125,0.8128663042733477
3,0.4125,0.15,1.204478078776377
3,0.4125,0.1875,1.8597692283144311
3,0.4125,0.225,3.0719982457252746
3,0.4125,0.2625,5.7600361629310655
3,0.4125,0.3,14.851625661876126
3,0.4125,0.3375,1000.0
3,0.4125,0.375,1000.0
3,0.4125,0.4125,1000.0
3,0.4125,0.45,1000.0
3,0.4125,0.4875,1000.0
3,0.4125,0.525,1000.0
3,0.4125,0.5625,1000.0
3,0.4125,0.6,1000.0
3,0.4125,0.6375,1000.0
3,0.4125,0.675,1000.0
3,0.4125,0.7125,1000.0
3,0.4125,0.75,1000.0
3,0.4125,0.7875,1000.0
3,0.4125,0.825,1000.0
3,0.4125,0.8625,1000.0
3,0.4125,0.9,1000.0
3,0.4125,0.9375,1000.0
3,0.4125,0.975,1000.0
3,0.4125,1.0125,1000.0
3,0.4125,1.05,1000.0
3,0.4125,1.0875,1000.0
3,0.4125,1.125,1000.0
3,0.4125,1.1625,1000.0
3,0.4125,1.2,1000.0
3,0.4125,1.2375,1000.0
3,0.4125,1.275,1000.0
3,0.4125,1.3125,1000.0
3,0.4125,1.35,1000.0
3,0.4125,1.3875,1000.0
3,0.4125,1.425,1000.0
3,0.4125,1.4625,1000.0
3,0.4125,1.5,1000.0
3,0.45,-1.5,0.5390031770700847
3,0.45,-1.4625,0.5215425020530737
3,0.45,-1.425,0.5041987450401049
3,0.45,-1.3875,0.4869819847396656
3,0.45,-1.35,0.4698978901185324
3,0.45,-1.3125,0.45294768191956947
3,0.45,-1.275,0.4361279406624187
3,0.45,-1.2375,0.4194304204938344
3,0.45,-1.2,0.40284217860718563
3,0.45,-1.1625,0.3863464168303842
3,0.45,-1.125,0.36992440251101116
3,0.45,-1.0875,0.3535586597738102
3,0.45,-1.05,0.33723728709716466
3,0.45,-1.0125,0.3209587771920229
3,0.45,-0.975,0.30473618496076216
3,0.45,-0.9375,0.2885991557292886
3,0.45,-0.9,0.2725925594843309
3,0.45,-0.8625,0.2567715163561091
3,0.45,-0.825,0.2411941698053281
3,0.45,-0.7875,0.22591480602553357
3,0.45,-0.75,0.21097995436298772
3,0.45,-0.7125,0.19642884745529318
3,0.45,-0.675,0.182297914512269
3,0.45,-0.6375,0.16862785846815925
3,0.45,-0.6,0.15547174991941554
3,0.45,-0.5625,0.14290317631254923
3,0.45,-0.525,0.13102428750013298
3,0.45,-0.4875,0.11997422769290539
3,0.45,-0.45,0.10993886488899687
3,0.45,-0.4125,0.1011630200543649
3,0.45,-0.375,0.09396670939737255
3,0.45,-0.3375,0.08876739257377908
3,0.45,-0.3,0.08611102436316428
3,0.45,-0.2625,0.08671605038913557
3,0.45,-0.225,0.09153672042782492
3,0.45,-0.1875,0.1018558482677631
3,0.45,-0.15,0.1194236123822769
3,0.45,-0.1125,0.146670478240646
3,0.45,-0.075,0.18704351609605008
3,0.45,-0.0375,0.2455562460192939
3,0.45,0.0,0.3297250497507892
3,0.45,0.0375,0.45124392198517843
3,0.45,0.075,0.6291638261738567
3,0.45,0.1125,0.8963947474425542
3,0.45,0.15,1.3143410080573399
3,0.45,0.1875,2.0103814820922477
3,0.45,0.225,3.2933828989403966
3,0.45,0.2625,6.132118353970487
3,0.45,0.3,15.736942269440323
3,0.45,0.3375,1000.0
3,0.45,0.375,1000.0
3,0.45,0.4125,1000.0
3,0.45,0.45,1000.0
3,0.45,0.4875,1000.0
3,0.45,0.525,1000.0
3,0.45,0.5625,1000.0
3,0.45,0.6,1000.0
3,0.45,0.6375,1000.0
3,0.45,0.675,1000.0
3,0.45,0.7125,1000.0
3,0.45,0.75,1000.0
3,0.45,0.7875,1000.0
3,0.45,0.825,1000.0
3,0.45,0.8625,1000.0
3,0.45,0.9,1000.0
3,0.45,0.9375,1000.0
3,0.45,0.975,1000.0
3,0.45,1.0125,1000.0
3,0.45,1.05,1000.0
3,0.45,1.0875,1000.0
3,0.45,1.125,1000.0
3,0.45,1.1625,1000.0
3,0.45,1.2,1000.0
3,0.45,1.2375,1000.0
3,0.45,1.275,1000.0
3,0.45,1.3125,1000.0
3,0.45,1.35,1000.0
3,0.45,1.3875,1000.0
3,0.45,1.425,1000.0
3,0.45,1.4625,1000.0
3,0.45,1.5,1000.0
3,0.4875,-1.5,0.504484681095017
3,0.4875,-1.4625,0.48833972988482627
3,0.4875,-1.425,0.4723246682913108
3,0.4875,-1.3875,0.45643593777952973
3,0.4875,-1.35,0.4406660604099628
3,0.4875,-1.3125,0.4250034361617659
3,0.4875,-1.275,0.40943252636851285
3,0.4875,-1.2375,0.3939348132429925
3,0.4875,-1.2,0.37849084348792056
3,0.4875,-1.1625,0.36308345069334713
3,0.4875,-1.125,0.3477019032360864
3,0.4875,-1.0875,0.3323462638373679
3,0.4875,-1.05,0.3170307840875008
3,0.4875,-1.0125,0.30178495023430957
3,0.4875,-0.975,0.28665118304014403
3,0.4875,-0.9375,0.2716793106171606
3,0.4875,-0.9,0.2569193894136246
3,0.4875,-0.8625,0.24241538993774644
3,0.4875,-0.825,0.22820199829146404
3,0.4875,-0.7875,0.21430544379041433
3,0.4875,-0.75,0.20074772878656544
3,0.4875,-0.7125,0.18755277633788914
3,0.4875,-0.675,0.17475305695647525
3,0.4875,-0.6375,0.1623958616538649
3,0.4875,-0.6,0.1505490805946723
3,0.4875,-0.5625,0.1393068492045478
3,0.4875,-0.525,0.12879569871904875
3,0.4875,-0.4875,0.11918198494210341
3,0.4875,-0.45,0.11068147934617974
3,0.4875,-0.4125,0.10357218216880588
3,0.4875,-0.375,0.09821173194988406
3,0.4875,-0.3375,0.09506132056759022
3,0.4875,-0.3,0.09471889789404048
3,0.4875,-0.2625,0.09796587358809429
3,0.4875,-0.225,0.10583386809345781
3,0.4875,-0.1875,0.1197020116230908
3,0.4875,-0.15,0.1414421104788152
3,0.4875,-0.1125,0.17364114567409164
3,0.4875,-0.075,0.21995296771364758
3,0.4875,-0.0375,0.28567413580409645
3,0.4875,0.0,0.3787260587665216
3,0.4875,0.0375,0.5114133052196832
3,0.4875,0.075,0.7037630540289876
3,0.4875,0.1125,0.990355039253608
3,0.4875,0.15,1.4356950196049585
3,0.4875,0.1875,2.1735934365457608
3,0.4875,0.225,3.528603227163565
3,0.4875,0.2625,6.519620881454223
3,0.4875,0.3,16.640890128701134
3,0.4875,0.3375,1000.0
3,0.4875,0.375,1000.0
3,0.4875,0.4125,1000.0
3,0.4875,0.45,1000.0
3,0.4875,0.4875,1000.0
3,0.4875,0.525,1000.0
3,0.4875,0.5625,1000.0
3,0.4875,0.6,1000.0
3,0.4875,0.6375,1000.0
3,0.4875,0.675,1000.0
3,0.4875,0.7125,1000.0
3,0.4875,0.75,1000.0
3,0.4875,0.7875,1000.0
3,0.4875,0.825,1000.0
3,0.4875,0.8625,1000.0
3,0.4875,0.9,1000.0
3,0.4875,0.9375,1000.0
3,0.4875,0.975,1000.0
3,0.4875,1.0125,1000.0
3,0.4875,1.05,1000.0
3,0.4875,1.0875,1000.0
3,0.4875,1.125,1000.0
3,0.4875,1.1625,1000.0
3,0.4875,1.2,1000.0
3,0.4875,1.2375,1000.0
3,0.4875,1.275,1000.0
3,0.4875,1.3125,1000.0
3,0.4875,1.35,1000.0
3,0.4875,1.3875,1000.0
3,0.4875,1.425,1000.0
3,0.4875,1.4625,1000.0
3,0.4875,1.5,1000.0
3,0.525,-1.5,0.4746143404718371
3,0.525,-1.4625,0.459728551068186
3,0.525,-1.425,0.44494685412883667
3,0.525,-1.3875,0.43025537766581445
3,0.525,-1.35,0.41563696997289096
3,0.525,-1.3125,0.4010723674614935
3,0.525,-1.275,0.3865424419224619
3,0.525,-1.2375,0.37203150392409734
3,0.525,-1.2,0.3575312848523986
3,0.525,-1.1625,0.34304478759636536
3,0.525,-1.125,0.32858881900260595
3,0.525,-1.0875,0.31419396668209015
3,0.525,-1.05,0.29990134566915005
3,0.525,-1.0125,0.2857566214439674
3,0.525,-0.975,0.27180310385328127
3,0.525,-0.9375,0.2580762897113211
3,0.525,-0.9,0.2446016527730257
3,0.525,-0.8625,0.2313960958239233
3,0.525,-0.825,0.21847217148025835
3,0.525,-0.7875,0.2058436099810484
3,0.525,-0.75,0.19353090365273437
3,0.525,-0.7125,0.18156629928449342
3,0.525,-0.675,0.16999813611959105
3,0.525,-0.6375,0.15889484395391226
3,0.525,-0.6,0.14834908272534145
3,0.525,-0.5625,0.1384825468110407
3,0.525,-0.525,0.12945196140481718
3,0.525,-0.4875,0.12145682641299232
3,0.525,-0.45,0.11474955718293739
3,0.525,-0.4125,0.10964887158458726
3,0.525,-0.375,0.10655763811152516
3,0.525,-0.3375,0.10598702440658546
3,0.525,-0.3,0.10858981903167124
3,0.525,-0.2625,0.11520747198113851
3,0.525,-0.225,0.1269380816838934
3,0.525,-0.1875,0.14523689630224065
3,0.525,-0.15,0.17206813224215084
3,0.525,-0.1125,0.21013953178806424
3,0.525,-0.075,0.263274239963289
3,0.525,-0.0375,0.33701929842751155
3,0.525,0.0,0.4396810514013684
3,0.525,0.0375,0.5841742729608699
3,0.525,0.075,0.7915279005613076
3,0.525,0.1125,1.0980481813668166
3,0.525,0.15,1.5714366101256272
3,0.525,0.1875,2.3520792050590136
3,0.525,0.225,3.7804391531220096
3,0.525,0.2625,6.925937879131064
3,0.525,0.3,17.56807606017776
3,0.525,0.3375,1000.0
3,0.525,0.375,1000.0
3,0.525,0.4125,1000.0
3,0.525,0.45,1000.0
3,0.525,0.4875,1000.0
3,0.525,0.525,1000.0
3,0.525,0.5625,1000.0
3,0.525,0.6,1000.0
3,0.525,0.6375,1000.0
3,0.525,0.675,1000.0
3,0.525,0.7125,1000.0
3,0.525,0.75,1000.0
3,0.525,0.7875,1000.0
3,0.525,0.825,1000.0
3,0.525,0.8625,1000.0
3,0.525,0.9,1000.0
3,0.525,0.9375,1000.0
3,0.525,0.975,1000.0
3,0.525,1.0125,1000.0
3,0.525,1.05,1000.0
3,0.525,1.0875,1000.0
3,0.525,1.125,1000.0
3,0.525,1.1625,1000.0
3,0.525,1.2,1000.0
3,0.525,1.2375,1000.0
3,0.525,1.275,1000.0
3,0.525,1.3125,1000.0
3,0.525,1.35,1000.0
3,0.525,1.3875,1000.0
3,0.525,1.425,1000.0
3,0.525,1.4625,1000.0
3,0.525,1.5,1000.0
3,0.5625,-1.5,0.44909695031989844
3,0.5625,-1.4625,0.4353144550385708
3,0.5625,-1.425,0.4215862062287011
3,0.5625,-1.3875,0.40789312834106567
3,0.5625,-1.35,0.39421748709123433
3,0.5625,-1.3125,0.38054628478669905
3,0.5625,-1.275,0.3668750237547554
3,0.5625,-1.2375,0.3532109396963173
3,0.5625,-1.2,0.3395745435449228
3,0.5625,-1.1625,0.3259984502069957
3,0.5625,-1.125,0.3125232198249737
3,0.5625,-1.0875,0.2991911360077153
3,0.5625,-1.05,0.28603988171459965
3,0.5625,-1.0125,0.27309824622862816
3,0.5625,-0.975,0.2603851314974604
3,0.5625,-0.9375,0.2479117783655016
3,0.5625,-0.9,0.2356861118760702
3,0.5625,-0.8625,0.22371783501341225
3,0.5625,-0.825,0.21202324798099914
3,0.5625,-0.7875,0.20062933596037427
3,0.5625,-0.75,0.18957713200522383
3,0.5625,-0.7125,0.1789246078008122
3,0.5625,-0.675,0.16874940637170976
3,0.5625,-0.6375,0.15915169245098434
3,0.5625,-0.6,0.15025733864886853
3,0.5625,-0.5625,0.14222165178778365
3,0.5625,-0.525,0.13523392452222854
3,0.5625,-0.4875,0.12952331251928859
3,0.5625,-0.45,0.1253669058285578
3,0.5625,-0.4125,0.12310136916782224
3,0.5625,-0.375,0.12314012678160749
3,0.5625,-0.3375,0.12599874126767718
3,0.5625,-0.3,0.1323319676925483
3,0.5625,-0.2625,0.14298723752623022
3,0.5625,-0.225,0.15908158762773775
3,0.5625,-0.1875,0.18211318478228
3,0.5625,-0.15,0.21412606114135083
3,0.5625,-0.1125,0.2579601158279184
3,0.5625,-0.075,0.3176431604441718
3,0.5625,-0.0375,0.3990291582831196
3,0.5625,0.0,0.5108825358540736
3,0.5625,0.0375,0.6668144411490633
3,0.5625,0.075,0.8889543429621678
3,0.5625,0.1125,1.2154525297211964
3,0.5625,0.15,1.7173605346532457
3,0.5625,0.1875,2.5418721027618503
3,0.5625,0.225,4.045763535105695
3,0.5625,0.2625,7.34979140231024
3,0.5625,0.3,18.52095173856921
3,0.5625,0.3375,1000.0
3,0.5625,0.375,1000.0
3,0.5625,0.4125,1000.0
3,0.5625,0.45,1000.0
3,0.5625,0.4875,1000.0
3,0.5625,0.525,1000.0
3,0.5625,0.5625,1000.0
3,0.5625,0.6,1000.0
3,0.5625,0.6375,1000.0
3,0.5625,0.675,1000.0
3,0.5625,0.7125,1000.0
3,0.5625,0.75,1000.0
3,0.5625,0.7875,1000.0
3,0.5625,0.825,1000.0
3,0.5625,0.8625,1000.0
3,0.5625,0.9,1000.0
3,0.5625,0.9375,1000.0
3,0.5625,0.975,1000.0
3,0.5625,1.0125,1000.0
3,0.5625,1.05,1000.0
3,0.5625,1.0875,1000.0
3,0.5625,1.125,1000.0
3,0.5625,1.1625,1000.0
3,0.5625,1.2,1000.0
3,0.5625,1.2375,1000.0
3,0.5625,1.275,1000.0
3,0.5625,1.3125,1000.0
3,0.5625,1.35,1000.0
3,0.5625,1.3875,1000.0
3,0.5625,1.425,1000.0
3,0.5625,1.4625,1000.0
3,0.5625,1.5,1000.0
3,0.6,-1.5,0.42739751630839423
3,0.6,-1.4625,0.41451996278261044
3,0.6,-1.425,0.4016459377661398
3,0.6,-1.3875,0.38876661191669987
3,0.6,-1.35,0.3758827893083257
3,0.6,-1.3125,0.3630073672089526
3,0.6,-1.275,0.35016575277543793
3,0.6,-1.2375,0.3373935285586936
3,0.6,-1.2,0.32473156735144215
3,0.6,-1.1625,0.3122199211711444
3,0.6,-1.125,0.29989248962266163
3,0.6,-1.0875,0.287774210435264
3,0.6,-1.05,0.27588144108723367
3,0.6,-1.0125,0.26422499162348834
3,0.6,-0.975,0.25281457326295426
3,0.6,-0.9375,0.24166341566587415
3,0.6,-0.9,0.2307922160426445
3,0.6,-0.8625,0.22023205434102985
3,0.6,-0.825,0.21002622878168686
3,0.6,-0.7875,0.20023111218140738
3,0.6,-0.75,0.19091618880661593
3,0.6,-0.7125,0.1821635117653054
3,0.6,-0.675,0.17406698984981653
3,0.6,-0.6375,0.1667321620743152
3,0.6,-0.6,0.1602773575727461
3,0.6,-0.5625,0.1548372374223173
3,0.6,-0.525,0.15056959149054275
3,0.6,-0.4875,0.14766596937062748
3,0.6,-0.45,0.14636645135457851
3,0.6,-0.4125,0.14697885174971026
3,0.6,-0.375,0.14990306018276744
3,0.6,-0.3375,0.15566212194864354
3,0.6,-0.3,0.1649430490942103
3,0.6,-0.2625,0.17865234713061873
3,0.6,-0.225,0.1979941874681822
3,0.6,-0.1875,0.2245838157231069
3,0.6,-0.15,0.2606166362910322
3,0.6,-0.1125,0.3091272933897198
3,0.6,-0.075,0.3743986659339267
3,0.6,-0.0375,0.46263003045861
3,0.6,0.0,0.5830737030245391
3,0.6,0.0375,0.7500650597184468
3,0.6,0.075,0.9868706910711456
3,0.6,0.1125,1.3335481524548682
3,0.6,0.15,1.8646227912672981
3,0.6,0.1875,2.734354577967491
3,0.6,0.225,4.316413566898001
3,0.6,0.2625,7.784353648977632
3,0.6,0.3,19.49726930812429
3,0.6,0.3375,1000.0
3,0.6,0.375,1000.0
3,0.6,0.4125,1000.0
3,0.6,0.45,1000.0
3,0.6,0.4875,1000.0
3,0.6,0.525,1000.0
3,0.6,0.5625,1000.0
3,0.6,0.6,1000.0
3,0.6,0.6375,1000.0
3,0.6,0.675,1000.0
3,0.6,0.7125,1000.0
3,0.6,0.75,1000.0
3,0.6,0.7875,1000.0
3,0.6,0.825,1000.0
3,0.6,0.8625,1000.0
3,0.6,0.9,1000.0
3,0.6,0.9375,1000.0
3,0.6,0.975,1000.0
3,0.6,1.0125,1000.0
3,0.6,1.05,1000.0
3,0.6,1.0875,1000.0
3,0.6,1.125,1000.0
3,0.6,1.1625,1000.0
3,0.6,1.2,1000.0
3,0.6,1.2375,1000.0
3,0.6,1.275,1000.0
3,0.6,1.3125,1000.0
3,0.6,1.35,1000.0
3,0.6,1.3875,1000.0
3,0.6,1.425,1000.0
3,0.6,1.4625,1000.0
3,0.6,1.5,1000.0
3,0.6375,-1.5,0.4089708108854542
3,0.6375,-1.4625,0.39685424605260056
3,0.6375,-1.425,0.38473956661513997
3,0.6375,-1.3875,0.37264741878211355
3,0.6375,-1.35,0.3606099964485529
3,0.6375,-1.3125,0.34866767053507414
3,0.6375,-1.275,0.3368637396221389
3,0.6375,-1.2375,0.32523891578558733
3,0.6375,-1.2,0.3138273764465152
3,0.6375,-1.1625,0.302655534033958
3,0.6375,-1.125,0.2917435051150281
3,0.6375,-1.0875,0.28110827931697935
3,0.6375,-1.05,0.27076721773035745
3,0.6375,-1.0125,0.2607407164986979
3,0.6375,-0.975,0.25105337089933616
3,0.6375,-0.9375,0.2417335216303262
3,0.6375,-0.9,0.2328115533156902
3,0.6375,-0.8625,0.22431771349611626
3,0.6375,-0.825,0.21628046834260187
3,0.6375,-0.7875,0.20872640390897002
3,0.6375,-0.75,0.20168235573988835
3,0.6375,-0.7125,0.19517988878907283
3,0.6375,-0.675,0.18926168829604034
3,0.6375,-0.6375,0.18398911621424127
3,0.6375,-0.6,0.17945025553332689
3,0.6375,-0.5625,0.175768136510848
3,0.6375,-0.525,0.17310933913520538
3,0.6375,-0.4875,0.17169364196108855
3,0.6375,-0.45,0.1718057832679342
3,0.6375,-0.4125,0.1738107594698428
3,0.6375,-0.375,0.17817451474773535
3,0.6375,-0.3375,0.18549251933338917
3,0.6375,-0.3,0.19652977890120266
3,0.6375,-0.2625,0.21227753787709724
3,0.6375,-0.225,0.23403478804962258
3,0.6375,-0.1875,0.2635274780458183
3,0.6375,-0.15,0.3030865456435482
3,0.6375,-0.1125,0.35592048646926105
3,0.6375,-0.075,0.4265450428544303
3,0.6375,-0.0375,0.5214843025890397
3,0.6375,0.0,0.6504622576154915
3,0.6375,0.0375,0.8285294888625256
3,0.6375,0.075,1.0800926252214256
3,0.6375,0.1125,1.4471414551142243
3,0.6375,0.15,2.0077469339655702
3,0.6375,0.1875,2.9234218116802535
3,0.6375,0.225,4.585244819561747
3,0.6375,0.2625,8.22122790133429
3,0.6375,0.3,20.489720075363476
3,0.6375,0.3375,1000.0
3,0.6375,0.375,1000.0
3,0.6375,0.4125,1000.0
3,0.6375,0.45,1000.0
3,0.6375,0.4875,1000.0
3,0.6375,0.525,1000.0
3,0.6375,0.5625,1000.0
3,0.6375,0.6,1000.0
3,0.6375,0.6375,1000.0
3,0.6375,0.675,1000.0
3,0.6375,0.7125,1000.0
3,0.6375,0.75,1000.0
3,0.6375,0.7875,1000.0
3,0.6375,0.825,1000.0
3,0.6375,0.8625,1000.0
3,0.6375,0.9,1000.0
3,0.6375,0.9375,1000.0
3,0.6375,0.975,1000.0
3,0.6375,1.0125,1000.0
3,0.6375,1.05,1000.0
3,0.6375,1.0875,1000.0
3,0.6375,1.125,1000.0
3,0.6375,1.1625,1000.0
3,0.6375,1.2,1000.0
3,0.6375,1.2375,1000.0
3,0.6375,1.275,1000.0
3,0.6375,1.3125,1000.0
3,0.6375,1.35,1000.0
3,0.6375,1.3875,1000.0
3,0.6375,1.425,1000.0
3,0.6375,1.4625,1000.0
3,0.6375,1.5,1000.0
3,0.675,-1.5,0.39376703247757283
3,0.675,-1.4625,0.38252111101436964
3,0.675,-1.425,0.3713798883662046
3,0.675,-1.3875,0.36039226897214377
3,0.675,-1.35,0.34960788642301877
3,0.675,-1.3125,0.33907207219244273
3,0.675,-1.275,0.32882253456616956
3,0.675,-1.2375,0.31888809292391795
3,0.675,-1.2,0.309288841582446
3,0.675,-1.1625,0.30003669707827774
3,0.675,-1.125,0.2911355645765753
3,0.675,-1.0875,0.2825810617588176
3,0.675,-1.05,0.2743604034648089
3,0.675,-1.0125,0.2664533076424693
3,0.675,-0.975,0.2588345177528686
3,0.675,-0.9375,0.25147792690868376
3,0.675,-0.9,0.244361690508013
3,0.675,-0.8625,0.23747343637187177
3,0.675,-0.825,0.23081480957628533
3,0.675,-0.7875,0.22440498190031216
3,0.675,-0.75,0.21828318762165289
3,0.675,-0.7125,0.21251065619148635
3,0.675,-0.675,0.20717245399186301
3,0.675,-0.6375,0.20237976459436446
3,0.675,-0.6,0.19827310175021132
3,0.675,-0.5625,0.19502692386108367
3,0.675,-0.525,0.19285614335510076
3,0.675,-0.4875,0.19202512393025556
3,0.675,-0.45,0.19285995405053297
3,0.675,-0.4125,0.19576510620869655
3,0.675,-0.375,0.2012460896844773
3,0.675,-0.3375,0.20994046923848836
3,0.675,-0.3,0.22266080739215444
3,0.675,-0.2625,0.24045495999129085
3,0.675,-0.225,0.26469218236215414
3,0.675,-0.1875,0.2971885333070432
3,0.675,-0.15,0.34039367611318594
3,0.675,-0.1125,0.39767642848989143
3,0.675,-0.075,0.47377448828455426
3,0.675,-0.0375,0.5755277787248178
3,0.675,0.0,0.7131242944310348
3,0.675,0.0375,0.9023230154605212
3,0.675,0.075,1.1686647881344598
3,0.675,0.1125,1.5560686275171083
3,0.675,0.15,2.1461585316625214
3,0.675,0.1875,3.107747310430222
3,0.675,0.225,4.84953421533396
3,0.675,0.2625,8.655021398061539
3,0.675,0.3,21.488872934072102
3,0.675,0.3375,1000.0
3,0.675,0.375,1000.0
3,0.675,0.4125,1000.0
3,0.675,0.45,1000.0
3,0.675,0.4875,1000.0
3,0.675,0.525,1000.0
3,0.675,0.5625,1000.0
3,0.675,0.6,1000.0
3,0.675,0.6375,1000.0
3,0.675,0.675,1000.0
3,0.675,0.7125,1000.0
3,0.675,0.75,1000.0
3,0.675,0.7875,1000.0
3,0.675,0.825,1000.0
3,0.675,0.8625,1000.0
3,0.675,0.9,1000.0
3,0.675,0.9375,1000.0
3,0.675,0.975,1000.0
3,0.675,1.0125,1000.0
3,0.675,1.05,1000.0
3,0.675,1.0875,1000.0
3,0.675,1.125,1000.0
3,0.675,1.1625,1000.0
3,0.675,1.2,1000.0
3,0.675,1.2375,1000.0
3,0.675,1.275,1000.0
3,0.675,1.3125,1000.0
3,0.675,1.35,1000.0
3,0.675,1.3875,1000.0
3,0.675,1.425,1000.0
3,0.675,1.4625,1000.0
3,0.675,1.5,1000.0
3,0.7125,-1.5,0.3835099168636402
3,0.7125,-1.4625,0.3737804543509938
3,0.7125,-1.425,0.3643526241042408
3,0.7125,-1.3875,0.3552587376598506
3,0.7125,-1.35,0.34651254343647553
3,0.7125,-1.3125,0.33810760794015104
3,0.7125,-1.275,0.3300185717638406
3,0.7125,-1.2375,0.32220492566944214
3,0.7125,-1.2,0.3146166237746819
3,0.7125,-1.1625,0.3072005726408807
3,0.7125,-1.125,0.2999069176334056
3,0.7125,-1.0875,0.292694209192084
3,0.7125,-1.05,0.28553293764317444
3,0.7125,-1.0125,0.2784074012204552
3,0.7125,-0.975,0.2713162366080525
3,0.7125,-0.9375,0.26427211181334465
3,0.7125,-0.9,0.25730108053542566
3,0.7125,-0.8625,0.2504419998918988
3,0.7125,-0.825,0.2437462914714076
3,0.7125,-0.7875,0.2372782240512798
3,0.7125,-0.75,0.23111583266016975
3,0.7125,-0.7125,0.22535256384379418
3,0.7125,-0.675,0.2200997453200454
3,0.7125,-0.6375,0.21549001403332965
3,0.7125,-0.6,0.2116818975297763
3,0.7125,-0.5625,0.208865831754097
3,0.7125,-0.525,0.20727202142060683
3,0.7125,-0.4875,0.20718072139373214
3,0.7125,-0.45,0.20893576275199877
3,0.7125,-0.4125,0.21296250334437192
3,0.7125,-0.375,0.2197919104740484
3,0.7125,-0.3375,0.2300932817907529
3,0.7125,-0.3,0.24471934395482503
3,0.7125,-0.2625,0.2647694171480007
3,0.7125,-0.225,0.29167948694689383
3,0.7125,-0.1875,0.3273532667446996
3,0.7125,-0.15,0.37435731067628586
3,0.7125,-0.1125,0.4362191373709226
3,0.7125,-0.075,0.5178965921001828
3,0.7125,-0.0375,0.6265429848995954
3,0.7125,0.0,0.7728066246988575
3,0.7125,0.0375,0.9731490641422001
3,0.7125,0.075,1.2542359380421118
3,0.7125,0.1125,1.6618999809469304
3,0.7125,0.15,2.2812926296086813
3,0.7125,0.1875,3.2884866081511883
3,0.7125,0.225,5.109760805225117
3,0.7125,0.2625,9.084299524826678
3,0.7125,0.3,22.487155372389235
3,0.7125,0.3375,1000.0
3,0.7125,0.375,1000.0
3,0.7125,0.4125,1000.0
3,0.7125,0.45,1000.0
3,0.7125,0.4875,1000.0
3,0.7125,0.525,1000.0
3,0.7125,0.5625,1000.0
3,0.7125,0.6,1000.0
3,0.7125,0.6375,1000.0
3,0.7125,0.675,1000.0
3,0.7125,0.7125,1000.0
3,0.7125,0.75,1000.0
3,0.7125,0.7875,1000.0
3,0.7125,0.825,1000.0
3,0.7125,0.8625,1000.0
3,0.7125,0.9,1000.0
3,0.7125,0.9375,1000.0
3,0.7125,0.975,1000.0
3,0.7125,1.0125,1000.0
3,0.7125,1.05,1000.0
3,0.7125,1.0875,1000.0
3,0.7125,1.125,1000.0
3,0.7125,1.1625,1000.0
3,0.7125,1.2,1000.0
3,0.7125,1.2375,1000.0
3,0.7125,1.275,1000.0
3,0.7125,1.3125,1000.0
3,0.7125,1.35,1000.0
3,0.7125,1.3875,1000.0
3,0.7125,1.425,1000.0
3,0.7125,1.4625,1000.0
3,0.7125,1.5,1000.0
3,0.75,-1.5,0.38245789805646224
3,0.75,-1.4625,0.3747527653450886
3,0.75,-1.425,0.36725221263502944
3,0.75,-1.3875,0.35990343171583805
3,0.75,-1.35,0.3526518302207252
3,0.75,-1.3125,0.3454474403705145
3,0.75,-1.275,0.33824927370790403
3,0.75,-1.2375,0.33102752225511695
3,0.75,-1.2,0.3237640373801633
3,0.75,-1.1625,0.31645170930756483
3,0.75,-1.125,0.3090933254296497
3,0.75,-1.0875,0.30170033514089845
3,0.75,-1.05,0.29429178688724883
3,0.75,-1.0125,0.2868935751530331
3,0.75,-0.975,0.2795380522397803
3,0.75,-0.9375,0.2722640158180385
3,0.75,-0.9,0.2651170672613955
3,0.75,-0.8625,0.2581503376556027
3,0.75,-0.825,0.25142559110110824
3,0.75,-0.7875,0.24501473453821299
3,0.75,-0.75,0.23900178831711877
3,0.75,-0.7125,0.23348540246263147
3,0.75,-0.675,0.22858204190015155
3,0.75,-0.6375,0.2244300131274942
3,0.75,-0.6,0.2211945699884086
3,0.75,-0.5625,0.21907442479036335
3,0.75,-0.525,0.21831011407187093
3,0.75,-0.4875,0.21919484250129345
3,0.75,-0.45,0.22208867915913041
3,0.75,-0.4125,0.2274373475826368
3,0.75,-0.375,0.23579739772561045
3,0.75,-0.3375,0.2478703772688418
3,0.75,-0.3,0.2645499024801703
3,0.75,-0.2625,0.28698755629735867
3,0.75,-0.225,0.31668682312871654
3,0.75,-0.1875,0.3556397249657184
3,0.75,-0.15,0.4065301650812599
3,0.75,-0.1125,0.4730445309059456
3,0.75,-0.075,0.5603605596268942
3,0.75,-0.0375,0.6759440558997123
3,0.75,0.0,0.8309017405336139
3,0.75,0.0375,1.0423941269969532
3,0.75,0.075,1.3382049263586788
3,0.75,0.1125,1.7660678244842098
3,0.75,0.15,2.4146361168864354
3,0.75,0.1875,3.467187337315696
3,0.75,0.225,5.367451479246342
3,0.75,0.2625,9.509998250653545
3,0.75,0.3,23.48085299569093
3,0.75,0.3375,1000.0
3,0.75,0.375,1000.0
3,0.75,0.4125,1000.0
3,0.75,0.45,1000.0
3,0.75,0.4875,1000.0
3,0.75,0.525,1000.0
3,0.75,0.5625,1000.0
3,0.75,0.6,1000.0
3,0.75,0.6375,1000.0
3,0.75,0.675,1000.0
3,0.75,0.7125,1000.0
3,0.75,0.75,1000.0
3,0.75,0.7875,1000.0
3,0.75,0.825,1000.0
3,0.75,0.8625,1000.0
3,0.75,0.9,1000.0
3,0.75,0.9375,1000.0
3,0.75,0.975,1000.0
3,0.75,1.0125,1000.0
3,0.75,1.05,1000.0
3,0.75,1.0875,1000.0
3,0.75,1.125,1000.0
3,0.75,1.1625,1000.0
3,0.75,1.2,1000.0
3,0.75,1.2375,1000.0
3,0.75,1.275,1000.0
3,0.75,1.3125,1000.0
3,0.75,1.35,1000.0
3,0.75,1.3875,1000.0
3,0.75,1.425,1000.0
3,0.75,1.4625,1000.0
3,0.75,1.5,1000.0
3,0.7875,-1.5,0.38769379868376447
3,0.7875,-1.4625,0.3804830735701729
3,0.7875,-1.425,0.3732362329869511
3,0.7875,-1.3875,0.36593792730288127
3,0.7875,-1.35,0.35857903833563404
3,0.7875,-1.3125,0.3511564192585028
3,0.7875,-1.275,0.3436723699094145
3,0.7875,-1.2375,0.336134043083823
3,0.7875,-1.2,0.32855291388064456
3,0.7875,-1.1625,0.3209443872552237
3,0.7875,-1.125,0.31332757838763015
3,0.7875,-1.0875,0.3057252765730448
3,0.7875,-1.05,0.298164092473123
3,0.7875,-1.0125,0.29067478656591234
3,0.7875,-0.975,0.28329278018400716
3,0.7875,-0.9375,0.27605885749553194
3,0.7875,-0.9,0.2690200760543022
3,0.7875,-0.8625,0.26223091480903066
3,0.7875,-0.825,0.2557547019934446
3,0.7875,-0.7875,0.24966538187943169
3,0.7875,-0.75,0.24404970019566533
3,0.7875,-0.7125,0.23900991488365436
3,0.7875,-0.675,0.23466717432080147
3,0.7875,-0.6375,0.23116575280236415
3,0.7875,-0.6,0.22867839815840557
3,0.7875,-0.5625,0.22741313652727413
3,0.7875,-0.525,0.22762200587603065
3,0.7875,-0.4875,0.22961237002074028
3,0.7875,-0.45,0.23376172503636483
3,0.7875,-0.4125,0.2405372913044549
3,0.7875,-0.375,0.250522252741254
3,0.7875,-0.3375,0.264451366824071
3,0.7875,-0.3,0.2832600025069716
3,0.7875,-0.2625,0.30815277053919965
3,0.7875,-0.225,0.3407013214938752
3,0.7875,-0.1875,0.38298655552466176
3,0.7875,-0.15,0.4378101940821994
3,0.7875,-0.1125,0.5090178527427361
3,0.7875,-0.075,0.6020073875945253
3,0.7875,-0.0375,0.7245571413037664
3,0.7875,0.0,0.8882319920403501
3,0.7875,0.0375,1.1108906003563561
3,0.7875,0.075,1.4214327544229888
3,0.7875,0.1125,1.8694883048124913
3,0.7875,0.15,2.547200370046979
3,0.7875,0.1875,3.645018135569309
3,0.7875,0.225,5.624018508147502
3,0.7875,0.2625,9.933764546612013
3,0.7875,0.3,24.469652050700937
3,0.7875,0.3375,1000.0
3,0.7875,0.375,1000.0
3,0.7875,0.4125,1000.0
3,0.7875,0.45,1000.0
3,0.7875,0.4875,1000.0
3,0.7875,0.525,1000.0
3,0.7875,0.5625,1000.0
3,0.7875,0.6,1000.0
3,0.7875,0.6375,1000.0
3,0.7875,0.675,1000.0
3,0.7875,0.7125,1000.0
3,0.7875,0.75,1000.0
3,0.7875,0.7875,1000.0
3,0.7875,0.825,1000.0
3,0.7875,0.8625,1000.0
3,0.7875,0.9,1000.0
3,0.7875,0.9375,1000.0
3,0.7875,0.975,1000.0
3,0.7875,1.0125,1000.0
3,0.7875,1.05,1000.0
3,0.7875,1.0875,1000.0
3,0.7875,1.125,1000.0
3,0.7875,1.1625,1000.0
3,0.7875,1.2,1000.0
3,0.7875,1.2375,1000.0
3,0.7875,1.275,1000.0
3,0.7875,1.3125,1000.0
3,0.7875,1.35,1000.0
3,0.7875,1.3875,1000.0
3,0.7875,1.425,1000.0
3,0.7875,1.4625,1000.0
3,0.7875,1.5,1000.0
3,0.825,-1.5,0.3900723624734551
3,0.825,-1.4625,0.38262989595832636
3,0.825,-1.425,0.37513870645049097
3,0.825,-1.3875,0.36760000696940626
3,0.825,-1.35,0.3600178572533328
3,0.825,-1.3125,0.35239908059411285
3,0.825,-1.275,0.3447531640906517
3,0.825,-1.2375,0.3370921981596227
3,0.825,-1.2,0.32943088731211784
3,0.825,-1.1625,0.3217866491680167
3,0.825,-1.125,0.31417981087270597
3,0.825,-1.0875,0.3066339094346004
3,0.825,-1.05,0.29917610329377264
3,0.825,-1.0125,0.291837705506058
3,0.825,-0.975,0.2846548536528522
3,0.825,-0.9375,0.2776693377497245
3,0.825,-0.9,0.2709296151319351
3,0.825,-0.8625,0.2644920509121301
3,0.825,-0.825,0.2584224347612869
3,0.825,-0.7875,0.252797840378275
3,0.825,-0.75,0.24770891438636805
3,0.825,-0.7125,0.24326270835513636
3,0.825,-0.675,0.23958620378236545
3,0.825,-0.6375,0.23683072888943282
3,0.825,-0.6,0.23517753335896494
3,0.825,-0.5625,0.23484488057252534
3,0.825,-0.525,0.2360971482581084
3,0.825,-0.4875,0.23925661553797592
3,0.825,-0.45,0.24471888454786256
3,0.825,-0.4125,0.2529732808831876
3,0.825,-0.375,0.26463016731401057
3,0.825,-0.3375,0.2804580003755039
3,0.825,-0.3,0.30143434389146423
3,0.825,-0.2625,0.328817241143344
3,0.825,-0.225,0.3642468875212456
3,0.825,-0.1875,0.40989342832195313
3,0.825,-0.15,0.468676777879344
3,0.825,-0.1125,0.5446021899350705
3,0.825,-0.075,0.6432881256281672
3,0.825,-0.0375,0.7728260895848874
3,0.825,0.0,0.9452399719966598
3,0.825,0.0375,1.179087799340459
3,0.825,0.075,1.5043871799137287
3,0.825,0.1125,1.9726664426495875
3,0.825,0.15,2.679560611446767
3,0.825,0.1875,3.8226870765391348
3,0.825,0.225,5.880430883092037
3,0.825,0.2625,10.357082251999014
3,0.825,0.3,25.45515308494455
3,0.825,0.3375,1000.0
3,0.825,0.375,1000.0
3,0.825,0.4125,1000.0
3,0.825,0.45,1000.0
3,0.825,0.4875,1000.0
3,0.825,0.525,1000.0
3,0.825,0.5625,1000.0
3,0.825,0.6,1000.0
3,0.825,0.6375,1000.0
3,0.825,0.675,1000.0
3,0.825,0.7125,1000.0
3,0.825,0.75,1000.0
3,0.825,0.7875,1000.0
3,0.825,0.825,1000.0
3,0.825,0.8625,1000.0
3,0.825,0.9,1000.0
3,0.825,0.9375,1000.0
3,0.825,0.975,1000.0
3,0.825,1.0125,1000.0
3,0.825,1.05,1000.0
3,0.825,1.0875,1000.0
3,0.825,1.125,1000.0
3,0.825,1.1625,1000.0
3,0.825,1.2,1000.0
3,0.825,1.2375,1000.0
3,0.825,1.275,1000.0
3,0.825,1.3125,1000.0
3,0.825,1.35,1000.0
3,0.825,1.3875,1000.0
3,0.825,1.425,1000.0
3,0.825,1.4625,1000.0
3,0.825,1.5,1000.0
3,0.8625,-1.5,0.38885649163259123
3,0.8625,-1.4625,0.3813458640598067
3,0.8625,-1.425,0.3738042785953857
3,0.8625,-1.3875,0.366236477316943
3,0.8625,-1.35,0.35864935232331946
3,0.8625,-1.3125,0.35105191153478993
3,0.8625,-1.275,0.34345529559269933
3,0.8625,-1.2375,0.3358728580098227
3,0.8625,-1.2,0.32832031512824694
3,0.8625,-1.1625,0.3208159705765092
3,0.8625,-1.125,0.3133810194120601
3,0.8625,-1.0875,0.3060399391361314
3,0.8625,-1.05,0.2988209778245214
3,0.8625,-1.0125,0.2917567535664128
3,0.8625,-0.975,0.28488498428712317
3,0.8625,-0.9375,0.2782493730524764
3,0.8625,-0.9,0.27190068146044954
3,0.8625,-0.8625,0.2658980332261304
3,0.8625,-0.825,0.26031050226315433
3,0.8625,-0.7875,0.2552190554306168
3,0.8625,-0.75,0.25071894099733866
3,0.8625,-0.7125,0.24692264166388328
3,0.8625,-0.675,0.24396354835198927
3,0.8625,-0.6375,0.24200056175578305
3,0.8625,-0.6,0.24122389841459077
3,0.8625,-0.5625,0.24186247499692506
3,0.8625,-0.525,0.24419338077985492
3,0.8625,-0.4875,0.24855414242766358
3,0.8625,-0.45,0.2553587654961172
3,0.8625,-0.4125,0.2651189479904906
3,0.8625,-0.375,0.2784724734838358
3,0.8625,-0.3375,0.29622171968850575
3,0.8625,-0.3,0.3193866539973824
3,0.8625,-0.2625,0.3492789557104421
3,0.8625,-0.225,0.387607574636212
3,0.8625,-0.1875,0.4366321335995066
3,0.8625,-0.15,0.4993910207910037
3,0.8625,-0.1125,0.5800494992668843
3,0.8625,-0.075,0.6844471658207862
3,0.8625,-0.0375,0.8209894959486664
3,0.8625,0.0,1.0021606886815921
3,0.8625,0.0375,1.2472203006515257
3,0.8625,0.075,1.5873074949865227
3,0.8625,0.1125,2.075855701679699
3,0.8625,0.15,2.8120037601811423
3,0.8625,0.1875,4.000557997979225
3,0.8625,0.225,6.137238552869732
3,0.8625,0.2625,10.780995593118632
3,0.8625,0.3,26.439571478892553
3,0.8625,0.3375,1000.0
3,0.8625,0.375,1000.0
3,0.8625,0.4125,1000.0
3,0.8625,0.45,1000.0
3,0.8625,0.4875,1000.0
3,0.8625,0.525,1000.0
3,0.8625,0.5625,1000.0
3,0.8625,0.6,1000.0
3,0.8625,0.6375,1000.0
3,0.8625,0.675,1000.0
3,0.8625,0.7125,1000.0
3,0.8625,0.75,1000.0
3,0.8625,0.7875,1000.0
3,0.8625,0.825,1000.0
3,0.8625,0.8625,1000.0
3,0.8625,0.9,1000.0
3,0.8625,0.9375,1000.0
3,0.8625,0.975,1000.0
3,0.8625,1.0125,1000.0
3,0.8625,1.05,1000.0
3,0.8625,1.0875,1000.0
3,0.8625,1.125,1000.0
3,0.8625,1.1625,1000.0
3,0.8625,1.2,1000.0
3,0.8625,1.2375,1000.0
3,0.8625,1.275,1000.0
3,0.8625,1.3125,1000.0
3,0.8625,1.35,1000.0
3,0.8625,1.3875,1000.0
3,0.8625,1.425,1000.0
3,0.8625,1.4625,1000.0
3,0.8625,1.5,1000.0
3,0.9,-1.5,0.3857992907811975
3,0.9,-1.4625,0.37835867890051755
3,0.9,-1.425,0.3709003157819328
3,0.9,-1.3875,0.36343121325252753
3,0.9,-1.35,0.3559601300488775
3,0.9,-1.3125,0.3484976307000333
3,0.9,-1.275,0.3410561979947358
3,0.9,-1.2375,0.33365040152754066
3,0.9,-1.2,0.3262971253948548
3,0.9,-1.1625,0.31901585964685014
3,0.9,-1.125,0.31182906227437424
3,0.9,-1.0875,0.3047626012063157
3,0.9,-1.05,0.297846289035471
3,0.9,-1.0125,0.2911145271025697
3,0.9,-0.975,0.2846070803558843
3,0.9,-0.9375,0.27837001036213155
3,0.9,-0.9,0.27245680137263695
3,0.9,-0.8625,0.2669297239861116
3,0.9,-0.825,0.2618614934276655
3,0.9,-0.7875,0.2573372957866032
3,0.9,-0.75,0.25345727711485205
3,0.9,-0.7125,0.25033961903498947
3,0.9,-0.675,0.24812436320864972
3,0.9,-0.6375,0.24697819964169668
3,0.9,-0.6,0.2471005061147773
3,0.9,-0.5625,0.2487310265021583
3,0.9,-0.525,0.2521597170148106
3,0.9,-0.4875,0.25773949059524515
3,0.9,-0.45,0.2659028801916542
3,0.9,-0.4125,0.2771840674039085
3,0.9,-0.375,0.29224835723213344
3,0.9,-0.3375,0.31193214137422864
3,0.9,-0.3,0.3372978794944832
3,0.9,-0.2625,0.3697109769377536
3,0.9,-0.225,0.4109492377315978
3,0.9,-0.1875,0.4633618855537849
3,0.9,-0.15,0.5301059524387056
3,0.9,-0.1125,0.6155069674441822
3,0.9,-0.075,0.725626077539876
3,0.9,-0.0375,0.8691834313469745
3,0.9,0.0,1.059124771247133
3,0.9,0.0375,1.3154134271866187
3,0.9,0.075,1.670314334086748
3,0.9,0.1125,2.179174255968836
3,0.9,0.15,2.9446526139765825
3,0.9,0.1875,4.178780266515396
3,0.9,0.225,6.394688811569401
3,0.9,0.2625,11.206112077541558
3,0.9,0.3,27.42498260664461
3,0.9,0.3375,1000.0
3,0.9,0.375,1000.0
3,0.9,0.4125,1000.0
3,0.9,0.45,1000.0
3,0.9,0.4875,1000.0
3,0.9,0.525,1000.0
3,0.9,0.5625,1000.0
3,0.9,0.6,1000.0
3,0.9,0.6375,1000.0
3,0.9,0.675,1000.0
3,0.9,0.7125,1000.0
3,0.9,0.75,1000.0
3,0.9,0.7875,1000.0
3,0.9,0.825,1000.0
3,0.9,0.8625,1000.0
3,0.9,0.9,1000.0
3,0.9,0.9375,1000.0
3,0.9,0.975,1000.0
3,0.9,1.0125,1000.0
3,0.9,1.05,1000.0
3,0.9,1.0875,1000.0
3,0.9,1.125,1000.0
3,0.9,1.1625,1000.0
3,0.9,1.2,1000.0
3,0.9,1.2375,1000.0
3,0.9,1.275,1000.0
3,0.9,1.3125,1000.0
3,0.9,1.35,1000.0
3,0.9,1.3875,1000.0
3,0.9,1.425,1000.0
3,0.9,1.4625,1000.0
3,0.9,1.5,1000.0
3,0.9375,-1.5,0.3819218393147607
3,0.9375,-1.4625,0.3746140416316734
3,0.9375,-1.425,0.36730001451573696
3,0.9375,-1.3875,0.35998837286621144
3,0.9375,-1.35,0.35268927311193426
3,0.9375,-1.3125,0.34541454712182373
3,0.9375,-1.275,0.3381778791416715
3,0.9375,-1.2375,0.33099502919916635
3,0.9375,-1.2,0.32388410780515087
3,0.9375,-1.1625,0.316865908561818
3,0.9375,-1.125,0.3099643074394944
3,0.9375,-1.0875,0.3032067400560254
3,0.9375,-1.05,0.29662477140182697
3,0.9375,-1.0125,0.2902547762707415
3,0.9375,-0.975,0.2841387534145754
3,0.9375,-0.9375,0.2783253024468204
3,0.9375,-0.9,0.27287080019038856
3,0.9375,-0.8625,0.26784082304888895
3,0.9375,-0.825,0.26331187483375595
3,0.9375,-0.7875,0.25937349633488305
3,0.9375,-0.75,0.25613085521713586
3,0.9375,-0.7125,0.25370794457600954
3,0.9375,-0.675,0.25225155855423675
3,0.9375,-0.6375,0.25193626791337465
3,0.9375,-0.6,0.25297069333285127
3,0.9375,-0.5625,0.25560547824320223
3,0.9375,-0.525,0.2601435092650627
3,0.9375,-0.4875,0.2669531406026563
3,0.9375,-0.45,0.27648547943558843
3,0.9375,-0.4125,0.28929723000705493
3,0.9375,-0.375,0.3060812504477558
3,0.9375,-0.3375,0.3277079714948282
3,0.9375,-0.3,0.3552823647276927
3,0.9375,-0.2625,0.3902235780928547
3,0.9375,-0.225,0.4343782877042955
3,0.9375,-0.1875,0.4901853455873982
3,0.9375,-0.15,0.5609204804653927
3,0.9375,-0.1125,0.651069595456137
3,0.9375,-0.075,0.7669156083179984
3,0.9375,-0.0375,0.9174937860414943
3,0.9375,0.0,1.1162123088458975
3,0.9375,0.0375,1.3837400888942244
3,0.9375,0.075,1.7534715604963587
3,0.9375,0.1125,2.2826747506620926
3,0.9375,0.15,3.077547314612631
3,0.9375,0.1875,4.357386370187685
3,0.9375,0.225,6.652840600412002
3,0.9375,0.2625,11.632698818516829
3,0.9375,0.3,28.41300336245867
3,0.9375,0.3375,1000.0
3,0.9375,0.375,1000.0
3,0.9375,0.4125,1000.0
3,0.9375,0.45,1000.0
3,0.9375,0.4875,1000.0
3,0.9375,0.525,1000.0
3,0.9375,0.5625,1000.0
3,0.9375,0.6,1000.0
3,0.9375,0.6375,1000.0
3,0.9375,0.675,1000.0
3,0.9375,0.7125,1000.0
3,0.9375,0.75,1000.0
3,0.9375,0.7875,1000.0
3,0.9375,0.825,1000.0
3,0.9375,0.8625,1000.0
3,0.9375,0.9,1000.0
3,0.9375,0.9375,1000.0
3,0.9375,0.975,1000.0
3,0.9375,1.0125,1000.0
3,0.9375,1.05,1000.0
3,0.9375,1.0875,1000.0
3,0.9375,1.125,1000.0
3,0.9375,1.1625,1000.0
3,0.9375,1.2,1000.0
3,0.9375,1.2375,1000.0
3,0.9375,1.275,1000.0
3,0.9375,1.3125,1000.0
3,0.9375,1.35,1000.0
3,0.9375,1.3875,1000.0
3,0.9375,1.425,1000.0
3,0.9375,1.4625,1000.0
3,0.9375,1.5,1000.0
3,0.975,-1.5,0.3777077456971899
3,0.975,-1.4625,0.3705625125906155
3,0.975,-1.425,0.36342228776064084
3,0.975,-1.3875,0.356296837246896
3,0.975,-1.35,0.349197408381282
3,0.975,-1.3125,0.34213690710057
3,0.975,-1.275,0.3351301118260972
3,0.975,-1.2375,0.32819392905541217
3,0.975,-1.2,0.3213476970713166
3,0.975,-1.1625,0.3146135457982647
3,0.975,-1.125,0.30801682284537013
3,0.975,-1.0875,0.30158659824644246
3,0.975,-1.05,0.29535626346672333
3,0.975,-1.0125,0.2893642440701157
3,0.975,-0.975,0.2836548502666846
3,0.975,-0.9375,0.27827929570327276
3,0.975,-0.9,0.27329692274168815
3,0.975,-0.8625,0.2687766826579007
3,0.975,-0.825,0.26479893246728964
3,0.975,-0.7875,0.26145762750262497
3,0.975,-0.75,0.25886301192698924
3,0.975,-0.7125,0.2571449401372306
3,0.975,-0.675,0.2564570034622433
3,0.975,-0.6375,0.2569816929285663
3,0.975,-0.6,0.2589369063167517
3,0.975,-0.5625,0.26258421533010623
3,0.975,-0.525,0.2682394599566106
3,0.975,-0.4875,0.2762864524698198
3,0.975,-0.45,0.2871948844082252
3,0.975,-0.4125,0.30154398542398086
3,0.975,-0.375,0.3200541613536349
3,0.975,-0.3375,0.3436298674254969
3,0.975,-0.3,0.3734185625453606
3,0.975,-0.2625,0.41089310200756124
3,0.975,-0.225,0.4579689883555587
3,0.975,-0.1875,0.5171746482800444
3,0.975,-0.15,0.5919044525035835
3,0.975,-0.1125,0.6868046393754785
3,0.975,-0.075,0.8083799121107726
3,0.975,-0.0375,0.9659808060859503
3,0.975,0.0,1.1734784028663297
3,0.975,0.0375,1.4522483689654175
3,0.975,0.075,1.8368174260723034
3,0.975,0.1125,2.3863814581284983
3,0.975,0.15,3.21069241066311
3,0.975,0.1875,4.536355128525562
3,0.975,0.225,6.911652372379522
3,0.975,0.2625,12.06079330105639
3,0.975,0.3,29.40472181168624
3,0.975,0.3375,1000.0
3,0.975,0.375,1000.0
3,0.975,0.4125,1000.0
3,0.975,0.45,1000.0
3,0.975,0.4875,1000.0
3,0.975,0.525,1000.0
3,0.975,0.5625,1000.0
3,0.975,0.6,1000.0
3,0.975,0.6375,1000.0
3,0.975,0.675,1000.0
3,0.975,0.7125,1000.0
3,0.975,0.75,1000.0
3,0.975,0.7875,1000.0
3,0.975,0.825,1000.0
3,0.975,0.8625,1000.0
3,0.975,0.9,1000.0
3,0.975,0.9375,1000.0
3,0.975,0.975,1000.0
3,0.975,1.0125,1000.0
3,0.975,1.05,1000.0
3,0.975,1.0875,1000.0
3,0.975,1.125,1000.0
3,0.975,1.1625,1000.0
3,0.975,1.2,1000.0
3,0.975,1.2375,1000.0
3,0.975,1.275,1000.0
3,0.975,1.3125,1000.0
3,0.975,1.35,1000.0
3,0.975,1.3875,1000.0
3,0.975,1.425,1000.0
3,0.975,1.4625,1000.0
3,0.975,1.5,1000.0
3,1.0125,-1.5,0.37339917645089504
3,1.0125,-1.4625,0.3664326773008078
3,1.0125,-1.425,0.3594823412327334
3,1.0125,-1.3875,0.352558854284026
3,1.0125,-1.35,0.3456744002198287
3,1.0125,-1.3125,0.3388428620639045
3,1.0125,-1.275,0.3320800578565799
3,1.0125,-1.2375,0.3254040168061471
3,1.0125,-1.2,0.3188353031516098
3,1.0125,-1.1625,0.3123973965981166
3,1.0125,-1.125,0.3061171401500858
3,1.0125,-1.0875,0.3000252686311182
3,1.0125,-1.05,0.29415703427244944
3,1.0125,-1.0125,0.2885529496523544
3,1.0125,-0.975,0.2832596732191412
3,1.0125,-0.9375,0.2783310689528646
3,1.0125,-0.9,0.2738294798487882
3,1.0125,-0.8625,0.2698272654246252
3,1.0125,-0.825,0.26640866716331807
3,1.0125,-0.7875,0.2636720838050969
3,1.0125,-0.75,0.26173286222886094
3,1.0125,-0.7125,0.2607267414654177
3,1.0125,-0.675,0.2608141302178375
3,1.0125,-0.6375,0.26218545650988295
3,1.0125,-0.6,0.26506790810629804
3,1.0125,-0.5625,0.2697339935082228
3,1.0125,-0.525,0.27651250957613305
3,1.0125,-0.4875,0.2858027242794477
3,1.0125,-0.45,0.2980929041570122
3,1.0125,-0.4125,0.31398478651405776
3,1.0125,-0.375,0.33422629695935663
3,1.0125,-0.3375,0.3597558748951663
3,1.0125,-0.3,0.3917634111915398
3,1.0125,-0.2625,0.43177539501476403
3,1.0125,-0.225,0.48177606050695837
3,1.0125,-0.1875,0.5443832900835238
3,1.0125,-0.15,0.6231099527397767
3,1.0125,-0.1125,0.7227624585934498
3,1.0125,-0.075,0.8500671321195922
3,1.0125,-0.0375,1.0146896637969776
3,1.0125,0.0,1.2309641019099904
3,1.0125,0.0375,1.5209734200494986
3,1.0125,0.075,1.9203784234440164
3,1.0125,0.1125,2.490307820536703
3,1.0125,0.15,3.3440812368997634
3,1.0125,0.1875,4.715648779249912
3,1.0125,0.225,7.171042613636264
3,1.0125,0.2625,12.490301073645611
3,1.0125,0.3,30.40074275445735
3,1.0125,0.3375,1000.0
3,1.0125,0.375,1000.0
3,1.0125,0.4125,1000.0
3,1.0125,0.45,1000.0
3,1.0125,0.4875,1000.0
3,1.0125,0.525,1000.0
3,1.0125,0.5625,1000.0
3,1.0125,0.6,1000.0
3,1.0125,0.6375,1000.0
3,1.0125,0.675,1000.0
3,1.0125,0.7125,1000.0
3,1.0125,0.75,1000.0
3,1.0125,0.7875,1000.0
3,1.0125,0.825,1000.0
3,1.0125,0.8625,1000.0
3,1.0125,0.9,1000.0
3,1.0125,0.9375,1000.0
3,1.0125,0.975,1000.0
3,1.0125,1.0125,1000.0
3,1.0125,1.05,1000.0
3,1.0125,1.0875,1000.0
3,1.0125,1.125,1000.0
3,1.0125,1.1625,1000.0
3,1.0125,1.2,1000.0
3,1.0125,1.2375,1000.0
3,1.0125,1.275,1000.0
3,1.0125,1.3125,1000.0
3,1.0125,1.35,1000.0
3,1.0125,1.3875,1000.0
3,1.0125,1.425,1000.0
3,1.0125,1.4625,1000.0
3,1.0125,1.5,1000.0
3,1.05,-1.5,0.36912931513315206
3,1.05,-1.4625,0.3623514825369704
3,1.05,-1.425,0.35560087867795886
3,1.05,-1.3875,0.34888900975699916
3,1.05,-1.35,0.3422289311037217
3,1.05,-1.3125,0.33563546384790666
3,1.05,-1.275,0.32912544562726825
3,1.05,-1.2375,0.3227180220478704
3,1.05,-1.2,0.316434986744302
3,1.05,-1.1625,0.31030117942795027
3,1.05,-1.125,0.30434495329592365
3,1.05,-1.0875,0.2985987256837993
3,1.05,-1.05,0.29309962901389075
3,1.05,-1.0125,0.2878902831008756
3,1.05,-0.975,0.2830197149763403
3,1.05,-0.9375,0.2785444589148441
3,1.05,-0.9,0.27452987773246545
3,1.05,-0.8625,0.27105175728825326
3,1.05,-0.825,0.26819824027413997
3,1.05,-0.7875,0.26607218396608434
3,1.05,-0.75,0.26479405120903765
3,1.05,-0.7125,0.26450547674087005
3,1.05,-0.675,0.265373695176372
3,1.05,-0.6375,0.26759707709311586
3,1.05,-0.6,0.27141210225135176
3,1.05,-0.5625,0.2771022136945345
3,1.05,-0.525,0.2850091577074329
3,1.05,-0.4875,0.2955476441259818
3,1.05,-0.45,0.3092244927553353
3,1.05,-0.4125,0.3266639169672981
3,1.05,-0.375,0.3486413182247272
3,1.05,-0.3375,0.3761290607205359
3,1.05,-0.3,0.4103593885251029
3,1.05,-0.2625,0.4529123217336392
3,1.05,-0.225,0.5058406932850597
3,1.05,-0.1875,0.5718516723774816
3,1.05,-0.15,0.6545764152681679
3,1.05,-0.1125,0.7589812477149567
3,1.05,-0.075,0.8920138202126487
3,1.05,-0.0375,1.0636546737976422
3,1.05,0.0,1.2887005987472684
3,1.05,0.0375,1.5899419673610005
3,1.05,0.075,2.0041746898565993
3,1.05,0.1125,2.5944638814628824
3,1.05,0.15,3.477707602101227
3,1.05,0.1875,4.895233544757167
3,1.05,0.225,7.430929233235368
3,1.05,0.2625,12.92107344505533
3,1.05,0.3,31.401277221756594
3,1.05,0.3375,1000.0
3,1.05,0.375,1000.0
3,1.05,0.4125,1000.0
3,1.05,0.45,1000.0
3,1.05,0.4875,1000.0
3,1.05,0.525,1000.0
3,1.05,0.5625,1000.0
3,1.05,0.6,1000.0
3,1.05,0.6375,1000.0
3,1.05,0.675,1000.0
3,1.05,0.7125,1000.0
3,1.05,0.75,1000.0
3,1.05,0.7875,1000.0
3,1.05,0.825,1000.0
3,1.05,0.8625,1000.0
3,1.05,0.9,1000.0
3,1.05,0.9375,1000.0
3,1.05,0.975,1000.0
3,1.05,1.0125,1000.0
3,1.05,1.05,1000.0
3,1.05,1.0875,1000.0
3,1.05,1.125,1000.0
3,1.05,1.1625,1000.0
3,1.05,1.2,1000.0
3,1.05,1.2375,1000.0
3,1.05,1.275,1000.0
3,1.05,1.3125,1000.0
3,1.05,1.35,1000.0
3,1.05,1.3875,1000.0
3,1.05,1.425,1000.0
3,1.05,1.4625,1000.0
3,1.05,1.5,1000.0
3,1.0875,-1.5,0.3649775128723931
3,1.0875,-1.4625,0.35839503541623435
3,1.0875,-1.425,0.35185076748996136
3,1.0875,-1.3875,0.34535699850269397
3,1.0875,-1.35,0.33892763324204767
3,1.0875,-1.3125,0.3325784197834393
3,1.0875,-1.275,0.3263272121875338
3,1.0875,-1.2375,0.32019427503149034
3,1.0875,-1.2,0.3142026379782469
3,1.0875,-1.1625,0.3083785101658435
3,1.0875,-1.125,0.30275176623409644
3,1.0875,-1.0875,0.29735651838680943
3,1.0875,-1.05,0.2922317921501569
3,1.0875,-1.0125,0.2874223276212259
3,1.0875,-0.975,0.28297953326005887
3,1.0875,-0.9375,0.2789626260055793
3,1.0875,-0.9,0.275440000149861
3,1.0875,-0.8625,0.27249087860856724
3,1.0875,-0.825,0.2702073148279839
3,1.0875,-0.7875,0.2686966327421853
3,1.0875,-0.75,0.26808441756677975
3,1.0875,-0.7125,0.2685182040765856
3,1.0875,-0.675,0.2701720546108773
3,1.0875,-0.6375,0.273252281041111
3,1.0875,-0.6,0.27800465008795294
3,1.0875,-0.5625,0.2847235296357933
3,1.0875,-0.525,0.29376359989421413
3,1.0875,-0.4875,0.30555498983050033
3,1.0875,-0.45,0.3206230407209372
3,1.0875,-0.4125,0.33961439883791333
3,1.0875,-0.375,0.3633318840442021
3,1.0875,-0.3375,0.3927817099181916
3,1.0875,-0.3,0.42923837581812146
3,1.0875,-0.2625,0.4743353067694767
3,1.0875,-0.225,0.5301937737793061
3,1.0875,-0.1875,0.5996100298611143
3,1.0875,-0.15,0.6863332657455938
3,1.0875,-0.1125,0.79548941472809
3,1.0875,-0.075,0.9342470918238264
3,1.0875,-0.0375,1.1129012957395885
3,1.0875,0.0,1.346711206953817
3,1.0875,0.0375,1.659174483760541
3,1.0875,0.075,2.0882227863505243
3,1.0875,0.1125,2.698860425638906
3,1.0875,0.15,3.611572779906129
3,1.0875,0.1875,5.075092663372867
3,1.0875,0.225,7.691256182374725
3,1.0875,0.2625,13.352966301471525
3,1.0875,0.3,32.40623786127535
3,1.0875,0.3375,1000.0
3,1.0875,0.375,1000.0
3,1.0875,0.4125,1000.0
3,1.0875,0.45,1000.0
3,1.0875,0.4875,1000.0
3,1.0875,0.525,1000.0
3,1.0875,0.5625,1000.0
3,1.0875,0.6,1000.0
3,1.0875,0.6375,1000.0
3,1.0875,0.675,1000.0
3,1.0875,0.7125,1000.0
3,1.0875,0.75,1000.0
3,1.0875,0.7875,1000.0
3,1.0875,0.825,1000.0
3,1.0875,0.8625,1000.0
3,1.0875,0.9,1000.0
3,1.0875,0.9375,1000.0
3,1.0875,0.975,1000.0
3,1.0875,1.0125,1000.0
3,1.0875,1.05,1000.0
3,1.0875,1.0875,1000.0
3,1.0875,1.125,1000.0
3,1.0875,1.1625,1000.0
3,1.0875,1.2,1000.0
3,1.0875,1.2375,1000.0
3,1.0875,1.275,1000.0
3,1.0875,1.3125,1000.0
3,1.0875,1.35,1000.0
3,1.0875,1.3875,1000.0
3,1.0875,1.425,1000.0
3,1.0875,1.4625,1000.0
3,1.0875,1.5,1000.0
3,1.125,-1.5,0.36099385070524576
3,1.125,-1.4625,0.3546115782347421
3,1.125,-1.425,0.3482784376388236
3,1.125,-1.3875,0.3420074916080679
3,1.125,-1.35,0.3358134904798036
3,1.125,-1.3125,0.32971310978107976
3,1.125,-1.275,0.323725223694571
3,1.125,-1.2375,0.3178712217316599
3,1.125,-1.2,0.31217537710316945
3,1.125,-1.1625,0.30666527690833095
3,1.125,-1.125,0.3013723263612939
3,1.125,-1.0875,0.29633234193496444
3,1.125,-1.05,0.29158625166537844
3,1.125,-1.0125,0.2871809251215051
3,1.125,-0.975,0.2831701609680364
3,1.125,-0.9375,0.27961586698412405
3,1.125,-0.9,0.2765894763222567
3,1.125,-0.8625,0.27417365533928295
3,1.125,-0.825,0.2724643733813544
3,1.125,-0.7875,0.27157342466263584
3,1.125,-0.75,0.2716315185217872
3,1.125,-0.7125,0.2727920892269027
3,1.125,-0.675,0.27523602347263465
3,1.125,-0.6375,0.2791775675705399
3,1.125,-0.6,0.28487176404131054
3,1.125,-0.5625,0.29262388911884546
3,1.125,-0.525,0.30280153383985237
3,1.125,-0.4875,0.3158502150151428
3,1.125,-0.45,0.33231375395345153
3,1.125,-0.4125,0.35286117582279963
3,1.125,-0.375,0.37832264936060905
3,1.125,-0.3375,0.40973814891187466
3,1.125,-0.3,0.4484243171618087
3,1.125,-0.2625,0.4960678438531821
3,1.125,-0.225,0.5548582641983635
3,1.125,-0.1875,0.6276807021471209
3,1.125,-0.15,0.7184021269124727
3,1.125,-0.1125,0.8323077801406659
3,1.125,-0.075,0.9767869088306991
3,1.125,-0.0375,1.162448636080079
3,1.125,0.0,1.4050142824881342
3,1.125,0.0375,1.7286888273608445
3,1.125,0.075,2.1725404868763376
3,1.125,0.1125,2.803515567588225
3,1.125,0.15,3.7456949124798222
3,1.125,0.1875,5.255240433933257
3,1.125,0.225,7.952016359685197
3,1.125,0.2625,13.785884253416754
3,1.125,0.3,33.415313247268
3,1.125,0.3375,1000.0
3,1.125,0.375,1000.0
3,1.125,0.4125,1000.0
3,1.125,0.45,1000.0
3,1.125,0.4875,1000.0
3,1.125,0.525,1000.0
3,1.125,0.5625,1000.0
3,1.125,0.6,1000.0
3,1.125,0.6375,1000.0
3,1.125,0.675,1000.0
3,1.125,0.7125,1000.0
3,1.125,0.75,1000.0
3,1.125,0.7875,1000.0
3,1.125,0.825,1000.0
3,1.125,0.8625,1000.0
3,1.125,0.9,1000.0
3,1.125,0.9375,1000.0
3,1.125,0.975,1000.0
3,1.125,1.0125,1000.0
3,1.125,1.05,1000.0
3,1.125,1.0875,1000.0
3,1.125,1.125,1000.0
3,1.125,1.1625,1000.0
3,1.125,1.2,1000.0
3,1.125,1.2375,1000.0
3,1.125,1.275,1000.0
3,1.125,1.3125,1000.0
3,1.125,1.35,1000.0
3,1.125,1.3875,1000.0
3,1.125,1.425,1000.0
3,1.125,1.4625,1000.0
3,1.125,1.5,1000.0
3,1.1625,-1.5,0.3572112360103507
3,1.1625,-1.4625,0.35103293802756075
3,1.1625,-1.425,0.3449146701996355
3,1.1625,-1.3875,0.338870269288265
3,1.1625,-1.35,0.3329153342849149
3,1.1625,-1.3125,0.32706747294484906
3,1.1625,-1.275,0.3213465855252882
3,1.1625,-1.2375,0.315775193215371
3,1.1625,-1.2,0.3103788200063707
3,1.1625,-1.1625,0.30518643843880366
3,1.1625,-1.125,0.300230991829595
3,1.1625,-1.0875,0.29555000832593536
3,1.1625,-1.05,0.29118632559927315
3,1.1625,-1.0125,0.2871889493845212
3,1.1625,-0.975,0.28361407465645433
3,1.1625,-0.9375,0.2805263053794893
3,1.1625,-0.9,0.2780001179552574
3,1.1625,-0.8625,0.27612162538412477
3,1.1625,-0.825,0.27499071465282
3,1.1625,-0.7875,0.274723650201971
3,1.1625,-0.75,0.27545626324107964
3,1.1625,-0.7125,0.27734788258881926
3,1.1625,-0.675,0.2805862110639993
3,1.1625,-0.6375,0.2853934171733271
3,1.1625,-0.6,0.2920338021030726
3,1.1625,-0.5625,0.30082352736100715
3,1.1625,-0.525,0.312143064540742
3,1.1625,-0.4875,0.32645327935316054
3,1.1625,-0.45,0.34431642380283484
3,1.1625,-0.4125,0.36642384026323094
3,1.1625,-0.375,0.3936329701355494
3,1.1625,-0.3375,0.42701745552085657
3,1.1625,-0.3,0.46793597043399593
3,1.1625,-0.2625,0.5181283366506766
3,1.1625,-0.225,0.5798521997333327
3,1.1625,-0.1875,0.6560813815890568
3,1.1625,-0.15,0.750800444740491
3,1.1625,-0.1125,0.8694537578540489
3,1.1625,-0.075,1.019651055268164
3,1.1625,-0.0375,1.2123155406174653
3,1.1625,0.0,1.4636308552474113
3,1.1625,0.0375,1.7985099470078028
3,1.1625,0.075,2.2571591986359
3,1.1625,0.1125,2.9084705821467542
3,1.1625,0.15,3.8801288634635713
3,1.1625,0.1875,5.43574637227675
3,1.1625,0.225,8.213279885891899
3,1.1625,0.2625,14.219813731394222
3,1.1625,0.3,34.42798617021554
3,1.1625,0.3375,1000.0
3,1.1625,0.375,1000.0
3,1.1625,0.4125,1000.0
3,1.1625,0.45,1000.0
3,1.1625,0.4875,1000.0
3,1.1625,0.525,1000.0
3,1.1625,0.5625,1000.0
3,1.1625,0.6,1000.0
3,1.1625,0.6375,1000.0
3,1.1625,0.675,1000.0
3,1.1625,0.7125,1000.0
3,1.1625,0.75,1000.0
3,1.1625,0.7875,1000.0
3,1.1625,0.825,1000.0
3,1.1625,0.8625,1000.0
3,1.1625,0.9,1000.0
3,1.1625,0.9375,1000.0
3,1.1625,0.975,1000.0
3,1.1625,1.0125,1000.0
3,1.1625,1.05,1000.0
3,1.1625,1.0875,1000.0
3,1.1625,1.125,1000.0
3,1.1625,1.1625,1000.0
3,1.1625,1.2,1000.0
3,1.1625,1.2375,1000.0
3,1.1625,1.275,1000.0
3,1.1625,1.3125,1000.0
3,1.1625,1.35,1000.0
3,1.1625,1.3875,1000.0
3,1.1625,1.425,1000.0
3,1.1625,1.4625,1000.0
3,1.1625,1.5,1000.0
3,1.2,-1.5,0.35365203899383624
3,1.2,-1.4625,0.3476808682205163
3,1.2,-1.425,0.3417806361535111
3,1.2,-1.3875,0.3359659583256097
3,1.2,-1.35,0.33025328789261515
3,1.2,-1.3125,0.3246611709042127
3,1.2,-1.275,0.3192105401096166
3,1.2,-1.2375,0.31392505497617323
3,1.2,-1.2,0.30883149691615125
3,1.2,-1.1625,0.30396023046475934
3,1.2,-1.125,0.2993457433881813
3,1.2,-1.0875,0.2950272815278194
3,1.2,-1.05,0.29104959775778216
3,1.2,-1.0125,0.2874638389545647
3,1.2,-0.975,0.28432860062908766
3,1.2,-0.9375,0.2817111862240861
3,1.2,-0.9,0.2796891175348258
3,1.2,-0.8625,0.2783519549464215
3,1.2,-0.825,0.27780350212296206
3,1.2,-0.7875,0.2781644907087367
3,1.2,-0.75,0.2795758682853617
3,1.2,-0.7125,0.28220284976355287
3,1.2,-0.675,0.286239942112188
3,1.2,-0.6375,0.29191721991546044
3,1.2,-0.6,0.299508222069963
3,1.2,-0.5625,0.30933996882208836
3,1.2,-0.525,0.32180577945201744
3,1.2,-0.4875,0.3373818286619355
3,1.2,-0.45,0.3566487516624892
3,1.2,-0.4125,0.3803201527580143
3,1.2,-0.375,0.4092806833723538
3,1.2,-0.3375,0.4446375848393751
3,1.2,-0.3,0.4877914913372466
3,1.2,-0.2625,0.5405352889191888
3,1.2,-0.225,0.6051946796475657
3,1.2,-0.1875,0.684832160866775
3,1.2,-0.15,0.7835499253936383
3,1.2,-0.1125,0.90695161021671
3,1.2,-0.075,1.0628677532613353
3,1.2,-0.0375,1.2625362409225147
3,1.2,0.0,1.5226040989570988
3,1.2,0.0375,1.868694050977484
3,1.2,0.075,2.3421536684065134
3,1.2,0.1125,3.0138256770494416
3,1.2,0.15,4.01500769834235
3,1.2,0.1875,5.616779963040502
3,1.2,0.225,8.475235006901114
3,1.2,0.2625,14.654840611013729
3,1.2,0.3,35.443422588784834
3,1.2,0.3375,1000.0
3,1.2,0.375,1000.0
3,1.2,0.4125,1000.0
3,1.2,0.45,1000.0
3,1.2,0.4875,1000.0
3,1.2,0.525,1000.0
3,1.2,0.5625,1000.0
3,1.2,0.6,1000.0
3,1.2,0.6375,1000.0
3,1.2,0.675,1000.0
3,1.2,0.7125,1000.0
3,1.2,0.75,1000.0
3,1.2,0.7875,1000.0
3,1.2,0.825,1000.0
3,1.2,0.8625,1000.0
3,1.2,0.9,1000.0
3,1.2,0.9375,1000.0
3,1.2,0.975,1000.0
3,1.2,1.0125,1000.0
3,1.2,1.05,1000.0
3,1.2,1.0875,1000.0
3,1.2,1.125,1000.0
3,1.2,1.1625,1000.0
3,1.2,1.2,1000.0
3,1.2,1.2375,1000.0
3,1.2,1.275,1000.0
3,1.2,1.3125,1000.0
3,1.2,1.35,1000.0
3,1.2,1.3875,1000.0
3,1.2,1.425,1000.0
3,1.2,1.4625,1000.0
3,1.2,1.5,1000.0
3,1.2375,-1.5,0.35033219411690614
3,1.2375,-1.4625,0.3445710137931427
3,1.2375,-1.425,0.3388917245355706
3,1.2375,-1.3875,0.3333097268402113
3,1.2375,-1.35,0.327842334461651
3,1.2375,-1.3125,0.3225090383197736
3,1.2375,-1.275,0.31733181028248186
3,1.2375,-1.2375,0.31233545468892604
3,1.2375,-1.2,0.30754801685088606
3,1.2375,-1.1625,0.3030012595776265
3,1.2375,-1.125,0.2987312210747902
3,1.2375,-1.0875,0.2947788704795908
3,1.2375,-1.05,0.29119088096977064
3,1.2375,-1.0125,0.2880205450363163
3,1.2375,-0.975,0.28532886242591377
3,1.2375,-0.9375,0.2831858388212684
3,1.2375,-0.9,0.2816720430502222
3,1.2375,-0.8625,0.2808804831951556
3,1.2375,-0.825,0.280918878364673
3,1.2375,-0.7875,0.2819124244020931
3,1.2375,-0.75,0.28400718026455196
3,1.2375,-0.7125,0.2873742397748897
3,1.2375,-0.675,0.29221490456167154
3,1.2375,-0.6375,0.29876714347675737
3,1.2375,-0.6,0.3073137191874614
3,1.2375,-0.5625,0.318192495115845
3,1.2375,-0.525,0.3318096220369074
3,1.2375,-0.4875,0.3486565685522419
3,1.2375,-0.45,0.36933234189938735
3,1.2375,-0.4125,0.3945728054383651
3,1.2375,-0.375,0.4252898327067458
3,1.2375,-0.3375,0.4626243012244311
3,1.2375,-0.3,0.5080188816046509
3,1.2375,-0.2625,0.563319660595692
3,1.2375,-0.225,0.6309206229618666
3,1.2375,-0.1875,0.713973299157669
3,1.2375,-0.15,0.8166980593669156
3,1.2375,-0.1125,0.9448586247979817
3,1.2375,-0.075,1.1065075288053923
3,1.2375,-0.0375,1.313199049640789
3,1.2375,0.0,1.5820460041582858
3,1.2375,0.0375,1.939384213481453
3,1.2375,0.075,2.427706907841062
3,1.2375,0.1125,3.1198133615106176
3,1.2375,0.15,4.15062107897703
3,1.2375,0.1875,5.798685494133901
3,1.2375,0.225,8.73823879090169
3,1.2375,0.2625,15.09111728558188
3,1.2375,0.3,36.46003531074501
3,1.2375,0.3375,1000.0
3,1.2375,0.375,1000.0
3,1.2375,0.4125,1000.0
3,1.2375,0.45,1000.0
3,1.2375,0.4875,1000.0
3,1.2375,0.525,1000.0
3,1.2375,0.5625,1000.0
3,1.2375,0.6,1000.0
3,1.2375,0.6375,1000.0
3,1.2375,0.675,1000.0
3,1.2375,0.7125,1000.0
3,1.2375,0.75,1000.0
3,1.2375,0.7875,1000.0
3,1.2375,0.825,1000.0
3,1.2375,0.8625,1000.0
3,1.2375,0.9,1000.0
3,1.2375,0.9375,1000.0
3,1.2375,0.975,1000.0
3,1.2375,1.0125,1000.0
3,1.2375,1.05,1000.0
3,1.2375,1.0875,1000.0
3,1.2375,1.125,1000.0
3,1.2375,1.1625,1000.0
3,1.2375,1.2,1000.0
3,1.2375,1.2375,1000.0
3,1.2375,1.275,1000.0
3,1.2375,1.3125,1000.0
3,1.2375,1.35,1000.0
3,1.2375,1.3875,1000.0
3,1.2375,1.425,1000.0
3,1.2375,1.4625,1000.0
3,1.2375,1.5,1000.0
3,1.275,-1.5,0.3472641835732389
3,1.275,-1.4625,0.34171585740274474
3,1.275,-1.425,0.3362604565539028
3,1.275,-1.3875,0.33091417409982543
3,1.275,-1.35,0.3256951921534851
3,1.275,-1.3125,0.3206239543815182
3,1.275,-1.275,0.3157234797338568
3,1.275,-1.2375,0.3110197254403097
3,1.275,-1.2,0.30654200875399124
3,1.275,-1.1625,0.3023234987892535
3,1.275,-1.125,0.2984017921771994
3,1.275,-1.0875,0.294819589258906
3,1.275,-1.05,0.2916254913175342
3,1.275,-1.0125,0.2888749441357322
3,1.275,-0.975,0.28663135924838484
3,1.275,-0.9375,0.2849674520362018
3,1.275,-0.9,0.2839668458018251
3,1.275,-0.8625,0.2837260039035678
3,1.275,-0.825,0.2843565688714018
3,1.275,-0.7875,0.28598820954395693
3,1.275,-0.75,0.2887721065194753
3,1.275,-0.7125,0.29288524524105936
3,1.275,-0.675,0.2985357385730872
3,1.275,-0.6375,0.3059694721305413
3,1.275,-0.6,0.3154784636758727
3,1.275,-0.5625,0.3274114640361674
3,1.275,-0.525,0.34218751826231697
3,1.275,-0.4875,0.360313477930645
3,1.275,-0.45,0.38240684818560083
3,1.275,-0.4125,0.4092259282523662
3,1.275,-0.375,0.4417100603030544
3,1.275,-0.3375,0.4810340989625647
3,1.275,-0.3,0.5286832186188173
3,1.275,-0.2625,0.5865573413667015
3,1.275,-0.225,0.6571195878413224
3,1.275,-0.1875,0.7436116557845232
3,1.275,-0.15,0.8503735814644078
3,1.275,-0.1125,0.9833310952684444
3,1.275,-0.075,1.1507611688426747
3,1.275,-0.0375,1.3645374956519192
3,1.275,0.0,1.6422422893351551
3,1.275,0.0375,2.01092850534113
3,1.275,0.075,2.51423898037733
3,1.275,0.1125,3.2269319516171873
3,1.275,0.15,4.287541702179576
3,1.275,0.1875,5.982078140787106
3,1.275,0.225,9.002830281606162
3,1.275,0.2625,15.528630370945923
3,1.275,0.3,37.47411831207761
3,1.275,0.3375,1000.0
3,1.275,0.375,1000.0
3,1.275,0.4125,1000.0
3,1.275,0.45,1000.0
3,1.275,0.4875,1000.0
3,1.275,0.525,1000.0
3,1.275,0.5625,1000.0
3,1.275,0.6,1000.0
3,1.275,0.6375,1000.0
3,1.275,0.675,1000.0
3,1.275,0.7125,1000.0
3,1.275,0.75,1000.0
3,1.275,0.7875,1000.0
3,1.275,0.825,1000.0
3,1.275,0.8625,1000.0
3,1.275,0.9,1000.0
3,1.275,0.9375,1000.0
3,1.275,0.975,1000.0
3,1.275,1.0125,1000.0
3,1.275,1.05,1000.0
3,1.275,1.0875,1000.0
3,1.275,1.125,1000.0
3,1.275,1.1625,1000.0
3,1.275,1.2,1000.0
3,1.275,1.2375,1000.0
3,1.275,1.275,1000.0
3,1.275,1.3125,1000.0
3,1.275,1.35,1000.0
3,1.275,1.3875,1000.0
3,1.275,1.425,1000.0
3,1.275,1.4625,1000.0
3,1.275,1.5,1000.0
3,1.3125,-1.5,0.344459849734497
3,1.3125,-1.4625,0.3391275989110587
3,1.3125,-1.425,0.333899446539986
3,1.3125,-1.3875,0.328792389621853
3,1.3125,-1.35,0.3238254905320117
3,1.3125,-1.3125,0.3190201582114263
3,1.3125,-1.275,0.31440047192441234
3,1.3125,-1.2375,0.30999355582760707
3,1.3125,-1.2,0.3058300140798521
3,1.3125,-1.1625,0.301944438152571
3,1.3125,-1.125,0.29837600044894846
3,1.3125,-1.0875,0.29516915142686634
3,1.3125,-1.05,0.2923744413131265
3,1.3125,-1.0125,0.29004949242185757
3,1.3125,-0.975,0.2882601543509697
3,1.3125,-0.9375,0.28708188233186194
3,1.3125,-0.9,0.2866013892932621
3,1.3125,-0.8625,0.2869186355070376
3,1.3125,-0.825,0.2881492370183092
3,1.3125,-0.7875,0.2904273968103902
3,1.3125,-0.75,0.29390949274393113
3,1.3125,-0.7125,0.2987784964439052
3,1.3125,-0.675,0.3052494513239943
3,1.3125,-0.6375,0.31357631133696273
3,1.3125,-0.6,0.32406054280561813
3,1.3125,-0.5625,0.33706203155650877
3,1.3125,-0.525,0.3530130340324973
3,1.3125,-0.4875,0.3724361905398718
3,1.3125,-0.45,0.3959680219097755
3,1.3125,-0.4125,0.4243899211083905
3,1.3125,-0.375,0.4586695298104826
3,1.3125,-0.3375,0.5000167209468468
3,1.3125,-0.3,0.5499604647418278
3,1.3125,-0.2625,0.6104561026182679
3,1.3125,-0.225,0.684037803749314
3,1.3125,-0.1875,0.7740396988522336
3,1.3125,-0.15,0.8849241076104319
3,1.3125,-0.1125,1.0227816898630755
3,1.3125,-0.075,1.1961169465811214
3,1.3125,-0.0375,1.4171259683656268
3,1.3125,0.0,1.7038626864560134
3,1.3125,0.0375,2.0840977586394995
3,1.3125,0.075,2.6026201698904607
3,1.3125,0.1125,3.3361344560306785
3,1.3125,0.15,4.426756473592624
3,1.3125,0.1875,6.167852733329915
3,1.3125,0.225,9.26945984916678
3,1.3125,0.2625,15.966132632692855
3,1.3125,0.3,38.475493055431286
3,1.3125,0.3375,1000.0
3,1.3125,0.375,1000.0
3,1.3125,0.4125,1000.0
3,1.3125,0.45,1000.0
3,1.3125,0.4875,1000.0
3,1.3125,0.525,1000.0
3,1.3125,0.5625,1000.0
3,1.3125,0.6,1000.0
3,1.3125,0.6375,1000.0
3,1.3125,0.675,1000.0
3,1.3125,0.7125,1000.0
3,1.3125,0.75,1000.0
3,1.3125,0.7875,1000.0
3,1.3125,0.825,1000.0
3,1.3125,0.8625,1000.0
3,1.3125,0.9,1000.0
3,1.3125,0.9375,1000.0
3,1.3125,0.975,1000.0
3,1.3125,1.0125,1000.0
3,1.3125,1.05,1000.0
3,1.3125,1.0875,1000.0
3,1.3125,1.125,1000.0
3,1.3125,1.1625,1000.0
3,1.3125,1.2,1000.0
3,1.3125,1.2375,1000.0
3,1.3125,1.275,1000.0
3,1.3125,1.3125,1000.0
3,1.3125,1.35,1000.0
3,1.3125,1.3875,1000.0
3,1.3125,1.425,1000.0
3,1.3125,1.4625,1000.0
3,1.3125,1.5,1000.0
3,1.35,-1.5,0.3419341519970813
3,1.35,-1.4625,0.33682216650064184
3,1.35,-1.425,0.33182570370687
3,1.35,-1.3875,0.3269625872518513
3,1.35,-1.35,0.3222527847213158
3,1.35,-1.3125,0.31771869791258206
3,1.35,-1.275,0.3133854970967319
3,1.35,-1.2375,0.30928150774391777
3,1.35,-1.2,0.3054386597222315
3,1.35,-1.1625,0.301893010980405
3,1.35,-1.125,0.2986853602567102
3,1.35,-1.0875,0.2958619665453867
3,1.35,-1.05,0.29347539707165954
3,1.35,-1.0125,0.29158553061090414
3,1.35,-0.975,0.29026074944854346
3,1.35,-0.9375,0.28957936153096725
3,1.35,-0.9,0.2896313049630929
3,1.35,-0.8625,0.2905202007214566
3,1.35,-0.825,0.29236583730482035
3,1.35,-0.7875,0.29530719445745
3,1.35,-0.75,0.29950614404614645
3,1.35,-0.7125,0.3051520074182673
3,1.35,-0.675,0.31246720403761474
3,1.35,-0.6375,0.3217143015132744
3,1.35,-0.6,0.3332048804661972
3,1.35,-0.5625,0.34731077101905317
3,1.35,-0.525,0.3644784189317448
3,1.35,-0.4875,0.38524742559274894
3,1.35,-0.45,0.4102747187981348
3,1.35,-0.4125,0.44036641552402106
3,1.35,-0.375,0.47652033729283483
3,1.35,-0.3375,0.5199835015922054
3,1.35,-0.3,0.5723310188755976
3,1.35,-0.2625,0.6355761502770274
3,1.35,-0.225,0.7123266594495375
3,1.35,-0.1875,0.8060115244424887
3,1.35,-0.15,0.9212173607569816
3,1.35,-0.1125,1.0642009612114949
3,1.35,-0.075,1.2436941260250607
3,1.35,-0.0375,1.472212666634025
3,1.35,0.0,1.7682753249547738
3,1.35,0.0375,2.1603558493911685
3,1.35,0.075,2.69435956462737
3,1.35,0.1125,3.448874438833186
3,1.35,0.15,4.569454667872533
3,1.35,0.1875,6.356457761869173
3,1.35,0.225,9.536577006181533
3,1.35,0.2625,16.396013092632657
3,1.35,0.3,39.43401316161127
3,1.35,0.3375,1000.0
3,1.35,0.375,1000.0
3,1.35,0.4125,1000.0
3,1.35,0.45,1000.0
3,1.35,0.4875,1000.0
3,1.35,0.525,1000.0
3,1.35,0.5625,1000.0
3,1.35,0.6,1000.0
3,1.35,0.6375,1000.0
3,1.35,0.675,1000.0
3,1.35,0.7125,1000.0
3,1.35,0.75,1000.0
3,1.35,0.7875,1000.0
3,1.35,0.825,1000.0
3,1.35,0.8625,1000.0
3,1.35,0.9,1000.0
3,1.35,0.9375,1000.0
3,1.35,0.975,1000.0
3,1.35,1.0125,1000.0
3,1.35,1.05,1000.0
3,1.35,1.0875,1000.0
3,1.35,1.125,1000.0
3,1.35,1.1625,1000.0
3,1.35,1.2,1000.0
3,1.35,1.2375,1000.0
3,1.35,1.275,1000.0
3,1.35,1.3125,1000.0
3,1.35,1.35,1000.0
3,1.35,1.3875,1000.0
3,1.35,1.425,1000.0
3,1.35,1.4625,1000.0
3,1.35,1.5,1000.0
3,1.3875,-1.5,0.3397120886401803
3,1.3875,-1.4625,0.334826851363659
3,1.3875,-1.425,0.33006908149646
3,1.3875,-1.3875,0.32545748723123497
3,1.3875,-1.35,0.3210130074367293
3,1.3875,-1.3125,0.3167591125520104
3,1.3875,-1.275,0.31272215125045577
3,1.3875,-1.2375,0.3089317516356168
3,1.3875,-1.2,0.30542128735653484
3,1.3875,-1.1625,0.30222842111837017
3,1.3875,-1.125,0.2993957407003539
3,1.3875,-1.0875,0.29697150590614535
3,1.3875,-1.05,0.29501052903981784
3,1.3875,-1.0125,0.29357521676215853
3,1.3875,-0.975,0.29273680785296924
3,1.3875,-0.9375,0.29257684990656874
3,1.3875,-0.9,0.29318896888402574
3,1.3875,-0.8625,0.294680999499482
3,1.3875,-0.825,0.29717756266971196
3,1.3875,-0.7875,0.30082320013893177
3,1.3875,-0.75,0.30578620789888805
3,1.3875,-0.7125,0.31226335196203026
3,1.3875,-0.675,0.3204857064012099
3,1.3875,-0.6375,0.3307259300797072
3,1.3875,-0.6,0.3433074035110183
3,1.3875,-0.5625,0.3586157931148774
3,1.3875,-0.525,0.377113815146506
3,1.3875,-0.4875,0.39936026357952364
3,1.3875,-0.45,0.4260347879480092
3,1.3875,-0.4125,0.45797052533569427
3,1.3875,-0.375,0.49619761147489305
3,1.3875,-0.3375,0.5420019914984658
3,1.3875,-0.3,0.5970061069916404
3,1.3875,-0.2625,0.6632814384536385
3,1.3875,-0.225,0.7435083800216427
3,1.3875,-0.1875,0.8412080451281406
3,1.3875,-0.15,0.9610861950209715
3,1.3875,-0.1125,1.1095570542969144
3,1.3875,-0.075,1.2955654488768236
3,1.3875,-0.0375,1.5319230582493761
3,1.3875,0.0,1.837571590098212
3,1.3875,0.0375,2.241609653200602
3,1.3875,0.075,2.7909026823234466
3,1.3875,0.1125,3.565590689021545
3,1.3875,0.15,4.713927377690376
3,1.3875,0.1875,6.541561198115065
3,1.3875,0.225,9.7879723658886
3,1.3875,0.2625,16.783460397328955
3,1.3875,0.3,40.31149383823449
3,1.3875,0.3375,1000.0
3,1.3875,0.375,1000.0
3,1.3875,0.4125,1000.0
3,1.3875,0.45,1000.0
3,1.3875,0.4875,1000.0
3,1.3875,0.525,1000.0
3,1.3875,0.5625,1000.0
3,1.3875,0.6,1000.0
3,1.3875,0.6375,1000.0
3,1.3875,0.675,1000.0
3,1.3875,0.7125,1000.0
3,1.3875,0.75,1000.0
3,1.3875,0.7875,1000.0
3,1.3875,0.825,1000.0
3,1.3875,0.8625,1000.0
3,1.3875,0.9,1000.0
3,1.3875,0.9375,1000.0
3,1.3875,0.975,1000.0
3,1.3875,1.0125,1000.0
3,1.3875,1.05,1000.0
3,1.3875,1.0875,1000.0
3,1.3875,1.125,1000.0
3,1.3875,1.1625,1000.0
3,1.3875,1.2,1000.0
3,1.3875,1.2375,1000.0
3,1.3875,1.275,1000.0
3,1.3875,1.3125,1000.0
3,1.3875,1.35,1000.0
3,1.3875,1.3875,1000.0
3,1.3875,1.425,1000.0
3,1.3875,1.4625,1000.0
3,1.3875,1.5,1000.0
3,1.425,-1.5,0.3378446257452139
3,1.425,-1.4625,0.33319827340601055
3,1.425,-1.425,0.3286925951157163
3,1.425,-1.3875,0.3243473551423765
3,1.425,-1.35,0.32018466365770243
3,1.425,-1.3125,0.31622929373531505
3,1.425,-1.275,0.3125090469387475
3,1.425,-1.2375,0.30905517672759186
3,1.425,-1.2,0.3059028806137561
3,1.425,-1.1625,0.3030918741614235
3,1.425,-1.125,0.30066706262483395
3,1.425,-1.0875,0.2986793293786864
3,1.425,-1.05,0.2971864644834939
3,1.425,-1.0125,0.29625426196619525
3,1.425,-0.975,0.29595782098423273
3,1.425,-0.9375,0.2963830943838779
3,1.425,-0.9,0.2976287388141062
3,1.425,-0.8625,0.2998083342806035
3,1.425,-0.825,0.30305305888774203
3,1.425,-0.7875,0.30751492801981156
3,1.425,-0.75,0.3133707384764904
3,1.425,-0.7125,0.3208269001095623
3,1.425,-0.675,0.3301253945910434
3,1.425,-0.6375,0.3415511792000872
3,1.425,-0.6,0.35544146175381447
3,1.425,-0.5625,0.37219742380480536
3,1.425,-0.525,0.39229918176093276
3,1.425,-0.4875,0.41632507767603183
3,1.425,-0.45,0.4449768257221384
3,1.425,-0.4125,0.4791126728829732
3,1.425,-0.375,0.5197916678750173
3,1.425,-0.3375,0.5683335399498066
3,1.425,-0.3,0.62640084858996
3,1.425,-0.2625,0.6961134484283419
3,1.425,-0.225,0.7802107392864717
3,1.425,-0.1875,0.8822861002036517
3,1.425,-0.15,1.0071330489851562
3,1.425,-0.1125,1.161269320638319
3,1.425,-0.075,1.3537543786333364
3,1.425,-0.0375,1.5975140857345285
3,1.425,0.0,1.91160369621797
3,1.425,0.0375,2.325383282828282
3,1.425,0.075,2.8869928707501655
3,1.425,0.1125,3.6815195573941617
3,1.425,0.15,4.868651615037459
3,1.425,0.1875,6.76859539824019
3,1.425,0.225,10.139384587198773
3,1.425,0.2625,17.371759261298607
3,1.425,0.3,41.59385935886113
3,1.425,0.3375,1000.0
3,1.425,0.375,1000.0
3,1.425,0.4125,1000.0
3,1.425,0.45,1000.0
3,1.425,0.4875,1000.0
3,1.425,0.525,1000.0
3,1.425,0.5625,1000.0
3,1.425,0.6,1000.0
3,1.425,0.6375,1000.0
3,1.425,0.675,1000.0
3,1.425,0.7125,1000.0
3,1.425,0.75,1000.0
3,1.425,0.7875,1000.0
3,1.425,0.825,1000.0
3,1.425,0.8625,1000.0
3,1.425,0.9,1000.0
3,1.425,0.9375,1000.0
3,1.425,0.975,1000.0
3,1.425,1.0125,1000.0
3,1.425,1.05,1000.0
3,1.425,1.0875,1000.0
3,1.425,1.125,1000.0
3,1.425,1.1625,1000.0
3,1.425,1.2,1000.0
3,1.425,1.2375,1000.0
3,1.425,1.275,1000.0
3,1.425,1.3125,1000.0
3,1.425,1.35,1000.0
3,1.425,1.3875,1000.0
3,1.425,1.425,1000.0
3,1.425,1.4625,1000.0
3,1.425,1.5,1000.0
3,1.4625,-1.5,0.3364513922459523
3,1.4625,-1.4625,0.33207134213772405
3,1.4625,-1.425,0.327848684838741
3,1.4625,-1.3875,0.3238047836455943
3,1.4625,-1.35,0.31996355485843486
3,1.4625,-1.3125,0.31635181544769586
3,1.4625,-1.275,0.3129996833449388
3,1.4625,-1.2375,0.309941039552863
3,1.4625,-1.2,0.30721406268884693
3,1.4625,-1.1625,0.3048618483240487
3,1.4625,-1.125,0.3029331276205788
3,1.4625,-1.0875,0.30148310242137105
3,1.4625,-1.05,0.30057441730219653
3,1.4625,-1.0125,0.3002782934442605
3,1.4625,-0.975,0.30067585495772803
3,1.4625,-0.9375,0.30185968609161223
3,1.4625,-0.9,0.3039356684431225
3,1.4625,-0.8625,0.3070251619447071
3,1.4625,-0.825,0.3112676134929781
3,1.4625,-0.7875,0.3168237043859845
3,1.4625,-0.75,0.32387918447610864
3,1.4625,-0.7125,0.33264958990102345
3,1.4625,-0.675,0.3433861060134109
3,1.4625,-0.6375,0.3563829225783065
3,1.4625,-0.6,0.37198654144997007
3,1.4625,-0.5625,0.3906076481652969
3,1.4625,-0.525,0.41273636379852047
3,1.4625,-0.4875,0.43896197549118615
3,1.4625,-0.45,0.4699986392321405
3,1.4625,-0.4125,0.5067191167097865
3,1.4625,-0.375,0.5501994774310945
3,1.4625,-0.3375,0.60177926802962
3,1.4625,-0.3,0.6631456182811388
3,1.4625,-0.2625,0.7364643487410634
3,1.4625,-0.225,0.8246465719039601
3,1.4625,-0.1875,0.932115589775914
3,1.4625,-0.15,1.0670453872143328
3,1.4625,-0.1125,1.243657074202106
3,1.4625,-0.075,1.4741249021613412
3,1.4625,-0.0375,1.7619361140518857
3,1.4625,0.0,2.1187454095682123
3,1.4625,0.0375,2.5745004065795953
3,1.4625,0.075,3.1807139702797884
3,1.4625,0.1125,4.0243217386223185
3,1.4625,0.15,5.264365200205549
3,1.4625,0.1875,7.2272723687058384
3,1.4625,0.225,10.701354477502388
3,1.4625,0.2625,18.166142696060888
3,1.4625,0.3,43.185129184420134
3,1.4625,0.3375,1000.0
3,1.4625,0.375,1000.0
3,1.4625,0.4125,1000.0
3,1.4625,0.45,1000.0
3,1.4625,0.4875,1000.0
3,1.4625,0.525,1000.0
3,1.4625,0.5625,1000.0
3,1.4625,0.6,1000.0
3,1.4625,0.6375,1000.0
3,1.4625,0.675,1000.0
3,1.4625,0.7125,1000.0
3,1.4625,0.75,1000.0
3,1.4625,0.7875,1000.0
3,1.4625,0.825,1000.0
3,1.4625,0.8625,1000.0
3,1.4625,0.9,1000.0
3,1.4625,0.9375,1000.0
3,1.4625,0.975,1000.0
3,1.4625,1.0125,1000.0
3,1.4625,1.05,1000.0
3,1.4625,1.0875,1000.0
3,1.4625,1.125,1000.0
3,1.4625,1.1625,1000.0
3,1.4625,1.2,1000.0
3,1.4625,1.2375,1000.0
3,1.4625,1.275,1000.0
3,1.4625,1.3125,1000.0
3,1.4625,1.35,1000.0
3,1.4625,1.3875,1000.0
3,1.4625,1.425,1000.0
3,1.4625,1.4625,1000.0
3,1.4625,1.5,1000.0
3,1.5,-1.5,0.3358481075249713
3,1.5,-1.4625,0.33180664139778415
3,1.5,-1.425,0.3279496858338173
3,1.5,-1.3875,0.32430175610992795
3,1.5,-1.35,0.32089030915527733
3,1.5,-1.3125,0.3177461139180766
3,1.5,-1.275,0.31490366289307636
3,1.5,-1.2375,0.3124016283332315
3,1.5,-1.2,0.31028336731196915
3,1.5,-1.1625,0.30859748133560877
3,1.5,-1.125,0.3073984390915412
3,1.5,-1.0875,0.3067472757117682
3,1.5,-1.05,0.30671238920938226
3,1.5,-1.0125,0.3073704650027805
3,1.5,-0.975,0.3088075729867457
3,1.5,-0.9375,0.3111204985033258
3,1.5,-0.9,0.31441838869797795
3,1.5,-0.8625,0.318824819137928
3,1.5,-0.825,0.3244804130361245
3,1.5,-0.7875,0.3315461798469162
3,1.5,-0.75,0.34020778891779013
3,1.5,-0.7125,0.3506810758915718
3,1.5,-0.675,0.3632192435358057
3,1.5,-0.6375,0.3781226109112668
3,1.5,-0.6,0.3957528932894405
3,1.5,-0.5625,0.4165578926836003
3,1.5,-0.525,0.4411283166668613
3,1.5,-0.4875,0.47038010255207274
3,1.5,-0.45,0.5062583486752745
3,1.5,-0.4125,0.5538286696513973
3,1.5,-0.375,0.6208352577935354
3,1.5,-0.3375,0.7045780117760814
3,1.5,-0.3,0.7948937585891818
3,1.5,-0.2625,0.8907691659462004
3,1.5,-0.225,0.9970204268964498
3,1.5,-0.1875,1.1195316157889665
3,1.5,-0.15,1.264758155426341
3,1.5,-0.1125,1.4404972885115337
3,1.5,-0.075,1.6570113336612193
3,1.5,-0.0375,1.9286232734662794
3,1.5,0.0,2.2762640060193173
3,1.5,0.0375,2.7319149316060414
3,1.5,0.075,3.346954878408896
3,1.5,0.1125,4.209149750372642
3,1.5,0.15,5.480825542534278
3,1.5,0.1875,7.496699005777122
3,1.5,0.225,11.066571039161712
3,1.5,0.2625,18.740426699868998
3,1.5,0.3,44.48770360093002
3,1.5,0.3375,1000.0
3,1.5,0.375,1000.0
3,1.5,0.4125,1000.0
3,1.5,0.45,1000.0
3,1.5,0.4875,1000.0
3,1.5,0.525,1000.0
3,1.5,0.5625,1000.0
3,1.5,0.6,1000.0
3,1.5,0.6375,1000.0
3,1.5,0.675,1000.0
3,1.5,0.7125,1000.0
3,1.5,0.75,1000.0
3,1.5,0.7875,1000.0
3,1.5,0.825,1000.0
3,1.5,0.8625,1000.0
3,1.5,0.9,1000.0
3,1.5,0.9375,1000.0
3,1.5,0.975,1000.0
3,1.5,1.0125,1000.0
3,1.5,1.05,1000.0
3,1.5,1.0875,1000.0
3,1.5,1.125,1000.0
3,1.5,1.1625,1000.0
3,1.5,1.2,1000.0
3,1.5,1.2375,1000.0
3,1.5,1.275,1000.0
3,1.5,1.3125,1000.0
3,1.5,1.35,1000.0
3,1.5,1.3875,1000.0
3,1.5,1.425,1000.0
3,1.5,1.4625,1000.0
3,1.5,1.5,1000.0
10,-1.5,-1.5,1.8180851278653696
10,-1.5,-1.4625,1.816934972148793
10,-1.5,-1.425,1.8157648416425707
10,-1.5,-1.3875,1.8145741153308066
10,-1.5,-1.35,1.8133621225939582
10,-1.5,-1.3125,1.8121281461172618
10,-1.5,-1.275,1.8108714221119233
10,-1.5,-1.2375,1.8095911388948176
10,-1.5,-1.2,1.808286434205482
10,-1.5,-1.1625,1.8069563913868518
10,-1.5,-1.125,1.8056000344794856
10,-1.5,-1.0875,1.8042163222670848
10,-1.5,-1.05,1.802804141313004
10,-1.5,-1.0125,1.8013622980200326
10,-1.5,-0.975,1.7998895097220688
10,-1.5,-0.9375,1.7983843947759195
10,-1.5,-0.9,1.7968454615678864
10,-1.5,-0.8625,1.7952710962868415
10,-1.5,-0.825,1.7936595492461587
10,-1.5,-0.7875,1.7920089194619686
10,-1.5,-0.75,1.7903171371141553
10,-1.5,-0.7125,1.7885819434256465
10,-1.5,-0.675,1.786800867390046
10,-1.5,-0.6375,1.7849711986500878
10,-1.5,-0.6,1.7830899556700155
10,-1.5,-0.5625,1.7811538481414764
10,-1.5,-0.525,1.779159232298115
10,-1.5,-0.4875,1.7771020574665823
10,-1.5,-0.45,1.77497780172052
10,-1.5,-0.4125,1.7727813938865113
10,-1.5,-0.375,1.7705071183162422
10,-1.5,-0.3375,1.7681484976990307
10,-1.5,-0.3,1.7656981476146063
10,-1.5,-0.2625,1.763147594324837
10,-1.5,-0.225,1.7604870441829628
10,-1.5,-0.1875,1.7577050885495855
10,-1.5,-0.15,1.75478832153655
10,-1.5,-0.1125,1.7517208381131641
10,-1.5,-0.075,1.7484835652254351
10,-1.5,-0.0375,1.7450533554216823
10,-1.5,0.0,1.7414017355071438
10,-1.5,0.0375,1.7374931419667758
10,-1.5,0.075,1.7332823715131358
10,-1.5,0.1125,1.7287107921438598
10,-1.5,0.15,1.7237005205023954
10,-1.5,0.1875,1.7181451034187272
10,-1.5,0.225,1.7118938286172347
10,-1.5,0.2625,1.7047235046328577
10,-1.5,0.3,1.6962828709255042
10,-1.5,0.3375,1.6859892757317878
10,-1.5,0.375,1.6727733629424484
10,-1.5,0.4125,1.653056064760241
10,-1.5,0.45,1000.0
10,-1.5,0.4875,1000.0
10,-1.5,0.525,1000.0
10,-1.5,0.5625,1000.0
10,-1.5,0.6,1000.0
10,-1.5,0.6375,1000.0
10,-1.5,0.675,1000.0
10,-1.5,0.7125,1000.0
10,-1.5,0.75,1000.0
10,-1.5,0.7875,1000.0
10,-1.5,0.825,1000.0
10,-1.5,0.8625,1000.0
10,-1.5,0.9,1000.0
10,-1.5,0.9375,1000.0
10,-1.5,0.975,1000.0
10,-1.5,1.0125,1000.0
10,-1.5,1.05,1000.0
10,-1.5,1.0875,1000.0
10,-1.5,1.125,1000.0
10,-1.5,1.1625,1000.0
10,-1.5,1.2,1000.0
10,-1.5,1.2375,1000.0
10,-1.5,1.275,1000.0
10,-1.5,1.3125,1000.0
10,-1.5,1.35,1000.0
10,-1.5,1.3875,1000.0
10,-1.5,1.425,1000.0
10,-1.5,1.4625,1000.0
10,-1.5,1.5,1000.0
10,-1.4625,-1.5,1.8115984594266337
10,-1.4625,-1.4625,1.8103992913807743
10,-1.4625,-1.425,1.8091792761370387
10,-1.4625,-1.3875,1.8079377668404928
10,-1.4625,-1.35,1.8066740679082385
10,-1.4625,-1.3125,1.805387437096315
10,-1.4625,-1.275,1.8040770852181298
10,-1.4625,-1.2375,1.8027421743964387
10,-1.4625,-1.2,1.801381815159185
10,-1.4625,-1.1625,1.799995062477314
10,-1.4625,-1.125,1.7985809107816333
10,-1.4625,-1.0875,1.7971382879890747
10,-1.4625,-1.05,1.7956660485710814
10,-1.4625,-1.0125,1.7941629656888374
10,-1.4625,-0.975,1.7926277223957106
10,-1.4625,-0.9375,1.791058901866732
10,-1.4625,-0.9,1.789454976562218
10,-1.4625,-0.8625,1.7878142961708452
10,-1.4625,-0.825,1.7861350741099051
10,-1.4625,-0.7875,1.7844153722873024
10,-1.4625,-0.75,1.7826530837502301
10,-1.4625,-0.7125,1.7808459127557383
10,-1.4625,-0.675,1.7789913516932088
10,-1.4625,-0.6375,1.7770866541605599
10,-1.4625,-0.6,1.7751288033348747
10,-1.4625,-0.5625,1.7731144745709864
10,-1.4625,-0.525,1.771039990891267
10,-1.4625,-0.4875,1.7689012696728188
10,-1.4625,-0.45,1.766693758362452
10,-1.4625,-0.4125,1.764412356409511
10,-1.4625,-0.375,1.7620513197368428
10,-1.4625,-0.3375,1.7596041428762823
10,-1.4625,-0.3,1.7570634122367006
10,-1.4625,-0.2625,1.7544206216403146
10,-1.4625,-0.225,1.7516659379353574
10,-1.4625,-0.1875,1.7487878996722395
10,-1.4625,-0.15,1.7457730247252872
10,-1.4625,-0.1125,1.7426052920721629
10,-1.4625,-0.075,1.7392654465808723
10,-1.4625,-0.0375,1.7357300499708839
10,-1.4625,0.0,1.731970159724495
10,-1.4625,0.0375,1.7279494489926412
10,-1.4625,0.075,1.723621462390921
10,-1.4625,0.1125,1.718925491103884
10,-1.4625,0.15,1.7137801534857033
10,-1.4625,0.1875,1.7080729760313353
10,-1.4625,0.225,1.701642572684887
10,-1.4625,0.2625,1.694246016216367
10,-1.4625,0.3,1.685493234636441
10,-1.4625,0.3375,1.6747173654930274
10,-1.4625,0.375,1.6606288045258297
10,-1.4625,0.4125,1.6386065592052752
10,-1.4625,0.45,1000.0
10,-1.4625,0.4875,1000.0
10,-1.4625,0.525,1000.0
10,-1.4625,0.5625,1000.0
10,-1.4625,0.6,1000.0
10,-1.4625,0.6375,1000.0
10,-1.4625,0.675,1000.0
10,-1.4625,0.7125,1000.0
10,-1.4625,0.75,1000.0
10,-1.4625,0.7875,1000.0
10,-1.4625,0.825,1000.0
10,-1.4625,0.8625,1000.0
10,-1.4625,0.9,1000.0
10,-1.4625,0.9375,1000.0
10,-1.4625,0.975,1000.0
10,-1.4625,1.0125,1000.0
10,-1.4625,1.05,1000.0
10,-1.4625,1.0875,1000.0
10,-1.4625,1.125,1000.0
10,-1.4625,1.1625,1000.0
10,-1.4625,1.2,1000.0
10,-1.4625,1.2375,1000.0
10,-1.4625,1.275,1000.0
10,-1.4625,1.3125,1000.0
10,-1.4625,1.35,1000.0
10,-1.4625,1.3875,1000.0
10,-1.4625,1.425,1000.0
10,-1.4625,1.4625,1000.0
10,-1.4625,1.5,1000.0
10,-1.425,-1.5,1.8050116852868918
10,-1.425,-1.4625,1.803761518633258
10,-1.425,-1.425,1.8024895694622027
10,-1.425,-1.3875,1.8011951645167
10,-1.425,-1.35,1.7998775824549438
10,-1.425,-1.3125,1.798536055223184
10,-1.425,-1.275,1.7971697673683622
10,-1.425,-1.2375,1.7957778540353144
10,-1.425,-1.2,1.794359397903137
10,-1.425,-1.1625,1.7929134251370853
10,-1.425,-1.125,1.791438900384566
10,-1.425,-1.0875,1.789934720841107
10,-1.425,-1.05,1.7883997094149418
10,-1.425,-1.0125,1.786832607010326
10,-1.425,-0.975,1.7852320639248653
10,-1.425,-0.9375,1.7835966303161468
10,-1.425,-0.9,1.781924745641493
10,-1.425,-0.8625,1.780214726914975
10,-1.425,-0.825,1.7784647555608009
10,-1.425,-0.7875,1.7766728625720165
10,-1.425,-0.75,1.77483691160683
10,-1.425,-0.7125,1.7729545795681363
10,-1.425,-0.675,1.7710233341095085
10,-1.425,-0.6375,1.7690404073853547
10,-1.425,-0.6,1.7670027652041405
10,-1.425,-0.5625,1.7649070705382381
10,-1.425,-0.525,1.7627496400746052
10,-1.425,-0.4875,1.7605263921329803
10,-1.425,-0.45,1.7582327837991825
10,-1.425,-0.4125,1.755863734473274
10,-1.425,-0.375,1.7534135321470024
10,-1.425,-0.3375,1.7508757175025398
10,-1.425,-0.3,1.7482429392153886
10,-1.425,-0.2625,1.7455067714234545
10,-1.425,-0.225,1.7426574808442992
10,-1.425,-0.1875,1.739683725939655
10,-1.425,-0.15,1.7365721629698718
10,-1.425,-0.1125,1.7333069223271225
10,-1.425,-0.075,1.7298689007969934
10,-1.425,-0.0375,1.7262347872562598
10,-1.425,0.0,1.722375693446705
10,-1.425,0.0375,1.7182551843729514
10,-1.425,0.075,1.7138263686400703
10,-1.425,0.1125,1.7090274654798858
10,-1.425,0.15,1.7037748010697378
10,-1.425,0.1875,1.697951248087124
10,-1.425,0.225,1.6913860780821133
10,-1.425,0.2625,1.6838172964659488
10,-1.425,0.3,1.67481416244157
10,-1.425,0.3375,1.6636155927366576
10,-1.425,0.375,1.6486743613551422
10,-1.425,0.4125,1.6237975540251228
10,-1.425,0.45,1000.0
10,-1.425,0.4875,1000.0
10,-1.425,0.525,1000.0
10,-1.425,0.5625,1000.0
10,-1.425,0.6,1000.0
10,-1.425,0.6375,1000.0
10,-1.425,0.675,1000.0
10,-1.425,0.7125,1000.0
10,-1.425,0.75,1000.0
10,-1.425,0.7875,1000.0
10,-1.425,0.825,1000.0
10,-1.425,0.8625,1000.0
10,-1.425,0.9,1000.0
10,-1.425,0.9375,1000.0
10,-1.425,0.975,1000.0
10,-1.425,1.0125,1000.0
10,-1.425,1.05,1000.0
10,-1.425,1.0875,1000.0
10,-1.425,1.125,1000.0
10,-1.425,1.1625,1000.0
10,-1.425,1.2,1000.0
10,-1.425,1.2375,1000.0
10,-1.425,1.275,1000.0
10,-1.425,1.3125,1000.0
10,-1.425,1.35,1000.0
10,-1.425,1.3875,1000.0
10,-1.425,1.425,1000.0
10,-1.425,1.4625,1000.0
10,-1.425,1.5,1000.0
10,-1.3875,-1.5,1.7983311215924278
10,-1.3875,-1.4625,1.7970279781930403
10,-1.3875,-1.425,1.7957020516354625
10,-1.3875,-1.3875,1.7943526413935988
10,-1.3875,-1.35,1.7929789992907543
10,-1.3875,-1.3125,1.7915803303150495
10,-1.3875,-1.275,1.7901557916180098
10,-1.3875,-1.2375,1.788704490327681
10,-1.3875,-1.2,1.7872254803865129
10,-1.3875,-1.1625,1.7857177584749147
10,-1.3875,-1.125,1.7841802590445497
10,-1.3875,-1.0875,1.782611848486025
10,-1.3875,-1.05,1.7810113184586875
10,-1.3875,-1.0125,1.7793773784013458
10,-1.3875,-0.975,1.777708647217948
10,-1.3875,-0.9375,1.776003644093491
10,-1.3875,-0.9,1.774260778345878
10,-1.3875,-0.8625,1.7724783381630644
10,-1.3875,-0.825,1.7706544780135502
10,-1.3875,-0.7875,1.7687872044527722
10,-1.3875,-0.75,1.7668743599763548
10,-1.3875,-0.7125,1.764913604490241
10,-1.3875,-0.675,1.7629023938717931
10,-1.3875,-0.6375,1.7608379549775994
10,-1.3875,-0.6,1.7587172563032445
10,-1.3875,-0.5625,1.7565369733046643
10,-1.3875,-0.525,1.7542934471325098
10,-1.3875,-0.4875,1.7519826351864738
10,-1.3875,-0.45,1.749600051432193
10,-1.3875,-0.4125,1.747140693791559
10,-1.3875,-0.375,1.744598955048502
10,-1.3875,-0.3375,1.7419685125039097
10,-1.3875,-0.3,1.7392421899112727
10,-1.3875,-0.2625,1.736411782793592
10,-1.3875,-0.225,1.7334678347163885
10,-1.3875,-0.1875,1.7303993468922485
10,-1.3875,-0.15,1.7271933956828451
10,-1.3875,-0.1125,1.7238346205951514
10,-1.3875,-0.075,1.7203045266098154
10,-1.3875,-0.0375,1.7165805145393354
10,-1.3875,0.0,1.7126345033142722
10,-1.3875,0.0375,1.7084309231659087
10,-1.3875,0.075,1.7039237084701468
10,-1.3875,0.1125,1.6990516419078934
10,-1.3875,0.15,1.6937308641833697
10,-1.3875,0.1875,1.6878422566585547
10,-1.3875,0.225,1.681208948574085
10,-1.3875,0.2625,1.6735532112837892
10,-1.3875,0.3,1.6644054360901153
10,-1.3875,0.3375,1.6529051413778313
10,-1.3875,0.375,1.6372238180796785
10,-1.3875,0.4125,1.6000038283330935
10,-1.3875,0.45,1000.0
10,-1.3875,0.4875,1000.0
10,-1.3875,0.525,1000.0
10,-1.3875,0.5625,1000.0
10,-1.3875,0.6,1000.0
10,-1.3875,0.6375,1000.0
10,-1.3875,0.675,1000.0
10,-1.3875,0.7125,1000.0
10,-1.3875,0.75,1000.0
10,-1.3875,0.7875,1000.0
10,-1.3875,0.825,1000.0
10,-1.3875,0.8625,1000.0
10,-1.3875,0.9,1000.0
10,-1.3875,0.9375,1000.0
10,-1.3875,0.975,1000.0
10,-1.3875,1.0125,1000.0
10,-1.3875,1.05,1000.0
10,-1.3875,1.0875,1000.0
10,-1.3875,1.125,1000.0
10,-1.3875,1.1625,1000.0
10,-1.3875,1.2,1000.0
10,-1.3875,1.2375,1000.0
10,-1.3875,1.275,1000.0
10,-1.3875,1.3125,1000.0
10,-1.3875,1.35,1000.0
10,-1.3875,1.3875,1000.0
10,-1.3875,1.425,1000.0
10,-1.3875,1.4625,1000.0
10,-1.3875,1.5,1000.0
10,-1.35,-1.5,1.7915638178347533
10,-1.35,-1.4625,1.7902057498406283
10,-1.35,-1.425,1.788823831068
10,-1.35,-1.3875,1.787417332552881
10,-1.35,-1.35,1.7859854779237805
10,-1.35,-1.3125,1.7845274437845764
10,-1.35,-1.275,1.7830423584845538
10,-1.35,-1.2375,1.7815292998143961
10,-1.35,-1.2,1.7799872918043962
10,-1.35,-1.1625,1.778415300676155
10,-1.35,-1.125,1.776812229971326
10,-1.35,-1.0875,1.7751769148842393
10,-1.35,-1.05,1.7735081158285717
10,-1.35,-1.0125,1.771804511259281
10,-1.35,-0.975,1.7700646897471286
10,-1.35,-0.9375,1.7682871412659917
10,-1.35,-0.9,1.7664702476070313
10,-1.35,-0.8625,1.7646122717816073
10,-1.35,-0.825,1.7627113462192163
10,-1.35,-0.7875,1.7607654595078563
10,-1.35,-0.75,1.7587724413606087
10,-1.35,-0.7125,1.7567299454205565
10,-1.35,-0.675,1.7546354294313875
10,-1.35,-0.6375,1.75248613219616
10,-1.35,-0.6,1.7502790466127627
10,-1.35,-0.5625,1.7480108878994887
10,-1.35,-0.525,1.7456780558916158
10,-1.35,-0.4875,1.7432765899778662
10,-1.35,-0.45,1.7408021148219492
10,-1.35,-0.4125,1.7382497744342458
10,-1.35,-0.375,1.7356141513543626
10,-1.35,-0.3375,1.73288916657766
10,-1.35,-0.3,1.73006795425574
10,-1.35,-0.2625,1.7271427028887298
10,-1.35,-0.225,1.7241044513378527
10,-1.35,-0.1875,1.7209428229304073
10,-1.35,-0.15,1.717645673239303
10,-1.35,-0.1125,1.7141986151741668
10,-1.35,-0.075,1.7105843660282753
10,-1.35,-0.0375,1.7067818301337467
10,-1.35,0.0,1.702764778715099
10,-1.35,0.0375,1.6984998981512949
10,-1.35,0.075,1.6939438149496135
10,-1.35,0.1125,1.6890383990452411
10,-1.35,0.15,1.683703039396794
10,-1.35,0.1875,1.6778213061536227
10,-1.35,0.225,1.671216510635221
10,-1.35,0.2625,1.6636034497829995
10,-1.35,0.3,1.654483391766484
10,-1.35,0.3375,1.6429054389450126
10,-1.35,0.375,1.6267922425275942
10,-1.35,0.4125,1000.0
10,-1.35,0.45,1000.0
10,-1.35,0.4875,1000.0
10,-1.35,0.525,1000.0
10,-1.35,0.5625,1000.0
10,-1.35,0.6,1000.0
10,-1.35,0.6375,1000.0
10,-1.35,0.675,1000.0
10,-1.35,0.7125,1000.0
10,-1.35,0.75,1000.0
10,-1.35,0.7875,1000.0
10,-1.35,0.825,1000.0
10,-1.35,0.8625,1000.0
10,-1.35,0.9,1000.0
10,-1.35,0.9375,1000.0
10,-1.35,0.975,1000.0
10,-1.35,1.0125,1000.0
10,-1.35,1.05,1000.0
10,-1.35,1.0875,1000.0
10,-1.35,1.125,1000.0
10,-1.35,1.1625,1000.0
10,-1.35,1.2,1000.0
10,-1.35,1.2375,1000.0
10,-1.35,1.275,1000.0
10,-1.35,1.3125,1000.0
10,-1.35,1.35,1000.0
10,-1.35,1.3875,1000.0
10,-1.35,1.425,1000.0
10,-1.35,1.4625,1000.0
10,-1.35,1.5,1000.0
10,-1.3125,-1.5,1.7847174919932585
10,-1.3125,-1.4625,1.7833026065671482
10,-1.3125,-1.425,1.7818627351321974
10,-1.3125,-1.3875,1.7803971188372174
10,-1.3125,-1.35,1.7789049514879653
10,-1.3125,-1.3125,1.7773853796097685
10,-1.3125,-1.275,1.7758375010668044
10,-1.3125,-1.2375,1.774260362702661
10,-1.3125,-1.2,1.7726529571537408
10,-1.3125,-1.1625,1.7710142188825806
10,-1.3125,-1.125,1.7693430194580366
10,-1.3125,-1.0875,1.767638162114875
10,-1.3125,-1.05,1.765898375628891
10,-1.3125,-1.0125,1.7641223075355015
10,-1.3125,-0.975,1.7623085166970165
10,-1.3125,-0.9375,1.7604554651898652
10,-1.3125,-0.9,1.7585615094410596
10,-1.3125,-0.8625,1.7566248904972157
10,-1.3125,-0.825,1.7546437232613503
10,-1.3125,-0.7875,1.7526159844832085
10,-1.3125,-0.75,1.7505394992366732
10,-1.3125,-0.7125,1.7484119255601298
10,-1.3125,-0.675,1.7462307368680712
10,-1.3125,-0.6375,1.7439932016589825
10,-1.3125,-0.6,1.7416963599379007
10,-1.3125,-0.5625,1.7393369956319231
10,-1.3125,-0.525,1.7369116040896104
10,-1.3125,-0.4875,1.7344163535019637
10,-1.3125,-0.45,1.7318470387359162
10,-1.3125,-0.4125,1.7291990255923535
10,-1.3125,-0.375,1.7264671828301423
10,-1.3125,-0.3375,1.7236457983476832
10,-1.3125,-0.3,1.720728474547247
10,-1.3125,-0.2625,1.717707995911479
10,-1.3125,-0.225,1.714576158855146
10,-1.3125,-0.1875,1.7113235494229624
10,-1.3125,-0.15,1.7079392474611055
10,-1.3125,-0.1125,1.7044104249161065
10,-1.3125,-0.075,1.7007217881397538
10,-1.3125,-0.0375,1.6968547844939654
10,-1.3125,0.0,1.6927864427926995
10,-1.3125,0.0375,1.6884876270076787
10,-1.3125,0.075,1.6839203163371659
10,-1.3125,0.1125,1.6790332036449864
10,-1.3125,0.15,1.6737542511434755
10,-1.3125,0.1875,1.6679774290329317
10,-1.3125,0.225,1.6615375711045457
10,-1.3125,0.2625,1.654158904580682
10,-1.3125,0.3,1.6453391905026487
10,-1.3125,0.3375,1.6340807079483237
10,-1.3125,0.375,1.6182675404277023
10,-1.3125,0.4125,1000.0
10,-1.3125,0.45,1000.0
10,-1.3125,0.4875,1000.0
10,-1.3125,0.525,1000.0
10,-1.3125,0.5625,1000.0
10,-1.3125,0.6,1000.0
10,-1.3125,0.6375,1000.0
10,-1.3125,0.675,1000.0
10,-1.3125,0.7125,1000.0
10,-1.3125,0.75,1000.0
10,-1.3125,0.7875,1000.0
10,-1.3125,0.825,1000.0
10,-1.3125,0.8625,1000.0
10,-1.3125,0.9,1000.0
10,-1.3125,0.9375,1000.0
10,-1.3125,0.975,1000.0
10,-1.3125,1.0125,1000.0
10,-1.3125,1.05,1000.0
10,-1.3125,1.0875,1000.0
10,-1.3125,1.125,1000.0
10,-1.3125,1.1625,1000.0
10,-1.3125,1.2,1000.0
10,-1.3125,1.2375,1000.0
10,-1.3125,1.275,1000.0
10,-1.3125,1.3125,1000.0
10,-1.3125,1.35,1000.0
10,-1.3125,1.3875,1000.0
10,-1.3125,1.425,1000.0
10,-1.3125,1.4625,1000.0
10,-1.3125,1.5,1000.0
10,-1.275,-1.5,1.7778004318547584
10,-1.275,-1.4625,1.7763269177523957
10,-1.275,-1.425,1.7748272154812745
10,-1.275,-1.3875,1.7733005346179138
10,-1.275,-1.35,1.7717460372893556
10,-1.275,-1.3125,1.7701628380143162
10,-1.275,-1.275,1.768550002240462
10,-1.275,-1.2375,1.7669065439842573
10,-1.275,-1.2,1.7652314227085983
10,-1.275,-1.1625,1.7635235394861055
10,-1.275,-1.125,1.7617817324822276
10,-1.275,-1.0875,1.7600047717997922
10,-1.275,-1.05,1.7581913537310743
10,-1.275,-1.0125,1.7563400944561771
10,-1.275,-0.975,1.7544495232063682
10,-1.275,-0.9375,1.7525180748808853
10,-1.275,-0.9,1.7505440820698492
10,-1.275,-0.8625,1.748525766397704
10,-1.275,-0.825,1.7464612290636972
10,-1.275,-0.7875,1.7443484404190495
10,-1.275,-0.75,1.7421852283839363
10,-1.275,-0.7125,1.7399692654693921
10,-1.275,-0.675,1.7376980541264402
10,-1.275,-0.6375,1.7353689100932348
10,-1.275,-0.6,1.7329789433453033
10,-1.275,-0.5625,1.7305250361673192
10,-1.275,-0.525,1.7280038177479042
10,-1.275,-0.4875,1.7254116345388997
10,-1.275,-0.45,1.7227445153988759
10,-1.275,-0.4125,1.7199981302295928
10,-1.275,-0.375,1.717167740372254
10,-1.275,-0.3375,1.7142481383930226
10,-1.275,-0.3,1.7112335739530642
10,-1.275,-0.2625,1.708117661064541
10,-1.275,-0.225,1.704893259914717
10,-1.275,-0.1875,1.7015523231512142
10,-1.275,-0.15,1.69808569130359
10,-1.275,-0.1125,1.6944828135399865
10,-1.275,-0.075,1.6907313558267751
10,-1.275,-0.0375,1.6868166343240991
10,-1.275,0.0,1.6827207689568497
10,-1.275,0.0375,1.6784213734587912
10,-1.275,0.075,1.6738894481347764
10,-1.275,0.1125,1.66908584191397
10,-1.275,0.15,1.6639550194555777
10,-1.275,0.1875,1.6584134576020118
10,-1.275,0.225,1.652326606491358
10,-1.275,0.2625,1.645459553831326
10,-1.275,0.3,1.6373621445274733
10,-1.275,0.3375,1.6271113335010112
10,-1.275,0.375,1.6133027020200477
10,-1.275,0.4125,1000.0
10,-1.275,0.45,1000.0
10,-1.275,0.4875,1000.0
10,-1.275,0.525,1000.0
10,-1.275,0.5625,1000.0
10,-1.275,0.6,1000.0
10,-1.275,0.6375,1000.0
10,-1.275,0.675,1000.0
10,-1.275,0.7125,1000.0
10,-1.275,0.75,1000.0
10,-1.275,0.7875,1000.0
10,-1.275,0.825,1000.0
10,-1.275,0.8625,1000.0
10,-1.275,0.9,1000.0
10,-1.275,0.9375,1000.0
10,-1.275,0.975,1000.0
10,-1.275,1.0125,1000.0
10,-1.275,1.05,1000.0
10,-1.275,1.0875,1000.0
10,-1.275,1.125,1000.0
10,-1.275,1.1625,1000.0
10,-1.275,1.2,1000.0
10,-1.275,1.2375,1000.0
10,-1.275,1.275,1000.0
10,-1.275,1.3125,1000.0
10,-1.275,1.35,1000.0
10,-1.275,1.3875,1000.0
10,-1.275,1.425,1000.0
10,-1.275,1.4625,1000.0
10,-1.275,1.5,1000.0
10,-1.2375,-1.5,1.770821359591684
10,-1.2375,-1.4625,1.7692875145490128
10,-1.2375,-1.425,1.7677262145026742
10,-1.2375,-1.3875,1.7661366356062753
10,-1.2375,-1.35,1.7645179062911123
10,-1.2375,-1.3125,1.7628691069703344
10,-1.2375,-1.275,1.7611892685525492
10,-1.2375,-1.2375,1.7594773701272022
10,-1.2375,-1.2,1.7577323359478112
10,-1.2375,-1.1625,1.7559530317663274
10,-1.2375,-1.125,1.754138260563584
10,-1.2375,-1.0875,1.7522867577300147
10,-1.2375,-1.05,1.7503971857564624
10,-1.2375,-1.0125,1.7484681284893586
10,-1.2375,-0.975,1.7464980849877654
10,-1.2375,-0.9375,1.7444854629950515
10,-1.2375,-0.9,1.7424285720095618
10,-1.2375,-0.8625,1.7403256159106502
10,-1.2375,-0.825,1.738174685071421
10,-1.2375,-0.7875,1.7359737478690718
10,-1.2375,-0.75,1.7337206414879494
10,-1.2375,-0.7125,1.731413061898758
10,-1.2375,-0.675,1.7290485528884054
10,-1.2375,-0.6375,1.726624494007364
10,-1.2375,-0.6,1.7241380872933216
10,-1.2375,-0.5625,1.7215863426193199
10,-1.2375,-0.525,1.7189660614993922
10,-1.2375,-0.4875,1.7162738191614269
10,-1.2375,-0.45,1.71350594466112
10,-1.2375,-0.4125,1.7106584987545408
10,-1.2375,-0.375,1.707727249157155
10,-1.2375,-0.3375,1.7047076426722585
10,-1.2375,-0.3,1.7015947734335446
10,-1.2375,-0.2625,1.6983833461082494
10,-1.2375,-0.225,1.6950676322307
10,-1.2375,-0.1875,1.6916414166672684
10,-1.2375,-0.15,1.6880979291600429
10,-1.2375,-0.1125,1.6844297522213236
10,-1.2375,-0.075,1.6806286899391165
10,-1.2375,-0.0375,1.676685569711943
10,-1.2375,0.0,1.6725899248732232
10,-1.2375,0.0375,1.6683294586028776
10,-1.2375,0.075,1.6638890921535168
10,-1.2375,0.1125,1.6592491928807132
10,-1.2375,0.15,1.6543821142545534
10,-1.2375,0.1875,1.649245090570285
10,-1.2375,0.225,1.6437648254281658
10,-1.2375,0.2625,1.6378021481577714
10,-1.2375,0.3,1.6310687226823244
10,-1.2375,0.3375,1.6230050037661679
10,-1.2375,0.375,1.6154023663384813
10,-1.2375,0.4125,1000.0
10,-1.2375,0.45,1000.0
10,-1.2375,0.4875,1000.0
10,-1.2375,0.525,1000.0
10,-1.2375,0.5625,1000.0
10,-1.2375,0.6,1000.0
10,-1.2375,0.6375,1000.0
10,-1.2375,0.675,1000.0
10,-1.2375,0.7125,1000.0
10,-1.2375,0.75,1000.0
10,-1.2375,0.7875,1000.0
10,-1.2375,0.825,1000.0
10,-1.2375,0.8625,1000.0
10,-1.2375,0.9,1000.0
10,-1.2375,0.9375,1000.0
10,-1.2375,0.975,1000.0
10,-1.2375,1.0125,1000.0
10,-1.2375,1.05,1000.0
10,-1.2375,1.0875,1000.0
10,-1.2375,1.125,1000.0
10,-1.2375,1.1625,1000.0
10,-1.2375,1.2,1000.0
10,-1.2375,1.2375,1000.0
10,-1.2375,1.275,1000.0
10,-1.2375,1.3125,1000.0
10,-1.2375,1.35,1000.0
10,-1.2375,1.3875,1000.0
10,-1.2375,1.425,1000.0
10,-1.2375,1.4625,1000.0
10,-1.2375,1.5,1000.0
10,-1.2,-1.5,1.7637892583619912
10,-1.2,-1.4625,1.7621935159080275
10,-1.2,-1.425,1.760568990979409
10,-1.2,-1.3875,1.7589148243855932
10,-1.2,-1.35,1.757230108777444
10,-1.2,-1.3125,1.7555138882838859
10,-1.2,-1.275,1.7537651570488773
10,-1.2,-1.2375,1.7519828569986302
10,-1.2,-1.2,1.7501658749625673
10,-1.2,-1.1625,1.7483130392107094
10,-1.2,-1.125,1.7464231154665755
10,-1.2,-1.0875,1.7444948024657059
10,-1.2,-1.05,1.7425267271370863
10,-1.2,-1.0125,1.740517439481855
10,-1.2,-0.975,1.7384654072112764
10,-1.2,-0.9375,1.7363690101880584
10,-1.2,-0.9,1.734226534696085
10,-1.2,-0.8625,1.7320361675481586
10,-1.2,-0.825,1.7297959900324982
10,-1.2,-0.7875,1.7275039716988931
10,-1.2,-0.75,1.725157963996126
10,-1.2,-0.7125,1.7227556937945006
10,-1.2,-0.675,1.7202947568627978
10,-1.2,-0.6375,1.7177726114193275
10,-1.2,-0.6,1.7151865719456987
10,-1.2,-0.5625,1.7125338035444824
10,-1.2,-0.525,1.7098113172457088
10,-1.2,-0.4875,1.7070159668334581
10,-1.2,-0.45,1.704144447988405
10,-1.2,-0.4125,1.7011933008477131
10,-1.2,-0.375,1.6981589175020524
10,-1.2,-0.3375,1.695037556526138
10,-1.2,-0.3,1.6918253674387995
10,-1.2,-0.2625,1.6885184291040043
10,-1.2,-0.225,1.6851128076486424
10,-1.2,-0.1875,1.681604641677788
10,-1.2,-0.15,1.6779902656870054
10,-1.2,-0.1125,1.6742663869894658
10,-1.2,-0.075,1.6704303377171072
10,-1.2,-0.0375,1.6664804321804225
10,-1.2,0.0,1.6624164717568972
10,-1.2,0.0375,1.6582404547290228
10,-1.2,0.075,1.6539575653049625
10,-1.2,0.1125,1.6495775262420131
10,-1.2,0.15,1.6451163772763255
10,-1.2,0.1875,1.6405986219050752
10,-1.2,0.225,1.6360593865946034
10,-1.2,0.2625,1.6315465307869799
10,-1.2,0.3,1.6271372801586523
10,-1.2,0.3375,1.6232730374950404
10,-1.2,0.375,1.6346451991966706
10,-1.2,0.4125,1000.0
10,-1.2,0.45,1000.0
10,-1.2,0.4875,1000.0
10,-1.2,0.525,1000.0
10,-1.2,0.5625,1000.0
10,-1.2,0.6,1000.0
10,-1.2,0.6375,1000.0
10,-1.2,0.675,1000.0
10,-1.2,0.7125,1000.0
10,-1.2,0.75,1000.0
10,-1.2,0.7875,1000.0
10,-1.2,0.825,1000.0
10,-1.2,0.8625,1000.0
10,-1.2,0.9,1000.0
10,-1.2,0.9375,1000.0
10,-1.2,0.975,1000.0
10,-1.2,1.0125,1000.0
10,-1.2,1.05,1000.0
10,-1.2,1.0875,1000.0
10,-1.2,1.125,1000.0
10,-1.2,1.1625,1000.0
10,-1.2,1.2,1000.0
10,-1.2,1.2375,1000.0
10,-1.2,1.275,1000.0
10,-1.2,1.3125,1000.0
10,-1.2,1.35,1000.0
10,-1.2,1.3875,1000.0
10,-1.2,1.425,1000.0
10,-1.2,1.4625,1000.0
10,-1.2,1.5,1000.0
10,-1.1625,-1.5,1.7567131618980012
10,-1.1625,-1.4625,1.7550541159371256
10,-1.1625,-1.425,1.7533649053377645
10,-1.1625,-1.3875,1.751644633688068
10,-1.1625,-1.35,1.749892355820953
10,-1.1625,-1.3125,1.7481070774376635
10,-1.1625,-1.275,1.746287753702988
10,-1.1625,-1.2375,1.7444332871198758
10,-1.1625,-1.2,1.7425425248097353
10,-1.1625,-1.1625,1.740614255274194
10,-1.1625,-1.125,1.7386472047144508
10,-1.1625,-1.0875,1.7366400329973783
10,-1.1625,-1.05,1.7345913293667414
10,-1.1625,-1.0125,1.7324996079983865
10,-1.1625,-0.975,1.730363303491546
10,-1.1625,-0.9375,1.7281807663786468
10,-1.1625,-0.9,1.725950258728494
10,-1.1625,-0.8625,1.7236699499172365
10,-1.1625,-0.825,1.7213379126523312
10,-1.1625,-0.7875,1.7189521193600847
10,-1.1625,-0.75,1.7165104390906862
10,-1.1625,-0.7125,1.7140106351594566
10,-1.1625,-0.675,1.7114503638341845
10,-1.1625,-0.6375,1.7088271745029
10,-1.1625,-0.6,1.7061385119243322
10,-1.1625,-0.5625,1.7033817213895557
10,-1.1625,-0.525,1.7005540579293723
10,-1.1625,-0.4875,1.6976527011190778
10,-1.1625,-0.45,1.694674777605381
10,-1.1625,-0.4125,1.6916173942755017
10,-1.1625,-0.375,1.6884776861029334
10,-1.1625,-0.3375,1.685252884282867
10,-1.1625,-0.3,1.6819404125323756
10,-1.1625,-0.2625,1.678538022712772
10,-1.1625,-0.225,1.6750439857607666
10,-1.1625,-0.1875,1.6714573611299552
10,-1.1625,-0.15,1.66777837890905
10,-1.1625,-0.1125,1.6640089857707416
10,-1.1625,-0.075,1.6601536328022162
10,-1.1625,-0.0375,1.6562204269317191
10,-1.1625,0.0,1.6522228406348172
10,-1.1625,0.0375,1.64818230083654
10,-1.1625,0.075,1.6441322057720558
10,-1.1625,0.1125,1.6401243528471376
10,-1.1625,0.15,1.6362396517790219
10,-1.1625,0.1875,1.632607032764643
10,-1.1625,0.225,1.6294399357311131
10,-1.1625,0.2625,1.6271188331185642
10,-1.1625,0.3,1.6264473841771514
10,-1.1625,0.3375,1.6302166610961613
10,-1.1625,0.375,1000.0
10,-1.1625,0.4125,1000.0
10,-1.1625,0.45,1000.0
10,-1.1625,0.4875,1000.0
10,-1.1625,0.525,1000.0
10,-1.1625,0.5625,1000.0
10,-1.1625,0.6,1000.0
10,-1.1625,0.6375,1000.0
10,-1.1625,0.675,1000.0
10,-1.1625,0.7125,1000.0
10,-1.1625,0.75,1000.0
10,-1.1625,0.7875,1000.0
10,-1.1625,0.825,1000.0
10,-1.1625,0.8625,1000.0
10,-1.1625,0.9,1000.0
10,-1.1625,0.9375,1000.0
10,-1.1625,0.975,1000.0
10,-1.1625,1.0125,1000.0
10,-1.1625,1.05,1000.0
10,-1.1625,1.0875,1000.0
10,-1.1625,1.125,1000.0
10,-1.1625,1.1625,1000.0
10,-1.1625,1.2,1000.0
10,-1.1625,1.2375,1000.0
10,-1.1625,1.275,1000.0
10,-1.1625,1.3125,1000.0
10,-1.1625,1.35,1000.0
10,-1.1625,1.3875,1000.0
10,-1.1625,1.425,1000.0
10,-1.1625,1.4625,1000.0
10,-1.1625,1.5,1000.0
10,-1.125,-1.5,1.749601910649958
10,-1.125,-1.4625,1.747878335979326
10,-1.125,-1.425,1.746123167654159
10,-1.125,-1.3875,1.7443354703327003
10,-1.125,-1.35,1.7425142591656353
10,-1.125,-1.3125,1.740658499445922
10,-1.125,-1.275,1.7387671052847993
10,-1.125,-1.2375,1.7368389376080504
10,-1.125,-1.2,1.734872801606135
10,-1.125,-1.1625,1.7328674437301208
10,-1.125,-1.125,1.7308215483292384
10,-1.125,-1.0875,1.7287337340410092
10,-1.125,-1.05,1.7266025500567266
10,-1.125,-1.0125,1.7244264723898455
10,-1.125,-0.975,1.7222039002748766
10,-1.125,-0.9375,1.719933152824386
10,-1.125,-0.9,1.717612466077606
10,-1.125,-0.8625,1.7152399905914852
10,-1.125,-0.825,1.712813789758897
10,-1.125,-0.7875,1.7103318390942115
10,-1.125,-0.75,1.7077920268089706
10,-1.125,-0.7125,1.70519215611668
10,-1.125,-0.675,1.7025299498650657
10,-1.125,-0.6375,1.6998030583097465
10,-1.125,-0.6,1.6970090711341426
10,-1.125,-0.5625,1.6941455352140444
10,-1.125,-0.525,1.691209980161514
10,-1.125,-0.4875,1.6881999544191955
10,-1.125,-0.45,1.685113075697634
10,-1.125,-0.4125,1.6819471009794795
10,-1.125,-0.375,1.6787000233430496
10,-1.125,-0.3375,1.6753702057677127
10,-1.125,-0.3,1.6719565663136502
10,-1.125,-0.2625,1.6684588353076237
10,-1.125,-0.225,1.664877914517675
10,-1.125,-0.1875,1.6612163825681026
10,-1.125,-0.15,1.657479213057404
10,-1.125,-0.1125,1.6536748072047154
10,-1.125,-0.075,1.6498165006110528
10,-1.125,-0.0375,1.6459248008736553
10,-1.125,0.0,1.6420307818617155
10,-1.125,0.0375,1.6381813667577303
10,-1.125,0.075,1.634447814427748
10,-1.125,0.1125,1.6309398998088145
10,-1.125,0.15,1.6278308437492408
10,-1.125,0.1875,1.6254042468170453
10,-1.125,0.225,1.6241516046056883
10,-1.125,0.2625,1.6250091639729751
10,-1.125,0.3,1.6301205619198242
10,-1.125,0.3375,1.647405792393013
10,-1.125,0.375,1000.0
10,-1.125,0.4125,1000.0
10,-1.125,0.45,1000.0
10,-1.125,0.4875,1000.0
10,-1.125,0.525,1000.0
10,-1.125,0.5625,1000.0
10,-1.125,0.6,1000.0
10,-1.125,0.6375,1000.0
10,-1.125,0.675,1000.0
10,-1.125,0.7125,1000.0
10,-1.125,0.75,1000.0
10,-1.125,0.7875,1000.0
10,-1.125,0.825,1000.0
10,-1.125,0.8625,1000.0
10,-1.125,0.9,1000.0
10,-1.125,0.9375,1000.0
10,-1.125,0.975,1000.0
10,-1.125,1.0125,1000.0
10,-1.125,1.05,1000.0
10,-1.125,1.0875,1000.0
10,-1.125,1.125,1000.0
10,-1.125,1.1625,1000.0
10,-1.125,1.2,1000.0
10,-1.125,1.2375,1000.0
10,-1.125,1.275,1000.0
10,-1.125,1.3125,1000.0
10,-1.125,1.35,1000.0
10,-1.125,1.3875,1000.0
10,-1.125,1.425,1000.0
10,-1.125,1.4625,1000.0
10,-1.125,1.5,1000.0
10,-1.0875,-1.5,1.7424638808214479
10,-1.0875,-1.4625,1.740674747709399
10,-1.0875,-1.425,1.7388525546463782
10,-1.0875,-1.3875,1.736996325940108
10,-1.0875,-1.35,1.7351050354890718
10,-1.0875,-1.3125,1.733177606483387
10,-1.0875,-1.275,1.7312129101719842
10,-1.0875,-1.2375,1.7292097639833988
10,-1.0875,-1.2,1.727166929144946
10,-1.0875,-1.1625,1.7250831079108278
10,-1.0875,-1.125,1.722956940516929
10,-1.0875,-1.0875,1.7207870019974725
10,-1.0875,-1.05,1.718571799013657
10,-1.0875,-1.0125,1.716309766854453
10,-1.0875,-0.975,1.7139992667774497
10,-1.0875,-0.9375,1.7116385838691708
10,-1.0875,-0.9,1.7092259256254145
10,-1.0875,-0.8625,1.7067594214899877
10,-1.0875,-0.825,1.7042371236508287
10,-1.0875,-0.7875,1.7016570094829304
10,-1.0875,-0.75,1.6990169861559234
10,-1.0875,-0.7125,1.6963148981011282
10,-1.0875,-0.675,1.6935485382731303
10,-1.0875,-0.6375,1.6907156644655834
10,-1.0875,-0.6,1.6878140223797475
10,-1.0875,-0.5625,1.6848413777409272
10,-1.0875,-0.525,1.6817955605753312
10,-1.0875,-0.4875,1.6786745258897198
10,-1.0875,-0.45,1.6754764365743198
10,-1.0875,-0.4125,1.672199776578091
10,-1.0875,-0.375,1.6688435055907707
10,-1.0875,-0.3375,1.6654072710788634
10,-1.0875,-0.3,1.6618917002984848
10,-1.0875,-0.2625,1.6582988050188714
10,-1.0875,-0.225,1.6546325470423784
10,-1.0875,-0.1875,1.6508996363720316
10,-1.0875,-0.15,1.6471106714709378
10,-1.0875,-0.1125,1.6432817919908547
10,-1.0875,-0.075,1.6394371158772396
10,-1.0875,-0.0375,1.6356124073735956
10,-1.0875,0.0,1.6318607339814666
10,-1.0875,0.0375,1.6282614507575792
10,-1.0875,0.075,1.6249349887289388
10,-1.0875,0.1125,1.6220683035239853
10,-1.0875,0.15,1.6199612276450261
10,-1.0875,0.1875,1.6191175177121413
10,-1.0875,0.225,1.6204437583973061
10,-1.0875,0.2625,1.6257609050900124
10,-1.0875,0.3,1.6395561152102724
10,-1.0875,0.3375,1.6805117730926604
10,-1.0875,0.375,1000.0
10,-1.0875,0.4125,1000.0
10,-1.0875,0.45,1000.0
10,-1.0875,0.4875,1000.0
10,-1.0875,0.525,1000.0
10,-1.0875,0.5625,1000.0
10,-1.0875,0.6,1000.0
10,-1.0875,0.6375,1000.0
10,-1.0875,0.675,1000.0
10,-1.0875,0.7125,1000.0
10,-1.0875,0.75,1000.0
10,-1.0875,0.7875,1000.0
10,-1.0875,0.825,1000.0
10,-1.0875,0.8625,1000.0
10,-1.0875,0.9,1000.0
10,-1.0875,0.9375,1000.0
10,-1.0875,0.975,1000.0
10,-1.0875,1.0125,1000.0
10,-1.0875,1.05,1000.0
10,-1.0875,1.0875,1000.0
10,-1.0875,1.125,1000.0
10,-1.0875,1.1625,1000.0
10,-1.0875,1.2,1000.0
10,-1.0875,1.2375,1000.0
10,-1.0875,1.275,1000.0
10,-1.0875,1.3125,1000.0
10,-1.0875,1.35,1000.0
10,-1.0875,1.3875,1000.0
10,-1.0875,1.425,1000.0
10,-1.0875,1.4625,1000.0
10,-1.0875,1.5,1000.0
10,-1.05,-1.5,1.7353066952784826
10,-1.05,-1.4625,1.7334511763527511
10,-1.05,-1.425,1.7315611048538198
10,-1.05,-1.3875,1.7296354637008964
10,-1.05,-1.35,1.727673184359241
10,-1.05,-1.3125,1.725673146602958
10,-1.05,-1.275,1.7236341773718922
10,-1.05,-1.2375,1.721555049008742
10,-1.05,-1.2,1.7194344770353815
10,-1.05,-1.1625,1.7172711175996107
10,-1.05,-1.125,1.7150635647336967
10,-1.05,-1.0875,1.7128103475862735
10,-1.05,-1.05,1.710509927807646
10,-1.05,-1.0125,1.7081606972846324
10,-1.05,-0.975,1.7057609764378459
10,-1.05,-0.9375,1.7033090133184756
10,-1.05,-0.9,1.7008029837802048
10,-1.05,-0.8625,1.6982409930626756
10,-1.05,-0.825,1.695621079213778
10,-1.05,-0.7875,1.6929412189082154
10,-1.05,-0.75,1.6901993364007109
10,-1.05,-0.7125,1.6873933165989428
10,-1.05,-0.675,1.6845210235752834
10,-1.05,-0.6375,1.6815803262877724
10,-1.05,-0.6,1.6785691338929316
10,-1.05,-0.5625,1.6754854438689026
10,-1.05,-0.525,1.6723274073179928
10,-1.05,-0.4875,1.6690934174175494
10,-1.05,-0.45,1.6657822292359297
10,-1.05,-0.4125,1.6623931223261026
10,-1.05,-0.375,1.6589261221105733
10,-1.05,-0.3375,1.6553823027877272
10,-1.05,-0.3,1.651764204443305
10,-1.05,-0.2625,1.6480764120486264
10,-1.05,-0.225,1.6443263670454165
10,-1.05,-0.1875,1.6405255182735858
10,-1.05,-0.15,1.6366909767840143
10,-1.05,-0.1125,1.6328479340995492
10,-1.05,-0.075,1.629033264362071
10,-1.05,-0.0375,1.6253010124196903
10,-1.05,0.0,1.6217309823360182
10,-1.05,0.0375,1.6184426165925594
10,-1.05,0.075,1.6156183182427897
10,-1.05,0.1125,1.6135445842789182
10,-1.05,0.15,1.6126891668871055
10,-1.05,0.1875,1.6138581266922045
10,-1.05,0.225,1.6185541339748062
10,-1.05,0.2625,1.6299485892107841
10,-1.05,0.3,1.6564512132392482
10,-1.05,0.3375,1.7388339208042223
10,-1.05,0.375,1000.0
10,-1.05,0.4125,1000.0
10,-1.05,0.45,1000.0
10,-1.05,0.4875,1000.0
10,-1.05,0.525,1000.0
10,-1.05,0.5625,1000.0
10,-1.05,0.6,1000.0
10,-1.05,0.6375,1000.0
10,-1.05,0.675,1000.0
10,-1.05,0.7125,1000.0
10,-1.05,0.75,1000.0
10,-1.05,0.7875,1000.0
10,-1.05,0.825,1000.0
10,-1.05,0.8625,1000.0
10,-1.05,0.9,1000.0
10,-1.05,0.9375,1000.0
10,-1.05,0.975,1000.0
10,-1.05,1.0125,1000.0
10,-1.05,1.05,1000.0
10,-1.05,1.0875,1000.0
10,-1.05,1.125,1000.0
10,-1.05,1.1625,1000.0
10,-1.05,1.2,1000.0
10,-1.05,1.2375,1000.0
10,-1.05,1.275,1000.0
10,-1.05,1.3125,1000.0
10,-1.05,1.35,1000.0
10,-1.05,1.3875,1000.0
10,-1.05,1.425,1000.0
10,-1.05,1.4625,1000.0
10,-1.05,1.5,1000.0
10,-1.0125,-1.5,1.7281369467767775
10,-1.0125,-1.4625,1.7262144147569587
10,-1.0125,-1.425,1.7242558230111806
10,-1.0125,-1.3875,1.7222601124612391
10,-1.0125,-1.35,1.7202261713895923
10,-1.0125,-1.3125,1.7181528352616098
10,-1.0125,-1.275,1.7160388856591953
10,-1.0125,-1.2375,1.7138830486152694
10,-1.0125,-1.2,1.7116839925245835
10,-1.0125,-1.1625,1.7094403257843005
10,-1.0125,-1.125,1.7071505943308822
10,-1.0125,-1.0875,1.7048132792627821
10,-1.0125,-1.05,1.7024267947613252
10,-1.0125,-1.0125,1.6999894865448797
10,-1.0125,-0.975,1.6974996311182955
10,-1.0125,-0.9375,1.6949554361179078
10,-1.0125,-0.9,1.6923550421101512
10,-1.0125,-0.8625,1.6896965262880386
10,-1.0125,-0.825,1.6869779086342491
10,-1.0125,-0.7875,1.6841971612940554
10,-1.0125,-0.75,1.6813522221409298
10,-1.0125,-0.7125,1.6784410138430652
10,-1.0125,-0.675,1.675461470178746
10,-1.0125,-0.6375,1.6724115719439956
10,-1.0125,-0.6,1.6692893956059618
10,-1.0125,-0.5625,1.666093178965675
10,-1.0125,-0.525,1.662821409629316
10,-1.0125,-0.4875,1.6594729442323106
10,-1.0125,-0.45,1.6560471693914263
10,-1.0125,-0.4125,1.6525442196944498
10,-1.0125,-0.375,1.6489652743183136
10,-1.0125,-0.3375,1.6453129631010928
10,-1.0125,-0.3,1.6415919266863885
10,-1.0125,-0.2625,1.6378095963213068
10,-1.0125,-0.225,1.633977291367328
10,-1.0125,-0.1875,1.6301117839879056
10,-1.0125,-0.15,1.6262375638023623
10,-1.0125,-0.1125,1.6223901740391367
10,-1.0125,-0.075,1.6186212288805732
10,-1.0125,-0.0375,1.615006145006474
10,-1.0125,0.0,1.611656403785394
10,-1.0125,0.0375,1.6087396810190155
10,-1.0125,0.075,1.606514304378463
10,-1.0125,0.1125,1.6053913750890592
10,-1.0125,0.15,1.6060544071287925
10,-1.0125,0.1875,1.609710761085671
10,-1.0125,0.225,1.6186885767277437
10,-1.0125,0.2625,1.6381418938171817
10,-1.0125,0.3,1.6827891114708893
10,-1.0125,0.3375,1.8383055046824628
10,-1.0125,0.375,1000.0
10,-1.0125,0.4125,1000.0
10,-1.0125,0.45,1000.0
10,-1.0125,0.4875,1000.0
10,-1.0125,0.525,1000.0
10,-1.0125,0.5625,1000.0
10,-1.0125,0.6,1000.0
10,-1.0125,0.6375,1000.0
10,-1.0125,0.675,1000.0
10,-1.0125,0.7125,1000.0
10,-1.0125,0.75,1000.0
10,-1.0125,0.7875,1000.0
10,-1.0125,0.825,1000.0
10,-1.0125,0.8625,1000.0
10,-1.0125,0.9,1000.0
10,-1.0125,0.9375,1000.0
10,-1.0125,0.975,1000.0
10,-1.0125,1.0125,1000.0
10,-1.0125,1.05,1000.0
10,-1.0125,1.0875,1000.0
10,-1.0125,1.125,1000.0
10,-1.0125,1.1625,1000.0
10,-1.0125,1.2,1000.0
10,-1.0125,1.2375,1000.0
10,-1.0125,1.275,1000.0
10,-1.0125,1.3125,1000.0
10,-1.0125,1.35,1000.0
10,-1.0125,1.3875,1000.0
10,-1.0125,1.425,1000.0
10,-1.0125,1.4625,1000.0
10,-1.0125,1.5,1000.0
10,-0.975,-1.5,1.721084811077748
10,-0.975,-1.4625,1.7190948263035573
10,-0.975,-1.425,1.7170672720208755
10,-0.975,-1.3875,1.7150010469471093
10,-0.975,-1.35,1.7128949958257762
10,-0.975,-1.3125,1.7107479092925797
10,-0.975,-1.275,1.7085585228613185
10,-0.975,-1.2375,1.7063255153258634
10,-0.975,-1.2,1.7040475067720349
10,-0.975,-1.1625,1.7017230563761618
10,-0.975,-1.125,1.6993506601832031
10,-0.975,-1.0875,1.6969287490833531
10,-0.975,-1.05,1.6944556872337866
10,-0.975,-1.0125,1.6919297712024457
10,-0.975,-0.975,1.6893492301487236
10,-0.975,-0.9375,1.686712227409708
10,-0.975,-0.9,1.6840168639392712
10,-0.975,-0.8625,1.681261184161357
10,-0.975,-0.825,1.67844318495996
10,-0.975,-0.7875,1.6755608287513715
10,-0.975,-0.75,1.672612061888502
10,-0.975,-0.7125,1.6695948400590788
10,-0.975,-0.675,1.6665071628964572
10,-0.975,-0.6375,1.6633471207772994
10,-0.975,-0.6,1.6601129578109606
10,-0.975,-0.5625,1.6568031564430394
10,-0.975,-0.525,1.653416551063892
10,-0.975,-0.4875,1.6499524807751063
10,-0.975,-0.45,1.6464109953885324
10,-0.975,-0.4125,1.6427931343707152
10,-0.975,-0.375,1.6391013066643778
10,-0.975,-0.3375,1.6353398114800413
10,-0.975,-0.3,1.6315155584444496
10,-0.975,-0.2625,1.6276390735124588
10,-0.975,-0.225,1.6237259208316144
10,-0.975,-0.1875,1.6197987406946068
10,-0.975,-0.15,1.6158902182572346
10,-0.975,-0.1125,1.6120474905652198
10,-0.975,-0.075,1.6083388345883722
10,-0.975,-0.0375,1.6048640828199106
10,-0.975,0.0,1.601771347560233
10,-0.975,0.0375,1.599284874401762
10,-0.975,0.075,1.5977535341966078
10,-0.975,0.1125,1.5977400141780942
10,-0.975,0.15,1.6001967639081873
10,-0.975,0.1875,1.606846798884632
10,-0.975,0.225,1.6211220045641617
10,-0.975,0.2625,1.650979544874324
10,-0.975,0.3,1.7208989991767192
10,-0.975,0.3375,2.0081563725377287
10,-0.975,0.375,1000.0
10,-0.975,0.4125,1000.0
10,-0.975,0.45,1000.0
10,-0.975,0.4875,1000.0
10,-0.975,0.525,1000.0
10,-0.975,0.5625,1000.0
10,-0.975,0.6,1000.0
10,-0.975,0.6375,1000.0
10,-0.975,0.675,1000.0
10,-0.975,0.7125,1000.0
10,-0.975,0.75,1000.0
10,-0.975,0.7875,1000.0
10,-0.975,0.825,1000.0
10,-0.975,0.8625,1000.0
10,-0.975,0.9,1000.0
10,-0.975,0.9375,1000.0
10,-0.975,0.975,1000.0
10,-0.975,1.0125,1000.0
10,-0.975,1.05,1000.0
10,-0.975,1.0875,1000.0
10,-0.975,1.125,1000.0
10,-0.975,1.1625,1000.0
10,-0.975,1.2,1000.0
10,-0.975,1.2375,1000.0
10,-0.975,1.275,1000.0
10,-0.975,1.3125,1000.0
10,-0.975,1.35,1000.0
10,-0.975,1.3875,1000.0
10,-0.975,1.425,1000.0
10,-0.975,1.4625,1000.0
10,-0.975,1.5,1000.0
10,-0.9375,-1.5,1.7140914675392476
10,-0.9375,-1.4625,1.712033754731217
10,-0.9375,-1.425,1.7099369710899794
10,-0.9375,-1.3875,1.7077999731965465
10,-0.9375,-1.35,1.70562156214533
10,-0.9375,-1.3125,1.703400483424795
10,-0.9375,-1.275,1.7011354259189035
10,-0.9375,-1.2375,1.69882502033504
10,-0.9375,-1.2,1.6964678372719753
10,-0.9375,-1.1625,1.6940623851288605
10,-0.9375,-1.125,1.69160710807544
10,-0.9375,-1.0875,1.6891003843331618
10,-0.9375,-1.05,1.6865405250499585
10,-0.9375,-1.0125,1.683925774090046
10,-0.9375,-0.975,1.6812543091101575
10,-0.9375,-0.9375,1.6785242443640893
10,-0.9375,-0.9,1.6757336357787314
10,-0.9375,-0.8625,1.6728804889887035
10,-0.9375,-0.825,1.6699627712175371
10,-0.9375,-0.7875,1.666978428168758
10,-0.9375,-0.75,1.6639254074644727
10,-0.9375,-0.7125,1.6608016906748542
10,-0.9375,-0.675,1.6576053366661905
10,-0.9375,-0.6375,1.6543345399247666
10,-0.9375,-0.6,1.650987708785298
10,-0.9375,-0.5625,1.6475635702467302
10,-0.9375,-0.525,1.6440613105022241
10,-0.9375,-0.4875,1.640480763753411
10,-0.9375,-0.45,1.6368226667885293
10,-0.9375,-0.4125,1.6330890038968988
10,-0.9375,-0.375,1.6292834770862796
10,-0.9375,-0.3375,1.6254121520404827
10,-0.9375,-0.3,1.621484353677136
10,-0.9375,-0.2625,1.617513921296341
10,-0.9375,-0.225,1.6135209902063647
10,-0.9375,-0.1875,1.6095345583793867
10,-0.9375,-0.15,1.6055962481951864
10,-0.9375,-0.1125,1.6017659310201013
10,-0.9375,-0.075,1.5981303351540073
10,-0.9375,-0.0375,1.5948165834837063
10,-0.9375,0.0,1.5920141798967071
10,-0.9375,0.0375,1.5900121152031639
10,-0.9375,0.075,1.5892644767366115
10,-0.9375,0.1125,1.5905133552825614
10,-0.9375,0.15,1.5950366961349445
10,-0.9375,0.1875,1.605199458072313
10,-0.9375,0.225,1.625859537491606
10,-0.9375,0.2625,1.6687920733012767
10,-0.9375,0.3,1.7730014222042558
10,-0.9375,0.3375,2.3070473738462285
10,-0.9375,0.375,1000.0
10,-0.9375,0.4125,1000.0
10,-0.9375,0.45,1000.0
10,-0.9375,0.4875,1000.0
10,-0.9375,0.525,1000.0
10,-0.9375,0.5625,1000.0
10,-0.9375,0.6,1000.0
10,-0.9375,0.6375,1000.0
10,-0.9375,0.675,1000.0
10,-0.9375,0.7125,1000.0
10,-0.9375,0.75,1000.0
10,-0.9375,0.7875,1000.0
10,-0.9375,0.825,1000.0
10,-0.9375,0.8625,1000.0
10,-0.9375,0.9,1000.0
10,-0.9375,0.9375,1000.0
10,-0.9375,0.975,1000.0
10,-0.9375,1.0125,1000.0
10,-0.9375,1.05,1000.0
10,-0.9375,1.0875,1000.0
10,-0.9375,1.125,1000.0
10,-0.9375,1.1625,1000.0
10,-0.9375,1.2,1000.0
10,-0.9375,1.2375,1000.0
10,-0.9375,1.275,1000.0
10,-0.9375,1.3125,1000.0
10,-0.9375,1.35,1000.0
10,-0.9375,1.3875,1000.0
10,-0.9375,1.425,1000.0
10,-0.9375,1.4625,1000.0
10,-0.9375,1.5,1000.0
10,-0.9,-1.5,1.7070961648772922
10,-0.9,-1.4625,1.7049705790287855
10,-0.9,-1.425,1.702804438664704
10,-0.9,-1.3875,1.7005965583207692
10,-0.9,-1.35,1.6983456952934415
10,-0.9,-1.3125,1.6960505494907099
10,-0.9,-1.275,1.693709762398287
10,-0.9,-1.2375,1.6913219154783894
10,-0.9,-1.2,1.6888855282353168
10,-0.9,-1.1625,1.6863990561739028
10,-0.9,-1.125,1.6838608888991167
10,-0.9,-1.0875,1.6812693486385637
10,-0.9,-1.05,1.6786226895086684
10,-0.9,-1.0125,1.6759190978930283
10,-0.9,-0.975,1.6731566943645246
10,-0.9,-0.9375,1.670333537671249
10,-0.9,-0.9,1.6674476314317905
10,-0.9,-0.8625,1.6644969343612146
10,-0.9,-0.825,1.661479375092218
10,-0.9,-0.7875,1.6583928729871438
10,-0.9,-0.75,1.655235366785306
10,-0.9,-0.7125,1.6520048535358125
10,-0.9,-0.675,1.6486994410861266
10,-0.9,-0.6375,1.6453174185119994
10,-0.9,-0.6,1.6418573504031888
10,-0.9,-0.5625,1.6383182030338428
10,-0.9,-0.525,1.6346995134013425
10,-0.9,-0.4875,1.6310016162945786
10,-0.9,-0.45,1.627225950531698
10,-0.9,-0.4125,1.6233754741827264
10,-0.9,-0.375,1.6194552313674584
10,-0.9,-0.3375,1.6154731323358917
10,-0.9,-0.3,1.6114410376532013
10,-0.9,-0.2625,1.607376282515083
10,-0.9,-0.225,1.6033038489088076
10,-0.9,-0.1875,1.5992595097313498
10,-0.9,-0.15,1.595294462971862
10,-0.9,-0.1125,1.5914823070501096
10,-0.9,-0.075,1.5879297993479773
10,-0.9,-0.0375,1.5847939296340872
10,-0.9,0.0,1.5823099406862404
10,-0.9,0.0375,1.5808391957744308
10,-0.9,0.075,1.5809550244540258
10,-0.9,0.1125,1.583606250197045
10,-0.9,0.15,1.5904536512959322
10,-0.9,0.1875,1.604636978855566
10,-0.9,0.225,1.6327951859117527
10,-0.9,0.2625,1.6917132151732195
10,-0.9,0.3,1.8411556410086762
10,-0.9,0.3375,2.875895167869344
10,-0.9,0.375,1000.0
10,-0.9,0.4125,1000.0
10,-0.9,0.45,1000.0
10,-0.9,0.4875,1000.0
10,-0.9,0.525,1000.0
10,-0.9,0.5625,1000.0
10,-0.9,0.6,1000.0
10,-0.9,0.6375,1000.0
10,-0.9,0.675,1000.0
10,-0.9,0.7125,1000.0
10,-0.9,0.75,1000.0
10,-0.9,0.7875,1000.0
10,-0.9,0.825,1000.0
10,-0.9,0.8625,1000.0
10,-0.9,0.9,1000.0
10,-0.9,0.9375,1000.0
10,-0.9,0.975,1000.0
10,-0.9,1.0125,1000.0
10,-0.9,1.05,1000.0
10,-0.9,1.0875,1000.0
10,-0.9,1.125,1000.0
10,-0.9,1.1625,1000.0
10,-0.9,1.2,1000.0
10,-0.9,1.2375,1000.0
10,-0.9,1.275,1000.0
10,-0.9,1.3125,1000.0
10,-0.9,1.35,1000.0
10,-0.9,1.3875,1000.0
10,-0.9,1.425,1000.0
10,-0.9,1.4625,1000.0
10,-0.9,1.5,1000.0
10,-0.8625,-1.5,1.700098615543226
10,-0.8625,-1.4625,1.6979050971727394
10,-0.8625,-1.425,1.695669564274131
10,-0.8625,-1.3875,1.6933907890519664
10,-0.8625,-1.35,1.6910674843700084
10,-0.8625,-1.3125,1.6886983035099272
10,-0.8625,-1.275,1.686281839034449
10,-0.8625,-1.2375,1.683816621085173
10,-0.8625,-1.2,1.681301115370758
10,-0.8625,-1.1625,1.6787337210972821
10,-0.8625,-1.125,1.6761127691181221
10,-0.8625,-1.0875,1.6734365206184927
10,-0.8625,-1.05,1.670703166695553
10,-0.8625,-1.0125,1.6679108292525364
10,-0.8625,-0.975,1.6650575637025216
10,-0.8625,-0.9375,1.6621413640852132
10,-0.8625,-0.9,1.6591601713510409
10,-0.8625,-0.8625,1.6561118857766208
10,-0.8625,-0.825,1.6529943847629402
10,-0.8625,-0.7875,1.6498055476578124
10,-0.8625,-0.75,1.6465432897706278
10,-0.8625,-0.7125,1.643205608458081
10,-0.8625,-0.675,1.6397906451212774
10,-0.8625,-0.6375,1.636296768264211
10,-0.8625,-0.6,1.6327226845613152
10,-0.8625,-0.5625,1.6290675873732252
10,-0.8625,-0.525,1.625331355640553
10,-0.8625,-0.4875,1.621514821034454
10,-0.8625,-0.45,1.617620128351254
10,-0.8625,-0.4125,1.6136512244933212
10,-0.8625,-0.375,1.6096145266947581
10,-0.8625,-0.3375,1.6055198436850127
10,-0.8625,-0.3,1.6013816587579666
10,-0.8625,-0.2625,1.5972209388119154
10,-0.8625,-0.225,1.5930677213778566
10,-0.8625,-0.1875,1.5889648754629302
10,-0.8625,-0.15,1.5849736735494928
10,-0.8625,-0.1125,1.5811822300548766
10,-0.8625,-0.075,1.577718609968863
10,-0.8625,-0.0375,1.5747718049827664
10,-0.8625,0.0,1.572626490257455
10,-0.8625,0.0375,1.5717230598178211
10,-0.8625,0.075,1.5727666893640395
10,-0.8625,0.1125,1.5769382654584803
10,-0.8625,0.15,1.5863363620146955
10,-0.8625,0.1875,1.6050078131604315
10,-0.8625,0.225,1.6417428455833474
10,-0.8625,0.2625,1.719658815087035
10,-0.8625,0.3,1.9269764258222222
10,-0.8625,0.3375,4.227452707214995
10,-0.8625,0.375,1000.0
10,-0.8625,0.4125,1000.0
10,-0.8625,0.45,1000.0
10,-0.8625,0.4875,1000.0
10,-0.8625,0.525,1000.0
10,-0.8625,0.5625,1000.0
10,-0.8625,0.6,1000.0
10,-0.8625,0.6375,1000.0
10,-0.8625,0.675,1000.0
10,-0.8625,0.7125,1000.0
10,-0.8625,0.75,1000.0
10,-0.8625,0.7875,1000.0
10,-0.8625,0.825,1000.0
10,-0.8625,0.8625,1000.0
10,-0.8625,0.9,1000.0
10,-0.8625,0.9375,1000.0
10,-0.8625,0.975,1000.0
10,-0.8625,1.0125,1000.0
10,-0.8625,1.05,1000.0
10,-0.8625,1.0875,1000.0
10,-0.8625,1.125,1000.0
10,-0.8625,1.1625,1000.0
10,-0.8625,1.2,1000.0
10,-0.8625,1.2375,1000.0
10,-0.8625,1.275,1000.0
10,-0.8625,1.3125,1000.0
10,-0.8625,1.35,1000.0
10,-0.8625,1.3875,1000.0
10,-0.8625,1.425,1000.0
10,-0.8625,1.4625,1000.0
10,-0.8625,1.5,1000.0
10,-0.825,-1.5,1.6930963214025327
10,-0.825,-1.4625,1.6908348414786356
10,-0.825,-1.425,1.6885299121288604
10,-0.825,-1.3875,1.6861802619946904
10,-0.825,-1.35,1.6837845577550201
10,-0.825,-1.3125,1.6813414037090872
10,-0.825,-1.275,1.6788493404477516
10,-0.825,-1.2375,1.6763068429577086
10,-0.825,-1.2,1.6737123184365112
10,-0.825,-1.1625,1.6710641040966723
10,-0.825,-1.125,1.6683604652663855
10,-0.825,-1.0875,1.6655995941370323
10,-0.825,-1.05,1.66277960956078
10,-0.825,-1.0125,1.659898558369907
10,-0.825,-0.975,1.6569544187817042
10,-0.825,-0.9375,1.6539451065807658
10,-0.825,-0.9,1.6508684849483946
10,-0.825,-0.8625,1.6477223790536524
10,-0.825,-0.825,1.6445045968540335
10,-0.825,-0.7875,1.6412129580042742
10,-0.825,-0.75,1.6378453333785221
10,-0.825,-0.7125,1.634399698528696
10,-0.825,-0.675,1.6308742055081675
10,-0.825,-0.6375,1.6272672789970837
10,-0.825,-0.6,1.6235777447368431
10,-0.825,-0.5625,1.6198050011562466
10,-0.825,-0.525,1.6159492491086387
10,-0.825,-0.4875,1.6120118003778408
10,-0.825,-0.45,1.607995493879651
10,-0.825,-0.4125,1.6039052605760173
10,-0.825,-0.375,1.5997488960788855
10,-0.825,-0.3375,1.5955381270592373
10,-0.825,-0.3,1.5912900993540324
10,-0.825,-0.2625,1.587029481288137
10,-0.825,-0.225,1.5827914811200174
10,-0.825,-0.1875,1.5786262509595785
10,-0.825,-0.15,1.574605442786126
10,-0.825,-0.1125,1.5708321934815397
10,-0.825,-0.075,1.5674567385817797
10,-0.825,-0.0375,1.5647015876735495
10,-0.825,0.0,1.5629036046313944
10,-0.825,0.0375,1.5625874250044869
10,-0.825,0.075,1.5646003868124887
10,-0.825,0.1125,1.5703770760976903
10,-0.825,0.15,1.5825028213176062
10,-0.825,0.1875,1.6060546371587807
10,-0.825,0.225,1.6523358967169524
10,-0.825,0.2625,1.7521730620578042
10,-0.825,0.3,2.031130787290624
10,-0.825,0.3375,1000.0
10,-0.825,0.375,1000.0
10,-0.825,0.4125,1000.0
10,-0.825,0.45,1000.0
10,-0.825,0.4875,1000.0
10,-0.825,0.525,1000.0
10,-0.825,0.5625,1000.0
10,-0.825,0.6,1000.0
10,-0.825,0.6375,1000.0
10,-0.825,0.675,1000.0
10,-0.825,0.7125,1000.0
10,-0.825,0.75,1000.0
10,-0.825,0.7875,1000.0
10,-0.825,0.825,1000.0
10,-0.825,0.8625,1000.0
10,-0.825,0.9,1000.0
10,-0.825,0.9375,1000.0
10,-0.825,0.975,1000.0
10,-0.825,1.0125,1000.0
10,-0.825,1.05,1000.0
10,-0.825,1.0875,1000.0
10,-0.825,1.125,1000.0
10,-0.825,1.1625,1000.0
10,-0.825,1.2,1000.0
10,-0.825,1.2375,1000.0
10,-0.825,1.275,1000.0
10,-0.825,1.3125,1000.0
10,-0.825,1.35,1000.0
10,-0.825,1.3875,1000.0
10,-0.825,1.425,1000.0
10,-0.825,1.4625,1000.0
10,-0.825,1.5,1000.0
10,-0.7875,-1.5,1.6860844669454709
10,-0.7875,-1.4625,1.6837549615247815
10,-0.7875,-1.425,1.6813805921323852
10,-0.7875,-1.3875,1.6789600409125711
10,-0.7875,-1.35,1.6764919246562335
10,-0.7875,-1.3125,1.6739747940985037
10,-0.7875,-1.275,1.6714071322838473
10,-0.7875,-1.2375,1.6687873523585868
10,-0.7875,-1.2,1.6661137950917486
10,-0.7875,-1.1625,1.6633847264299209
10,-0.7875,-1.125,1.6605983354251812
10,-0.7875,-1.0875,1.6577527329232862
10,-0.7875,-1.05,1.6548459514605658
10,-0.7875,-1.0125,1.6518759468978048
10,-0.7875,-0.975,1.6488406024275672
10,-0.7875,-0.9375,1.6457377357405392
10,-0.7875,-0.9,1.6425651103420007
10,-0.7875,-0.8625,1.639320452290327
10,-0.7875,-0.825,1.636001474009293
10,-0.7875,-0.7875,1.6326059073372097
10,-0.7875,-0.75,1.6291315486621794
10,-0.7875,-0.7125,1.625576319916256
10,-0.7875,-0.675,1.6219383504495715
10,-0.7875,-0.6375,1.6182160865065192
10,-0.7875,-0.6,1.614408437364654
10,-0.7875,-0.5625,1.6105149704479456
10,-0.7875,-0.525,1.606536172299059
10,-0.7875,-0.4875,1.6024737988133018
10,-0.7875,-0.45,1.598331347558806
10,-0.7875,-0.4125,1.594114698835991
10,-0.7875,-0.375,1.5898329927596977
10,-0.7875,-0.3375,1.5854998409704126
10,-0.7875,-0.3,1.5811350200484604
10,-0.7875,-0.2625,1.576766870254832
10,-0.7875,-0.225,1.5724357468621173
10,-0.7875,-0.1875,1.5681990760141369
10,-0.7875,-0.15,1.5641389152814364
10,-0.7875,-0.1125,1.5603735300843178
10,-0.7875,-0.075,1.5570756075292729
10,-0.7875,-0.0375,1.554501830484959
10,-0.7875,0.0,1.5530427039767454
10,-0.7875,0.0375,1.553310275759834
10,-0.7875,0.075,1.5563010391473202
10,-0.7875,0.1125,1.5637192390400894
10,-0.7875,0.15,1.5786756953930448
10,-0.7875,0.1875,1.607381326885446
10,-0.7875,0.225,1.663977152318827
10,-0.7875,0.2625,1.788323487586845
10,-0.7875,0.3,2.1528285869614505
10,-0.7875,0.3375,1000.0
10,-0.7875,0.375,1000.0
10,-0.7875,0.4125,1000.0
10,-0.7875,0.45,1000.0
10,-0.7875,0.4875,1000.0
10,-0.7875,0.525,1000.0
10,-0.7875,0.5625,1000.0
10,-0.7875,0.6,1000.0
10,-0.7875,0.6375,1000.0
10,-0.7875,0.675,1000.0
10,-0.7875,0.7125,1000.0
10,-0.7875,0.75,1000.0
10,-0.7875,0.7875,1000.0
10,-0.7875,0.825,1000.0
10,-0.7875,0.8625,1000.0
10,-0.7875,0.9,1000.0
10,-0.7875,0.9375,1000.0
10,-0.7875,0.975,1000.0
10,-0.7875,1.0125,1000.0
10,-0.7875,1.05,1000.0
10,-0.7875,1.0875,1000.0
10,-0.7875,1.125,1000.0
10,-0.7875,1.1625,1000.0
10,-0.7875,1.2,1000.0
10,-0.7875,1.2375,1000.0
10,-0.7875,1.275,1000.0
10,-0.7875,1.3125,1000.0
10,-0.7875,1.35,1000.0
10,-0.7875,1.3875,1000.0
10,-0.7875,1.425,1000.0
10,-0.7875,1.4625,1000.0
10,-0.7875,1.5,1000.0
10,-0.75,-1.5,1.6790558577754904
10,-0.75,-1.4625,1.6766581516761112
10,-0.75,-1.425,1.674214174561834
10,-0.75,-1.3875,1.6717225564858345
10,-0.75,-1.35,1.6691818576492037
10,-0.75,-1.3125,1.666590567273877
10,-0.75,-1.275,1.6639471015176202
10,-0.75,-1.2375,1.6612498008075827
10,-0.75,-1.2,1.6584969269173793
10,-0.75,-1.1625,1.655686660122047
10,-0.75,-1.125,1.6528170968032843
10,-0.75,-1.0875,1.649886247931605
10,-0.75,-1.05,1.646892038922004
10,-0.75,-1.0125,1.643832311451909
10,-0.75,-0.975,1.6407048279546776
10,-0.75,-0.9375,1.6375072796726329
10,-0.75,-0.9,1.6342372993867704
10,-0.75,-0.8625,1.6308924802562723
10,-0.75,-0.825,1.627470402625974
10,-0.75,-0.7875,1.623968671228957
10,-0.75,-0.75,1.620384965972836
10,-0.75,-0.7125,1.6167171105203002
10,-0.75,-0.675,1.6129631642544018
10,-0.75,-0.6375,1.6091215450983112
10,-0.75,-0.6,1.6051911932442093
10,-0.75,-0.5625,1.6011717894437687
10,-0.75,-0.525,1.5970640465841723
10,-0.75,-0.4875,1.5928701005227235
10,-0.75,-0.45,1.5885940366698605
10,-0.75,-0.4125,1.5842426043109745
10,-0.75,-0.375,1.5798261938926133
10,-0.75,-0.3375,1.5753601879571844
10,-0.75,-0.3,1.570866851569843
10,-0.75,-0.2625,1.5663780156738059
10,-0.75,-0.225,1.5619389490520328
10,-0.75,-0.1875,1.5576140513068695
10,-0.75,-0.15,1.553495404199609
10,-0.75,-0.1125,1.5497159330743804
10,-0.75,-0.075,1.5464702358544622
10,-0.75,-0.0375,1.5440486239091828
10,-0.75,0.0,1.5428948891335528
10,-0.75,0.0375,1.5437088297120156
10,-0.75,0.075,1.5476384151009202
10,-0.75,0.1125,1.5566653192068465
10,-0.75,0.15,1.574449166651569
10,-0.75,0.1875,1.6084067985634436
10,-0.75,0.225,1.6757687423811176
10,-0.75,0.2625,1.8265672849840267
10,-0.75,0.3,2.289264866317162
10,-0.75,0.3375,1000.0
10,-0.75,0.375,1000.0
10,-0.75,0.4125,1000.0
10,-0.75,0.45,1000.0
10,-0.75,0.4875,1000.0
10,-0.75,0.525,1000.0
10,-0.75,0.5625,1000.0
10,-0.75,0.6,1000.0
10,-0.75,0.6375,1000.0
10,-0.75,0.675,1000.0
10,-0.75,0.7125,1000.0
10,-0.75,0.75,1000.0
10,-0.75,0.7875,1000.0
10,-0.75,0.825,1000.0
10,-0.75,0.8625,1000.0
10,-0.75,0.9,1000.0
10,-0.75,0.9375,1000.0
10,-0.75,0.975,1000.0
10,-0.75,1.0125,1000.0
10,-0.75,1.05,1000.0
10,-0.75,1.0875,1000.0
10,-0.75,1.125,1000.0
10,-0.75,1.1625,1000.0
10,-0.75,1.2,1000.0
10,-0.75,1.2375,1000.0
10,-0.75,1.275,1000.0
10,-0.75,1.3125,1000.0
10,-0.75,1.35,1000.0
10,-0.75,1.3875,1000.0
10,-0.75,1.425,1000.0
10,-0.75,1.4625,1000.0
10,-0.75,1.5,1000.0
10,-0.7125,-1.5,1.6720008950922143
10,-0.7125,-1.4625,1.669534612695996
10,-0.7125,-1.425,1.6670206366012923
10,-0.7125,-1.3875,1.6644575353487934
10,-0.7125,-1.35,1.661843801583977
10,-0.7125,-1.3125,1.659177850333482
10,-0.7125,-1.275,1.6564580162945595
10,-0.7125,-1.2375,1.6536825505320876
10,-0.7125,-1.2,1.650849616933603
10,-0.7125,-1.1625,1.647957288787221
10,-0.7125,-1.125,1.6450035458904946
10,-0.7125,-1.0875,1.6419862726590768
10,-0.7125,-1.05,1.638903257783405
10,-0.7125,-1.0125,1.6357521960860566
10,-0.7125,-0.975,1.632530693373409
10,-0.7125,-0.9375,1.6292362752666207
10,-0.7125,-0.9,1.6258664012560597
10,-0.7125,-0.8625,1.622418485571596
10,-0.7125,-0.825,1.6188899269262211
10,-0.7125,-0.7875,1.615278149809687
10,-0.7125,-0.75,1.6115806608338878
10,-0.7125,-0.7125,1.6077951247357445
10,-0.7125,-0.675,1.6039194661315472
10,-0.7125,-0.6375,1.5999520051417528
10,-0.7125,-0.6,1.5958916377926768
10,-0.7125,-0.5625,1.5917380759873243
10,-0.7125,-0.525,1.5874921673309632
10,-0.7125,-0.4875,1.583156322978937
10,-0.7125,-0.45,1.578735093162908
10,-0.7125,-0.4125,1.574235947075397
10,-0.7125,-0.375,1.5696703394571623
10,-0.7125,-0.3375,1.5650551856288286
10,-0.7125,-0.3,1.5604149283485682
10,-0.7125,-0.2625,1.5557844782975552
10,-0.7125,-0.225,1.5512134706274945
10,-0.7125,-0.1875,1.5467725485818675
10,-0.7125,-0.15,1.5425628465806795
10,-0.7125,-0.1125,1.538730662582347
10,-0.7125,-0.075,1.5354908104226552
10,-0.7125,-0.0375,1.5331650162178554
10,-0.7125,0.0,1.5322475016906523
10,-0.7125,0.0375,1.5335222194198126
10,-0.7125,0.075,1.5382843915544449
10,-0.7125,0.1125,1.5487892670826986
10,-0.7125,0.15,1.5692462451619738
10,-0.7125,0.1875,1.6083024955768381
10,-0.7125,0.225,1.686412833625214
10,-0.7125,0.2625,1.8645644155192342
10,-0.7125,0.3,2.4349889110563905
10,-0.7125,0.3375,1000.0
10,-0.7125,0.375,1000.0
10,-0.7125,0.4125,1000.0
10,-0.7125,0.45,1000.0
10,-0.7125,0.4875,1000.0
10,-0.7125,0.525,1000.0
10,-0.7125,0.5625,1000.0
10,-0.7125,0.6,1000.0
10,-0.7125,0.6375,1000.0
10,-0.7125,0.675,1000.0
10,-0.7125,0.7125,1000.0
10,-0.7125,0.75,1000.0
10,-0.7125,0.7875,1000.0
10,-0.7125,0.825,1000.0
10,-0.7125,0.8625,1000.0
10,-0.7125,0.9,1000.0
10,-0.7125,0.9375,1000.0
10,-0.7125,0.975,1000.0
10,-0.7125,1.0125,1000.0
10,-0.7125,1.05,1000.0
10,-0.7125,1.0875,1000.0
10,-0.7125,1.125,1000.0
10,-0.7125,1.1625,1000.0
10,-0.7125,1.2,1000.0
10,-0.7125,1.2375,1000.0
10,-0.7125,1.275,1000.0
10,-0.7125,1.3125,1000.0
10,-0.7125,1.35,1000.0
10,-0.7125,1.3875,1000.0
10,-0.7125,1.425,1000.0
10,-0.7125,1.4625,1000.0
10,-0.7125,1.5,1000.0
10,-0.675,-1.5,1.6649075701036162
10,-0.675,-1.4625,1.6623720296106392
10,-0.675,-1.425,1.6597873210366352
10,-0.675,-1.3875,1.6571519367860048
10,-0.675,-1.35,1.6544642852474545
10,-0.675,-1.3125,1.6517226882707559
10,-0.675,-1.275,1.6489253776263715
10,-0.675,-1.2375,1.646070490862406
10,-0.675,-1.2,1.643156066936946
10,-0.675,-1.1625,1.640180042023704
10,-0.675,-1.125,1.6371402459375028
10,-0.675,-1.0875,1.6340343996939166
10,-0.675,-1.05,1.630860114805787
10,-0.675,-1.0125,1.6276148950357272
10,-0.675,-0.975,1.6242961414794201
10,-0.675,-0.9375,1.6209011620638751
10,-0.675,-0.9,1.6174271868253256
10,-0.675,-0.8625,1.6138713907046904
10,-0.675,-0.825,1.6102309260928622
10,-0.675,-0.7875,1.606502968011875
10,-0.675,-0.75,1.6026847756843994
10,-0.675,-0.7125,1.5987737753992237
10,-0.675,-0.675,1.5947676711343275
10,-0.675,-0.6375,1.5906645915133508
10,-0.675,-0.6,1.5864632845853526
10,-0.675,-0.5625,1.5821633759934681
10,-0.675,-0.525,1.5777657118868222
10,-0.675,-0.4875,1.5732728162859688
10,-0.675,-0.45,1.5686895048758325
10,-0.675,-0.4125,1.564023715507604
10,-0.675,-0.375,1.559287643496805
10,-0.675,-0.3375,1.5544993127909859
10,-0.675,-0.3,1.5496847817620545
10,-0.675,-0.2625,1.5448812910200493
10,-0.675,-0.225,1.540141838714011
10,-0.675,-0.1875,1.5355419674929198
10,-0.675,-0.15,1.5311900617944443
10,-0.675,-0.1125,1.5272433679759216
10,-0.675,-0.075,1.5239336329149222
10,-0.675,-0.0375,1.5216094926743289
10,-0.675,0.0,1.5208092885920088
10,-0.675,0.0375,1.522392048166764
10,-0.675,0.075,1.5277868020260317
10,-0.675,0.1125,1.5395019979757607
10,-0.675,0.15,1.562265728310939
10,-0.675,0.1875,1.6059103743922825
10,-0.675,0.225,1.6940726837096634
10,-0.675,0.2625,1.8989015144453214
10,-0.675,0.3,2.5810768074689894
10,-0.675,0.3375,1000.0
10,-0.675,0.375,1000.0
10,-0.675,0.4125,1000.0
10,-0.675,0.45,1000.0
10,-0.675,0.4875,1000.0
10,-0.675,0.525,1000.0
10,-0.675,0.5625,1000.0
10,-0.675,0.6,1000.0
10,-0.675,0.6375,1000.0
10,-0.675,0.675,1000.0
10,-0.675,0.7125,1000.0
10,-0.675,0.75,1000.0
10,-0.675,0.7875,1000.0
10,-0.675,0.825,1000.0
10,-0.675,0.8625,1000.0
10,-0.675,0.9,1000.0
10,-0.675,0.9375,1000.0
10,-0.675,0.975,1000.0
10,-0.675,1.0125,1000.0
10,-0.675,1.05,1000.0
10,-0.675,1.0875,1000.0
10,-0.675,1.125,1000.0
10,-0.675,1.1625,1000.0
10,-0.675,1.2,1000.0
10,-0.675,1.2375,1000.0
10,-0.675,1.275,1000.0
10,-0.675,1.3125,1000.0
10,-0.675,1.35,1000.0
10,-0.675,1.3875,1000.0
10,-0.675,1.425,1000.0
10,-0.675,1.4625,1000.0
10,-0.675,1.5,1000.0
10,-0.6375,-1.5,1.6577614545397787
10,-0.6375,-1.4625,1.6551555397079802
10,-0.6375,-1.425,1.6524988786313304
10,-0.6375,-1.3875,1.6497898661936732
10,-0.6375,-1.35,1.6470268024522365
10,-0.6375,-1.3125,1.6442078890885765
10,-0.6375,-1.275,1.6413312248157823
10,-0.6375,-1.2375,1.6383948001793422
10,-0.6375,-1.2,1.6353964921603479
10,-0.6375,-1.1625,1.6323340590152553
10,-0.6375,-1.125,1.6292051358403448
10,-0.6375,-1.0875,1.6260072314233873
10,-0.6375,-1.05,1.6227377270412897
10,-0.6375,-1.0125,1.6193938779883736
10,-0.6375,-0.975,1.6159728187863558
10,-0.6375,-0.9375,1.6124715732480865
10,-0.6375,-0.9,1.6088870708591536
10,-0.6375,-0.8625,1.6052161713255568
10,-0.6375,-0.825,1.6014556996391458
10,-0.6375,-0.7875,1.5976024946725618
10,-0.6375,-0.75,1.593653475184651
10,-0.6375,-0.7125,1.5896057282717284
10,-0.6375,-0.675,1.5854566268507733
10,-0.6375,-0.6375,1.5812039848738018
10,-0.6375,-0.6,1.5768462618978338
10,-0.6375,-0.5625,1.5723828327541893
10,-0.6375,-0.525,1.5678143439638446
10,-0.6375,-0.4875,1.5631431871550676
10,-0.6375,-0.45,1.5583741325147764
10,-0.6375,-0.4125,1.5535151845839357
10,-0.6375,-0.375,1.5485787522807588
10,-0.6375,-0.3375,1.5435832711390038
10,-0.6375,-0.3,1.5385554888044197
10,-0.6375,-0.2625,1.5335337425955242
10,-0.6375,-0.225,1.5285727513674752
10,-0.6375,-0.1875,1.523750768570873
10,-0.6375,-0.15,1.5191805024467542
10,-0.6375,-0.1125,1.515026202388873
10,-0.6375,-0.075,1.5115311425741935
10,-0.6375,-0.0375,1.5090632706388407
10,-0.6375,0.0,1.5081939905987942
10,-0.6375,0.0375,1.5098406464728915
10,-0.6375,0.075,1.515539560845154
10,-0.6375,0.1125,1.5280084648232723
10,-0.6375,0.15,1.5524171570678273
10,-0.6375,0.1875,1.5996369400806987
10,-0.6375,0.225,1.6961796193598135
10,-0.6375,0.2625,1.9246721310201291
10,-0.6375,0.3,2.713815264509757
10,-0.6375,0.3375,1000.0
10,-0.6375,0.375,1000.0
10,-0.6375,0.4125,1000.0
10,-0.6375,0.45,1000.0
10,-0.6375,0.4875,1000.0
10,-0.6375,0.525,1000.0
10,-0.6375,0.5625,1000.0
10,-0.6375,0.6,1000.0
10,-0.6375,0.6375,1000.0
10,-0.6375,0.675,1000.0
10,-0.6375,0.7125,1000.0
10,-0.6375,0.75,1000.0
10,-0.6375,0.7875,1000.0
10,-0.6375,0.825,1000.0
10,-0.6375,0.8625,1000.0
10,-0.6375,0.9,1000.0
10,-0.6375,0.9375,1000.0
10,-0.6375,0.975,1000.0
10,-0.6375,1.0125,1000.0
10,-0.6375,1.05,1000.0
10,-0.6375,1.0875,1000.0
10,-0.6375,1.125,1000.0
10,-0.6375,1.1625,1000.0
10,-0.6375,1.2,1000.0
10,-0.6375,1.2375,1000.0
10,-0.6375,1.275,1000.0
10,-0.6375,1.3125,1000.0
10,-0.6375,1.35,1000.0
10,-0.6375,1.3875,1000.0
10,-0.6375,1.425,1000.0
10,-0.6375,1.4625,1000.0
10,-0.6375,1.5,1000.0
10,-0.6,-1.5,1.6505456545469999
10,-0.6,-1.4625,1.647867655237044
10,-0.6,-1.425,1.6451371560206092
10,-0.6,-1.3875,1.642352424438573
10,-0.6,-1.35,1.6395116190504417
10,-0.6,-1.3125,1.6366127846287921
10,-0.6,-1.275,1.6336538462959542
10,-0.6,-1.2375,1.6306326030672809
10,-0.6,-1.2,1.6275467212441856
10,-0.6,-1.1625,1.624393728130919
10,-0.6,-1.125,1.621171006607427
10,-0.6,-1.0875,1.6178757911694712
10,-0.6,-1.05,1.6145051661479757
10,-0.6,-1.0125,1.611056066949267
10,-0.6,-0.975,1.6075252853265694
10,-0.6,-0.9375,1.6039094799128586
10,-0.6,-0.9,1.6002051935308508
10,-0.6,-0.8625,1.5964088791655024
10,-0.6,-0.825,1.5925169369622239
10,-0.6,-0.7875,1.5885257652337559
10,-0.6,-0.75,1.5844318292687731
10,-0.6,-0.7125,1.5802317528082457
10,-0.6,-0.675,1.5759224385001103
10,-0.6,-0.6375,1.5715012256250673
10,-0.6,-0.6,1.5669660961631988
10,-0.6,-0.5625,1.5623159442421461
10,-0.6,-0.525,1.557550929800325
10,-0.6,-0.4875,1.5526729459056094
10,-0.6,-0.45,1.5476862421717195
10,-0.6,-0.4125,1.5425982666466804
10,-0.6,-0.375,1.5374208195107328
10,-0.6,-0.3375,1.5321716606116889
10,-0.6,-0.3,1.5268767903652412
10,-0.6,-0.2625,1.5215737485198064
10,-0.6,-0.225,1.5163164799378002
10,-0.6,-0.1875,1.511182658284315
10,-0.6,-0.15,1.5062849439419053
10,-0.6,-0.1125,1.501788689392227
10,-0.6,-0.075,1.4979405210298207
10,-0.6,-0.0375,1.495115949270503
10,-0.6,0.0,1.4939018200721497
10,-0.6,0.0375,1.4952462011118128
10,-0.6,0.075,1.50074765329999
10,-0.6,0.1125,1.5132559591856676
10,-0.6,0.15,1.5382400389053381
10,-0.6,0.1875,1.5873151345153798
10,-0.6,0.225,1.6891619775858056
10,-0.6,0.2625,1.9348240946860558
10,-0.6,0.3,2.812316825777854
10,-0.6,0.3375,1000.0
10,-0.6,0.375,1000.0
10,-0.6,0.4125,1000.0
10,-0.6,0.45,1000.0
10,-0.6,0.4875,1000.0
10,-0.6,0.525,1000.0
10,-0.6,0.5625,1000.0
10,-0.6,0.6,1000.0
10,-0.6,0.6375,1000.0
10,-0.6,0.675,1000.0
10,-0.6,0.7125,1000.0
10,-0.6,0.75,1000.0
10,-0.6,0.7875,1000.0
10,-0.6,0.825,1000.0
10,-0.6,0.8625,1000.0
10,-0.6,0.9,1000.0
10,-0.6,0.9375,1000.0
10,-0.6,0.975,1000.0
10,-0.6,1.0125,1000.0
10,-0.6,1.05,1000.0
10,-0.6,1.0875,1000.0
10,-0.6,1.125,1000.0
10,-0.6,1.1625,1000.0
10,-0.6,1.2,1000.0
10,-0.6,1.2375,1000.0
10,-0.6,1.275,1000.0
10,-0.6,1.3125,1000.0
10,-0.6,1.35,1000.0
10,-0.6,1.3875,1000.0
10,-0.6,1.425,1000.0
10,-0.6,1.4625,1000.0
10,-0.6,1.5,1000.0
10,-0.5625,-1.5,1.6432406851297798
10,-0.5625,-1.4625,1.6404880950691927
10,-0.5625,-1.425,1.637680980587312
10,-0.5625,-1.3875,1.6348174419552737
10,-0.5625,-1.35,1.6318954523456137
10,-0.5625,-1.3125,1.6289128515694422
10,-0.5625,-1.275,1.6258673387687208
10,-0.5625,-1.2375,1.6227564645597132
10,-0.5625,-1.2,1.6195776231093624
10,-0.5625,-1.1625,1.6163280446604908
10,-0.5625,-1.125,1.6130047890816008
10,-0.5625,-1.0875,1.609604741095523
10,-0.5625,-1.05,1.6061246079387614
10,-0.5625,-1.0125,1.6025609203257356
10,-0.5625,-0.975,1.5989100377465841
10,-0.5625,-0.9375,1.5951681593231901
10,-0.5625,-0.9,1.5913313416957287
10,-0.5625,-0.8625,1.5873955257252452
10,-0.5625,-0.825,1.5833565741942597
10,-0.5625,-0.7875,1.5792103231945231
10,-0.5625,-0.75,1.5749526505503895
10,-0.5625,-0.7125,1.570579565502924
10,-0.5625,-0.675,1.56608732507817
10,-0.5625,-0.6375,1.5614725842486634
10,-0.5625,-0.6,1.5567325894352901
10,-0.5625,-0.5625,1.5518654285104068
10,-0.5625,-0.525,1.5468703559284924
10,-0.5625,-0.4875,1.5417482200042698
10,-0.5625,-0.45,1.5365020323938097
10,-0.5625,-0.4125,1.5311377402353168
10,-0.5625,-0.375,1.5256652935040877
10,-0.5625,-0.3375,1.5201001508411467
10,-0.5625,-0.3,1.5144654475521895
10,-0.5625,-0.2625,1.5087951778744104
10,-0.5625,-0.225,1.5031389507739668
10,-0.5625,-0.1875,1.4975692189260428
10,-0.5625,-0.15,1.4921924562780633
10,-0.5625,-0.1125,1.4871667751554405
10,-0.5625,-0.075,1.482730364433908
10,-0.5625,-0.0375,1.4792488703874471
10,-0.5625,0.0,1.4772977023954414
10,-0.5625,0.0375,1.477812718256296
10,-0.5625,0.075,1.4823837958695807
10,-0.5625,0.1125,1.4938692719964308
10,-0.5625,0.15,1.51780053345127
10,-0.5625,0.1875,1.5660184892756464
10,-0.5625,0.225,1.6680549671762812
10,-0.5625,0.2625,1.9191249415052394
10,-0.5625,0.3,2.84400332536249
10,-0.5625,0.3375,1000.0
10,-0.5625,0.375,1000.0
10,-0.5625,0.4125,1000.0
10,-0.5625,0.45,1000.0
10,-0.5625,0.4875,1000.0
10,-0.5625,0.525,1000.0
10,-0.5625,0.5625,1000.0
10,-0.5625,0.6,1000.0
10,-0.5625,0.6375,1000.0
10,-0.5625,0.675,1000.0
10,-0.5625,0.7125,1000.0
10,-0.5625,0.75,1000.0
10,-0.5625,0.7875,1000.0
10,-0.5625,0.825,1000.0
10,-0.5625,0.8625,1000.0
10,-0.5625,0.9,1000.0
10,-0.5625,0.9375,1000.0
10,-0.5625,0.975,1000.0
10,-0.5625,1.0125,1000.0
10,-0.5625,1.05,1000.0
10,-0.5625,1.0875,1000.0
10,-0.5625,1.125,1000.0
10,-0.5625,1.1625,1000.0
10,-0.5625,1.2,1000.0
10,-0.5625,1.2375,1000.0
10,-0.5625,1.275,1000.0
10,-0.5625,1.3125,1000.0
10,-0.5625,1.35,1000.0
10,-0.5625,1.3875,1000.0
10,-0.5625,1.425,1000.0
10,-0.5625,1.4625,1000.0
10,-0.5625,1.5,1000.0
10,-0.525,-1.5,1.6358242112614623
10,-0.525,-1.4625,1.63299346878994
10,-0.525,-1.425,1.6301057834721966
10,-0.525,-1.3875,1.6271590368632614
10,-0.525,-1.35,1.6241509608817377
10,-0.525,-1.3125,1.6210791299735783
10,-0.525,-1.275,1.6179409522904709
10,-0.525,-1.2375,1.6147336604150548
10,-0.525,-1.2,1.611454302154816
10,-0.525,-1.1625,1.6080997319594188
10,-0.525,-1.125,1.6046666035709551
10,-0.525,-1.0875,1.6011513645841007
10,-0.525,-1.05,1.5975502536729183
10,-0.525,-1.0125,1.593859301334927
10,-0.525,-0.975,1.590074335114901
10,-0.525,-0.9375,1.5861909904041342
10,-0.525,-0.9,1.5822047280703415
10,-0.525,-0.8625,1.5781108603641765
10,-0.525,-0.825,1.5739045867808699
10,-0.525,-0.7875,1.5695810418472744
10,-0.525,-0.75,1.565135357188811
10,-0.525,-0.7125,1.560562740766009
10,-0.525,-0.675,1.555858576958911
10,-0.525,-0.6375,1.5510185523925581
10,-0.525,-0.6,1.5460388143264159
10,-0.525,-0.5625,1.540916171544468
10,-0.525,-0.525,1.535648352735795
10,-0.525,-0.4875,1.5302343455398237
10,-0.525,-0.45,1.5246748526020597
10,-0.525,-0.4125,1.5189729219884567
10,-0.525,-0.375,1.5131348424395465
10,-0.525,-0.3375,1.507171445650355
10,-0.525,-0.3,1.5011000377117232
10,-0.525,-0.2625,1.4949473049220685
10,-0.525,-0.225,1.4887537296530646
10,-0.525,-0.1875,1.4825803534255
10,-0.525,-0.15,1.4765192242958458
10,-0.525,-0.1125,1.4707097560785614
10,-0.525,-0.075,1.4653649504025434
10,-0.525,-0.0375,1.4608150212861362
10,-0.525,0.0,1.457583798019791
10,-0.525,0.0375,1.4565307989091532
10,-0.525,0.075,1.4591317862535715
10,-0.525,0.1125,1.4680669000010385
10,-0.525,0.15,1.4885542292259675
10,-0.525,0.1875,1.5318002076888058
10,-0.525,0.225,1.6259316052851636
10,-0.525,0.2625,1.8625347613349315
10,-0.525,0.3,2.756674132441962
10,-0.525,0.3375,1000.0
10,-0.525,0.375,1000.0
10,-0.525,0.4125,1000.0
10,-0.525,0.45,1000.0
10,-0.525,0.4875,1000.0
10,-0.525,0.525,1000.0
10,-0.525,0.5625,1000.0
10,-0.525,0.6,1000.0
10,-0.525,0.6375,1000.0
10,-0.525,0.675,1000.0
10,-0.525,0.7125,1000.0
10,-0.525,0.75,1000.0
10,-0.525,0.7875,1000.0
10,-0.525,0.825,1000.0
10,-0.525,0.8625,1000.0
10,-0.525,0.9,1000.0
10,-0.525,0.9375,1000.0
10,-0.525,0.975,1000.0
10,-0.525,1.0125,1000.0
10,-0.525,1.05,1000.0
10,-0.525,1.0875,1000.0
10,-0.525,1.125,1000.0
10,-0.525,1.1625,1000.0
10,-0.525,1.2,1000.0
10,-0.525,1.2375,1000.0
10,-0.525,1.275,1000.0
10,-0.525,1.3125,1000.0
10,-0.525,1.35,1000.0
10,-0.525,1.3875,1000.0
10,-0.525,1.425,1000.0
10,-0.525,1.4625,1000.0
10,-0.525,1.5,1000.0
10,-0.4875,-1.5,1.628270590864007
10,-0.4875,-1.4625,1.6253567468298196
10,-0.4875,-1.425,1.6223829934517362
10,-0.4875,-1.3875,1.6193469298413632
10,-0.4875,-1.35,1.6162459784100247
10,-0.4875,-1.3125,1.6130773755042382
10,-0.4875,-1.275,1.609838161184551
10,-0.4875,-1.2375,1.6065251687159343
10,-0.4875,-1.2,1.6031350143245322
10,-0.4875,-1.1625,1.599664087797942
10,-0.4875,-1.125,1.5961085445411536
10,-0.4875,-1.0875,1.5924642997376188
10,-0.4875,-1.05,1.5887270252996286
10,-0.4875,-1.0125,1.5848921503217825
10,-0.4875,-0.975,1.580954865773142
10,-0.4875,-0.9375,1.576910134173928
10,-0.4875,-0.9,1.5727527049972159
10,-0.4875,-0.8625,1.5684771365112575
10,-0.4875,-0.825,1.5640778247342713
10,-0.4875,-0.7875,1.5595490401205556
10,-0.4875,-0.75,1.5548849725626843
10,-0.4875,-0.7125,1.5500797853402566
10,-0.4875,-0.675,1.5451276788876953
10,-0.4875,-0.6375,1.540022965899066
10,-0.4875,-0.6,1.5347601606859942
10,-0.4875,-0.5625,1.5293340884220816
10,-0.4875,-0.525,1.5237400248290032
10,-0.4875,-0.4875,1.5179738853175728
10,-0.4875,-0.45,1.5120324965168646
10,-0.4875,-0.4125,1.5059140051552373
10,-0.4875,-0.375,1.4996185128429957
10,-0.4875,-0.3375,1.493149074639926
10,-0.4875,-0.3,1.4865132692181147
10,-0.4875,-0.2625,1.4797256448319478
10,-0.4875,-0.225,1.4728114778670813
10,-0.4875,-0.1875,1.465812473492242
10,-0.4875,-0.15,1.4587953607040982
10,-0.4875,-0.1125,1.4518649827135772
10,-0.4875,-0.075,1.4451849591713215
10,-0.4875,-0.0375,1.4390124462729295
10,-0.4875,0.0,1.4337612508976607
10,-0.4875,0.0375,1.430123591668129
10,-0.4875,0.075,1.4293121359001548
10,-0.4875,0.1125,1.433551409343121
10,-0.4875,0.15,1.4471541289476673
10,-0.4875,0.1875,1.479323205755018
10,-0.4875,0.225,1.5531009293736218
10,-0.4875,0.2625,1.7429289421845324
10,-0.4875,0.3,2.474547291866814
10,-0.4875,0.3375,1000.0
10,-0.4875,0.375,1000.0
10,-0.4875,0.4125,1000.0
10,-0.4875,0.45,1000.0
10,-0.4875,0.4875,1000.0
10,-0.4875,0.525,1000.0
10,-0.4875,0.5625,1000.0
10,-0.4875,0.6,1000.0
10,-0.4875,0.6375,1000.0
10,-0.4875,0.675,1000.0
10,-0.4875,0.7125,1000.0
10,-0.4875,0.75,1000.0
10,-0.4875,0.7875,1000.0
10,-0.4875,0.825,1000.0
10,-0.4875,0.8625,1000.0
10,-0.4875,0.9,1000.0
10,-0.4875,0.9375,1000.0
10,-0.4875,0.975,1000.0
10,-0.4875,1.0125,1000.0
10,-0.4875,1.05,1000.0
10,-0.4875,1.0875,1000.0
10,-0.4875,1.125,1000.0
10,-0.4875,1.1625,1000.0
10,-0.4875,1.2,1000.0
10,-0.4875,1.2375,1000.0
10,-0.4875,1.275,1000.0
10,-0.4875,1.3125,1000.0
10,-0.4875,1.35,1000.0
10,-0.4875,1.3875,1000.0
10,-0.4875,1.425,1000.0
10,-0.4875,1.4625,1000.0
10,-0.4875,1.5,1000.0
10,-0.45,-1.5,1.6205501465334284
10,-0.45,-1.4625,1.6175464443438639
10,-0.45,-1.425,1.6144791315298
10,-0.45,-1.3875,1.6113454492706443
10,-0.45,-1.35,1.6081424309690895
10,-0.45,-1.3125,1.6048668916557056
10,-0.45,-1.275,1.6015154167498333
10,-0.45,-1.2375,1.5980843507668276
10,-0.45,-1.2,1.5945697865316921
10,-0.45,-1.1625,1.5909675554514302
10,-0.45,-1.125,1.5872732193879742
10,-0.45,-1.0875,1.5834820646459367
10,-0.45,-1.05,1.57958909853422
10,-0.45,-1.0125,1.5755890488684428
10,-0.45,-0.975,1.5714763666413933
10,-0.45,-0.9375,1.5672452318888463
10,-0.45,-0.9,1.562889562504818
10,-0.45,-0.8625,1.5584030254022074
10,-0.45,-0.825,1.5537790489670509
10,-0.45,-0.7875,1.5490108352282828
10,-0.45,-0.75,1.5440913696000682
10,-0.45,-0.7125,1.5390134255405032
10,-0.45,-0.675,1.533769561181289
10,-0.45,-0.6375,1.52835210521544
10,-0.45,-0.6,1.5227531305661874
10,-0.45,-0.5625,1.5169644173322963
10,-0.45,-0.525,1.5109774122550552
10,-0.45,-0.4875,1.5047832018417187
10,-0.45,-0.45,1.4983725318683656
10,-0.45,-0.4125,1.4917359286391831
10,-0.45,-0.375,1.484864007430575
10,-0.45,-0.3375,1.4777480888644023
10,-0.45,-0.3,1.4703812781598236
10,-0.45,-0.2625,1.4627601840056186
10,-0.45,-0.225,1.4548874517738384
10,-0.45,-0.1875,1.4467752694157414
10,-0.45,-0.15,1.438450061815616
10,-0.45,-0.1125,1.429959011399763
10,-0.45,-0.075,1.4213805149612881
10,-0.45,-0.0375,1.4128443832039679
10,-0.45,0.0,1.4045745215539576
10,-0.45,0.0375,1.3969754337847082
10,-0.45,0.075,1.3907886243135577
10,-0.45,0.1125,1.387357887179788
10,-0.45,0.15,1.3891758132544958
10,-0.45,0.1875,1.4013714756797249
10,-0.45,0.225,1.436230570262495
10,-0.45,0.2625,1.5295170748340468
10,-0.45,0.3,1.9895493071153247
10,-0.45,0.3375,1000.0
10,-0.45,0.375,1000.0
10,-0.45,0.4125,1000.0
10,-0.45,0.45,1000.0
10,-0.45,0.4875,1000.0
10,-0.45,0.525,1000.0
10,-0.45,0.5625,1000.0
10,-0.45,0.6,1000.0
10,-0.45,0.6375,1000.0
10,-0.45,0.675,1000.0
10,-0.45,0.7125,1000.0
10,-0.45,0.75,1000.0
10,-0.45,0.7875,1000.0
10,-0.45,0.825,1000.0
10,-0.45,0.8625,1000.0
10,-0.45,0.9,1000.0
10,-0.45,0.9375,1000.0
10,-0.45,0.975,1000.0
10,-0.45,1.0125,1000.0
10,-0.45,1.05,1000.0
10,-0.45,1.0875,1000.0
10,-0.45,1.125,1000.0
10,-0.45,1.1625,1000.0
10,-0.45,1.2,1000.0
10,-0.45,1.2375,1000.0
10,-0.45,1.275,1000.0
10,-0.45,1.3125,1000.0
10,-0.45,1.35,1000.0
10,-0.45,1.3875,1000.0
10,-0.45,1.425,1000.0
10,-0.45,1.4625,1000.0
10,-0.45,1.5,1000.0
10,-0.4125,-1.5,1.6126280919399993
10,-0.4125,-1.4625,1.6095254502016347
10,-0.4125,-1.425,1.6063545451727859
10,-0.4125,-1.3875,1.603112175540693
10,-0.4125,-1.35,1.5997948985785737
10,-0.4125,-1.3125,1.5963990189441577
10,-0.4125,-1.275,1.5929205771137438
10,-0.4125,-1.2375,1.5893553380180518
10,-0.4125,-1.2,1.5856987803732947
10,-0.4125,-1.1625,1.581946087128986
10,-0.4125,-1.125,1.5780921373539796
10,-0.4125,-1.0875,1.574131499734074
10,-0.4125,-1.05,1.5700584276407843
10,-0.4125,-1.0125,1.5658668554344368
10,-0.4125,-0.975,1.5615503952670011
10,-0.4125,-0.9375,1.5571023331314817
10,-0.4125,-0.9,1.552515622248145
10,-0.4125,-0.8625,1.54778287107341
10,-0.4125,-0.825,1.5428963222723238
10,-0.4125,-0.7875,1.5378478179493975
10,-0.4125,-0.75,1.5326287453787448
10,-0.4125,-0.7125,1.5272299565921899
10,-0.4125,-0.675,1.521641654779212
10,-0.4125,-0.6375,1.5158532410047068
10,-0.4125,-0.6,1.509853116950709
10,-0.4125,-0.5625,1.5036284441354641
10,-0.4125,-0.525,1.497164868346751
10,-0.4125,-0.4875,1.4904462305670683
10,-0.4125,-0.45,1.48345430211916
10,-0.4125,-0.4125,1.4761685992121525
10,-0.4125,-0.375,1.4685663426893054
10,-0.4125,-0.3375,1.4606226168803025
10,-0.4125,-0.3,1.4523107216631326
10,-0.4125,-0.2625,1.4436025731512288
10,-0.4125,-0.225,1.4344687750340948
10,-0.4125,-0.1875,1.424877710560691
10,-0.4125,-0.15,1.4147929352626305
10,-0.4125,-0.1125,1.4041688481852612
10,-0.4125,-0.075,1.3929468833710947
10,-0.4125,-0.0375,1.3810581512795044
10,-0.4125,0.0,1.3684388879105784
10,-0.4125,0.0375,1.3550490528117298
10,-0.4125,0.075,1.3408436009606506
10,-0.4125,0.1125,1.3256284280373583
10,-0.4125,0.15,1.308763586314801
10,-0.4125,0.1875,1.28840080606796
10,-0.4125,0.225,1.2582647653737367
10,-0.4125,0.2625,1.1926228191022423
10,-0.4125,0.3,1.69937765718204
10,-0.4125,0.3375,1000.0
10,-0.4125,0.375,1000.0
10,-0.4125,0.4125,1000.0
10,-0.4125,0.45,1000.0
10,-0.4125,0.4875,1000.0
10,-0.4125,0.525,1000.0
10,-0.4125,0.5625,1000.0
10,-0.4125,0.6,1000.0
10,-0.4125,0.6375,1000.0
10,-0.4125,0.675,1000.0
10,-0.4125,0.7125,1000.0
10,-0.4125,0.75,1000.0
10,-0.4125,0.7875,1000.0
10,-0.4125,0.825,1000.0
10,-0.4125,0.8625,1000.0
10,-0.4125,0.9,1000.0
10,-0.4125,0.9375,1000.0
10,-0.4125,0.975,1000.0
10,-0.4125,1.0125,1000.0
10,-0.4125,1.05,1000.0
10,-0.4125,1.0875,1000.0
10,-0.4125,1.125,1000.0
10,-0.4125,1.1625,1000.0
10,-0.4125,1.2,1000.0
10,-0.4125,1.2375,1000.0
10,-0.4125,1.275,1000.0
10,-0.4125,1.3125,1000.0
10,-0.4125,1.35,1000.0
10,-0.4125,1.3875,1000.0
10,-0.4125,1.425,1000.0
10,-0.4125,1.4625,1000.0
10,-0.4125,1.5,1000.0
10,-0.375,-1.5,1.6044630535491802
10,-0.375,-1.4625,1.6012494549719911
10,-0.375,-1.425,1.597961752465313
10,-0.375,-1.3875,1.5945962145525485
10,-0.375,-1.35,1.591148834812576
10,-0.375,-1.3125,1.5876153210071833
10,-0.375,-1.275,1.5839910840883198
10,-0.375,-1.2375,1.5802712275193693
10,-0.375,-1.2,1.576450537184513
10,-0.375,-1.1625,1.5725234719688643
10,-0.375,-1.125,1.5684841548353585
10,-0.375,-1.0875,1.5643263638758247
10,-0.375,-1.05,1.5600435223496245
10,-0.375,-1.0125,1.5556286861213067
10,-0.375,-0.975,1.551074526147407
10,-0.375,-0.9375,1.5463733027261264
10,-0.375,-0.9,1.5415168271072819
10,-0.375,-0.8625,1.5364964047833152
10,-0.375,-0.825,1.53130275340512
10,-0.375,-0.7875,1.5259258869166632
10,-0.375,-0.75,1.5203549564066814
10,-0.375,-0.7125,1.5145780377019635
10,-0.375,-0.675,1.5085818564164437
10,-0.375,-0.6375,1.5023514437451373
10,-0.375,-0.6,1.4958697215716383
10,-0.375,-0.5625,1.4891170240913854
10,-0.375,-0.525,1.4820705749890632
10,-0.375,-0.4875,1.4747039520656289
10,-0.375,-0.45,1.4669865787927714
10,-0.375,-0.4125,1.4588832711772457
10,-0.375,-0.375,1.4503538147948039
10,-0.375,-0.3375,1.4413524157438957
10,-0.375,-0.3,1.4318266211418467
10,-0.375,-0.2625,1.4217149234116855
10,-0.375,-0.225,1.4109418218642653
10,-0.375,-0.1875,1.3994088983595883
10,-0.375,-0.15,1.3869810742854054
10,-0.375,-0.1125,1.3734693285954227
10,-0.375,-0.075,1.3586139300057953
10,-0.375,-0.0375,1.3420692304284154
10,-0.375,0.0,1.3233669626446025
10,-0.375,0.0375,1.301781097475563
10,-0.375,0.075,1.2759779238395115
10,-0.375,0.1125,1.2433156479148968
10,-0.375,0.15,1.1983221255271295
10,-0.375,0.1875,1.1289814902043702
10,-0.375,0.225,1.00237052512852
10,-0.375,0.2625,0.7801231558563544
10,-0.375,0.3,2.1318337525807043
10,-0.375,0.3375,1000.0
10,-0.375,0.375,1000.0
10,-0.375,0.4125,1000.0
10,-0.375,0.45,1000.0
10,-0.375,0.4875,1000.0
10,-0.375,0.525,1000.0
10,-0.375,0.5625,1000.0
10,-0.375,0.6,1000.0
10,-0.375,0.6375,1000.0
10,-0.375,0.675,1000.0
10,-0.375,0.7125,1000.0
10,-0.375,0.75,1000.0
10,-0.375,0.7875,1000.0
10,-0.375,0.825,1000.0
10,-0.375,0.8625,1000.0
10,-0.375,0.9,1000.0
10,-0.375,0.9375,1000.0
10,-0.375,0.975,1000.0
10,-0.375,1.0125,1000.0
10,-0.375,1.05,1000.0
10,-0.375,1.0875,1000.0
10,-0.375,1.125,1000.0
10,-0.375,1.1625,1000.0
10,-0.375,1.2,1000.0
10,-0.375,1.2375,1000.0
10,-0.375,1.275,1000.0
10,-0.375,1.3125,1000.0
10,-0.375,1.35,1000.0
10,-0.375,1.3875,1000.0
10,-0.375,1.425,1000.0
10,-0.375,1.4625,1000.0
10,-0.375,1.5,1000.0
10,-0.3375,-1.5,1.5960051717342962
10,-0.3375,-1.4625,1.5926649871751
10,-0.3375,-1.425,1.5892434347117859
10,-0.3375,-1.3875,1.5857361721487393
10,-0.3375,-1.35,1.582138552794009
10,-0.3375,-1.3125,1.5784456158946287
10,-0.3375,-1.275,1.5746520768890178
10,-0.3375,-1.2375,1.5707523175620257
10,-0.3375,-1.2,1.5667403758737193
10,-0.3375,-1.1625,1.5626099348440137
10,-0.3375,-1.125,1.5583543093735823
10,-0.3375,-1.0875,1.5539664292375224
10,-0.3375,-1.05,1.549438815677953
10,-0.3375,-1.0125,1.54476354802786
10,-0.3375,-0.975,1.5399322156147148
10,-0.3375,-0.9375,1.5349358488328777
10,-0.3375,-0.9,1.5297648217879
10,-0.3375,-0.8625,1.5244087174103491
10,-0.3375,-0.825,1.5188561446054942
10,-0.3375,-0.7875,1.513094496165266
10,-0.3375,-0.75,1.507109636295299
10,-0.3375,-0.7125,1.5008855083500068
10,-0.3375,-0.675,1.4944036574924373
10,-0.3375,-0.6375,1.4876426701999177
10,-0.3375,-0.6,1.480577542964245
10,-0.3375,-0.5625,1.4731790048014846
10,-0.3375,-0.525,1.4654128276711196
10,-0.3375,-0.4875,1.4572391551593578
10,-0.3375,-0.45,1.4486118433294395
10,-0.3375,-0.4125,1.4394777075149212
10,-0.3375,-0.375,1.4297753644477653
10,-0.3375,-0.3375,1.4194330140779046
10,-0.3375,-0.3,1.4083640269104125
10,-0.3375,-0.2625,1.3964587245316697
10,-0.3375,-0.225,1.3835706513849628
10,-0.3375,-0.1875,1.3694966361662773
10,-0.3375,-0.15,1.3539525615164276
10,-0.3375,-0.1125,1.3365492680363604
10,-0.3375,-0.075,1.3167672515583875
10,-0.3375,-0.0375,1.2938996985794375
10,-0.3375,0.0,1.2668804434237453
10,-0.3375,0.0375,1.233890375209926
10,-0.3375,0.075,1.1916314864214657
10,-0.3375,0.1125,1.1339101697861196
10,-0.3375,0.15,1.0491593556292071
10,-0.3375,0.1875,0.9122245876799517
10,-0.3375,0.225,0.6736418321792826
10,-0.3375,0.2625,0.5942643089720981
10,-0.3375,0.3,2.8869710603237575
10,-0.3375,0.3375,1000.0
10,-0.3375,0.375,1000.0
10,-0.3375,0.4125,1000.0
10,-0.3375,0.45,1000.0
10,-0.3375,0.4875,1000.0
10,-0.3375,0.525,1000.0
10,-0.3375,0.5625,1000.0
10,-0.3375,0.6,1000.0
10,-0.3375,0.6375,1000.0
10,-0.3375,0.675,1000.0
10,-0.3375,0.7125,1000.0
10,-0.3375,0.75,1000.0
10,-0.3375,0.7875,1000.0
10,-0.3375,0.825,1000.0
10,-0.3375,0.8625,1000.0
10,-0.3375,0.9,1000.0
10,-0.3375,0.9375,1000.0
10,-0.3375,0.975,1000.0
10,-0.3375,1.0125,1000.0
10,-0.3375,1.05,1000.0
10,-0.3375,1.0875,1000.0
10,-0.3375,1.125,1000.0
10,-0.3375,1.1625,1000.0
10,-0.3375,1.2,1000.0
10,-0.3375,1.2375,1000.0
10,-0.3375,1.275,1000.0
10,-0.3375,1.3125,1000.0
10,-0.3375,1.35,1000.0
10,-0.3375,1.3875,1000.0
10,-0.3375,1.425,1000.0
10,-0.3375,1.4625,1000.0
10,-0.3375,1.5,1000.0
10,-0.3,-1.5,1.587193855585469
10,-0.3,-1.4625,1.5837071733357837
10,-0.3,-1.425,1.5801302381609255
10,-0.3,-1.3875,1.576458038253723
10,-0.3,-1.35,1.5726852359950068
10,-0.3,-1.3125,1.5688061599354994
10,-0.3,-1.275,1.5648147956567418
10,-0.3,-1.2375,1.5607047748717766
10,-0.3,-1.2,1.5564693615722065
10,-0.3,-1.1625,1.552101433352591
10,-0.3,-1.125,1.5475934552101784
10,-0.3,-1.0875,1.542937442106327
10,-0.3,-1.05,1.538124905379103
10,-0.3,-1.0125,1.5331467767298583
10,-0.3,-0.975,1.5279933020192424
10,-0.3,-0.9375,1.522653895602616
10,-0.3,-0.9,1.517116944594432
10,-0.3,-0.8625,1.5113695515727406
10,-0.3,-0.825,1.505397204264469
10,-0.3,-0.7875,1.4991833623041824
10,-0.3,-0.75,1.4927089549870105
10,-0.3,-0.7125,1.4859517907864952
10,-0.3,-0.675,1.4788858896393489
10,-0.3,-0.6375,1.471480761797328
10,-0.3,-0.6,1.4637006690197703
10,-0.3,-0.5625,1.4555039068781455
10,-0.3,-0.525,1.4468421252319272
10,-0.3,-0.4875,1.4376596315955015
10,-0.3,-0.45,1.4278924630172856
10,-0.3,-0.4125,1.417466727346527
10,-0.3,-0.375,1.4062952867059089
10,-0.3,-0.3375,1.394271343174469
10,-0.3,-0.3,1.3812571243790406
10,-0.3,-0.2625,1.3670661877961812
10,-0.3,-0.225,1.3514396359364882
10,-0.3,-0.1875,1.3340198785124755
10,-0.3,-0.15,1.314327276650487
10,-0.3,-0.1125,1.2917350914897647
10,-0.3,-0.075,1.265404729803547
10,-0.3,-0.0375,1.2341002598000967
10,-0.3,0.0,1.1958087642314201
10,-0.3,0.0375,1.1470902201294229
10,-0.3,0.075,1.081894890908336
10,-0.3,0.1125,0.9901749990249001
10,-0.3,0.15,0.8533203719267386
10,-0.3,0.1875,0.6378304849507279
10,-0.3,0.225,0.3732145608600841
10,-0.3,0.2625,0.7612915655115918
10,-0.3,0.3,3.930981050690457
10,-0.3,0.3375,1000.0
10,-0.3,0.375,1000.0
10,-0.3,0.4125,1000.0
10,-0.3,0.45,1000.0
10,-0.3,0.4875,1000.0
10,-0.3,0.525,1000.0
10,-0.3,0.5625,1000.0
10,-0.3,0.6,1000.0
10,-0.3,0.6375,1000.0
10,-0.3,0.675,1000.0
10,-0.3,0.7125,1000.0
10,-0.3,0.75,1000.0
10,-0.3,0.7875,1000.0
10,-0.3,0.825,1000.0
10,-0.3,0.8625,1000.0
10,-0.3,0.9,1000.0
10,-0.3,0.9375,1000.0
10,-0.3,0.975,1000.0
10,-0.3,1.0125,1000.0
10,-0.3,1.05,1000.0
10,-0.3,1.0875,1000.0
10,-0.3,1.125,1000.0
10,-0.3,1.1625,1000.0
10,-0.3,1.2,1000.0
10,-0.3,1.2375,1000.0
10,-0.3,1.275,1000.0
10,-0.3,1.3125,1000.0
10,-0.3,1.35,1000.0
10,-0.3,1.3875,1000.0
10,-0.3,1.425,1000.0
10,-0.3,1.4625,1000.0
10,-0.3,1.5,1000.0
10,-0.2625,-1.5,1.5779554224950862
10,-0.2625,-1.4625,1.5742975107286816
10,-0.2625,-1.425,1.5705387322524471
10,-0.2625,-1.3875,1.5666733845621434
10,-0.2625,-1.35,1.5626954283907954
10,-0.2625,-1.3125,1.5585984790615712
10,-0.2625,-1.275,1.5543757939161018
10,-0.2625,-1.2375,1.5500202538926129
10,-0.2625,-1.2,1.5455243364593312
10,-0.2625,-1.1625,1.5408800760901393
10,-0.2625,-1.125,1.5360790072872526
10,-0.2625,-1.0875,1.531112083824213
10,-0.2625,-1.05,1.5259695664539568
10,-0.2625,-1.0125,1.520640869907026
10,-0.2625,-0.975,1.5151143587788842
10,-0.2625,-0.9375,1.5093770811662466
10,-0.2625,-0.9,1.5034144290975113
10,-0.2625,-0.8625,1.4972097165129155
10,-0.2625,-0.825,1.4907436695323926
10,-0.2625,-0.7875,1.4839938307753968
10,-0.2625,-0.75,1.476933890046559
10,-0.2625,-0.7125,1.46953296729426
10,-0.2625,-0.675,1.4617548877520385
10,-0.2625,-0.6375,1.4535574969381801
10,-0.2625,-0.6,1.4448920516310508
10,-0.2625,-0.5625,1.4357026702041504
10,-0.2625,-0.525,1.4259257006587605
10,-0.2625,-0.4875,1.4154886315825037
10,-0.2625,-0.45,1.4043078055219234
10,-0.2625,-0.4125,1.392283719406856
10,-0.2625,-0.375,1.3792922565625365
10,-0.2625,-0.3375,1.3651701650071
10,-0.2625,-0.3,1.3496941546708392
10,-0.2625,-0.2625,1.3325557862256796
10,-0.2625,-0.225,1.3133379873015645
10,-0.2625,-0.1875,1.291498111878271
10,-0.2625,-0.15,1.266346213812922
10,-0.2625,-0.1125,1.2369722071042157
10,-0.2625,-0.075,1.2020540364181318
10,-0.2625,-0.0375,1.1595182650831581
10,-0.2625,0.0,1.1059755001222749
10,-0.2625,0.0375,1.0357478479173834
10,-0.2625,0.075,0.9403500060701441
10,-0.2625,0.1125,0.8057952120718589
10,-0.2625,0.15,0.6095625228099244
10,-0.2625,0.1875,0.34829793960709116
10,-0.2625,0.225,0.3022342922789577
10,-0.2625,0.2625,1.0799831771196624
10,-0.2625,0.3,5.003798750351912
10,-0.2625,0.3375,1000.0
10,-0.2625,0.375,1000.0
10,-0.2625,0.4125,1000.0
10,-0.2625,0.45,1000.0
10,-0.2625,0.4875,1000.0
10,-0.2625,0.525,1000.0
10,-0.2625,0.5625,1000.0
10,-0.2625,0.6,1000.0
10,-0.2625,0.6375,1000.0
10,-0.2625,0.675,1000.0
10,-0.2625,0.7125,1000.0
10,-0.2625,0.75,1000.0
10,-0.2625,0.7875,1000.0
10,-0.2625,0.825,1000.0
10,-0.2625,0.8625,1000.0
10,-0.2625,0.9,1000.0
10,-0.2625,0.9375,1000.0
10,-0.2625,0.975,1000.0
10,-0.2625,1.0125,1000.0
10,-0.2625,1.05,1000.0
10,-0.2625,1.0875,1000.0
10,-0.2625,1.125,1000.0
10,-0.2625,1.1625,1000.0
10,-0.2625,1.2,1000.0
10,-0.2625,1.2375,1000.0
10,-0.2625,1.275,1000.0
10,-0.2625,1.3125,1000.0
10,-0.2625,1.35,1000.0
10,-0.2625,1.3875,1000.0
10,-0.2625,1.425,1000.0
10,-0.2625,1.4625,1000.0
10,-0.2625,1.5,1000.0
10,-0.225,-1.5,1.5682010850040915
10,-0.225,-1.4625,1.5643421786473506
10,-0.225,-1.425,1.5603701042744214
10,-0.225,-1.3875,1.5562784945286967
10,-0.225,-1.35,1.552060639314694
10,-0.225,-1.3125,1.547709469045191
10,-0.225,-1.275,1.543217527870939
10,-0.225,-1.2375,1.538576933009453
10,-0.225,-1.2,1.5337793151146117
10,-0.225,-1.1625,1.5288157333509875
10,-0.225,-1.125,1.5236765575046836
10,-0.225,-1.0875,1.5183513081859996
10,-0.225,-1.05,1.5128284451491016
10,-0.225,-1.0125,1.5070950932705747
10,-0.225,-0.975,1.5011366962320356
10,-0.225,-0.9375,1.494936590041884
10,-0.225,-0.9,1.4884754929494852
10,-0.225,-0.8625,1.4817309158261294
10,-0.225,-0.825,1.4746765082284354
10,-0.225,-0.7875,1.4672813697807892
10,-0.225,-0.75,1.459509371949349
10,-0.225,-0.7125,1.451318545913073
10,-0.225,-0.675,1.4426605866170807
10,-0.225,-0.6375,1.4334804822143707
10,-0.225,-0.6,1.4237161750337846
10,-0.225,-0.5625,1.4132979637714482
10,-0.225,-0.525,1.4021470429557548
10,-0.225,-0.4875,1.3901721543506702
10,-0.225,-0.45,1.3772628898541406
10,-0.225,-0.4125,1.3632780032176783
10,-0.225,-0.375,1.3480276954187966
10,-0.225,-0.3375,1.3312509542216486
10,-0.225,-0.3,1.3125927173892884
10,-0.225,-0.2625,1.291588079288408
10,-0.225,-0.225,1.2676541748942451
10,-0.225,-0.1875,1.2400672167333526
10,-0.225,-0.15,1.2078747176361788
10,-0.225,-0.1125,1.1697061762450365
10,-0.225,-0.075,1.1234920172020328
10,-0.225,-0.0375,1.0659413763064403
10,-0.225,0.0,0.9917714094148187
10,-0.225,0.0375,0.8939406648726248
10,-0.225,0.075,0.7616343139196696
10,-0.225,0.1125,0.5793349410429136
10,-0.225,0.15,0.3417866987400422
10,-0.225,0.1875,0.17502833008842128
10,-0.225,0.225,0.4209661294721272
10,-0.225,0.2625,1.4725581080365822
10,-0.225,0.3,5.9406147975169175
10,-0.225,0.3375,1000.0
10,-0.225,0.375,1000.0
10,-0.225,0.4125,1000.0
10,-0.225,0.45,1000.0
10,-0.225,0.4875,1000.0
10,-0.225,0.525,1000.0
10,-0.225,0.5625,1000.0
10,-0.225,0.6,1000.0
10,-0.225,0.6375,1000.0
10,-0.225,0.675,1000.0
10,-0.225,0.7125,1000.0
10,-0.225,0.75,1000.0
10,-0.225,0.7875,1000.0
10,-0.225,0.825,1000.0
10,-0.225,0.8625,1000.0
10,-0.225,0.9,1000.0
10,-0.225,0.9375,1000.0
10,-0.225,0.975,1000.0
10,-0.225,1.0125,1000.0
10,-0.225,1.05,1000.0
10,-0.225,1.0875,1000.0
10,-0.225,1.125,1000.0
10,-0.225,1.1625,1000.0
10,-0.225,1.2,1000.0
10,-0.225,1.2375,1000.0
10,-0.225,1.275,1000.0
10,-0.225,1.3125,1000.0
10,-0.225,1.35,1000.0
10,-0.225,1.3875,1000.0
10,-0.225,1.425,1000.0
10,-0.225,1.4625,1000.0
10,-0.225,1.5,1000.0
10,-0.1875,-1.5,1.5578260163015176
10,-0.1875,-1.4625,1.5537316508277677
10,-0.1875,-1.425,1.549510353273323
10,-0.1875,-1.3875,1.5451551477640284
10,-0.1875,-1.35,1.540658692646572
10,-0.1875,-1.3125,1.5360132388991972
10,-0.1875,-1.275,1.531210567632063
10,-0.1875,-1.2375,1.5262419003679073
10,-0.1875,-1.2,1.5210977745681316
10,-0.1875,-1.1625,1.51576787577616
10,-0.1875,-1.125,1.5102408169834054
10,-0.1875,-1.0875,1.5045038556929706
10,-0.1875,-1.05,1.4985425401122772
10,-0.1875,-1.0125,1.4923402785534032
10,-0.1875,-0.975,1.4858778311953778
10,-0.1875,-0.9375,1.479132731620168
10,-0.1875,-0.9,1.4720786574566973
10,-0.1875,-0.8625,1.4646847846886837
10,-0.1875,-0.825,1.4569151764866197
10,-0.1875,-0.7875,1.4487282692761474
10,-0.1875,-0.75,1.4400765155205228
10,-0.1875,-0.7125,1.4309062071868008
10,-0.1875,-0.675,1.4211574124689883
10,-0.1875,-0.6375,1.410763784624378
10,-0.1875,-0.6,1.399651726047486
10,-0.1875,-0.5625,1.3877380192539464
10,-0.1875,-0.525,1.3749246382821783
10,-0.1875,-0.4875,1.3610892278221887
10,-0.1875,-0.45,1.3460701042403307
10,-0.1875,-0.4125,1.3296462403703204
10,-0.1875,-0.375,1.3115159352865244
10,-0.1875,-0.3375,1.2912812716122397
10,-0.1875,-0.3,1.2684434895281989
10,-0.1875,-0.2625,1.2423994876832798
10,-0.1875,-0.225,1.2124055542379393
10,-0.1875,-0.1875,1.177471780653589
10,-0.1875,-0.15,1.1361999949226516
10,-0.1875,-0.1125,1.086557307497115
10,-0.1875,-0.075,1.0253052395247253
10,-0.1875,-0.0375,0.9475691854135767
10,-0.1875,0.0,0.8476346613178527
10,-0.1875,0.0375,0.7168136955151877
10,-0.1875,0.075,0.5442761601849356
10,-0.1875,0.1125,0.32728543783650704
10,-0.1875,0.15,0.136673570665372
10,-0.1875,0.1875,0.1877357838113639
10,-0.1875,0.225,0.6246592362713891
10,-0.1875,0.2625,1.8883563163667567
10,-0.1875,0.3,6.825152817199776
10,-0.1875,0.3375,1000.0
10,-0.1875,0.375,1000.0
10,-0.1875,0.4125,1000.0
10,-0.1875,0.45,1000.0
10,-0.1875,0.4875,1000.0
10,-0.1875,0.525,1000.0
10,-0.1875,0.5625,1000.0
10,-0.1875,0.6,1000.0
10,-0.1875,0.6375,1000.0
10,-0.1875,0.675,1000.0
10,-0.1875,0.7125,1000.0
10,-0.1875,0.75,1000.0
10,-0.1875,0.7875,1000.0
10,-0.1875,0.825,1000.0
10,-0.1875,0.8625,1000.0
10,-0.1875,0.9,1000.0
10,-0.1875,0.9375,1000.0
10,-0.1875,0.975,1000.0
10,-0.1875,1.0125,1000.0
10,-0.1875,1.05,1000.0
10,-0.1875,1.0875,1000.0
10,-0.1875,1.125,1000.0
10,-0.1875,1.1625,1000.0
10,-0.1875,1.2,1000.0
10,-0.1875,1.2375,1000.0
10,-0.1875,1.275,1000.0
10,-0.1875,1.3125,1000.0
10,-0.1875,1.35,1000.0
10,-0.1875,1.3875,1000.0
10,-0.1875,1.425,1000.0
10,-0.1875,1.4625,1000.0
10,-0.1875,1.5,1000.0
10,-0.15,-1.5,1.546710385394791
10,-0.15,-1.4625,1.542342414723796
10,-0.15,-1.425,1.5378326361177588
10,-0.15,-1.3875,1.5331734791385163
10,-0.15,-1.35,1.528356916945607
10,-0.15,-1.3125,1.5233743703035711
10,-0.15,-1.275,1.51821657451673
10,-0.15,-1.2375,1.512873401095143
10,-0.15,-1.2,1.5073336255040066
10,-0.15,-1.1625,1.5015846326654996
10,-0.15,-1.125,1.4956120534268451
10,-0.15,-1.0875,1.4893993285915006
10,-0.15,-1.05,1.4829272030567195
10,-0.15,-1.0125,1.4761731618139926
10,-0.15,-0.975,1.4691108324227407
10,-0.15,-0.9375,1.4617093945089876
10,-0.15,-0.9,1.4539330534129469
10,-0.15,-0.8625,1.44574064659447
10,-0.15,-0.825,1.4370854473438366
10,-0.15,-0.7875,1.4279151946369044
10,-0.15,-0.75,1.4181722897505433
10,-0.15,-0.7125,1.4077939379680968
10,-0.15,-0.675,1.3967117636860844
10,-0.15,-0.6375,1.3848500984386158
10,-0.15,-0.6,1.3721217918357442
10,-0.15,-0.5625,1.3584201833788816
10,-0.15,-0.525,1.3436061383461384
10,-0.15,-0.4875,1.3274903521275145
10,-0.15,-0.45,1.3098139293930402
10,-0.15,-0.4125,1.2902336955067422
10,-0.15,-0.375,1.2683186337725112
10,-0.15,-0.3375,1.2435535291661433
10,-0.15,-0.3,1.215325961846365
10,-0.15,-0.2625,1.1828651975486313
10,-0.15,-0.225,1.1451388608586741
10,-0.15,-0.1875,1.100753357745607
10,-0.15,-0.15,1.047696568738925
10,-0.15,-0.1125,0.9826670783858958
10,-0.15,-0.075,0.9013738343426809
10,-0.15,-0.0375,0.7991679389400059
10,-0.15,0.0,0.6688573378432785
10,-0.15,0.0375,0.5029000579533781
10,-0.15,0.075,0.30184910735202564
10,-0.15,0.1125,0.11706800780732021
10,-0.15,0.15,0.0923184357500619
10,-0.15,0.1875,0.29790902666067076
10,-0.15,0.225,0.8676744533554963
10,-0.15,0.2625,2.3132228896056546
10,-0.15,0.3,7.69719426571303
10,-0.15,0.3375,1000.0
10,-0.15,0.375,1000.0
10,-0.15,0.4125,1000.0
10,-0.15,0.45,1000.0
10,-0.15,0.4875,1000.0
10,-0.15,0.525,1000.0
10,-0.15,0.5625,1000.0
10,-0.15,0.6,1000.0
10,-0.15,0.6375,1000.0
10,-0.15,0.675,1000.0
10,-0.15,0.7125,1000.0
10,-0.15,0.75,1000.0
10,-0.15,0.7875,1000.0
10,-0.15,0.825,1000.0
10,-0.15,0.8625,1000.0
10,-0.15,0.9,1000.0
10,-0.15,0.9375,1000.0
10,-0.15,0.975,1000.0
10,-0.15,1.0125,1000.0
10,-0.15,1.05,1000.0
10,-0.15,1.0875,1000.0
10,-0.15,1.125,1000.0
10,-0.15,1.1625,1000.0
10,-0.15,1.2,1000.0
10,-0.15,1.2375,1000.0
10,-0.15,1.275,1000.0
10,-0.15,1.3125,1000.0
10,-0.15,1.35,1000.0
10,-0.15,1.3875,1000.0
10,-0.15,1.425,1000.0
10,-0.15,1.4625,1000.0
10,-0.15,1.5,1000.0
10,-0.1125,-1.5,1.534722958937372
10,-0.1125,-1.4625,1.5300410504151243
10,-0.1125,-1.425,1.5252015632158253
10,-0.1125,-1.3875,1.5201961367190786
10,-0.1125,-1.35,1.5150157079650968
10,-0.1125,-1.3125,1.5096503197421496
10,-0.1125,-1.275,1.504088873427721
10,-0.1125,-1.2375,1.4983188198088708
10,-0.1125,-1.2,1.4923257833812762
10,-0.1125,-1.1625,1.4860931199391905
10,-0.1125,-1.125,1.4796014143113998
10,-0.1125,-1.0875,1.4728279354777278
10,-0.1125,-1.05,1.4657460801794693
10,-0.1125,-1.0125,1.4583248525900108
10,-0.1125,-0.975,1.4505284436390995
10,-0.1125,-0.9375,1.4423159828653425
10,-0.1125,-0.9,1.4336415274453154
10,-0.1125,-0.8625,1.4244543119273043
10,-0.1125,-0.825,1.4146991900477393
10,-0.1125,-0.7875,1.4043170407792844
10,-0.1125,-0.75,1.3932446783353143
10,-0.1125,-0.7125,1.3814135150421296
10,-0.1125,-0.675,1.368745931237916
10,-0.1125,-0.6375,1.3551481421448512
10,-0.1125,-0.6,1.3404986050535048
10,-0.1125,-0.5625,1.3246321665991914
10,-0.1125,-0.525,1.3073226500134771
10,-0.1125,-0.4875,1.2882697936913052
10,-0.1125,-0.45,1.2670969004777806
10,-0.1125,-0.4125,1.24335731541032
10,-0.1125,-0.375,1.2165308711643037
10,-0.1125,-0.3375,1.1859838067517463
10,-0.1125,-0.3,1.150896002634647
10,-0.1125,-0.2625,1.1102150776401705
10,-0.1125,-0.225,1.062589143319091
10,-0.1125,-0.1875,1.0058763125425387
10,-0.1125,-0.15,0.9366957141987097
10,-0.1125,-0.1125,0.851716325441079
10,-0.1125,-0.075,0.7466632009749219
10,-0.1125,-0.0375,0.615851966030752
10,-0.1125,0.0,0.4540518313072986
10,-0.1125,0.0375,0.26577198215013215
10,-0.1125,0.075,0.09747617431293235
10,-0.1125,0.1125,0.04881251893322941
10,-0.1125,0.15,0.15164470578469255
10,-0.1125,0.1875,0.45670501882002396
10,-0.1125,0.225,1.1265989758238595
10,-0.1125,0.2625,2.7390720915819156
10,-0.1125,0.3,8.571795642169354
10,-0.1125,0.3375,1000.0
10,-0.1125,0.375,1000.0
10,-0.1125,0.4125,1000.0
10,-0.1125,0.45,1000.0
10,-0.1125,0.4875,1000.0
10,-0.1125,0.525,1000.0
10,-0.1125,0.5625,1000.0
10,-0.1125,0.6,1000.0
10,-0.1125,0.6375,1000.0
10,-0.1125,0.675,1000.0
10,-0.1125,0.7125,1000.0
10,-0.1125,0.75,1000.0
10,-0.1125,0.7875,1000.0
10,-0.1125,0.825,1000.0
10,-0.1125,0.8625,1000.0
10,-0.1125,0.9,1000.0
10,-0.1125,0.9375,1000.0
10,-0.1125,0.975,1000.0
10,-0.1125,1.0125,1000.0
10,-0.1125,1.05,1000.0
10,-0.1125,1.0875,1000.0
10,-0.1125,1.125,1000.0
10,-0.1125,1.1625,1000.0
10,-0.1125,1.2,1000.0
10,-0.1125,1.2375,1000.0
10,-0.1125,1.275,1000.0
10,-0.1125,1.3125,1000.0
10,-0.1125,1.35,1000.0
10,-0.1125,1.3875,1000.0
10,-0.1125,1.425,1000.0
10,-0.1125,1.4625,1000.0
10,-0.1125,1.5,1000.0
10,-0.075,-1.5,1.521726529422648
10,-0.075,-1.4625,1.5166891595643952
10,-0.075,-1.425,1.5114770349961655
10,-0.075,-1.3875,1.5060803168367116
10,-0.075,-1.35,1.5004879473632111
10,-0.075,-1.3125,1.4946873234375067
10,-0.075,-1.275,1.488663907186151
10,-0.075,-1.2375,1.4824007779018153
10,-0.075,-1.2,1.4758781374990442
10,-0.075,-1.1625,1.4690727935727133
10,-0.075,-1.125,1.461957658970954
10,-0.075,-1.0875,1.4545013232605117
10,-0.075,-1.05,1.4466677656435711
10,-0.075,-1.0125,1.4384162834765264
10,-0.075,-0.975,1.4297016942240877
10,-0.075,-0.9375,1.4204748169210752
10,-0.075,-0.9,1.4106831373755968
10,-0.075,-0.8625,1.4002714002312489
10,-0.075,-0.825,1.3891816534954413
10,-0.075,-0.7875,1.3773520191237896
10,-0.075,-0.75,1.3647132303576592
10,-0.075,-0.7125,1.3511818833839462
10,-0.075,-0.675,1.336649654450968
10,-0.075,-0.6375,1.3209688685168932
10,-0.075,-0.6,1.3039371430372053
10,-0.075,-0.5625,1.2852867070723781
10,-0.075,-0.525,1.2646841306593715
10,-0.075,-0.4875,1.2417383094630796
10,-0.075,-0.45,1.215999357197478
10,-0.075,-0.4125,1.1869258149877835
10,-0.075,-0.375,1.153826828572184
10,-0.075,-0.3375,1.115843869997145
10,-0.075,-0.3,1.0719833093176332
10,-0.075,-0.2625,1.0208303263425593
10,-0.075,-0.225,0.9598526042374083
10,-0.075,-0.1875,0.8861066586619791
10,-0.075,-0.15,0.7970910855283039
10,-0.075,-0.1125,0.688370279813439
10,-0.075,-0.075,0.5558386448793455
10,-0.075,-0.0375,0.39672019594244057
10,-0.075,0.0,0.2204145718620297
10,-0.075,0.0375,0.0757651370070194
10,-0.075,0.075,0.027367453097129527
10,-0.075,0.1125,0.08133989793395738
10,-0.075,0.15,0.26000412374869497
10,-0.075,0.1875,0.639068964070855
10,-0.075,0.225,1.390219718264683
10,-0.075,0.2625,3.162765625349138
10,-0.075,0.3,9.454177200205455
10,-0.075,0.3375,1000.0
10,-0.075,0.375,1000.0
10,-0.075,0.4125,1000.0
10,-0.075,0.45,1000.0
10,-0.075,0.4875,1000.0
10,-0.075,0.525,1000.0
10,-0.075,0.5625,1000.0
10,-0.075,0.6,1000.0
10,-0.075,0.6375,1000.0
10,-0.075,0.675,1000.0
10,-0.075,0.7125,1000.0
10,-0.075,0.75,1000.0
10,-0.075,0.7875,1000.0
10,-0.075,0.825,1000.0
10,-0.075,0.8625,1000.0
10,-0.075,0.9,1000.0
10,-0.075,0.9375,1000.0
10,-0.075,0.975,1000.0
10,-0.075,1.0125,1000.0
10,-0.075,1.05,1000.0
10,-0.075,1.0875,1000.0
10,-0.075,1.125,1000.0
10,-0.075,1.1625,1000.0
10,-0.075,1.2,1000.0
10,-0.075,1.2375,1000.0
10,-0.075,1.275,1000.0
10,-0.075,1.3125,1000.0
10,-0.075,1.35,1000.0
10,-0.075,1.3875,1000.0
10,-0.075,1.425,1000.0
10,-0.075,1.4625,1000.0
10,-0.075,1.5,1000.0
10,-0.0375,-1.5,1.5075813632972102
10,-0.0375,-1.4625,1.5021440877769598
10,-0.0375,-1.425,1.4965112608246365
10,-0.0375,-1.3875,1.490670041157588
10,-0.0375,-1.35,1.4846055014941866
10,-0.0375,-1.3125,1.4783001793417077
10,-0.0375,-1.275,1.471733599760255
10,-0.0375,-1.2375,1.464881802517161
10,-0.0375,-1.2,1.4577169215333199
10,-0.0375,-1.1625,1.4502068799122463
10,-0.0375,-1.125,1.4423152739653444
10,-0.0375,-1.0875,1.4340015159422845
10,-0.0375,-1.05,1.4252212759311387
10,-0.0375,-1.0125,1.4159271958794708
10,-0.0375,-0.975,1.406069733590376
10,-0.0375,-0.9375,1.3955978315244402
10,-0.0375,-0.9,1.3844589069467048
10,-0.0375,-0.8625,1.3725974541260297
10,-0.0375,-0.825,1.359951388144613
10,-0.0375,-0.7875,1.3464452575960628
10,-0.0375,-0.75,1.331979857680248
10,-0.0375,-0.7125,1.3164189887861388
10,-0.0375,-0.675,1.2995763841685475
10,-0.0375,-0.6375,1.2812082611235973
10,-0.0375,-0.6,1.261016074555949
10,-0.0375,-0.5625,1.2386552597650553
10,-0.0375,-0.525,1.2137318867795388
10,-0.0375,-0.4875,1.1857685583616995
10,-0.0375,-0.45,1.1541534706932606
10,-0.0375,-0.4125,1.1181436700894782
10,-0.0375,-0.375,1.0769577293637165
10,-0.0375,-0.3375,1.0296185466075631
10,-0.0375,-0.3,0.9742250806395677
10,-0.0375,-0.2625,0.9081620619633366
10,-0.0375,-0.225,0.8296414739127259
10,-0.0375,-0.1875,0.7355585100968912
10,-0.0375,-0.15,0.6223976346359504
10,-0.0375,-0.1125,0.4868480418776447
10,-0.0375,-0.075,0.3301919205833964
10,-0.0375,-0.0375,0.1702502324559124
10,-0.0375,0.0,0.05557699289262651
10,-0.0375,0.0375,0.017539435936365325
10,-0.0375,0.075,0.04736039906883482
10,-0.0375,0.1125,0.15981759490124378
10,-0.0375,0.15,0.39817791296426985
10,-0.0375,0.1875,0.8352844985022645
10,-0.0375,0.225,1.6670372416655723
10,-0.0375,0.2625,3.584788754390076
10,-0.0375,0.3,10.345353376870893
10,-0.0375,0.3375,1000.0
10,-0.0375,0.375,1000.0
10,-0.0375,0.4125,1000.0
10,-0.0375,0.45,1000.0
10,-0.0375,0.4875,1000.0
10,-0.0375,0.525,1000.0
10,-0.0375,0.5625,1000.0
10,-0.0375,0.6,1000.0
10,-0.0375,0.6375,1000.0
10,-0.0375,0.675,1000.0
10,-0.0375,0.7125,1000.0
10,-0.0375,0.75,1000.0
10,-0.0375,0.7875,1000.0
10,-0.0375,0.825,1000.0
10,-0.0375,0.8625,1000.0
10,-0.0375,0.9,1000.0
10,-0.0375,0.9375,1000.0
10,-0.0375,0.975,1000.0
10,-0.0375,1.0125,1000.0
10,-0.0375,1.05,1000.0
10,-0.0375,1.0875,1000.0
10,-0.0375,1.125,1000.0
10,-0.0375,1.1625,1000.0
10,-0.0375,1.2,1000.0
10,-0.0375,1.2375,1000.0
10,-0.0375,1.275,1000.0
10,-0.0375,1.3125,1000.0
10,-0.0375,1.35,1000.0
10,-0.0375,1.3875,1000.0
10,-0.0375,1.425,1000.0
10,-0.0375,1.4625,1000.0
10,-0.0375,1.5,1000.0
10,0.0,-1.5,1.4921378685997122
10,0.0,-1.4625,1.4862452707212976
10,0.0,-1.425,1.4801276957144207
10,0.0,-1.3875,1.4737668027737783
10,0.0,-1.35,1.467141087667184
10,0.0,-1.3125,1.4602254813835238
10,0.0,-1.275,1.45299104628738
10,0.0,-1.2375,1.445404839363476
10,0.0,-1.2,1.437430014473679
10,0.0,-1.1625,1.4290262184015812
10,0.0,-1.125,1.4201502877367445
10,0.0,-1.0875,1.410757166665327
10,0.0,-1.05,1.400800838405208
10,0.0,-1.0125,1.3902349056374075
10,0.0,-0.975,1.3790122886337357
10,0.0,-0.9375,1.367083362713274
10,0.0,-0.9,1.354391778401002
10,0.0,-0.8625,1.340867317158469
10,0.0,-0.825,1.3264156945572863
10,0.0,-0.7875,1.310906604962289
10,0.0,-0.75,1.2941635511137561
10,0.0,-0.7125,1.275960693099715
10,0.0,-0.675,1.256029210244251
10,0.0,-0.6375,1.234065116701249
10,0.0,-0.6,1.2097188224307591
10,0.0,-0.5625,1.18255397940601
10,0.0,-0.525,1.1520019155696812
10,0.0,-0.4875,1.1173922197870578
10,0.0,-0.45,1.078093284093395
10,0.0,-0.4125,1.0334015873304834
10,0.0,-0.375,0.9817973152655437
10,0.0,-0.3375,0.9209746877389055
10,0.0,-0.3,0.8495269706100891
10,0.0,-0.2625,0.7652200826635013
10,0.0,-0.225,0.6651355715290158
10,0.0,-0.1875,0.5456849258703811
10,0.0,-0.15,0.40708060561316856
10,0.0,-0.1125,0.25718792764708565
10,0.0,-0.075,0.12451242464715638
10,0.0,-0.0375,0.042315400465210665
10,0.0,0.0,0.01543365226590483
10,0.0,0.0375,0.03262364434997939
10,0.0,0.075,0.10795283885478264
10,0.0,0.1125,0.268189477621668
10,0.0,0.15,0.5515932441347925
10,0.0,0.1875,1.0378016825933498
10,0.0,0.225,1.9578660254743243
10,0.0,0.2625,4.005766066628061
10,0.0,0.3,11.244441025852494
10,0.0,0.3375,1000.0
10,0.0,0.375,1000.0
10,0.0,0.4125,1000.0
10,0.0,0.45,1000.0
10,0.0,0.4875,1000.0
10,0.0,0.525,1000.0
10,0.0,0.5625,1000.0
10,0.0,0.6,1000.0
10,0.0,0.6375,1000.0
10,0.0,0.675,1000.0
10,0.0,0.7125,1000.0
10,0.0,0.75,1000.0
10,0.0,0.7875,1000.0
10,0.0,0.825,1000.0
10,0.0,0.8625,1000.0
10,0.0,0.9,1000.0
10,0.0,0.9375,1000.0
10,0.0,0.975,1000.0
10,0.0,1.0125,1000.0
10,0.0,1.05,1000.0
10,0.0,1.0875,1000.0
10,0.0,1.125,1000.0
10,0.0,1.1625,1000.0
10,0.0,1.2,1000.0
10,0.0,1.2375,1000.0
10,0.0,1.275,1000.0
10,0.0,1.3125,1000.0
10,0.0,1.35,1000.0
10,0.0,1.3875,1000.0
10,0.0,1.425,1000.0
10,0.0,1.4625,1000.0
10,0.0,1.5,1000.0
10,0.0375,-1.5,1.475204432675653
10,0.0375,-1.4625,1.4687721180588966
10,0.0375,-1.425,1.4620689449937365
10,0.0375,-1.3875,1.455068411226074
10,0.0375,-1.35,1.447740292691987
10,0.0375,-1.3125,1.44005073252074
10,0.0375,-1.275,1.4319626122246802
10,0.0375,-1.2375,1.4234362271658088
10,0.0375,-1.2,1.4144302175664194
10,0.0375,-1.1625,1.404902600997764
10,0.0375,-1.125,1.3948116226149596
10,0.0375,-1.0875,1.3841160052347237
10,0.0375,-1.05,1.3727740648672029
10,0.0375,-1.0125,1.3607410812585836
10,0.0375,-0.975,1.3479643281655471
10,0.0375,-0.9375,1.3343754218290726
10,0.0375,-0.9,1.3198804359663474
10,0.0375,-0.8625,1.3043498535799138
10,0.0375,-0.825,1.2876124983854886
10,0.0375,-0.7875,1.269457834918523
10,0.0375,-0.75,1.2496452866882852
10,0.0375,-0.7125,1.2279069880814604
10,0.0375,-0.675,1.2039242247701993
10,0.0375,-0.6375,1.1772768752761937
10,0.0375,-0.6,1.147410094974637
10,0.0375,-0.5625,1.113708916919224
10,0.0375,-0.525,1.0756802682990447
10,0.0375,-0.4875,1.0327923005893667
10,0.0375,-0.45,0.9836729838413265
10,0.0375,-0.4125,0.9262763335109931
10,0.0375,-0.375,0.8595942957121756
10,0.0375,-0.3375,0.7817042903856098
10,0.0375,-0.3,0.6903802547118891
10,0.0375,-0.2625,0.5817348352129165
10,0.0375,-0.225,0.45650252437393457
10,0.0375,-0.1875,0.318546634445799
10,0.0375,-0.15,0.18820141438679777
10,0.0375,-0.1125,0.0909118608518045
10,0.0375,-0.075,0.03879968983960134
10,0.0375,-0.0375,0.018682872840495027
10,0.0375,0.0,0.02891433261899821
10,0.0375,0.0375,0.08242265150427586
10,0.0375,0.075,0.19665268105173517
10,0.0375,0.1125,0.39580960720672026
10,0.0375,0.15,0.718006283993328
10,0.0375,0.1875,1.2506357181444434
10,0.0375,0.225,2.252087090969143
10,0.0375,0.2625,4.426133388740063
10,0.0375,0.3,12.14961890560646
10,0.0375,0.3375,1000.0
10,0.0375,0.375,1000.0
10,0.0375,0.4125,1000.0
10,0.0375,0.45,1000.0
10,0.0375,0.4875,1000.0
10,0.0375,0.525,1000.0
10,0.0375,0.5625,1000.0
10,0.0375,0.6,1000.0
10,0.0375,0.6375,1000.0
10,0.0375,0.675,1000.0
10,0.0375,0.7125,1000.0
10,0.0375,0.75,1000.0
10,0.0375,0.7875,1000.0
10,0.0375,0.825,1000.0
10,0.0375,0.8625,1000.0
10,0.0375,0.9,1000.0
10,0.0375,0.9375,1000.0
10,0.0375,0.975,1000.0
10,0.0375,1.0125,1000.0
10,0.0375,1.05,1000.0
10,0.0375,1.0875,1000.0
10,0.0375,1.125,1000.0
10,0.0375,1.1625,1000.0
10,0.0375,1.2,1000.0
10,0.0375,1.2375,1000.0
10,0.0375,1.275,1000.0
10,0.0375,1.3125,1000.0
10,0.0375,1.35,1000.0
10,0.0375,1.3875,1000.0
10,0.0375,1.425,1000.0
10,0.0375,1.4625,1000.0
10,0.0375,1.5,1000.0
10,0.075,-1.5,1.456477703314564
10,0.075,-1.4625,1.4493660159397708
10,0.075,-1.425,1.4419145531051825
10,0.075,-1.3875,1.434088797487526
10,0.075,-1.35,1.4258519101826603
10,0.075,-1.3125,1.4171656667388564
10,0.075,-1.275,1.4079915245314842
10,0.075,-1.2375,1.3982915804815679
10,0.075,-1.2,1.3880290690903776
10,0.075,-1.1625,1.3771679649117226
10,0.075,-1.125,1.3656712023813051
10,0.075,-1.0875,1.353497025306959
10,0.075,-1.05,1.3405931057622347
10,0.075,-1.0125,1.3268885411471865
10,0.075,-0.975,1.31228496666993
10,0.075,-0.9375,1.2966498436013412
10,0.075,-0.9,1.2798162818408294
10,0.075,-0.8625,1.261591151650784
10,0.075,-0.825,1.2417635434417804
10,0.075,-0.7875,1.2200944848361477
10,0.075,-0.75,1.1962746280849441
10,0.075,-0.7125,1.169869470644398
10,0.075,-0.675,1.1403181282229602
10,0.075,-0.6375,1.1070781089689365
10,0.075,-0.6,1.0698153998202327
10,0.075,-0.5625,1.0280531053196946
10,0.075,-0.525,0.9803433349116124
10,0.075,-0.4875,0.9249599893726297
10,0.075,-0.45,0.861350556856996
10,0.075,-0.4125,0.7873294961886141
10,0.075,-0.375,0.7016882411927546
10,0.075,-0.3375,0.5996567973855881
10,0.075,-0.3,0.4831988922558863
10,0.075,-0.2625,0.355990610920748
10,0.075,-0.225,0.2352542243876698
10,0.075,-0.1875,0.1385474421237419
10,0.075,-0.15,0.07648244087365216
10,0.075,-0.1125,0.04221140109742344
10,0.075,-0.075,0.025376353178232572
10,0.075,-0.0375,0.03198542088560402
10,0.075,0.0,0.07248925504693744
10,0.075,0.0375,0.1587563350607731
10,0.075,0.075,0.30710684608851757
10,0.075,0.1125,0.5363391954687782
10,0.075,0.15,0.8908218249175395
10,0.075,0.1875,1.480940894909613
10,0.075,0.225,2.5431872874896326
10,0.075,0.2625,4.846527638112738
10,0.075,0.3,13.058217515244856
10,0.075,0.3375,1000.0
10,0.075,0.375,1000.0
10,0.075,0.4125,1000.0
10,0.075,0.45,1000.0
10,0.075,0.4875,1000.0
10,0.075,0.525,1000.0
10,0.075,0.5625,1000.0
10,0.075,0.6,1000.0
10,0.075,0.6375,1000.0
10,0.075,0.675,1000.0
10,0.075,0.7125,1000.0
10,0.075,0.75,1000.0
10,0.075,0.7875,1000.0
10,0.075,0.825,1000.0
10,0.075,0.8625,1000.0
10,0.075,0.9,1000.0
10,0.075,0.9375,1000.0
10,0.075,0.975,1000.0
10,0.075,1.0125,1000.0
10,0.075,1.05,1000.0
10,0.075,1.0875,1000.0
10,0.075,1.125,1000.0
10,0.075,1.1625,1000.0
10,0.075,1.2,1000.0
10,0.075,1.2375,1000.0
10,0.075,1.275,1000.0
10,0.075,1.3125,1000.0
10,0.075,1.35,1000.0
10,0.075,1.3875,1000.0
10,0.075,1.425,1000.0
10,0.075,1.4625,1000.0
10,0.075,1.5,1000.0
10,0.1125,-1.5,1.4354492339880225
10,0.1125,-1.4625,1.4274482611162809
10,0.1125,-1.425,1.4190219498415382
10,0.1125,-1.3875,1.4101348541471719
10,0.1125,-1.35,1.4007525341555005
10,0.1125,-1.3125,1.390842120014248
10,0.1125,-1.275,1.3803720955960233
10,0.1125,-1.2375,1.3693109136252712
10,0.1125,-1.2,1.3576240647043052
10,0.1125,-1.1625,1.3452693029467135
10,0.1125,-1.125,1.3321900395779178
10,0.1125,-1.0875,1.3183077455629237
10,0.1125,-1.05,1.3035157335064953
10,0.1125,-1.0125,1.287678231092118
10,0.1125,-0.975,1.2706376041783911
10,0.1125,-0.9375,1.2522251665898652
10,0.1125,-0.9,1.2322588701928576
10,0.1125,-0.8625,1.2105094012305178
10,0.1125,-0.825,1.1866407197948003
10,0.1125,-0.7875,1.1601717679829826
10,0.1125,-0.75,1.1305459263450512
10,0.1125,-0.7125,1.097363190950796
10,0.1125,-0.675,1.060447260727946
10,0.1125,-0.6375,1.0191450893159624
10,0.1125,-0.6,0.9718000950015802
10,0.1125,-0.5625,0.9173628365932878
10,0.1125,-0.525,0.8553662858726717
10,0.1125,-0.4875,0.783074072701792
10,0.1125,-0.45,0.7006746016688135
10,0.1125,-0.4125,0.6016012955795583
10,0.1125,-0.375,0.49022447210869663
10,0.1125,-0.3375,0.3751746899141237
10,0.1125,-0.3,0.26526431737687445
10,0.1125,-0.2625,0.17620908325643506
10,0.1125,-0.225,0.11421365463127349
10,0.1125,-0.1875,0.07625726723247424
10,0.1125,-0.15,0.048747251548836246
10,0.1125,-0.1125,0.034350635348614295
10,0.1125,-0.075,0.039663960539061766
10,0.1125,-0.0375,0.07263089486151558
10,0.1125,0.0,0.14156646382202673
10,0.1125,0.0375,0.2576242361908635
10,0.1125,0.075,0.43103063447637635
10,0.1125,0.1125,0.6886835335441855
10,0.1125,0.15,1.0768688312705825
10,0.1125,0.1875,1.7169056566434175
10,0.1125,0.225,2.8309225622062266
10,0.1125,0.2625,5.2688579778702636
10,0.1125,0.3,13.964246256636885
10,0.1125,0.3375,1000.0
10,0.1125,0.375,1000.0
10,0.1125,0.4125,1000.0
10,0.1125,0.45,1000.0
10,0.1125,0.4875,1000.0
10,0.1125,0.525,1000.0
10,0.1125,0.5625,1000.0
10,0.1125,0.6,1000.0
10,0.1125,0.6375,1000.0
10,0.1125,0.675,1000.0
10,0.1125,0.7125,1000.0
10,0.1125,0.75,1000.0
10,0.1125,0.7875,1000.0
10,0.1125,0.825,1000.0
10,0.1125,0.8625,1000.0
10,0.1125,0.9,1000.0
10,0.1125,0.9375,1000.0
10,0.1125,0.975,1000.0
10,0.1125,1.0125,1000.0
10,0.1125,1.05,1000.0
10,0.1125,1.0875,1000.0
10,0.1125,1.125,1000.0
10,0.1125,1.1625,1000.0
10,0.1125,1.2,1000.0
10,0.1125,1.2375,1000.0
10,0.1125,1.275,1000.0
10,0.1125,1.3125,1000.0
10,0.1125,1.35,1000.0
10,0.1125,1.3875,1000.0
10,0.1125,1.425,1000.0
10,0.1125,1.4625,1000.0
10,0.1125,1.5,1000.0
10,0.15,-1.5,1.4113804890235693
10,0.15,-1.4625,1.4022503202121566
10,0.15,-1.425,1.3926206546437336
10,0.15,-1.3875,1.382463900233357
10,0.15,-1.35,1.3717528011131623
10,0.15,-1.3125,1.3604578206307731
10,0.15,-1.275,1.348542990505578
10,0.15,-1.2375,1.3359602485876376
10,0.15,-1.2,1.3226429679810092
10,0.15,-1.1625,1.3085007244957512
10,0.15,-1.125,1.293418879930606
10,0.15,-1.0875,1.277266077950725
10,0.15,-1.05,1.2599064952053614
10,0.15,-1.0125,1.2412015977798494
10,0.15,-0.975,1.2209809204206816
10,0.15,-0.9375,1.1989812784811305
10,0.15,-0.9,1.174792135048916
10,0.15,-0.8625,1.1478801157209375
10,0.15,-0.825,1.117781726859018
10,0.15,-0.7875,1.0843408847033738
10,0.15,-0.75,1.0473470895950092
10,0.15,-0.7125,1.0056121222824628
10,0.15,-0.675,0.957630040458974
10,0.15,-0.6375,0.9034453715950909
10,0.15,-0.6,0.8411340779565556
10,0.15,-0.5625,0.7692299951486495
10,0.15,-0.525,0.6865683146394396
10,0.15,-0.4875,0.5881320060197939
10,0.15,-0.45,0.4821597314828328
10,0.15,-0.4125,0.3802203463031245
10,0.15,-0.375,0.2822272586130413
10,0.15,-0.3375,0.2030194407076693
10,0.15,-0.3,0.14802464641835758
10,0.15,-0.2625,0.11112016632061686
10,0.15,-0.225,0.08031262526380328
10,0.15,-0.1875,0.05682970006465103
10,0.15,-0.15,0.04526662223481008
10,0.15,-0.1125,0.05101148674180293
10,0.15,-0.075,0.08004123874216307
10,0.15,-0.0375,0.13828640929992939
10,0.15,0.0,0.23344718418936036
10,0.15,0.0375,0.37165772113601314
10,0.15,0.075,0.5696618691120231
10,0.15,0.1125,0.849525639360288
10,0.15,0.15,1.2806241278425403
10,0.15,0.1875,1.9512560064861906
10,0.15,0.225,3.1213323318891195
10,0.15,0.2625,5.69713386213162
10,0.15,0.3,14.848682484547963
10,0.15,0.3375,1000.0
10,0.15,0.375,1000.0
10,0.15,0.4125,1000.0
10,0.15,0.45,1000.0
10,0.15,0.4875,1000.0
10,0.15,0.525,1000.0
10,0.15,0.5625,1000.0
10,0.15,0.6,1000.0
10,0.15,0.6375,1000.0
10,0.15,0.675,1000.0
10,0.15,0.7125,1000.0
10,0.15,0.75,1000.0
10,0.15,0.7875,1000.0
10,0.15,0.825,1000.0
10,0.15,0.8625,1000.0
10,0.15,0.9,1000.0
10,0.15,0.9375,1000.0
10,0.15,0.975,1000.0
10,0.15,1.0125,1000.0
10,0.15,1.05,1000.0
10,0.15,1.0875,1000.0
10,0.15,1.125,1000.0
10,0.15,1.1625,1000.0
10,0.15,1.2,1000.0
10,0.15,1.2375,1000.0
10,0.15,1.275,1000.0
10,0.15,1.3125,1000.0
10,0.15,1.35,1000.0
10,0.15,1.3875,1000.0
10,0.15,1.425,1000.0
10,0.15,1.4625,1000.0
10,0.15,1.5,1000.0
10,0.1875,-1.5,1.3834961025075234
10,0.1875,-1.4625,1.373060838974404
10,0.1875,-1.425,1.3620761723670456
10,0.1875,-1.3875,1.3505096540694406
10,0.1875,-1.35,1.3383175582757867
10,0.1875,-1.3125,1.3254393794970876
10,0.1875,-1.275,1.3117938881174387
10,0.1875,-1.2375,1.2972802185436338
10,0.1875,-1.2,1.2817869318814492
10,0.1875,-1.1625,1.2652057403821937
10,0.1875,-1.125,1.2474343081260177
10,0.1875,-1.0875,1.228346645959684
10,0.1875,-1.05,1.2077290982289053
10,0.1875,-1.0125,1.1852181820020913
10,0.1875,-0.975,1.1603069696047628
10,0.1875,-0.9375,1.1325096228168177
10,0.1875,-0.9,1.1016478287772111
10,0.1875,-0.8625,1.0676975769975572
10,0.1875,-0.825,1.0298295046124528
10,0.1875,-0.7875,0.9864201453404331
10,0.1875,-0.75,0.9374031792853624
10,0.1875,-0.7125,0.8822051074345864
10,0.1875,-0.675,0.8172951196405852
10,0.1875,-0.6375,0.7445251359381554
10,0.1875,-0.6,0.6573417307167425
10,0.1875,-0.5625,0.55941956730659
10,0.1875,-0.525,0.4678545780957152
10,0.1875,-0.4875,0.3722936701703509
10,0.1875,-0.45,0.2916352809738443
10,0.1875,-0.4125,0.22165525011596196
10,0.1875,-0.375,0.1781347777625107
10,0.1875,-0.3375,0.14373540452653027
10,0.1875,-0.3,0.11265731995908157
10,0.1875,-0.2625,0.0859380985329115
10,0.1875,-0.225,0.06642960861693904
10,0.1875,-0.1875,0.05840461920759694
10,0.1875,-0.15,0.06588004564817924
10,0.1875,-0.1125,0.09348004215410341
10,0.1875,-0.075,0.14543051590844855
10,0.1875,-0.0375,0.22708860157385963
10,0.1875,0.0,0.34231138014571055
10,0.1875,0.0375,0.5019436983323551
10,0.1875,0.075,0.718931540641221
10,0.1875,0.1125,1.0332322362812933
10,0.1875,0.15,1.493863938442848
10,0.1875,0.1875,2.195283231763804
10,0.1875,0.225,3.4349757225247313
10,0.1875,0.2625,6.16530390442462
10,0.1875,0.3,17.44884559939378
10,0.1875,0.3375,1000.0
10,0.1875,0.375,1000.0
10,0.1875,0.4125,1000.0
10,0.1875,0.45,1000.0
10,0.1875,0.4875,1000.0
10,0.1875,0.525,1000.0
10,0.1875,0.5625,1000.0
10,0.1875,0.6,1000.0
10,0.1875,0.6375,1000.0
10,0.1875,0.675,1000.0
10,0.1875,0.7125,1000.0
10,0.1875,0.75,1000.0
10,0.1875,0.7875,1000.0
10,0.1875,0.825,1000.0
10,0.1875,0.8625,1000.0
10,0.1875,0.9,1000.0
10,0.1875,0.9375,1000.0
10,0.1875,0.975,1000.0
10,0.1875,1.0125,1000.0
10,0.1875,1.05,1000.0
10,0.1875,1.0875,1000.0
10,0.1875,1.125,1000.0
10,0.1875,1.1625,1000.0
10,0.1875,1.2,1000.0
10,0.1875,1.2375,1000.0
10,0.1875,1.275,1000.0
10,0.1875,1.3125,1000.0
10,0.1875,1.35,1000.0
10,0.1875,1.3875,1000.0
10,0.1875,1.425,1000.0
10,0.1875,1.4625,1000.0
10,0.1875,1.5,1000.0
10,0.225,-1.5,1.3512313257340758
10,0.225,-1.4625,1.339337974153321
10,0.225,-1.425,1.3267904785077649
10,0.225,-1.3875,1.3135116439910959
10,0.225,-1.35,1.2994096864600957
10,0.225,-1.3125,1.2843901609814383
10,0.225,-1.275,1.2683710420686418
10,0.225,-1.2375,1.2512829852131881
10,0.225,-1.2,1.2330330436688455
10,0.225,-1.1625,1.2134338607415227
10,0.225,-1.125,1.1921395395659589
10,0.225,-1.0875,1.1686544318425638
10,0.225,-1.05,1.1425010200682535
10,0.225,-1.0125,1.1135236553433008
10,0.225,-0.975,1.0817817260348637
10,0.225,-0.9375,1.0465692652390954
10,0.225,-0.9,1.0062203371454488
10,0.225,-0.8625,0.9606765067633577
10,0.225,-0.825,0.9101542183722711
10,0.225,-0.7875,0.8503781178116884
10,0.225,-0.75,0.7826613871259536
10,0.225,-0.7125,0.7033047905195241
10,0.225,-0.675,0.6119763000383696
10,0.225,-0.6375,0.5311183507164338
10,0.225,-0.6,0.44196286896534537
10,0.225,-0.5625,0.36354811472421106
10,0.225,-0.525,0.29403638545913346
10,0.225,-0.4875,0.23973308087666023
10,0.225,-0.45,0.2052973953458636
10,0.225,-0.4125,0.17327901570725798
10,0.225,-0.375,0.14311443449678476
10,0.225,-0.3375,0.11589465475528198
10,0.225,-0.3,0.09323218717915237
10,0.225,-0.2625,0.07825265527082066
10,0.225,-0.225,0.07443853201343172
10,0.225,-0.1875,0.08465921203041128
10,0.225,-0.15,0.11268655624537659
10,0.225,-0.1125,0.16139906089703918
10,0.225,-0.075,0.23461352783983877
10,0.225,-0.0375,0.3349566668044554
10,0.225,0.0,0.4703298080699873
10,0.225,0.0375,0.6498459920599217
10,0.225,0.075,0.8981503395617854
10,0.225,0.1125,1.248842055276784
10,0.225,0.15,1.7560430676337329
10,0.225,0.1875,3.25154735952435
10,0.225,0.225,4.838563005614168
10,0.225,0.2625,8.057484138218266
10,0.225,0.3,19.047832367959003
10,0.225,0.3375,1000.0
10,0.225,0.375,1000.0
10,0.225,0.4125,1000.0
10,0.225,0.45,1000.0
10,0.225,0.4875,1000.0
10,0.225,0.525,1000.0
10,0.225,0.5625,1000.0
10,0.225,0.6,1000.0
10,0.225,0.6375,1000.0
10,0.225,0.675,1000.0
10,0.225,0.7125,1000.0
10,0.225,0.75,1000.0
10,0.225,0.7875,1000.0
10,0.225,0.825,1000.0
10,0.225,0.8625,1000.0
10,0.225,0.9,1000.0
10,0.225,0.9375,1000.0
10,0.225,0.975,1000.0
10,0.225,1.0125,1000.0
10,0.225,1.05,1000.0
10,0.225,1.0875,1000.0
10,0.225,1.125,1000.0
10,0.225,1.1625,1000.0
10,0.225,1.2,1000.0
10,0.225,1.2375,1000.0
10,0.225,1.275,1000.0
10,0.225,1.3125,1000.0
10,0.225,1.35,1000.0
10,0.225,1.3875,1000.0
10,0.225,1.425,1000.0
10,0.225,1.4625,1000.0
10,0.225,1.5,1000.0
10,0.2625,-1.5,1.3137113958867759
10,0.2625,-1.4625,1.2998804246669942
10,0.2625,-1.425,1.2851750934591246
10,0.2625,-1.3875,1.2695426824876086
10,0.2625,-1.35,1.2529451494973542
10,0.2625,-1.3125,1.2353084328299095
10,0.2625,-1.275,1.2164428227762087
10,0.2625,-1.2375,1.1959855686654335
10,0.2625,-1.2,1.173434684381986
10,0.2625,-1.1625,1.14835740725193
10,0.2625,-1.125,1.1206975590340136
10,0.2625,-1.0875,1.0905427383768773
10,0.2625,-1.05,1.0570373932580677
10,0.2625,-1.0125,1.0184419516026504
10,0.2625,-0.975,0.9751583390940283
10,0.2625,-0.9375,0.927465641427091
10,0.2625,-0.9,0.8707663421750038
10,0.2625,-0.8625,0.8052388333375008
10,0.2625,-0.825,0.7288584973599984
10,0.2625,-0.7875,0.6471577564856115
10,0.2625,-0.75,0.5749629003845456
10,0.2625,-0.7125,0.49169386624926664
10,0.2625,-0.675,0.41821141901497644
10,0.2625,-0.6375,0.35372059686782553
10,0.2625,-0.6,0.2936377067771664
10,0.2625,-0.5625,0.2599917490351228
10,0.2625,-0.525,0.2295582272186196
10,0.2625,-0.4875,0.19965834233602192
10,0.2625,-0.45,0.17093223695636373
10,0.2625,-0.4125,0.144441851892566
10,0.2625,-0.375,0.12116207664978645
10,0.2625,-0.3375,0.10311772681875822
10,0.2625,-0.3,0.09338483512334697
10,0.2625,-0.2625,0.09426095660180486
10,0.2625,-0.225,0.10813313708792055
10,0.2625,-0.1875,0.13807766355470502
10,0.2625,-0.15,0.18590902030007586
10,0.2625,-0.1125,0.25484280598834114
10,0.2625,-0.075,0.34738309324272904
10,0.2625,-0.0375,0.4704332204318942
10,0.2625,0.0,0.6309704619854156
10,0.2625,0.0375,0.8539589046945847
10,0.2625,0.075,1.2706115963148341
10,0.2625,0.1125,2.20706536929251
10,0.2625,0.15,2.8193694620578778
10,0.2625,0.1875,3.7238768302903305
10,0.2625,0.225,5.293823293772092
10,0.2625,0.2625,8.675134051367593
10,0.2625,0.3,20.296963731700497
10,0.2625,0.3375,1000.0
10,0.2625,0.375,1000.0
10,0.2625,0.4125,1000.0
10,0.2625,0.45,1000.0
10,0.2625,0.4875,1000.0
10,0.2625,0.525,1000.0
10,0.2625,0.5625,1000.0
10,0.2625,0.6,1000.0
10,0.2625,0.6375,1000.0
10,0.2625,0.675,1000.0
10,0.2625,0.7125,1000.0
10,0.2625,0.75,1000.0
10,0.2625,0.7875,1000.0
10,0.2625,0.825,1000.0
10,0.2625,0.8625,1000.0
10,0.2625,0.9,1000.0
10,0.2625,0.9375,1000.0
10,0.2625,0.975,1000.0
10,0.2625,1.0125,1000.0
10,0.2625,1.05,1000.0
10,0.2625,1.0875,1000.0
10,0.2625,1.125,1000.0
10,0.2625,1.1625,1000.0
10,0.2625,1.2,1000.0
10,0.2625,1.2375,1000.0
10,0.2625,1.275,1000.0
10,0.2625,1.3125,1000.0
10,0.2625,1.35,1000.0
10,0.2625,1.3875,1000.0
10,0.2625,1.425,1000.0
10,0.2625,1.4625,1000.0
10,0.2625,1.5,1000.0
10,0.3,-1.5,1.268783338817385
10,0.3,-1.4625,1.2525306035033719
10,0.3,-1.425,1.2353291759759828
10,0.3,-1.3875,1.2169466519859422
10,0.3,-1.35,1.196967230532449
10,0.3,-1.3125,1.1748852933108431
10,0.3,-1.275,1.1503933285200991
10,0.3,-1.2375,1.1236150927095572
10,0.3,-1.2,1.094508652516546
10,0.3,-1.1625,1.061726093162959
10,0.3,-1.125,1.0236909835574413
10,0.3,-1.0875,0.9818503622414018
10,0.3,-1.05,0.9350699120275165
10,0.3,-1.0125,0.8795853305227561
10,0.3,-0.975,0.8126632436677307
10,0.3,-0.9375,0.7357585983651757
10,0.3,-0.9,0.6710262195747566
10,0.3,-0.8625,0.6028357094852824
10,0.3,-0.825,0.5215324606820585
10,0.3,-0.7875,0.45853752872326997
10,0.3,-0.75,0.3989670253014063
10,0.3,-0.7125,0.3386724632259144
10,0.3,-0.675,0.30713601808488217
10,0.3,-0.6375,0.27904295785631866
10,0.3,-0.6,0.25100758371139675
10,0.3,-0.5625,0.22312202487907148
10,0.3,-0.525,0.19609661692908248
10,0.3,-0.4875,0.1709318810321866
10,0.3,-0.45,0.14832428865444455
10,0.3,-0.4125,0.12948778561738142
10,0.3,-0.375,0.11694516233765638
10,0.3,-0.3375,0.11299466433612876
10,0.3,-0.3,0.11895883183418048
10,0.3,-0.2625,0.1375532651470841
10,0.3,-0.225,0.171018941708545
10,0.3,-0.1875,0.22095822154427636
10,0.3,-0.15,0.2911409845232404
10,0.3,-0.1125,0.3841302824833073
10,0.3,-0.075,0.5089312543028857
10,0.3,-0.0375,0.7026464630503739
10,0.3,0.0,1.4024159617496927
10,0.3,0.0375,1.7080523075096816
10,0.3,0.075,2.047932702952388
10,0.3,0.1125,2.4783900317943535
10,0.3,0.15,3.0820477030347666
10,0.3,0.1875,4.018136841323076
10,0.3,0.225,5.665865043847205
10,0.3,0.2625,9.227871656701945
10,0.3,0.3,21.467684005975258
10,0.3,0.3375,1000.0
10,0.3,0.375,1000.0
10,0.3,0.4125,1000.0
10,0.3,0.45,1000.0
10,0.3,0.4875,1000.0
10,0.3,0.525,1000.0
10,0.3,0.5625,1000.0
10,0.3,0.6,1000.0
10,0.3,0.6375,1000.0
10,0.3,0.675,1000.0
10,0.3,0.7125,1000.0
10,0.3,0.75,1000.0
10,0.3,0.7875,1000.0
10,0.3,0.825,1000.0
10,0.3,0.8625,1000.0
10,0.3,0.9,1000.0
10,0.3,0.9375,1000.0
10,0.3,0.975,1000.0
10,0.3,1.0125,1000.0
10,0.3,1.05,1000.0
10,0.3,1.0875,1000.0
10,0.3,1.125,1000.0
10,0.3,1.1625,1000.0
10,0.3,1.2,1000.0
10,0.3,1.2375,1000.0
10,0.3,1.275,1000.0
10,0.3,1.3125,1000.0
10,0.3,1.35,1000.0
10,0.3,1.3875,1000.0
10,0.3,1.425,1000.0
10,0.3,1.4625,1000.0
10,0.3,1.5,1000.0
10,0.3375,-1.5,1.2149748237729445
10,0.3375,-1.4625,1.1950626636499881
10,0.3375,-1.425,1.1729866332680925
10,0.3375,-1.3875,1.1487222134894426
10,0.3375,-1.35,1.1225188015547771
10,0.3375,-1.3125,1.0937374204601484
10,0.3375,-1.275,1.0603466463691658
10,0.3375,-1.2375,1.0221222533524763
10,0.3375,-1.2,0.9807766578852608
10,0.3375,-1.1625,0.932571984104388
10,0.3375,-1.125,0.8746329623921949
10,0.3375,-1.0875,0.8017761763200901
10,0.3375,-1.05,0.741716945712692
10,0.3375,-1.0125,0.6846728564862086
10,0.3375,-0.975,0.6153967735505302
10,0.3375,-0.9375,0.5393959229398142
10,0.3375,-0.9,0.48840781832376995
10,0.3375,-0.8625,0.43138844491314626
10,0.3375,-0.825,0.3750405925670937
10,0.3375,-0.7875,0.3474786005710805
10,0.3375,-0.75,0.3217728088607318
10,0.3375,-0.7125,0.2959972239514334
10,0.3375,-0.675,0.27002040211007455
10,0.3375,-0.6375,0.244088455207794
10,0.3375,-0.6,0.2188988616890083
10,0.3375,-0.5625,0.19539306986079183
10,0.3375,-0.525,0.17411817389631412
10,0.3375,-0.4875,0.15578102176371206
10,0.3375,-0.45,0.14237959197970973
10,0.3375,-0.4125,0.13619166666431604
10,0.3375,-0.375,0.13826298864265243
10,0.3375,-0.3375,0.1504347863425674
10,0.3375,-0.3,0.17587005571646183
10,0.3375,-0.2625,0.21610773030158248
10,0.3375,-0.225,0.2734195408857896
10,0.3375,-0.1875,0.35254629309776214
10,0.3375,-0.15,0.4721462366315456
10,0.3375,-0.1125,1.0149116978972716
10,0.3375,-0.075,1.2288250472343154
10,0.3375,-0.0375,1.4240596813444018
10,0.3375,0.0,1.650966716041591
10,0.3375,0.0375,1.9159314669646637
10,0.3375,0.075,2.24282137368536
10,0.3375,0.1125,2.6780816391729716
10,0.3375,0.15,3.3033516246736534
10,0.3375,0.1875,4.282945268318276
10,0.3375,0.225,6.013503798229522
10,0.3375,0.2625,9.756124140285086
10,0.3375,0.3,22.601081427678743
10,0.3375,0.3375,1000.0
10,0.3375,0.375,1000.0
10,0.3375,0.4125,1000.0
10,0.3375,0.45,1000.0
10,0.3375,0.4875,1000.0
10,0.3375,0.525,1000.0
10,0.3375,0.5625,1000.0
10,0.3375,0.6,1000.0
10,0.3375,0.6375,1000.0
10,0.3375,0.675,1000.0
10,0.3375,0.7125,1000.0
10,0.3375,0.75,1000.0
10,0.3375,0.7875,1000.0
10,0.3375,0.825,1000.0
10,0.3375,0.8625,1000.0
10,0.3375,0.9,1000.0
10,0.3375,0.9375,1000.0
10,0.3375,0.975,1000.0
10,0.3375,1.0125,1000.0
10,0.3375,1.05,1000.0
10,0.3375,1.0875,1000.0
10,0.3375,1.125,1000.0
10,0.3375,1.1625,1000.0
10,0.3375,1.2,1000.0
10,0.3375,1.2375,1000.0
10,0.3375,1.275,1000.0
10,0.3375,1.3125,1000.0
10,0.3375,1.35,1000.0
10,0.3375,1.3875,1000.0
10,0.3375,1.425,1000.0
10,0.3375,1.4625,1000.0
10,0.3375,1.5,1000.0
10,0.375,-1.5,1.1434031362290762
10,0.375,-1.4625,1.117289925101583
10,0.375,-1.425,1.087296682604823
10,0.375,-1.3875,1.052066877716982
10,0.375,-1.35,1.0136166567362213
10,0.375,-1.3125,0.9695253515271449
10,0.375,-1.275,0.9177270938860054
10,0.375,-1.2375,0.8478949893479899
10,0.375,-1.2,0.7931825748706464
10,0.375,-1.1625,0.7437671341538269
10,0.375,-1.125,0.6848690481571104
10,0.375,-1.0875,0.6064089001759774
10,0.375,-1.05,0.5556353791376695
10,0.375,-1.0125,0.5091574522972186
10,0.375,-0.975,0.45072768946866143
10,0.375,-0.9375,0.40618773928752305
10,0.375,-0.9,0.382118110603719
10,0.375,-0.8625,0.3585590896071633
10,0.375,-0.825,0.3349716045955024
10,0.375,-0.7875,0.31114663432003753
10,0.375,-0.75,0.287066617384781
10,0.375,-0.7125,0.26303142014963227
10,0.375,-0.675,0.23975699272625492
10,0.375,-0.6375,0.2181230927363527
10,0.375,-0.6,0.1985402593080094
10,0.375,-0.5625,0.18142242044748313
10,0.375,-0.525,0.16840774909366432
10,0.375,-0.4875,0.1617168753693899
10,0.375,-0.45,0.16248442871828767
10,0.375,-0.4125,0.17206384668687383
10,0.375,-0.375,0.19397849833083744
10,0.375,-0.3375,0.2302168254012498
10,0.375,-0.3,0.2818293378379797
10,0.375,-0.2625,0.36316459764183434
10,0.375,-0.225,0.5654271065509096
10,0.375,-0.1875,0.9855639308474783
10,0.375,-0.15,1.1166420451340415
10,0.375,-0.1125,1.2548300636429608
10,0.375,-0.075,1.4155938434686435
10,0.375,-0.0375,1.6038146786070502
10,0.375,0.0,1.8192763865598565
10,0.375,0.0375,2.0775959661076633
10,0.375,0.075,2.4080025901159545
10,0.375,0.1125,2.857411205743366
10,0.375,0.15,3.5096094970733898
10,0.375,0.1875,4.535657344768997
10,0.375,0.225,6.350173010262271
10,0.375,0.2625,10.271838618583487
10,0.375,0.3,23.71022069600199
10,0.375,0.3375,1000.0
10,0.375,0.375,1000.0
10,0.375,0.4125,1000.0
10,0.375,0.45,1000.0
10,0.375,0.4875,1000.0
10,0.375,0.525,1000.0
10,0.375,0.5625,1000.0
10,0.375,0.6,1000.0
10,0.375,0.6375,1000.0
10,0.375,0.675,1000.0
10,0.375,0.7125,1000.0
10,0.375,0.75,1000.0
10,0.375,0.7875,1000.0
10,0.375,0.825,1000.0
10,0.375,0.8625,1000.0
10,0.375,0.9,1000.0
10,0.375,0.9375,1000.0
10,0.375,0.975,1000.0
10,0.375,1.0125,1000.0
10,0.375,1.05,1000.0
10,0.375,1.0875,1000.0
10,0.375,1.125,1000.0
10,0.375,1.1625,1000.0
10,0.375,1.2,1000.0
10,0.375,1.2375,1000.0
10,0.375,1.275,1000.0
10,0.375,1.3125,1000.0
10,0.375,1.35,1000.0
10,0.375,1.3875,1000.0
10,0.375,1.425,1000.0
10,0.375,1.4625,1000.0
10,0.375,1.5,1000.0
10,0.4125,-1.5,1.036606575840428
10,0.4125,-1.4625,0.9940453798328409
10,0.4125,-1.425,0.9438140143129781
10,0.4125,-1.3875,0.8752964100658873
10,0.4125,-1.35,0.8316345531136131
10,0.4125,-1.3125,0.7876877029147447
10,0.4125,-1.275,0.7349918702234475
10,0.4125,-1.2375,0.6616949963381393
10,0.4125,-1.2,0.6070904499125144
10,0.4125,-1.1625,0.5665189557837197
10,0.4125,-1.125,0.5182303972046437
10,0.4125,-1.0875,0.4582332374077346
10,0.4125,-1.05,0.4338519513142951
10,0.4125,-1.0125,0.4120276361257832
10,0.4125,-0.975,0.39036909925305296
10,0.4125,-0.9375,0.3687402969223905
10,0.4125,-0.9,0.34697138878933004
10,0.4125,-0.8625,0.32491024665283413
10,0.4125,-0.825,0.3026014548597876
10,0.4125,-0.7875,0.2804208406119842
10,0.4125,-0.75,0.25912978822242533
10,0.4125,-0.7125,0.23951824346992673
10,0.4125,-0.675,0.22183553249635177
10,0.4125,-0.6375,0.20636315665979052
10,0.4125,-0.6,0.19461829957443894
10,0.4125,-0.5625,0.18884970459757502
10,0.4125,-0.525,0.19041032510750688
10,0.4125,-0.4875,0.20051366110890428
10,0.4125,-0.45,0.22214445617113357
10,0.4125,-0.4125,0.2577994512425914
10,0.4125,-0.375,0.3154670880702755
10,0.4125,-0.3375,0.43320954319023264
10,0.4125,-0.3,0.8468671890213931
10,0.4125,-0.2625,0.947871266733509
10,0.4125,-0.225,1.0448246725141204
10,0.4125,-0.1875,1.150837610132729
10,0.4125,-0.15,1.2709612016927148
10,0.4125,-0.1125,1.411547782197338
10,0.4125,-0.075,1.5714780628424112
10,0.4125,-0.0375,1.7503505341794918
10,0.4125,0.0,1.9600699144605966
10,0.4125,0.0375,2.220336730197775
10,0.4125,0.075,2.560341052706544
10,0.4125,0.1125,3.0277481353658273
10,0.4125,0.15,3.7092572103271406
10,0.4125,0.1875,4.782990907254542
10,0.4125,0.225,6.681231673278885
10,0.4125,0.2625,10.778540840572639
10,0.4125,0.3,24.796284436873815
10,0.4125,0.3375,1000.0
10,0.4125,0.375,1000.0
10,0.4125,0.4125,1000.0
10,0.4125,0.45,1000.0
10,0.4125,0.4875,1000.0
10,0.4125,0.525,1000.0
10,0.4125,0.5625,1000.0
10,0.4125,0.6,1000.0
10,0.4125,0.6375,1000.0
10,0.4125,0.675,1000.0
10,0.4125,0.7125,1000.0
10,0.4125,0.75,1000.0
10,0.4125,0.7875,1000.0
10,0.4125,0.825,1000.0
10,0.4125,0.8625,1000.0
10,0.4125,0.9,1000.0
10,0.4125,0.9375,1000.0
10,0.4125,0.975,1000.0
10,0.4125,1.0125,1000.0
10,0.4125,1.05,1000.0
10,0.4125,1.0875,1000.0
10,0.4125,1.125,1000.0
10,0.4125,1.1625,1000.0
10,0.4125,1.2,1000.0
10,0.4125,1.2375,1000.0
10,0.4125,1.275,1000.0
10,0.4125,1.3125,1000.0
10,0.4125,1.35,1000.0
10,0.4125,1.3875,1000.0
10,0.4125,1.425,1000.0
10,0.4125,1.4625,1000.0
10,0.4125,1.5,1000.0
10,0.45,-1.5,0.8603612956057007
10,0.45,-1.4625,0.8195102885977905
10,0.45,-1.425,0.7690611398266102
10,0.45,-1.3875,0.6964202578241905
10,0.45,-1.35,0.6469018615516701
10,0.45,-1.3125,0.6117652757028822
10,0.45,-1.275,0.5695117360441081
10,0.45,-1.2375,0.5091408502853702
10,0.45,-1.2,0.4781878821528142
10,0.45,-1.1625,0.4580243483626338
10,0.45,-1.125,0.4380301766404409
10,0.45,-1.0875,0.4180779237172656
10,0.45,-1.05,0.3981775166955931
10,0.45,-1.0125,0.3782496163333506
10,0.45,-0.975,0.358117524953866
10,0.45,-0.9375,0.33766837369353037
10,0.45,-0.9,0.31703299455947453
10,0.45,-0.8625,0.2966999512667774
10,0.45,-0.825,0.2774773341718489
10,0.45,-0.7875,0.26000456701024416
10,0.45,-0.75,0.24436965290676935
10,0.45,-0.7125,0.23091257604370577
10,0.45,-0.675,0.221325515709266
10,0.45,-0.6375,0.21802160590887001
10,0.45,-0.6,0.22237213033615666
10,0.45,-0.5625,0.23495720176782017
10,0.45,-0.525,0.25839175874098735
10,0.45,-0.4875,0.30189799214031166
10,0.45,-0.45,0.387927245371412
10,0.45,-0.4125,0.7647850426115516
10,0.45,-0.375,0.8497072001818472
10,0.45,-0.3375,0.923971391845508
10,0.45,-0.3,1.000938267683049
10,0.45,-0.2625,1.0858316704687143
10,0.45,-0.225,1.181300171461266
10,0.45,-0.1875,1.2901047624138542
10,0.45,-0.15,1.415030604279497
10,0.45,-0.1125,1.552044794177137
10,0.45,-0.075,1.702622150451587
10,0.45,-0.0375,1.8764824340986686
10,0.45,0.0,2.0874868775406226
10,0.45,0.0375,2.354849572464734
10,0.45,0.075,2.7078620658184454
10,0.45,0.1125,3.1954613281051216
10,0.45,0.15,3.907429933512663
10,0.45,0.1875,5.028692924851329
10,0.45,0.225,7.008381947198854
10,0.45,0.2625,11.275244691518651
10,0.45,0.3,25.85231517279657
10,0.45,0.3375,1000.0
10,0.45,0.375,1000.0
10,0.45,0.4125,1000.0
10,0.45,0.45,1000.0
10,0.45,0.4875,1000.0
10,0.45,0.525,1000.0
10,0.45,0.5625,1000.0
10,0.45,0.6,1000.0
10,0.45,0.6375,1000.0
10,0.45,0.675,1000.0
10,0.45,0.7125,1000.0
10,0.45,0.75,1000.0
10,0.45,0.7875,1000.0
10,0.45,0.825,1000.0
10,0.45,0.8625,1000.0
10,0.45,0.9,1000.0
10,0.45,0.9375,1000.0
10,0.45,0.975,1000.0
10,0.45,1.0125,1000.0
10,0.45,1.05,1000.0
10,0.45,1.0875,1000.0
10,0.45,1.125,1000.0
10,0.45,1.1625,1000.0
10,0.45,1.2,1000.0
10,0.45,1.2375,1000.0
10,0.45,1.275,1000.0
10,0.45,1.3125,1000.0
10,0.45,1.35,1000.0
10,0.45,1.3875,1000.0
10,0.45,1.425,1000.0
10,0.45,1.4625,1000.0
10,0.45,1.5,1000.0
10,0.4875,-1.5,0.6784719045643534
10,0.4875,-1.4625,0.6463632906286731
10,0.4875,-1.425,0.6070921551429841
10,0.4875,-1.3875,0.5505826206511786
10,0.4875,-1.35,0.5160909196233184
10,0.4875,-1.3125,0.49754617730608236
10,0.4875,-1.275,0.4792136672646516
10,0.4875,-1.2375,0.46082874861245104
10,0.4875,-1.2,0.44241067643971665
10,0.4875,-1.1625,0.4240504705174051
10,0.4875,-1.125,0.4057503001664464
10,0.4875,-1.0875,0.38736484223558193
10,0.4875,-1.05,0.36870596731328414
10,0.4875,-1.0125,0.3497353736826076
10,0.4875,-0.975,0.33071846949573375
10,0.4875,-0.9375,0.3122935702631641
10,0.4875,-0.9,0.295265298988558
10,0.4875,-0.8625,0.2800553061750874
10,0.4875,-0.825,0.2666950260245119
10,0.4875,-0.7875,0.25587393644518674
10,0.4875,-0.75,0.2497198222599061
10,0.4875,-0.7125,0.2505372705838457
10,0.4875,-0.675,0.2587431786306115
10,0.4875,-0.6375,0.27481926405655194
10,0.4875,-0.6,0.30759232887404586
10,0.4875,-0.5625,0.37584313724819385
10,0.4875,-0.525,0.7195624240937657
10,0.4875,-0.4875,0.7944831662589513
10,0.4875,-0.45,0.8519621266739608
10,0.4875,-0.4125,0.912522707311203
10,0.4875,-0.375,0.9768629463683327
10,0.4875,-0.3375,1.0470649114196589
10,0.4875,-0.3,1.1261097360062045
10,0.4875,-0.2625,1.2147560892950562
10,0.4875,-0.225,1.3149261973255757
10,0.4875,-0.1875,1.425864715728167
10,0.4875,-0.15,1.5437455240362394
10,0.4875,-0.1125,1.6722081172234262
10,0.4875,-0.075,1.8191554825527196
10,0.4875,-0.0375,1.9945563619699034
10,0.4875,0.0,2.2115512119317757
10,0.4875,0.0375,2.489155923434679
10,0.4875,0.075,2.857200410940306
10,0.4875,0.1125,3.366239912714065
10,0.4875,0.15,4.109758690645269
10,0.4875,0.1875,5.280573807391145
10,0.4875,0.225,7.34324327007909
10,0.4875,0.2625,11.76261161118605
10,0.4875,0.3,26.693620453922478
10,0.4875,0.3375,1000.0
10,0.4875,0.375,1000.0
10,0.4875,0.4125,1000.0
10,0.4875,0.45,1000.0
10,0.4875,0.4875,1000.0
10,0.4875,0.525,1000.0
10,0.4875,0.5625,1000.0
10,0.4875,0.6,1000.0
10,0.4875,0.6375,1000.0
10,0.4875,0.675,1000.0
10,0.4875,0.7125,1000.0
10,0.4875,0.75,1000.0
10,0.4875,0.7875,1000.0
10,0.4875,0.825,1000.0
10,0.4875,0.8625,1000.0
10,0.4875,0.9,1000.0
10,0.4875,0.9375,1000.0
10,0.4875,0.975,1000.0
10,0.4875,1.0125,1000.0
10,0.4875,1.05,1000.0
10,0.4875,1.0875,1000.0
10,0.4875,1.125,1000.0
10,0.4875,1.1625,1000.0
10,0.4875,1.2,1000.0
10,0.4875,1.2375,1000.0
10,0.4875,1.275,1000.0
10,0.4875,1.3125,1000.0
10,0.4875,1.35,1000.0
10,0.4875,1.3875,1000.0
10,0.4875,1.425,1000.0
10,0.4875,1.4625,1000.0
10,0.4875,1.5,1000.0
10,0.525,-1.5,0.5485491337090067
10,0.525,-1.4625,0.5315615309006649
10,0.525,-1.425,0.5148083109971604
10,0.525,-1.3875,0.4979751032331769
10,0.525,-1.35,0.480996889254675
10,0.525,-1.3125,0.4639557992108704
10,0.525,-1.275,0.4469869959158019
10,0.525,-1.2375,0.4301448259419847
10,0.525,-1.2,0.4133217520681883
10,0.525,-1.1625,0.39630501978526544
10,0.525,-1.125,0.37894957154738307
10,0.525,-1.0875,0.3613600509440056
10,0.525,-1.05,0.344006057186422
10,0.525,-1.0125,0.3276728342748567
10,0.525,-0.975,0.3130479259154482
10,0.525,-0.9375,0.30035864127113054
10,0.525,-0.9,0.2898617417516598
10,0.525,-0.8625,0.28286474900367725
10,0.525,-0.825,0.28157889404522124
10,0.525,-0.7875,0.28708826206583776
10,0.525,-0.75,0.29973348783202397
10,0.525,-0.7125,0.3265510747445606
10,0.525,-0.675,0.38339443265300527
10,0.525,-0.6375,0.6978499220593715
10,0.525,-0.6,0.767900718027052
10,0.525,-0.5625,0.8129789855485018
10,0.525,-0.525,0.8595253751451338
10,0.525,-0.4875,0.911647200513246
10,0.525,-0.45,0.9675516543665318
10,0.525,-0.4125,1.0275938264396278
10,0.525,-0.375,1.0951617938529628
10,0.525,-0.3375,1.1706522236593828
10,0.525,-0.3,1.2540552714737796
10,0.525,-0.2625,1.3466276658298733
10,0.525,-0.225,1.4444114835301356
10,0.525,-0.1875,1.5467477647809207
10,0.525,-0.15,1.6582591828882571
10,0.525,-0.1125,1.7851858374880918
10,0.525,-0.075,1.9349986452194083
10,0.525,-0.0375,2.117629621545784
10,0.525,0.0,2.347558735127613
10,0.525,0.0375,2.6463303705827994
10,0.525,0.075,3.0492112424615057
10,0.525,0.1125,4.29266597366522
10,0.525,0.15,5.347833432240879
10,0.525,0.1875,6.748828169292944
10,0.525,0.225,9.128016040174238
10,0.525,0.2625,14.121012176637377
10,0.525,0.3,30.735702410722457
10,0.525,0.3375,1000.0
10,0.525,0.375,1000.0
10,0.525,0.4125,1000.0
10,0.525,0.45,1000.0
10,0.525,0.4875,1000.0
10,0.525,0.525,1000.0
10,0.525,0.5625,1000.0
10,0.525,0.6,1000.0
10,0.525,0.6375,1000.0
10,0.525,0.675,1000.0
10,0.525,0.7125,1000.0
10,0.525,0.75,1000.0
10,0.525,0.7875,1000.0
10,0.525,0.825,1000.0
10,0.525,0.8625,1000.0
10,0.525,0.9,1000.0
10,0.525,0.9375,1000.0
10,0.525,0.975,1000.0
10,0.525,1.0125,1000.0
10,0.525,1.05,1000.0
10,0.525,1.0875,1000.0
10,0.525,1.125,1000.0
10,0.525,1.1625,1000.0
10,0.525,1.2,1000.0
10,0.525,1.2375,1000.0
10,0.525,1.275,1000.0
10,0.525,1.3125,1000.0
10,0.525,1.35,1000.0
10,0.525,1.3875,1000.0
10,0.525,1.425,1000.0
10,0.525,1.4625,1000.0
10,0.525,1.5,1000.0
10,0.5625,-1.5,0.5147373259792964
10,0.5625,-1.4625,0.4989903090289566
10,0.5625,-1.425,0.48319147691155634
10,0.5625,-1.3875,0.46749882042275465
10,0.5625,-1.35,0.45198993923102054
10,0.5625,-1.3125,0.4365777490210516
10,0.5625,-1.275,0.42104207473938177
10,0.5625,-1.2375,0.4051775151528648
10,0.5625,-1.2,0.38898306856369225
10,0.5625,-1.1625,0.3728091273559259
10,0.5625,-1.125,0.35738149591148144
10,0.5625,-1.0875,0.3435209699097779
10,0.5625,-1.05,0.3317143471424234
10,0.5625,-1.0125,0.3222224579323973
10,0.5625,-0.975,0.3157644010519655
10,0.5625,-0.9375,0.3137936337235332
10,0.5625,-0.9,0.3175698849834486
10,0.5625,-0.8625,0.3286225546787711
10,0.5625,-0.825,0.3534230843356836
10,0.5625,-0.7875,0.40534152311252875
10,0.5625,-0.75,0.696838487657352
10,0.5625,-0.7125,0.7580507175313534
10,0.5625,-0.675,0.7962514494478993
10,0.5625,-0.6375,0.832710551285653
10,0.5625,-0.6,0.8735583711065532
10,0.5625,-0.5625,0.9204751810831869
10,0.5625,-0.525,0.9706488912327886
10,0.5625,-0.4875,1.0238154095649021
10,0.5625,-0.45,1.083553290524778
10,0.5625,-0.4125,1.1503126098211163
10,0.5625,-0.375,1.222808085296672
10,0.5625,-0.3375,1.3023747891156723
10,0.5625,-0.3,1.3869243618029874
10,0.5625,-0.2625,1.4739469759969501
10,0.5625,-0.225,1.566832942635907
10,0.5625,-0.1875,1.6719828976866156
10,0.5625,-0.15,1.7972400265290345
10,0.5625,-0.1125,1.973766518143047
10,0.5625,-0.075,2.7508767779691508
10,0.5625,-0.0375,3.0171981318514245
10,0.5625,0.0,3.316108148499419
10,0.5625,0.0375,3.6845311132811105
10,0.5625,0.075,4.161244441318742
10,0.5625,0.1125,4.807296221754862
10,0.5625,0.15,5.732846788509359
10,0.5625,0.1875,7.1624609783890945
10,0.5625,0.225,9.63603738659291
10,0.5625,0.2625,14.851616511824245
10,0.5625,0.3,32.21890453908807
10,0.5625,0.3375,1000.0
10,0.5625,0.375,1000.0
10,0.5625,0.4125,1000.0
10,0.5625,0.45,1000.0
10,0.5625,0.4875,1000.0
10,0.5625,0.525,1000.0
10,0.5625,0.5625,1000.0
10,0.5625,0.6,1000.0
10,0.5625,0.6375,1000.0
10,0.5625,0.675,1000.0
10,0.5625,0.7125,1000.0
10,0.5625,0.75,1000.0
10,0.5625,0.7875,1000.0
10,0.5625,0.825,1000.0
10,0.5625,0.8625,1000.0
10,0.5625,0.9,1000.0
10,0.5625,0.9375,1000.0
10,0.5625,0.975,1000.0
10,0.5625,1.0125,1000.0
10,0.5625,1.05,1000.0
10,0.5625,1.0875,1000.0
10,0.5625,1.125,1000.0
10,0.5625,1.1625,1000.0
10,0.5625,1.2,1000.0
10,0.5625,1.2375,1000.0
10,0.5625,1.275,1000.0
10,0.5625,1.3125,1000.0
10,0.5625,1.35,1000.0
10,0.5625,1.3875,1000.0
10,0.5625,1.425,1000.0
10,0.5625,1.4625,1000.0
10,0.5625,1.5,1000.0
10,0.6,-1.5,0.48601330173039087
10,0.6,-1.4625,0.4717497869860684
10,0.6,-1.425,0.4576316750670707
10,0.6,-1.3875,0.44342955783006655
10,0.6,-1.35,0.42890706334914924
10,0.6,-1.3125,0.41400721955895625
10,0.6,-1.275,0.39901938481793886
10,0.6,-1.2375,0.38463979654482133
10,0.6,-1.2,0.3717634437460894
10,0.6,-1.1625,0.361072437191356
10,0.6,-1.125,0.35294717227486294
10,0.6,-1.0875,0.34776338027917864
10,0.6,-1.05,0.34613645235527235
10,0.6,-1.0125,0.3491748395939673
10,0.6,-0.975,0.36007967177098915
10,0.6,-0.9375,0.38497339619768245
10,0.6,-0.9,0.43804161870796343
10,0.6,-0.8625,0.71236862695744
10,0.6,-0.825,0.7600321572558901
10,0.6,-0.7875,0.7931050300783481
10,0.6,-0.75,0.8243968509658529
10,0.6,-0.7125,0.8570743829974874
10,0.6,-0.675,0.8953707844236566
10,0.6,-0.6375,0.9394064257320475
10,0.6,-0.6,0.9857317229838128
10,0.6,-0.5625,1.0344655207234146
10,0.6,-0.525,1.0894268021578914
10,0.6,-0.4875,1.1511035156234062
10,0.6,-0.45,1.218142373161889
10,0.6,-0.4125,1.2931862335539162
10,0.6,-0.375,1.3779304130858234
10,0.6,-0.3375,1.478238088057073
10,0.6,-0.3,2.051186617640477
10,0.6,-0.2625,2.2007662549984817
10,0.6,-0.225,2.325481303689192
10,0.6,-0.1875,2.456196015270851
10,0.6,-0.15,2.601660571434835
10,0.6,-0.1125,2.7690074814189196
10,0.6,-0.075,2.9664681472966317
10,0.6,-0.0375,3.204920087868755
10,0.6,0.0,3.4998168017767735
10,0.6,0.0375,3.8743597294204744
10,0.6,0.075,4.365351377726342
10,0.6,0.1125,5.035015245816236
10,0.6,0.15,5.997430252786404
10,0.6,0.1875,7.486090501203582
10,0.6,0.225,10.062845112156545
10,0.6,0.2625,15.494658828751213
10,0.6,0.3,33.571848555375354
10,0.6,0.3375,1000.0
10,0.6,0.375,1000.0
10,0.6,0.4125,1000.0
10,0.6,0.45,1000.0
10,0.6,0.4875,1000.0
10,0.6,0.525,1000.0
10,0.6,0.5625,1000.0
10,0.6,0.6,1000.0
10,0.6,0.6375,1000.0
10,0.6,0.675,1000.0
10,0.6,0.7125,1000.0
10,0.6,0.75,1000.0
10,0.6,0.7875,1000.0
10,0.6,0.825,1000.0
10,0.6,0.8625,1000.0
10,0.6,0.9,1000.0
10,0.6,0.9375,1000.0
10,0.6,0.975,1000.0
10,0.6,1.0125,1000.0
10,0.6,1.05,1000.0
10,0.6,1.0875,1000.0
10,0.6,1.125,1000.0
10,0.6,1.1625,1000.0
10,0.6,1.2,1000.0
10,0.6,1.2375,1000.0
10,0.6,1.275,1000.0
10,0.6,1.3125,1000.0
10,0.6,1.35,1000.0
10,0.6,1.3875,1000.0
10,0.6,1.425,1000.0
10,0.6,1.4625,1000.0
10,0.6,1.5,1000.0
10,0.6375,-1.5,0.46391109854428914
10,0.6375,-1.4625,0.4505826696525649
10,0.6375,-1.425,0.43685831403831915
10,0.6375,-1.3875,0.42302974300998547
10,0.6375,-1.35,0.409820275142414
10,0.6375,-1.3125,0.398193664492246
10,0.6375,-1.275,0.38895331357413554
10,0.6375,-1.2375,0.38253057343712876
10,0.6375,-1.2,0.3789807619897389
10,0.6375,-1.1625,0.37827099083815224
10,0.6375,-1.125,0.3816450649245859
10,0.6375,-1.0875,0.39421944682734555
10,0.6375,-1.05,0.4204934278584489
10,0.6375,-1.0125,0.4807981545523449
10,0.6375,-0.975,0.7364948095881486
10,0.6375,-0.9375,0.7716841397413995
10,0.6375,-0.9,0.8001268913252795
10,0.6375,-0.8625,0.8285125800591925
10,0.6375,-0.825,0.8570430890447895
10,0.6375,-0.7875,0.8887183328855993
10,0.6375,-0.75,0.9268211516770787
10,0.6375,-0.7125,0.9697718515254847
10,0.6375,-0.675,1.0146958762943536
10,0.6375,-0.6375,1.0643027860567265
10,0.6375,-0.6,1.124368957924641
10,0.6375,-0.5625,1.1983720665545623
10,0.6375,-0.525,1.3653041954045013
10,0.6375,-0.4875,1.807808557302687
10,0.6375,-0.45,1.9025089275788578
10,0.6375,-0.4125,1.9886863348050545
10,0.6375,-0.375,2.0722412321320194
10,0.6375,-0.3375,2.1573426925258246
10,0.6375,-0.3,2.247459342040127
10,0.6375,-0.2625,2.3457077661557655
10,0.6375,-0.225,2.4552610874570857
10,0.6375,-0.1875,2.5797238259996367
10,0.6375,-0.15,2.7235218402666015
10,0.6375,-0.1125,2.8923916553080384
10,0.6375,-0.075,3.094083085043506
10,0.6375,-0.0375,3.3394572930822655
10,0.6375,0.0,3.6443127222964935
10,0.6375,0.0375,4.032602218319832
10,0.6375,0.075,4.542475218122216
10,0.6375,0.1125,5.238536226831761
10,0.6375,0.15,6.239290354569859
10,0.6375,0.1875,7.787293081768442
10,0.6375,0.225,10.466045564276452
10,0.6375,0.2625,16.109777908805672
10,0.6375,0.3,34.87613135207584
10,0.6375,0.3375,1000.0
10,0.6375,0.375,1000.0
10,0.6375,0.4125,1000.0
10,0.6375,0.45,1000.0
10,0.6375,0.4875,1000.0
10,0.6375,0.525,1000.0
10,0.6375,0.5625,1000.0
10,0.6375,0.6,1000.0
10,0.6375,0.6375,1000.0
10,0.6375,0.675,1000.0
10,0.6375,0.7125,1000.0
10,0.6375,0.75,1000.0
10,0.6375,0.7875,1000.0
10,0.6375,0.825,1000.0
10,0.6375,0.8625,1000.0
10,0.6375,0.9,1000.0
10,0.6375,0.9375,1000.0
10,0.6375,0.975,1000.0
10,0.6375,1.0125,1000.0
10,0.6375,1.05,1000.0
10,0.6375,1.0875,1000.0
10,0.6375,1.125,1000.0
10,0.6375,1.1625,1000.0
10,0.6375,1.2,1000.0
10,0.6375,1.2375,1000.0
10,0.6375,1.275,1000.0
10,0.6375,1.3125,1000.0
10,0.6375,1.35,1000.0
10,0.6375,1.3875,1000.0
10,0.6375,1.425,1000.0
10,0.6375,1.4625,1000.0
10,0.6375,1.5,1000.0
10,0.675,-1.5,0.44532558301219877
10,0.675,-1.4625,0.43347478520242844
10,0.675,-1.425,0.42346634642362957
10,0.675,-1.3875,0.4161304057086545
10,0.675,-1.35,0.4117628109061217
10,0.675,-1.3125,0.41001060385465476
10,0.675,-1.275,0.41059429077642495
10,0.675,-1.2375,0.4157413096860383
10,0.675,-1.2,0.43187310666334966
10,0.675,-1.1625,0.4622216077079582
10,0.675,-1.125,0.5460326332316136
10,0.675,-1.0875,0.76476653162672
10,0.675,-1.05,0.7912440550335372
10,0.675,-1.0125,0.8159218512659815
10,0.675,-0.975,0.8423038337615826
10,0.675,-0.9375,0.8692297434641267
10,0.675,-0.9,0.8982078854408411
10,0.675,-0.8625,0.9341144543893929
10,0.675,-0.825,0.9798303304836978
10,0.675,-0.7875,1.0339329409382578
10,0.675,-0.75,1.1195222520246724
10,0.675,-0.7125,1.549856343182585
10,0.675,-0.675,1.6258314550171526
10,0.675,-0.6375,1.6945031893510103
10,0.675,-0.6,1.761039550562206
10,0.675,-0.5625,1.829040272510028
10,0.675,-0.525,1.8987400328162687
10,0.675,-0.4875,1.9673210686270837
10,0.675,-0.45,2.0352259456154154
10,0.675,-0.4125,2.1046316035112658
10,0.675,-0.375,2.1777796999134917
10,0.675,-0.3375,2.25676109757642
10,0.675,-0.3,2.343677485891667
10,0.675,-0.2625,2.4408419088215942
10,0.675,-0.225,2.550985545013402
10,0.675,-0.1875,2.6774985963773434
10,0.675,-0.15,2.824748783682274
10,0.675,-0.1125,2.998540209591559
10,0.675,-0.075,3.206814197355668
10,0.675,-0.0375,3.460771796799096
10,0.675,0.0,3.776757743516076
10,0.675,0.0375,4.179591044374941
10,0.675,0.075,4.7088275201346885
10,0.675,0.1125,5.431469618880884
10,0.675,0.15,6.470423219604854
10,0.675,0.1875,8.077224314651342
10,0.675,0.225,10.856855407979458
10,0.675,0.2625,16.71043170329582
10,0.675,0.3,36.159776004072086
10,0.675,0.3375,1000.0
10,0.675,0.375,1000.0
10,0.675,0.4125,1000.0
10,0.675,0.45,1000.0
10,0.675,0.4875,1000.0
10,0.675,0.525,1000.0
10,0.675,0.5625,1000.0
10,0.675,0.6,1000.0
10,0.675,0.6375,1000.0
10,0.675,0.675,1000.0
10,0.675,0.7125,1000.0
10,0.675,0.75,1000.0
10,0.675,0.7875,1000.0
10,0.675,0.825,1000.0
10,0.675,0.8625,1000.0
10,0.675,0.9,1000.0
10,0.675,0.9375,1000.0
10,0.675,0.975,1000.0
10,0.675,1.0125,1000.0
10,0.675,1.05,1000.0
10,0.675,1.0875,1000.0
10,0.675,1.125,1000.0
10,0.675,1.1625,1000.0
10,0.675,1.2,1000.0
10,0.675,1.2375,1000.0
10,0.675,1.275,1000.0
10,0.675,1.3125,1000.0
10,0.675,1.35,1000.0
10,0.675,1.3875,1000.0
10,0.675,1.425,1000.0
10,0.675,1.4625,1000.0
10,0.675,1.5,1000.0
10,0.7125,-1.5,0.4437351108389093
10,0.7125,-1.4625,0.4416934454552179
10,0.7125,-1.425,0.44180004272171336
10,0.7125,-1.3875,0.44428300816872324
10,0.7125,-1.35,0.45338606472585613
10,0.7125,-1.3125,0.473788827189373
10,0.7125,-1.275,0.515750752248925
10,0.7125,-1.2375,0.7508680367101267
10,0.7125,-1.2,0.7959100272936604
10,0.7125,-1.1625,0.8173865463653127
10,0.7125,-1.125,0.8405137017445927
10,0.7125,-1.0875,0.8681680723250982
10,0.7125,-1.05,0.8998713094411402
10,0.7125,-1.0125,0.9367245245282415
10,0.7125,-0.975,0.997598226390856
10,0.7125,-0.9375,1.3887225731659185
10,0.7125,-0.9,1.4543287381932466
10,0.7125,-0.8625,1.505216727441818
10,0.7125,-0.825,1.5526829706246466
10,0.7125,-0.7875,1.6029058026169865
10,0.7125,-0.75,1.6574105308667013
10,0.7125,-0.7125,1.7131439248224969
10,0.7125,-0.675,1.769068729386047
10,0.7125,-0.6375,1.8276147041104815
10,0.7125,-0.6,1.8873453884943594
10,0.7125,-0.5625,1.9456603907626975
10,0.7125,-0.525,2.0031318265630915
10,0.7125,-0.4875,2.061532307884036
10,0.7125,-0.45,2.122589334771882
10,0.7125,-0.4125,2.187857118052411
10,0.7125,-0.375,2.2588393723325346
10,0.7125,-0.3375,2.3371266900423935
10,0.7125,-0.3,2.424525263858727
10,0.7125,-0.2625,2.5231924558909657
10,0.7125,-0.225,2.6358007613280354
10,0.7125,-0.1875,2.7657567320632346
10,0.7125,-0.15,2.91751257084656
10,0.7125,-0.1125,3.0970302880426046
10,0.7125,-0.075,3.312500630466085
10,0.7125,-0.0375,3.575501116186827
10,0.7125,0.0,3.9029439677387847
10,0.7125,0.0375,4.32052267762671
10,0.7125,0.075,4.869194444354738
10,0.7125,0.1125,5.618337094909303
10,0.7125,0.15,6.695206405117817
10,0.7125,0.1875,8.36021570274107
10,0.7125,0.225,11.239622977485
10,0.7125,0.2625,17.301052137042085
10,0.7125,0.3,37.43024600240346
10,0.7125,0.3375,1000.0
10,0.7125,0.375,1000.0
10,0.7125,0.4125,1000.0
10,0.7125,0.45,1000.0
10,0.7125,0.4875,1000.0
10,0.7125,0.525,1000.0
10,0.7125,0.5625,1000.0
10,0.7125,0.6,1000.0
10,0.7125,0.6375,1000.0
10,0.7125,0.675,1000.0
10,0.7125,0.7125,1000.0
10,0.7125,0.75,1000.0
10,0.7125,0.7875,1000.0
10,0.7125,0.825,1000.0
10,0.7125,0.8625,1000.0
10,0.7125,0.9,1000.0
10,0.7125,0.9375,1000.0
10,0.7125,0.975,1000.0
10,0.7125,1.0125,1000.0
10,0.7125,1.05,1000.0
10,0.7125,1.0875,1000.0
10,0.7125,1.125,1000.0
10,0.7125,1.1625,1000.0
10,0.7125,1.2,1000.0
10,0.7125,1.2375,1000.0
10,0.7125,1.275,1000.0
10,0.7125,1.3125,1000.0
10,0.7125,1.35,1000.0
10,0.7125,1.3875,1000.0
10,0.7125,1.425,1000.0
10,0.7125,1.4625,1000.0
10,0.7125,1.5,1000.0
10,0.75,-1.5,0.48121380840983696
10,0.75,-1.4625,0.49626096958265964
10,0.75,-1.425,0.5226180607840956
10,0.75,-1.3875,0.5894641039563204
10,0.75,-1.35,0.8075594499734687
10,0.75,-1.3125,0.8336183432980309
10,0.75,-1.275,0.8578276824843717
10,0.75,-1.2375,0.8883966779110538
10,0.75,-1.2,0.938283089134025
10,0.75,-1.1625,1.290170257240539
10,0.75,-1.125,1.343537298113518
10,0.75,-1.0875,1.3806732192952615
10,0.75,-1.05,1.4191529667259901
10,0.75,-1.0125,1.4603538123028226
10,0.75,-0.975,1.5008393056491784
10,0.75,-0.9375,1.5398906457758854
10,0.75,-0.9,1.5811000506763646
10,0.75,-0.8625,1.6274798020337629
10,0.75,-0.825,1.6767170418853428
10,0.75,-0.7875,1.7255645276575582
10,0.75,-0.75,1.7751369471747223
10,0.75,-0.7125,1.8271654588448731
10,0.75,-0.675,1.878967381358403
10,0.75,-0.6375,1.9289527527380776
10,0.75,-0.6,1.978072550949504
10,0.75,-0.5625,2.0278313013432494
10,0.75,-0.525,2.0795754987173694
10,0.75,-0.4875,2.134478421991162
10,0.75,-0.45,2.1936449848935706
10,0.75,-0.4125,2.258210425893206
10,0.75,-0.375,2.329425282830294
10,0.75,-0.3375,2.4087378408934086
10,0.75,-0.3,2.4978864895371995
10,0.75,-0.2625,2.599015081384312
10,0.75,-0.225,2.7148275895071854
10,0.75,-0.1875,2.8488054414748
10,0.75,-0.15,3.0055241113756277
10,0.75,-0.1125,3.1911295117810865
10,0.75,-0.075,3.4140790559425382
10,0.75,-0.0375,3.686337477240732
10,0.75,0.0,4.02538973378924
10,0.75,0.0375,4.457803396581617
10,0.75,0.075,5.025929289614412
10,0.75,0.1125,5.801501038169046
10,0.75,0.15,6.916082193767057
10,0.75,0.1875,8.638872176789427
10,0.75,0.225,11.617192619604298
10,0.75,0.2625,17.884643560125593
10,0.75,0.3,38.68991915036048
10,0.75,0.3375,1000.0
10,0.75,0.375,1000.0
10,0.75,0.4125,1000.0
10,0.75,0.45,1000.0
10,0.75,0.4875,1000.0
10,0.75,0.525,1000.0
10,0.75,0.5625,1000.0
10,0.75,0.6,1000.0
10,0.75,0.6375,1000.0
10,0.75,0.675,1000.0
10,0.75,0.7125,1000.0
10,0.75,0.75,1000.0
10,0.75,0.7875,1000.0
10,0.75,0.825,1000.0
10,0.75,0.8625,1000.0
10,0.75,0.9,1000.0
10,0.75,0.9375,1000.0
10,0.75,0.975,1000.0
10,0.75,1.0125,1000.0
10,0.75,1.05,1000.0
10,0.75,1.0875,1000.0
10,0.75,1.125,1000.0
10,0.75,1.1625,1000.0
10,0.75,1.2,1000.0
10,0.75,1.2375,1000.0
10,0.75,1.275,1000.0
10,0.75,1.3125,1000.0
10,0.75,1.35,1000.0
10,0.75,1.3875,1000.0
10,0.75,1.425,1000.0
10,0.75,1.4625,1000.0
10,0.75,1.5,1000.0
10,0.7875,-1.5,0.8255650838039391
10,0.7875,-1.4625,0.8675610689130641
10,0.7875,-1.425,0.9088950155831154
10,0.7875,-1.3875,1.2287956224779948
10,0.7875,-1.35,1.2785979580290545
10,0.7875,-1.3125,1.3107480610546287
10,0.7875,-1.275,1.3393196465568313
10,0.7875,-1.2375,1.3657608667023162
10,0.7875,-1.2,1.3929530068505105
10,0.7875,-1.1625,1.424568157615138
10,0.7875,-1.125,1.4604539907325993
10,0.7875,-1.0875,1.4965097597269654
10,0.7875,-1.05,1.5309804356046635
10,0.7875,-1.0125,1.5665237002915815
10,0.7875,-0.975,1.6068955995093301
10,0.7875,-0.9375,1.6510672098296502
10,0.7875,-0.9,1.6950470911364595
10,0.7875,-0.8625,1.7382303251747844
10,0.7875,-0.825,1.7832408847400967
10,0.7875,-0.7875,1.8294660407210146
10,0.7875,-0.75,1.8741071646497613
10,0.7875,-0.7125,1.9169166861217215
10,0.7875,-0.675,1.959063678213049
10,0.7875,-0.6375,2.00177939001741
10,0.7875,-0.6,2.0460925174548277
10,0.7875,-0.5625,2.092884038654435
10,0.7875,-0.525,2.1429734188207683
10,0.7875,-0.4875,2.197188771395957
10,0.7875,-0.45,2.2564237629852317
10,0.7875,-0.4125,2.3216898606058805
10,0.7875,-0.375,2.3941716195073632
10,0.7875,-0.3375,2.4752921250295934
10,0.7875,-0.3,2.5667964805691015
10,0.7875,-0.2625,2.6708636571312208
10,0.7875,-0.225,2.790261658499022
10,0.7875,-0.1875,2.9285690661660766
10,0.7875,-0.15,3.090500112939657
10,0.7875,-0.1125,3.28239542841234
10,0.7875,-0.075,3.512986510681945
10,0.7875,-0.0375,3.7946300375447994
10,0.7875,0.0,4.145385984861934
10,0.7875,0.0375,4.592695555183963
10,0.7875,0.075,5.180298889439044
10,0.7875,0.1125,5.982274310243078
10,0.7875,0.15,7.134467800068322
10,0.7875,0.1875,8.914804718629036
10,0.7875,0.225,11.991510323205043
10,0.7875,0.2625,18.463653490295194
10,0.7875,0.3,39.940987589297755
10,0.7875,0.3375,1000.0
10,0.7875,0.375,1000.0
10,0.7875,0.4125,1000.0
10,0.7875,0.45,1000.0
10,0.7875,0.4875,1000.0
10,0.7875,0.525,1000.0
10,0.7875,0.5625,1000.0
10,0.7875,0.6,1000.0
10,0.7875,0.6375,1000.0
10,0.7875,0.675,1000.0
10,0.7875,0.7125,1000.0
10,0.7875,0.75,1000.0
10,0.7875,0.7875,1000.0
10,0.7875,0.825,1000.0
10,0.7875,0.8625,1000.0
10,0.7875,0.9,1000.0
10,0.7875,0.9375,1000.0
10,0.7875,0.975,1000.0
10,0.7875,1.0125,1000.0
10,0.7875,1.05,1000.0
10,0.7875,1.0875,1000.0
10,0.7875,1.125,1000.0
10,0.7875,1.1625,1000.0
10,0.7875,1.2,1000.0
10,0.7875,1.2375,1000.0
10,0.7875,1.275,1000.0
10,0.7875,1.3125,1000.0
10,0.7875,1.35,1000.0
10,0.7875,1.3875,1000.0
10,0.7875,1.425,1000.0
10,0.7875,1.4625,1000.0
10,0.7875,1.5,1000.0
10,0.825,-1.5,1.286650171105461
10,0.825,-1.4625,1.3089413260407798
10,0.825,-1.425,1.3326492150389104
10,0.825,-1.3875,1.3557476688846766
10,0.825,-1.35,1.3780478086091785
10,0.825,-1.3125,1.4019215474891416
10,0.825,-1.275,1.4305313305416518
10,0.825,-1.2375,1.463291272276178
10,0.825,-1.2,1.496046404398339
10,0.825,-1.1625,1.5270402476181288
10,0.825,-1.125,1.5586293472662769
10,0.825,-1.0875,1.5946655987539047
10,0.825,-1.05,1.6347830767274893
10,0.825,-1.0125,1.6748181701867701
10,0.825,-0.975,1.7132785478716246
10,0.825,-0.9375,1.7525274338137493
10,0.825,-0.9,1.793607677981458
10,0.825,-0.8625,1.833821937582584
10,0.825,-0.825,1.8718764628848237
10,0.825,-0.7875,1.9084908625724195
10,0.825,-0.75,1.944772091382617
10,0.825,-0.7125,1.9816646647661595
10,0.825,-0.675,2.0199316491521024
10,0.825,-0.6375,2.0602269774731834
10,0.825,-0.6,2.103159778506633
10,0.825,-0.5625,2.149342330565879
10,0.825,-0.525,2.1994277804022935
10,0.825,-0.4875,2.2541438059815153
10,0.825,-0.45,2.314327003711084
10,0.825,-0.4125,2.3809620449930122
10,0.825,-0.375,2.4552297246182233
10,0.825,-0.3375,2.5385688919605403
10,0.825,-0.3,2.6327590419263305
10,0.825,-0.2625,2.7400334173913437
10,0.825,-0.225,2.86323758635798
10,0.825,-0.1875,3.0060570089200294
10,0.825,-0.15,3.1733517447072597
10,0.825,-0.1125,3.371662294032588
10,0.825,-0.075,3.6099979537059523
10,0.825,-0.0375,3.901109903632498
10,0.825,0.0,4.263634657994933
10,0.825,0.0375,4.725887454701304
10,0.825,0.075,5.332996606094029
10,0.825,0.1125,6.161381172347706
10,0.825,0.15,7.351159166056576
10,0.825,0.1875,9.18895357881797
10,0.825,0.225,12.363804418382328
10,0.825,0.2625,19.039897298197314
10,0.825,0.3,41.18601513868082
10,0.825,0.3375,1000.0
10,0.825,0.375,1000.0
10,0.825,0.4125,1000.0
10,0.825,0.45,1000.0
10,0.825,0.4875,1000.0
10,0.825,0.525,1000.0
10,0.825,0.5625,1000.0
10,0.825,0.6,1000.0
10,0.825,0.6375,1000.0
10,0.825,0.675,1000.0
10,0.825,0.7125,1000.0
10,0.825,0.75,1000.0
10,0.825,0.7875,1000.0
10,0.825,0.825,1000.0
10,0.825,0.8625,1000.0
10,0.825,0.9,1000.0
10,0.825,0.9375,1000.0
10,0.825,0.975,1000.0
10,0.825,1.0125,1000.0
10,0.825,1.05,1000.0
10,0.825,1.0875,1000.0
10,0.825,1.125,1000.0
10,0.825,1.1625,1000.0
10,0.825,1.2,1000.0
10,0.825,1.2375,1000.0
10,0.825,1.275,1000.0
10,0.825,1.3125,1000.0
10,0.825,1.35,1000.0
10,0.825,1.3875,1000.0
10,0.825,1.425,1000.0
10,0.825,1.4625,1000.0
10,0.825,1.5,1000.0
10,0.8625,-1.5,1.3698652334278678
10,0.8625,-1.4625,1.3898104843347932
10,0.8625,-1.425,1.4121399392207163
10,0.8625,-1.3875,1.4393964421093064
10,0.8625,-1.35,1.4699237114639503
10,0.8625,-1.3125,1.4996990636968428
10,0.8625,-1.275,1.5276582810781132
10,0.8625,-1.2375,1.5563755448849668
10,0.8625,-1.2,1.58951556293085
10,0.8625,-1.1625,1.6264645110724907
10,0.8625,-1.125,1.6629780859365468
10,0.8625,-1.0875,1.697493865275203
10,0.8625,-1.05,1.7321710396281507
10,0.8625,-1.0125,1.7687330423332637
10,0.8625,-0.975,1.8049661505815704
10,0.8625,-0.9375,1.8390345082304942
10,0.8625,-0.9,1.8712692865329636
10,0.8625,-0.8625,1.9026388499892228
10,0.8625,-0.825,1.9340114799454735
10,0.8625,-0.7875,1.966068849275206
10,0.8625,-0.75,1.9993624984269818
10,0.8625,-0.7125,2.0343731856222664
10,0.8625,-0.675,2.071554276608519
10,0.8625,-0.6375,2.111362998599194
10,0.8625,-0.6,2.154284950531678
10,0.8625,-0.5625,2.2008558687517423
10,0.8625,-0.525,2.2516835183178516
10,0.8625,-0.4875,2.307472031305258
10,0.8625,-0.45,2.3690509414965644
10,0.8625,-0.4125,2.437411494395715
10,0.8625,-0.375,2.513753557229213
10,0.8625,-0.3375,2.599547731981356
10,0.8625,-0.3,2.696619334214464
10,0.8625,-0.2625,2.8072641958594016
10,0.8625,-0.225,2.9344115924794476
10,0.8625,-0.1875,3.081858453361416
10,0.8625,-0.15,3.254614122195052
10,0.8625,-0.1125,3.459421582519269
10,0.8625,-0.075,3.705569900468586
10,0.8625,-0.0375,4.006206233524167
10,0.8625,0.0,4.380544725526994
10,0.8625,0.0375,4.857775444608349
10,0.8625,0.075,5.484415431733716
10,0.8625,0.1125,6.339224756201993
10,0.8625,0.15,7.566592881135091
10,0.8625,0.1875,9.461835842744645
10,0.8625,0.225,12.734782335764013
10,0.8625,0.2625,19.614570621290913
10,0.8625,0.3,42.427476749838775
10,0.8625,0.3375,1000.0
10,0.8625,0.375,1000.0
10,0.8625,0.4125,1000.0
10,0.8625,0.45,1000.0
10,0.8625,0.4875,1000.0
10,0.8625,0.525,1000.0
10,0.8625,0.5625,1000.0
10,0.8625,0.6,1000.0
10,0.8625,0.6375,1000.0
10,0.8625,0.675,1000.0
10,0.8625,0.7125,1000.0
10,0.8625,0.75,1000.0
10,0.8625,0.7875,1000.0
10,0.8625,0.825,1000.0
10,0.8625,0.8625,1000.0
10,0.8625,0.9,1000.0
10,0.8625,0.9375,1000.0
10,0.8625,0.975,1000.0
10,0.8625,1.0125,1000.0
10,0.8625,1.05,1000.0
10,0.8625,1.0875,1000.0
10,0.8625,1.125,1000.0
10,0.8625,1.1625,1000.0
10,0.8625,1.2,1000.0
10,0.8625,1.2375,1000.0
10,0.8625,1.275,1000.0
10,0.8625,1.3125,1000.0
10,0.8625,1.35,1000.0
10,0.8625,1.3875,1000.0
10,0.8625,1.425,1000.0
10,0.8625,1.4625,1000.0
10,0.8625,1.5,1000.0
10,0.9,-1.5,1.4517236208508943
10,0.9,-1.4625,1.4801465964087974
10,0.9,-1.425,1.5069240035532376
10,0.9,-1.3875,1.5321962192552925
10,0.9,-1.35,1.559025045133593
10,0.9,-1.3125,1.5904920797619115
10,0.9,-1.275,1.6248472642214684
10,0.9,-1.2375,1.6579438855091737
10,0.9,-1.2,1.688848993940765
10,0.9,-1.1625,1.7198321208392096
10,0.9,-1.125,1.7526303305873963
10,0.9,-1.0875,1.7852194044603955
10,0.9,-1.05,1.8156770189823062
10,0.9,-1.0125,1.844161036908001
10,0.9,-0.975,1.8715240248245575
10,0.9,-0.9375,1.8985510840211288
10,0.9,-0.9,1.9258483613836508
10,0.9,-0.8625,1.9538885513962827
10,0.9,-0.825,1.9830646166261583
10,0.9,-0.7875,2.0137289379293577
10,0.9,-0.75,2.0462202957983693
10,0.9,-0.7125,2.080883421959888
10,0.9,-0.675,2.1180846377050297
10,0.9,-0.6375,2.1582259268715043
10,0.9,-0.6,2.2017590921161103
10,0.9,-0.5625,2.249201315797578
10,0.9,-0.525,2.301153381018273
10,0.9,-0.4875,2.358321947579922
10,0.9,-0.45,2.42154761553928
10,0.9,-0.4125,2.4918410849337587
10,0.9,-0.375,2.570430624824922
10,0.9,-0.3375,2.658825461517516
10,0.9,-0.3,2.7589018649419166
10,0.9,-0.2625,2.873022135115884
10,0.9,-0.225,3.0042022100919588
10,0.9,-0.1875,3.1563527492470884
10,0.9,-0.15,3.3346341104576602
10,0.9,-0.1125,3.5459930792635617
10,0.9,-0.075,3.7999994917285616
10,0.9,-0.0375,4.11019724932629
10,0.9,0.0,4.496378755415949
10,0.9,0.0375,4.988609553322244
10,0.9,0.075,5.6347963614862575
10,0.9,0.1125,6.516042118692568
10,0.9,0.15,7.781011830563296
10,0.9,0.1875,9.733723626406782
10,0.9,0.225,13.104812324133835
10,0.9,0.2625,20.188367936773016
10,0.9,0.3,43.6673840404733
10,0.9,0.3375,1000.0
10,0.9,0.375,1000.0
10,0.9,0.4125,1000.0
10,0.9,0.45,1000.0
10,0.9,0.4875,1000.0
10,0.9,0.525,1000.0
10,0.9,0.5625,1000.0
10,0.9,0.6,1000.0
10,0.9,0.6375,1000.0
10,0.9,0.675,1000.0
10,0.9,0.7125,1000.0
10,0.9,0.75,1000.0
10,0.9,0.7875,1000.0
10,0.9,0.825,1000.0
10,0.9,0.8625,1000.0
10,0.9,0.9,1000.0
10,0.9,0.9375,1000.0
10,0.9,0.975,1000.0
10,0.9,1.0125,1000.0
10,0.9,1.05,1000.0
10,0.9,1.0875,1000.0
10,0.9,1.125,1000.0
10,0.9,1.1625,1000.0
10,0.9,1.2,1000.0
10,0.9,1.2375,1000.0
10,0.9,1.275,1000.0
10,0.9,1.3125,1000.0
10,0.9,1.35,1000.0
10,0.9,1.3875,1000.0
10,0.9,1.425,1000.0
10,0.9,1.4625,1000.0
10,0.9,1.5,1000.0
10,0.9375,-1.5,1.5402017546762172
10,0.9375,-1.4625,1.5663351367152223
10,0.9375,-1.425,1.5969431364657098
10,0.9375,-1.3875,1.628689488151051
10,0.9375,-1.35,1.6582274190860864
10,0.9375,-1.3125,1.685753076452299
10,0.9375,-1.275,1.7137699569530715
10,0.9375,-1.2375,1.7434879343823055
10,0.9375,-1.2,1.7726944291401052
10,0.9375,-1.1625,1.7997320444651652
10,0.9375,-1.125,1.8248217622106078
10,0.9375,-1.0875,1.848739287445292
10,0.9375,-1.05,1.8721776169269202
10,0.9375,-1.0125,1.8956621036694483
10,0.9375,-0.975,1.9195931894297709
10,0.9375,-0.9375,1.9442940111362434
10,0.9375,-0.9,1.9700444920186213
10,0.9375,-0.8625,1.997104258269497
10,0.9375,-0.825,2.0257285413951998
10,0.9375,-0.7875,2.056180093263888
10,0.9375,-0.75,2.088739066610218
10,0.9375,-0.7125,2.1237121396384233
10,0.9375,-0.675,2.161441796167364
10,0.9375,-0.6375,2.202316505245479
10,0.9375,-0.6,2.24678251045653
10,0.9375,-0.5625,2.295358008438965
10,0.9375,-0.525,2.3486506628395216
10,0.9375,-0.4875,2.4073796788934825
10,0.9375,-0.45,2.4724040913334493
10,0.9375,-0.4125,2.544759558724379
10,0.9375,-0.375,2.625706917382358
10,0.9375,-0.3375,2.7167972034924026
10,0.9375,-0.3,2.8199600956147566
10,0.9375,-0.2625,2.937626259241588
10,0.9375,-0.225,3.072899758953887
10,0.9375,-0.1875,3.2298061029092024
10,0.9375,-0.15,3.4136574995990103
10,0.9375,-0.1125,3.6316051370148332
10,0.9375,-0.075,3.8935000229095253
10,0.9375,-0.0375,4.213283044858434
10,0.9375,0.0,4.611325009314556
10,0.9375,0.0375,5.118567108799219
10,0.9375,0.075,5.784306253160756
10,0.9375,0.1125,6.691989890277529
10,0.9375,0.15,7.994563421900763
10,0.9375,0.1875,10.004760994546386
10,0.9375,0.225,13.474063827029699
10,0.9375,0.2625,20.761627514121713
10,0.9375,0.3,44.90715576025046
10,0.9375,0.3375,1000.0
10,0.9375,0.375,1000.0
10,0.9375,0.4125,1000.0
10,0.9375,0.45,1000.0
10,0.9375,0.4875,1000.0
10,0.9375,0.525,1000.0
10,0.9375,0.5625,1000.0
10,0.9375,0.6,1000.0
10,0.9375,0.6375,1000.0
10,0.9375,0.675,1000.0
10,0.9375,0.7125,1000.0
10,0.9375,0.75,1000.0
10,0.9375,0.7875,1000.0
10,0.9375,0.825,1000.0
10,0.9375,0.8625,1000.0
10,0.9375,0.9,1000.0
10,0.9375,0.9375,1000.0
10,0.9375,0.975,1000.0
10,0.9375,1.0125,1000.0
10,0.9375,1.05,1000.0
10,0.9375,1.0875,1000.0
10,0.9375,1.125,1000.0
10,0.9375,1.1625,1000.0
10,0.9375,1.2,1000.0
10,0.9375,1.2375,1000.0
10,0.9375,1.275,1000.0
10,0.9375,1.3125,1000.0
10,0.9375,1.35,1000.0
10,0.9375,1.3875,1000.0
10,0.9375,1.425,1000.0
10,0.9375,1.4625,1000.0
10,0.9375,1.5,1000.0
10,0.975,-1.5,1.6365646039962864
10,0.975,-1.4625,1.6624003952098623
10,0.975,-1.425,1.6869695391241981
10,0.975,-1.3875,1.712758563576835
10,0.975,-1.35,1.7398337612005852
10,0.975,-1.3125,1.7657655530658642
10,0.975,-1.275,1.7894913182276428
10,0.975,-1.2375,1.8114290703733504
10,0.975,-1.2,1.8322904750254545
10,0.975,-1.1625,1.852665693706855
10,0.975,-1.125,1.8729927567701812
10,0.975,-1.0875,1.8936013952611357
10,0.975,-1.05,1.914753753116156
10,0.975,-1.0125,1.9366725412213819
10,0.975,-0.975,1.9595596440026184
10,0.975,-0.9375,1.983608754577213
10,0.975,-0.9,2.0090145139391717
10,0.975,-0.8625,2.0359797135609377
10,0.975,-0.825,2.0647215493938176
10,0.975,-0.7875,2.0954775904354546
10,0.975,-0.75,2.128511953977806
10,0.975,-0.7125,2.1641221045610077
10,0.975,-0.675,2.2026466834243568
10,0.975,-0.6375,2.244474815933191
10,0.975,-0.6,2.2900574336317994
10,0.975,-0.5625,2.339921291890396
10,0.975,-0.525,2.394686579446351
10,0.975,-0.4875,2.455089329944369
10,0.975,-0.45,2.5220103020394187
10,0.975,-0.4125,2.5965126638721157
10,0.975,-0.375,2.679891811865718
10,0.975,-0.3375,2.7737421548833625
10,0.975,-0.3,2.8800480045909858
10,0.975,-0.2625,3.001309343635978
10,0.975,-0.225,3.1407190881078044
10,0.975,-0.1875,3.302418124391858
10,0.975,-0.15,3.491870864801674
10,0.975,-0.1125,3.716433086484399
10,0.975,-0.075,3.986236991870344
10,0.975,-0.0375,4.315620314750788
10,0.975,0.0,4.725531973518184
10,0.975,0.0375,5.247788424751031
10,0.975,0.075,5.933076492732749
10,0.975,0.1125,6.867188606793971
10,0.975,0.15,8.207353797318593
10,0.975,0.1875,10.2750348268235
10,0.975,0.225,13.842605081306775
10,0.975,0.2625,21.3344615259545
10,0.975,0.3,46.14764741935607
10,0.975,0.3375,1000.0
10,0.975,0.375,1000.0
10,0.975,0.4125,1000.0
10,0.975,0.45,1000.0
10,0.975,0.4875,1000.0
10,0.975,0.525,1000.0
10,0.975,0.5625,1000.0
10,0.975,0.6,1000.0
10,0.975,0.6375,1000.0
10,0.975,0.675,1000.0
10,0.975,0.7125,1000.0
10,0.975,0.75,1000.0
10,0.975,0.7875,1000.0
10,0.975,0.825,1000.0
10,0.975,0.8625,1000.0
10,0.975,0.9,1000.0
10,0.975,0.9375,1000.0
10,0.975,0.975,1000.0
10,0.975,1.0125,1000.0
10,0.975,1.05,1000.0
10,0.975,1.0875,1000.0
10,0.975,1.125,1000.0
10,0.975,1.1625,1000.0
10,0.975,1.2,1000.0
10,0.975,1.2375,1000.0
10,0.975,1.275,1000.0
10,0.975,1.3125,1000.0
10,0.975,1.35,1000.0
10,0.975,1.3875,1000.0
10,0.975,1.425,1000.0
10,0.975,1.4625,1000.0
10,0.975,1.5,1000.0
10,1.0125,-1.5,1.71591822669022
10,1.0125,-1.4625,1.740352123072699
10,1.0125,-1.425,1.762967510655539
10,1.0125,-1.3875,1.7834904746326947
10,1.0125,-1.35,1.8025046048194844
10,1.0125,-1.3125,1.8206321879877487
10,1.0125,-1.275,1.8383504601978053
10,1.0125,-1.2375,1.8560078863401261
10,1.0125,-1.2,1.8738661605415416
10,1.0125,-1.1625,1.8921328822099832
10,1.0125,-1.125,1.910983325101128
10,1.0125,-1.0875,1.9305746783565787
10,1.0125,-1.05,1.9510556464875415
10,1.0125,-1.0125,1.972573294097143
10,1.0125,-0.975,1.995278301822809
10,1.0125,-0.9375,2.019329362163416
10,1.0125,-0.9,2.0448971915993663
10,1.0125,-0.8625,2.072168495398954
10,1.0125,-0.825,2.101350149374307
10,1.0125,-0.7875,2.1326738339188593
10,1.0125,-0.75,2.166401357180411
10,1.0125,-0.7125,2.2028309307678064
10,1.0125,-0.675,2.2423047124539783
10,1.0125,-0.6375,2.2852180094115275
10,1.0125,-0.6,2.3320306501518293
10,1.0125,-0.5625,2.383281196120145
10,1.0125,-0.525,2.4396048944595043
10,1.0125,-0.4875,2.5017566019692254
10,1.0125,-0.45,2.5706403833217863
10,1.0125,-0.4125,2.6473481769349614
10,1.0125,-0.375,2.7332109451399593
10,1.0125,-0.3375,2.829867268743958
10,1.0125,-0.3,2.9393567199239246
10,1.0125,-0.2625,3.0642490779038543
10,1.0125,-0.225,3.2078264565537036
10,1.0125,-0.1875,3.374345340253282
10,1.0125,-0.15,3.5694224369320424
10,1.0125,-0.1125,3.8006180665487657
10,1.0125,-0.075,4.0783454218639
10,1.0125,-0.0375,4.41733869042415
10,1.0125,0.0,4.839124284516934
10,1.0125,0.0375,5.376393052388071
10,1.0125,0.075,6.0812206476058535
10,1.0125,0.1125,7.0417435145880685
10,1.0125,0.15,8.419474885806224
10,1.0125,0.1875,10.544613916593159
10,1.0125,0.225,14.210465270788115
10,1.0125,0.2625,21.90685847328923
10,1.0125,0.3,47.38925134273646
10,1.0125,0.3375,1000.0
10,1.0125,0.375,1000.0
10,1.0125,0.4125,1000.0
10,1.0125,0.45,1000.0
10,1.0125,0.4875,1000.0
10,1.0125,0.525,1000.0
10,1.0125,0.5625,1000.0
10,1.0125,0.6,1000.0
10,1.0125,0.6375,1000.0
10,1.0125,0.675,1000.0
10,1.0125,0.7125,1000.0
10,1.0125,0.75,1000.0
10,1.0125,0.7875,1000.0
10,1.0125,0.825,1000.0
10,1.0125,0.8625,1000.0
10,1.0125,0.9,1000.0
10,1.0125,0.9375,1000.0
10,1.0125,0.975,1000.0
10,1.0125,1.0125,1000.0
10,1.0125,1.05,1000.0
10,1.0125,1.0875,1000.0
10,1.0125,1.125,1000.0
10,1.0125,1.1625,1000.0
10,1.0125,1.2,1000.0
10,1.0125,1.2375,1000.0
10,1.0125,1.275,1000.0
10,1.0125,1.3125,1000.0
10,1.0125,1.35,1000.0
10,1.0125,1.3875,1000.0
10,1.0125,1.425,1000.0
10,1.0125,1.4625,1000.0
10,1.0125,1.5,1000.0
10,1.05,-1.5,1.7804840093956085
10,1.05,-1.4625,1.7968435976260955
10,1.05,-1.425,1.8125465986699405
10,1.05,-1.3875,1.8279556303758875
10,1.05,-1.35,1.8433345537850419
10,1.05,-1.3125,1.8588832629864582
10,1.05,-1.275,1.8747617482314824
10,1.05,-1.2375,1.8911057330948458
10,1.05,-1.2,1.9080368952896094
10,1.05,-1.1625,1.9256697842366928
10,1.05,-1.125,1.9441167557422074
10,1.05,-1.0875,1.9634917326227401
10,1.05,-1.05,1.9839132955846568
10,1.05,-1.0125,2.0055074319666466
10,1.05,-0.975,2.0284101690703378
10,1.05,-0.9375,2.05277026323544
10,1.05,-0.9,2.0787520884315964
10,1.05,-0.8625,2.1065388596358203
10,1.05,-0.825,2.1363363319588635
10,1.05,-0.7875,2.1683771345891776
10,1.05,-0.75,2.202925929401599
10,1.05,-0.7125,2.240285629543633
10,1.05,-0.675,2.2808049773200025
10,1.05,-0.6375,2.324887869384486
10,1.05,-0.6,2.373004939894681
10,1.05,-0.5625,2.4257080827356057
10,1.05,-0.525,2.483648832897108
10,1.05,-0.4875,2.54760186593342
10,1.05,-0.45,2.6184953611781565
10,1.05,-0.4125,2.6974506838840893
10,1.05,-0.375,2.785834892481596
10,1.05,-0.3375,2.8853311620303255
10,1.05,-0.3,2.9980346520952104
10,1.05,-0.2625,3.126585176953813
10,1.05,-0.225,3.2743542000063486
10,1.05,-0.1875,3.4457138644264353
10,1.05,-0.15,3.6464331322142933
10,1.05,-0.1125,3.8842767014254753
10,1.05,-0.075,4.169938433413036
10,1.05,-0.0375,4.518548438584343
10,1.05,0.0,4.952209806117252
10,1.05,0.0375,5.504486567001527
10,1.05,0.075,6.228841484949593
10,1.05,0.1125,7.215752772025262
10,1.05,0.15,8.631015707031281
10,1.05,0.1875,10.813567556434885
10,1.05,0.225,14.57766999349201
10,1.05,0.2625,22.478756796898125
10,1.05,0.3,48.63201679976257
10,1.05,0.3375,1000.0
10,1.05,0.375,1000.0
10,1.05,0.4125,1000.0
10,1.05,0.45,1000.0
10,1.05,0.4875,1000.0
10,1.05,0.525,1000.0
10,1.05,0.5625,1000.0
10,1.05,0.6,1000.0
10,1.05,0.6375,1000.0
10,1.05,0.675,1000.0
10,1.05,0.7125,1000.0
10,1.05,0.75,1000.0
10,1.05,0.7875,1000.0
10,1.05,0.825,1000.0
10,1.05,0.8625,1000.0
10,1.05,0.9,1000.0
10,1.05,0.9375,1000.0
10,1.05,0.975,1000.0
10,1.05,1.0125,1000.0
10,1.05,1.05,1000.0
10,1.05,1.0875,1000.0
10,1.05,1.125,1000.0
10,1.05,1.1625,1000.0
10,1.05,1.2,1000.0
10,1.05,1.2375,1000.0
10,1.05,1.275,1000.0
10,1.05,1.3125,1000.0
10,1.05,1.35,1000.0
10,1.05,1.3875,1000.0
10,1.05,1.425,1000.0
10,1.05,1.4625,1000.0
10,1.05,1.5,1000.0
10,1.0875,-1.5,1.8204979803699217
10,1.0875,-1.4625,1.8339295982670896
10,1.0875,-1.425,1.8475251341802033
10,1.0875,-1.3875,1.8614048944019412
10,1.0875,-1.35,1.8756723164343527
10,1.0875,-1.3125,1.8904208582834818
10,1.0875,-1.275,1.905738726354414
10,1.0875,-1.2375,1.9217122878288013
10,1.0875,-1.2,1.9384286864524924
10,1.0875,-1.1625,1.9559779879437444
10,1.0875,-1.125,1.9744550683403028
10,1.0875,-1.0875,1.9939613927142292
10,1.0875,-1.05,2.0146067939228973
10,1.0875,-1.0125,2.036511340754489
10,1.0875,-0.975,2.059807376001454
10,1.0875,-0.9375,2.084641804441393
10,1.0875,-0.9,2.1111787168846545
10,1.0875,-0.8625,2.139602448939521
10,1.0875,-0.825,2.17012119238039
10,1.0875,-0.7875,2.2029713041961476
10,1.0875,-0.75,2.238422495620401
10,1.0875,-0.7125,2.2767841338574337
10,1.0875,-0.675,2.318412957441327
10,1.0875,-0.6375,2.3637225989164907
10,1.0875,-0.6,2.4131954355889493
10,1.0875,-0.5625,2.4673974648446073
10,1.0875,-0.525,2.526997146336653
10,1.0875,-0.4875,2.5927895014283955
10,1.0875,-0.45,2.665727259967634
10,1.0875,-0.4125,2.7469615725774372
10,1.0875,-0.375,2.8378958850372107
10,1.0875,-0.3375,2.94025819729274
10,1.0875,-0.3,3.056199429799481
10,1.0875,-0.2625,3.18842954841597
10,1.0875,-0.225,3.340409421910233
10,1.0875,-0.1875,3.5166268387254154
10,1.0875,-0.15,3.7230029165133973
10,1.0875,-0.1125,3.9675065225251367
10,1.0875,-0.075,4.261111826401232
10,1.0875,-0.0375,4.619344284777364
10,1.0875,0.0,5.064882767858333
10,1.0875,0.0375,5.632163112202122
10,1.0875,0.075,6.376033086443205
10,1.0875,0.1125,7.389309509758006
10,1.0875,0.15,8.842065319456083
10,1.0875,0.1875,11.081971885059762
10,1.0875,0.225,14.94425809075431
10,1.0875,0.2625,23.05009274308941
10,1.0875,0.3,49.87576673152735
10,1.0875,0.3375,1000.0
10,1.0875,0.375,1000.0
10,1.0875,0.4125,1000.0
10,1.0875,0.45,1000.0
10,1.0875,0.4875,1000.0
10,1.0875,0.525,1000.0
10,1.0875,0.5625,1000.0
10,1.0875,0.6,1000.0
10,1.0875,0.6375,1000.0
10,1.0875,0.675,1000.0
10,1.0875,0.7125,1000.0
10,1.0875,0.75,1000.0
10,1.0875,0.7875,1000.0
10,1.0875,0.825,1000.0
10,1.0875,0.8625,1000.0
10,1.0875,0.9,1000.0
10,1.0875,0.9375,1000.0
10,1.0875,0.975,1000.0
10,1.0875,1.0125,1000.0
10,1.0875,1.05,1000.0
10,1.0875,1.0875,1000.0
10,1.0875,1.125,1000.0
10,1.0875,1.1625,1000.0
10,1.0875,1.2,1000.0
10,1.0875,1.2375,1000.0
10,1.0875,1.275,1000.0
10,1.0875,1.3125,1000.0
10,1.0875,1.35,1000.0
10,1.0875,1.3875,1000.0
10,1.0875,1.425,1000.0
10,1.0875,1.4625,1000.0
10,1.0875,1.5,1000.0
10,1.125,-1.5,1.8511343809027327
10,1.125,-1.4625,1.863664645675831
10,1.125,-1.425,1.8766006131971253
10,1.125,-1.3875,1.890010159119902
10,1.125,-1.35,1.9039599562327632
10,1.125,-1.3125,1.9185172427089587
10,1.125,-1.275,1.9337512857151262
10,1.125,-1.2375,1.9497346719074256
10,1.125,-1.2,1.9665445167328077
10,1.125,-1.1625,1.9842636610583961
10,1.125,-1.125,2.0029819104187476
10,1.125,-1.0875,2.0227973656384686
10,1.125,-1.05,2.0438178918135024
10,1.125,-1.0125,2.066162774598864
10,1.125,-0.975,2.089964618034709
10,1.125,-0.9375,2.1153715467609895
10,1.125,-0.9,2.1425497878041515
10,1.125,-0.8625,2.17168672391099
10,1.125,-0.825,2.202994532816886
10,1.125,-0.7875,2.2367145565620135
10,1.125,-0.75,2.2731225844218113
10,1.125,-0.7125,2.3125352856147994
10,1.125,-0.675,2.3553180985520066
10,1.125,-0.6375,2.4018949789618773
10,1.125,-0.6,2.452760539846226
10,1.125,-0.5625,2.508495296669604
10,1.125,-0.525,2.5697849833923447
10,1.125,-0.4875,2.637445261972775
10,1.125,-0.45,2.7124536603642
10,1.125,-0.4125,2.7959913205663
10,1.125,-0.375,2.8894982438802703
10,1.125,-0.3375,2.994747387404914
10,1.125,-0.3,3.1139455288022218
10,1.125,-0.2625,3.2498728434723962
10,1.125,-0.225,3.406079619663341
10,1.125,-0.1875,3.5871692515074862
10,1.125,-0.15,3.7992149027131386
10,1.125,-0.1125,4.050389403720523
10,1.125,-0.075,4.351946887427233
10,1.125,-0.0375,4.7198076031318985
10,1.125,0.0,5.177225324705335
10,1.125,0.0375,5.759506298622979
10,1.125,0.075,6.522881052794268
10,1.125,0.1125,7.562501361490221
10,1.125,0.15,9.052711937339998
10,1.125,0.1875,11.349909727240803
10,1.125,0.225,15.310286568114485
10,1.125,0.2625,23.620827192076725
10,1.125,0.3,51.12020035738559
10,1.125,0.3375,1000.0
10,1.125,0.375,1000.0
10,1.125,0.4125,1000.0
10,1.125,0.45,1000.0
10,1.125,0.4875,1000.0
10,1.125,0.525,1000.0
10,1.125,0.5625,1000.0
10,1.125,0.6,1000.0
10,1.125,0.6375,1000.0
10,1.125,0.675,1000.0
10,1.125,0.7125,1000.0
10,1.125,0.75,1000.0
10,1.125,0.7875,1000.0
10,1.125,0.825,1000.0
10,1.125,0.8625,1000.0
10,1.125,0.9,1000.0
10,1.125,0.9375,1000.0
10,1.125,0.975,1000.0
10,1.125,1.0125,1000.0
10,1.125,1.05,1000.0
10,1.125,1.0875,1000.0
10,1.125,1.125,1000.0
10,1.125,1.1625,1000.0
10,1.125,1.2,1000.0
10,1.125,1.2375,1000.0
10,1.125,1.275,1000.0
10,1.125,1.3125,1000.0
10,1.125,1.35,1000.0
10,1.125,1.3875,1000.0
10,1.125,1.425,1000.0
10,1.125,1.4625,1000.0
10,1.125,1.5,1000.0
10,1.1625,-1.5,1.8775511172372161
10,1.1625,-1.4625,1.8898243187036192
10,1.1625,-1.425,1.9026037067616088
10,1.1625,-1.3875,1.915943111970412
10,1.1625,-1.35,1.929898798033328
10,1.1625,-1.3125,1.9445302857537745
10,1.1625,-1.275,1.9599011665261936
10,1.1625,-1.2375,1.9760799391456807
10,1.1625,-1.2,1.9931408995665214
10,1.1625,-1.1625,2.0111651117473017
10,1.1625,-1.125,2.0302414882970505
10,1.1625,-1.0875,2.050468012001902
10,1.1625,-1.05,2.0719531334050374
10,1.1625,-1.0125,2.094817385549959
10,1.1625,-0.975,2.1191952650602754
10,1.1625,-0.9375,2.145237439375797
10,1.1625,-0.9,2.173113353865438
10,1.1625,-0.8625,2.203014330634677
10,1.1625,-0.825,2.235157274447991
10,1.1625,-0.7875,2.269789132108665
10,1.1625,-0.75,2.3071922924037747
10,1.1625,-0.7125,2.347691167868807
10,1.1625,-0.675,2.3916602721586564
10,1.1625,-0.6375,2.439534204882223
10,1.1625,-0.6,2.4918200897092846
10,1.1625,-0.5625,2.5491131965349862
10,1.1625,-0.525,2.612116736967964
10,1.1625,-0.4875,2.6816671882523475
10,1.1625,-0.45,2.7587670257584396
10,1.1625,-0.4125,2.8446275090567217
10,1.1625,-0.375,2.9407252992972426
10,1.1625,-0.3375,3.048878393328085
10,1.1625,-0.3,3.1713494856706297
10,1.1625,-0.2625,3.3109889949833655
10,1.1625,-0.225,3.471436631262949
10,1.1625,-0.1875,3.6574113558797587
10,1.1625,-0.15,3.8751382842933664
10,1.1625,-0.1125,4.132994035373485
10,1.1625,-0.075,4.442512409657216
10,1.1625,-0.0375,4.820007964994319
10,1.1625,0.0,5.289308590207866
10,1.1625,0.0375,5.8865896432026785
10,1.1625,0.075,6.669462229412345
10,1.1625,0.1125,7.7354093175901975
10,1.1625,0.15,9.263040772088207
10,1.1625,0.1875,11.617467608901913
10,1.1625,0.225,15.675828801846992
10,1.1625,0.2625,24.19095676102574
10,1.1625,0.3,52.36497630462185
10,1.1625,0.3375,1000.0
10,1.1625,0.375,1000.0
10,1.1625,0.4125,1000.0
10,1.1625,0.45,1000.0
10,1.1625,0.4875,1000.0
10,1.1625,0.525,1000.0
10,1.1625,0.5625,1000.0
10,1.1625,0.6,1000.0
10,1.1625,0.6375,1000.0
10,1.1625,0.675,1000.0
10,1.1625,0.7125,1000.0
10,1.1625,0.75,1000.0
10,1.1625,0.7875,1000.0
10,1.1625,0.825,1000.0
10,1.1625,0.8625,1000.0
10,1.1625,0.9,1000.0
10,1.1625,0.9375,1000.0
10,1.1625,0.975,1000.0
10,1.1625,1.0125,1000.0
10,1.1625,1.05,1000.0
10,1.1625,1.0875,1000.0
10,1.1625,1.125,1000.0
10,1.1625,1.1625,1000.0
10,1.1625,1.2,1000.0
10,1.1625,1.2375,1000.0
10,1.1625,1.275,1000.0
10,1.1625,1.3125,1000.0
10,1.1625,1.35,1000.0
10,1.1625,1.3875,1000.0
10,1.1625,1.425,1000.0
10,1.1625,1.4625,1000.0
10,1.1625,1.5,1000.0
10,1.2,-1.5,1.9015953329700985
10,1.2,-1.4625,1.9138797938111776
10,1.2,-1.425,1.926725721600759
10,1.2,-1.3875,1.9401826670964235
10,1.2,-1.35,1.9543037511502892
10,1.2,-1.3125,1.969146270983248
10,1.2,-1.275,1.9847723567647204
10,1.2,-1.2375,2.0012496957547317
10,1.2,-1.2,2.0186523424065435
10,1.2,-1.1625,2.0370616348910255
10,1.2,-1.125,2.0565672415243386
10,1.2,-1.0875,2.077268364671551
10,1.2,-1.05,2.099275135053679
10,1.2,-1.0125,2.1227102362876624
10,1.2,-0.975,2.147710808334274
10,1.2,-0.9375,2.1744306898583523
10,1.2,-0.9,2.2030430740541322
10,1.2,-0.8625,2.2337436712540804
10,1.2,-0.825,2.266754495985695
10,1.2,-0.7875,2.30232842794047
10,1.2,-0.75,2.340754738169024
10,1.2,-0.7125,2.3823658273466655
10,1.2,-0.675,2.4275454972944575
10,1.2,-0.6375,2.476739177420622
10,1.2,-0.6,2.530466664958402
10,1.2,-0.5625,2.589338127327993
10,1.2,-0.525,2.654074379658766
10,1.2,-0.4875,2.7255328251415407
10,1.2,-0.45,2.804740983491707
10,1.2,-0.4125,2.8929403159879277
10,1.2,-0.375,2.9916442153252145
10,1.2,-0.3375,3.1027157769864986
10,1.2,-0.3,3.228473657109228
10,1.2,-0.2625,3.3718385455768143
10,1.2,-0.225,3.53653958064546
10,1.2,-0.1875,3.7274112681914575
10,1.2,-0.15,3.950830610631464
10,1.2,-0.1125,4.215377887210031
10,1.2,-0.075,4.53286633918959
10,1.2,-0.0375,4.920004446009099
10,1.2,0.0,5.40119355611035
10,1.2,0.0375,6.013477016517152
10,1.2,0.075,6.815844542091062
10,1.2,0.1125,7.90810672923509
10,1.2,0.15,9.47313188106594
10,1.2,0.1875,11.884732089372513
10,1.2,0.225,16.04096968890493
10,1.2,0.2625,24.76051436081405
10,1.2,0.3,53.60977381225527
10,1.2,0.3375,1000.0
10,1.2,0.375,1000.0
10,1.2,0.4125,1000.0
10,1.2,0.45,1000.0
10,1.2,0.4875,1000.0
10,1.2,0.525,1000.0
10,1.2,0.5625,1000.0
10,1.2,0.6,1000.0
10,1.2,0.6375,1000.0
10,1.2,0.675,1000.0
10,1.2,0.7125,1000.0
10,1.2,0.75,1000.0
10,1.2,0.7875,1000.0
10,1.2,0.825,1000.0
10,1.2,0.8625,1000.0
10,1.2,0.9,1000.0
10,1.2,0.9375,1000.0
10,1.2,0.975,1000.0
10,1.2,1.0125,1000.0
10,1.2,1.05,1000.0
10,1.2,1.0875,1000.0
10,1.2,1.125,1000.0
10,1.2,1.1625,1000.0
10,1.2,1.2,1000.0
10,1.2,1.2375,1000.0
10,1.2,1.275,1000.0
10,1.2,1.3125,1000.0
10,1.2,1.35,1000.0
10,1.2,1.3875,1000.0
10,1.2,1.425,1000.0
10,1.2,1.4625,1000.0
10,1.2,1.5,1000.0
10,1.2375,-1.5,1.9241166792924014
10,1.2375,-1.4625,1.936546952215662
10,1.2375,-1.425,1.949576005257689
10,1.2375,-1.3875,1.96325226519575
10,1.2375,-1.35,1.977628199386675
10,1.2375,-1.3125,1.9927608666309888
10,1.2375,-1.275,2.008712534901544
10,1.2375,-1.2375,2.025551379878274
10,1.2375,-1.2,2.043352280402595
10,1.2375,-1.1625,2.0621977297884153
10,1.2375,-1.125,2.0821788855297436
10,1.2375,-1.0875,2.1033967845040786
10,1.2375,-1.05,2.125963756525226
10,1.2375,-1.0125,2.150005076367194
10,1.2375,-0.975,2.1756609035874823
10,1.2375,-0.9375,2.203088571190757
10,1.2375,-0.9,2.232465299154296
10,1.2375,-0.8625,2.263991428113963
10,1.2375,-0.825,2.2978942934835658
10,1.2375,-0.7875,2.3344328928728673
10,1.2375,-0.75,2.3739035425392716
10,1.2375,-0.7125,2.4166467754737626
10,1.2375,-0.675,2.463055809833686
10,1.2375,-0.6375,2.5135870192946257
10,1.2375,-0.6,2.5687729773412187
10,1.2375,-0.5625,2.6292388414234136
10,1.2375,-0.525,2.695723113823092
10,1.2375,-0.4875,2.769104199481474
10,1.2375,-0.45,2.8504347312150657
10,1.2375,-0.4125,2.94098643421194
10,1.2375,-0.375,3.042309488505959
10,1.2375,-0.3375,3.1563121372947647
10,1.2375,-0.3,3.2853690397476707
10,1.2375,-0.2625,3.4324711888099735
10,1.2375,-0.225,3.6014371698316303
10,1.2375,-0.1875,3.7972170331608273
10,1.2375,-0.15,4.026339639333844
10,1.2375,-0.1125,4.29758885341167
10,1.2375,-0.075,4.6230572078353624
10,1.2375,-0.0375,5.019846827243119
10,1.2375,0.0,5.51293202170826
10,1.2375,0.0375,6.14022322799896
10,1.2375,0.075,6.962087112953624
10,1.2375,0.1125,8.08065874044271
10,1.2375,0.15,9.683058548590633
10,1.2375,0.1875,12.1517864919568
10,1.2375,0.225,16.405800050192386
10,1.2375,0.2625,25.32956366597221
10,1.2375,0.3,54.8543320356924
10,1.2375,0.3375,1000.0
10,1.2375,0.375,1000.0
10,1.2375,0.4125,1000.0
10,1.2375,0.45,1000.0
10,1.2375,0.4875,1000.0
10,1.2375,0.525,1000.0
10,1.2375,0.5625,1000.0
10,1.2375,0.6,1000.0
10,1.2375,0.6375,1000.0
10,1.2375,0.675,1000.0
10,1.2375,0.7125,1000.0
10,1.2375,0.75,1000.0
10,1.2375,0.7875,1000.0
10,1.2375,0.825,1000.0
10,1.2375,0.8625,1000.0
10,1.2375,0.9,1000.0
10,1.2375,0.9375,1000.0
10,1.2375,0.975,1000.0
10,1.2375,1.0125,1000.0
10,1.2375,1.05,1000.0
10,1.2375,1.0875,1000.0
10,1.2375,1.125,1000.0
10,1.2375,1.1625,1000.0
10,1.2375,1.2,1000.0
10,1.2375,1.2375,1000.0
10,1.2375,1.275,1000.0
10,1.2375,1.3125,1000.0
10,1.2375,1.35,1000.0
10,1.2375,1.3875,1000.0
10,1.2375,1.425,1000.0
10,1.2375,1.4625,1000.0
10,1.2375,1.5,1000.0
10,1.275,-1.5,1.9455762056418933
10,1.275,-1.4625,1.9582287202779285
10,1.275,-1.425,1.9715090235880308
10,1.275,-1.3875,1.98546563336154
10,1.275,-1.35,2.0001513629586922
10,1.275,-1.3125,2.0156238613366058
10,1.275,-1.275,2.031946226101111
10,1.275,-1.2375,2.0491877028940935
10,1.275,-1.2,2.067424486874722
10,1.275,-1.1625,2.0867406451112815
10,1.275,-1.125,2.10722918251417
10,1.275,-1.0875,2.128993278702794
10,1.275,-1.05,2.15214772916119
10,1.275,-1.0125,2.1768206315313443
10,1.275,-0.975,2.2031553673580175
10,1.275,-0.9375,2.231312941618103
10,1.275,-0.9,2.2614747577226737
10,1.275,-0.8625,2.293845925425522
10,1.275,-0.825,2.328659224641093
10,1.275,-0.7875,2.366179881534297
10,1.275,-0.75,2.4067113571149763
10,1.275,-0.7125,2.4506024067548773
10,1.275,-0.675,2.4982557469162856
10,1.275,-0.6375,2.5501387706107104
10,1.275,-0.6,2.606796896781841
10,1.275,-0.5625,2.6688703371608056
10,1.275,-0.525,2.7371153412628346
10,1.275,-0.4875,2.8124313723631635
10,1.275,-0.45,2.8958962300236504
10,1.275,-0.4125,2.9888119544701386
10,1.275,-0.375,3.092765561936739
10,1.275,-0.3375,3.209710489928212
10,1.275,-0.3,3.342077444580878
10,1.275,-0.2625,3.492927762170352
10,1.275,-0.225,3.666169509701625
10,1.275,-0.1875,3.8668683070553636
10,1.275,-0.15,4.101704881605176
10,1.275,-0.1125,4.379666664330612
10,1.275,-0.075,4.713125408126039
10,1.275,-0.0375,5.119576720288406
10,1.275,0.0,5.6245675403633175
10,1.275,0.0375,6.266874739850973
10,1.275,0.075,7.108240643727778
10,1.275,0.1125,8.253122161866472
10,1.275,0.15,9.892886316025969
10,1.275,0.1875,12.418708452454055
10,1.275,0.225,16.770411552421805
10,1.275,0.2625,25.89819090050459
10,1.275,0.3,56.098469748801435
10,1.275,0.3375,1000.0
10,1.275,0.375,1000.0
10,1.275,0.4125,1000.0
10,1.275,0.45,1000.0
10,1.275,0.4875,1000.0
10,1.275,0.525,1000.0
10,1.275,0.5625,1000.0
10,1.275,0.6,1000.0
10,1.275,0.6375,1000.0
10,1.275,0.675,1000.0
10,1.275,0.7125,1000.0
10,1.275,0.75,1000.0
10,1.275,0.7875,1000.0
10,1.275,0.825,1000.0
10,1.275,0.8625,1000.0
10,1.275,0.9,1000.0
10,1.275,0.9375,1000.0
10,1.275,0.975,1000.0
10,1.275,1.0125,1000.0
10,1.275,1.05,1000.0
10,1.275,1.0875,1000.0
10,1.275,1.125,1000.0
10,1.275,1.1625,1000.0
10,1.275,1.2,1000.0
10,1.275,1.2375,1000.0
10,1.275,1.275,1000.0
10,1.275,1.3125,1000.0
10,1.275,1.35,1000.0
10,1.275,1.3875,1000.0
10,1.275,1.425,1000.0
10,1.275,1.4625,1000.0
10,1.275,1.5,1000.0
10,1.3125,-1.5,1.9662532159306287
10,1.3125,-1.4625,1.9791753864811732
10,1.3125,-1.425,1.9927500791541712
10,1.3125,-1.3875,2.0070264349218045
10,1.3125,-1.35,2.022058064858932
10,1.3125,-1.3125,2.0379035936858036
10,1.3125,-1.275,2.0546272795986944
10,1.3125,-1.2375,2.072299723718784
10,1.3125,-1.2,2.090998685054906
10,1.3125,-1.1625,2.1108100200507787
10,1.3125,-1.125,2.131828769725168
10,1.3125,-1.0875,2.1541604223129958
10,1.3125,-1.05,2.1779223854363616
10,1.3125,-1.0125,2.20324570951727
10,1.3125,-0.975,2.230277113838552
10,1.3125,-0.9375,2.2591813789632655
10,1.3125,-0.9,2.29014418493596
10,1.3125,-0.8625,2.3233754948896297
10,1.3125,-0.825,2.359113609836511
10,1.3125,-0.7875,2.3976300545390665
10,1.3125,-0.75,2.4392354992223457
10,1.3125,-0.7125,2.4842869813883914
10,1.3125,-0.675,2.5331967716198003
10,1.3125,-0.6375,2.5864433348554297
10,1.3125,-0.6,2.6445849855221617
10,1.3125,-0.5625,2.7082770377053693
10,1.3125,-0.525,2.7782935348616697
10,1.3125,-0.4875,2.855555044506196
10,1.3125,-0.45,2.941164578591885
10,1.3125,-0.4125,3.0364545382840253
10,1.3125,-0.375,3.1430488226470374
10,1.3125,-0.3375,3.262946111240556
10,1.3125,-0.3,3.3986332062622022
10,1.3125,-0.2625,3.553241837680333
10,1.3125,-0.225,3.73076960512846
10,1.3125,-0.1875,3.936397747864169
10,1.3125,-0.15,4.176958905044043
10,1.3125,-0.1125,4.461644106003845
10,1.3125,-0.075,4.803104329022306
10,1.3125,-0.0375,5.219228611900091
10,1.3125,0.0,5.736136355098054
10,1.3125,0.0375,6.393470457339434
10,1.3125,0.075,7.254347991126845
10,1.3125,0.1125,8.425545696761777
10,1.3125,0.15,10.102672588881864
10,1.3125,0.1875,12.685568338726425
10,1.3125,0.225,17.134892695226494
10,1.3125,0.2625,26.466496226057888
10,1.3125,0.3,57.342089405921776
10,1.3125,0.3375,1000.0
10,1.3125,0.375,1000.0
10,1.3125,0.4125,1000.0
10,1.3125,0.45,1000.0
10,1.3125,0.4875,1000.0
10,1.3125,0.525,1000.0
10,1.3125,0.5625,1000.0
10,1.3125,0.6,1000.0
10,1.3125,0.6375,1000.0
10,1.3125,0.675,1000.0
10,1.3125,0.7125,1000.0
10,1.3125,0.75,1000.0
10,1.3125,0.7875,1000.0
10,1.3125,0.825,1000.0
10,1.3125,0.8625,1000.0
10,1.3125,0.9,1000.0
10,1.3125,0.9375,1000.0
10,1.3125,0.975,1000.0
10,1.3125,1.0125,1000.0
10,1.3125,1.05,1000.0
10,1.3125,1.0875,1000.0
10,1.3125,1.125,1000.0
10,1.3125,1.1625,1000.0
10,1.3125,1.2,1000.0
10,1.3125,1.2375,1000.0
10,1.3125,1.275,1000.0
10,1.3125,1.3125,1000.0
10,1.3125,1.35,1000.0
10,1.3125,1.3875,1000.0
10,1.3125,1.425,1000.0
10,1.3125,1.4625,1000.0
10,1.3125,1.5,1000.0
10,1.35,-1.5,1.9863304994675803
10,1.35,-1.4625,1.9995537269237913
10,1.35,-1.425,2.013451826736306
10,1.35,-1.3875,2.028074820287612
10,1.35,-1.35,2.043477340083713
10,1.35,-1.3125,2.059719182048691
10,1.35,-1.275,2.0768659364454707
10,1.35,-1.2375,2.0949897109575564
10,1.35,-1.2,2.114169962108207
10,1.35,-1.1625,2.134494454455125
10,1.35,-1.125,2.156060371036883
10,1.35,-1.0875,2.1789756035664043
10,1.35,-1.05,2.203360257132451
10,1.35,-1.0125,2.229348412030649
10,1.35,-0.975,2.257090195261508
10,1.35,-0.9375,2.2867542268145598
10,1.35,-0.9,2.318530521923318
10,1.35,-0.8625,2.352633951127184
10,1.35,-0.825,2.3893083867122047
10,1.35,-0.7875,2.428831698977515
10,1.35,-0.75,2.471521811631223
10,1.35,-0.7125,2.5177440864325016
10,1.35,-0.675,2.567920388577055
10,1.35,-0.6375,2.6225402942852
10,1.35,-0.6,2.6821750521777292
10,1.35,-0.5625,2.747495117268351
10,1.35,-0.525,2.8192923659224562
10,1.35,-0.4875,2.8985085098209518
10,1.35,-0.45,2.9862718148041383
10,1.35,-0.4125,3.083945086712409
10,1.35,-0.375,3.1931891541476576
10,1.35,-0.3375,3.316047989195705
10,1.35,-0.3,3.4550645451819757
10,1.35,-0.2625,3.6134410062383138
10,1.35,-0.225,3.795264571150794
10,1.35,-0.1875,4.005832171328352
10,1.35,-0.15,4.252128435878864
10,1.35,-0.1125,4.543548072910862
10,1.35,-0.075,4.893021360751543
10,1.35,-0.0375,5.318830818308525
10,1.35,0.0,5.847668292902255
10,1.35,0.0375,6.520042541363999
10,1.35,0.075,7.400444852558704
10,1.35,0.1125,8.597970406784453
10,1.35,0.15,10.312466683544626
10,1.35,0.1875,12.95242842252532
10,1.35,0.225,17.49932597361693
10,1.35,0.2625,27.034586049290116
10,1.35,0.3,58.58517027780142
10,1.35,0.3375,1000.0
10,1.35,0.375,1000.0
10,1.35,0.4125,1000.0
10,1.35,0.45,1000.0
10,1.35,0.4875,1000.0
10,1.35,0.525,1000.0
10,1.35,0.5625,1000.0
10,1.35,0.6,1000.0
10,1.35,0.6375,1000.0
10,1.35,0.675,1000.0
10,1.35,0.7125,1000.0
10,1.35,0.75,1000.0
10,1.35,0.7875,1000.0
10,1.35,0.825,1000.0
10,1.35,0.8625,1000.0
10,1.35,0.9,1000.0
10,1.35,0.9375,1000.0
10,1.35,0.975,1000.0
10,1.35,1.0125,1000.0
10,1.35,1.05,1000.0
10,1.35,1.0875,1000.0
10,1.35,1.125,1000.0
10,1.35,1.1625,1000.0
10,1.35,1.2,1000.0
10,1.35,1.2375,1000.0
10,1.35,1.275,1000.0
10,1.35,1.3125,1000.0
10,1.35,1.35,1000.0
10,1.35,1.3875,1000.0
10,1.35,1.425,1000.0
10,1.35,1.4625,1000.0
10,1.35,1.5,1000.0
10,1.3875,-1.5,2.0059346483198874
10,1.3875,-1.4625,2.019480802629156
10,1.3875,-1.425,2.0337227680883094
10,1.3875,-1.3875,2.0487115809295364
10,1.3875,-1.35,2.0645030143438556
10,1.3875,-1.3125,2.0811581416384035
10,1.3875,-1.275,2.098743980031353
10,1.3875,-1.2375,2.1173342288817927
10,1.3875,-1.2,2.137010118859153
10,1.3875,-1.1625,2.157861391895879
10,1.3875,-1.125,2.1799874358987985
10,1.3875,-1.0875,2.2034986033276684
10,1.3875,-1.05,2.2285177491552486
10,1.3875,-1.0125,2.2551820317583213
10,1.3875,-0.975,2.2836450304232576
10,1.3875,-0.9375,2.3140792460073
10,1.3875,-0.9,2.346679067713039
10,1.3875,-0.8625,2.3816643100347683
10,1.3875,-0.825,2.419284451251859
10,1.3875,-0.7875,2.459823740475226
10,1.3875,-0.75,2.5036073871020923
10,1.3875,-0.7125,2.551009108660583
10,1.3875,-0.675,2.6024603961607533
10,1.3875,-0.6375,2.6584619683976958
10,1.3875,-0.6,2.719598040004465
10,1.3875,-0.5625,2.786554239742922
10,1.3875,-0.525,2.8601403112437715
10,1.3875,-0.4875,2.9413191468590787
10,1.3875,-0.45,3.031244305681381
10,1.3875,-0.4125,3.131309041284745
10,1.3875,-0.375,3.243211159547649
10,1.3875,-0.3375,3.3690399786724314
10,1.3875,-0.3,3.511394663938413
10,1.3875,-0.2625,3.6735479233203017
10,1.3875,-0.225,3.859676635126914
10,1.3875,-0.1875,4.075193515945077
10,1.3875,-0.15,4.327235292336269
10,1.3875,-0.1125,4.625400474149798
10,1.3875,-0.075,4.982898776749313
10,1.3875,-0.0375,5.4184063435519505
10,1.3875,0.0,5.959187596043597
10,1.3875,0.0375,6.646617201759444
10,1.3875,0.075,7.546560495197865
10,1.3875,0.1125,8.77043031767874
10,1.3875,0.15,10.522310173079013
10,1.3875,0.1875,13.219342627779982
10,1.3875,0.225,17.863786098345084
10,1.3875,0.2625,27.602566840008663
10,1.3875,0.3,59.827755225395016
10,1.3875,0.3375,1000.0
10,1.3875,0.375,1000.0
10,1.3875,0.4125,1000.0
10,1.3875,0.45,1000.0
10,1.3875,0.4875,1000.0
10,1.3875,0.525,1000.0
10,1.3875,0.5625,1000.0
10,1.3875,0.6,1000.0
10,1.3875,0.6375,1000.0
10,1.3875,0.675,1000.0
10,1.3875,0.7125,1000.0
10,1.3875,0.75,1000.0
10,1.3875,0.7875,1000.0
10,1.3875,0.825,1000.0
10,1.3875,0.8625,1000.0
10,1.3875,0.9,1000.0
10,1.3875,0.9375,1000.0
10,1.3875,0.975,1000.0
10,1.3875,1.0125,1000.0
10,1.3875,1.05,1000.0
10,1.3875,1.0875,1000.0
10,1.3875,1.125,1000.0
10,1.3875,1.1625,1000.0
10,1.3875,1.2,1000.0
10,1.3875,1.2375,1000.0
10,1.3875,1.275,1000.0
10,1.3875,1.3125,1000.0
10,1.3875,1.35,1000.0
10,1.3875,1.3875,1000.0
10,1.3875,1.425,1000.0
10,1.3875,1.4625,1000.0
10,1.3875,1.5,1000.0
10,1.425,-1.5,2.025157183794725
10,1.425,-1.4625,2.0390421179798595
10,1.425,-1.425,2.0536429260693763
10,1.425,-1.3875,2.069011734072324
10,1.425,-1.35,2.0852055234462994
10,1.425,-1.3125,2.1022867060439796
10,1.425,-1.275,2.120323781583105
10,1.425,-1.2375,2.1393920917204134
10,1.425,-1.2,2.159574687579304
10,1.425,-1.1625,2.180963330994916
10,1.425,-1.125,2.203659653963486
10,1.425,-1.0875,2.2277765060279195
10,1.425,-1.05,2.253439525876366
10,1.425,-1.0125,2.280788981638887
10,1.425,-0.975,2.3099819347189925
10,1.425,-0.9375,2.3411947951296814
10,1.425,-0.9,2.3746263530703415
10,1.425,-0.8625,2.4105013930315176
10,1.425,-0.825,2.4490750246119575
10,1.425,-0.7875,2.4906379006194412
10,1.425,-0.75,2.5355225408687168
10,1.425,-0.7125,2.584111043530504
10,1.425,-0.675,2.6368445507763476
10,1.425,-0.6375,2.6942349501617158
10,1.425,-0.6,2.756879449770327
10,1.425,-0.5625,2.8254788812825415
10,1.425,-0.525,2.9008608870599835
10,1.425,-0.4875,2.9840095745585087
10,1.425,-0.45,3.0761038343334146
10,1.425,-0.4125,3.1785674106700266
10,1.425,-0.375,3.2931351356846985
10,1.425,-0.3375,3.421941730147648
10,1.425,-0.3,3.5676426371063856
10,1.425,-0.2625,3.733581165886542
10,1.425,-0.225,3.9240239664112706
10,1.425,-0.1875,4.144499650660534
10,1.425,-0.15,4.402297175207601
10,1.425,-0.1125,4.7072190112741215
10,1.425,-0.075,5.072754502506435
10,1.425,-0.0375,5.5179736419725
10,1.425,0.0,6.0707136787803035
10,1.425,0.0375,6.77321544459035
10,1.425,0.075,7.692718481138419
10,1.425,0.1125,8.942953088558513
10,1.425,0.15,10.732237414252054
10,1.425,0.1875,13.486356682151696
10,1.425,0.225,18.22833906554343
10,1.425,0.2625,28.170540578307122
10,1.425,0.3,61.06993489160506
10,1.425,0.3375,1000.0
10,1.425,0.375,1000.0
10,1.425,0.4125,1000.0
10,1.425,0.45,1000.0
10,1.425,0.4875,1000.0
10,1.425,0.525,1000.0
10,1.425,0.5625,1000.0
10,1.425,0.6,1000.0
10,1.425,0.6375,1000.0
10,1.425,0.675,1000.0
10,1.425,0.7125,1000.0
10,1.425,0.75,1000.0
10,1.425,0.7875,1000.0
10,1.425,0.825,1000.0
10,1.425,0.8625,1000.0
10,1.425,0.9,1000.0
10,1.425,0.9375,1000.0
10,1.425,0.975,1000.0
10,1.425,1.0125,1000.0
10,1.425,1.05,1000.0
10,1.425,1.0875,1000.0
10,1.425,1.125,1000.0
10,1.425,1.1625,1000.0
10,1.425,1.2,1000.0
10,1.425,1.2375,1000.0
10,1.425,1.275,1000.0
10,1.425,1.3125,1000.0
10,1.425,1.35,1000.0
10,1.425,1.3875,1000.0
10,1.425,1.425,1000.0
10,1.425,1.4625,1000.0
10,1.425,1.5,1000.0
10,1.4625,-1.5,2.04406653176384
10,1.4625,-1.4625,2.058302116893174
10,1.4625,-1.425,2.073273074593349
10,1.4625,-1.3875,2.0890326647525184
10,1.4625,-1.35,2.1056391174635074
10,1.4625,-1.3125,2.1231562201983594
10,1.4625,-1.275,2.141653989340854
10,1.4625,-1.2375,2.161209440448816
10,1.4625,-1.2,2.1819074744479687
10,1.4625,-1.1625,2.2038419004472503
10,1.4625,-1.125,2.2271166201789896
10,1.4625,-1.0875,2.2518470044242016
10,1.4625,-1.05,2.278161498466474
10,1.4625,-1.0125,2.3062035019992404
10,1.4625,-0.975,2.3361335794803035
10,1.4625,-0.9375,2.3681320703354998
10,1.4625,-0.9,2.40240218553067
10,1.4625,-0.8625,2.4391736990315724
10,1.4625,-0.825,2.4787073711499357
10,1.4625,-0.7875,2.521300277917961
10,1.4625,-0.75,2.567292269468869
10,1.4625,-0.7125,2.6170738451573006
10,1.4625,-0.675,2.671095819801513
10,1.4625,-0.6375,2.72988127249783
10,1.4625,-0.6,2.7940404292695615
10,1.4625,-0.5625,2.8642893514060153
10,1.4625,-0.525,2.9414736094875398
10,1.4625,-0.4875,3.026598559087499
10,1.4625,-0.45,3.120868459663727
10,1.4625,-0.4125,3.2257375892013767
10,1.4625,-0.375,3.342977856004887
10,1.4625,-0.3375,3.474769442116412
10,1.4625,-0.3,3.623824138099202
10,1.4625,-0.2625,3.7935559383638386
10,1.4625,-0.225,3.988321365967633
10,1.4625,-0.1875,4.213765052501324
10,1.4625,-0.15,4.477328337794215
10,1.4625,-0.1125,4.789017844759367
10,1.4625,-0.075,5.1626027826222884
10,1.4625,-0.0375,5.617547289600104
10,1.4625,0.0,6.182261806036573
10,1.4625,0.0375,6.899853759158451
10,1.4625,0.075,7.838937359017997
10,1.4625,0.1125,9.11556069224113
10,1.4625,0.15,10.942276167374153
10,1.4625,0.1875,13.753508526727208
10,1.4625,0.225,18.593041854105238
10,1.4625,0.2625,28.73860168393369
10,1.4625,0.3,62.31183202395028
10,1.4625,0.3375,1000.0
10,1.4625,0.375,1000.0
10,1.4625,0.4125,1000.0
10,1.4625,0.45,1000.0
10,1.4625,0.4875,1000.0
10,1.4625,0.525,1000.0
10,1.4625,0.5625,1000.0
10,1.4625,0.6,1000.0
10,1.4625,0.6375,1000.0
10,1.4625,0.675,1000.0
10,1.4625,0.7125,1000.0
10,1.4625,0.75,1000.0
10,1.4625,0.7875,1000.0
10,1.4625,0.825,1000.0
10,1.4625,0.8625,1000.0
10,1.4625,0.9,1000.0
10,1.4625,0.9375,1000.0
10,1.4625,0.975,1000.0
10,1.4625,1.0125,1000.0
10,1.4625,1.05,1000.0
10,1.4625,1.0875,1000.0
10,1.4625,1.125,1000.0
10,1.4625,1.1625,1000.0
10,1.4625,1.2,1000.0
10,1.4625,1.2375,1000.0
10,1.4625,1.275,1000.0
10,1.4625,1.3125,1000.0
10,1.4625,1.35,1000.0
10,1.4625,1.3875,1000.0
10,1.4625,1.425,1000.0
10,1.4625,1.4625,1000.0
10,1.4625,1.5,1000.0
10,1.5,-1.5,2.0627152454913404
10,1.5,-1.4625,2.077310613560198
10,1.5,-1.425,2.0926604789781518
10,1.5,-1.3875,2.1088192627410303
10,1.5,-1.35,2.125846468840042
10,1.5,-1.3125,2.143807283887764
10,1.5,-1.275,2.1627732629149503
10,1.5,-1.2375,2.182823116004701
10,1.5,-1.2,2.204043613321242
10,1.5,-1.1625,2.2265306296520775
10,1.5,-1.125,2.250390353986361
10,1.5,-1.0875,2.2757406951205006
10,1.5,-1.05,2.3027129211037454
10,1.5,-1.0125,2.3314535788906596
10,1.5,-0.975,2.3621267513541286
10,1.5,-0.9375,2.3949167224957613
10,1.5,-0.9,2.4300311391588827
10,1.5,-0.8625,2.4677047799998078
10,1.5,-0.825,2.508204071533705
10,1.5,-0.7875,2.5518325289730535
10,1.5,-0.75,2.5989373494067887
10,1.5,-0.7125,2.649917450941261
10,1.5,-0.675,2.7052333398317723
10,1.5,-0.6375,2.765419307075137
10,1.5,-0.6,2.831098618980401
10,1.5,-0.5625,2.9030025912860116
10,1.5,-0.525,2.9819947507495055
10,1.5,-0.4875,3.0691017329138397
10,1.5,-0.45,3.165553202857452
10,1.5,-0.4125,3.272834015080094
10,1.5,-0.375,3.3927532045577067
10,1.5,-0.3375,3.5275364747821576
10,1.5,-0.3,3.6799520363381983
10,1.5,-0.2625,3.8534846570087486
10,1.5,-0.225,4.052580841620529
10,1.5,-0.1875,4.283001376440187
10,1.5,-0.15,4.552340154195283
10,1.5,-0.1125,4.8708081646486505
10,1.5,-0.075,5.252454757902283
10,1.5,-0.0375,5.717138571939903
10,1.5,0.0,6.293843696123028
10,1.5,0.0375,7.026544739429942
10,1.5,0.075,7.985231306041293
10,1.5,0.1125,9.288270073690226
10,1.5,0.15,11.152448247884948
10,1.5,0.1875,14.020828873417004
10,1.5,0.225,18.957942554697354
10,1.5,0.2625,29.30683516416284
10,1.5,0.3,63.55358758459796
10,1.5,0.3375,1000.0
10,1.5,0.375,1000.0
10,1.5,0.4125,1000.0
10,1.5,0.45,1000.0
10,1.5,0.4875,1000.0
10,1.5,0.525,1000.0
10,1.5,0.5625,1000.0
10,1.5,0.6,1000.0
10,1.5,0.6375,1000.0
10,1.5,0.675,1000.0
10,1.5,0.7125,1000.0
10,1.5,0.75,1000.0
10,1.5,0.7875,1000.0
10,1.5,0.825,1000.0
10,1.5,0.8625,1000.0
10,1.5,0.9,1000.0
10,1.5,0.9375,1000.0
10,1.5,0.975,1000.0
10,1.5,1.0125,1000.0
10,1.5,1.05,1000.0
10,1.5,1.0875,1000.0
10,1.5,1.125,1000.0
10,1.5,1.1625,1000.0
10,1.5,1.2,1000.0
10,1.5,1.2375,1000.0
10,1.5,1.275,1000.0
10,1.5,1.3125,1000.0
10,1.5,1.35,1000.0
10,1.5,1.3875,1000.0
10,1.5,1.425,1000.0
10,1.5,1.4625,1000.0
10,1.5,1.5,1000.0
100,-1.5,-1.5,2.0647741173268486
100,-1.5,-1.4625,2.064040265127152
100,-1.5,-1.425,2.0632982745436
100,-1.5,-1.3875,2.062547965116219
100,-1.5,-1.35,2.0617891502692043
100,-1.5,-1.3125,2.0610216368300405
100,-1.5,-1.275,2.0602452241835234
100,-1.5,-1.2375,2.059459703152257
100,-1.5,-1.2,2.0586648546831587
100,-1.5,-1.1625,2.0578604484059446
100,-1.5,-1.125,2.0570462411139805
100,-1.5,-1.0875,2.056221975201702
100,-1.5,-1.05,2.0553873770764195
100,-1.5,-1.0125,2.0545421555470726
100,-1.5,-0.975,2.0536860001786947
100,-1.5,-0.9375,2.0528185795894296
100,-1.5,-0.9,2.051939539656771
100,-1.5,-0.8625,2.0510485015909623
100,-1.5,-0.825,2.0501450598257898
100,-1.5,-0.7875,2.049228779669632
100,-1.5,-0.75,2.04829919465187
100,-1.5,-0.7125,2.0473558034910004
100,-1.5,-0.675,2.0463980666000268
100,-1.5,-0.6375,2.045425402031103
100,-1.5,-0.6,2.0444371807439308
100,-1.5,-0.5625,2.0434327210597787
100,-1.5,-0.525,2.0424112821336515
100,-1.5,-0.4875,2.0413720562389783
100,-1.5,-0.45,2.040314159609767
100,-1.5,-0.4125,2.039236621520868
100,-1.5,-0.375,2.0381383712029706
100,-1.5,-0.3375,2.0370182220792987
100,-1.5,-0.3,2.035874852666668
100,-1.5,-0.2625,2.0347067832935553
100,-1.5,-0.225,2.0335123475365244
100,-1.5,-0.1875,2.032289656944042
100,-1.5,-0.15,2.0310365571782936
100,-1.5,-0.1125,2.0297505731326457
100,-1.5,-0.075,2.0284288398502124
100,-1.5,-0.0375,2.0270680151778255
100,-1.5,0.0,2.025664169126109
100,-1.5,0.0375,2.024212644206035
100,-1.5,0.075,2.022707881602003
100,-1.5,0.1125,2.0211432128651827
100,-1.5,0.15,2.019510634294123
100,-1.5,0.1875,2.0178006362679337
100,-1.5,0.225,2.0160023313865114
100,-1.5,0.2625,2.0141046884141414
100,-1.5,0.3,2.0121017404684682
100,-1.5,0.3375,2.0100357126167987
100,-1.5,0.375,2.008199045746203
100,-1.5,0.4125,2.007602124145835
100,-1.5,0.45,1000.0
100,-1.5,0.4875,1000.0
100,-1.5,0.525,1000.0
100,-1.5,0.5625,1000.0
100,-1.5,0.6,1000.0
100,-1.5,0.6375,1000.0
100,-1.5,0.675,1000.0
100,-1.5,0.7125,1000.0
100,-1.5,0.75,1000.0
100,-1.5,0.7875,1000.0
100,-1.5,0.825,1000.0
100,-1.5,0.8625,1000.0
100,-1.5,0.9,1000.0
100,-1.5,0.9375,1000.0
100,-1.5,0.975,1000.0
100,-1.5,1.0125,1000.0
100,-1.5,1.05,1000.0
100,-1.5,1.0875,1000.0
100,-1.5,1.125,1000.0
100,-1.5,1.1625,1000.0
100,-1.5,1.2,1000.0
100,-1.5,1.2375,1000.0
100,-1.5,1.275,1000.0
100,-1.5,1.3125,1000.0
100,-1.5,1.35,1000.0
100,-1.5,1.3875,1000.0
100,-1.5,1.425,1000.0
100,-1.5,1.4625,1000.0
100,-1.5,1.5,1000.0
100,-1.4625,-1.5,2.058013096666619
100,-1.4625,-1.4625,2.0572427306636056
100,-1.4625,-1.425,2.0564636820354165
100,-1.4625,-1.3875,2.055675761190105
100,-1.4625,-1.35,2.0548787723704387
100,-1.4625,-1.3125,2.0540725131296957
100,-1.4625,-1.275,2.053256773478464
100,-1.4625,-1.2375,2.052431334791186
100,-1.4625,-1.2,2.051595968549163
100,-1.4625,-1.1625,2.050750434982973
100,-1.4625,-1.125,2.0498944816621254
100,-1.4625,-1.0875,2.049027842063869
100,-1.4625,-1.05,2.048150234137631
100,-1.4625,-1.0125,2.047261358867194
100,-1.4625,-0.975,2.046360898820196
100,-1.4625,-0.9375,2.0454485166638325
100,-1.4625,-0.9,2.044523853617037
100,-1.4625,-0.8625,2.0435865278022405
100,-1.4625,-0.825,2.0426361324539006
100,-1.4625,-0.7875,2.0416722339356794
100,-1.4625,-0.75,2.0406943695128805
100,-1.4625,-0.7125,2.0397020448209005
100,-1.4625,-0.675,2.0386947309633823
100,-1.4625,-0.6375,2.0376718611649847
100,-1.4625,-0.6,2.0366328268922755
100,-1.4625,-0.5625,2.0355769733418203
100,-1.4625,-0.525,2.034503594175927
100,-1.4625,-0.4875,2.0334119253632053
100,-1.4625,-0.45,2.03230113795148
100,-1.4625,-0.4125,2.0311703295640635
100,-1.4625,-0.375,2.030018514365185
100,-1.4625,-0.3375,2.0288446111855296
100,-1.4625,-0.3,2.027647429433887
100,-1.4625,-0.2625,2.026425652346577
100,-1.4625,-0.225,2.025177817047816
100,-1.4625,-0.1875,2.023902290823917
100,-1.4625,-0.15,2.0225972429832093
100,-1.4625,-0.1125,2.02126061174873
100,-1.4625,-0.075,2.0198900659588603
100,-1.4625,-0.0375,2.018482962249202
100,-1.4625,0.0,2.0170363005535936
100,-1.4625,0.0375,2.0155466857567754
100,-1.4625,0.075,2.014010314787591
100,-1.4625,0.1125,2.0124230351717913
100,-1.4625,0.15,2.010780585691212
100,-1.4625,0.1875,2.009079294709965
100,-1.4625,0.225,2.0073179655430238
100,-1.4625,0.2625,2.0055030644048406
100,-1.4625,0.3,2.003664234046171
100,-1.4625,0.3375,2.0019308377488856
100,-1.4625,0.375,2.000891236597977
100,-1.4625,0.4125,2.0038755962662598
100,-1.4625,0.45,1000.0
100,-1.4625,0.4875,1000.0
100,-1.4625,0.525,1000.0
100,-1.4625,0.5625,1000.0
100,-1.4625,0.6,1000.0
100,-1.4625,0.6375,1000.0
100,-1.4625,0.675,1000.0
100,-1.4625,0.7125,1000.0
100,-1.4625,0.75,1000.0
100,-1.4625,0.7875,1000.0
100,-1.4625,0.825,1000.0
100,-1.4625,0.8625,1000.0
100,-1.4625,0.9,1000.0
100,-1.4625,0.9375,1000.0
100,-1.4625,0.975,1000.0
100,-1.4625,1.0125,1000.0
100,-1.4625,1.05,1000.0
100,-1.4625,1.0875,1000.0
100,-1.4625,1.125,1000.0
100,-1.4625,1.1625,1000.0
100,-1.4625,1.2,1000.0
100,-1.4625,1.2375,1000.0
100,-1.4625,1.275,1000.0
100,-1.4625,1.3125,1000.0
100,-1.4625,1.35,1000.0
100,-1.4625,1.3875,1000.0
100,-1.4625,1.425,1000.0
100,-1.4625,1.4625,1000.0
100,-1.4625,1.5,1000.0
100,-1.425,-1.5,2.0511429087648843
100,-1.425,-1.4625,2.0503341145329705
100,-1.425,-1.425,2.0495160503578083
100,-1.425,-1.3875,2.04868851745221
100,-1.425,-1.35,2.0478513109376197
100,-1.425,-1.3125,2.047004219303648
100,-1.425,-1.275,2.0461470235756494
100,-1.425,-1.2375,2.0452794962770127
100,-1.425,-1.2,2.0444014002606354
100,-1.425,-1.1625,2.0435124874704282
100,-1.425,-1.125,2.0426124976788302
100,-1.425,-1.0875,2.0417011572310595
100,-1.425,-1.05,2.0407781778122165
100,-1.425,-1.0125,2.039843255240233
100,-1.425,-0.975,2.0388960682763733
100,-1.425,-0.9375,2.037936277436017
100,-1.425,-0.9,2.0369635237754045
100,-1.425,-0.8625,2.0359774276249647
100,-1.425,-0.825,2.0349775872361135
100,-1.425,-0.7875,2.0339635773058693
100,-1.425,-0.75,2.032934947341376
100,-1.425,-0.7125,2.0318912198247756
100,-1.425,-0.675,2.0308318881366727
100,-1.425,-0.6375,2.0297564141941855
100,-1.425,-0.6,2.02866422575664
100,-1.425,-0.5625,2.027554713348707
100,-1.425,-0.525,2.0264272267472165
100,-1.425,-0.4875,2.0252810709748696
100,-1.425,-0.45,2.024115501742415
100,-1.425,-0.4125,2.022929720283012
100,-1.425,-0.375,2.021722867531741
100,-1.425,-0.3375,2.0204940176260604
100,-1.425,-0.3,2.019242170750328
100,-1.425,-0.2625,2.0179662454386955
100,-1.425,-0.225,2.0166650706199087
100,-1.425,-0.1875,2.0153373779964037
100,-1.425,-0.15,2.013981795911841
100,-1.425,-0.1125,2.0125968468868893
100,-1.425,-0.075,2.0111809528988576
100,-1.425,-0.0375,2.0097324560480083
100,-1.425,0.0,2.008249669130697
100,-1.425,0.0375,2.0067309843103733
100,-1.425,0.075,2.0051750963020885
100,-1.425,0.1125,2.0035814575304065
100,-1.425,0.15,2.001951222529689
100,-1.425,0.1875,2.000289282784216
100,-1.425,0.225,1.99860892003818
100,-1.425,0.2625,1.9969434228256544
100,-1.425,0.3,1.995379121304196
100,-1.425,0.3375,1.9941928446623656
100,-1.425,0.375,1.994538231735283
100,-1.425,0.4125,2.007056369286992
100,-1.425,0.45,1000.0
100,-1.425,0.4875,1000.0
100,-1.425,0.525,1000.0
100,-1.425,0.5625,1000.0
100,-1.425,0.6,1000.0
100,-1.425,0.6375,1000.0
100,-1.425,0.675,1000.0
100,-1.425,0.7125,1000.0
100,-1.425,0.75,1000.0
100,-1.425,0.7875,1000.0
100,-1.425,0.825,1000.0
100,-1.425,0.8625,1000.0
100,-1.425,0.9,1000.0
100,-1.425,0.9375,1000.0
100,-1.425,0.975,1000.0
100,-1.425,1.0125,1000.0
100,-1.425,1.05,1000.0
100,-1.425,1.0875,1000.0
100,-1.425,1.125,1000.0
100,-1.425,1.1625,1000.0
100,-1.425,1.2,1000.0
100,-1.425,1.2375,1000.0
100,-1.425,1.275,1000.0
100,-1.425,1.3125,1000.0
100,-1.425,1.35,1000.0
100,-1.425,1.3875,1000.0
100,-1.425,1.425,1000.0
100,-1.425,1.4625,1000.0
100,-1.425,1.5,1000.0
100,-1.3875,-1.5,2.044167958309199
100,-1.3875,-1.4625,2.043318769368344
100,-1.3875,-1.425,2.042459678244749
100,-1.3875,-1.3875,2.0415904771192936
100,-1.3875,-1.35,2.0407109523346194
100,-1.3875,-1.3125,2.039820883872681
100,-1.3875,-1.275,2.0389200445794233
100,-1.3875,-1.2375,2.0380081992220656
100,-1.3875,-1.2,2.0370851034521125
100,-1.3875,-1.1625,2.0361505027338387
100,-1.3875,-1.125,2.035204131283441
100,-1.3875,-1.0875,2.0342457110496497
100,-1.3875,-1.05,2.0332749507530257
100,-1.3875,-1.0125,2.03229154498938
100,-1.3875,-0.975,2.0312951733931026
100,-1.3875,-0.9375,2.0302854998490707
100,-1.3875,-0.9,2.0292621717368897
100,-1.3875,-0.8625,2.0282248191886025
100,-1.3875,-0.825,2.0271730543401874
100,-1.3875,-0.7875,2.0261064705579845
100,-1.3875,-0.75,2.0250246416233377
100,-1.3875,-0.7125,2.023927120862176
100,-1.3875,-0.675,2.0228134402109483
100,-1.3875,-0.6375,2.0216831092167316
100,-1.3875,-0.6,2.0205356139778665
100,-1.3875,-0.5625,2.0193704160433397
100,-1.3875,-0.525,2.0181869513060904
100,-1.3875,-0.4875,2.0169846289499915
100,-1.3875,-0.45,2.0157628305468203
100,-1.3875,-0.4125,2.014520909454813
100,-1.3875,-0.375,2.0132581907544904
100,-1.3875,-0.3375,2.011973972087755
100,-1.3875,-0.3,2.0106675259696094
100,-1.3875,-0.2625,2.009338104464059
100,-1.3875,-0.225,2.0079849476332194
100,-1.3875,-0.1875,2.006607298013438
100,-1.3875,-0.15,2.005204424777779
100,-1.3875,-0.1125,2.0037756636333928
100,-1.3875,-0.075,2.0023204826648646
100,-1.3875,-0.0375,2.00083859179685
100,-1.3875,0.0,1.999330127372842
100,-1.3875,0.0375,1.9977959699523609
100,-1.3875,0.075,1.9962383069801544
100,-1.3875,0.1125,1.9946616656522616
100,-1.3875,0.15,1.9930748985523126
100,-1.3875,0.1875,1.991495234572496
100,-1.3875,0.225,1.989957212140517
100,-1.3875,0.2625,1.9885345710586015
100,-1.3875,0.3,1.9874026575492896
100,-1.3875,0.3375,1.9870860942665227
100,-1.3875,0.375,1.9898369714192838
100,-1.3875,0.4125,2.0732926525702244
100,-1.3875,0.45,1000.0
100,-1.3875,0.4875,1000.0
100,-1.3875,0.525,1000.0
100,-1.3875,0.5625,1000.0
100,-1.3875,0.6,1000.0
100,-1.3875,0.6375,1000.0
100,-1.3875,0.675,1000.0
100,-1.3875,0.7125,1000.0
100,-1.3875,0.75,1000.0
100,-1.3875,0.7875,1000.0
100,-1.3875,0.825,1000.0
100,-1.3875,0.8625,1000.0
100,-1.3875,0.9,1000.0
100,-1.3875,0.9375,1000.0
100,-1.3875,0.975,1000.0
100,-1.3875,1.0125,1000.0
100,-1.3875,1.05,1000.0
100,-1.3875,1.0875,1000.0
100,-1.3875,1.125,1000.0
100,-1.3875,1.1625,1000.0
100,-1.3875,1.2,1000.0
100,-1.3875,1.2375,1000.0
100,-1.3875,1.275,1000.0
100,-1.3875,1.3125,1000.0
100,-1.3875,1.35,1000.0
100,-1.3875,1.3875,1000.0
100,-1.3875,1.425,1000.0
100,-1.3875,1.4625,1000.0
100,-1.3875,1.5,1000.0
100,-1.35,-1.5,2.0370935394567025
100,-1.35,-1.4625,2.036201942559758
100,-1.35,-1.425,2.035299764447115
100,-1.35,-1.3875,2.034386788723707
100,-1.35,-1.35,2.0334627936605596
100,-1.35,-1.3125,2.0325275517345522
100,-1.35,-1.275,2.031580828958143
100,-1.35,-1.2375,2.030622384084283
100,-1.35,-1.2,2.029651967759525
100,-1.35,-1.1625,2.028669321685228
100,-1.35,-1.125,2.027674177832772
100,-1.35,-1.0875,2.0266662577452585
100,-1.35,-1.05,2.0256452719459874
100,-1.35,-1.0125,2.0246109194637465
100,-1.35,-0.975,2.0235628874773877
100,-1.35,-0.9375,2.022500851077212
100,-1.35,-0.9,2.0214244731385165
100,-1.35,-0.8625,2.0203334043031553
100,-1.35,-0.825,2.0192272830678126
100,-1.35,-0.7875,2.0181057359831067
100,-1.35,-0.75,2.016968377975331
100,-1.35,-0.7125,2.015814812813057
100,-1.35,-0.675,2.014644633754697
100,-1.35,-0.6375,2.013457424430991
100,-1.35,-0.6,2.012252760040388
100,-1.35,-0.5625,2.011030208967563
100,-1.35,-0.525,2.0097893349796165
100,-1.35,-0.4875,2.008529700216492
100,-1.35,-0.45,2.007250869280218
100,-1.35,-0.4125,2.0059524148546215
100,-1.35,-0.375,2.004633925473228
100,-1.35,-0.3375,2.0032950163294854
100,-1.35,-0.3,2.0019353444407435
100,-1.35,-0.2625,2.0005546301173367
100,-1.35,-0.225,1.9991526876874683
100,-1.35,-0.1875,1.9977294700193915
100,-1.35,-0.15,1.9962851339709358
100,-1.35,-0.1125,1.994820138210667
100,-1.35,-0.075,1.9933353922457968
100,-1.35,-0.0375,1.9918324885507013
100,-1.35,0.0,1.9903140735980518
100,-1.35,0.0375,1.988784459196479
100,-1.35,0.075,1.9872506667863798
100,-1.35,0.1125,1.985724290582746
100,-1.35,0.15,1.984225003623282
100,-1.35,0.1875,1.9827876116559564
100,-1.35,0.225,1.9814775271044487
100,-1.35,0.2625,1.98042891995466
100,-1.35,0.3,1.9799560166393495
100,-1.35,0.3375,1.981000393712019
100,-1.35,0.375,1.9880264238797813
100,-1.35,0.4125,1000.0
100,-1.35,0.45,1000.0
100,-1.35,0.4875,1000.0
100,-1.35,0.525,1000.0
100,-1.35,0.5625,1000.0
100,-1.35,0.6,1000.0
100,-1.35,0.6375,1000.0
100,-1.35,0.675,1000.0
100,-1.35,0.7125,1000.0
100,-1.35,0.75,1000.0
100,-1.35,0.7875,1000.0
100,-1.35,0.825,1000.0
100,-1.35,0.8625,1000.0
100,-1.35,0.9,1000.0
100,-1.35,0.9375,1000.0
100,-1.35,0.975,1000.0
100,-1.35,1.0125,1000.0
100,-1.35,1.05,1000.0
100,-1.35,1.0875,1000.0
100,-1.35,1.125,1000.0
100,-1.35,1.1625,1000.0
100,-1.35,1.2,1000.0
100,-1.35,1.2375,1000.0
100,-1.35,1.275,1000.0
100,-1.35,1.3125,1000.0
100,-1.35,1.35,1000.0
100,-1.35,1.3875,1000.0
100,-1.35,1.425,1000.0
100,-1.35,1.4625,1000.0
100,-1.35,1.5,1000.0
100,-1.3125,-1.5,2.029925922500518
100,-1.3125,-1.4625,2.028989863739003
100,-1.3125,-1.425,2.0280424959406487
100,-1.3125,-1.3875,2.0270835949522774
100,-1.3125,-1.35,2.026112932133824
100,-1.3125,-1.3125,2.0251302740182715
100,-1.3125,-1.275,2.0241353818102694
100,-1.3125,-1.2375,2.023128010809814
100,-1.3125,-1.2,2.0221079098354586
100,-1.3125,-1.1625,2.021074820708836
100,-1.3125,-1.125,2.020028477849094
100,-1.3125,-1.0875,2.0189686080138007
100,-1.3125,-1.05,2.017894930212156
100,-1.3125,-1.0125,2.0168071558083334
100,-1.3125,-0.975,2.015704988827547
100,-1.3125,-0.9375,2.014588126475444
100,-1.3125,-0.9,2.013456259882656
100,-1.3125,-0.8625,2.012309075090899
100,-1.3125,-0.825,2.011146254304749
100,-1.3125,-0.7875,2.0099674774446092
100,-1.3125,-0.75,2.0087724240515485
100,-1.3125,-0.7125,2.0075607756145137
100,-1.3125,-0.675,2.006332218416331
100,-1.3125,-0.6375,2.005086447028412
100,-1.3125,-0.6,2.003823168628742
100,-1.3125,-0.5625,2.0025421083771517
100,-1.3125,-0.525,2.001243016163046
100,-1.3125,-0.4875,1.9999256751528194
100,-1.3125,-0.45,1.998589912721216
100,-1.3125,-0.4125,1.9972356145746528
100,-1.3125,-0.375,1.9958627431976248
100,-1.3125,-0.3375,1.9944713622274877
100,-1.3125,-0.3,1.9930616690700687
100,-1.3125,-0.2625,1.9916340391414757
100,-1.3125,-0.225,1.9901890867806389
100,-1.3125,-0.1875,1.988727750495613
100,-1.3125,-0.15,1.9872514144353164
100,-1.3125,-0.1125,1.985762084982359
100,-1.3125,-0.075,1.9842626532998802
100,-1.3125,-0.0375,1.9827572956808175
100,-1.3125,0.0,1.9812521019418365
100,-1.3125,0.0375,1.979756095318757
100,-1.3125,0.075,1.9782829541130587
100,-1.3125,0.1125,1.9768540577080747
100,-1.3125,0.15,1.975504193890045
100,-1.3125,0.1875,1.9742930501055413
100,-1.3125,0.225,1.9733306132745392
100,-1.3125,0.2625,1.9728409116350811
100,-1.3125,0.3,1.9733545583370768
100,-1.3125,0.3375,1.9765203483027574
100,-1.3125,0.375,1.991534033004967
100,-1.3125,0.4125,1000.0
100,-1.3125,0.45,1000.0
100,-1.3125,0.4875,1000.0
100,-1.3125,0.525,1000.0
100,-1.3125,0.5625,1000.0
100,-1.3125,0.6,1000.0
100,-1.3125,0.6375,1000.0
100,-1.3125,0.675,1000.0
100,-1.3125,0.7125,1000.0
100,-1.3125,0.75,1000.0
100,-1.3125,0.7875,1000.0
100,-1.3125,0.825,1000.0
100,-1.3125,0.8625,1000.0
100,-1.3125,0.9,1000.0
100,-1.3125,0.9375,1000.0
100,-1.3125,0.975,1000.0
100,-1.3125,1.0125,1000.0
100,-1.3125,1.05,1000.0
100,-1.3125,1.0875,1000.0
100,-1.3125,1.125,1000.0
100,-1.3125,1.1625,1000.0
100,-1.3125,1.2,1000.0
100,-1.3125,1.2375,1000.0
100,-1.3125,1.275,1000.0
100,-1.3125,1.3125,1000.0
100,-1.3125,1.35,1000.0
100,-1.3125,1.3875,1000.0
100,-1.3125,1.425,1000.0
100,-1.3125,1.4625,1000.0
100,-1.3125,1.5,1000.0
100,-1.275,-1.5,2.0226724482250655
100,-1.275,-1.4625,2.0216898400767196
100,-1.275,-1.425,2.0206951440178256
100,-1.275,-1.3875,2.019688129383005
100,-1.275,-1.35,2.0186685623244465
100,-1.275,-1.3125,2.017636205668516
100,-1.275,-1.275,2.0165908186687176
100,-1.275,-1.2375,2.0155321567445164
100,-1.275,-1.2,2.0144599712840385
100,-1.275,-1.1625,2.013374009576682
100,-1.275,-1.125,2.012274014929836
100,-1.275,-1.0875,2.01115972701341
100,-1.275,-1.05,2.0100308824673885
100,-1.275,-1.0125,2.0088872158022952
100,-1.275,-0.975,2.0077284606203065
100,-1.275,-0.9375,2.0065543511867108
100,-1.275,-0.9,2.005364624387002
100,-1.275,-0.8625,2.004159022114891
100,-1.275,-0.825,2.0029372941509087
100,-1.275,-0.7875,2.001699201610568
100,-1.275,-0.75,2.0004445210664294
100,-1.275,-0.7125,1.9991730494808944
100,-1.275,-0.675,1.9978846101287617
100,-1.275,-0.6375,1.9965790597432613
100,-1.275,-0.6,1.9952562971915242
100,-1.275,-0.5625,1.9939162740817444
100,-1.275,-0.525,1.9925590078347173
100,-1.275,-0.4875,1.9911845979317022
100,-1.275,-0.45,1.989793246300257
100,-1.275,-0.4125,1.9883852831530326
100,-1.275,-0.375,1.9869612001018584
100,-1.275,-0.3375,1.9855216931098236
100,-1.275,-0.3,1.9840677189424583
100,-1.275,-0.2625,1.9826005704389262
100,-1.275,-0.225,1.981121978481087
100,-1.275,-0.1875,1.9796342525634236
100,-1.275,-0.15,1.9781404783539622
100,-1.275,-0.1125,1.9766448013709028
100,-1.275,-0.075,1.9751528441951394
100,-1.275,-0.0375,1.9736723368845601
100,-1.275,0.0,1.9722140993123884
100,-1.275,0.0375,1.9707936272284312
100,-1.275,0.075,1.9694337619455813
100,-1.275,0.1125,1.968169413192399
100,-1.275,0.15,1.9670564380694264
100,-1.275,0.1875,1.966189660738692
100,-1.275,0.225,1.9657432839179765
100,-1.275,0.2625,1.9660748430469699
100,-1.275,0.3,1.9680530270175525
100,-1.275,0.3375,1.97454290077897
100,-1.275,0.375,2.0059443612018337
100,-1.275,0.4125,1000.0
100,-1.275,0.45,1000.0
100,-1.275,0.4875,1000.0
100,-1.275,0.525,1000.0
100,-1.275,0.5625,1000.0
100,-1.275,0.6,1000.0
100,-1.275,0.6375,1000.0
100,-1.275,0.675,1000.0
100,-1.275,0.7125,1000.0
100,-1.275,0.75,1000.0
100,-1.275,0.7875,1000.0
100,-1.275,0.825,1000.0
100,-1.275,0.8625,1000.0
100,-1.275,0.9,1000.0
100,-1.275,0.9375,1000.0
100,-1.275,0.975,1000.0
100,-1.275,1.0125,1000.0
100,-1.275,1.05,1000.0
100,-1.275,1.0875,1000.0
100,-1.275,1.125,1000.0
100,-1.275,1.1625,1000.0
100,-1.275,1.2,1000.0
100,-1.275,1.2375,1000.0
100,-1.275,1.275,1000.0
100,-1.275,1.3125,1000.0
100,-1.275,1.35,1000.0
100,-1.275,1.3875,1000.0
100,-1.275,1.425,1000.0
100,-1.275,1.4625,1000.0
100,-1.275,1.5,1000.0
100,-1.2375,-1.5,2.015341630926579
100,-1.2375,-1.4625,2.0143103604602346
100,-1.2375,-1.425,2.0132661694109832
100,-1.2375,-1.3875,2.012208822329205
100,-1.2375,-1.35,2.0111380824860174
100,-1.2375,-1.3125,2.0100537120276947
100,-1.2375,-1.275,2.00895547209743
100,-1.2375,-1.2375,2.0078431230196103
100,-1.2375,-1.2,2.0067164246311777
100,-1.2375,-1.1625,2.005575136833779
100,-1.2375,-1.125,2.00441902043045
100,-1.2375,-1.0875,2.003247838302233
100,-1.2375,-1.05,2.002061356974737
100,-1.2375,-1.0125,2.000859348622752
100,-1.2375,-0.975,1.9996415935632674
100,-1.2375,-0.9375,1.9984078832942136
100,-1.2375,-0.9,1.99715802414808
100,-1.2375,-0.8625,1.995891841646861
100,-1.2375,-0.825,1.994609185668228
100,-1.2375,-0.7875,1.9933099365632223
100,-1.2375,-0.75,1.9919940124050513
100,-1.2375,-0.7125,1.9906613775985693
100,-1.2375,-0.675,1.9893120531446016
100,-1.2375,-0.6375,1.9879461289369653
100,-1.2375,-0.6,1.986563778579985
100,-1.2375,-0.5625,1.9851652773606971
100,-1.2375,-0.525,1.9837510242073444
100,-1.2375,-0.4875,1.9823215687358366
100,-1.2375,-0.45,1.9808776448608214
100,-1.2375,-0.4125,1.9794202129761718
100,-1.2375,-0.375,1.977950513465528
100,-1.2375,-0.3375,1.9764701354029375
100,-1.2375,-0.3,1.9749811059309492
100,-1.2375,-0.2625,1.9734860082579437
100,-1.2375,-0.225,1.9719881399941257
100,-1.2375,-0.1875,1.970491729491114
100,-1.2375,-0.15,1.9690022374385814
100,-1.2375,-0.1125,1.9675267868631108
100,-1.2375,-0.075,1.9660747918291785
100,-1.2375,-0.0375,1.9646589031788597
100,-1.2375,0.0,1.9632964780649578
100,-1.2375,0.0375,1.962011950447017
100,-1.2375,0.075,1.9608408264493526
100,-1.2375,0.1125,1.959836781105681
100,-1.2375,0.15,1.9590851007856689
100,-1.2375,0.1875,1.9587302982430856
100,-1.2375,0.225,1.9590392254781084
100,-1.2375,0.2625,1.960568320711014
100,-1.2375,0.3,1.9647179297841564
100,-1.2375,0.3375,1.976486709478067
100,-1.2375,0.375,2.048816125742387
100,-1.2375,0.4125,1000.0
100,-1.2375,0.45,1000.0
100,-1.2375,0.4875,1000.0
100,-1.2375,0.525,1000.0
100,-1.2375,0.5625,1000.0
100,-1.2375,0.6,1000.0
100,-1.2375,0.6375,1000.0
100,-1.2375,0.675,1000.0
100,-1.2375,0.7125,1000.0
100,-1.2375,0.75,1000.0
100,-1.2375,0.7875,1000.0
100,-1.2375,0.825,1000.0
100,-1.2375,0.8625,1000.0
100,-1.2375,0.9,1000.0
100,-1.2375,0.9375,1000.0
100,-1.2375,0.975,1000.0
100,-1.2375,1.0125,1000.0
100,-1.2375,1.05,1000.0
100,-1.2375,1.0875,1000.0
100,-1.2375,1.125,1000.0
100,-1.2375,1.1625,1000.0
100,-1.2375,1.2,1000.0
100,-1.2375,1.2375,1000.0
100,-1.2375,1.275,1000.0
100,-1.2375,1.3125,1000.0
100,-1.2375,1.35,1000.0
100,-1.2375,1.3875,1000.0
100,-1.2375,1.425,1000.0
100,-1.2375,1.4625,1000.0
100,-1.2375,1.5,1000.0
100,-1.2,-1.5,2.007943271096833
100,-1.2,-1.4625,2.0068612096913294
100,-1.2,-1.425,2.0057653377141977
100,-1.2,-1.3875,2.004655417168921
100,-1.2,-1.35,2.003531211451731
100,-1.2,-1.3125,2.0023924859372664
100,-1.2,-1.275,2.0012390086216483
100,-1.2,-1.2375,2.000070550927634
100,-1.2,-1.2,1.9988868887669893
100,-1.2,-1.1625,1.9976878039464845
100,-1.2,-1.125,1.996473085996328
100,-1.2,-1.0875,1.995242534494973
100,-1.2,-1.05,1.9939959619627252
100,-1.2,-1.0125,1.9927331973997813
100,-1.2,-0.975,1.991454090552472
100,-1.2,-0.9375,1.9901585170055458
100,-1.2,-0.9,1.9888463842188617
100,-1.2,-0.8625,1.9875176386544626
100,-1.2,-0.825,1.9861722741763248
100,-1.2,-0.7875,1.9848103419511376
100,-1.2,-0.75,1.9834319621373908
100,-1.2,-0.7125,1.9820373377248732
100,-1.2,-0.675,1.9806267709827317
100,-1.2,-0.6375,1.9792006830984703
100,-1.2,-0.6,1.9777596377531073
100,-1.2,-0.5625,1.9763043695934301
100,-1.2,-0.525,1.9748358188525204
100,-1.2,-0.4875,1.973355173764987
100,-1.2,-0.45,1.971863922970047
100,-1.2,-0.4125,1.9703639208631796
100,-1.2,-0.375,1.9688574699520305
100,-1.2,-0.3375,1.9673474258611605
100,-1.2,-0.3,1.965837332978168
100,-1.2,-0.2625,1.9643316022716817
100,-1.2,-0.225,1.9628357482570455
100,-1.2,-0.1875,1.9613567106625458
100,-1.2,-0.15,1.959903300207021
100,-1.2,-0.1125,1.958486830931267
100,-1.2,-0.075,1.957122041035129
100,-1.2,-0.0375,1.955828474421982
100,-1.2,0.0,1.9546326253015545
100,-1.2,0.0375,1.9535714011066905
100,-1.2,0.075,1.9526979788372674
100,-1.2,0.1125,1.9520922729867716
100,-1.2,0.15,1.9518809623521074
100,-1.2,0.1875,1.9522792501130168
100,-1.2,0.225,1.953688436151075
100,-1.2,0.2625,1.9569633296246298
100,-1.2,0.3,1.9643494200174811
100,-1.2,0.3375,1.9846899989959472
100,-1.2,0.375,2.2846235555092247
100,-1.2,0.4125,1000.0
100,-1.2,0.45,1000.0
100,-1.2,0.4875,1000.0
100,-1.2,0.525,1000.0
100,-1.2,0.5625,1000.0
100,-1.2,0.6,1000.0
100,-1.2,0.6375,1000.0
100,-1.2,0.675,1000.0
100,-1.2,0.7125,1000.0
100,-1.2,0.75,1000.0
100,-1.2,0.7875,1000.0
100,-1.2,0.825,1000.0
100,-1.2,0.8625,1000.0
100,-1.2,0.9,1000.0
100,-1.2,0.9375,1000.0
100,-1.2,0.975,1000.0
100,-1.2,1.0125,1000.0
100,-1.2,1.05,1000.0
100,-1.2,1.0875,1000.0
100,-1.2,1.125,1000.0
100,-1.2,1.1625,1000.0
100,-1.2,1.2,1000.0
100,-1.2,1.2375,1000.0
100,-1.2,1.275,1000.0
100,-1.2,1.3125,1000.0
100,-1.2,1.35,1000.0
100,-1.2,1.3875,1000.0
100,-1.2,1.425,1000.0
100,-1.2,1.4625,1000.0
100,-1.2,1.5,1000.0
100,-1.1625,-1.5,2.0004885786857187
100,-1.1625,-1.4625,1.9993535938262963
100,-1.1625,-1.425,1.9982038464222327
100,-1.1625,-1.3875,1.9970390986569737
100,-1.1625,-1.35,1.995859117746647
100,-1.1625,-1.3125,1.9946636771315887
100,-1.1625,-1.275,1.9934525578426243
100,-1.1625,-1.2375,1.992225550161152
100,-1.1625,-1.2,1.9909824556849096
100,-1.1625,-1.1625,1.9897230899054064
100,-1.1625,-1.125,1.9884472853992543
100,-1.1625,-1.0875,1.9871548957354324
100,-1.1625,-1.05,1.985845800204984
100,-1.1625,-1.0125,1.9845199094897905
100,-1.1625,-0.975,1.9831771724038643
100,-1.1625,-0.9375,1.9818175838649226
100,-1.1625,-0.9,1.9804411942869027
100,-1.1625,-0.8625,1.9790481206270816
100,-1.1625,-0.825,1.9776385593760184
100,-1.1625,-0.7875,1.9762128018478906
100,-1.1625,-0.75,1.9747712522162093
100,-1.1625,-0.7125,1.9733144488507748
100,-1.1625,-0.675,1.971843089653539
100,-1.1625,-0.6375,1.9703580622739925
100,-1.1625,-0.6,1.9688604803234455
100,-1.1625,-0.5625,1.9673517270229952
100,-1.1625,-0.525,1.9658335081423015
100,-1.1625,-0.4875,1.9643079166592035
100,-1.1625,-0.45,1.9627775123595372
100,-1.1625,-0.4125,1.961245420700085
100,-1.1625,-0.375,1.9597154568270987
100,-1.1625,-0.3375,1.95819228291387
100,-1.1625,-0.3,1.9566816103302886
100,-1.1625,-0.2625,1.95519046319882
100,-1.1625,-0.225,1.953727527649722
100,-1.1625,-0.1875,1.9523036233192088
100,-1.1625,-0.15,1.9509323534347738
100,-1.1625,-0.1125,1.949631022843404
100,-1.1625,-0.075,1.948421970216694
100,-1.1625,-0.0375,1.9473345623863467
100,-1.1625,0.0,1.946408288603945
100,-1.1625,0.0375,1.945697764815937
100,-1.1625,0.075,1.9452812320872217
100,-1.1625,0.1125,1.9452758595456652
100,-1.1625,0.15,1.9458673579701198
100,-1.1625,0.1875,1.9473727780882484
100,-1.1625,0.225,1.9503908860648642
100,-1.1625,0.2625,1.956229835097334
100,-1.1625,0.3,1.9685011544741655
100,-1.1625,0.3375,2.003232519583275
100,-1.1625,0.375,1000.0
100,-1.1625,0.4125,1000.0
100,-1.1625,0.45,1000.0
100,-1.1625,0.4875,1000.0
100,-1.1625,0.525,1000.0
100,-1.1625,0.5625,1000.0
100,-1.1625,0.6,1000.0
100,-1.1625,0.6375,1000.0
100,-1.1625,0.675,1000.0
100,-1.1625,0.7125,1000.0
100,-1.1625,0.75,1000.0
100,-1.1625,0.7875,1000.0
100,-1.1625,0.825,1000.0
100,-1.1625,0.8625,1000.0
100,-1.1625,0.9,1000.0
100,-1.1625,0.9375,1000.0
100,-1.1625,0.975,1000.0
100,-1.1625,1.0125,1000.0
100,-1.1625,1.05,1000.0
100,-1.1625,1.0875,1000.0
100,-1.1625,1.125,1000.0
100,-1.1625,1.1625,1000.0
100,-1.1625,1.2,1000.0
100,-1.1625,1.2375,1000.0
100,-1.1625,1.275,1000.0
100,-1.1625,1.3125,1000.0
100,-1.1625,1.35,1000.0
100,-1.1625,1.3875,1000.0
100,-1.1625,1.425,1000.0
100,-1.1625,1.4625,1000.0
100,-1.1625,1.5,1000.0
100,-1.125,-1.5,1.9929903076122901
100,-1.125,-1.4625,1.991800277618176
100,-1.125,-1.425,1.9905944648325737
100,-1.125,-1.3875,1.989372634739733
100,-1.125,-1.35,1.988134562688364
100,-1.125,-1.3125,1.9868800359152057
100,-1.125,-1.275,1.9856088558984153
100,-1.125,-1.2375,1.9843208411815159
100,-1.125,-1.2,1.9830158308049761
100,-1.125,-1.1625,1.9816936884810958
100,-1.125,-1.125,1.9803543076497803
100,-1.125,-1.0875,1.9789976175596233
100,-1.125,-1.05,1.9776235905317456
100,-1.125,-1.0125,1.9762322505844185
100,-1.125,-0.975,1.974823683625839
100,-1.125,-0.9375,1.9733980494621044
100,-1.125,-0.9,1.9719555959187747
100,-1.125,-0.8625,1.9704966754401625
100,-1.125,-0.825,1.9690217646129586
100,-1.125,-0.7875,1.9675314871647167
100,-1.125,-0.75,1.9660266411182876
100,-1.125,-0.7125,1.9645082309485282
100,-1.125,-0.675,1.9629775057982553
100,-1.125,-0.6375,1.9614360050814887
100,-1.125,-0.6,1.959885613154721
100,-1.125,-0.5625,1.9583286252010692
100,-1.125,-0.525,1.9567678270909667
100,-1.125,-0.4875,1.9552065928190738
100,-1.125,-0.45,1.9536490042632833
100,-1.125,-0.4125,1.9520999996078952
100,-1.125,-0.375,1.950565559033575
100,-1.125,-0.3375,1.949052939536441
100,-1.125,-0.3,1.9475709755327144
100,-1.125,-0.2625,1.9461304691068742
100,-1.125,-0.225,1.9447447048322803
100,-1.125,-0.1875,1.9434301415479975
100,-1.125,-0.15,1.9422073617695703
100,-1.125,-0.1125,1.9411024067077205
100,-1.125,-0.075,1.9401487066948417
100,-1.125,-0.0375,1.9393899639931187
100,-1.125,0.0,1.9388846217120257
100,-1.125,0.0375,1.938713100570051
100,-1.125,0.075,1.938990138517571
100,-1.125,0.1125,1.9398871796164805
100,-1.125,0.15,1.9416762279142612
100,-1.125,0.1875,1.944824541148736
100,-1.125,0.225,1.950227477113189
100,-1.125,0.2625,1.9598977462187788
100,-1.125,0.3,1.9797130048048712
100,-1.125,0.3375,2.0398237889092847
100,-1.125,0.375,1000.0
100,-1.125,0.4125,1000.0
100,-1.125,0.45,1000.0
100,-1.125,0.4875,1000.0
100,-1.125,0.525,1000.0
100,-1.125,0.5625,1000.0
100,-1.125,0.6,1000.0
100,-1.125,0.6375,1000.0
100,-1.125,0.675,1000.0
100,-1.125,0.7125,1000.0
100,-1.125,0.75,1000.0
100,-1.125,0.7875,1000.0
100,-1.125,0.825,1000.0
100,-1.125,0.8625,1000.0
100,-1.125,0.9,1000.0
100,-1.125,0.9375,1000.0
100,-1.125,0.975,1000.0
100,-1.125,1.0125,1000.0
100,-1.125,1.05,1000.0
100,-1.125,1.0875,1000.0
100,-1.125,1.125,1000.0
100,-1.125,1.1625,1000.0
100,-1.125,1.2,1000.0
100,-1.125,1.2375,1000.0
100,-1.125,1.275,1000.0
100,-1.125,1.3125,1000.0
100,-1.125,1.35,1000.0
100,-1.125,1.3875,1000.0
100,-1.125,1.425,1000.0
100,-1.125,1.4625,1000.0
100,-1.125,1.5,1000.0
100,-1.0875,-1.5,1.9854629017050993
100,-1.0875,-1.4625,1.9842157346350302
100,-1.0875,-1.425,1.9829516877856779
100,-1.0875,-1.3875,1.9816705332483027
100,-1.0875,-1.35,1.9803720592402898
100,-1.0875,-1.3125,1.9790560732489257
100,-1.0875,-1.275,1.9777224057115947
100,-1.0875,-1.2375,1.976370914404915
100,-1.0875,-1.2,1.9750014897171977
100,-1.0875,-1.1625,1.9736140609839974
100,-1.0875,-1.125,1.97220860407702
100,-1.0875,-1.0875,1.9707851504538496
100,-1.0875,-1.05,1.9693437979019666
100,-1.0875,-1.0125,1.9678847232465004
100,-1.0875,-0.975,1.9664081973396765
100,-1.0875,-0.9375,1.96491460271248
100,-1.0875,-0.9,1.9634044543489784
100,-1.0875,-0.8625,1.9618784241439706
100,-1.0875,-0.825,1.9603373697304682
100,-1.0875,-0.7875,1.9587823685207717
100,-1.0875,-0.75,1.9572147580027721
100,-1.0875,-0.7125,1.9556361835829856
100,-1.0875,-0.675,1.95404865558618
100,-1.0875,-0.6375,1.9524546174305448
100,-1.0875,-0.6,1.9508570275285155
100,-1.0875,-0.5625,1.9492594581604847
100,-1.0875,-0.525,1.947666215495096
100,-1.0875,-0.4875,1.9460824861767874
100,-1.0875,-0.45,1.9445145176040206
100,-1.0875,-0.4125,1.9429698413829195
100,-1.0875,-0.375,1.941457552770914
100,-1.0875,-0.3375,1.939988663707571
100,-1.0875,-0.3,1.9385765540378477
100,-1.0875,-0.2625,1.9372375560281325
100,-1.0875,-0.225,1.935991723373435
100,-1.0875,-0.1875,1.9348638612419615
100,-1.0875,-0.15,1.9338849349889216
100,-1.0875,-0.1125,1.9330940439407396
100,-1.0875,-0.075,1.932541265976707
100,-1.0875,-0.0375,1.9322918942906564
100,-1.0875,0.0,1.932432996071786
100,-1.0875,0.0375,1.9330840391079178
100,-1.0875,0.075,1.9344150715001056
100,-1.0875,0.1125,1.9366799405113886
100,-1.0875,0.15,1.9402821487688273
100,-1.0875,0.1875,1.9459197428920478
100,-1.0875,0.225,1.9549516862024303
100,-1.0875,0.2625,1.9705294899916121
100,-1.0875,0.3,2.002448812493212
100,-1.0875,0.3375,2.1107480368711165
100,-1.0875,0.375,1000.0
100,-1.0875,0.4125,1000.0
100,-1.0875,0.45,1000.0
100,-1.0875,0.4875,1000.0
100,-1.0875,0.525,1000.0
100,-1.0875,0.5625,1000.0
100,-1.0875,0.6,1000.0
100,-1.0875,0.6375,1000.0
100,-1.0875,0.675,1000.0
100,-1.0875,0.7125,1000.0
100,-1.0875,0.75,1000.0
100,-1.0875,0.7875,1000.0
100,-1.0875,0.825,1000.0
100,-1.0875,0.8625,1000.0
100,-1.0875,0.9,1000.0
100,-1.0875,0.9375,1000.0
100,-1.0875,0.975,1000.0
100,-1.0875,1.0125,1000.0
100,-1.0875,1.05,1000.0
100,-1.0875,1.0875,1000.0
100,-1.0875,1.125,1000.0
100,-1.0875,1.1625,1000.0
100,-1.0875,1.2,1000.0
100,-1.0875,1.2375,1000.0
100,-1.0875,1.275,1000.0
100,-1.0875,1.3125,1000.0
100,-1.0875,1.35,1000.0
100,-1.0875,1.3875,1000.0
100,-1.0875,1.425,1000.0
100,-1.0875,1.4625,1000.0
100,-1.0875,1.5,1000.0
100,-1.05,-1.5,1.977922651422919
100,-1.05,-1.4625,1.9766163099172798
100,-1.05,-1.425,1.975291903648346
100,-1.05,-1.3875,1.973949214438038
100,-1.05,-1.35,1.9725880481569125
100,-1.05,-1.3125,1.9712082393474586
100,-1.05,-1.275,1.9698096566590109
100,-1.05,-1.2375,1.9683922093127433
100,-1.05,-1.2,1.9669558548252783
100,-1.05,-1.1625,1.9655006082351938
100,-1.05,-1.125,1.9640265530999461
100,-1.05,-1.0875,1.962533854563755
100,-1.05,-1.05,1.9610227748421236
100,-1.05,-1.0125,1.9594936915283776
100,-1.05,-0.975,1.9579471192048665
100,-1.05,-0.9375,1.9563837349396986
100,-1.05,-0.9,1.9548044083733807
100,-1.05,-0.8625,1.9532102372545215
100,-1.05,-0.825,1.951602589477096
100,-1.05,-0.7875,1.9499831529140792
100,-1.05,-0.75,1.9483539946471515
100,-1.05,-0.7125,1.9467176315782573
100,-1.05,-0.675,1.9450771149012114
100,-1.05,-0.6375,1.9434361315451962
100,-1.05,-0.6,1.941799126525101
100,-1.05,-0.5625,1.9401714512140935
100,-1.05,-0.525,1.9385595439883638
100,-1.05,-0.4875,1.9369711516227193
100,-1.05,-0.45,1.9354156024443554
100,-1.05,-0.4125,1.9339041458888195
100,-1.05,-0.375,1.9324503782166933
100,-1.05,-0.3375,1.9310707814733405
100,-1.05,-0.3,1.9297854134720889
100,-1.05,-0.2625,1.9286188025533038
100,-1.05,-0.225,1.9276011253017153
100,-1.05,-0.1875,1.9267697837837099
100,-1.05,-0.15,1.9261715609804075
100,-1.05,-0.1125,1.9258656370200316
100,-1.05,-0.075,1.9259279293414107
100,-1.05,-0.0375,1.926457547162689
100,-1.05,0.0,1.9275867736024554
100,-1.05,0.0375,1.9294972443380418
100,-1.05,0.075,1.9324476981523895
100,-1.05,0.1125,1.9368249989501947
100,-1.05,0.15,1.9432464419514932
100,-1.05,0.1875,1.9527890391209977
100,-1.05,0.225,1.967586047891625
100,-1.05,0.2625,1.9927526228673518
100,-1.05,0.3,2.0453111851662884
100,-1.05,0.3375,2.2561549504635146
100,-1.05,0.375,1000.0
100,-1.05,0.4125,1000.0
100,-1.05,0.45,1000.0
100,-1.05,0.4875,1000.0
100,-1.05,0.525,1000.0
100,-1.05,0.5625,1000.0
100,-1.05,0.6,1000.0
100,-1.05,0.6375,1000.0
100,-1.05,0.675,1000.0
100,-1.05,0.7125,1000.0
100,-1.05,0.75,1000.0
100,-1.05,0.7875,1000.0
100,-1.05,0.825,1000.0
100,-1.05,0.8625,1000.0
100,-1.05,0.9,1000.0
100,-1.05,0.9375,1000.0
100,-1.05,0.975,1000.0
100,-1.05,1.0125,1000.0
100,-1.05,1.05,1000.0
100,-1.05,1.0875,1000.0
100,-1.05,1.125,1000.0
100,-1.05,1.1625,1000.0
100,-1.05,1.2,1000.0
100,-1.05,1.2375,1000.0
100,-1.05,1.275,1000.0
100,-1.05,1.3125,1000.0
100,-1.05,1.35,1000.0
100,-1.05,1.3875,1000.0
100,-1.05,1.425,1000.0
100,-1.05,1.4625,1000.0
100,-1.05,1.5,1000.0
100,-1.0125,-1.5,1.970387878704577
100,-1.0125,-1.4625,1.9690204131610094
100,-1.0125,-1.425,1.9676335952296522
100,-1.0125,-1.3875,1.9662272188243417
100,-1.0125,-1.35,1.9648011116789235
100,-1.0125,-1.3125,1.9633551418849553
100,-1.0125,-1.275,1.9618892256052234
100,-1.0125,-1.2375,1.960403336246357
100,-1.0125,-1.2,1.9588975153964077
100,-1.0125,-1.1625,1.957371885864258
100,-1.0125,-1.125,1.955826667200111
100,-1.0125,-1.0875,1.9542621941326672
100,-1.0125,-1.05,1.9526789384327496
100,-1.0125,-1.0125,1.9510775348084324
100,-1.0125,-0.975,1.9494588115579943
100,-1.0125,-0.9375,1.9478238268599313
100,-1.0125,-0.9,1.9461739117707606
100,-1.0125,-0.8625,1.9445107212413568
100,-1.0125,-0.825,1.9428362947631705
100,-1.0125,-0.7875,1.941153128633963
100,-1.0125,-0.75,1.9394642623108322
100,-1.0125,-0.7125,1.9377733819268796
100,-1.0125,-0.675,1.9360849448279722
100,-1.0125,-0.6375,1.9344043299947706
100,-1.0125,-0.6,1.9327380205314508
100,-1.0125,-0.5625,1.9310938261375425
100,-1.0125,-0.525,1.9294811557916756
100,-1.0125,-0.4875,1.9279113539950934
100,-1.0125,-0.45,1.9263981181855816
100,-1.0125,-0.4125,1.9249580208431132
100,-1.0125,-0.375,1.9236111681343668
100,-1.0125,-0.3375,1.922382038877777
100,-1.0125,-0.3,1.9213005650498145
100,-1.0125,-0.2625,1.920403541084007
100,-1.0125,-0.225,1.9197364889996198
100,-1.0125,-0.1875,1.9193561688307788
100,-1.0125,-0.15,1.9193340247479638
100,-1.0125,-0.1125,1.919761025952587
100,-1.0125,-0.075,1.9207546543575298
100,-1.0125,-0.0375,1.9224693225868705
100,-1.0125,0.0,1.925112520748662
100,-1.0125,0.0375,1.9289710479607287
100,-1.0125,0.075,1.9344561625324141
100,-1.0125,0.1125,1.9421870961548062
100,-1.0125,0.15,1.9531602786691165
100,-1.0125,0.1875,1.969135254271688
100,-1.0125,0.225,1.993666777632094
100,-1.0125,0.2625,2.0355873615409874
100,-1.0125,0.3,2.1265539494611847
100,-1.0125,0.3375,2.601202721098032
100,-1.0125,0.375,1000.0
100,-1.0125,0.4125,1000.0
100,-1.0125,0.45,1000.0
100,-1.0125,0.4875,1000.0
100,-1.0125,0.525,1000.0
100,-1.0125,0.5625,1000.0
100,-1.0125,0.6,1000.0
100,-1.0125,0.6375,1000.0
100,-1.0125,0.675,1000.0
100,-1.0125,0.7125,1000.0
100,-1.0125,0.75,1000.0
100,-1.0125,0.7875,1000.0
100,-1.0125,0.825,1000.0
100,-1.0125,0.8625,1000.0
100,-1.0125,0.9,1000.0
100,-1.0125,0.9375,1000.0
100,-1.0125,0.975,1000.0
100,-1.0125,1.0125,1000.0
100,-1.0125,1.05,1000.0
100,-1.0125,1.0875,1000.0
100,-1.0125,1.125,1000.0
100,-1.0125,1.1625,1000.0
100,-1.0125,1.2,1000.0
100,-1.0125,1.2375,1000.0
100,-1.0125,1.275,1000.0
100,-1.0125,1.3125,1000.0
100,-1.0125,1.35,1000.0
100,-1.0125,1.3875,1000.0
100,-1.0125,1.425,1000.0
100,-1.0125,1.4625,1000.0
100,-1.0125,1.5,1000.0
100,-0.975,-1.5,1.9630040111659741
100,-0.975,-1.4625,1.9615736043975691
100,-0.975,-1.425,1.960122436466741
100,-0.975,-1.3875,1.9586503141342686
100,-0.975,-1.35,1.9571570896909394
100,-0.975,-1.3125,1.9556426699153024
100,-0.975,-1.275,1.954107026682156
100,-0.975,-1.2375,1.9525502095947889
100,-0.975,-1.2,1.9509723610544762
100,-0.975,-1.1625,1.9493737342342357
100,-0.975,-1.125,1.9477547144938419
100,-0.975,-1.0875,1.9461158448640468
100,-0.975,-1.05,1.9444578563446389
100,-0.975,-1.0125,1.9427817039094173
100,-0.975,-0.975,1.9410886092986064
100,-0.975,-0.9375,1.9393801119149674
100,-0.975,-0.9,1.9376581294358461
100,-0.975,-0.8625,1.935925030125411
100,-0.975,-0.825,1.934183719300379
100,-0.975,-0.7875,1.9324377429965185
100,-0.975,-0.75,1.9306914126400705
100,-0.975,-0.7125,1.9289499554993514
100,-0.975,-0.675,1.9272196969473823
100,-0.975,-0.6375,1.9255082822044132
100,-0.975,-0.6,1.9238249473858284
100,-0.975,-0.5625,1.9221808525500512
100,-0.975,-0.525,1.9205894933004781
100,-0.975,-0.4875,1.9190672127500172
100,-0.975,-0.45,1.9176338429048148
100,-0.975,-0.4125,1.9163135146645882
100,-0.975,-0.375,1.9151356900462222
100,-0.975,-0.3375,1.9141364910597993
100,-0.975,-0.3,1.913360430317009
100,-0.975,-0.2625,1.9128626944958067
100,-0.975,-0.225,1.9127122025247092
100,-0.975,-0.1875,1.9129957717921284
100,-0.975,-0.15,1.9138239062872684
100,-0.975,-0.1125,1.9153390228615046
100,-0.975,-0.075,1.9177274569881853
100,-0.975,-0.0375,1.921237542643641
100,-0.975,0.0,1.926207883076425
100,-0.975,0.0375,1.933113634548596
100,-0.975,0.075,1.9426467409833814
100,-0.975,0.1125,1.955865501998675
100,-0.975,0.15,1.9745008384263967
100,-0.975,0.1875,2.0016661323519314
100,-0.975,0.225,2.043806173368703
100,-0.975,0.2625,2.1175775379926796
100,-0.975,0.3,2.287959327639616
100,-0.975,0.3375,3.813520994976221
100,-0.975,0.375,1000.0
100,-0.975,0.4125,1000.0
100,-0.975,0.45,1000.0
100,-0.975,0.4875,1000.0
100,-0.975,0.525,1000.0
100,-0.975,0.5625,1000.0
100,-0.975,0.6,1000.0
100,-0.975,0.6375,1000.0
100,-0.975,0.675,1000.0
100,-0.975,0.7125,1000.0
100,-0.975,0.75,1000.0
100,-0.975,0.7875,1000.0
100,-0.975,0.825,1000.0
100,-0.975,0.8625,1000.0
100,-0.975,0.9,1000.0
100,-0.975,0.9375,1000.0
100,-0.975,0.975,1000.0
100,-0.975,1.0125,1000.0
100,-0.975,1.05,1000.0
100,-0.975,1.0875,1000.0
100,-0.975,1.125,1000.0
100,-0.975,1.1625,1000.0
100,-0.975,1.2,1000.0
100,-0.975,1.2375,1000.0
100,-0.975,1.275,1000.0
100,-0.975,1.3125,1000.0
100,-0.975,1.35,1000.0
100,-0.975,1.3875,1000.0
100,-0.975,1.425,1000.0
100,-0.975,1.4625,1000.0
100,-0.975,1.5,1000.0
100,-0.9375,-1.5,1.9557314439581162
100,-0.9375,-1.4625,1.95423647130077
100,-0.9375,-1.425,1.9527191850111414
100,-0.9375,-1.3875,1.951179402699879
100,-0.9375,-1.35,1.9496170010702027
100,-0.9375,-1.3125,1.9480319278505056
100,-0.9375,-1.275,1.9464242159833274
100,-0.9375,-1.2375,1.9447940005640423
100,-0.9375,-1.2,1.943141539088302
100,-0.9375,-1.1625,1.9414672356522011
100,-0.9375,-1.125,1.9397716698584422
100,-0.9375,-1.0875,1.9380556313214161
100,-0.9375,-1.05,1.9363201608418497
100,-0.9375,-1.0125,1.9345665995464887
100,-0.9375,-0.975,1.9327966475717533
100,-0.9375,-0.9375,1.9310124342275512
100,-0.9375,-0.9,1.9292166020277528
100,-0.9375,-0.8625,1.9274124075435164
100,-0.9375,-0.825,1.9256038427590618
100,-0.9375,-0.7875,1.9237957815339928
100,-0.9375,-0.75,1.921994156965226
100,-0.9375,-0.7125,1.9202061769833387
100,-0.9375,-0.675,1.918440587533786
100,-0.9375,-0.6375,1.9167079953547703
100,-0.9375,-0.6,1.9150212659122852
100,-0.9375,-0.5625,1.913396016838776
100,-0.9375,-0.525,1.911851233752547
100,-0.9375,-0.4875,1.910410044362146
100,-0.9375,-0.45,1.9091006994093276
100,-0.9375,-0.4125,1.9079578269917126
100,-0.9375,-0.375,1.9070240527883275
100,-0.9375,-0.3375,1.9063521168751465
100,-0.9375,-0.3,1.9060076748893338
100,-0.9375,-0.2625,1.906073058310887
100,-0.9375,-0.225,1.9066524040913606
100,-0.9375,-0.1875,1.907878779665518
100,-0.9375,-0.15,1.9099242821740847
100,-0.9375,-0.1125,1.9130146847674099
100,-0.9375,-0.075,1.9174512385038203
100,-0.9375,-0.0375,1.9236441210491204
100,-0.9375,0.0,1.9321656259556514
100,-0.9375,0.0375,1.9438385294677458
100,-0.9375,0.075,1.9598912435909188
100,-0.9375,0.1125,1.98225047713865
100,-0.9375,0.15,2.0141481051586414
100,-0.9375,0.1875,2.0615502916109807
100,-0.9375,0.225,2.1371773296311445
100,-0.9375,0.2625,2.275360488788105
100,-0.9375,0.3,2.6240963172774454
100,-0.9375,0.3375,1000.0
100,-0.9375,0.375,1000.0
100,-0.9375,0.4125,1000.0
100,-0.9375,0.45,1000.0
100,-0.9375,0.4875,1000.0
100,-0.9375,0.525,1000.0
100,-0.9375,0.5625,1000.0
100,-0.9375,0.6,1000.0
100,-0.9375,0.6375,1000.0
100,-0.9375,0.675,1000.0
100,-0.9375,0.7125,1000.0
100,-0.9375,0.75,1000.0
100,-0.9375,0.7875,1000.0
100,-0.9375,0.825,1000.0
100,-0.9375,0.8625,1000.0
100,-0.9375,0.9,1000.0
100,-0.9375,0.9375,1000.0
100,-0.9375,0.975,1000.0
100,-0.9375,1.0125,1000.0
100,-0.9375,1.05,1000.0
100,-0.9375,1.0875,1000.0
100,-0.9375,1.125,1000.0
100,-0.9375,1.1625,1000.0
100,-0.9375,1.2,1000.0
100,-0.9375,1.2375,1000.0
100,-0.9375,1.275,1000.0
100,-0.9375,1.3125,1000.0
100,-0.9375,1.35,1000.0
100,-0.9375,1.3875,1000.0
100,-0.9375,1.425,1000.0
100,-0.9375,1.4625,1000.0
100,-0.9375,1.5,1000.0
100,-0.9,-1.5,1.948533005164596
100,-0.9,-1.4625,1.9469721147716679
100,-0.9,-1.425,1.945387188398734
100,-0.9,-1.3875,1.943778048307785
100,-0.9,-1.35,1.9421445909073096
100,-0.9,-1.3125,1.9404868022169597
100,-0.9,-1.275,1.9388047763364147
100,-0.9,-1.2375,1.9370987375666522
100,-0.9,-1.2,1.9353690669311368
100,-0.9,-1.1625,1.9336163339714252
100,-0.9,-1.125,1.931841334853157
100,-0.9,-1.0875,1.9300451380236932
100,-0.9,-1.05,1.928229138922318
100,-0.9,-1.0125,1.9263951255720448
100,-0.9,-0.975,1.924545357295943
100,-0.9,-0.9375,1.9226826593241657
100,-0.9,-0.9,1.920810536720143
100,-0.9,-0.8625,1.9189333118974128
100,-0.9,-0.825,1.917056291076748
100,-0.9,-0.7875,1.915185966421942
100,-0.9,-0.75,1.9133302623956994
100,-0.9,-0.7125,1.9114988372386341
100,-0.9,-0.675,1.9097034535981763
100,-0.9,-0.6375,1.9079584365111701
100,-0.9,-0.6,1.9062812425946845
100,-0.9,-0.5625,1.9046931720418288
100,-0.9,-0.525,1.903220265772225
100,-0.9,-0.4875,1.9018944452388677
100,-0.9,-0.45,1.9007549740736078
100,-0.9,-0.4125,1.8998503522780874
100,-0.9,-0.375,1.8992408002788361
100,-0.9,-0.3375,1.8990015602904022
100,-0.9,-0.3,1.899227349837258
100,-0.9,-0.2625,1.9000384698776873
100,-0.9,-0.225,1.9015893366305374
100,-0.9,-0.1875,1.9040806395249343
100,-0.9,-0.15,1.9077770487847328
100,-0.9,-0.1125,1.9130336305931837
100,-0.9,-0.075,1.9203363168429057
100,-0.9,-0.0375,1.9303658342080114
100,-0.9,0.0,1.9441024253103016
100,-0.9,0.0375,1.9630050473941398
100,-0.9,0.075,1.9893339680482696
100,-0.9,0.1125,2.0267639279392857
100,-0.9,0.15,2.081620535376542
100,-0.9,0.1875,2.165623694399093
100,-0.9,0.225,2.3033785056952905
100,-0.9,0.2625,2.561584506276676
100,-0.9,0.3,3.2526457378597557
100,-0.9,0.3375,1000.0
100,-0.9,0.375,1000.0
100,-0.9,0.4125,1000.0
100,-0.9,0.45,1000.0
100,-0.9,0.4875,1000.0
100,-0.9,0.525,1000.0
100,-0.9,0.5625,1000.0
100,-0.9,0.6,1000.0
100,-0.9,0.6375,1000.0
100,-0.9,0.675,1000.0
100,-0.9,0.7125,1000.0
100,-0.9,0.75,1000.0
100,-0.9,0.7875,1000.0
100,-0.9,0.825,1000.0
100,-0.9,0.8625,1000.0
100,-0.9,0.9,1000.0
100,-0.9,0.9375,1000.0
100,-0.9,0.975,1000.0
100,-0.9,1.0125,1000.0
100,-0.9,1.05,1000.0
100,-0.9,1.0875,1000.0
100,-0.9,1.125,1000.0
100,-0.9,1.1625,1000.0
100,-0.9,1.2,1000.0
100,-0.9,1.2375,1000.0
100,-0.9,1.275,1000.0
100,-0.9,1.3125,1000.0
100,-0.9,1.35,1000.0
100,-0.9,1.3875,1000.0
100,-0.9,1.425,1000.0
100,-0.9,1.4625,1000.0
100,-0.9,1.5,1000.0
100,-0.8625,-1.5,1.9414366841691832
100,-0.8625,-1.4625,1.9398089027546128
100,-0.8625,-1.425,1.9381551646181432
100,-0.8625,-1.3875,1.936475284586531
100,-0.8625,-1.35,1.9347691674303378
100,-0.8625,-1.3125,1.933036827339393
100,-0.8625,-1.275,1.9312784112851997
100,-0.8625,-1.2375,1.9294942271066928
100,-0.8625,-1.2,1.9276847772964862
100,-0.8625,-1.1625,1.9258507996430203
100,-0.8625,-1.125,1.9239933161094889
100,-0.8625,-1.0875,1.9221136916152417
100,-0.8625,-1.05,1.9202137047442576
100,-0.8625,-1.0125,1.9182956328575065
100,-0.8625,-0.975,1.9163623546561086
100,-0.8625,-0.9375,1.91441747396206
100,-0.8625,-0.9,1.9124654693959713
100,-0.8625,-0.8625,1.910511875793687
100,-0.8625,-0.825,1.9085635046939555
100,-0.8625,-0.7875,1.9066287131542226
100,-0.8625,-0.75,1.904717732660335
100,-0.8625,-0.7125,1.9028430731986299
100,-0.8625,-0.675,1.9010200219575752
100,-0.8625,-0.6375,1.8992672620602367
100,-0.8625,-0.6,1.897607644850584
100,-0.8625,-0.5625,1.8960691605486824
100,-0.8625,-0.525,1.8946861680611746
100,-0.8625,-0.4875,1.8935009677405354
100,-0.8625,-0.45,1.8925658346729441
100,-0.8625,-0.4125,1.8919456806906232
100,-0.8625,-0.375,1.8917215906920404
100,-0.8625,-0.3375,1.8919955996429292
100,-0.8625,-0.3,1.8928972691947972
100,-0.8625,-0.2625,1.8945929368150356
100,-0.8625,-0.225,1.8972990354074142
100,-0.8625,-0.1875,1.9013017874793825
100,-0.8625,-0.15,1.9069872050149
100,-0.8625,-0.1125,1.9148883895349118
100,-0.8625,-0.075,1.925763134818057
100,-0.8625,-0.0375,1.9407265839682244
100,-0.8625,0.0,1.9614839647222237
100,-0.8625,0.0375,1.9907296803280168
100,-0.8625,0.075,2.0327611141103747
100,-0.8625,0.1125,2.0942825487583874
100,-0.8625,0.15,2.185620032928219
100,-0.8625,0.1875,2.324124954105329
100,-0.8625,0.225,2.546118507146837
100,-0.8625,0.2625,2.956023453877803
100,-0.8625,0.3,4.077840116708254
100,-0.8625,0.3375,1000.0
100,-0.8625,0.375,1000.0
100,-0.8625,0.4125,1000.0
100,-0.8625,0.45,1000.0
100,-0.8625,0.4875,1000.0
100,-0.8625,0.525,1000.0
100,-0.8625,0.5625,1000.0
100,-0.8625,0.6,1000.0
100,-0.8625,0.6375,1000.0
100,-0.8625,0.675,1000.0
100,-0.8625,0.7125,1000.0
100,-0.8625,0.75,1000.0
100,-0.8625,0.7875,1000.0
100,-0.8625,0.825,1000.0
100,-0.8625,0.8625,1000.0
100,-0.8625,0.9,1000.0
100,-0.8625,0.9375,1000.0
100,-0.8625,0.975,1000.0
100,-0.8625,1.0125,1000.0
100,-0.8625,1.05,1000.0
100,-0.8625,1.0875,1000.0
100,-0.8625,1.125,1000.0
100,-0.8625,1.1625,1000.0
100,-0.8625,1.2,1000.0
100,-0.8625,1.2375,1000.0
100,-0.8625,1.275,1000.0
100,-0.8625,1.3125,1000.0
100,-0.8625,1.35,1000.0
100,-0.8625,1.3875,1000.0
100,-0.8625,1.425,1000.0
100,-0.8625,1.4625,1000.0
100,-0.8625,1.5,1000.0
100,-0.825,-1.5,1.9344731998435776
100,-0.825,-1.4625,1.9327780690896994
100,-0.825,-1.425,1.931054834217565
100,-0.825,-1.3875,1.9293032828909062
100,-0.825,-1.35,1.9275233080202916
100,-0.825,-1.3125,1.9257149315294448
100,-0.825,-1.275,1.9238783329864957
100,-0.825,-1.2375,1.92201388414645
100,-0.825,-1.2,1.920122190636488
100,-0.825,-1.1625,1.9182041422482883
100,-0.825,-1.125,1.916260973592973
100,-0.825,-1.0875,1.9142943372387675
100,-0.825,-1.05,1.912306391906511
100,-0.825,-1.0125,1.910299908865582
100,-0.825,-0.975,1.9082784003804683
100,-0.825,-0.9375,1.9062462749412403
100,-0.825,-0.9,1.9042090251161041
100,-0.825,-0.8625,1.9021734552510654
100,-0.825,-0.825,1.9001479579915403
100,-0.825,-0.7875,1.898142850822418
100,-0.825,-0.75,1.8961707866676745
100,-0.825,-0.7125,1.8942472562714485
100,-0.825,-0.675,1.892391204909789
100,-0.825,-0.6375,1.8906257924202625
100,-0.825,-0.6,1.8889793343027192
100,-0.825,-0.5625,1.887486473882657
100,-0.825,-0.525,1.8861896531199913
100,-0.825,-0.4875,1.8851409757766378
100,-0.825,-0.45,1.8844045968777547
100,-0.825,-0.4125,1.8840598366716528
100,-0.825,-0.375,1.8842053240664596
100,-0.825,-0.3375,1.8849646594068643
100,-0.825,-0.3,1.8864944218110409
100,-0.825,-0.2625,1.8889959884953897
100,-0.825,-0.225,1.8927339408364146
100,-0.825,-0.1875,1.8980666459285827
100,-0.825,-0.15,1.9055007791240772
100,-0.825,-0.1125,1.915794113434445
100,-0.825,-0.075,1.9301492085114933
100,-0.825,-0.0375,1.950537568747346
100,-0.825,0.0,1.9800903011614366
100,-0.825,0.0375,2.023321477446341
100,-0.825,0.075,2.086220242295886
100,-0.825,0.1125,2.1769824257203907
100,-0.825,0.15,2.308186286909251
100,-0.825,0.1875,2.502250833162621
100,-0.825,0.225,2.8084760538598923
100,-0.825,0.2625,3.372557968678492
100,-0.825,0.3,4.944650351154472
100,-0.825,0.3375,1000.0
100,-0.825,0.375,1000.0
100,-0.825,0.4125,1000.0
100,-0.825,0.45,1000.0
100,-0.825,0.4875,1000.0
100,-0.825,0.525,1000.0
100,-0.825,0.5625,1000.0
100,-0.825,0.6,1000.0
100,-0.825,0.6375,1000.0
100,-0.825,0.675,1000.0
100,-0.825,0.7125,1000.0
100,-0.825,0.75,1000.0
100,-0.825,0.7875,1000.0
100,-0.825,0.825,1000.0
100,-0.825,0.8625,1000.0
100,-0.825,0.9,1000.0
100,-0.825,0.9375,1000.0
100,-0.825,0.975,1000.0
100,-0.825,1.0125,1000.0
100,-0.825,1.05,1000.0
100,-0.825,1.0875,1000.0
100,-0.825,1.125,1000.0
100,-0.825,1.1625,1000.0
100,-0.825,1.2,1000.0
100,-0.825,1.2375,1000.0
100,-0.825,1.275,1000.0
100,-0.825,1.3125,1000.0
100,-0.825,1.35,1000.0
100,-0.825,1.3875,1000.0
100,-0.825,1.425,1000.0
100,-0.825,1.4625,1000.0
100,-0.825,1.5,1000.0
100,-0.7875,-1.5,1.927676017770159
100,-0.7875,-1.4625,1.925913765570705
100,-0.7875,-1.425,1.9241210114123495
100,-0.7875,-1.3875,1.9222974869111518
100,-0.7875,-1.35,1.9204430419538778
100,-0.7875,-1.3125,1.9185576726813696
100,-0.7875,-1.275,1.9166415553227298
100,-0.7875,-1.2375,1.9146950871296682
100,-0.7875,-1.2,1.9127189358819499
100,-0.7875,-1.1625,1.9107140997078347
100,-0.7875,-1.125,1.9086819792984315
100,-0.7875,-1.0875,1.9066244650032254
100,-0.7875,-1.05,1.9045440417890376
100,-0.7875,-1.0125,1.9024439156396131
100,-0.7875,-0.975,1.9003281656822975
100,-0.7875,-0.9375,1.8982019271650752
100,-0.7875,-0.9,1.8960716113823464
100,-0.7875,-0.8625,1.8939451697657663
100,-0.7875,-0.825,1.8918324106110884
100,-0.7875,-0.7875,1.8897453782780458
100,-0.7875,-0.75,1.887698806124232
100,-0.7875,-0.7125,1.8857106558209886
100,-0.7875,-0.675,1.88380275690275
100,-0.7875,-0.6375,1.8820015612240697
100,-0.7875,-0.6,1.880339027233646
100,-0.7875,-0.5625,1.8788536485540936
100,-0.7875,-0.525,1.8775916407754254
100,-0.7875,-0.4875,1.8766083018025945
100,-0.7875,-0.45,1.8759695712628197
100,-0.7875,-0.4125,1.8757538521209807
100,-0.7875,-0.375,1.8760542735794552
100,-0.7875,-0.3375,1.8769819065492659
100,-0.7875,-0.3,1.8786713680944076
100,-0.7875,-0.2625,1.881292773272286
100,-0.7875,-0.225,1.8850805253893985
100,-0.7875,-0.1875,1.890404122861095
100,-0.7875,-0.15,1.897928052529541
100,-0.7875,-0.1125,1.9088992406777894
100,-0.7875,-0.075,1.9254672277365943
100,-0.7875,-0.0375,1.9508063592161164
100,-0.7875,0.0,1.989225954983558
100,-0.7875,0.0375,2.046582507877102
100,-0.7875,0.075,2.1303967983544863
100,-0.7875,0.1125,2.2502809812878217
100,-0.7875,0.15,2.420599386245765
100,-0.7875,0.1875,2.6682248588180957
100,-0.7875,0.225,3.0555161471833263
100,-0.7875,0.2625,3.77070512494379
100,-0.7875,0.3,5.793486504083677
100,-0.7875,0.3375,1000.0
100,-0.7875,0.375,1000.0
100,-0.7875,0.4125,1000.0
100,-0.7875,0.45,1000.0
100,-0.7875,0.4875,1000.0
100,-0.7875,0.525,1000.0
100,-0.7875,0.5625,1000.0
100,-0.7875,0.6,1000.0
100,-0.7875,0.6375,1000.0
100,-0.7875,0.675,1000.0
100,-0.7875,0.7125,1000.0
100,-0.7875,0.75,1000.0
100,-0.7875,0.7875,1000.0
100,-0.7875,0.825,1000.0
100,-0.7875,0.8625,1000.0
100,-0.7875,0.9,1000.0
100,-0.7875,0.9375,1000.0
100,-0.7875,0.975,1000.0
100,-0.7875,1.0125,1000.0
100,-0.7875,1.05,1000.0
100,-0.7875,1.0875,1000.0
100,-0.7875,1.125,1000.0
100,-0.7875,1.1625,1000.0
100,-0.7875,1.2,1000.0
100,-0.7875,1.2375,1000.0
100,-0.7875,1.275,1000.0
100,-0.7875,1.3125,1000.0
100,-0.7875,1.35,1000.0
100,-0.7875,1.3875,1000.0
100,-0.7875,1.425,1000.0
100,-0.7875,1.4625,1000.0
100,-0.7875,1.5,1000.0
100,-0.75,-1.5,1.9210812674655813
100,-0.75,-1.4625,1.919253015645623
100,-0.75,-1.425,1.917391600259334
100,-0.75,-1.3875,1.915496657995915
100,-0.75,-1.35,1.9135679522646059
100,-0.75,-1.3125,1.9116054047968063
100,-0.75,-1.275,1.9096091339471235
100,-0.75,-1.2375,1.9075795010871606
100,-0.75,-1.2,1.9055171667134314
100,-0.75,-1.1625,1.9034231581580452
100,-0.75,-1.125,1.9012989510987126
100,-0.75,-1.0875,1.899146567409415
100,-0.75,-1.05,1.896968692263663
100,-0.75,-1.0125,1.8947688137735876
100,-0.75,-0.975,1.89255138877495
100,-0.75,-0.9375,1.8903220385699238
100,-0.75,-0.9,1.888087778381002
100,-0.75,-0.8625,1.8858572837286305
100,-0.75,-0.825,1.8836411955637895
100,-0.75,-0.7875,1.881452463195139
100,-0.75,-0.75,1.8793067189566859
100,-0.75,-0.7125,1.8772226697871897
100,-0.75,-0.675,1.8752224763471146
100,-0.75,-0.6375,1.8733320668928746
100,-0.75,-0.6,1.8715812964874163
100,-0.75,-0.5625,1.870003806548182
100,-0.75,-0.525,1.8686363591924742
100,-0.75,-0.4875,1.8675173135298717
100,-0.75,-0.45,1.8666837951807864
100,-0.75,-0.4125,1.8661670748672412
100,-0.75,-0.375,1.8659860332040719
100,-0.75,-0.3375,1.8661403415490625
100,-0.75,-0.3,1.8666109048104993
100,-0.75,-0.2625,1.8673912306544571
100,-0.75,-0.225,1.8686049045380055
100,-0.75,-0.1875,1.8707834998707675
100,-0.75,-0.15,1.8752845603188324
100,-0.75,-0.1125,1.8847371331763956
100,-0.75,-0.075,1.903618448212915
100,-0.75,-0.0375,1.9373882568623937
100,-0.75,0.0,1.989962314375329
100,-0.75,0.0375,2.06513773602778
100,-0.75,0.075,2.16994978047694
100,-0.75,0.1125,2.3159855616034295
100,-0.75,0.15,2.5207629621423826
100,-0.75,0.1875,2.816096700668047
100,-0.75,0.225,3.277190833979148
100,-0.75,0.2625,4.134724753375878
100,-0.75,0.3,6.596386234227572
100,-0.75,0.3375,1000.0
100,-0.75,0.375,1000.0
100,-0.75,0.4125,1000.0
100,-0.75,0.45,1000.0
100,-0.75,0.4875,1000.0
100,-0.75,0.525,1000.0
100,-0.75,0.5625,1000.0
100,-0.75,0.6,1000.0
100,-0.75,0.6375,1000.0
100,-0.75,0.675,1000.0
100,-0.75,0.7125,1000.0
100,-0.75,0.75,1000.0
100,-0.75,0.7875,1000.0
100,-0.75,0.825,1000.0
100,-0.75,0.8625,1000.0
100,-0.75,0.9,1000.0
100,-0.75,0.9375,1000.0
100,-0.75,0.975,1000.0
100,-0.75,1.0125,1000.0
100,-0.75,1.05,1000.0
100,-0.75,1.0875,1000.0
100,-0.75,1.125,1000.0
100,-0.75,1.1625,1000.0
100,-0.75,1.2,1000.0
100,-0.75,1.2375,1000.0
100,-0.75,1.275,1000.0
100,-0.75,1.3125,1000.0
100,-0.75,1.35,1000.0
100,-0.75,1.3875,1000.0
100,-0.75,1.425,1000.0
100,-0.75,1.4625,1000.0
100,-0.75,1.5,1000.0
100,-0.7125,-1.5,1.9147275266785668
100,-0.7125,-1.4625,1.9128355324440591
100,-0.7125,-1.425,1.9109074539879827
100,-0.7125,-1.3875,1.9089427845683362
100,-0.7125,-1.35,1.9069411454112546
100,-0.7125,-1.3125,1.9049023196637873
100,-0.7125,-1.275,1.9028262935529772
100,-0.7125,-1.2375,1.9007133061540125
100,-0.7125,-1.2,1.8985639093387034
100,-0.7125,-1.1625,1.8963790396386373
100,-0.7125,-1.125,1.8941601038885267
100,-0.7125,-1.0875,1.8919090805681846
100,-0.7125,-1.05,1.8896286386577812
100,-0.7125,-1.0125,1.8873222754311016
100,-0.7125,-0.975,1.8849944737259636
100,-0.7125,-0.9375,1.8826508775120634
100,-0.7125,-0.9,1.880298481486682
100,-0.7125,-0.8625,1.8779458251132861
100,-0.7125,-0.825,1.8756031726279194
100,-0.7125,-0.7875,1.8732826459510201
100,-0.7125,-0.75,1.87099825384138
100,-0.7125,-0.7125,1.868765722876172
100,-0.7125,-0.675,1.8666019760895123
100,-0.7125,-0.6375,1.8645240116661224
100,-0.7125,-0.6,1.8625467904136994
100,-0.7125,-0.5625,1.8606795259821374
100,-0.7125,-0.525,1.8589194684949484
100,-0.7125,-0.4875,1.8572419001230787
100,-0.7125,-0.45,1.8555848012325105
100,-0.7125,-0.4125,1.853827262188601
100,-0.7125,-0.375,1.851764870521142
100,-0.7125,-0.3375,1.849101016551956
100,-0.7125,-0.3,1.8455195876935682
100,-0.7125,-0.2625,1.8410101810400836
100,-0.7125,-0.225,1.8368027175500325
100,-0.7125,-0.1875,1.837634674266013
100,-0.7125,-0.15,1.8533466553196014
100,-0.7125,-0.1125,1.8887354022342218
100,-0.7125,-0.075,1.9367122559077536
100,-0.7125,-0.0375,1.990709865955707
100,-0.7125,0.0,2.0528039689922957
100,-0.7125,0.0375,2.131604639387963
100,-0.7125,0.075,2.2393093682067913
100,-0.7125,0.1125,2.392080098040909
100,-0.7125,0.15,2.6141984279411257
100,-0.7125,0.1875,2.944627978812419
100,-0.7125,0.225,3.469030936181423
100,-0.7125,0.2625,4.4565983443182
100,-0.7125,0.3,7.334675856266352
100,-0.7125,0.3375,1000.0
100,-0.7125,0.375,1000.0
100,-0.7125,0.4125,1000.0
100,-0.7125,0.45,1000.0
100,-0.7125,0.4875,1000.0
100,-0.7125,0.525,1000.0
100,-0.7125,0.5625,1000.0
100,-0.7125,0.6,1000.0
100,-0.7125,0.6375,1000.0
100,-0.7125,0.675,1000.0
100,-0.7125,0.7125,1000.0
100,-0.7125,0.75,1000.0
100,-0.7125,0.7875,1000.0
100,-0.7125,0.825,1000.0
100,-0.7125,0.8625,1000.0
100,-0.7125,0.9,1000.0
100,-0.7125,0.9375,1000.0
100,-0.7125,0.975,1000.0
100,-0.7125,1.0125,1000.0
100,-0.7125,1.05,1000.0
100,-0.7125,1.0875,1000.0
100,-0.7125,1.125,1000.0
100,-0.7125,1.1625,1000.0
100,-0.7125,1.2,1000.0
100,-0.7125,1.2375,1000.0
100,-0.7125,1.275,1000.0
100,-0.7125,1.3125,1000.0
100,-0.7125,1.35,1000.0
100,-0.7125,1.3875,1000.0
100,-0.7125,1.425,1000.0
100,-0.7125,1.4625,1000.0
100,-0.7125,1.5,1000.0
100,-0.675,-1.5,1.9086554412966636
100,-0.675,-1.4625,1.9067033633886628
100,-0.675,-1.425,1.9047120527320136
100,-0.675,-1.3875,1.9026808031021507
100,-0.675,-1.35,1.9006090276798393
100,-0.675,-1.3125,1.89849629335372
100,-0.675,-1.275,1.8963423621587672
100,-0.675,-1.2375,1.8941472410312303
100,-0.675,-1.2,1.8919112410588048
100,-0.675,-1.1625,1.8896350472942953
100,-0.675,-1.125,1.8873197998955946
100,-0.675,-1.0875,1.8849671867148585
100,-0.675,-1.05,1.8825795462599682
100,-0.675,-1.0125,1.8801599778311795
100,-0.675,-0.975,1.8777124520194246
100,-0.675,-0.9375,1.8752419087237306
100,-0.675,-0.9,1.8727543199454593
100,-0.675,-0.8625,1.8702566785298498
100,-0.675,-0.825,1.8677568480747593
100,-0.675,-0.7875,1.8652631675945825
100,-0.675,-0.75,1.8627836380532878
100,-0.675,-0.7125,1.8603244122777363
100,-0.675,-0.675,1.8578871431789639
100,-0.675,-0.6375,1.8554644855755573
100,-0.675,-0.6,1.8530326517687072
100,-0.675,-0.5625,1.8505393511413637
100,-0.675,-0.525,1.8478847351896976
100,-0.675,-0.4875,1.8448925314995908
100,-0.675,-0.45,1.8412703338597738
100,-0.675,-0.4125,1.8365699065574197
100,-0.675,-0.375,1.830210248486452
100,-0.675,-0.3375,1.8218273693793288
100,-0.675,-0.3,1.8129576317133025
100,-0.675,-0.2625,1.812947679871372
100,-0.675,-0.225,1.8431358140425056
100,-0.675,-0.1875,1.9093665630810095
100,-0.675,-0.15,1.9847246057900796
100,-0.675,-0.1125,2.046089298624079
100,-0.675,-0.075,2.091211796372455
100,-0.675,-0.0375,2.130042229914954
100,-0.675,0.0,2.176624296553665
100,-0.675,0.0375,2.243680927341259
100,-0.675,0.075,2.3431565657896614
100,-0.675,0.1125,2.491051368480528
100,-0.675,0.15,2.7131501738587884
100,-0.675,0.1875,3.0583707104830262
100,-0.675,0.225,3.6298528831682377
100,-0.675,0.2625,4.731112318712069
100,-0.675,0.3,7.994269047434836
100,-0.675,0.3375,1000.0
100,-0.675,0.375,1000.0
100,-0.675,0.4125,1000.0
100,-0.675,0.45,1000.0
100,-0.675,0.4875,1000.0
100,-0.675,0.525,1000.0
100,-0.675,0.5625,1000.0
100,-0.675,0.6,1000.0
100,-0.675,0.6375,1000.0
100,-0.675,0.675,1000.0
100,-0.675,0.7125,1000.0
100,-0.675,0.75,1000.0
100,-0.675,0.7875,1000.0
100,-0.675,0.825,1000.0
100,-0.675,0.8625,1000.0
100,-0.675,0.9,1000.0
100,-0.675,0.9375,1000.0
100,-0.675,0.975,1000.0
100,-0.675,1.0125,1000.0
100,-0.675,1.05,1000.0
100,-0.675,1.0875,1000.0
100,-0.675,1.125,1000.0
100,-0.675,1.1625,1000.0
100,-0.675,1.2,1000.0
100,-0.675,1.2375,1000.0
100,-0.675,1.275,1000.0
100,-0.675,1.3125,1000.0
100,-0.675,1.35,1000.0
100,-0.675,1.3875,1000.0
100,-0.675,1.425,1000.0
100,-0.675,1.4625,1000.0
100,-0.675,1.5,1000.0
100,-0.6375,-1.5,1.9029071574964505
100,-0.6375,-1.4625,1.900900330450041
100,-0.6375,-1.425,1.8988509598156946
100,-0.6375,-1.3875,1.8967580803753277
100,-0.6375,-1.35,1.8946208258429904
100,-0.6375,-1.3125,1.8924384608628477
100,-0.6375,-1.275,1.8902104192736082
100,-0.6375,-1.2375,1.887936349271764
100,-0.6375,-1.2,1.8856161657736876
100,-0.6375,-1.1625,1.8832501096442158
100,-0.6375,-1.125,1.8808388123314825
100,-0.6375,-1.0875,1.8783833625101043
100,-0.6375,-1.05,1.8758853680852907
100,-0.6375,-1.0125,1.873347001546109
100,-0.6375,-0.975,1.8707710078930955
100,-0.6375,-0.9375,1.8681606401489361
100,-0.6375,-0.9,1.8655194644988338
100,-0.6375,-0.8625,1.8628509401226083
100,-0.6375,-0.825,1.8601576193183669
100,-0.6375,-0.7875,1.8574397180694229
100,-0.6375,-0.75,1.8546926543420879
100,-0.6375,-0.7125,1.8519029076855051
100,-0.6375,-0.675,1.8490411689796362
100,-0.6375,-0.6375,1.8460511558074473
100,-0.6375,-0.6,1.8428316068424746
100,-0.6375,-0.5625,1.8392079321008834
100,-0.6375,-0.525,1.834889723124965
100,-0.6375,-0.4875,1.8294157447050685
100,-0.6375,-0.45,1.8221228203248843
100,-0.6375,-0.4125,1.812355024615535
100,-0.6375,-0.375,1.8010378991078133
100,-0.6375,-0.3375,1.7984938060380855
100,-0.6375,-0.3,1.8395024935127133
100,-0.6375,-0.2625,1.947728491491786
100,-0.6375,-0.225,2.0687077358668415
100,-0.6375,-0.1875,2.1582373703240054
100,-0.6375,-0.15,2.218068667826042
100,-0.6375,-0.1125,2.2552548650492352
100,-0.6375,-0.075,2.2758962707360793
100,-0.6375,-0.0375,2.291686063244141
100,-0.6375,0.0,2.320311665257769
100,-0.6375,0.0375,2.376311298365042
100,-0.6375,0.075,2.4692199214017108
100,-0.6375,0.1125,2.6123306963026542
100,-0.6375,0.15,2.831713364516107
100,-0.6375,0.1875,3.1789873421329538
100,-0.6375,0.225,3.7721882521670604
100,-0.6375,0.2625,4.960753718478766
100,-0.6375,0.3,8.565687440766618
100,-0.6375,0.3375,1000.0
100,-0.6375,0.375,1000.0
100,-0.6375,0.4125,1000.0
100,-0.6375,0.45,1000.0
100,-0.6375,0.4875,1000.0
100,-0.6375,0.525,1000.0
100,-0.6375,0.5625,1000.0
100,-0.6375,0.6,1000.0
100,-0.6375,0.6375,1000.0
100,-0.6375,0.675,1000.0
100,-0.6375,0.7125,1000.0
100,-0.6375,0.75,1000.0
100,-0.6375,0.7875,1000.0
100,-0.6375,0.825,1000.0
100,-0.6375,0.8625,1000.0
100,-0.6375,0.9,1000.0
100,-0.6375,0.9375,1000.0
100,-0.6375,0.975,1000.0
100,-0.6375,1.0125,1000.0
100,-0.6375,1.05,1000.0
100,-0.6375,1.0875,1000.0
100,-0.6375,1.125,1000.0
100,-0.6375,1.1625,1000.0
100,-0.6375,1.2,1000.0
100,-0.6375,1.2375,1000.0
100,-0.6375,1.275,1000.0
100,-0.6375,1.3125,1000.0
100,-0.6375,1.35,1000.0
100,-0.6375,1.3875,1000.0
100,-0.6375,1.425,1000.0
100,-0.6375,1.4625,1000.0
100,-0.6375,1.5,1000.0
100,-0.6,-1.5,1.897525559243117
100,-0.6,-1.4625,1.8954712516431906
100,-0.6,-1.425,1.8933710329022406
100,-0.6,-1.3875,1.8912236218484877
100,-0.6,-1.35,1.8890278028156444
100,-0.6,-1.3125,1.886782452286178
100,-0.6,-1.275,1.8844865699974926
100,-0.6,-1.2375,1.8821393142085814
100,-0.6,-1.2,1.8797400399642186
100,-0.6,-1.1625,1.8772883377300162
100,-0.6,-1.125,1.8747840673296758
100,-0.6,-1.0875,1.8722273780951988
100,-0.6,-1.05,1.8696186995771407
100,-0.6,-1.0125,1.8669586765031232
100,-0.6,-0.975,1.8642480044177985
100,-0.6,-0.9375,1.8614870945430178
100,-0.6,-0.9,1.8586754513172354
100,-0.6,-0.8625,1.8558105731982983
100,-0.6,-0.825,1.8528860694666411
100,-0.6,-0.7875,1.849888495290849
100,-0.6,-0.75,1.846792100355284
100,-0.6,-0.7125,1.8435501960480996
100,-0.6,-0.675,1.8400810818071593
100,-0.6,-0.6375,1.836245359185122
100,-0.6,-0.6,1.831810203170236
100,-0.6,-0.5625,1.8263965550646906
100,-0.6,-0.525,1.8194175224572269
100,-0.6,-0.4875,1.8100974991754855
100,-0.6,-0.45,1.7981480341703082
100,-0.6,-0.4125,1.7885366550379804
100,-0.6,-0.375,1.8123347816597664
100,-0.6,-0.3375,1.9330788240885486
100,-0.6,-0.3,2.0852990701213647
100,-0.6,-0.2625,2.187762786873758
100,-0.6,-0.225,2.2727168087637257
100,-0.6,-0.1875,2.3409047931566604
100,-0.6,-0.15,2.3931951785692402
100,-0.6,-0.1125,2.42977548639081
100,-0.6,-0.075,2.4498942042475367
100,-0.6,-0.0375,2.459287949855921
100,-0.6,0.0,2.4764630053120165
100,-0.6,0.0375,2.5238807564987726
100,-0.6,0.075,2.6135728045563096
100,-0.6,0.1125,2.756959811635417
100,-0.6,0.15,2.9780399415747216
100,-0.6,0.1875,3.330611094378019
100,-0.6,0.225,3.9410396291836767
100,-0.6,0.2625,5.1854871473280175
100,-0.6,0.3,9.07721900316596
100,-0.6,0.3375,1000.0
100,-0.6,0.375,1000.0
100,-0.6,0.4125,1000.0
100,-0.6,0.45,1000.0
100,-0.6,0.4875,1000.0
100,-0.6,0.525,1000.0
100,-0.6,0.5625,1000.0
100,-0.6,0.6,1000.0
100,-0.6,0.6375,1000.0
100,-0.6,0.675,1000.0
100,-0.6,0.7125,1000.0
100,-0.6,0.75,1000.0
100,-0.6,0.7875,1000.0
100,-0.6,0.825,1000.0
100,-0.6,0.8625,1000.0
100,-0.6,0.9,1000.0
100,-0.6,0.9375,1000.0
100,-0.6,0.975,1000.0
100,-0.6,1.0125,1000.0
100,-0.6,1.05,1000.0
100,-0.6,1.0875,1000.0
100,-0.6,1.125,1000.0
100,-0.6,1.1625,1000.0
100,-0.6,1.2,1000.0
100,-0.6,1.2375,1000.0
100,-0.6,1.275,1000.0
100,-0.6,1.3125,1000.0
100,-0.6,1.35,1000.0
100,-0.6,1.3875,1000.0
100,-0.6,1.425,1000.0
100,-0.6,1.4625,1000.0
100,-0.6,1.5,1000.0
100,-0.5625,-1.5,1.8925533289510166
100,-0.5625,-1.4625,1.8904609561421186
100,-0.5625,-1.425,1.8883193951010517
100,-0.5625,-1.3875,1.8861270016401543
100,-0.5625,-1.35,1.883882151159667
100,-0.5625,-1.3125,1.8815832569090376
100,-0.5625,-1.275,1.8792287899969644
100,-0.5625,-1.2375,1.876817299536298
100,-0.5625,-1.2,1.874347429722144
100,-0.5625,-1.1625,1.8718179280250815
100,-0.5625,-1.125,1.869227634404424
100,-0.5625,-1.0875,1.8665754344880325
100,-0.5625,-1.05,1.8638601483732347
100,-0.5625,-1.0125,1.8610803083949596
100,-0.5625,-0.975,1.8582337495098975
100,-0.5625,-0.9375,1.8553168877123454
100,-0.5625,-0.9,1.852323483421057
100,-0.5625,-0.8625,1.849242558873268
100,-0.5625,-0.825,1.8460549299259499
100,-0.5625,-0.7875,1.842727472889762
100,-0.5625,-0.75,1.8392036979932587
100,-0.5625,-0.7125,1.835388335021248
100,-0.5625,-0.675,1.8311223672766075
100,-0.5625,-0.6375,1.8261435535370398
100,-0.5625,-0.6,1.8200284748813067
100,-0.5625,-0.5625,1.81213092375713
100,-0.5625,-0.525,1.8016623343256386
100,-0.5625,-0.4875,1.7889349541447563
100,-0.5625,-0.45,1.7844116318563121
100,-0.5625,-0.4125,1.8457908344956613
100,-0.5625,-0.375,1.9974649362165695
100,-0.5625,-0.3375,2.0112340503441968
100,-0.5625,-0.3,2.1238216992143624
100,-0.5625,-0.2625,2.2589231541099895
100,-0.5625,-0.225,2.3682756060857684
100,-0.5625,-0.1875,2.45198527918593
100,-0.5625,-0.15,2.5204774995703723
100,-0.5625,-0.1125,2.575704189581796
100,-0.5625,-0.075,2.6145872539752086
100,-0.5625,-0.0375,2.636970164046508
100,-0.5625,0.0,2.6546924817042794
100,-0.5625,0.0375,2.6935967748854464
100,-0.5625,0.075,2.7798459316876394
100,-0.5625,0.1125,2.9266492562911495
100,-0.5625,0.15,3.157553071503927
100,-0.5625,0.1875,3.5258707697339045
100,-0.5625,0.225,4.165694555458332
100,-0.5625,0.2625,5.491534863949979
100,-0.5625,0.3,9.701766024206734
100,-0.5625,0.3375,1000.0
100,-0.5625,0.375,1000.0
100,-0.5625,0.4125,1000.0
100,-0.5625,0.45,1000.0
100,-0.5625,0.4875,1000.0
100,-0.5625,0.525,1000.0
100,-0.5625,0.5625,1000.0
100,-0.5625,0.6,1000.0
100,-0.5625,0.6375,1000.0
100,-0.5625,0.675,1000.0
100,-0.5625,0.7125,1000.0
100,-0.5625,0.75,1000.0
100,-0.5625,0.7875,1000.0
100,-0.5625,0.825,1000.0
100,-0.5625,0.8625,1000.0
100,-0.5625,0.9,1000.0
100,-0.5625,0.9375,1000.0
100,-0.5625,0.975,1000.0
100,-0.5625,1.0125,1000.0
100,-0.5625,1.05,1000.0
100,-0.5625,1.0875,1000.0
100,-0.5625,1.125,1000.0
100,-0.5625,1.1625,1000.0
100,-0.5625,1.2,1000.0
100,-0.5625,1.2375,1000.0
100,-0.5625,1.275,1000.0
100,-0.5625,1.3125,1000.0
100,-0.5625,1.35,1000.0
100,-0.5625,1.3875,1000.0
100,-0.5625,1.425,1000.0
100,-0.5625,1.4625,1000.0
100,-0.5625,1.5,1000.0
100,-0.525,-1.5,1.8880318791193254
100,-0.525,-1.4625,1.8859131395974715
100,-0.525,-1.425,1.8837422100492334
100,-0.525,-1.3875,1.8815170537472827
100,-0.525,-1.35,1.879235597302923
100,-0.525,-1.3125,1.8768957380370355
100,-0.525,-1.275,1.874495349696938
100,-0.525,-1.2375,1.8720322833256386
100,-0.525,-1.2,1.8695043576260952
100,-0.525,-1.1625,1.8669093291459535
100,-0.525,-1.125,1.8642448260757687
100,-0.525,-1.0875,1.8615082188387126
100,-0.525,-1.05,1.8586963833903438
100,-0.525,-1.0125,1.8558052850369409
100,-0.525,-0.975,1.8528292646855706
100,-0.525,-0.9375,1.8497598342885233
100,-0.525,-0.9,1.846583664836283
100,-0.525,-0.8625,1.8432792471710826
100,-0.525,-0.825,1.8398113717479265
100,-0.525,-0.7875,1.8361220268662848
100,-0.525,-0.75,1.8321154390275876
100,-0.525,-0.7125,1.8276336642885838
100,-0.525,-0.675,1.8224176045369234
100,-0.525,-0.6375,1.8160489783443312
100,-0.525,-0.6,1.8078872413489684
100,-0.525,-0.5625,1.7971531663503724
100,-0.525,-0.525,1.784302816048573
100,-0.525,-0.4875,1.7819098220109486
100,-0.525,-0.45,1.8648917686895867
100,-0.525,-0.4125,1.7672049197149131
100,-0.525,-0.375,1.7085806349570325
100,-0.525,-0.3375,1.9100214417405112
100,-0.525,-0.3,2.1106973707613284
100,-0.525,-0.2625,2.2815806416465314
100,-0.525,-0.225,2.4206487729280832
100,-0.525,-0.1875,2.5286974048950577
100,-0.525,-0.15,2.619992415784291
100,-0.525,-0.1125,2.7011722328331165
100,-0.525,-0.075,2.770092162928718
100,-0.525,-0.0375,2.822060283304695
100,-0.525,0.0,2.8602102346180014
100,-0.525,0.0375,2.9016586719749555
100,-0.525,0.075,2.978669125803029
100,-0.525,0.1125,3.12673890521759
100,-0.525,0.15,3.3706026854848083
100,-0.525,0.1875,3.7664471991178683
100,-0.525,0.225,4.456508904431603
100,-0.525,0.2625,5.890586947825733
100,-0.525,0.3,10.528592517707505
100,-0.525,0.3375,1000.0
100,-0.525,0.375,1000.0
100,-0.525,0.4125,1000.0
100,-0.525,0.45,1000.0
100,-0.525,0.4875,1000.0
100,-0.525,0.525,1000.0
100,-0.525,0.5625,1000.0
100,-0.525,0.6,1000.0
100,-0.525,0.6375,1000.0
100,-0.525,0.675,1000.0
100,-0.525,0.7125,1000.0
100,-0.525,0.75,1000.0
100,-0.525,0.7875,1000.0
100,-0.525,0.825,1000.0
100,-0.525,0.8625,1000.0
100,-0.525,0.9,1000.0
100,-0.525,0.9375,1000.0
100,-0.525,0.975,1000.0
100,-0.525,1.0125,1000.0
100,-0.525,1.05,1000.0
100,-0.525,1.0875,1000.0
100,-0.525,1.125,1000.0
100,-0.525,1.1625,1000.0
100,-0.525,1.2,1000.0
100,-0.525,1.2375,1000.0
100,-0.525,1.275,1000.0
100,-0.525,1.3125,1000.0
100,-0.525,1.35,1000.0
100,-0.525,1.3875,1000.0
100,-0.525,1.425,1000.0
100,-0.525,1.4625,1000.0
100,-0.525,1.5,1000.0
100,-0.4875,-1.5,1.8840002322234026
100,-0.4875,-1.4625,1.881869141381162
100,-0.4875,-1.425,1.8796833468391634
100,-0.4875,-1.3875,1.8774404140061138
100,-0.4875,-1.35,1.875137808738358
100,-0.4875,-1.3125,1.8727728922699565
100,-0.4875,-1.275,1.8703429107980138
100,-0.4875,-1.2375,1.8678449748854515
100,-0.4875,-1.2,1.8652760204638372
100,-0.4875,-1.1625,1.8626327377205134
100,-0.4875,-1.125,1.8599114452042633
100,-0.4875,-1.0875,1.8571078718895107
100,-0.4875,-1.05,1.8542167860786627
100,-0.4875,-1.0125,1.8512313708792327
100,-0.4875,-0.975,1.8481421815316996
100,-0.4875,-0.9375,1.8449354132919302
100,-0.4875,-0.9,1.8415900317796028
100,-0.4875,-0.8625,1.8380730239404794
100,-0.4875,-0.825,1.8343315410119176
100,-0.4875,-0.7875,1.8302799097249074
100,-0.4875,-0.75,1.825778248587859
100,-0.4875,-0.7125,1.8205977929501824
100,-0.4875,-0.675,1.8143675162760482
100,-0.4875,-0.6375,1.8065078610412661
100,-0.4875,-0.6,1.7962510584472906
100,-0.4875,-0.5625,1.783550709847265
100,-0.4875,-0.525,1.7772544297969664
100,-0.4875,-0.4875,1.8446611191999498
100,-0.4875,-0.45,1.3389618570140727
100,-0.4875,-0.4125,1.359890247077006
100,-0.4875,-0.375,1.6082048389455008
100,-0.4875,-0.3375,1.8577482969010022
100,-0.4875,-0.3,2.0797603434632066
100,-0.4875,-0.2625,2.2704014967714796
100,-0.4875,-0.225,2.436329538355891
100,-0.4875,-0.1875,2.575865509355856
100,-0.4875,-0.15,2.6943484136793647
100,-0.4875,-0.1125,2.803951110395191
100,-0.4875,-0.075,2.9073358316580458
100,-0.4875,-0.0375,3.0008688159988393
100,-0.4875,0.0,3.079813134691656
100,-0.4875,0.0375,3.1506384948081285
100,-0.4875,0.075,3.234905302143983
100,-0.4875,0.1125,3.372441052506085
100,-0.4875,0.15,3.6229378534218455
100,-0.4875,0.1875,4.048705377645413
100,-0.4875,0.225,4.802057843445719
100,-0.4875,0.2625,6.379232211815453
100,-0.4875,0.3,11.49957259081747
100,-0.4875,0.3375,1000.0
100,-0.4875,0.375,1000.0
100,-0.4875,0.4125,1000.0
100,-0.4875,0.45,1000.0
100,-0.4875,0.4875,1000.0
100,-0.4875,0.525,1000.0
100,-0.4875,0.5625,1000.0
100,-0.4875,0.6,1000.0
100,-0.4875,0.6375,1000.0
100,-0.4875,0.675,1000.0
100,-0.4875,0.7125,1000.0
100,-0.4875,0.75,1000.0
100,-0.4875,0.7875,1000.0
100,-0.4875,0.825,1000.0
100,-0.4875,0.8625,1000.0
100,-0.4875,0.9,1000.0
100,-0.4875,0.9375,1000.0
100,-0.4875,0.975,1000.0
100,-0.4875,1.0125,1000.0
100,-0.4875,1.05,1000.0
100,-0.4875,1.0875,1000.0
100,-0.4875,1.125,1000.0
100,-0.4875,1.1625,1000.0
100,-0.4875,1.2,1000.0
100,-0.4875,1.2375,1000.0
100,-0.4875,1.275,1000.0
100,-0.4875,1.3125,1000.0
100,-0.4875,1.35,1000.0
100,-0.4875,1.3875,1000.0
100,-0.4875,1.425,1000.0
100,-0.4875,1.4625,1000.0
100,-0.4875,1.5,1000.0
100,-0.45,-1.5,1.8804939475718643
100,-0.45,-1.4625,1.8783667526443626
100,-0.45,-1.425,1.876183054861835
100,-0.45,-1.3875,1.8739400451744148
100,-0.45,-1.35,1.871634750167087
100,-0.45,-1.3125,1.869264014204551
100,-0.45,-1.275,1.8668244727440313
100,-0.45,-1.2375,1.8643125105270395
100,-0.45,-1.2,1.8617241941750375
100,-0.45,-1.1625,1.859055161892494
100,-0.45,-1.125,1.8563004418344453
100,-0.45,-1.0875,1.853454152418495
100,-0.45,-1.05,1.8505090077654054
100,-0.45,-1.0125,1.8474555016637555
100,-0.45,-0.975,1.8442805606819817
100,-0.45,-0.9375,1.8409653188026571
100,-0.45,-0.9,1.8374814342244261
100,-0.45,-0.8625,1.8337849803266146
100,-0.45,-0.825,1.8298062954100383
100,-0.45,-0.7875,1.8254331260635481
100,-0.45,-0.75,1.8204828446451462
100,-0.45,-0.7125,1.8146580034584556
100,-0.45,-0.675,1.8074828559103793
100,-0.45,-0.6375,1.7982596282152201
100,-0.45,-0.6,1.7864023852902713
100,-0.45,-0.5625,1.7751414028727779
100,-0.45,-0.525,1.8016662770229233
100,-0.45,-0.4875,1.1619974622837137
100,-0.45,-0.45,1.0712566301795028
100,-0.45,-0.4125,1.2675325321120203
100,-0.45,-0.375,1.5240316160894225
100,-0.45,-0.3375,1.7737565619717717
100,-0.45,-0.3,2.0069964282907438
100,-0.45,-0.2625,2.2172848779441994
100,-0.45,-0.225,2.4075082922277464
100,-0.45,-0.1875,2.581528521726735
100,-0.45,-0.15,2.7362982882222355
100,-0.45,-0.1125,2.8772037349063386
100,-0.45,-0.075,3.014986826888352
100,-0.45,-0.0375,3.152169367939396
100,-0.45,0.0,3.285940411344034
100,-0.45,0.0375,3.4124639976532194
100,-0.45,0.075,3.540912123839342
100,-0.45,0.1125,3.7005443293533666
100,-0.45,0.15,3.9438426728076434
100,-0.45,0.1875,4.380653409454926
100,-0.45,0.225,5.196881668870513
100,-0.45,0.2625,6.926075970959512
100,-0.45,0.3,12.570820704390869
100,-0.45,0.3375,1000.0
100,-0.45,0.375,1000.0
100,-0.45,0.4125,1000.0
100,-0.45,0.45,1000.0
100,-0.45,0.4875,1000.0
100,-0.45,0.525,1000.0
100,-0.45,0.5625,1000.0
100,-0.45,0.6,1000.0
100,-0.45,0.6375,1000.0
100,-0.45,0.675,1000.0
100,-0.45,0.7125,1000.0
100,-0.45,0.75,1000.0
100,-0.45,0.7875,1000.0
100,-0.45,0.825,1000.0
100,-0.45,0.8625,1000.0
100,-0.45,0.9,1000.0
100,-0.45,0.9375,1000.0
100,-0.45,0.975,1000.0
100,-0.45,1.0125,1000.0
100,-0.45,1.05,1000.0
100,-0.45,1.0875,1000.0
100,-0.45,1.125,1000.0
100,-0.45,1.1625,1000.0
100,-0.45,1.2,1000.0
100,-0.45,1.2375,1000.0
100,-0.45,1.275,1000.0
100,-0.45,1.3125,1000.0
100,-0.45,1.35,1000.0
100,-0.45,1.3875,1000.0
100,-0.45,1.425,1000.0
100,-0.45,1.4625,1000.0
100,-0.45,1.5,1000.0
100,-0.4125,-1.5,1.8775442004299412
100,-0.4125,-1.4625,1.8754391747738628
100,-0.4125,-1.425,1.873276784559376
100,-0.4125,-1.3875,1.8710539001096487
100,-0.4125,-1.35,1.8687671657123577
100,-0.4125,-1.3125,1.8664129698266896
100,-0.4125,-1.275,1.863987403624942
100,-0.4125,-1.2375,1.8614862005620958
100,-0.4125,-1.2,1.8589046449322733
100,-0.4125,-1.1625,1.8562374296318371
100,-0.4125,-1.125,1.8534784306404375
100,-0.4125,-1.0875,1.8506203447594485
100,-0.4125,-1.05,1.847654102349018
100,-0.4125,-1.0125,1.8445679087302564
100,-0.4125,-0.975,1.8413456704325666
100,-0.4125,-0.9375,1.8379643979502671
100,-0.4125,-0.9,1.8343898980177902
100,-0.4125,-0.8625,1.8305695966647095
100,-0.4125,-0.825,1.8264205444923902
100,-0.4125,-0.7875,1.8218093863453875
100,-0.4125,-0.75,1.816519317510083
100,-0.4125,-0.7125,1.8101981787560493
100,-0.4125,-0.675,1.8022924332305517
100,-0.4125,-0.6375,1.792068103041436
100,-0.4125,-0.6,1.7795986259126746
100,-0.4125,-0.5625,1.7755558851992173
100,-0.4125,-0.525,1.795217264998635
100,-0.4125,-0.4875,0.9991802027386552
100,-0.4125,-0.45,0.9835641409551846
100,-0.4125,-0.4125,1.1569822943811068
100,-0.4125,-0.375,1.3971985618047995
100,-0.4125,-0.3375,1.6436847373960235
100,-0.4125,-0.3,1.8824838974976912
100,-0.4125,-0.2625,2.1108434557312084
100,-0.4125,-0.225,2.326638641088723
100,-0.4125,-0.1875,2.5306133895929306
100,-0.4125,-0.15,2.7253828061008196
100,-0.4125,-0.1125,2.908400964193944
100,-0.4125,-0.075,3.083178466524595
100,-0.4125,-0.0375,3.2607108586141007
100,-0.4125,0.0,3.4469085016627536
100,-0.4125,0.0375,3.642886205160302
100,-0.4125,0.075,3.847896852820402
100,-0.4125,0.1125,4.075854467037962
100,-0.4125,0.15,4.37251488188903
100,-0.4125,0.1875,4.828118800020866
100,-0.4125,0.225,5.663305403980088
100,-0.4125,0.2625,7.529512821188317
100,-0.4125,0.3,13.691195794419263
100,-0.4125,0.3375,1000.0
100,-0.4125,0.375,1000.0
100,-0.4125,0.4125,1000.0
100,-0.4125,0.45,1000.0
100,-0.4125,0.4875,1000.0
100,-0.4125,0.525,1000.0
100,-0.4125,0.5625,1000.0
100,-0.4125,0.6,1000.0
100,-0.4125,0.6375,1000.0
100,-0.4125,0.675,1000.0
100,-0.4125,0.7125,1000.0
100,-0.4125,0.75,1000.0
100,-0.4125,0.7875,1000.0
100,-0.4125,0.825,1000.0
100,-0.4125,0.8625,1000.0
100,-0.4125,0.9,1000.0
100,-0.4125,0.9375,1000.0
100,-0.4125,0.975,1000.0
100,-0.4125,1.0125,1000.0
100,-0.4125,1.05,1000.0
100,-0.4125,1.0875,1000.0
100,-0.4125,1.125,1000.0
100,-0.4125,1.1625,1000.0
100,-0.4125,1.2,1000.0
100,-0.4125,1.2375,1000.0
100,-0.4125,1.275,1000.0
100,-0.4125,1.3125,1000.0
100,-0.4125,1.35,1000.0
100,-0.4125,1.3875,1000.0
100,-0.4125,1.425,1000.0
100,-0.4125,1.4625,1000.0
100,-0.4125,1.5,1000.0
100,-0.375,-1.5,1.8751771069238308
100,-0.375,-1.4625,1.8731142372523342
100,-0.375,-1.425,1.8709942812476374
100,-0.375,-1.3875,1.8688138716300227
100,-0.375,-1.35,1.866569361306772
100,-0.375,-1.3125,1.8642567834309915
100,-0.375,-1.275,1.8618717979041117
100,-0.375,-1.2375,1.8594096165797271
100,-0.375,-1.2,1.8568648945038975
100,-0.375,-1.1625,1.8542315664522853
100,-0.375,-1.125,1.8515025946998782
100,-0.375,-1.0875,1.8486695718303223
100,-0.375,-1.05,1.8457220853984513
100,-0.375,-1.0125,1.8426466889901787
100,-0.375,-0.975,1.8394252186999884
100,-0.375,-0.9375,1.8360320141317508
100,-0.375,-0.9,1.8324292950249814
100,-0.375,-0.8625,1.8285594177918432
100,-0.375,-0.825,1.8243318474353531
100,-0.375,-0.7875,1.8196012550659162
100,-0.375,-0.75,1.814131268010945
100,-0.375,-0.7125,1.8075382751207463
100,-0.375,-0.675,1.7992279267664644
100,-0.375,-0.6375,1.788495445105475
100,-0.375,-0.6,1.7763156518253123
100,-0.375,-0.5625,1.7830070558806552
100,-0.375,-0.525,1.5465199743708682
100,-0.375,-0.4875,0.9508585508929837
100,-0.375,-0.45,0.8930050368359536
100,-0.375,-0.4125,1.0140697504153444
100,-0.375,-0.375,1.2250760114857293
100,-0.375,-0.3375,1.4642653920297108
100,-0.375,-0.3,1.7042864345383342
100,-0.375,-0.2625,1.943691379082452
100,-0.375,-0.225,2.1813771495002525
100,-0.375,-0.1875,2.415345204636255
100,-0.375,-0.15,2.6437774890963692
100,-0.375,-0.1125,2.8695008177081047
100,-0.375,-0.075,3.093014422168331
100,-0.375,-0.0375,3.315891547630282
100,-0.375,0.0,3.5490857610430604
100,-0.375,0.0375,3.804701956703426
100,-0.375,0.075,4.0933812887960865
100,-0.375,0.1125,4.424932621977149
100,-0.375,0.15,4.8279657395854825
100,-0.375,0.1875,5.389626182746443
100,-0.375,0.225,6.324472118129053
100,-0.375,0.2625,8.283580627832398
100,-0.375,0.3,14.882345078610188
100,-0.375,0.3375,1000.0
100,-0.375,0.375,1000.0
100,-0.375,0.4125,1000.0
100,-0.375,0.45,1000.0
100,-0.375,0.4875,1000.0
100,-0.375,0.525,1000.0
100,-0.375,0.5625,1000.0
100,-0.375,0.6,1000.0
100,-0.375,0.6375,1000.0
100,-0.375,0.675,1000.0
100,-0.375,0.7125,1000.0
100,-0.375,0.75,1000.0
100,-0.375,0.7875,1000.0
100,-0.375,0.825,1000.0
100,-0.375,0.8625,1000.0
100,-0.375,0.9,1000.0
100,-0.375,0.9375,1000.0
100,-0.375,0.975,1000.0
100,-0.375,1.0125,1000.0
100,-0.375,1.05,1000.0
100,-0.375,1.0875,1000.0
100,-0.375,1.125,1000.0
100,-0.375,1.1625,1000.0
100,-0.375,1.2,1000.0
100,-0.375,1.2375,1000.0
100,-0.375,1.275,1000.0
100,-0.375,1.3125,1000.0
100,-0.375,1.35,1000.0
100,-0.375,1.3875,1000.0
100,-0.375,1.425,1000.0
100,-0.375,1.4625,1000.0
100,-0.375,1.5,1000.0
100,-0.3375,-1.5,1.8734133593280178
100,-0.3375,-1.4625,1.8714139529866252
100,-0.3375,-1.425,1.869359046027176
100,-0.3375,-1.3875,1.8672451420577876
100,-0.3375,-1.35,1.8650684229683883
100,-0.3375,-1.3125,1.8628247012041534
100,-0.3375,-1.275,1.8605093575991782
100,-0.3375,-1.2375,1.858117257188283
100,-0.3375,-1.2,1.8556426306835079
100,-0.3375,-1.1625,1.853078901521073
100,-0.3375,-1.125,1.8504184254905915
100,-0.3375,-1.0875,1.8476520884255383
100,-0.3375,-1.05,1.844768671190882
100,-0.3375,-1.0125,1.8417538297147824
100,-0.3375,-0.975,1.83858843267369
100,-0.3375,-0.9375,1.8352458183949083
100,-0.3375,-0.9,1.8316872192079163
100,-0.3375,-0.8625,1.8278540592151509
100,-0.3375,-0.825,1.8236549052581925
100,-0.3375,-0.7875,1.8189433478792805
100,-0.3375,-0.75,1.813481090286375
100,-0.3375,-0.7125,1.806880514375894
100,-0.3375,-0.675,1.7985420688654892
100,-0.3375,-0.6375,1.787788669154688
100,-0.3375,-0.6,1.7760646168922822
100,-0.3375,-0.5625,1.7888922355653327
100,-0.3375,-0.525,1.528558360173706
100,-0.3375,-0.4875,0.9658247667218244
100,-0.3375,-0.45,0.8185706190542881
100,-0.3375,-0.4125,0.8593646579553095
100,-0.3375,-0.375,1.0202670376883138
100,-0.3375,-0.3375,1.238949975628981
100,-0.3375,-0.3,1.475701738012262
100,-0.3375,-0.2625,1.718467917929848
100,-0.3375,-0.225,1.966187297894505
100,-0.3375,-0.1875,2.222726011288892
100,-0.3375,-0.15,2.4833864146558353
100,-0.3375,-0.1125,2.746112824252523
100,-0.3375,-0.075,3.0123882422072445
100,-0.3375,-0.0375,3.2884006240744523
100,-0.3375,0.0,3.577505687511593
100,-0.3375,0.0375,3.890065642036391
100,-0.3375,0.075,4.245467906940566
100,-0.3375,0.1125,4.672168478512436
100,-0.3375,0.15,5.20948639354095
100,-0.3375,0.1875,5.934255070885369
100,-0.3375,0.225,7.066164379639641
100,-0.3375,0.2625,9.319082425169213
100,-0.3375,0.3,16.53780227605765
100,-0.3375,0.3375,1000.0
100,-0.3375,0.375,1000.0
100,-0.3375,0.4125,1000.0
100,-0.3375,0.45,1000.0
100,-0.3375,0.4875,1000.0
100,-0.3375,0.525,1000.0
100,-0.3375,0.5625,1000.0
100,-0.3375,0.6,1000.0
100,-0.3375,0.6375,1000.0
100,-0.3375,0.675,1000.0
100,-0.3375,0.7125,1000.0
100,-0.3375,0.75,1000.0
100,-0.3375,0.7875,1000.0
100,-0.3375,0.825,1000.0
100,-0.3375,0.8625,1000.0
100,-0.3375,0.9,1000.0
100,-0.3375,0.9375,1000.0
100,-0.3375,0.975,1000.0
100,-0.3375,1.0125,1000.0
100,-0.3375,1.05,1000.0
100,-0.3375,1.0875,1000.0
100,-0.3375,1.125,1000.0
100,-0.3375,1.1625,1000.0
100,-0.3375,1.2,1000.0
100,-0.3375,1.2375,1000.0
100,-0.3375,1.275,1000.0
100,-0.3375,1.3125,1000.0
100,-0.3375,1.35,1000.0
100,-0.3375,1.3875,1000.0
100,-0.3375,1.425,1000.0
100,-0.3375,1.4625,1000.0
100,-0.3375,1.5,1000.0
100,-0.3,-1.5,1.8722681960495302
100,-0.3,-1.4625,1.8703544442971658
100,-0.3,-1.425,1.8683882076288678
100,-0.3,-1.3875,1.8663659890203343
100,-0.3,-1.35,1.8642839427087485
100,-0.3,-1.3125,1.862137821268518
100,-0.3,-1.275,1.8599229082374698
100,-0.3,-1.2375,1.8576339293521342
100,-0.3,-1.2,1.8552649312249516
100,-0.3,-1.1625,1.8528091093412118
100,-0.3,-1.125,1.8502585556974906
100,-0.3,-1.0875,1.8476038770240177
100,-0.3,-1.05,1.8448336017338016
100,-0.3,-1.0125,1.841933237717549
100,-0.3,-0.975,1.8388837465447705
100,-0.3,-0.9375,1.8356590318166592
100,-0.3,-0.9,1.8322217458401633
100,-0.3,-0.8625,1.8285162041346656
100,-0.3,-0.825,1.8244563034460488
100,-0.3,-0.7875,1.8199048502136546
100,-0.3,-0.75,1.8146385955354314
100,-0.3,-0.7125,1.8082925080686703
100,-0.3,-0.675,1.800293630416843
100,-0.3,-0.6375,1.7899543247194984
100,-0.3,-0.6,1.7783457449171984
100,-0.3,-0.5625,1.7878015808218937
100,-0.3,-0.525,1.6912263287994231
100,-0.3,-0.4875,1.0732711250899916
100,-0.3,-0.45,0.800035107151166
100,-0.3,-0.4125,0.7384796879962318
100,-0.3,-0.375,0.8112787378930594
100,-0.3,-0.3375,0.9824071298703537
100,-0.3,-0.3,1.202294732305057
100,-0.3,-0.2625,1.4405780240067043
100,-0.3,-0.225,1.692101491542643
100,-0.3,-0.1875,1.9543892395998113
100,-0.3,-0.15,2.2334602856460273
100,-0.3,-0.1125,2.5268542171678834
100,-0.3,-0.075,2.8333676463747923
100,-0.3,-0.0375,3.15277081745797
100,-0.3,0.0,3.494105847001285
100,-0.3,0.0375,3.8692715598270877
100,-0.3,0.075,4.295909283509348
100,-0.3,0.1125,4.802624447331278
100,-0.3,0.15,5.446035770709218
100,-0.3,0.1875,6.337142389162487
100,-0.3,0.225,7.71626866577054
100,-0.3,0.2625,10.349732202506484
100,-0.3,0.3,18.510475719900594
100,-0.3,0.3375,1000.0
100,-0.3,0.375,1000.0
100,-0.3,0.4125,1000.0
100,-0.3,0.45,1000.0
100,-0.3,0.4875,1000.0
100,-0.3,0.525,1000.0
100,-0.3,0.5625,1000.0
100,-0.3,0.6,1000.0
100,-0.3,0.6375,1000.0
100,-0.3,0.675,1000.0
100,-0.3,0.7125,1000.0
100,-0.3,0.75,1000.0
100,-0.3,0.7875,1000.0
100,-0.3,0.825,1000.0
100,-0.3,0.8625,1000.0
100,-0.3,0.9,1000.0
100,-0.3,0.9375,1000.0
100,-0.3,0.975,1000.0
100,-0.3,1.0125,1000.0
100,-0.3,1.05,1000.0
100,-0.3,1.0875,1000.0
100,-0.3,1.125,1000.0
100,-0.3,1.1625,1000.0
100,-0.3,1.2,1000.0
100,-0.3,1.2375,1000.0
100,-0.3,1.275,1000.0
100,-0.3,1.3125,1000.0
100,-0.3,1.35,1000.0
100,-0.3,1.3875,1000.0
100,-0.3,1.425,1000.0
100,-0.3,1.4625,1000.0
100,-0.3,1.5,1000.0
100,-0.2625,-1.5,1.8717516873148812
100,-0.2625,-1.4625,1.8699462236164892
100,-0.2625,-1.425,1.868092793129004
100,-0.2625,-1.3875,1.8661880402281361
100,-0.2625,-1.35,1.8642282504663794
100,-0.2625,-1.3125,1.8622092950367002
100,-0.2625,-1.275,1.8601265614060412
100,-0.2625,-1.2375,1.8579748641064255
100,-0.2625,-1.2,1.855748326141379
100,-0.2625,-1.1625,1.8534402156682237
100,-0.2625,-1.125,1.8510427129829243
100,-0.2625,-1.0875,1.848546566645068
100,-0.2625,-1.05,1.8459405700814975
100,-0.2625,-1.0125,1.8432107427981028
100,-0.2625,-0.975,1.840339018437799
100,-0.2625,-0.9375,1.8373010984601448
100,-0.2625,-0.9,1.834062876749111
100,-0.2625,-0.8625,1.830574390355435
100,-0.2625,-0.825,1.8267594551716142
100,-0.2625,-0.7875,1.8224977740811845
100,-0.2625,-0.75,1.8175941818301342
100,-0.2625,-0.7125,1.8117278403615638
100,-0.2625,-0.675,1.8043828625060438
100,-0.2625,-0.6375,1.7948611860712889
100,-0.2625,-0.6,1.7833896414174395
100,-0.2625,-0.5625,1.7837891334458202
100,-0.2625,-0.525,2.007225034349741
100,-0.2625,-0.4875,1.2912093300226648
100,-0.2625,-0.45,0.8994583780842872
100,-0.2625,-0.4125,0.6999511812463765
100,-0.2625,-0.375,0.6547007117962723
100,-0.2625,-0.3375,0.7319903575235015
100,-0.2625,-0.3,0.9021059794170959
100,-0.2625,-0.2625,1.1213164090818384
100,-0.2625,-0.225,1.364197736409719
100,-0.2625,-0.1875,1.6272157664436635
100,-0.2625,-0.15,1.9106629879553927
100,-0.2625,-0.1125,2.211883762949151
100,-0.2625,-0.075,2.542682947653928
100,-0.2625,-0.0375,2.8996359536816576
100,-0.2625,0.0,3.2868552875786303
100,-0.2625,0.0375,3.7137135739129867
100,-0.2625,0.075,4.202113971416687
100,-0.2625,0.1125,4.787366870728512
100,-0.2625,0.15,5.531506747067446
100,-0.2625,0.1875,6.552264523741693
100,-0.2625,0.225,8.139257348227922
100,-0.2625,0.2625,11.16704366753921
100,-0.2625,0.3,20.305950187292055
100,-0.2625,0.3375,1000.0
100,-0.2625,0.375,1000.0
100,-0.2625,0.4125,1000.0
100,-0.2625,0.45,1000.0
100,-0.2625,0.4875,1000.0
100,-0.2625,0.525,1000.0
100,-0.2625,0.5625,1000.0
100,-0.2625,0.6,1000.0
100,-0.2625,0.6375,1000.0
100,-0.2625,0.675,1000.0
100,-0.2625,0.7125,1000.0
100,-0.2625,0.75,1000.0
100,-0.2625,0.7875,1000.0
100,-0.2625,0.825,1000.0
100,-0.2625,0.8625,1000.0
100,-0.2625,0.9,1000.0
100,-0.2625,0.9375,1000.0
100,-0.2625,0.975,1000.0
100,-0.2625,1.0125,1000.0
100,-0.2625,1.05,1000.0
100,-0.2625,1.0875,1000.0
100,-0.2625,1.125,1000.0
100,-0.2625,1.1625,1000.0
100,-0.2625,1.2,1000.0
100,-0.2625,1.2375,1000.0
100,-0.2625,1.275,1000.0
100,-0.2625,1.3125,1000.0
100,-0.2625,1.35,1000.0
100,-0.2625,1.3875,1000.0
100,-0.2625,1.425,1000.0
100,-0.2625,1.4625,1000.0
100,-0.2625,1.5,1000.0
100,-0.225,-1.5,1.8718692796695864
100,-0.225,-1.4625,1.87019476931254
100,-0.225,-1.425,1.868478335254
100,-0.225,-1.3875,1.8667169121539302
100,-0.225,-1.35,1.8649070838811785
100,-0.225,-1.3125,1.8630450278624664
100,-0.225,-1.275,1.8611264466013102
100,-0.225,-1.2375,1.859146481372204
100,-0.225,-1.2,1.8570996003141607
100,-0.225,-1.1625,1.8549794486095015
100,-0.225,-1.125,1.8527786409190228
100,-0.225,-1.0875,1.8504884636304726
100,-0.225,-1.05,1.848098433031259
100,-0.225,-1.0125,1.84559561860184
100,-0.225,-0.975,1.8429635763182364
100,-0.225,-0.9375,1.8401806235167353
100,-0.225,-0.9,1.8372169850015974
100,-0.225,-0.8625,1.8340299775081386
100,-0.225,-0.825,1.830555746802483
100,-0.225,-0.7875,1.8266949109649289
100,-0.225,-0.75,1.8222875164361465
100,-0.225,-0.7125,1.817070173573178
100,-0.225,-0.675,1.8106097856985295
100,-0.225,-0.6375,1.8022528560937798
100,-0.225,-0.6,1.791553214951733
100,-0.225,-0.5625,1.784057627503886
100,-0.225,-0.525,2.443589040979031
100,-0.225,-0.4875,1.6345609246114436
100,-0.225,-0.45,1.1378038533945758
100,-0.225,-0.4125,0.8078446846632309
100,-0.225,-0.375,0.6186531731196457
100,-0.225,-0.3375,0.5617515254861503
100,-0.225,-0.3,0.6230946252247558
100,-0.225,-0.2625,0.78397274779467
100,-0.225,-0.225,1.0004810812815568
100,-0.225,-0.1875,1.2497773971776875
100,-0.225,-0.15,1.5253075083221652
100,-0.225,-0.1125,1.831511271627222
100,-0.225,-0.075,2.164895148848882
100,-0.225,-0.0375,2.529263484465068
100,-0.225,0.0,2.9434915677768467
100,-0.225,0.0375,3.412139032206448
100,-0.225,0.075,3.9523118340698162
100,-0.225,0.1125,4.600188694605229
100,-0.225,0.15,5.421188189080887
100,-0.225,0.1875,6.551559575271721
100,-0.225,0.225,8.307630820385711
100,-0.225,0.2625,11.637892587172168
100,-0.225,0.3,21.630999793569615
100,-0.225,0.3375,1000.0
100,-0.225,0.375,1000.0
100,-0.225,0.4125,1000.0
100,-0.225,0.45,1000.0
100,-0.225,0.4875,1000.0
100,-0.225,0.525,1000.0
100,-0.225,0.5625,1000.0
100,-0.225,0.6,1000.0
100,-0.225,0.6375,1000.0
100,-0.225,0.675,1000.0
100,-0.225,0.7125,1000.0
100,-0.225,0.75,1000.0
100,-0.225,0.7875,1000.0
100,-0.225,0.825,1000.0
100,-0.225,0.8625,1000.0
100,-0.225,0.9,1000.0
100,-0.225,0.9375,1000.0
100,-0.225,0.975,1000.0
100,-0.225,1.0125,1000.0
100,-0.225,1.05,1000.0
100,-0.225,1.0875,1000.0
100,-0.225,1.125,1000.0
100,-0.225,1.1625,1000.0
100,-0.225,1.2,1000.0
100,-0.225,1.2375,1000.0
100,-0.225,1.275,1000.0
100,-0.225,1.3125,1000.0
100,-0.225,1.35,1000.0
100,-0.225,1.3875,1000.0
100,-0.225,1.425,1000.0
100,-0.225,1.4625,1000.0
100,-0.225,1.5,1000.0
100,-0.1875,-1.5,1.8726225163317363
100,-0.1875,-1.4625,1.8711013063604676
100,-0.1875,-1.425,1.8695457180459174
100,-0.1875,-1.3875,1.8679531256680164
100,-0.1875,-1.35,1.8663205792636872
100,-0.1875,-1.3125,1.8646447512768314
100,-0.1875,-1.275,1.8629218715833784
100,-0.1875,-1.2375,1.861147646852456
100,-0.1875,-1.2,1.8593171581134007
100,-0.1875,-1.1625,1.8574247270289346
100,-0.1875,-1.125,1.8554637358440378
100,-0.1875,-1.0875,1.8534263767479993
100,-0.1875,-1.05,1.8513032907378566
100,-0.1875,-1.0125,1.8490830291543043
100,-0.1875,-0.975,1.846751224110871
100,-0.1875,-0.9375,1.844289271027487
100,-0.1875,-0.9,1.841672177819104
100,-0.1875,-0.8625,1.8388649660067655
100,-0.1875,-0.825,1.8358165173527943
100,-0.1875,-0.7875,1.8324488626165116
100,-0.1875,-0.75,1.8286383127629033
100,-0.1875,-0.7125,1.8241822795664204
100,-0.1875,-0.675,1.8187434212222637
100,-0.1875,-0.6375,1.8117752148063593
100,-0.1875,-0.6,1.8025818979515407
100,-0.1875,-0.5625,1.7921636396887486
100,-0.1875,-0.525,1.7988857423838625
100,-0.1875,-0.4875,2.122838325696566
100,-0.1875,-0.45,1.5064327859990916
100,-0.1875,-0.4125,1.0800622421800976
100,-0.1875,-0.375,0.7643086385202161
100,-0.1875,-0.3375,0.5555333412723262
100,-0.1875,-0.3,0.46706837123965045
100,-0.1875,-0.2625,0.4932909624915495
100,-0.1875,-0.225,0.6349979017752369
100,-0.1875,-0.1875,0.8444803022642945
100,-0.1875,-0.15,1.0999046630284075
100,-0.1875,-0.1125,1.3893635581314303
100,-0.1875,-0.075,1.718081631612406
100,-0.1875,-0.0375,2.0874499886630558
100,-0.1875,0.0,2.5019401335250366
100,-0.1875,0.0375,2.973510166001872
100,-0.1875,0.075,3.535284492088973
100,-0.1875,0.1125,4.226064895508506
100,-0.1875,0.15,5.105941693304051
100,-0.1875,0.1875,6.316576744916655
100,-0.1875,0.225,8.18529450257243
100,-0.1875,0.2625,11.726905452932451
100,-0.1875,0.3,22.318780858263565
100,-0.1875,0.3375,1000.0
100,-0.1875,0.375,1000.0
100,-0.1875,0.4125,1000.0
100,-0.1875,0.45,1000.0
100,-0.1875,0.4875,1000.0
100,-0.1875,0.525,1000.0
100,-0.1875,0.5625,1000.0
100,-0.1875,0.6,1000.0
100,-0.1875,0.6375,1000.0
100,-0.1875,0.675,1000.0
100,-0.1875,0.7125,1000.0
100,-0.1875,0.75,1000.0
100,-0.1875,0.7875,1000.0
100,-0.1875,0.825,1000.0
100,-0.1875,0.8625,1000.0
100,-0.1875,0.9,1000.0
100,-0.1875,0.9375,1000.0
100,-0.1875,0.975,1000.0
100,-0.1875,1.0125,1000.0
100,-0.1875,1.05,1000.0
100,-0.1875,1.0875,1000.0
100,-0.1875,1.125,1000.0
100,-0.1875,1.1625,1000.0
100,-0.1875,1.2,1000.0
100,-0.1875,1.2375,1000.0
100,-0.1875,1.275,1000.0
100,-0.1875,1.3125,1000.0
100,-0.1875,1.35,1000.0
100,-0.1875,1.3875,1000.0
100,-0.1875,1.425,1000.0
100,-0.1875,1.4625,1000.0
100,-0.1875,1.5,1000.0
100,-0.15,-1.5,1.8740098394864653
100,-0.15,-1.4625,1.87266368769036
100,-0.15,-1.425,1.8712921453926739
100,-0.15,-1.3875,1.869893170644779
100,-0.15,-1.35,1.8684644419950776
100,-0.15,-1.3125,1.8670033098002967
100,-0.15,-1.275,1.865506737244839
100,-0.15,-1.2375,1.8639712278461267
100,-0.15,-1.2,1.8623927347005806
100,-0.15,-1.1625,1.8607665443199484
100,-0.15,-1.125,1.8590871240216775
100,-0.15,-1.0875,1.857347915426624
100,-0.15,-1.05,1.8555410458406443
100,-0.15,-1.0125,1.8536569108610148
100,-0.15,-0.975,1.851683549484095
100,-0.15,-0.9375,1.8496056763317783
100,-0.15,-0.9,1.8474031339608645
100,-0.15,-0.8625,1.8450483432180331
100,-0.15,-0.825,1.8425019887332574
100,-0.15,-0.7875,1.8397055437036913
100,-0.15,-0.75,1.836568067732322
100,-0.15,-0.7125,1.832942630129552
100,-0.15,-0.675,1.8285845975923736
100,-0.15,-0.6375,1.8230834817997277
100,-0.15,-0.6,1.8157969522224278
100,-0.15,-0.5625,1.8062104420789182
100,-0.15,-0.525,1.799524012734598
100,-0.15,-0.4875,2.6575435307605755
100,-0.15,-0.45,2.0199205013104766
100,-0.15,-0.4125,1.487263437568187
100,-0.15,-0.375,1.0856848493437035
100,-0.15,-0.3375,0.7653193568173733
100,-0.15,-0.3,0.5239123108852859
100,-0.15,-0.2625,0.38684361059627387
100,-0.15,-0.225,0.3598311130891519
100,-0.15,-0.1875,0.4635011173670419
100,-0.15,-0.15,0.6593043924302502
100,-0.15,-0.1125,0.9163991018464631
100,-0.15,-0.075,1.2223031581597374
100,-0.15,-0.0375,1.574196200724057
100,-0.15,0.0,1.983036850101664
100,-0.15,0.0375,2.4569417628751773
100,-0.15,0.075,3.0184910734839847
100,-0.15,0.1125,3.7015954382925504
100,-0.15,0.15,4.5817679367529935
100,-0.15,0.1875,5.830636225260891
100,-0.15,0.225,7.766748345197188
100,-0.15,0.2625,11.434684326325458
100,-0.15,0.3,22.394237103339346
100,-0.15,0.3375,1000.0
100,-0.15,0.375,1000.0
100,-0.15,0.4125,1000.0
100,-0.15,0.45,1000.0
100,-0.15,0.4875,1000.0
100,-0.15,0.525,1000.0
100,-0.15,0.5625,1000.0
100,-0.15,0.6,1000.0
100,-0.15,0.6375,1000.0
100,-0.15,0.675,1000.0
100,-0.15,0.7125,1000.0
100,-0.15,0.75,1000.0
100,-0.15,0.7875,1000.0
100,-0.15,0.825,1000.0
100,-0.15,0.8625,1000.0
100,-0.15,0.9,1000.0
100,-0.15,0.9375,1000.0
100,-0.15,0.975,1000.0
100,-0.15,1.0125,1000.0
100,-0.15,1.05,1000.0
100,-0.15,1.0875,1000.0
100,-0.15,1.125,1000.0
100,-0.15,1.1625,1000.0
100,-0.15,1.2,1000.0
100,-0.15,1.2375,1000.0
100,-0.15,1.275,1000.0
100,-0.15,1.3125,1000.0
100,-0.15,1.35,1000.0
100,-0.15,1.3875,1000.0
100,-0.15,1.425,1000.0
100,-0.15,1.4625,1000.0
100,-0.15,1.5,1000.0
100,-0.1125,-1.5,1.8760273847655882
100,-0.1125,-1.4625,1.8748772751393545
100,-0.1125,-1.425,1.8737121187024204
100,-0.1125,-1.3875,1.8725305917517079
100,-0.1125,-1.35,1.8713311530244343
100,-0.1125,-1.3125,1.8701120019694533
100,-0.1125,-1.275,1.868871028188283
100,-0.1125,-1.2375,1.867605749492421
100,-0.1125,-1.2,1.8663132349301297
100,-0.1125,-1.1625,1.8649900074580905
100,-0.1125,-1.125,1.8636319182866292
100,-0.1125,-1.0875,1.862233980645193
100,-0.1125,-1.05,1.8607901436264684
100,-0.1125,-1.0125,1.8592929747823626
100,-0.1125,-0.975,1.8577331994760957
100,-0.1125,-0.9375,1.8560990086747353
100,-0.1125,-0.9,1.8543749818908641
100,-0.1125,-0.8625,1.8525403537310654
100,-0.1125,-0.825,1.8505661338327863
100,-0.1125,-0.7875,1.8484101800214325
100,-0.1125,-0.75,1.8460085497415994
100,-0.1125,-0.7125,1.843260000231493
100,-0.1125,-0.675,1.839997915440951
100,-0.1125,-0.6375,1.8359403337870401
100,-0.1125,-0.6,1.8306114210052393
100,-0.1125,-0.5625,1.823307012721139
100,-0.1125,-0.525,1.8140439269186897
100,-0.1125,-0.4875,1.8153708133783653
100,-0.1125,-0.45,2.5960315103347638
100,-0.1125,-0.4125,2.0381632933028957
100,-0.1125,-0.375,1.5417953390336345
100,-0.1125,-0.3375,1.1462758078266668
100,-0.1125,-0.3,0.8137962961913952
100,-0.1125,-0.2625,0.5392131165004842
100,-0.1125,-0.225,0.34322705527520897
100,-0.1125,-0.1875,0.2512090474471267
100,-0.1125,-0.15,0.28519292127634516
100,-0.1125,-0.1125,0.4543063732458552
100,-0.1125,-0.075,0.7058105773176648
100,-0.1125,-0.0375,1.026392333014181
100,-0.1125,0.0,1.4076958360424938
100,-0.1125,0.0375,1.86067440481823
100,-0.1125,0.075,2.409939110620269
100,-0.1125,0.1125,3.0897510424303762
100,-0.1125,0.15,3.97176079384551
100,-0.1125,0.1875,5.194991519928244
100,-0.1125,0.225,7.0966049601895556
100,-0.1125,0.2625,10.74937390893186
100,-0.1125,0.3,21.830021540655085
100,-0.1125,0.3375,1000.0
100,-0.1125,0.375,1000.0
100,-0.1125,0.4125,1000.0
100,-0.1125,0.45,1000.0
100,-0.1125,0.4875,1000.0
100,-0.1125,0.525,1000.0
100,-0.1125,0.5625,1000.0
100,-0.1125,0.6,1000.0
100,-0.1125,0.6375,1000.0
100,-0.1125,0.675,1000.0
100,-0.1125,0.7125,1000.0
100,-0.1125,0.75,1000.0
100,-0.1125,0.7875,1000.0
100,-0.1125,0.825,1000.0
100,-0.1125,0.8625,1000.0
100,-0.1125,0.9,1000.0
100,-0.1125,0.9375,1000.0
100,-0.1125,0.975,1000.0
100,-0.1125,1.0125,1000.0
100,-0.1125,1.05,1000.0
100,-0.1125,1.0875,1000.0
100,-0.1125,1.125,1000.0
100,-0.1125,1.1625,1000.0
100,-0.1125,1.2,1000.0
100,-0.1125,1.2375,1000.0
100,-0.1125,1.275,1000.0
100,-0.1125,1.3125,1000.0
100,-0.1125,1.35,1000.0
100,-0.1125,1.3875,1000.0
100,-0.1125,1.425,1000.0
100,-0.1125,1.4625,1000.0
100,-0.1125,1.5,1000.0
100,-0.075,-1.5,1.878669694638977
100,-0.075,-1.4625,1.877735736167607
100,-0.075,-1.425,1.8767983278736957
100,-0.075,-1.3875,1.8758569860069882
100,-0.075,-1.35,1.8749110868526944
100,-0.075,-1.3125,1.8739598341472548
100,-0.075,-1.275,1.8730022192921814
100,-0.075,-1.2375,1.8720369723652226
100,-0.075,-1.2,1.871062501143702
100,-0.075,-1.1625,1.87007681419207
100,-0.075,-1.125,1.869077422287936
100,-0.075,-1.0875,1.8680612096629357
100,-0.075,-1.05,1.8670242620107786
100,-0.075,-1.0125,1.8659616307134304
100,-0.075,-0.975,1.8648670000010104
100,-0.075,-0.9375,1.86373220165248
100,-0.075,-0.9,1.862546482642603
100,-0.075,-0.8625,1.8612953602050435
100,-0.075,-0.825,1.859958767913201
100,-0.075,-0.7875,1.8585079505407038
100,-0.075,-0.75,1.856900096432511
100,-0.075,-0.7125,1.8550687928389926
100,-0.075,-0.675,1.8529066625566801
100,-0.075,-0.6375,1.8502334304074666
100,-0.075,-0.6,1.8467385639362088
100,-0.075,-0.5625,1.8418943647775206
100,-0.075,-0.525,1.834972174602739
100,-0.075,-0.4875,1.8268835150167941
100,-0.075,-0.45,1.7861160410355486
100,-0.075,-0.4125,2.655570241594354
100,-0.075,-0.375,2.142322959948732
100,-0.075,-0.3375,1.6601944836422473
100,-0.075,-0.3,1.260689035377895
100,-0.075,-0.2625,0.9137895285679781
100,-0.075,-0.225,0.6100471346606445
100,-0.075,-0.1875,0.36180342461088116
100,-0.075,-0.15,0.19533944449894722
100,-0.075,-0.1125,0.13992221238935135
100,-0.075,-0.075,0.24326737912031465
100,-0.075,-0.0375,0.4805670398875294
100,-0.075,0.0,0.8081768597234652
100,-0.075,0.0375,1.2250016746150743
100,-0.075,0.075,1.7380186436282066
100,-0.075,0.1125,2.386163074570444
100,-0.075,0.15,3.2443002558772687
100,-0.075,0.1875,4.450071573951828
100,-0.075,0.225,6.348025830812572
100,-0.075,0.2625,9.993115995993328
100,-0.075,0.3,21.083680007438442
100,-0.075,0.3375,1000.0
100,-0.075,0.375,1000.0
100,-0.075,0.4125,1000.0
100,-0.075,0.45,1000.0
100,-0.075,0.4875,1000.0
100,-0.075,0.525,1000.0
100,-0.075,0.5625,1000.0
100,-0.075,0.6,1000.0
100,-0.075,0.6375,1000.0
100,-0.075,0.675,1000.0
100,-0.075,0.7125,1000.0
100,-0.075,0.75,1000.0
100,-0.075,0.7875,1000.0
100,-0.075,0.825,1000.0
100,-0.075,0.8625,1000.0
100,-0.075,0.9,1000.0
100,-0.075,0.9375,1000.0
100,-0.075,0.975,1000.0
100,-0.075,1.0125,1000.0
100,-0.075,1.05,1000.0
100,-0.075,1.0875,1000.0
100,-0.075,1.125,1000.0
100,-0.075,1.1625,1000.0
100,-0.075,1.2,1000.0
100,-0.075,1.2375,1000.0
100,-0.075,1.275,1000.0
100,-0.075,1.3125,1000.0
100,-0.075,1.35,1000.0
100,-0.075,1.3875,1000.0
100,-0.075,1.425,1000.0
100,-0.075,1.4625,1000.0
100,-0.075,1.5,1000.0
100,-0.0375,-1.5,1.8819303016020101
100,-0.0375,-1.4625,1.8812316988721662
100,-0.0375,-1.425,1.8805423883889816
100,-0.0375,-1.3875,1.8798628337050218
100,-0.0375,-1.35,1.879193449704407
100,-0.0375,-1.3125,1.878534581153366
100,-0.0375,-1.275,1.8778864758808909
100,-0.0375,-1.2375,1.877249251071907
100,-0.0375,-1.2,1.876622850591417
100,-0.0375,-1.1625,1.876006990450536
100,-0.0375,-1.125,1.875401088332547
100,-0.0375,-1.0875,1.8748041712807786
100,-0.0375,-1.05,1.8742147528013147
100,-0.0375,-1.0125,1.8736306660366744
100,-0.0375,-0.975,1.873048832045523
100,-0.0375,-0.9375,1.8724649292548832
100,-0.0375,-0.9,1.8718729075286804
100,-0.0375,-0.8625,1.8712642498796865
100,-0.0375,-0.825,1.870626810973224
100,-0.0375,-0.7875,1.8699429235326954
100,-0.0375,-0.75,1.8691862004842157
100,-0.0375,-0.7125,1.8683159494568968
100,-0.0375,-0.675,1.8672671118312645
100,-0.0375,-0.6375,1.8659316752548036
100,-0.0375,-0.6,1.8641238956771964
100,-0.0375,-0.5625,1.8615168966622648
100,-0.0375,-0.525,1.857548208567583
100,-0.0375,-0.4875,1.8514876911033435
100,-0.0375,-0.45,1.8452953648170132
100,-0.0375,-0.4125,3.2066538270610145
100,-0.0375,-0.375,2.784396574965887
100,-0.0375,-0.3375,2.3166887837331878
100,-0.0375,-0.3,1.8399097469324155
100,-0.0375,-0.2625,1.4291528257458173
100,-0.0375,-0.225,1.0689254830924715
100,-0.0375,-0.1875,0.7400884607333005
100,-0.0375,-0.15,0.4537597857343938
100,-0.0375,-0.1125,0.2216179431728547
100,-0.0375,-0.075,0.07754436434136941
100,-0.0375,-0.0375,0.06924627932559409
100,-0.0375,0.0,0.2575744038104119
100,-0.0375,0.0375,0.5885562938382066
100,-0.0375,0.075,1.0396799510864165
100,-0.0375,0.1125,1.64025078698127
100,-0.0375,0.15,2.444148471301666
100,-0.0375,0.1875,3.596866264447143
100,-0.0375,0.225,5.447549511532523
100,-0.0375,0.2625,9.045128856155968
100,-0.0375,0.3,20.23994613950269
100,-0.0375,0.3375,1000.0
100,-0.0375,0.375,1000.0
100,-0.0375,0.4125,1000.0
100,-0.0375,0.45,1000.0
100,-0.0375,0.4875,1000.0
100,-0.0375,0.525,1000.0
100,-0.0375,0.5625,1000.0
100,-0.0375,0.6,1000.0
100,-0.0375,0.6375,1000.0
100,-0.0375,0.675,1000.0
100,-0.0375,0.7125,1000.0
100,-0.0375,0.75,1000.0
100,-0.0375,0.7875,1000.0
100,-0.0375,0.825,1000.0
100,-0.0375,0.8625,1000.0
100,-0.0375,0.9,1000.0
100,-0.0375,0.9375,1000.0
100,-0.0375,0.975,1000.0
100,-0.0375,1.0125,1000.0
100,-0.0375,1.05,1000.0
100,-0.0375,1.0875,1000.0
100,-0.0375,1.125,1000.0
100,-0.0375,1.1625,1000.0
100,-0.0375,1.2,1000.0
100,-0.0375,1.2375,1000.0
100,-0.0375,1.275,1000.0
100,-0.0375,1.3125,1000.0
100,-0.0375,1.35,1000.0
100,-0.0375,1.3875,1000.0
100,-0.0375,1.425,1000.0
100,-0.0375,1.4625,1000.0
100,-0.0375,1.5,1000.0
100,0.0,-1.5,1.8858021585315978
100,0.0,-1.4625,1.8853572374409355
100,0.0,-1.425,1.8849353903738548
100,0.0,-1.3875,1.884538120990653
100,0.0,-1.35,1.8841669871365128
100,0.0,-1.3125,1.8838235922482638
100,0.0,-1.275,1.8835095734402125
100,0.0,-1.2375,1.8832265852066623
100,0.0,-1.2,1.8829762772789829
100,0.0,-1.1625,1.8827602646184838
100,0.0,-1.125,1.8825800867291296
100,0.0,-1.0875,1.8824371522974044
100,0.0,-1.05,1.8823326633795114
100,0.0,-1.0125,1.882267510561211
100,0.0,-0.975,1.8822421260170783
100,0.0,-0.9375,1.8822562739463269
100,0.0,-0.9,1.8823087451750808
100,0.0,-0.8625,1.8823969005107342
100,0.0,-0.825,1.8825159675299052
100,0.0,-0.7875,1.882657921903686
100,0.0,-0.75,1.882809645299487
100,0.0,-0.7125,1.8829497828326611
100,0.0,-0.675,1.883043191404189
100,0.0,-0.6375,1.883030803703767
100,0.0,-0.6,1.8828105942116327
100,0.0,-0.5625,1.8822012646182484
100,0.0,-0.525,1.880874554333588
100,0.0,-0.4875,1.8782526865079758
100,0.0,-0.45,1.8736038095278225
100,0.0,-0.4125,1.8697028468321244
100,0.0,-0.375,3.322957173298137
100,0.0,-0.3375,2.964551704957561
100,0.0,-0.3,2.552563843227618
100,0.0,-0.2625,2.0801441893045864
100,0.0,-0.225,1.6580277419797884
100,0.0,-0.1875,1.281769743033629
100,0.0,-0.15,0.9356806750526484
100,0.0,-0.1125,0.6171353859785221
100,0.0,-0.075,0.3424670802124472
100,0.0,-0.0375,0.12773062501824
100,0.0,0.0,0.017576201469118733
100,0.0,0.0375,0.08419126448948379
100,0.0,0.075,0.3939368363015089
100,0.0,0.1125,0.8913963661376678
100,0.0,0.15,1.6142942165206424
100,0.0,0.1875,2.694774508430901
100,0.0,0.225,4.4488564831193935
100,0.0,0.2625,7.951612135343974
100,0.0,0.3,19.100106882797114
100,0.0,0.3375,1000.0
100,0.0,0.375,1000.0
100,0.0,0.4125,1000.0
100,0.0,0.45,1000.0
100,0.0,0.4875,1000.0
100,0.0,0.525,1000.0
100,0.0,0.5625,1000.0
100,0.0,0.6,1000.0
100,0.0,0.6375,1000.0
100,0.0,0.675,1000.0
100,0.0,0.7125,1000.0
100,0.0,0.75,1000.0
100,0.0,0.7875,1000.0
100,0.0,0.825,1000.0
100,0.0,0.8625,1000.0
100,0.0,0.9,1000.0
100,0.0,0.9375,1000.0
100,0.0,0.975,1000.0
100,0.0,1.0125,1000.0
100,0.0,1.05,1000.0
100,0.0,1.0875,1000.0
100,0.0,1.125,1000.0
100,0.0,1.1625,1000.0
100,0.0,1.2,1000.0
100,0.0,1.2375,1000.0
100,0.0,1.275,1000.0
100,0.0,1.3125,1000.0
100,0.0,1.35,1000.0
100,0.0,1.3875,1000.0
100,0.0,1.425,1000.0
100,0.0,1.4625,1000.0
100,0.0,1.5,1000.0
100,0.0375,-1.5,1.8902779175584912
100,0.0375,-1.4625,1.890104187498073
100,0.0375,-1.425,1.8899682565413234
100,0.0375,-1.3875,1.8898727476660144
100,0.0375,-1.35,1.8898204503205924
100,0.0375,-1.3125,1.8898143260943676
100,0.0375,-1.275,1.8898575133182245
100,0.0375,-1.2375,1.8899533299877747
100,0.0375,-1.2,1.8901052741345237
100,0.0375,-1.1625,1.890317020405447
100,0.0375,-1.125,1.8905924110970476
100,0.0375,-1.0875,1.8909354391465942
100,0.0375,-1.05,1.8913502194803873
100,0.0375,-1.0125,1.8918409434394032
100,0.0375,-0.975,1.8924118083744605
100,0.0375,-0.9375,1.8930669102743918
100,0.0375,-0.9,1.8938100802889766
100,0.0375,-0.8625,1.8946446340751022
100,0.0375,-0.825,1.8955729819570266
100,0.0375,-0.7875,1.89659601008373
100,0.0375,-0.75,1.897712072536091
100,0.0375,-0.7125,1.8989153002300825
100,0.0375,-0.675,1.9001926694981324
100,0.0375,-0.6375,1.9015187448308475
100,0.0375,-0.6,1.90284592754249
100,0.0375,-0.5625,1.904085810300538
100,0.0375,-0.525,1.9050728095020726
100,0.0375,-0.4875,1.9054943516937755
100,0.0375,-0.45,1.9047795098308555
100,0.0375,-0.4125,1.9021804175273302
100,0.0375,-0.375,1.9007269379561234
100,0.0375,-0.3375,3.4818404829684493
100,0.0375,-0.3,3.1857704592512412
100,0.0375,-0.2625,2.8395930331754027
100,0.0375,-0.225,2.384785877523623
100,0.0375,-0.1875,1.9518990618827843
100,0.0375,-0.15,1.5588573975525244
100,0.0375,-0.1125,1.1981218941194305
100,0.0375,-0.075,0.8608876551415562
100,0.0375,-0.0375,0.5544372858769739
100,0.0375,0.0,0.2988070624750587
100,0.0375,0.0375,0.1239215139428104
100,0.0375,0.075,0.08959723804412086
100,0.0375,0.1125,0.2969825107642415
100,0.0375,0.15,0.8516544281319094
100,0.0375,0.1875,1.7903498730578504
100,0.0375,0.225,3.420959915055214
100,0.0375,0.2625,6.771975842692178
100,0.0375,0.3,17.759002461013132
100,0.0375,0.3375,1000.0
100,0.0375,0.375,1000.0
100,0.0375,0.4125,1000.0
100,0.0375,0.45,1000.0
100,0.0375,0.4875,1000.0
100,0.0375,0.525,1000.0
100,0.0375,0.5625,1000.0
100,0.0375,0.6,1000.0
100,0.0375,0.6375,1000.0
100,0.0375,0.675,1000.0
100,0.0375,0.7125,1000.0
100,0.0375,0.75,1000.0
100,0.0375,0.7875,1000.0
100,0.0375,0.825,1000.0
100,0.0375,0.8625,1000.0
100,0.0375,0.9,1000.0
100,0.0375,0.9375,1000.0
100,0.0375,0.975,1000.0
100,0.0375,1.0125,1000.0
100,0.0375,1.05,1000.0
100,0.0375,1.0875,1000.0
100,0.0375,1.125,1000.0
100,0.0375,1.1625,1000.0
100,0.0375,1.2,1000.0
100,0.0375,1.2375,1000.0
100,0.0375,1.275,1000.0
100,0.0375,1.3125,1000.0
100,0.0375,1.35,1000.0
100,0.0375,1.3875,1000.0
100,0.0375,1.425,1000.0
100,0.0375,1.4625,1000.0
100,0.0375,1.5,1000.0
100,0.075,-1.5,1.8953500768658504
100,0.075,-1.4625,1.8954643117595609
100,0.075,-1.425,1.895631930289651
100,0.075,-1.3875,1.8958567420868535
100,0.075,-1.35,1.8961428430405671
100,0.075,-1.3125,1.896494636320045
100,0.075,-1.275,1.8969168547448982
100,0.075,-1.2375,1.897414584362778
100,0.075,-1.2,1.8979932889448494
100,0.075,-1.1625,1.89865883490554
100,0.075,-1.125,1.899417515862619
100,0.075,-1.0875,1.9002760756308748
100,0.075,-1.05,1.901241727814938
100,0.075,-1.0125,1.9023221692158898
100,0.075,-0.975,1.903525582795487
100,0.075,-0.9375,1.904860623615251
100,0.075,-0.9,1.9063363773960935
100,0.075,-0.8625,1.9079622750668177
100,0.075,-0.825,1.90974793592541
100,0.075,-0.7875,1.9117028931034898
100,0.075,-0.75,1.9138361206497505
100,0.075,-0.7125,1.9161552172329248
100,0.075,-0.675,1.9186649774630757
100,0.075,-0.6375,1.9213648356008188
100,0.075,-0.6,1.9242441635880636
100,0.075,-0.5625,1.9272733532378783
100,0.075,-0.525,1.9303863810047395
100,0.075,-0.4875,1.9334459200402865
100,0.075,-0.45,1.9361739536598255
100,0.075,-0.4125,1.9380324539271618
100,0.075,-0.375,1.9382508551882867
100,0.075,-0.3375,1.9394962142631118
100,0.075,-0.3,3.6663515183989808
100,0.075,-0.2625,3.435770645802679
100,0.075,-0.225,3.1638079721350456
100,0.075,-0.1875,2.7511097583086945
100,0.075,-0.15,2.316187737934696
100,0.075,-0.1125,1.911859886809828
100,0.075,-0.075,1.5372173038938957
100,0.075,-0.0375,1.1898735631197144
100,0.075,0.0,0.8694937507291246
100,0.075,0.0375,0.5932301323682944
100,0.075,0.075,0.39832781270575335
100,0.075,0.1125,0.33640827905065024
100,0.075,0.15,0.495224592326038
100,0.075,0.1875,1.090469092785741
100,0.075,0.225,2.485878502643604
100,0.075,0.2625,5.61583585645797
100,0.075,0.3,16.374303633875368
100,0.075,0.3375,1000.0
100,0.075,0.375,1000.0
100,0.075,0.4125,1000.0
100,0.075,0.45,1000.0
100,0.075,0.4875,1000.0
100,0.075,0.525,1000.0
100,0.075,0.5625,1000.0
100,0.075,0.6,1000.0
100,0.075,0.6375,1000.0
100,0.075,0.675,1000.0
100,0.075,0.7125,1000.0
100,0.075,0.75,1000.0
100,0.075,0.7875,1000.0
100,0.075,0.825,1000.0
100,0.075,0.8625,1000.0
100,0.075,0.9,1000.0
100,0.075,0.9375,1000.0
100,0.075,0.975,1000.0
100,0.075,1.0125,1000.0
100,0.075,1.05,1000.0
100,0.075,1.0875,1000.0
100,0.075,1.125,1000.0
100,0.075,1.1625,1000.0
100,0.075,1.2,1000.0
100,0.075,1.2375,1000.0
100,0.075,1.275,1000.0
100,0.075,1.3125,1000.0
100,0.075,1.35,1000.0
100,0.075,1.3875,1000.0
100,0.075,1.425,1000.0
100,0.075,1.4625,1000.0
100,0.075,1.5,1000.0
100,0.1125,-1.5,1.9010110254632095
100,0.1125,-1.4625,1.9014293490959926
100,0.1125,-1.425,1.90191743034657
100,0.1125,-1.3875,1.9024803230658216
100,0.1125,-1.35,1.903123493032127
100,0.1125,-1.3125,1.9038528551212794
100,0.1125,-1.275,1.904674814367813
100,0.1125,-1.2375,1.9055963112550327
100,0.1125,-1.2,1.9066248715372598
100,0.1125,-1.1625,1.9077686608413151
100,0.1125,-1.125,1.9090365441991053
100,0.1125,-1.0875,1.9104381505054029
100,0.1125,-1.05,1.9119839416357296
100,0.1125,-1.0125,1.9136852855373478
100,0.1125,-0.975,1.91555453192035
100,0.1125,-0.9375,1.9176050880572473
100,0.1125,-0.9,1.919851490357758
100,0.1125,-0.8625,1.9223094643107121
100,0.1125,-0.825,1.9249959601542734
100,0.1125,-0.7875,1.9279291425361376
100,0.1125,-0.75,1.9311282961857266
100,0.1125,-0.7125,1.9346135798171116
100,0.1125,-0.675,1.9384055041370984
100,0.1125,-0.6375,1.9425238999733616
100,0.1125,-0.6,1.9469859215045895
100,0.1125,-0.5625,1.9518021708504976
100,0.1125,-0.525,1.9569690504754205
100,0.1125,-0.4875,1.9624533121898484
100,0.1125,-0.45,1.968160126234103
100,0.1125,-0.4125,1.9738669210803104
100,0.1125,-0.375,1.9790995310417592
100,0.1125,-0.3375,1.983084421429193
100,0.1125,-0.3,1.9877015271715917
100,0.1125,-0.2625,3.8594595029006076
100,0.1125,-0.225,3.717567230080908
100,0.1125,-0.1875,3.510745094927732
100,0.1125,-0.15,3.1740875690016095
100,0.1125,-0.1125,2.754567133923203
100,0.1125,-0.075,2.348132782038268
100,0.1125,-0.0375,1.9681906015401274
100,0.1125,0.0,1.619417541315045
100,0.1125,0.0375,1.301254287632641
100,0.1125,0.075,1.0385690131629448
100,0.1125,0.1125,0.8661380551125395
100,0.1125,0.15,0.8633447000329271
100,0.1125,0.1875,1.1663294822939083
100,0.1125,0.225,2.0815604798460123
100,0.1125,0.2625,4.7629824338766875
100,0.1125,0.3,15.15753617559576
100,0.1125,0.3375,1000.0
100,0.1125,0.375,1000.0
100,0.1125,0.4125,1000.0
100,0.1125,0.45,1000.0
100,0.1125,0.4875,1000.0
100,0.1125,0.525,1000.0
100,0.1125,0.5625,1000.0
100,0.1125,0.6,1000.0
100,0.1125,0.6375,1000.0
100,0.1125,0.675,1000.0
100,0.1125,0.7125,1000.0
100,0.1125,0.75,1000.0
100,0.1125,0.7875,1000.0
100,0.1125,0.825,1000.0
100,0.1125,0.8625,1000.0
100,0.1125,0.9,1000.0
100,0.1125,0.9375,1000.0
100,0.1125,0.975,1000.0
100,0.1125,1.0125,1000.0
100,0.1125,1.05,1000.0
100,0.1125,1.0875,1000.0
100,0.1125,1.125,1000.0
100,0.1125,1.1625,1000.0
100,0.1125,1.2,1000.0
100,0.1125,1.2375,1000.0
100,0.1125,1.275,1000.0
100,0.1125,1.3125,1000.0
100,0.1125,1.35,1000.0
100,0.1125,1.3875,1000.0
100,0.1125,1.425,1000.0
100,0.1125,1.4625,1000.0
100,0.1125,1.5,1000.0
100,0.15,-1.5,1.9072530194677764
100,0.15,-1.4625,1.9079909846027339
100,0.15,-1.425,1.9088158141399247
100,0.15,-1.3875,1.909733856105457
100,0.15,-1.35,1.9107520007376326
100,0.15,-1.3125,1.9118777343663593
100,0.15,-1.275,1.913119199806405
100,0.15,-1.2375,1.914485264091153
100,0.15,-1.2,1.915985594451115
100,0.15,-1.1625,1.917630743526535
100,0.15,-1.125,1.9194322448909704
100,0.15,-1.0875,1.921402720043349
100,0.15,-1.05,1.9235559980846377
100,0.15,-1.0125,1.9259072493052405
100,0.15,-0.975,1.9284731338262697
100,0.15,-0.9375,1.9312719661858362
100,0.15,-0.9,1.9343238962091092
100,0.15,-0.8625,1.9376511054172798
100,0.15,-0.825,1.9412780162016718
100,0.15,-0.7875,1.945231507256729
100,0.15,-0.75,1.9495411219043708
100,0.15,-0.7125,1.9542392432029427
100,0.15,-0.675,1.9593611856613575
100,0.15,-0.6375,1.9649451068243369
100,0.15,-0.6,1.9710315494731008
100,0.15,-0.5625,1.9776622356806175
100,0.15,-0.525,1.9848773332430756
100,0.15,-0.4875,1.99270954031385
100,0.15,-0.45,2.0011713712253267
100,0.15,-0.4125,2.010227572706198
100,0.15,-0.375,2.0197350406409136
100,0.15,-0.3375,2.0293201622183483
100,0.15,-0.3,2.0382583574547257
100,0.15,-0.2625,2.047522377963998
100,0.15,-0.225,4.051223962314706
100,0.15,-0.1875,4.026145027990644
100,0.15,-0.15,3.8736921886443865
100,0.15,-0.1125,3.6489644464787157
100,0.15,-0.075,3.272734052006674
100,0.15,-0.0375,2.880035084145431
100,0.15,0.0,2.5102184076551204
100,0.15,0.0375,2.1743621938968567
100,0.15,0.075,1.8875027516984093
100,0.15,0.1125,1.6714962765246373
100,0.15,0.15,1.608585068671422
100,0.15,0.1875,1.8173706507971625
100,0.15,0.225,2.602246461768422
100,0.15,0.2625,4.994164367900994
100,0.15,0.3,14.771690796840607
100,0.15,0.3375,1000.0
100,0.15,0.375,1000.0
100,0.15,0.4125,1000.0
100,0.15,0.45,1000.0
100,0.15,0.4875,1000.0
100,0.15,0.525,1000.0
100,0.15,0.5625,1000.0
100,0.15,0.6,1000.0
100,0.15,0.6375,1000.0
100,0.15,0.675,1000.0
100,0.15,0.7125,1000.0
100,0.15,0.75,1000.0
100,0.15,0.7875,1000.0
100,0.15,0.825,1000.0
100,0.15,0.8625,1000.0
100,0.15,0.9,1000.0
100,0.15,0.9375,1000.0
100,0.15,0.975,1000.0
100,0.15,1.0125,1000.0
100,0.15,1.05,1000.0
100,0.15,1.0875,1000.0
100,0.15,1.125,1000.0
100,0.15,1.1625,1000.0
100,0.15,1.2,1000.0
100,0.15,1.2375,1000.0
100,0.15,1.275,1000.0
100,0.15,1.3125,1000.0
100,0.15,1.35,1000.0
100,0.15,1.3875,1000.0
100,0.15,1.425,1000.0
100,0.15,1.4625,1000.0
100,0.15,1.5,1000.0
100,0.1875,-1.5,1.9140681212676454
100,0.1875,-1.4625,1.9151407762254362
100,0.1875,-1.425,1.9163180902294676
100,0.1875,-1.3875,1.9176077497878163
100,0.1875,-1.35,1.9190181176043541
100,0.1875,-1.3125,1.9205583035526697
100,0.1875,-1.275,1.922238244831754
100,0.1875,-1.2375,1.924068796623845
100,0.1875,-1.2,1.9260618347627159
100,0.1875,-1.1625,1.9282303721442218
100,0.1875,-1.125,1.930588690874437
100,0.1875,-1.0875,1.9331524924568864
100,0.1875,-1.05,1.9359390686718037
100,0.1875,-1.0125,1.9389674961957368
100,0.1875,-0.975,1.9422588584428444
100,0.1875,-0.9375,1.9458364985623988
100,0.1875,-0.9,1.9497263079619935
100,0.1875,-0.8625,1.9539570550658203
100,0.1875,-0.825,1.9585607591120118
100,0.1875,-0.7875,1.9635731133535872
100,0.1875,-0.75,1.9690339604964417
100,0.1875,-0.7125,1.9749878194986958
100,0.1875,-0.675,1.9814844548115802
100,0.1875,-0.6375,1.9885794623873039
100,0.1875,-0.6,1.996334812197896
100,0.1875,-0.5625,2.004819215047981
100,0.1875,-0.525,2.0141080288458535
100,0.1875,-0.4875,2.024282087248122
100,0.1875,-0.45,2.035424088020817
100,0.1875,-0.4125,2.047609453190907
100,0.1875,-0.375,2.060884491265931
100,0.1875,-0.3375,2.075215209400791
100,0.1875,-0.3,2.090372839622427
100,0.1875,-0.2625,2.1057613357082685
100,0.1875,-0.225,2.1216064512202566
100,0.1875,-0.1875,4.206099234650733
100,0.1875,-0.15,4.342395844239523
100,0.1875,-0.1125,4.272304791448091
100,0.1875,-0.075,4.148706908185244
100,0.1875,-0.0375,3.873267692225556
100,0.1875,0.0,3.520711385535431
100,0.1875,0.0375,3.185347340057034
100,0.1875,0.075,2.898177294518486
100,0.1875,0.1125,2.6831318794598413
100,0.1875,0.15,2.6040320882881485
100,0.1875,0.1875,2.7972950713638953
100,0.1875,0.225,3.5884578210482445
100,0.1875,0.2625,6.007246807215536
100,0.1875,0.3,16.261357129345893
100,0.1875,0.3375,1000.0
100,0.1875,0.375,1000.0
100,0.1875,0.4125,1000.0
100,0.1875,0.45,1000.0
100,0.1875,0.4875,1000.0
100,0.1875,0.525,1000.0
100,0.1875,0.5625,1000.0
100,0.1875,0.6,1000.0
100,0.1875,0.6375,1000.0
100,0.1875,0.675,1000.0
100,0.1875,0.7125,1000.0
100,0.1875,0.75,1000.0
100,0.1875,0.7875,1000.0
100,0.1875,0.825,1000.0
100,0.1875,0.8625,1000.0
100,0.1875,0.9,1000.0
100,0.1875,0.9375,1000.0
100,0.1875,0.975,1000.0
100,0.1875,1.0125,1000.0
100,0.1875,1.05,1000.0
100,0.1875,1.0875,1000.0
100,0.1875,1.125,1000.0
100,0.1875,1.1625,1000.0
100,0.1875,1.2,1000.0
100,0.1875,1.2375,1000.0
100,0.1875,1.275,1000.0
100,0.1875,1.3125,1000.0
100,0.1875,1.35,1000.0
100,0.1875,1.3875,1000.0
100,0.1875,1.425,1000.0
100,0.1875,1.4625,1000.0
100,0.1875,1.5,1000.0
100,0.225,-1.5,1.9214481272206174
100,0.225,-1.4625,1.9228700672214372
100,0.225,-1.425,1.9244151132875018
100,0.225,-1.3875,1.926092330698689
100,0.225,-1.35,1.927911597998024
100,0.225,-1.3125,1.929883695328089
100,0.225,-1.275,1.9320204046379086
100,0.225,-1.2375,1.9343346235743604
100,0.225,-1.2,1.9368404951686364
100,0.225,-1.1625,1.9395535557877273
100,0.225,-1.125,1.9424909042556164
100,0.225,-1.0875,1.945671395572609
100,0.225,-1.05,1.9491158632912333
100,0.225,-1.0125,1.9528473753630604
100,0.225,-0.975,1.9568915291758204
100,0.225,-0.9375,1.9612767925793526
100,0.225,-0.9,1.9660348989780416
100,0.225,-0.8625,1.971201306067319
100,0.225,-0.825,1.9768157295186815
100,0.225,-0.7875,1.982922764840834
100,0.225,-0.75,1.9895726126511497
100,0.225,-0.7125,1.9968219243944625
100,0.225,-0.675,2.0047347864871727
100,0.225,-0.6375,2.0133838595014346
100,0.225,-0.6,2.022851682202851
100,0.225,-0.5625,2.0332321311635226
100,0.225,-0.525,2.0446319800410766
100,0.225,-0.4875,2.057172393641123
100,0.225,-0.45,2.070989938701773
100,0.225,-0.4125,2.0862360968741074
100,0.225,-0.375,2.1030728255468953
100,0.225,-0.3375,2.121658146244818
100,0.225,-0.3,2.1421068595783113
100,0.225,-0.2625,2.164391710617781
100,0.225,-0.225,2.1881478471547937
100,0.225,-0.1875,2.2131896268735236
100,0.225,-0.15,4.211280780663875
100,0.225,-0.1125,4.665989640218325
100,0.225,-0.075,4.702941093638475
100,0.225,-0.0375,4.674611074800928
100,0.225,0.0,4.560504357524739
100,0.225,0.0375,4.291898923036519
100,0.225,0.075,4.031011774027131
100,0.225,0.1125,3.8470078269235266
100,0.225,0.15,3.7995484415361145
100,0.225,0.1875,4.031650539861741
100,0.225,0.225,4.90194552141577
100,0.225,0.2625,7.51043601462017
100,0.225,0.3,18.4567088193534
100,0.225,0.3375,1000.0
100,0.225,0.375,1000.0
100,0.225,0.4125,1000.0
100,0.225,0.45,1000.0
100,0.225,0.4875,1000.0
100,0.225,0.525,1000.0
100,0.225,0.5625,1000.0
100,0.225,0.6,1000.0
100,0.225,0.6375,1000.0
100,0.225,0.675,1000.0
100,0.225,0.7125,1000.0
100,0.225,0.75,1000.0
100,0.225,0.7875,1000.0
100,0.225,0.825,1000.0
100,0.225,0.8625,1000.0
100,0.225,0.9,1000.0
100,0.225,0.9375,1000.0
100,0.225,0.975,1000.0
100,0.225,1.0125,1000.0
100,0.225,1.05,1000.0
100,0.225,1.0875,1000.0
100,0.225,1.125,1000.0
100,0.225,1.1625,1000.0
100,0.225,1.2,1000.0
100,0.225,1.2375,1000.0
100,0.225,1.275,1000.0
100,0.225,1.3125,1000.0
100,0.225,1.35,1000.0
100,0.225,1.3875,1000.0
100,0.225,1.425,1000.0
100,0.225,1.4625,1000.0
100,0.225,1.5,1000.0
100,0.2625,-1.5,1.9293845022887361
100,0.2625,-1.4625,1.9311699055945617
100,0.2625,-1.425,1.9330974859671126
100,0.2625,-1.3875,1.9351777249796522
100,0.2625,-1.35,1.9374220572421428
100,0.2625,-1.3125,1.9398429762997464
100,0.2625,-1.275,1.9424541550969159
100,0.2625,-1.2375,1.9452705833115782
100,0.2625,-1.2,1.9483087242668617
100,0.2625,-1.1625,1.9515866946205631
100,0.2625,-1.125,1.9551244706338857
100,0.2625,-1.0875,1.9589441255558901
100,0.2625,-1.05,1.9630701035581815
100,0.2625,-1.0125,1.9675295367545969
100,0.2625,-0.975,1.9723526131909477
100,0.2625,-0.9375,1.9775730053510274
100,0.2625,-0.9,1.983228370773117
100,0.2625,-0.8625,1.9893609389006088
100,0.2625,-0.825,1.996018201416606
100,0.2625,-0.7875,2.003253727173307
100,0.2625,-0.75,2.011128127577983
100,0.2625,-0.7125,2.019710204095043
100,0.2625,-0.675,2.029078316478391
100,0.2625,-0.6375,2.0393220184095147
100,0.2625,-0.6,2.0505440159006736
100,0.2625,-0.5625,2.0628625115763577
100,0.2625,-0.525,2.0764140006471288
100,0.2625,-0.4875,2.0913565717447136
100,0.2625,-0.45,2.1078737124466556
100,0.2625,-0.4125,2.1261784622585775
100,0.2625,-0.375,2.1465173346596043
100,0.2625,-0.3375,2.1691723237465235
100,0.2625,-0.3,2.1944563826865466
100,0.2625,-0.2625,2.222689920405901
100,0.2625,-0.225,2.254125775388986
100,0.2625,-0.1875,2.288761046372431
100,0.2625,-0.15,2.326409145763166
100,0.2625,-0.1125,2.347129566108531
100,0.2625,-0.075,5.022656711685554
100,0.2625,-0.0375,5.161382563425256
100,0.2625,0.0,5.270117421523941
100,0.2625,0.0375,5.322227301272744
100,0.2625,0.075,5.240712065638855
100,0.2625,0.1125,5.114635820297457
100,0.2625,0.15,5.134669961717668
100,0.2625,0.1875,5.454320799052573
100,0.2625,0.225,6.445295682420461
100,0.2625,0.2625,9.337732321983449
100,0.2625,0.3,21.204213003927336
100,0.2625,0.3375,1000.0
100,0.2625,0.375,1000.0
100,0.2625,0.4125,1000.0
100,0.2625,0.45,1000.0
100,0.2625,0.4875,1000.0
100,0.2625,0.525,1000.0
100,0.2625,0.5625,1000.0
100,0.2625,0.6,1000.0
100,0.2625,0.6375,1000.0
100,0.2625,0.675,1000.0
100,0.2625,0.7125,1000.0
100,0.2625,0.75,1000.0
100,0.2625,0.7875,1000.0
100,0.2625,0.825,1000.0
100,0.2625,0.8625,1000.0
100,0.2625,0.9,1000.0
100,0.2625,0.9375,1000.0
100,0.2625,0.975,1000.0
100,0.2625,1.0125,1000.0
100,0.2625,1.05,1000.0
100,0.2625,1.0875,1000.0
100,0.2625,1.125,1000.0
100,0.2625,1.1625,1000.0
100,0.2625,1.2,1000.0
100,0.2625,1.2375,1000.0
100,0.2625,1.275,1000.0
100,0.2625,1.3125,1000.0
100,0.2625,1.35,1000.0
100,0.2625,1.3875,1000.0
100,0.2625,1.425,1000.0
100,0.2625,1.4625,1000.0
100,0.2625,1.5,1000.0
100,0.3,-1.5,1.9378683328166826
100,0.3,-1.4625,1.940030983484013
100,0.3,-1.425,1.9423554827266845
100,0.3,-1.3875,1.9448537640453174
100,0.3,-1.35,1.9475388562498699
100,0.3,-1.3125,1.9504250070877585
100,0.3,-1.275,1.953527824132839
100,0.3,-1.2375,1.9568644357255034
100,0.3,-1.2,1.9604536752616444
100,0.3,-1.1625,1.9643162927509483
100,0.3,-1.125,1.9684751983291193
100,0.3,-1.0875,1.9729557433480835
100,0.3,-1.05,1.9777860458259764
100,0.3,-1.0125,1.9829973684699922
100,0.3,-0.975,1.9886245592612974
100,0.3,-0.9375,1.994706566804454
100,0.3,-0.9,2.0012870454138074
100,0.3,-0.8625,2.0084150683925874
100,0.3,-0.825,2.0161459723607424
100,0.3,-0.7875,2.0245423610722697
100,0.3,-0.75,2.0336753042812195
100,0.3,-0.7125,2.0436257763231245
100,0.3,-0.675,2.0544863907626416
100,0.3,-0.6375,2.066363502459257
100,0.3,-0.6,2.0793797676123527
100,0.3,-0.5625,2.093677276724493
100,0.3,-0.525,2.1094214056993006
100,0.3,-0.4875,2.126805566099405
100,0.3,-0.45,2.1460570730899016
100,0.3,-0.4125,2.167444375097219
100,0.3,-0.375,2.191285861926972
100,0.3,-0.3375,2.21796027213705
100,0.3,-0.3,2.247918027136237
100,0.3,-0.2625,2.2816906777791894
100,0.3,-0.225,2.3198892547224603
100,0.3,-0.1875,2.363163728896894
100,0.3,-0.15,2.4120529263726436
100,0.3,-0.1125,2.4668194935254992
100,0.3,-0.075,2.5303043917013754
100,0.3,-0.0375,5.40877205959949
100,0.3,0.0,5.680337079840933
100,0.3,0.0375,5.9336712655785435
100,0.3,0.075,6.195782689347706
100,0.3,0.1125,6.399651396719287
100,0.3,0.15,6.572404301904085
100,0.3,0.1875,7.003103281206179
100,0.3,0.225,8.160567413197105
100,0.3,0.2625,11.415930070327361
100,0.3,0.3,24.37959594903476
100,0.3,0.3375,1000.0
100,0.3,0.375,1000.0
100,0.3,0.4125,1000.0
100,0.3,0.45,1000.0
100,0.3,0.4875,1000.0
100,0.3,0.525,1000.0
100,0.3,0.5625,1000.0
100,0.3,0.6,1000.0
100,0.3,0.6375,1000.0
100,0.3,0.675,1000.0
100,0.3,0.7125,1000.0
100,0.3,0.75,1000.0
100,0.3,0.7875,1000.0
100,0.3,0.825,1000.0
100,0.3,0.8625,1000.0
100,0.3,0.9,1000.0
100,0.3,0.9375,1000.0
100,0.3,0.975,1000.0
100,0.3,1.0125,1000.0
100,0.3,1.05,1000.0
100,0.3,1.0875,1000.0
100,0.3,1.125,1000.0
100,0.3,1.1625,1000.0
100,0.3,1.2,1000.0
100,0.3,1.2375,1000.0
100,0.3,1.275,1000.0
100,0.3,1.3125,1000.0
100,0.3,1.35,1000.0
100,0.3,1.3875,1000.0
100,0.3,1.425,1000.0
100,0.3,1.4625,1000.0
100,0.3,1.5,1000.0
100,0.3375,-1.5,1.946890302541983
100,0.3375,-1.4625,1.9494436025097641
100,0.3375,-1.425,1.9521790027018886
100,0.3375,-1.3875,1.9551099228584647
100,0.3375,-1.35,1.9582510227041223
100,0.3375,-1.3125,1.9616183434653034
100,0.3375,-1.275,1.965229469343202
100,0.3375,-1.2375,1.969103712213731
100,0.3375,-1.2,1.9732623234358715
100,0.3375,-1.1625,1.9777287373996342
100,0.3375,-1.125,1.9825288523676718
100,0.3375,-1.0875,1.9876913553031694
100,0.3375,-1.05,1.9932480987859968
100,0.3375,-1.0125,1.9992345398704856
100,0.3375,-0.975,2.0056902529240355
100,0.3375,-0.9375,2.012659531227898
100,0.3375,-0.9,2.0201920955791417
100,0.3375,-0.8625,2.0283439325179926
100,0.3375,-0.825,2.0371782903990465
100,0.3375,-0.7875,2.046766868706073
100,0.3375,-0.75,2.057191245288157
100,0.3375,-0.7125,2.068544598261204
100,0.3375,-0.675,2.080933795117583
100,0.3375,-0.6375,2.0944819424117016
100,0.3375,-0.6,2.109331517018318
100,0.3375,-0.5625,2.1256482368320513
100,0.3375,-0.525,2.1436258782051865
100,0.3375,-0.4875,2.163492313804962
100,0.3375,-0.45,2.1855171334142707
100,0.3375,-0.4125,2.210021327385891
100,0.3375,-0.375,2.2373896610802326
100,0.3375,-0.3375,2.2680865382220126
100,0.3375,-0.3,2.302676283669141
100,0.3375,-0.2625,2.341848658722035
100,0.3375,-0.225,2.386449342019737
100,0.3375,-0.1875,2.4375107144442563
100,0.3375,-0.15,2.496262911763823
100,0.3375,-0.1125,2.5640584493422955
100,0.3375,-0.075,2.6421461252299805
100,0.3375,-0.0375,2.734927945030042
100,0.3375,0.0,5.865459500698071
100,0.3375,0.0375,6.29275196265429
100,0.3375,0.075,6.697088503973769
100,0.3375,0.1125,7.244806875917249
100,0.3375,0.15,7.892302171938296
100,0.3375,0.1875,8.620834069122415
100,0.3375,0.225,10.035771123176394
100,0.3375,0.2625,13.639727953777145
100,0.3375,0.3,27.750790299097044
100,0.3375,0.3375,1000.0
100,0.3375,0.375,1000.0
100,0.3375,0.4125,1000.0
100,0.3375,0.45,1000.0
100,0.3375,0.4875,1000.0
100,0.3375,0.525,1000.0
100,0.3375,0.5625,1000.0
100,0.3375,0.6,1000.0
100,0.3375,0.6375,1000.0
100,0.3375,0.675,1000.0
100,0.3375,0.7125,1000.0
100,0.3375,0.75,1000.0
100,0.3375,0.7875,1000.0
100,0.3375,0.825,1000.0
100,0.3375,0.8625,1000.0
100,0.3375,0.9,1000.0
100,0.3375,0.9375,1000.0
100,0.3375,0.975,1000.0
100,0.3375,1.0125,1000.0
100,0.3375,1.05,1000.0
100,0.3375,1.0875,1000.0
100,0.3375,1.125,1000.0
100,0.3375,1.1625,1000.0
100,0.3375,1.2,1000.0
100,0.3375,1.2375,1000.0
100,0.3375,1.275,1000.0
100,0.3375,1.3125,1000.0
100,0.3375,1.35,1000.0
100,0.3375,1.3875,1000.0
100,0.3375,1.425,1000.0
100,0.3375,1.4625,1000.0
100,0.3375,1.5,1000.0
100,0.375,-1.5,1.9564406923365236
100,0.375,-1.4625,1.9593976658291488
100,0.375,-1.425,1.962557552697067
100,0.375,-1.3875,1.965935292230445
100,0.375,-1.35,1.9695472107478755
100,0.375,-1.3125,1.9734111811683275
100,0.375,-1.275,1.977546805235759
100,0.375,-1.2375,1.981975622145169
100,0.375,-1.2,1.9867213480295571
100,0.375,-1.1625,1.9918101516417903
100,0.375,-1.125,1.99727097264327
100,0.375,-1.0875,2.003135890244437
100,0.375,-1.05,2.009440551596279
100,0.375,-1.0125,2.0162246713940357
100,0.375,-0.975,2.023532616736834
100,0.375,-0.9375,2.0314140945389147
100,0.375,-0.9,2.039924962906563
100,0.375,-0.8625,2.0491281931423586
100,0.375,-0.825,2.059095015768379
100,0.375,-0.7875,2.069906292650075
100,0.375,-0.75,2.081654168604936
100,0.375,-0.7125,2.0944440706921674
100,0.375,-0.675,2.1083971429463597
100,0.375,-0.6375,2.1236532303843045
100,0.375,-0.6,2.140374561144154
100,0.375,-0.5625,2.1587503231263128
100,0.375,-0.525,2.179002396552772
100,0.375,-0.4875,2.201392593774824
100,0.375,-0.45,2.2262318831090684
100,0.375,-0.4125,2.2538922499953413
100,0.375,-0.375,2.2848220986735366
100,0.375,-0.3375,2.319566451776468
100,0.375,-0.3,2.358793702117341
100,0.375,-0.2625,2.4033313419894182
100,0.375,-0.225,2.4542138997132517
100,0.375,-0.1875,2.5127468836766433
100,0.375,-0.15,2.5805892145634144
100,0.375,-0.1125,2.6598468415772705
100,0.375,-0.075,2.7531286093360063
100,0.375,-0.0375,2.863430140374943
100,0.375,0.0,2.9961310959763066
100,0.375,0.0375,6.42787970304229
100,0.375,0.075,7.040465304854456
100,0.375,0.1125,7.725245123609708
100,0.375,0.15,8.605906021670439
100,0.375,0.1875,9.949548145255106
100,0.375,0.225,11.884612151880757
100,0.375,0.2625,15.977234171439287
100,0.375,0.3,31.287746290997898
100,0.375,0.3375,1000.0
100,0.375,0.375,1000.0
100,0.375,0.4125,1000.0
100,0.375,0.45,1000.0
100,0.375,0.4875,1000.0
100,0.375,0.525,1000.0
100,0.375,0.5625,1000.0
100,0.375,0.6,1000.0
100,0.375,0.6375,1000.0
100,0.375,0.675,1000.0
100,0.375,0.7125,1000.0
100,0.375,0.75,1000.0
100,0.375,0.7875,1000.0
100,0.375,0.825,1000.0
100,0.375,0.8625,1000.0
100,0.375,0.9,1000.0
100,0.375,0.9375,1000.0
100,0.375,0.975,1000.0
100,0.375,1.0125,1000.0
100,0.375,1.05,1000.0
100,0.375,1.0875,1000.0
100,0.375,1.125,1000.0
100,0.375,1.1625,1000.0
100,0.375,1.2,1000.0
100,0.375,1.2375,1000.0
100,0.375,1.275,1000.0
100,0.375,1.3125,1000.0
100,0.375,1.35,1000.0
100,0.375,1.3875,1000.0
100,0.375,1.425,1000.0
100,0.375,1.4625,1000.0
100,0.375,1.5,1000.0
100,0.4125,-1.5,1.9665094011683335
100,0.4125,-1.4625,1.9698826942083818
100,0.4125,-1.425,1.973480257400273
100,0.4125,-1.3875,1.9773185820377568
100,0.4125,-1.35,1.9814156958498765
100,0.4125,-1.3125,1.9857913408051955
100,0.4125,-1.275,1.9904671762722894
100,0.4125,-1.2375,1.995467011760288
100,0.4125,-1.2,2.0008170742731224
100,0.4125,-1.1625,2.0065463163084654
100,0.4125,-1.125,2.0126867717626515
100,0.4125,-1.0875,2.0192739685264973
100,0.4125,-1.05,2.026347408450683
100,0.4125,-1.0125,2.033951127724471
100,0.4125,-0.975,2.042134353680028
100,0.4125,-0.9375,2.050952277781669
100,0.4125,-0.9,2.060466969316833
100,0.4125,-0.8625,2.0707484603851625
100,0.4125,-0.825,2.081876040603103
100,0.4125,-0.7875,2.093939810075233
100,0.4125,-0.75,2.107042552413368
100,0.4125,-0.7125,2.1213020069952204
100,0.4125,-0.675,2.1368536427626186
100,0.4125,-0.6375,2.1538540668069364
100,0.4125,-0.6,2.1724852428352253
100,0.4125,-0.5625,2.192959751771706
100,0.4125,-0.525,2.215527405682726
100,0.4125,-0.4875,2.240483636475923
100,0.4125,-0.45,2.2681802367471575
100,0.4125,-0.4125,2.2990392535025994
100,0.4125,-0.375,2.333571159762177
100,0.4125,-0.3375,2.372398906346165
100,0.4125,-0.3,2.4162901680139925
100,0.4125,-0.2625,2.4662011718049692
100,0.4125,-0.225,2.5233371239308693
100,0.4125,-0.1875,2.5892366998464813
100,0.4125,-0.15,2.6658915667769767
100,0.4125,-0.1125,2.7559160432549215
100,0.4125,-0.075,2.8627825737659895
100,0.4125,-0.0375,2.991114016712058
100,0.4125,0.0,3.146909385507915
100,0.4125,0.0375,3.3388742887525513
100,0.4125,0.075,7.152465500478854
100,0.4125,0.1125,8.01492924988892
100,0.4125,0.15,9.102115656263283
100,0.4125,0.1875,10.61647195507283
100,0.4125,0.225,13.166252534425723
100,0.4125,0.2625,18.279648816782895
100,0.4125,0.3,34.882128642372564
100,0.4125,0.3375,1000.0
100,0.4125,0.375,1000.0
100,0.4125,0.4125,1000.0
100,0.4125,0.45,1000.0
100,0.4125,0.4875,1000.0
100,0.4125,0.525,1000.0
100,0.4125,0.5625,1000.0
100,0.4125,0.6,1000.0
100,0.4125,0.6375,1000.0
100,0.4125,0.675,1000.0
100,0.4125,0.7125,1000.0
100,0.4125,0.75,1000.0
100,0.4125,0.7875,1000.0
100,0.4125,0.825,1000.0
100,0.4125,0.8625,1000.0
100,0.4125,0.9,1000.0
100,0.4125,0.9375,1000.0
100,0.4125,0.975,1000.0
100,0.4125,1.0125,1000.0
100,0.4125,1.05,1000.0
100,0.4125,1.0875,1000.0
100,0.4125,1.125,1000.0
100,0.4125,1.1625,1000.0
100,0.4125,1.2,1000.0
100,0.4125,1.2375,1000.0
100,0.4125,1.275,1000.0
100,0.4125,1.3125,1000.0
100,0.4125,1.35,1000.0
100,0.4125,1.3875,1000.0
100,0.4125,1.425,1000.0
100,0.4125,1.4625,1000.0
100,0.4125,1.5,1000.0
100,0.45,-1.5,1.977085984132221
100,0.45,-1.4625,1.980887861526354
100,0.45,-1.425,1.9849358917503637
100,0.45,-1.3875,1.989248149728025
100,0.45,-1.35,1.9938443985875058
100,0.45,-1.3125,1.9987462858888632
100,0.45,-1.275,2.0039775679227034
100,0.45,-1.2375,2.00956436677762
100,0.45,-1.2,2.015535465782453
100,0.45,-1.1625,2.021922650047729
100,0.45,-1.125,2.028761100211644
100,0.45,-1.0875,2.0360898492071047
100,0.45,-1.05,2.0439523139957854
100,0.45,-1.0125,2.0523969168775893
100,0.45,-0.975,2.06147781433057
100,0.45,-0.9375,2.0712557555668867
100,0.45,-0.9,2.0817990983710426
100,0.45,-0.8625,2.0931850166747874
100,0.45,-0.825,2.105500943201739
100,0.45,-0.7875,2.1188463020434534
100,0.45,-0.75,2.1333346011141643
100,0.45,-0.7125,2.14909597433428
100,0.45,-0.675,2.166280289881501
100,0.45,-0.6375,2.185060976431667
100,0.45,-0.6,2.205639767588382
100,0.45,-0.5625,2.2282526308979516
100,0.45,-0.525,2.253177239653959
100,0.45,-0.4875,2.2807424745858507
100,0.45,-0.45,2.3113406258676226
100,0.45,-0.4125,2.345443230396478
100,0.45,-0.375,2.3836218667831184
100,0.45,-0.3375,2.4265758075566315
100,0.45,-0.3,2.4751693027960626
100,0.45,-0.2625,2.5304826205412203
100,0.45,-0.225,2.5938830980674954
100,0.45,-0.1875,2.6671258790940535
100,0.45,-0.15,2.7524996078813295
100,0.45,-0.1125,2.8530415947790915
100,0.45,-0.075,2.9728620088604982
100,0.45,-0.0375,3.1176387452730405
100,0.45,0.0,3.2953617895686826
100,0.45,0.0375,3.5173348039943026
100,0.45,0.075,3.799998288743724
100,0.45,0.1125,8.132941805692859
100,0.45,0.15,9.373930353623855
100,0.45,0.1875,11.129543016729222
100,0.45,0.225,13.953141623251117
100,0.45,0.2625,19.612243299025984
100,0.45,0.3,38.07127007695261
100,0.45,0.3375,1000.0
100,0.45,0.375,1000.0
100,0.45,0.4125,1000.0
100,0.45,0.45,1000.0
100,0.45,0.4875,1000.0
100,0.45,0.525,1000.0
100,0.45,0.5625,1000.0
100,0.45,0.6,1000.0
100,0.45,0.6375,1000.0
100,0.45,0.675,1000.0
100,0.45,0.7125,1000.0
100,0.45,0.75,1000.0
100,0.45,0.7875,1000.0
100,0.45,0.825,1000.0
100,0.45,0.8625,1000.0
100,0.45,0.9,1000.0
100,0.45,0.9375,1000.0
100,0.45,0.975,1000.0
100,0.45,1.0125,1000.0
100,0.45,1.05,1000.0
100,0.45,1.0875,1000.0
100,0.45,1.125,1000.0
100,0.45,1.1625,1000.0
100,0.45,1.2,1000.0
100,0.45,1.2375,1000.0
100,0.45,1.275,1000.0
100,0.45,1.3125,1000.0
100,0.45,1.35,1000.0
100,0.45,1.3875,1000.0
100,0.45,1.425,1000.0
100,0.45,1.4625,1000.0
100,0.45,1.5,1000.0
100,0.4875,-1.5,1.988159702807501
100,0.4875,-1.4625,1.9924020444402972
100,0.4875,-1.425,1.9969129295817452
100,0.4875,-1.3875,2.001712047548815
100,0.4875,-1.35,2.0068209299851283
100,0.4875,-1.3125,2.012263165714274
100,0.4875,-1.275,2.01806464639464
100,0.4875,-1.2375,2.024253848147633
100,0.4875,-1.2,2.03086215533714
100,0.4875,-1.1625,2.0379242339169883
100,0.4875,-1.125,2.0454784632931795
100,0.4875,-1.0875,2.0535674375447392
100,0.4875,-1.05,2.062238549209191
100,0.4875,-1.0125,2.071544671794817
100,0.4875,-0.975,2.0815449609007435
100,0.4875,-0.9375,2.092305798532102
100,0.4875,-0.9,2.1039019111895954
100,0.4875,-0.8625,2.116417699992756
100,0.4875,-0.825,2.12994883100826
100,0.4875,-0.7875,2.144604146842614
100,0.4875,-0.75,2.1605079774477405
100,0.4875,-0.7125,2.1778029504058396
100,0.4875,-0.675,2.196653430713902
100,0.4875,-0.6375,2.2172497601327645
100,0.4875,-0.6,2.2398135206061047
100,0.4875,-0.5625,2.264604121071629
100,0.4875,-0.525,2.2919271110064097
100,0.4875,-0.4875,2.3221447704878644
100,0.4875,-0.45,2.355689735509512
100,0.4875,-0.4125,2.3930827198418867
100,0.4875,-0.375,2.4349558397959497
100,0.4875,-0.3375,2.482083714365246
100,0.4875,-0.3,2.535425529173067
100,0.4875,-0.2625,2.5961828345115965
100,0.4875,-0.225,2.665880367249178
100,0.4875,-0.1875,2.7464813003173334
100,0.4875,-0.15,2.8405552256665287
100,0.4875,-0.1125,2.9515290988557945
100,0.4875,-0.075,3.0840725903132977
100,0.4875,-0.0375,3.2447080508071817
100,0.4875,0.0,3.4428067241955143
100,0.4875,0.0375,3.692256171580236
100,0.4875,0.075,4.014217171109431
100,0.4875,0.1125,4.4416969993781015
100,0.4875,0.15,9.50787814457406
100,0.4875,0.1875,11.417740254899043
100,0.4875,0.225,14.514657743705586
100,0.4875,0.2625,20.7007354442438
100,0.4875,0.3,40.537864948454846
100,0.4875,0.3375,1000.0
100,0.4875,0.375,1000.0
100,0.4875,0.4125,1000.0
100,0.4875,0.45,1000.0
100,0.4875,0.4875,1000.0
100,0.4875,0.525,1000.0
100,0.4875,0.5625,1000.0
100,0.4875,0.6,1000.0
100,0.4875,0.6375,1000.0
100,0.4875,0.675,1000.0
100,0.4875,0.7125,1000.0
100,0.4875,0.75,1000.0
100,0.4875,0.7875,1000.0
100,0.4875,0.825,1000.0
100,0.4875,0.8625,1000.0
100,0.4875,0.9,1000.0
100,0.4875,0.9375,1000.0
100,0.4875,0.975,1000.0
100,0.4875,1.0125,1000.0
100,0.4875,1.05,1000.0
100,0.4875,1.0875,1000.0
100,0.4875,1.125,1000.0
100,0.4875,1.1625,1000.0
100,0.4875,1.2,1000.0
100,0.4875,1.2375,1000.0
100,0.4875,1.275,1000.0
100,0.4875,1.3125,1000.0
100,0.4875,1.35,1000.0
100,0.4875,1.3875,1000.0
100,0.4875,1.425,1000.0
100,0.4875,1.4625,1000.0
100,0.4875,1.5,1000.0
100,0.525,-1.5,1.9997195833263237
100,0.525,-1.4625,2.004413881070812
100,0.525,-1.425,2.009399602802011
100,0.525,-1.3875,2.0146980820631093
100,0.525,-1.35,2.0203326511754436
100,0.525,-1.3125,2.0263288749283883
100,0.525,-1.275,2.032714817820121
100,0.525,-1.2375,2.0395213504966723
100,0.525,-1.2,2.0467825021400965
100,0.525,-1.1625,2.054535866915518
100,0.525,-1.125,2.062823074265268
100,0.525,-1.0875,2.071690334920101
100,0.525,-1.05,2.081189077090953
100,0.525,-1.0125,2.0913766905518476
100,0.525,-0.975,2.1023174004123852
100,0.525,-0.9375,2.1140832975546644
100,0.525,-0.9,2.126755559305265
100,0.525,-0.8625,2.14042590237347
100,0.525,-0.825,2.15519832101561
100,0.525,-0.7875,2.1711911776082884
100,0.525,-0.75,2.1885397314698003
100,0.525,-0.7125,2.2073992164481115
100,0.525,-0.675,2.227948610732267
100,0.525,-0.6375,2.250395286727692
100,0.525,-0.6,2.2749807892536156
100,0.525,-0.5625,2.3019880734687947
100,0.525,-0.525,2.331750649711145
100,0.525,-0.4875,2.3646642457049953
100,0.525,-0.45,2.401201829990174
100,0.525,-0.4125,2.441933179061646
100,0.525,-0.375,2.4875506699997736
100,0.525,-0.3375,2.5389037295962025
100,0.525,-0.3,2.59704551712826
100,0.525,-0.2625,2.663297208890349
100,0.525,-0.225,2.7393381175767417
100,0.525,-0.1875,2.827334583852922
100,0.525,-0.15,2.930128530048849
100,0.525,-0.1125,3.0515204563203917
100,0.525,-0.075,3.1967068283355737
100,0.525,-0.0375,3.3729793221055955
100,0.525,0.0,3.5908872289237506
100,0.525,0.0375,3.8662582681397533
100,0.525,0.075,4.223886304102165
100,0.525,0.1125,4.704525318566369
100,0.525,0.15,5.378085829390867
100,0.525,0.1875,11.601670342188628
100,0.525,0.225,14.87637781586781
100,0.525,0.2625,21.440136139811987
100,0.525,0.3,42.42487627431391
100,0.525,0.3375,1000.0
100,0.525,0.375,1000.0
100,0.525,0.4125,1000.0
100,0.525,0.45,1000.0
100,0.525,0.4875,1000.0
100,0.525,0.525,1000.0
100,0.525,0.5625,1000.0
100,0.525,0.6,1000.0
100,0.525,0.6375,1000.0
100,0.525,0.675,1000.0
100,0.525,0.7125,1000.0
100,0.525,0.75,1000.0
100,0.525,0.7875,1000.0
100,0.525,0.825,1000.0
100,0.525,0.8625,1000.0
100,0.525,0.9,1000.0
100,0.525,0.9375,1000.0
100,0.525,0.975,1000.0
100,0.525,1.0125,1000.0
100,0.525,1.05,1000.0
100,0.525,1.0875,1000.0
100,0.525,1.125,1000.0
100,0.525,1.1625,1000.0
100,0.525,1.2,1000.0
100,0.525,1.2375,1000.0
100,0.525,1.275,1000.0
100,0.525,1.3125,1000.0
100,0.525,1.35,1000.0
100,0.525,1.3875,1000.0
100,0.525,1.425,1000.0
100,0.525,1.4625,1000.0
100,0.525,1.5,1000.0
100,0.5625,-1.5,2.0117544780856322
100,0.5625,-1.4625,2.0169118341738432
100,0.5625,-1.425,2.0223839660371867
100,0.5625,-1.3875,2.0281938802742823
100,0.5625,-1.35,2.03436674100199
100,0.5625,-1.3125,2.0409301225970884
100,0.5625,-1.275,2.047914298759798
100,0.5625,-1.2375,2.055352574024111
100,0.5625,-1.2,2.0632816650411594
100,0.5625,-1.1625,2.0717421404403615
100,0.5625,-1.125,2.0807789298999966
100,0.5625,-1.0875,2.0904419153248464
100,0.5625,-1.05,2.1007866198525535
100,0.5625,-1.0125,2.1118750139472717
100,0.5625,-0.975,2.1237764622940296
100,0.5625,-0.9375,2.1365688408507366
100,0.5625,-0.9,2.150339860609777
100,0.5625,-0.8625,2.1651886438551267
100,0.5625,-0.825,2.181227610635877
100,0.5625,-0.7875,2.1985847487190426
100,0.5625,-0.75,2.217406360684748
100,0.5625,-0.7125,2.237860408831445
100,0.5625,-0.675,2.260140614627801
100,0.5625,-0.6375,2.2844715180883486
100,0.5625,-0.6,2.31111476871888
100,0.5625,-0.5625,2.34037701096095
100,0.5625,-0.525,2.3726198542977794
100,0.5625,-0.4875,2.4082725977942365
100,0.5625,-0.45,2.4478486359026808
100,0.5625,-0.4125,2.4919668457975086
100,0.5625,-0.375,2.541379807859188
100,0.5625,-0.3375,2.597011539549945
100,0.5625,-0.3,2.660008692693799
100,0.5625,-0.2625,2.7318111521251804
100,0.5625,-0.225,2.814251160826906
100,0.5625,-0.1875,2.909695343523117
100,0.5625,-0.15,3.0212528985739464
100,0.5625,-0.1125,3.1530888320288204
100,0.5625,-0.075,3.3109095363844165
100,0.5625,-0.0375,3.502742127989104
100,0.5625,0.0,3.740237300060875
100,0.5625,0.0375,4.04095551170429
100,0.5625,0.075,4.432619138462113
100,0.5625,0.1125,4.961592075196854
100,0.5625,0.15,5.711146157998609
100,0.5625,0.1875,6.841861243569605
100,0.5625,0.225,15.18053591350295
100,0.5625,0.2625,22.01489696149995
100,0.5625,0.3,43.86873463349058
100,0.5625,0.3375,1000.0
100,0.5625,0.375,1000.0
100,0.5625,0.4125,1000.0
100,0.5625,0.45,1000.0
100,0.5625,0.4875,1000.0
100,0.5625,0.525,1000.0
100,0.5625,0.5625,1000.0
100,0.5625,0.6,1000.0
100,0.5625,0.6375,1000.0
100,0.5625,0.675,1000.0
100,0.5625,0.7125,1000.0
100,0.5625,0.75,1000.0
100,0.5625,0.7875,1000.0
100,0.5625,0.825,1000.0
100,0.5625,0.8625,1000.0
100,0.5625,0.9,1000.0
100,0.5625,0.9375,1000.0
100,0.5625,0.975,1000.0
100,0.5625,1.0125,1000.0
100,0.5625,1.05,1000.0
100,0.5625,1.0875,1000.0
100,0.5625,1.125,1000.0
100,0.5625,1.1625,1000.0
100,0.5625,1.2,1000.0
100,0.5625,1.2375,1000.0
100,0.5625,1.275,1000.0
100,0.5625,1.3125,1000.0
100,0.5625,1.35,1000.0
100,0.5625,1.3875,1000.0
100,0.5625,1.425,1000.0
100,0.5625,1.4625,1000.0
100,0.5625,1.5,1000.0
100,0.6,-1.5,2.024253127785491
100,0.6,-1.4625,2.0298842551032332
100,0.6,-1.425,2.035853962614841
100,0.6,-1.3875,2.0421869577338287
100,0.6,-1.35,2.0489102663642735
100,0.6,-1.3125,2.0560535049104525
100,0.6,-1.275,2.063649191402357
100,0.6,-1.2375,2.0717331023427374
100,0.6,-1.2,2.0803446831800274
100,0.6,-1.1625,2.089527521910297
100,0.6,-1.125,2.099329897286591
100,0.6,-1.0875,2.10980541556445
100,0.6,-1.05,2.12101375276674
100,0.6,-1.0125,2.133021523277475
100,0.6,-0.975,2.145903300395267
100,0.6,-0.9375,2.1597428205865383
100,0.6,-0.9,2.1746344109704587
100,0.6,-0.8625,2.190684689571531
100,0.6,-0.825,2.2080146008110577
100,0.6,-0.7875,2.226761865560685
100,0.6,-0.75,2.247083947211142
100,0.6,-0.7125,2.26916166451731
100,0.6,-0.675,2.293203621146684
100,0.6,-0.6375,2.319451674703192
100,0.6,-0.6,2.348187740037185
100,0.6,-0.5625,2.379742320944067
100,0.6,-0.525,2.414505302839805
100,0.6,-0.4875,2.4529397346340702
100,0.6,-0.45,2.4955996082228062
100,0.6,-0.4125,2.543153051402395
100,0.6,-0.375,2.5964129520204584
100,0.6,-0.3375,2.6563779367947724
100,0.6,-0.3,2.7242880174446364
100,0.6,-0.2625,2.8017013942424858
100,0.6,-0.225,2.8906024025659023
100,0.6,-0.1875,2.993556350745105
100,0.6,-0.15,3.113936786338354
100,0.6,-0.1125,3.256267927527636
100,0.6,-0.075,3.4267564050757624
100,0.6,-0.0375,3.6341464221485364
100,0.6,0.0,3.891152991510127
100,0.6,0.0375,4.216985544787631
100,0.6,0.075,4.6420666034858975
100,0.6,0.1125,5.217538950408248
100,0.6,0.15,6.036324100455576
100,0.6,0.1875,7.285681684300163
100,0.6,0.225,9.367570185322553
100,0.6,0.2625,22.509844205111072
100,0.6,0.3,45.06925422516687
100,0.6,0.3375,1000.0
100,0.6,0.375,1000.0
100,0.6,0.4125,1000.0
100,0.6,0.45,1000.0
100,0.6,0.4875,1000.0
100,0.6,0.525,1000.0
100,0.6,0.5625,1000.0
100,0.6,0.6,1000.0
100,0.6,0.6375,1000.0
100,0.6,0.675,1000.0
100,0.6,0.7125,1000.0
100,0.6,0.75,1000.0
100,0.6,0.7875,1000.0
100,0.6,0.825,1000.0
100,0.6,0.8625,1000.0
100,0.6,0.9,1000.0
100,0.6,0.9375,1000.0
100,0.6,0.975,1000.0
100,0.6,1.0125,1000.0
100,0.6,1.05,1000.0
100,0.6,1.0875,1000.0
100,0.6,1.125,1000.0
100,0.6,1.1625,1000.0
100,0.6,1.2,1000.0
100,0.6,1.2375,1000.0
100,0.6,1.275,1000.0
100,0.6,1.3125,1000.0
100,0.6,1.35,1000.0
100,0.6,1.3875,1000.0
100,0.6,1.425,1000.0
100,0.6,1.4625,1000.0
100,0.6,1.5,1000.0
100,0.6375,-1.5,2.0372042212708132
100,0.6375,-1.4625,2.043319445753395
100,0.6375,-1.425,2.0497974887461208
100,0.6375,-1.3875,2.0566647851167135
100,0.6375,-1.35,2.063950251358489
100,0.6375,-1.3125,2.071685577081738
100,0.6375,-1.275,2.079905558439316
100,0.6375,-1.2375,2.0886484805757255
100,0.6375,-1.2,2.097956557585903
100,0.6375,-1.1625,2.1078764401891403
100,0.6375,-1.125,2.1184598034476467
100,0.6375,-1.0875,2.129764029494512
100,0.6375,-1.05,2.1418530035208083
100,0.6375,-1.0125,2.154798045388281
100,0.6375,-0.975,2.1686790044211013
100,0.6375,-0.9375,2.1835855515057867
100,0.6375,-0.9,2.199618711016504
100,0.6375,-0.8625,2.2168926858556217
100,0.6375,-0.825,2.235537042832787
100,0.6375,-0.7875,2.2556993437635686
100,0.6375,-0.75,2.2775483315211305
100,0.6375,-0.7125,2.3012778118743564
100,0.6375,-0.675,2.327111414189689
100,0.6375,-0.6375,2.3553084710931995
100,0.6375,-0.6,2.386171334949554
100,0.6375,-0.5625,2.420054556237229
100,0.6375,-0.525,2.4573764985135167
100,0.6375,-0.4875,2.4986341761162683
100,0.6375,-0.45,2.5444224037644325
100,0.6375,-0.4125,2.595458788007587
100,0.6375,-0.375,2.6526167422358387
100,0.6375,-0.3375,2.716969688030163
100,0.6375,-0.3,2.7898511116093587
100,0.6375,-0.2625,2.8729375063470757
100,0.6375,-0.225,2.9683650274353828
100,0.6375,-0.1875,3.0788969469891287
100,0.6375,-0.15,3.2081696456107447
100,0.6375,-0.1125,3.3610636056324443
100,0.6375,-0.075,3.5442801160758006
100,0.6375,-0.0375,3.7672698709651478
100,0.6375,0.0,4.043791505434172
100,0.6375,0.0375,4.394660568510672
100,0.6375,0.075,4.852901043157937
100,0.6375,0.1125,5.474158363214946
100,0.6375,0.15,6.359903257288892
100,0.6375,0.1875,7.716344327192535
100,0.6375,0.225,10.03368602006587
100,0.6375,0.2625,22.845757549654014
100,0.6375,0.3,46.223625853358435
100,0.6375,0.3375,1000.0
100,0.6375,0.375,1000.0
100,0.6375,0.4125,1000.0
100,0.6375,0.45,1000.0
100,0.6375,0.4875,1000.0
100,0.6375,0.525,1000.0
100,0.6375,0.5625,1000.0
100,0.6375,0.6,1000.0
100,0.6375,0.6375,1000.0
100,0.6375,0.675,1000.0
100,0.6375,0.7125,1000.0
100,0.6375,0.75,1000.0
100,0.6375,0.7875,1000.0
100,0.6375,0.825,1000.0
100,0.6375,0.8625,1000.0
100,0.6375,0.9,1000.0
100,0.6375,0.9375,1000.0
100,0.6375,0.975,1000.0
100,0.6375,1.0125,1000.0
100,0.6375,1.05,1000.0
100,0.6375,1.0875,1000.0
100,0.6375,1.125,1000.0
100,0.6375,1.1625,1000.0
100,0.6375,1.2,1000.0
100,0.6375,1.2375,1000.0
100,0.6375,1.275,1000.0
100,0.6375,1.3125,1000.0
100,0.6375,1.35,1000.0
100,0.6375,1.3875,1000.0
100,0.6375,1.425,1000.0
100,0.6375,1.4625,1000.0
100,0.6375,1.5,1000.0
100,0.675,-1.5,2.0505964513965704
100,0.675,-1.4625,2.057205716498285
100,0.675,-1.425,2.064202453690601
100,0.675,-1.3875,2.0716148507827716
100,0.675,-1.35,2.0794737424275884
100,0.675,-1.3125,2.087812921303719
100,0.675,-1.275,2.096669494074921
100,0.675,-1.2375,2.1060842897026153
100,0.675,-1.2,2.1161023291837706
100,0.675,-1.1625,2.126773367626293
100,0.675,-1.125,2.1381525218475375
100,0.675,-1.0875,2.150300999502322
100,0.675,-1.05,2.163286949263381
100,0.675,-1.0125,2.1771864559844434
100,0.675,-0.975,2.1920847103305343
100,0.675,-0.9375,2.2080773894022876
100,0.675,-0.9,2.225272293866415
100,0.675,-0.8625,2.243791298646296
100,0.675,-0.825,2.2637726891582335
100,0.675,-0.7875,2.2853739745417485
100,0.675,-0.75,2.308775294905148
100,0.675,-0.7125,2.334183573495071
100,0.675,-0.675,2.36183761001201
100,0.675,-0.6375,2.3920143724728713
100,0.675,-0.6,2.425036828477896
100,0.675,-0.5625,2.4612837718506655
100,0.675,-0.525,2.501202261292059
100,0.675,-0.4875,2.545323514846143
100,0.675,-0.45,2.5942834296091872
100,0.675,-0.4125,2.6488493699800033
100,0.675,-0.375,2.7099555687011603
100,0.675,-0.3375,2.778750540501225
100,0.675,-0.3,2.8566615292102093
100,0.675,-0.2625,2.9454835532005803
100,0.675,-0.225,3.0475047032850444
100,0.675,-0.1875,3.1656860986942426
100,0.675,-0.15,3.3039263935608676
100,0.675,-0.1125,3.4674609452841505
100,0.675,-0.075,3.6634827528544536
100,0.675,-0.0375,3.902143066056395
100,0.675,0.0,4.198232284446476
100,0.675,0.0375,4.574147818672389
100,0.675,0.075,5.065462628803078
100,0.675,0.1125,5.732198453562622
100,0.675,0.15,6.684000230094501
100,0.675,0.1875,8.144297028649389
100,0.675,0.225,10.64792595096275
100,0.675,0.2625,15.859256496482065
100,0.675,0.3,46.53037283208538
100,0.675,0.3375,1000.0
100,0.675,0.375,1000.0
100,0.675,0.4125,1000.0
100,0.675,0.45,1000.0
100,0.675,0.4875,1000.0
100,0.675,0.525,1000.0
100,0.675,0.5625,1000.0
100,0.675,0.6,1000.0
100,0.675,0.6375,1000.0
100,0.675,0.675,1000.0
100,0.675,0.7125,1000.0
100,0.675,0.75,1000.0
100,0.675,0.7875,1000.0
100,0.675,0.825,1000.0
100,0.675,0.8625,1000.0
100,0.675,0.9,1000.0
100,0.675,0.9375,1000.0
100,0.675,0.975,1000.0
100,0.675,1.0125,1000.0
100,0.675,1.05,1000.0
100,0.675,1.0875,1000.0
100,0.675,1.125,1000.0
100,0.675,1.1625,1000.0
100,0.675,1.2,1000.0
100,0.675,1.2375,1000.0
100,0.675,1.275,1000.0
100,0.675,1.3125,1000.0
100,0.675,1.35,1000.0
100,0.675,1.3875,1000.0
100,0.675,1.425,1000.0
100,0.675,1.4625,1000.0
100,0.675,1.5,1000.0
100,0.7125,-1.5,2.0644185657775997
100,0.7125,-1.4625,2.0715314388547257
100,0.7125,-1.425,2.0790568344802334
100,0.7125,-1.3875,2.0870247177268464
100,0.7125,-1.35,2.095467867724995
100,0.7125,-1.3125,2.1044222087386686
100,0.7125,-1.275,2.1139271888850253
100,0.7125,-1.2375,2.12402621456507
100,0.7125,-1.2,2.1347671502671113
100,0.7125,-1.1625,2.1462028953666192
100,0.7125,-1.125,2.1583920519696598
100,0.7125,-1.0875,2.1713997008540757
100,0.7125,-1.05,2.1852983063116445
100,0.7125,-1.0125,2.200168775393454
100,0.7125,-0.975,2.2161017029836265
100,0.7125,-0.9375,2.233198841636834
100,0.7125,-0.9,2.2515748446990838
100,0.7125,-0.8625,2.271359343544001
100,0.7125,-0.825,2.2926994356882884
100,0.7125,-0.7875,2.315762681319618
100,0.7125,-0.75,2.3407407330647096
100,0.7125,-0.7125,2.367853760000883
100,0.7125,-0.675,2.3973558752960598
100,0.7125,-0.6375,2.429541842196947
100,0.7125,-0.6,2.4647554222284676
100,0.7125,-0.5625,2.5033998524495664
100,0.7125,-0.525,2.5459511103071106
100,0.7125,-0.4875,2.5929748674308537
100,0.7125,-0.45,2.64514838185858
100,0.7125,-0.4125,2.7032890849428672
100,0.7125,-0.375,2.768392369011488
100,0.7125,-0.3375,2.841682211341156
100,0.7125,-0.3,2.9246800051471538
100,0.7125,-0.2625,3.0192996922193984
100,0.7125,-0.225,3.12798167194738
100,0.7125,-0.1875,3.2538851959394797
100,0.7125,-0.15,3.4011712710956576
100,0.7125,-0.1125,3.5754297781476394
100,0.7125,-0.075,3.7843442099622804
100,0.7125,-0.0375,4.0387634352990975
100,0.7125,0.0,4.354503203813106
100,0.7125,0.0375,4.755529097272088
100,0.7125,0.075,5.2799332463089526
100,0.7125,0.1125,5.992044855264807
100,0.7125,0.15,7.009504450902252
100,0.7125,0.1875,8.572370943961317
100,0.7125,0.225,11.256559339920505
100,0.7125,0.2625,16.867922931029085
100,0.7125,0.3,44.95506248290682
100,0.7125,0.3375,1000.0
100,0.7125,0.375,1000.0
100,0.7125,0.4125,1000.0
100,0.7125,0.45,1000.0
100,0.7125,0.4875,1000.0
100,0.7125,0.525,1000.0
100,0.7125,0.5625,1000.0
100,0.7125,0.6,1000.0
100,0.7125,0.6375,1000.0
100,0.7125,0.675,1000.0
100,0.7125,0.7125,1000.0
100,0.7125,0.75,1000.0
100,0.7125,0.7875,1000.0
100,0.7125,0.825,1000.0
100,0.7125,0.8625,1000.0
100,0.7125,0.9,1000.0
100,0.7125,0.9375,1000.0
100,0.7125,0.975,1000.0
100,0.7125,1.0125,1000.0
100,0.7125,1.05,1000.0
100,0.7125,1.0875,1000.0
100,0.7125,1.125,1000.0
100,0.7125,1.1625,1000.0
100,0.7125,1.2,1000.0
100,0.7125,1.2375,1000.0
100,0.7125,1.275,1000.0
100,0.7125,1.3125,1000.0
100,0.7125,1.35,1000.0
100,0.7125,1.3875,1000.0
100,0.7125,1.425,1000.0
100,0.7125,1.4625,1000.0
100,0.7125,1.5,1000.0
100,0.75,-1.5,2.078659411804524
100,0.75,-1.4625,2.0862850921736573
100,0.75,-1.425,2.094348724417119
100,0.75,-1.3875,2.102882074031159
100,0.75,-1.35,2.111919889689232
100,0.75,-1.3125,2.1215002544059796
100,0.75,-1.275,2.131664987235647
100,0.75,-1.2375,2.1424601040664664
100,0.75,-1.2,2.1539363477667055
100,0.75,-1.1625,2.1661498000221706
100,0.75,-1.125,2.1791625897794065
100,0.75,-1.0875,2.1930437164029914
100,0.75,-1.05,2.207870009637944
100,0.75,-1.0125,2.223727253460355
100,0.75,-0.975,2.240711507192132
100,0.75,-0.9375,2.258930665236024
100,0.75,-0.9,2.2785063069718934
100,0.75,-0.8625,2.2995759014412567
100,0.75,-0.825,2.322295448381253
100,0.75,-0.7875,2.346842659248665
100,0.75,-0.75,2.3734208108943564
100,0.75,-0.7125,2.4022634430156358
100,0.75,-0.675,2.43364012196804
100,0.75,-0.6375,2.4678635630113592
100,0.75,-0.6,2.505298497896817
100,0.75,-0.5625,2.5463728055530437
100,0.75,-0.525,2.5915916063409394
100,0.75,-0.4875,2.641555278771617
100,0.75,-0.45,2.696982728196493
100,0.75,-0.4125,2.758741776549903
100,0.75,-0.375,2.827889340751915
100,0.75,-0.3375,2.905725270492462
100,0.75,-0.3,2.9938655647837007
100,0.75,-0.2625,3.094343589505208
100,0.75,-0.225,3.209752587156488
100,0.75,-0.1875,3.3434504837154955
100,0.75,-0.15,3.499861130641374
100,0.75,-0.1125,3.6849292545256365
100,0.75,-0.075,3.9068287535029276
100,0.75,-0.0375,4.177105120971777
100,0.75,0.0,4.51259652086631
100,0.75,0.0375,4.938829571226968
100,0.75,0.075,5.496399023174939
100,0.75,0.1125,6.253902484709601
100,0.75,0.15,7.336877315815696
100,0.75,0.1875,9.001724603864183
100,0.75,0.225,11.864286006766262
100,0.75,0.2625,17.859517018353948
100,0.75,0.3,37.71246998681438
100,0.75,0.3375,1000.0
100,0.75,0.375,1000.0
100,0.75,0.4125,1000.0
100,0.75,0.45,1000.0
100,0.75,0.4875,1000.0
100,0.75,0.525,1000.0
100,0.75,0.5625,1000.0
100,0.75,0.6,1000.0
100,0.75,0.6375,1000.0
100,0.75,0.675,1000.0
100,0.75,0.7125,1000.0
100,0.75,0.75,1000.0
100,0.75,0.7875,1000.0
100,0.75,0.825,1000.0
100,0.75,0.8625,1000.0
100,0.75,0.9,1000.0
100,0.75,0.9375,1000.0
100,0.75,0.975,1000.0
100,0.75,1.0125,1000.0
100,0.75,1.05,1000.0
100,0.75,1.0875,1000.0
100,0.75,1.125,1000.0
100,0.75,1.1625,1000.0
100,0.75,1.2,1000.0
100,0.75,1.2375,1000.0
100,0.75,1.275,1000.0
100,0.75,1.3125,1000.0
100,0.75,1.35,1000.0
100,0.75,1.3875,1000.0
100,0.75,1.425,1000.0
100,0.75,1.4625,1000.0
100,0.75,1.5,1000.0
100,0.7875,-1.5,2.0933079757075705
100,0.7875,-1.4625,2.101455304104439
100,0.7875,-1.425,2.1100663750481954
100,0.7875,-1.3875,2.119174776474521
100,0.7875,-1.35,2.1288172504284137
100,0.7875,-1.3125,2.1390340645023054
100,0.7875,-1.275,2.1498694367221014
100,0.7875,-1.2375,2.1613720229406117
100,0.7875,-1.2,2.1735954775919373
100,0.7875,-1.1625,2.186599100867664
100,0.7875,-1.125,2.2004485881015707
100,0.7875,-1.0875,2.2152169005320004
100,0.7875,-1.05,2.2309852808283055
100,0.7875,-1.0125,2.2478444420542587
100,0.7875,-0.975,2.2658959654057216
100,0.7875,-0.9375,2.285253950512074
100,0.7875,-0.9,2.306046972878736
100,0.7875,-0.8625,2.32842041691048
100,0.7875,-0.825,2.352539270895397
100,0.7875,-0.7875,2.378591493722818
100,0.7875,-0.75,2.406792093858447
100,0.7875,-0.7125,2.437388101864346
100,0.7875,-0.675,2.470664672284469
100,0.7875,-0.6375,2.506952624375972
100,0.7875,-0.6,2.5466378316956737
100,0.7875,-0.5625,2.5901730092788555
100,0.7875,-0.525,2.6380926408835235
100,0.7875,-0.4875,2.6910320628237483
100,0.7875,-0.45,2.749752113994728
100,0.7875,-0.4125,2.8151713340495785
100,0.7875,-0.375,2.8884085388630534
100,0.7875,-0.3375,2.9708398790271504
100,0.7875,-0.3,3.0641764490462795
100,0.7875,-0.2625,3.170571596115557
100,0.7875,-0.225,3.2927720341794116
100,0.7875,-0.1875,3.4343350597750475
100,0.7875,-0.15,3.599948114553555
100,0.7875,-0.1125,3.795911515396151
100,0.7875,-0.075,4.03089019034176
100,0.7875,-0.0375,4.317126498767156
100,0.7875,0.0,4.672480295625973
100,0.7875,0.0375,5.124036238407689
100,0.7875,0.075,5.714883349740902
100,0.7875,0.1125,6.517866189312767
100,0.7875,0.15,7.666362817964245
100,0.7875,0.1875,9.432955695957904
100,0.7875,0.225,12.472852494633125
100,0.7875,0.2625,18.846869541194103
100,0.7875,0.3,40.00894870752589
100,0.7875,0.3375,1000.0
100,0.7875,0.375,1000.0
100,0.7875,0.4125,1000.0
100,0.7875,0.45,1000.0
100,0.7875,0.4875,1000.0
100,0.7875,0.525,1000.0
100,0.7875,0.5625,1000.0
100,0.7875,0.6,1000.0
100,0.7875,0.6375,1000.0
100,0.7875,0.675,1000.0
100,0.7875,0.7125,1000.0
100,0.7875,0.75,1000.0
100,0.7875,0.7875,1000.0
100,0.7875,0.825,1000.0
100,0.7875,0.8625,1000.0
100,0.7875,0.9,1000.0
100,0.7875,0.9375,1000.0
100,0.7875,0.975,1000.0
100,0.7875,1.0125,1000.0
100,0.7875,1.05,1000.0
100,0.7875,1.0875,1000.0
100,0.7875,1.125,1000.0
100,0.7875,1.1625,1000.0
100,0.7875,1.2,1000.0
100,0.7875,1.2375,1000.0
100,0.7875,1.275,1000.0
100,0.7875,1.3125,1000.0
100,0.7875,1.35,1000.0
100,0.7875,1.3875,1000.0
100,0.7875,1.425,1000.0
100,0.7875,1.4625,1000.0
100,0.7875,1.5,1000.0
100,0.825,-1.5,2.1083534157424006
100,0.825,-1.4625,2.117030884898524
100,0.825,-1.425,2.1261982316736034
100,0.825,-1.3875,2.135890887343605
100,0.825,-1.35,2.1461476099460577
100,0.825,-1.3125,2.1570108761691387
100,0.825,-1.275,2.168527329624134
100,0.825,-1.2375,2.180748295062037
100,0.825,-1.2,2.1937303699898507
100,0.825,-1.1625,2.207536107472885
100,0.825,-1.125,2.222234806787815
100,0.825,-1.0875,2.237903432162696
100,0.825,-1.05,2.254627684293207
100,0.825,-1.0125,2.2725032549067623
100,0.825,-0.975,2.291637301683823
100,0.825,-0.9375,2.3121501897717933
100,0.825,-0.9,2.3341775575205426
100,0.825,-0.8625,2.3578727787101283
100,0.825,-0.825,2.383409912491296
100,0.825,-0.7875,2.41098725697151
100,0.825,-0.75,2.4408316548647813
100,0.825,-0.7125,2.4732037426925197
100,0.825,-0.675,2.5084043926428694
100,0.825,-0.6375,2.5467826740323307
100,0.825,-0.6,2.5887457675519063
100,0.825,-0.5625,2.6347714121001795
100,0.825,-0.525,2.6854236687820627
100,0.825,-0.4875,2.7413730763487854
100,0.825,-0.45,2.803422687917667
100,0.825,-0.4125,2.872542083971321
100,0.825,-0.375,2.949912352465761
100,0.825,-0.3375,3.03698637696361
100,0.825,-0.3,3.135570848808507
100,0.825,-0.2625,3.247939678743199
100,0.825,-0.225,3.376993727533671
100,0.825,-0.1875,3.5264904420486953
100,0.825,-0.15,3.70138174463504
100,0.825,-0.1125,3.908324536360001
100,0.825,-0.075,4.156475832003871
100,0.825,-0.0375,4.458775859478803
100,0.825,0.0,4.834106818115127
100,0.825,0.0375,5.311110992372578
100,0.825,0.075,5.935368432097453
100,0.825,0.1125,6.783960003046756
100,0.825,0.15,7.9980735604423145
100,0.825,0.1875,9.866380526783244
100,0.825,0.225,13.083137444275666
100,0.825,0.2625,19.83351644866593
100,0.825,0.3,42.276539662767874
100,0.825,0.3375,1000.0
100,0.825,0.375,1000.0
100,0.825,0.4125,1000.0
100,0.825,0.45,1000.0
100,0.825,0.4875,1000.0
100,0.825,0.525,1000.0
100,0.825,0.5625,1000.0
100,0.825,0.6,1000.0
100,0.825,0.6375,1000.0
100,0.825,0.675,1000.0
100,0.825,0.7125,1000.0
100,0.825,0.75,1000.0
100,0.825,0.7875,1000.0
100,0.825,0.825,1000.0
100,0.825,0.8625,1000.0
100,0.825,0.9,1000.0
100,0.825,0.9375,1000.0
100,0.825,0.975,1000.0
100,0.825,1.0125,1000.0
100,0.825,1.05,1000.0
100,0.825,1.0875,1000.0
100,0.825,1.125,1000.0
100,0.825,1.1625,1000.0
100,0.825,1.2,1000.0
100,0.825,1.2375,1000.0
100,0.825,1.275,1000.0
100,0.825,1.3125,1000.0
100,0.825,1.35,1000.0
100,0.825,1.3875,1000.0
100,0.825,1.425,1000.0
100,0.825,1.4625,1000.0
100,0.825,1.5,1000.0
100,0.8625,-1.5,2.1237850897735266
100,0.8625,-1.4625,2.1330008558391578
100,0.8625,-1.425,2.142732962687159
100,0.8625,-1.3875,2.1530187047573044
100,0.8625,-1.35,2.1638988775325387
100,0.8625,-1.3125,2.175418190046531
100,0.8625,-1.275,2.1876257367310767
100,0.8625,-1.2375,2.200575538668569
100,0.8625,-1.2,2.214327166310906
100,0.8625,-1.1625,2.2289464581811407
100,0.8625,-1.125,2.244506353105795
100,0.8625,-1.0875,2.2610878572872877
100,0.8625,-1.05,2.278781172215942
100,0.8625,-1.0125,2.2976870153006357
100,0.8625,-0.975,2.317918172509816
100,0.8625,-0.9375,2.3396013317167164
100,0.8625,-0.9,2.362879257444485
100,0.8625,-0.8625,2.387913383130886
100,0.8625,-0.825,2.4148869169960054
100,0.8625,-0.7875,2.444008583632008
100,0.8625,-0.75,2.4755171576613266
100,0.8625,-0.7125,2.5096869911904762
100,0.8625,-0.675,2.5468347975036876
100,0.8625,-0.6375,2.587328035465482
100,0.8625,-0.6,2.631595351063961
100,0.8625,-0.5625,2.6801396870573915
100,0.8625,-0.525,2.733554887527181
100,0.8625,-0.4875,2.792546929511804
100,0.8625,-0.45,2.857961351978724
100,0.8625,-0.4125,2.9308190903980287
100,0.8625,-0.375,3.0123638697137576
100,0.8625,-0.3375,3.1041257321205893
100,0.8625,-0.3,3.2080074643679746
100,0.8625,-0.2625,3.3264041268651665
100,0.8625,-0.225,3.4623714182514855
100,0.8625,-0.1875,3.61986775168195
100,0.8625,-0.15,3.8041104924790474
100,0.8625,-0.1125,4.022114253836461
100,0.8625,-0.075,4.283529438892913
100,0.8625,-0.0375,4.601995593277823
100,0.8625,0.0,4.997418741102087
100,0.8625,0.0375,5.499999957388173
100,0.8625,0.075,6.1578102118095766
100,0.8625,0.1125,7.0521626711615335
100,0.8625,0.15,8.332039416066062
100,0.8625,0.1875,10.302148683201576
100,0.8625,0.225,13.695608828194443
100,0.8625,0.2625,20.821087113536144
100,0.8625,0.3,44.53441687522639
100,0.8625,0.3375,1000.0
100,0.8625,0.375,1000.0
100,0.8625,0.4125,1000.0
100,0.8625,0.45,1000.0
100,0.8625,0.4875,1000.0
100,0.8625,0.525,1000.0
100,0.8625,0.5625,1000.0
100,0.8625,0.6,1000.0
100,0.8625,0.6375,1000.0
100,0.8625,0.675,1000.0
100,0.8625,0.7125,1000.0
100,0.8625,0.75,1000.0
100,0.8625,0.7875,1000.0
100,0.8625,0.825,1000.0
100,0.8625,0.8625,1000.0
100,0.8625,0.9,1000.0
100,0.8625,0.9375,1000.0
100,0.8625,0.975,1000.0
100,0.8625,1.0125,1000.0
100,0.8625,1.05,1000.0
100,0.8625,1.0875,1000.0
100,0.8625,1.125,1000.0
100,0.8625,1.1625,1000.0
100,0.8625,1.2,1000.0
100,0.8625,1.2375,1000.0
100,0.8625,1.275,1000.0
100,0.8625,1.3125,1000.0
100,0.8625,1.35,1000.0
100,0.8625,1.3875,1000.0
100,0.8625,1.425,1000.0
100,0.8625,1.4625,1000.0
100,0.8625,1.5,1000.0
100,0.9,-1.5,2.1395925776589024
100,0.9,-1.4625,2.149354472223452
100,0.9,-1.425,2.1596594831999374
100,0.9,-1.3875,2.1705467869820634
100,0.9,-1.35,2.182059236829586
100,0.9,-1.3125,2.194243796152763
100,0.9,-1.275,2.207152034112892
100,0.9,-1.2375,2.2208406941118963
100,0.9,-1.2,2.235372347841724
100,0.9,-1.1625,2.2508161501440718
100,0.9,-1.125,2.2672487131166505
100,0.9,-1.0875,2.2847551218544684
100,0.9,-1.05,2.303430119142916
100,0.9,-1.0125,2.323379492597461
100,0.9,-0.975,2.34472170553412
100,0.9,-0.9375,2.3675898227351273
100,0.9,-0.9,2.3921337948867403
100,0.9,-0.8625,2.4185231816757367
100,0.9,-0.825,2.446950414512541
100,0.9,-0.7875,2.4776347272128794
100,0.9,-0.75,2.5108269189451162
100,0.9,-0.7125,2.546815161450867
100,0.9,-0.675,2.585932126370161
100,0.9,-0.6375,2.6285637947281666
100,0.9,-0.6,2.675160428343583
100,0.9,-0.5625,2.726250345380788
100,0.9,-0.525,2.782457369198533
100,0.9,-0.4875,2.8445231407285476
100,0.9,-0.45,2.9133359452627965
100,0.9,-0.4125,2.9899683754369044
100,0.9,-0.375,3.0757271455028863
100,0.9,-0.3375,3.172219869210774
100,0.9,-0.3,3.2814459152539395
100,0.9,-0.2625,3.405922070068156
100,0.9,-0.225,3.548859556502451
100,0.9,-0.1875,3.7144185751930583
100,0.9,-0.15,3.908082920664873
100,0.9,-0.1125,4.137226104641643
100,0.9,-0.075,4.411993342408601
100,0.9,-0.0375,4.746725187875757
100,0.9,0.0,5.162353440540784
100,0.9,0.0375,5.690640055761192
100,0.9,0.075,6.3821486982961115
100,0.9,0.1125,7.322424863318094
100,0.9,0.15,8.668238627894992
100,0.9,0.1875,10.740307199567203
100,0.9,0.225,14.310499628586859
100,0.9,0.2625,21.81044867386755
100,0.9,0.3,46.78823653567696
100,0.9,0.3375,1000.0
100,0.9,0.375,1000.0
100,0.9,0.4125,1000.0
100,0.9,0.45,1000.0
100,0.9,0.4875,1000.0
100,0.9,0.525,1000.0
100,0.9,0.5625,1000.0
100,0.9,0.6,1000.0
100,0.9,0.6375,1000.0
100,0.9,0.675,1000.0
100,0.9,0.7125,1000.0
100,0.9,0.75,1000.0
100,0.9,0.7875,1000.0
100,0.9,0.825,1000.0
100,0.9,0.8625,1000.0
100,0.9,0.9,1000.0
100,0.9,0.9375,1000.0
100,0.9,0.975,1000.0
100,0.9,1.0125,1000.0
100,0.9,1.05,1000.0
100,0.9,1.0875,1000.0
100,0.9,1.125,1000.0
100,0.9,1.1625,1000.0
100,0.9,1.2,1000.0
100,0.9,1.2375,1000.0
100,0.9,1.275,1000.0
100,0.9,1.3125,1000.0
100,0.9,1.35,1000.0
100,0.9,1.3875,1000.0
100,0.9,1.425,1000.0
100,0.9,1.4625,1000.0
100,0.9,1.5,1000.0
100,0.9375,-1.5,2.1557656989116816
100,0.9375,-1.4625,2.166081241401315
100,0.9375,-1.425,2.176966973482766
100,0.9375,-1.3875,2.1884639713082312
100,0.9375,-1.35,2.2006171651756636
100,0.9375,-1.3125,2.213475793739527
100,0.9375,-1.275,2.22709392353272
100,0.9375,-1.2375,2.2415310448832724
100,0.9375,-1.2,2.256852757509434
100,0.9375,-1.1625,2.2731315617819905
100,0.9375,-1.125,2.2904477749829506
100,0.9375,-1.0875,2.3088905960339132
100,0.9375,-1.05,2.328559347334724
100,0.9375,-1.0125,2.349564928831126
100,0.9375,-0.975,2.3720315275975774
100,0.9375,-0.9375,2.396098636581783
100,0.9375,-0.9,2.421923449383274
100,0.9375,-0.8625,2.4496837149365014
100,0.9375,-0.825,2.4795811579718525
100,0.9375,-0.7875,2.511845599825123
100,0.9375,-0.75,2.546739951895096
100,0.9375,-0.7125,2.5845663040768847
100,0.9375,-0.675,2.6256733974385247
100,0.9375,-0.6375,2.6704658608479916
100,0.9375,-0.6,2.719415714717227
100,0.9375,-0.5625,2.7730768154443592
100,0.9375,-0.525,2.8321031521839433
100,0.9375,-0.4875,2.897272244400992
100,0.9375,-0.45,2.9695153719210894
100,0.9375,-0.4125,3.049957073063147
100,0.9375,-0.375,3.1399673886050943
100,0.9375,-0.3375,3.241231900285625
100,0.9375,-0.3,3.355847027648523
100,0.9375,-0.2625,3.4864518413460424
100,0.9375,-0.225,3.6364137573209803
100,0.9375,-0.1875,3.810095570602741
100,0.9375,-0.15,4.013248484691861
100,0.9375,-0.1125,4.253606106434908
100,0.9375,-0.075,4.541809930699861
100,0.9375,-0.0375,4.892903320098249
100,0.9375,0.0,5.328846041995585
100,0.9375,0.0375,5.8829635337746895
100,0.9375,0.075,6.608315018891865
100,0.9375,0.1125,7.5946807458466425
100,0.9375,0.15,9.006618202556863
100,0.9375,0.1875,11.180840487618749
100,0.9375,0.225,14.927901956995653
100,0.9375,0.2625,22.80206205200271
100,0.9375,0.3,49.04071393704854
100,0.9375,0.3375,1000.0
100,0.9375,0.375,1000.0
100,0.9375,0.4125,1000.0
100,0.9375,0.45,1000.0
100,0.9375,0.4875,1000.0
100,0.9375,0.525,1000.0
100,0.9375,0.5625,1000.0
100,0.9375,0.6,1000.0
100,0.9375,0.6375,1000.0
100,0.9375,0.675,1000.0
100,0.9375,0.7125,1000.0
100,0.9375,0.75,1000.0
100,0.9375,0.7875,1000.0
100,0.9375,0.825,1000.0
100,0.9375,0.8625,1000.0
100,0.9375,0.9,1000.0
100,0.9375,0.9375,1000.0
100,0.9375,0.975,1000.0
100,0.9375,1.0125,1000.0
100,0.9375,1.05,1000.0
100,0.9375,1.0875,1000.0
100,0.9375,1.125,1000.0
100,0.9375,1.1625,1000.0
100,0.9375,1.2,1000.0
100,0.9375,1.2375,1000.0
100,0.9375,1.275,1000.0
100,0.9375,1.3125,1000.0
100,0.9375,1.35,1000.0
100,0.9375,1.3875,1000.0
100,0.9375,1.425,1000.0
100,0.9375,1.4625,1000.0
100,0.9375,1.5,1000.0
100,0.975,-1.5,2.1722945261454867
100,0.975,-1.4625,2.18317093640852
100,0.975,-1.425,2.194644892798544
100,0.975,-1.3875,2.2067593880953966
100,0.975,-1.35,2.2195614478807353
100,0.975,-1.3125,2.23310260581593
100,0.975,-1.275,2.247439447243988
100,0.975,-1.2375,2.262634232712489
100,0.975,-1.2,2.278755615317374
100,0.975,-1.1625,2.295879468598474
100,0.975,-1.125,2.314089845213447
100,0.975,-1.0875,2.3334800909535005
100,0.975,-1.05,2.354154144071828
100,0.975,-1.0125,2.3762280566748126
100,0.975,-0.975,2.3998317834734118
100,0.975,-0.9375,2.425111294034434
100,0.975,-0.9,2.4522310785127743
100,0.975,-0.8625,2.4813771346353883
100,0.975,-0.825,2.5127605467359118
100,0.975,-0.7875,2.5466217976737306
100,0.975,-0.75,2.583235993960347
100,0.975,-0.7125,2.6229192367786722
100,0.975,-0.675,2.666036441646946
100,0.975,-0.6375,2.7130110041445397
100,0.975,-0.6,2.764336838349354
100,0.975,-0.5625,2.820593493024495
100,0.975,-0.525,2.8824652997867903
100,0.975,-0.4875,2.950765860097759
100,0.975,-0.45,3.0264696838353293
100,0.975,-0.4125,3.110753529110826
100,0.975,-0.375,3.205051084108286
100,0.975,-0.3375,3.3111262765255836
100,0.975,-0.3,3.4311730249371144
100,0.975,-0.2625,3.5679532194125088
100,0.975,-0.225,3.7249911129174005
100,0.975,-0.1875,3.90685287575717
100,0.975,-0.15,4.119558075141841
100,0.975,-0.1125,4.371201589954852
100,0.975,-0.075,4.6729226567343805
100,0.975,-0.0375,5.040469274551765
100,0.975,0.0,5.4968314693435865
100,0.975,0.0375,6.076901013459593
100,0.975,0.075,6.83623614252068
100,0.975,0.1125,7.868855660823609
100,0.975,0.15,9.347107241034482
100,0.975,0.1875,11.62369576109635
100,0.975,0.225,15.547823470146573
100,0.975,0.2625,23.796153058517042
100,0.975,0.3,51.293348357819845
100,0.975,0.3375,1000.0
100,0.975,0.375,1000.0
100,0.975,0.4125,1000.0
100,0.975,0.45,1000.0
100,0.975,0.4875,1000.0
100,0.975,0.525,1000.0
100,0.975,0.5625,1000.0
100,0.975,0.6,1000.0
100,0.975,0.6375,1000.0
100,0.975,0.675,1000.0
100,0.975,0.7125,1000.0
100,0.975,0.75,1000.0
100,0.975,0.7875,1000.0
100,0.975,0.825,1000.0
100,0.975,0.8625,1000.0
100,0.975,0.9,1000.0
100,0.975,0.9375,1000.0
100,0.975,0.975,1000.0
100,0.975,1.0125,1000.0
100,0.975,1.05,1000.0
100,0.975,1.0875,1000.0
100,0.975,1.125,1000.0
100,0.975,1.1625,1000.0
100,0.975,1.2,1000.0
100,0.975,1.2375,1000.0
100,0.975,1.275,1000.0
100,0.975,1.3125,1000.0
100,0.975,1.35,1000.0
100,0.975,1.3875,1000.0
100,0.975,1.425,1000.0
100,0.975,1.4625,1000.0
100,0.975,1.5,1000.0
100,1.0125,-1.5,2.189169394810883
100,1.0125,-1.4625,2.2006136057320895
100,1.0125,-1.425,2.2126829891959248
100,1.0125,-1.3875,2.225422470594617
100,1.0125,-1.35,2.2388811880784365
100,1.0125,-1.3125,2.2531129890334505
100,1.0125,-1.275,2.2681769979128545
100,1.0125,-1.2375,2.2841382675349764
100,1.0125,-1.2,2.3010685283670416
100,1.0125,-1.1625,2.3190470532713205
100,1.0125,-1.125,2.3381616588420306
100,1.0125,-1.0875,2.358509868991555
100,1.0125,-1.05,2.380200272093173
100,1.0125,-1.0125,2.4033541100689333
100,1.0125,-0.975,2.428107146739968
100,1.0125,-0.9375,2.4546118740825618
100,1.0125,-0.9,2.4830401294925126
100,1.0125,-0.8625,2.5135862157444016
100,1.0125,-0.825,2.5464706393891983
100,1.0125,-0.7875,2.581944614710816
100,1.0125,-0.75,2.6202955216167783
100,1.0125,-0.7125,2.661853560543101
100,1.0125,-0.675,2.706999920654869
100,1.0125,-0.6375,2.756176876527872
100,1.0125,-0.6,2.8099003635173783
100,1.0125,-0.5625,2.8687757684028226
100,1.0125,-0.525,2.9335179322651257
100,1.0125,-0.4875,3.004976730980868
100,1.0125,-0.45,3.084170127345276
100,1.0125,-0.4125,3.1723273588417915
100,1.0125,-0.375,3.270946065229627
100,1.0125,-0.3375,3.3818688788999274
100,1.0125,-0.3,3.507387643506468
100,1.0125,-0.2625,3.6503875783454998
100,1.0125,-0.225,3.814550388390672
100,1.0125,-0.1875,4.004646367537427
100,1.0125,-0.15,4.226964365695376
100,1.0125,-0.1125,4.489961673378773
100,1.0125,-0.075,4.805276696047636
100,1.0125,-0.0375,5.18936387398707
100,1.0125,0.0,5.66624579216826
100,1.0125,0.0375,6.27238350065981
100,1.0125,0.075,7.065837981107329
100,1.0125,0.1125,8.14487114098351
100,1.0125,0.15,9.689625561545968
100,1.0125,0.1875,12.06879921469762
100,1.0125,0.225,16.170222156941517
100,1.0125,0.2625,24.792808889379113
100,1.0125,0.3,53.54699939654604
100,1.0125,0.3375,1000.0
100,1.0125,0.375,1000.0
100,1.0125,0.4125,1000.0
100,1.0125,0.45,1000.0
100,1.0125,0.4875,1000.0
100,1.0125,0.525,1000.0
100,1.0125,0.5625,1000.0
100,1.0125,0.6,1000.0
100,1.0125,0.6375,1000.0
100,1.0125,0.675,1000.0
100,1.0125,0.7125,1000.0
100,1.0125,0.75,1000.0
100,1.0125,0.7875,1000.0
100,1.0125,0.825,1000.0
100,1.0125,0.8625,1000.0
100,1.0125,0.9,1000.0
100,1.0125,0.9375,1000.0
100,1.0125,0.975,1000.0
100,1.0125,1.0125,1000.0
100,1.0125,1.05,1000.0
100,1.0125,1.0875,1000.0
100,1.0125,1.125,1000.0
100,1.0125,1.1625,1000.0
100,1.0125,1.2,1000.0
100,1.0125,1.2375,1000.0
100,1.0125,1.275,1000.0
100,1.0125,1.3125,1000.0
100,1.0125,1.35,1000.0
100,1.0125,1.3875,1000.0
100,1.0125,1.425,1000.0
100,1.0125,1.4625,1000.0
100,1.0125,1.5,1000.0
100,1.05,-1.5,2.206380909712101
100,1.05,-1.4625,2.2183995797256677
100,1.05,-1.425,2.231071305813266
100,1.05,-1.3875,2.244442961130594
100,1.05,-1.35,2.2585658127760273
100,1.05,-1.3125,2.2734960395932364
100,1.05,-1.275,2.2892953243726724
100,1.05,-1.2375,2.3060315330836905
100,1.05,-1.2,2.3237794962785063
100,1.05,-1.1625,2.3426219108937776
100,1.05,-1.125,2.3626503844839175
100,1.05,-1.0875,2.3839666486445896
100,1.05,-1.05,2.406683974275539
100,1.05,-1.0125,2.4309288287167834
100,1.05,-0.975,2.4568428241034477
100,1.05,-0.9375,2.4845850180961153
100,1.05,-0.9,2.5143346432226714
100,1.05,-0.8625,2.5462943604487913
100,1.05,-0.825,2.5806941576830607
100,1.05,-0.7875,2.6177960466464225
100,1.05,-0.75,2.657899754561117
100,1.05,-0.7125,2.701349664168261
100,1.05,-0.675,2.7485433319288766
100,1.05,-0.6375,2.799942017416764
100,1.05,-0.6,2.8560837977361495
100,1.05,-0.5625,2.91760003519388
100,1.05,-0.525,2.9852362380241058
100,1.05,-0.4875,3.0598787382455264
100,1.05,-0.45,3.142589162117804
100,1.05,-0.4125,3.234649471835052
100,1.05,-0.375,3.337621546380321
100,1.05,-0.3375,3.453427062348659
100,1.05,-0.3,3.584456192096073
100,1.05,-0.2625,3.733717967750354
100,1.05,-0.225,3.9050521306578627
100,1.05,-0.1875,4.103433810933764
100,1.05,-0.15,4.335422018903493
100,1.05,-0.1125,4.609837549350206
100,1.05,-0.075,4.938819352314285
100,1.05,-0.0375,5.339530061600513
100,1.05,0.0,5.837027078611466
100,1.05,0.0375,6.469343665862931
100,1.05,0.075,7.297047375919946
100,1.05,0.1125,8.422648122584498
100,1.05,0.15,10.034089201545891
100,1.05,0.1875,12.516066246546174
100,1.05,0.225,16.795027892934318
100,1.05,0.2625,25.792035243791606
100,1.05,0.3,55.802161978464646
100,1.05,0.3375,1000.0
100,1.05,0.375,1000.0
100,1.05,0.4125,1000.0
100,1.05,0.45,1000.0
100,1.05,0.4875,1000.0
100,1.05,0.525,1000.0
100,1.05,0.5625,1000.0
100,1.05,0.6,1000.0
100,1.05,0.6375,1000.0
100,1.05,0.675,1000.0
100,1.05,0.7125,1000.0
100,1.05,0.75,1000.0
100,1.05,0.7875,1000.0
100,1.05,0.825,1000.0
100,1.05,0.8625,1000.0
100,1.05,0.9,1000.0
100,1.05,0.9375,1000.0
100,1.05,0.975,1000.0
100,1.05,1.0125,1000.0
100,1.05,1.05,1000.0
100,1.05,1.0875,1000.0
100,1.05,1.125,1000.0
100,1.05,1.1625,1000.0
100,1.05,1.2,1000.0
100,1.05,1.2375,1000.0
100,1.05,1.275,1000.0
100,1.05,1.3125,1000.0
100,1.05,1.35,1000.0
100,1.05,1.3875,1000.0
100,1.05,1.425,1000.0
100,1.05,1.4625,1000.0
100,1.05,1.5,1000.0
100,1.0875,-1.5,2.223919948761886
100,1.0875,-1.4625,2.236519474158805
100,1.0875,-1.425,2.24980018420496
100,1.0875,-1.3875,2.2638109141866574
100,1.0875,-1.35,2.2786050756785814
100,1.0875,-1.3125,2.294241195789023
100,1.0875,-1.275,2.310783533864132
100,1.0875,-1.2375,2.3283027888040153
100,1.0875,-1.2,2.3468769127567213
100,1.0875,-1.1625,2.3665920501682294
100,1.0875,-1.125,2.3875436251321154
100,1.0875,-1.0875,2.4098376049017345
100,1.0875,-1.05,2.4335919735612936
100,1.0875,-1.0125,2.458938457541679
100,1.0875,-0.975,2.486024554362018
100,1.0875,-0.9375,2.5150159282766813
100,1.0875,-0.9,2.546099252208509
100,1.0875,-0.8625,2.579485595529829
100,1.0875,-0.825,2.615414483376802
100,1.0875,-0.7875,2.6541587872569634
100,1.0875,-0.75,2.696030651511321
100,1.0875,-0.7125,2.741388719601878
100,1.0875,-0.675,2.790647003694
100,1.0875,-0.6375,2.8442858484173117
100,1.0875,-0.6,2.9028655863315014
100,1.0875,-0.5625,2.967043685053751
100,1.0875,-0.525,3.0375964687981334
100,1.0875,-0.4875,3.1154468972485816
100,1.0875,-0.45,3.2017004588789137
100,1.0875,-0.4125,3.297692072234126
100,1.0875,-0.375,3.405048127194586
100,1.0875,-0.3375,3.525769665357445
100,1.0875,-0.3,3.6623455693909013
100,1.0875,-0.2625,3.8179091418599107
100,1.0875,-0.225,3.996458714036541
100,1.0875,-0.1875,4.203174928289306
100,1.0875,-0.15,4.444887789606596
100,1.0875,-0.1125,4.730782638246534
100,1.0875,-0.075,5.073500284331819
100,1.0875,-0.0375,5.490913239020609
100,1.0875,0.0,6.009115904447877
100,1.0875,0.0375,6.667716624933329
100,1.0875,0.075,7.529793326468062
100,1.0875,0.1125,8.702108951579612
100,1.0875,0.15,10.380413865916594
100,1.0875,0.1875,12.965407848574703
100,1.0875,0.225,17.422155768305426
100,1.0875,0.2625,26.793790688116292
100,1.0875,0.3,58.05911592899755
100,1.0875,0.3375,1000.0
100,1.0875,0.375,1000.0
100,1.0875,0.4125,1000.0
100,1.0875,0.45,1000.0
100,1.0875,0.4875,1000.0
100,1.0875,0.525,1000.0
100,1.0875,0.5625,1000.0
100,1.0875,0.6,1000.0
100,1.0875,0.6375,1000.0
100,1.0875,0.675,1000.0
100,1.0875,0.7125,1000.0
100,1.0875,0.75,1000.0
100,1.0875,0.7875,1000.0
100,1.0875,0.825,1000.0
100,1.0875,0.8625,1000.0
100,1.0875,0.9,1000.0
100,1.0875,0.9375,1000.0
100,1.0875,0.975,1000.0
100,1.0875,1.0125,1000.0
100,1.0875,1.05,1000.0
100,1.0875,1.0875,1000.0
100,1.0875,1.125,1000.0
100,1.0875,1.1625,1000.0
100,1.0875,1.2,1000.0
100,1.0875,1.2375,1000.0
100,1.0875,1.275,1000.0
100,1.0875,1.3125,1000.0
100,1.0875,1.35,1000.0
100,1.0875,1.3875,1000.0
100,1.0875,1.425,1000.0
100,1.0875,1.4625,1000.0
100,1.0875,1.5,1000.0
100,1.125,-1.5,2.2417776643941956
100,1.125,-1.4625,2.254964191342699
100,1.125,-1.425,2.268860265157528
100,1.125,-1.3875,2.283516696886898
100,1.125,-1.35,2.2989890573111254
100,1.125,-1.3125,2.3153382377414276
100,1.125,-1.275,2.3326310913519706
100,1.125,-1.2375,2.3509411687211914
100,1.125,-1.2,2.370349563975867
100,1.125,-1.1625,2.3909458912714627
100,1.125,-1.125,2.4128294154654872
100,1.125,-1.0875,2.4361103659552703
100,1.125,-1.05,2.4609114690289084
100,1.125,-1.0125,2.487369742072968
100,1.125,-0.975,2.5156386030609617
100,1.125,-0.9375,2.5458903615339135
100,1.125,-0.9,2.578319173609258
100,1.125,-0.8625,2.6131445645371465
100,1.125,-0.825,2.650615649485313
100,1.125,-0.7875,2.691016218662439
100,1.125,-0.75,2.734670899472262
100,1.125,-0.7125,2.781952670161926
100,1.125,-0.675,2.8332920820876466
100,1.125,-0.6375,2.889188659406017
100,1.125,-0.6,2.950225097474007
100,1.125,-0.5625,3.017085091722591
100,1.125,-0.525,3.090575922812435
100,1.125,-0.4875,3.1716573399732084
100,1.125,-0.45,3.261478881469679
100,1.125,-0.4125,3.3614286408298923
100,1.125,-0.375,3.4731977752844077
100,1.125,-0.3375,3.5988669943284557
100,1.125,-0.3,3.741024251383319
100,1.125,-0.2625,3.902927551889196
100,1.125,-0.225,4.0887343405168455
100,1.125,-0.1875,4.303831411793856
100,1.125,-0.15,4.555320556052798
100,1.125,-0.1125,4.852752647583982
100,1.125,-0.075,5.20927160856197
100,1.125,-0.0375,5.643461435338194
100,1.125,0.0,6.1824556263900226
100,1.125,0.0375,6.867440380052127
100,1.125,0.075,7.764007710210859
100,1.125,0.1125,8.983178588668771
100,1.125,0.15,10.728517032130174
100,1.125,0.1875,13.416734538874953
100,1.125,0.225,18.05151427965275
100,1.125,0.2625,27.798007470584434
100,1.125,0.3,60.318011711965234
100,1.125,0.3375,1000.0
100,1.125,0.375,1000.0
100,1.125,0.4125,1000.0
100,1.125,0.45,1000.0
100,1.125,0.4875,1000.0
100,1.125,0.525,1000.0
100,1.125,0.5625,1000.0
100,1.125,0.6,1000.0
100,1.125,0.6375,1000.0
100,1.125,0.675,1000.0
100,1.125,0.7125,1000.0
100,1.125,0.75,1000.0
100,1.125,0.7875,1000.0
100,1.125,0.825,1000.0
100,1.125,0.8625,1000.0
100,1.125,0.9,1000.0
100,1.125,0.9375,1000.0
100,1.125,0.975,1000.0
100,1.125,1.0125,1000.0
100,1.125,1.05,1000.0
100,1.125,1.0875,1000.0
100,1.125,1.125,1000.0
100,1.125,1.1625,1000.0
100,1.125,1.2,1000.0
100,1.125,1.2375,1000.0
100,1.125,1.275,1000.0
100,1.125,1.3125,1000.0
100,1.125,1.35,1000.0
100,1.125,1.3875,1000.0
100,1.125,1.425,1000.0
100,1.125,1.4625,1000.0
100,1.125,1.5,1000.0
100,1.1625,-1.5,2.259945483013002
100,1.1625,-1.4625,2.2737249192304625
100,1.1625,-1.425,2.2882424874148715
100,1.1625,-1.3875,2.3035509873179523
100,1.1625,-1.35,2.319708162906334
100,1.1625,-1.3125,2.3367772848186212
100,1.1625,-1.275,2.3548278164431515
100,1.1625,-1.2375,2.3739361778177783
100,1.1625,-1.2,2.394186624375034
100,1.1625,-1.1625,2.415672261024438
100,1.1625,-1.125,2.438496216345083
100,1.1625,-1.0875,2.462773006972492
100,1.1625,-1.05,2.488630128885556
100,1.1625,-1.0125,2.516209920600593
100,1.1625,-0.975,2.545671753746361
100,1.1625,-0.9375,2.5771946197712428
100,1.1625,-0.9,2.610980198484433
100,1.1625,-0.8625,2.647256515919926
100,1.1625,-0.825,2.6862823272153666
100,1.1625,-0.7875,2.728352396984383
100,1.1625,-0.75,2.773803898028866
100,1.1625,-0.7125,2.8230242133767263
100,1.1625,-0.675,2.8764605124582996
100,1.1625,-0.6375,2.934631588201382
100,1.1625,-0.6,2.9981426001441753
100,1.1625,-0.5625,3.067703587216317
100,1.1625,-0.525,3.1441529191545303
100,1.1625,-0.4875,3.228487287565541
100,1.1625,-0.45,3.32190045758293
100,1.1625,-0.4125,3.425833904106422
100,1.1625,-0.375,3.542043793814273
100,1.1625,-0.3375,3.6726907900678403
100,1.1625,-0.3,3.8204622574006377
100,1.1625,-0.2625,3.98874131259338
100,1.1625,-0.225,4.1818450083854986
100,1.1625,-0.1875,4.405366896537549
100,1.1625,-0.15,4.666681301020893
100,1.1625,-0.1125,4.975705566850942
100,1.1625,-0.075,5.346087916526247
100,1.1625,-0.0375,5.797125361207029
100,1.1625,0.0,6.356992496051289
100,1.1625,0.0375,7.068456032696055
100,1.1625,0.075,7.999625663578717
100,1.1625,0.1125,9.265785286927475
100,1.1625,0.15,11.078319182318033
100,1.1625,0.1875,13.869958721786237
100,1.1625,0.225,18.683010308852765
100,1.1625,0.2625,28.804604157823867
100,1.1625,0.3,62.578921005788736
100,1.1625,0.3375,1000.0
100,1.1625,0.375,1000.0
100,1.1625,0.4125,1000.0
100,1.1625,0.45,1000.0
100,1.1625,0.4875,1000.0
100,1.1625,0.525,1000.0
100,1.1625,0.5625,1000.0
100,1.1625,0.6,1000.0
100,1.1625,0.6375,1000.0
100,1.1625,0.675,1000.0
100,1.1625,0.7125,1000.0
100,1.1625,0.75,1000.0
100,1.1625,0.7875,1000.0
100,1.1625,0.825,1000.0
100,1.1625,0.8625,1000.0
100,1.1625,0.9,1000.0
100,1.1625,0.9375,1000.0
100,1.1625,0.975,1000.0
100,1.1625,1.0125,1000.0
100,1.1625,1.05,1000.0
100,1.1625,1.0875,1000.0
100,1.1625,1.125,1000.0
100,1.1625,1.1625,1000.0
100,1.1625,1.2,1000.0
100,1.1625,1.2375,1000.0
100,1.1625,1.275,1000.0
100,1.1625,1.3125,1000.0
100,1.1625,1.35,1000.0
100,1.1625,1.3875,1000.0
100,1.1625,1.425,1000.0
100,1.1625,1.4625,1000.0
100,1.1625,1.5,1000.0
100,1.2,-1.5,2.2784151028136743
100,1.2,-1.4625,2.292793128845051
100,1.2,-1.425,2.307938084683884
100,1.2,-1.3875,2.3239047710811245
100,1.2,-1.35,2.3407531184695616
100,1.2,-1.3125,2.358548791177973
100,1.2,-1.275,2.37736387836594
100,1.2,-1.2375,2.3972776864078655
100,1.2,-1.2,2.4183776503818
100,1.2,-1.1625,2.4407603859156928
100,1.2,-1.125,2.4645329070838176
100,1.2,-1.0875,2.489814041553657
100,1.2,-1.05,2.516736081050576
100,1.2,-1.0125,2.5454467138161228
100,1.2,-0.975,2.5761112965900836
100,1.2,-0.9375,2.6089155374151676
100,1.2,-0.9,2.644068678141262
100,1.2,-0.8625,2.6818072880994106
100,1.2,-0.825,2.7223998096627255
100,1.2,-0.7875,2.7661520345592803
100,1.2,-0.75,2.8134137399596835
100,1.2,-0.7125,2.864586779874273
100,1.2,-0.675,2.920135016398269
100,1.2,-0.6375,2.9805965956003138
100,1.2,-0.6,3.046599237026508
100,1.2,-0.5625,3.1188794324280535
100,1.2,-0.525,3.1983067659318296
100,1.2,-0.4875,3.2859150159017565
100,1.2,-0.45,3.38294234160573
100,1.2,-0.4125,3.490883794250176
100,1.2,-0.375,3.6115607786130437
100,1.2,-0.3375,3.7472141820101568
100,1.2,-0.3,3.900631101570793
100,1.2,-0.2625,4.07532015129109
100,1.2,-0.225,4.27575845941786
100,1.2,-0.1875,4.507746906946429
100,1.2,-0.15,4.778933059307976
100,1.2,-0.1125,5.0996016190331055
100,1.2,-0.075,5.483906235273731
100,1.2,-0.0375,5.951858386366594
100,1.2,0.0,6.532675668154559
100,1.2,0.0375,7.270707846029517
100,1.2,0.075,8.236585740559423
100,1.2,0.1125,9.549860925583209
100,1.2,0.15,11.429744471527433
100,1.2,0.1875,14.324996045499098
100,1.2,0.225,19.316552089574344
100,1.2,0.2625,29.813493290614783
100,1.2,0.3,64.84186715048718
100,1.2,0.3375,1000.0
100,1.2,0.375,1000.0
100,1.2,0.4125,1000.0
100,1.2,0.45,1000.0
100,1.2,0.4875,1000.0
100,1.2,0.525,1000.0
100,1.2,0.5625,1000.0
100,1.2,0.6,1000.0
100,1.2,0.6375,1000.0
100,1.2,0.675,1000.0
100,1.2,0.7125,1000.0
100,1.2,0.75,1000.0
100,1.2,0.7875,1000.0
100,1.2,0.825,1000.0
100,1.2,0.8625,1000.0
100,1.2,0.9,1000.0
100,1.2,0.9375,1000.0
100,1.2,0.975,1000.0
100,1.2,1.0125,1000.0
100,1.2,1.05,1000.0
100,1.2,1.0875,1000.0
100,1.2,1.125,1000.0
100,1.2,1.1625,1000.0
100,1.2,1.2,1000.0
100,1.2,1.2375,1000.0
100,1.2,1.275,1000.0
100,1.2,1.3125,1000.0
100,1.2,1.35,1000.0
100,1.2,1.3875,1000.0
100,1.2,1.425,1000.0
100,1.2,1.4625,1000.0
100,1.2,1.5,1000.0
100,1.2375,-1.5,2.297178490272741
100,1.2375,-1.4625,2.3121605703446484
100,1.2375,-1.425,2.327938581245161
100,1.2375,-1.3875,2.3445693364157383
100,1.2375,-1.35,2.362114965379499
100,1.2375,-1.3125,2.3806435398058596
100,1.2375,-1.275,2.4002297894075717
100,1.2375,-1.2375,2.420955922927869
100,1.2375,-1.2,2.4429125725076717
100,1.2375,-1.1625,2.46619988344888
100,1.2375,-1.125,2.4909287759890484
100,1.2375,-1.0875,2.517222411407633
100,1.2375,-1.05,2.545217901896763
100,1.2375,-1.0125,2.5750683125463283
100,1.2375,-0.975,2.606945015035785
100,1.2375,-0.9375,2.641040466886639
100,1.2375,-0.9,2.6775715083365674
100,1.2375,-0.8625,2.7167832922977175
100,1.2375,-0.825,2.7589539931549285
100,1.2375,-0.7875,2.8044004796721844
100,1.2375,-0.75,2.8534851892267943
100,1.2375,-0.7125,2.906624509481959
100,1.2375,-0.675,2.964299065793734
100,1.2375,-0.6375,3.0270664372051326
100,1.2375,-0.6,3.09557699392559
100,1.2375,-0.5625,3.1705937839306286
100,1.2375,-0.525,3.2530177242432674
100,1.2375,-0.4875,3.343919816497907
100,1.2375,-0.45,3.4445827722253792
100,1.2375,-0.4125,3.5565554032036726
100,1.2375,-0.375,3.6817245684283013
100,1.2375,-0.3375,3.822411634441628
100,1.2375,-0.3,3.9815037348200293
100,1.2375,-0.2625,4.162635345515178
100,1.2375,-0.225,4.370444112191797
100,1.2375,-0.1875,4.610938785995181
100,1.2375,-0.15,4.892040843458329
100,1.2375,-0.1125,5.224403184116781
100,1.2375,-0.075,5.622685951002012
100,1.2375,-0.0375,6.107616467586563
100,1.2375,0.0,6.709457140282879
100,1.2375,0.0375,7.474143209898548
100,1.2375,0.075,8.474829927687507
100,1.2375,0.1125,9.835341122561225
100,1.2375,0.15,11.782721035197318
100,1.2375,0.1875,14.781766123530213
100,1.2375,0.225,19.95205091319677
100,1.2375,0.2625,30.82458598449905
100,1.2375,0.3,67.10684377929229
100,1.2375,0.3375,1000.0
100,1.2375,0.375,1000.0
100,1.2375,0.4125,1000.0
100,1.2375,0.45,1000.0
100,1.2375,0.4875,1000.0
100,1.2375,0.525,1000.0
100,1.2375,0.5625,1000.0
100,1.2375,0.6,1000.0
100,1.2375,0.6375,1000.0
100,1.2375,0.675,1000.0
100,1.2375,0.7125,1000.0
100,1.2375,0.75,1000.0
100,1.2375,0.7875,1000.0
100,1.2375,0.825,1000.0
100,1.2375,0.8625,1000.0
100,1.2375,0.9,1000.0
100,1.2375,0.9375,1000.0
100,1.2375,0.975,1000.0
100,1.2375,1.0125,1000.0
100,1.2375,1.05,1000.0
100,1.2375,1.0875,1000.0
100,1.2375,1.125,1000.0
100,1.2375,1.1625,1000.0
100,1.2375,1.2,1000.0
100,1.2375,1.2375,1000.0
100,1.2375,1.275,1000.0
100,1.2375,1.3125,1000.0
100,1.2375,1.35,1000.0
100,1.2375,1.3875,1000.0
100,1.2375,1.425,1000.0
100,1.2375,1.4625,1000.0
100,1.2375,1.5,1000.0
100,1.275,-1.5,2.3162278755637384
100,1.275,-1.4625,2.3318192679947143
100,1.275,-1.425,2.348235786450333
100,1.275,-1.3875,2.3655362681883974
100,1.275,-1.35,2.38378505383336
100,1.275,-1.3125,2.4030526353797694
100,1.275,-1.275,2.4234163971510747
100,1.275,-1.2375,2.44496146550235
100,1.275,-1.2,2.467781686193327
100,1.275,-1.1625,2.49198075221354
100,1.275,-1.125,2.5176735096002965
100,1.275,-1.0875,2.544987474692763
100,1.275,-1.05,2.574064603624898
100,1.275,-1.0125,2.6050633640855447
100,1.275,-0.975,2.6381611710062605
100,1.275,-0.9375,2.6735572625927855
100,1.275,-0.9,2.71147611195368
100,1.275,-0.8625,2.7521714937912174
100,1.275,-0.825,2.795931356961871
100,1.275,-0.7875,2.8430836945933615
100,1.275,-0.75,2.8940036571945744
100,1.275,-0.7125,2.9491222254689187
100,1.275,-0.675,3.008936854916116
100,1.275,-0.6375,3.07402463317183
100,1.275,-0.6,3.145058666959685
100,1.275,-0.5625,3.222828658382609
100,1.275,-0.525,3.30826696954179
100,1.275,-0.4875,3.4024819545481715
100,1.275,-0.45,3.5068010268367393
100,1.275,-0.4125,3.6228269331085827
100,1.275,-0.375,3.7525121910465074
100,1.275,-0.3375,3.8982588879164535
100,1.275,-0.3,4.063054481189939
100,1.275,-0.2625,4.2506596538353225
100,1.275,-0.225,4.465872987047532
100,1.275,-0.1875,4.714911614009661
100,1.275,-0.15,5.005971556269491
100,1.275,-0.1125,5.350074705457506
100,1.275,-0.075,5.762388709997541
100,1.275,-0.0375,6.2643580458924415
100,1.275,0.0,6.887291649949886
100,1.275,0.0375,7.6787125447758005
100,1.275,0.075,8.714303568654763
100,1.275,0.1125,10.122165207445523
100,1.275,0.15,12.137181068936181
100,1.275,0.1875,15.240192855775144
100,1.275,0.225,20.58942204658497
100,1.275,0.2625,31.8377946460525
100,1.275,0.3,69.37382637741395
100,1.275,0.3375,1000.0
100,1.275,0.375,1000.0
100,1.275,0.4125,1000.0
100,1.275,0.45,1000.0
100,1.275,0.4875,1000.0
100,1.275,0.525,1000.0
100,1.275,0.5625,1000.0
100,1.275,0.6,1000.0
100,1.275,0.6375,1000.0
100,1.275,0.675,1000.0
100,1.275,0.7125,1000.0
100,1.275,0.75,1000.0
100,1.275,0.7875,1000.0
100,1.275,0.825,1000.0
100,1.275,0.8625,1000.0
100,1.275,0.9,1000.0
100,1.275,0.9375,1000.0
100,1.275,0.975,1000.0
100,1.275,1.0125,1000.0
100,1.275,1.05,1000.0
100,1.275,1.0875,1000.0
100,1.275,1.125,1000.0
100,1.275,1.1625,1000.0
100,1.275,1.2,1000.0
100,1.275,1.2375,1000.0
100,1.275,1.275,1000.0
100,1.275,1.3125,1000.0
100,1.275,1.35,1000.0
100,1.275,1.3875,1000.0
100,1.275,1.425,1000.0
100,1.275,1.4625,1000.0
100,1.275,1.5,1000.0
100,1.3125,-1.5,2.3355557471217323
100,1.3125,-1.4625,2.3517615142784933
100,1.3125,-1.425,2.3688217883477294
100,1.3125,-1.3875,2.3867974410004993
100,1.3125,-1.35,2.405755035400223
100,1.3125,-1.3125,2.4257674962285867
100,1.3125,-1.275,2.446914875800356
100,1.3125,-1.2375,2.469285232588194
100,1.3125,-1.2,2.492975641722247
100,1.3125,-1.1625,2.5180933610143175
100,1.3125,-1.125,2.5447571809753757
100,1.3125,-1.0875,2.573098993396053
100,1.3125,-1.05,2.603265620666235
100,1.3125,-1.0125,2.6354209575452696
100,1.3125,-0.975,2.6697484891168086
100,1.3125,-0.9375,2.7064542639127813
100,1.3125,-0.9,2.7457704206605342
100,1.3125,-0.8625,2.787959392130761
100,1.3125,-0.825,2.8333189419568754
100,1.3125,-0.7875,2.8821882325466643
100,1.3125,-0.75,2.9349551777577263
100,1.3125,-0.7125,2.992065407670542
100,1.3125,-0.675,3.0540332713624827
100,1.3125,-0.6375,3.12145543676593
100,1.3125,-0.6,3.1950278285095304
100,1.3125,-0.5625,3.2755668956227084
100,1.3125,-0.525,3.3640365515991646
100,1.3125,-0.4875,3.461582625453632
100,1.3125,-0.45,3.5695773742938286
100,1.3125,-0.4125,3.68967764490085
100,1.3125,-0.375,3.8239018073104085
100,1.3125,-0.3375,3.9747328982306467
100,1.3125,-0.3,4.145258971255743
100,1.3125,-0.2625,4.339367243164075
100,1.3125,-0.225,4.562017626686779
100,1.3125,-0.1875,4.819636121943498
100,1.3125,-0.15,5.120693896144645
100,1.3125,-0.1125,5.476582586689206
100,1.3125,-0.075,5.902978306795604
100,1.3125,-0.0375,6.422043926132398
100,1.3125,0.0,7.066136546673083
100,1.3125,0.0375,7.884369169340149
100,1.3125,0.075,8.954955234287265
100,1.3125,0.1125,10.410276109033548
100,1.3125,0.15,12.493060767702639
100,1.3125,0.1875,15.700204500910262
100,1.3125,0.225,21.228585159795262
100,1.3125,0.2625,32.8530345230121
100,1.3125,0.3,71.64277953521615
100,1.3125,0.3375,1000.0
100,1.3125,0.375,1000.0
100,1.3125,0.4125,1000.0
100,1.3125,0.45,1000.0
100,1.3125,0.4875,1000.0
100,1.3125,0.525,1000.0
100,1.3125,0.5625,1000.0
100,1.3125,0.6,1000.0
100,1.3125,0.6375,1000.0
100,1.3125,0.675,1000.0
100,1.3125,0.7125,1000.0
100,1.3125,0.75,1000.0
100,1.3125,0.7875,1000.0
100,1.3125,0.825,1000.0
100,1.3125,0.8625,1000.0
100,1.3125,0.9,1000.0
100,1.3125,0.9375,1000.0
100,1.3125,0.975,1000.0
100,1.3125,1.0125,1000.0
100,1.3125,1.05,1000.0
100,1.3125,1.0875,1000.0
100,1.3125,1.125,1000.0
100,1.3125,1.1625,1000.0
100,1.3125,1.2,1000.0
100,1.3125,1.2375,1000.0
100,1.3125,1.275,1000.0
100,1.3125,1.3125,1000.0
100,1.3125,1.35,1000.0
100,1.3125,1.3875,1000.0
100,1.3125,1.425,1000.0
100,1.3125,1.4625,1000.0
100,1.3125,1.5,1000.0
100,1.35,-1.5,2.3551548455473146
100,1.35,-1.4625,2.371979863344309
100,1.35,-1.425,2.3896889466425892
100,1.35,-1.3875,2.4083450116286125
100,1.35,-1.35,2.4280168549062116
100,1.35,-1.3125,2.4487798456242897
100,1.35,-1.275,2.470716716836966
100,1.35,-1.2375,2.4939184729515613
100,1.35,-1.2,2.5184854334691584
100,1.35,-1.1625,2.5445284373378905
100,1.35,-1.125,2.5721702373181845
100,1.35,-1.0875,2.601547120058934
100,1.35,-1.05,2.6328107954377016
100,1.35,-1.0125,2.66613060856386
100,1.35,-0.975,2.7016961402573187
100,1.35,-0.9375,2.7397202775622116
100,1.35,-0.9,2.7804428559575096
100,1.35,-0.8625,2.824135000764103
100,1.35,-0.825,2.8711043286937334
100,1.35,-0.7875,2.9217012141085625
100,1.35,-0.75,2.9763263819156456
100,1.35,-0.7125,3.0354401650755793
100,1.35,-0.675,3.0995738664745427
100,1.35,-0.6375,3.1693438024122678
100,1.35,-0.6,3.2454687926743833
100,1.35,-0.5625,3.328792121281171
100,1.35,-0.525,3.420309353991629
100,1.35,-0.4875,3.521203910866827
100,1.35,-0.45,3.6328930271587803
100,1.35,-0.4125,3.7570878063648148
100,1.35,-0.375,3.895872654528524
100,1.35,-0.3375,4.051811774679793
100,1.35,-0.3,4.228094074661043
100,1.35,-0.2625,4.4287336149263705
100,1.35,-0.225,4.658852015258805
100,1.35,-0.1875,4.9250846025845805
100,1.35,-0.15,5.236178259551868
100,1.35,-0.1125,5.603895084519272
100,1.35,-0.075,6.044420566400005
100,1.35,-0.0375,6.58063714783649
100,1.35,0.0,7.245951651067838
100,1.35,0.0375,8.091069148320358
100,1.35,0.075,9.196736561745587
100,1.35,0.1125,10.699620193273278
100,1.35,0.15,12.850300181257339
100,1.35,0.1875,16.16173359788201
100,1.35,0.225,21.869464452405666
100,1.35,0.2625,33.87022453242334
100,1.35,0.3,73.91366154119613
100,1.35,0.3375,1000.0
100,1.35,0.375,1000.0
100,1.35,0.4125,1000.0
100,1.35,0.45,1000.0
100,1.35,0.4875,1000.0
100,1.35,0.525,1000.0
100,1.35,0.5625,1000.0
100,1.35,0.6,1000.0
100,1.35,0.6375,1000.0
100,1.35,0.675,1000.0
100,1.35,0.7125,1000.0
100,1.35,0.75,1000.0
100,1.35,0.7875,1000.0
100,1.35,0.825,1000.0
100,1.35,0.8625,1000.0
100,1.35,0.9,1000.0
100,1.35,0.9375,1000.0
100,1.35,0.975,1000.0
100,1.35,1.0125,1000.0
100,1.35,1.05,1000.0
100,1.35,1.0875,1000.0
100,1.35,1.125,1000.0
100,1.35,1.1625,1000.0
100,1.35,1.2,1000.0
100,1.35,1.2375,1000.0
100,1.35,1.275,1000.0
100,1.35,1.3125,1000.0
100,1.35,1.35,1000.0
100,1.35,1.3875,1000.0
100,1.35,1.425,1000.0
100,1.35,1.4625,1000.0
100,1.35,1.5,1000.0
100,1.3875,-1.5,2.3750181570125335
100,1.3875,-1.4625,2.3924671239578816
100,1.3875,-1.425,2.410829885166256
100,1.3875,-1.3875,2.4301714109787036
100,1.3875,-1.35,2.4505627418393954
100,1.3875,-1.3125,2.472081702600359
100,1.3875,-1.275,2.494813719211874
100,1.3875,-1.2375,2.5188527551894393
100,1.3875,-1.2,2.544302388704065
100,1.3875,-1.1625,2.5712770553881366
100,1.3875,-1.125,2.5999034871891182
100,1.3875,-1.0875,2.6303223841020658
100,1.3875,-1.05,2.66269036371457
100,1.3875,-1.0125,2.6971822436543453
100,1.3875,-0.975,2.733993724835678
100,1.3875,-0.9375,2.7733445596447925
100,1.3875,-0.9,2.815482309941392
100,1.3875,-0.8625,2.8606868264064427
100,1.3875,-0.825,2.9092756152672012
100,1.3875,-0.7875,2.961610303429677
100,1.3875,-0.75,3.018104472212145
100,1.3875,-0.7125,3.0792332083253284
100,1.3875,-0.675,3.145544825720803
100,1.3875,-0.6375,3.21767535376302
100,1.3875,-0.6,3.296366580805667
100,1.3875,-0.5625,3.3824887095318945
100,1.3875,-0.525,3.4770690537927145
100,1.3875,-0.4875,3.5813287350120953
100,1.3875,-0.45,3.696730094295736
100,1.3875,-0.4125,3.8250386405995354
100,1.3875,-0.375,3.9684049903581786
100,1.3875,-0.3375,4.129474718839667
100,1.3875,-0.3,4.311537833203678
100,1.3875,-0.2625,4.5187355317738
100,1.3875,-0.225,4.7563514979293
100,1.3875,-0.1875,5.0312308220952575
100,1.3875,-0.15,5.352396643531871
100,1.3875,-0.1125,5.731982201073804
100,1.3875,-0.075,6.186683225218342
100,1.3875,-0.0375,6.740102853417861
100,1.3875,0.0,7.426699109027932
100,1.3875,0.0375,8.298771131684031
100,1.3875,0.075,9.439602078726907
100,1.3875,0.1125,10.990147075062056
100,1.3875,0.15,13.208843022854762
100,1.3875,0.1875,16.624716799337776
100,1.3875,0.225,22.51198859819098
100,1.3875,0.2625,34.88928764348095
100,1.3875,0.3,76.18642730945894
100,1.3875,0.3375,1000.0
100,1.3875,0.375,1000.0
100,1.3875,0.4125,1000.0
100,1.3875,0.45,1000.0
100,1.3875,0.4875,1000.0
100,1.3875,0.525,1000.0
100,1.3875,0.5625,1000.0
100,1.3875,0.6,1000.0
100,1.3875,0.6375,1000.0
100,1.3875,0.675,1000.0
100,1.3875,0.7125,1000.0
100,1.3875,0.75,1000.0
100,1.3875,0.7875,1000.0
100,1.3875,0.825,1000.0
100,1.3875,0.8625,1000.0
100,1.3875,0.9,1000.0
100,1.3875,0.9375,1000.0
100,1.3875,0.975,1000.0
100,1.3875,1.0125,1000.0
100,1.3875,1.05,1000.0
100,1.3875,1.0875,1000.0
100,1.3875,1.125,1000.0
100,1.3875,1.1625,1000.0
100,1.3875,1.2,1000.0
100,1.3875,1.2375,1000.0
100,1.3875,1.275,1000.0
100,1.3875,1.3125,1000.0
100,1.3875,1.35,1000.0
100,1.3875,1.3875,1000.0
100,1.3875,1.425,1000.0
100,1.3875,1.4625,1000.0
100,1.3875,1.5,1000.0
100,1.425,-1.5,2.395138906306101
100,1.425,-1.4625,2.413216352101548
100,1.425,-1.425,2.4322374840009777
100,1.425,-1.3875,2.45226933570588
100,1.425,-1.35,2.4733852014313804
100,1.425,-1.3125,2.495665372459561
100,1.425,-1.275,2.5191979792407317
100,1.425,-1.2375,2.5440799569705788
100,1.425,-1.2,2.57041815613348
100,1.425,-1.1625,2.5983306238783923
100,1.425,-1.125,2.627948087494695
100,1.425,-1.0875,2.6594156779539033
100,1.425,-1.05,2.6928949398342503
100,1.425,-1.0125,2.728566184413817
100,1.425,-0.975,2.766631255916391
100,1.425,-0.9375,2.80731679763654
100,1.425,-0.9,2.8508781260431637
100,1.425,-0.8625,2.897603848430493
100,1.425,-0.825,2.9478213952435577
100,1.425,-0.7875,3.0019036845821856
100,1.425,-0.75,3.060277197362601
100,1.425,-0.7125,3.123431822468255
100,1.425,-0.675,3.1919329394089764
100,1.425,-0.6375,3.2664363521783724
100,1.425,-0.6,3.347706887543545
100,1.425,-0.5625,3.436641746446586
100,1.425,-0.525,3.5343000819763493
100,1.425,-0.4875,3.6419408218341
100,1.425,-0.45,3.7610715344206036
100,1.425,-0.4125,3.8935122755783227
100,1.425,-0.375,4.04148003792777
100,1.425,-0.3375,4.207701964739419
100,1.425,-0.3,4.3955693954713455
100,1.425,-0.2625,4.609350946004067
100,1.425,-0.225,4.854492702298931
100,1.425,-0.1875,5.138049933520351
100,1.425,-0.15,5.469322550239899
100,1.425,-0.1125,5.860815578250451
100,1.425,-0.075,6.329735813816223
100,1.425,-0.0375,6.9004081577260505
100,1.425,0.0,7.608343246311159
100,1.425,0.0375,8.50743619244131
100,1.425,0.075,9.683509022967103
100,1.425,0.1125,11.281809419148168
100,1.425,0.15,13.568636455028816
100,1.425,0.1875,17.089094657262244
100,1.425,0.225,23.15609058412454
100,1.425,0.2625,35.91015098841099
100,1.425,0.3,78.4610302520687
100,1.425,0.3375,1000.0
100,1.425,0.375,1000.0
100,1.425,0.4125,1000.0
100,1.425,0.45,1000.0
100,1.425,0.4875,1000.0
100,1.425,0.525,1000.0
100,1.425,0.5625,1000.0
100,1.425,0.6,1000.0
100,1.425,0.6375,1000.0
100,1.425,0.675,1000.0
100,1.425,0.7125,1000.0
100,1.425,0.75,1000.0
100,1.425,0.7875,1000.0
100,1.425,0.825,1000.0
100,1.425,0.8625,1000.0
100,1.425,0.9,1000.0
100,1.425,0.9375,1000.0
100,1.425,0.975,1000.0
100,1.425,1.0125,1000.0
100,1.425,1.05,1000.0
100,1.425,1.0875,1000.0
100,1.425,1.125,1000.0
100,1.425,1.1625,1000.0
100,1.425,1.2,1000.0
100,1.425,1.2375,1000.0
100,1.425,1.275,1000.0
100,1.425,1.3125,1000.0
100,1.425,1.35,1000.0
100,1.425,1.3875,1000.0
100,1.425,1.425,1000.0
100,1.425,1.4625,1000.0
100,1.425,1.5,1000.0
100,1.4625,-1.5,2.4155105496332845
100,1.4625,-1.4625,2.434220843339187
100,1.4625,-1.425,2.4539048713826803
100,1.4625,-1.3875,2.474631739625736
100,1.4625,-1.35,2.4964770055456795
100,1.4625,-1.3125,2.519523437105196
100,1.4625,-1.275,2.5438618803412063
100,1.4625,-1.2375,2.569592254138994
100,1.4625,-1.2,2.596824694326884
100,1.4625,-1.1625,2.625680873733887
100,1.4625,-1.125,2.6562955304150337
100,1.4625,-1.0875,2.6888182431476233
100,1.4625,-1.05,2.7234155019020663
100,1.4625,-1.0125,2.7602731317718123
100,1.4625,-0.975,2.7995991424391717
100,1.4625,-0.9375,2.841627092495075
100,1.4625,-0.9,2.886620079940645
100,1.4625,-0.8625,2.9348754984863854
100,1.4625,-0.825,2.9867307358816397
100,1.4625,-0.7875,3.0425700382646506
100,1.4625,-0.75,3.1028328273125036
100,1.4625,-0.7125,3.168023840227695
100,1.4625,-0.675,3.238725574001684
100,1.4625,-0.6375,3.3156136659102975
100,1.4625,-0.6,3.3994760476671106
100,1.4625,-0.5625,3.491236994284507
100,1.4625,-0.525,3.5919875848904974
100,1.4625,-0.4875,3.703024653365943
100,1.4625,-0.45,3.825901111035031
100,1.4625,-0.4125,3.962491695273877
100,1.4625,-0.375,4.1150799327244
100,1.4625,-0.3375,4.286474721018755
100,1.4625,-0.3,4.480168953699679
100,1.4625,-0.2625,4.700558930460649
100,1.4625,-0.225,4.953253462576845
100,1.4625,-0.1875,5.245518393336882
100,1.4625,-0.15,5.586930894818325
100,1.4625,-0.1125,5.9903683956740625
100,1.4625,-0.075,6.473549543495971
100,1.4625,-0.0375,7.061522021534267
100,1.4625,0.0,7.790850426944153
100,1.4625,0.0375,8.717027667719947
100,1.4625,0.075,9.928417163628378
100,1.4625,0.1125,11.574562739866764
100,1.4625,0.15,13.929630867673898
100,1.4625,0.1875,17.554811386413892
100,1.4625,0.225,23.801707491815392
100,1.4625,0.2625,36.93274581043371
100,1.4625,0.3,80.73742347594036
100,1.4625,0.3375,1000.0
100,1.4625,0.375,1000.0
100,1.4625,0.4125,1000.0
100,1.4625,0.45,1000.0
100,1.4625,0.4875,1000.0
100,1.4625,0.525,1000.0
100,1.4625,0.5625,1000.0
100,1.4625,0.6,1000.0
100,1.4625,0.6375,1000.0
100,1.4625,0.675,1000.0
100,1.4625,0.7125,1000.0
100,1.4625,0.75,1000.0
100,1.4625,0.7875,1000.0
100,1.4625,0.825,1000.0
100,1.4625,0.8625,1000.0
100,1.4625,0.9,1000.0
100,1.4625,0.9375,1000.0
100,1.4625,0.975,1000.0
100,1.4625,1.0125,1000.0
100,1.4625,1.05,1000.0
100,1.4625,1.0875,1000.0
100,1.4625,1.125,1000.0
100,1.4625,1.1625,1000.0
100,1.4625,1.2,1000.0
100,1.4625,1.2375,1000.0
100,1.4625,1.275,1000.0
100,1.4625,1.3125,1000.0
100,1.4625,1.35,1000.0
100,1.4625,1.3875,1000.0
100,1.4625,1.425,1000.0
100,1.4625,1.4625,1000.0
100,1.4625,1.5,1000.0
100,1.5,-1.5,2.4361267672667024
100,1.5,-1.4625,2.4554741250456105
100,1.5,-1.425,2.4758254154831003
100,1.5,-1.3875,2.4972518250213964
100,1.5,-1.35,2.519831183479691
100,1.5,-1.3125,2.543648745305692
100,1.5,-1.275,2.56879808272526
100,1.5,-1.2375,2.595382109796157
100,1.5,-1.2,2.623514260147872
100,1.5,-1.1625,2.6533198458275007
100,1.5,-1.125,2.684937630395891
100,1.5,-1.0875,2.7185216565170163
100,1.5,-1.05,2.754243377133759
100,1.5,-1.0125,2.792294150416968
100,1.5,-0.975,2.8328881726613337
100,1.5,-0.9375,2.876265941042828
100,1.5,-0.9,2.9226983608002817
100,1.5,-0.8625,2.9724916405113637
100,1.5,-0.825,3.0259931568105953
100,1.5,-0.7875,3.0835985190373623
100,1.5,-0.75,3.14576012890798
100,1.5,-0.7125,3.2129976159715152
100,1.5,-0.675,3.285910644233772
100,1.5,-0.6375,3.365194740198113
100,1.5,-0.6,3.4516610039783604
100,1.5,-0.5625,3.546260856951535
100,1.5,-0.525,3.650117387050482
100,1.5,-0.4875,3.764565429584247
100,1.5,-0.45,3.8912033490334115
100,1.5,-0.4125,4.031960692663631
100,1.5,-0.375,4.189187671592262
100,1.5,-0.3375,4.3657751154529905
100,1.5,-0.3,4.565317683284081
100,1.5,-0.2625,4.792339612403844
100,1.5,-0.225,5.052612747077477
100,1.5,-0.1875,5.353613881714673
100,1.5,-0.15,5.705197917402699
100,1.5,-0.1125,6.120615273239066
100,1.5,-0.075,6.618097197933417
100,1.5,-0.0375,7.223415130547876
100,1.5,0.0,7.974188917548014
100,1.5,0.0375,8.92751100598542
100,1.5,0.075,10.174288628650576
100,1.5,0.1125,11.868365205761782
100,1.5,0.15,14.291779657917456
100,1.5,0.1875,18.02181462161326
100,1.5,0.225,24.44878025164409
100,1.5,0.2625,37.9570073175045
100,1.5,0.3,83.01556054336919
100,1.5,0.3375,1000.0
100,1.5,0.375,1000.0
100,1.5,0.4125,1000.0
100,1.5,0.45,1000.0
100,1.5,0.4875,1000.0
100,1.5,0.525,1000.0
100,1.5,0.5625,1000.0
100,1.5,0.6,1000.0
100,1.5,0.6375,1000.0
100,1.5,0.675,1000.0
100,1.5,0.7125,1000.0
100,1.5,0.75,1000.0
100,1.5,0.7875,1000.0
100,1.5,0.825,1000.0
100,1.5,0.8625,1000.0
100,1.5,0.9,1000.0
100,1.5,0.9375,1000.0
100,1.5,0.975,1000.0
100,1.5,1.0125,1000.0
100,1.5,1.05,1000.0
100,1.5,1.0875,1000.0
100,1.5,1.125,1000.0
100,1.5,1.1625,1000.0
100,1.5,1.2,1000.0
100,1.5,1.2375,1000.0
100,1.5,1.275,1000.0
100,1.5,1.3125,1000.0
100,1.5,1.35,1000.0
100,1.5,1.3875,1000.0
100,1.5,1.425,1000.0
100,1.5,1.4625,1000.0
100,1.5,1.5,1000.0
